lna,a,A,omega,h,h2
-6.907755278982137,0.0010000000000000002,0.9999632048006387,-1.1134886839839298,20174.528259369916,407011590.4881153
-6.904762513749248,0.0010029972480256248,0.9999630398966,-1.1052670826950914,20077.38185677706,403101262.2228407
-6.90176974734645,0.0010060034807239096,0.9999628748705846,-1.1050084822801574,19980.718841261423,399229125.41353923
-6.898776979776409,0.0010090187250285118,0.9999627084485616,-1.1123081239237251,19884.536704825812,395394799.96556497
-6.895784211041502,0.0010120430079541148,0.99996254003459,-1.1193077405547753,19788.83295317776,391597909.648774
-6.892791441143369,0.0010150763565971324,0.9999623702781621,-1.118755265541923,19693.60511506384,387838082.4280687
-6.889798670083205,0.0010181187981356604,0.9999622003921796,-1.1110993371881626,19598.850736879045,384114950.2064643
-6.886805897862487,0.0010211703598289876,0.9999620309385685,-1.1037223187489085,19504.567373311143,380428148.4200336
-6.8838131244833995,0.0010242310690174018,0.9999618612924962,-1.103448298956658,19410.752583266534,376777315.84878844
-6.88082034994855,0.0010273009531227108,0.9999616902847509,-1.1099338602420086,19317.403934741014,373162094.7779476
-6.877827574260289,0.0010303800396491874,0.9999615173542018,-1.1163001150867253,19224.519013444544,369582131.2982908
-6.874834797420295,0.0010334683561842451,0.9999613430723213,-1.1160487395702376,19132.095426596763,366037075.4124048
-6.871842019429827,0.0010365659303984366,0.9999611685537863,-1.1093006890303196,19040.13079836894,362526580.81899744
-6.868849240290373,0.00103967279004503,0.9999609943615564,-1.1024044734416933,18948.622761646962,359050304.56320536
-6.865856460004063,0.00104278896295983,0.9999608199775398,-1.1016100621614857,18857.568954097587,355607906.8585452
-6.862863678573446,0.001045914477061643,0.9999606443264454,-1.1071183992148412,18766.96702203983,352199051.2063305
-6.8598708960008805,0.0010490493603531653,0.9999604668157371,-1.1131377870070858,18676.814628035052,348823404.6499841
-6.85687811228812,0.0010521936409216702,0.9999602878832821,-1.1136110068365324,18587.10945476867,345480637.8835509
-6.85388532743649,0.001055347346939084,0.9999601085496165,-1.1079405767241572,18497.849201642188,342170425.08669454
-6.850892541447464,0.0010585105066616353,0.9999599294328257,-1.1013278524505539,18409.031577530684,338892443.6225219
-6.847899754323079,0.0010616831484296626,0.9999597501733882,-1.099664914981333,18320.654296604665,335646373.855699
-6.844906966065815,0.0010648653006679904,0.9999595697953395,-1.1040049964565253,18232.715080931506,332431899.2224272
-6.84191417667806,0.0010680569918867476,0.9999593876337998,-1.1097759183395153,18145.21166708103,329248706.44317347
-6.838921386161675,0.0010712582506820882,0.9999592039439216,-1.1112466259547331,18058.141810362096,326096485.64314765
-6.835928594518066,0.0010744691057363823,0.9999590196352903,-1.1068723136137242,17971.503282797978,322974930.2436185
-6.832935801748674,0.0010776895858179484,0.9999588354075131,-1.1005505078371962,17885.29386690883,319883736.70568657
-6.829943007855419,0.0010809197197808322,0.9999586511059042,-1.0978262346820045,17799.51135113619,316822604.339226
-6.826950212840692,0.0010841595365650677,0.9999584658831611,-1.1007530538415982,17714.15353097579,313791235.318982
-6.823957416706909,0.0010874090651974116,0.9999582789919292,-1.1061571968024477,17629.218214486835,310789334.85399437
-6.820964619456062,0.0010906683347920942,0.999958090462491,-1.1087275046124732,17544.70322691816,307816611.3206326
-6.817971821089662,0.0010939373745511467,0.9999579010513993,-1.1059110759099495,17460.606410225264,304872776.2127996
-6.814979021609131,0.0010972162137642455,0.9999577115316904,-1.1001100950912028,17376.925618064906,301957543.93576044
-6.811986221016252,0.0011005048818084754,0.9999575219890414,-1.0963273121292731,17293.6587109075,299070631.60934687
-6.808993419313289,0.0011038034081484573,0.9999573317587149,-1.097579818804559,17210.8035555968,296211759.0293435
-6.8060006165026685,0.0011071118223369588,0.9999571400391607,-1.1022795000372732,17128.358029512587,293380648.7871683
-6.803007812586521,0.0011104301540156606,0.9999569466105348,-1.1058244914110618,17046.32002537765,290577026.40759104
-6.800015007566502,0.0011137584329156288,0.9999567520128722,-1.1047999232090226,16964.68745234887,287800620.3558832
-6.797022201444045,0.0011170966888573092,0.9999565570426209,-1.099953063981241,16883.458232517412,285051161.88916
-6.794029394220795,0.0011204449517503061,0.9999563620361438,-1.0953750965753313,16802.630296039817,282328384.8653951
-6.791036585898853,0.001123803251593378,0.9999561665804115,-1.094779956355692,16722.201579186392,279632025.6549439
-6.788043776480605,0.0011271716184748887,0.999955969892111,-1.0982673524957367,16642.170026848282,276961823.20252734
-6.785050965968308,0.0011305500825735406,0.9999557715111912,-1.1023721759187894,16562.533597079266,274317519.1543794
-6.782058154363797,0.0011339386741589786,0.9999555716920197,-1.103212159452095,16483.290263579063,271698857.91340035
-6.779065341668574,0.0011373374235919688,0.9999553711604662,-1.099867959624251,16404.438013988678,269105586.5547968
-6.776072527884177,0.0011407463613242544,0.9999551704680036,-1.0950654252649747,16325.974845586254,266537454.6587151
-6.773079713012513,0.001144165517898446,0.999954969514877,-1.0926932967588225,16247.898762146478,263994214.18496108
-6.77008689705586,0.0011475949239482886,0.9999547676485148,-1.0944251696718645,16170.207774565339,261475619.47261333
-6.767094080016551,0.0011510346101992908,0.9999545642346769,-1.0983714049690616,16092.899904516324,258981427.3367815
-6.764101261896618,0.001154484607469413,0.9999543591971966,-1.1008206415082336,16015.973187847354,256511397.15384534
-6.761108442697704,0.0011579449466694496,0.999954153066165,-1.0994576592550078,15939.425674787688,254065290.84208095
-6.758115622421307,0.0011614156588030285,0.9999539465086723,-1.0952700256885863,15863.255426862985,251642872.73789793
-6.755122801069138,0.0011648967749664718,0.9999537397561529,-1.0915937266899778,15787.46051320413,249243909.45597965
-6.752129978643299,0.0011683883263488707,0.9999535324155556,-1.091224992453721,15712.039009331687,246868169.83076066
-6.749137155146112,0.0011718903442325492,0.9999533238116454,-1.0940995537715543,15636.988999291592,244515424.96396628
-6.746144330579779,0.0011754028599937475,0.9999531135569828,-1.097450474435405,15562.308579179175,242185448.31359375
-6.743151504946145,0.001178925905103179,0.9999529018658289,-1.0982068243724972,15487.99585901414,239878015.72883913
-6.740158678246766,0.0011824595111262404,0.999952689357953,-1.0955488367940285,15414.048961424805,237592905.38520113
-6.737165850483218,0.0011860037097229368,0.9999524765307778,-1.0915027275211822,15340.466018305873,235329897.65879726
-6.734173021657375,0.001189558532647827,0.9999522633468804,-1.089170877947624,15267.245168237265,233088775.0270641
-6.731180191771439,0.0011931240117502714,0.9999520492736352,-1.0901500981313124,15194.384556709218,230869322.05716357
-6.7281873608276985,0.0011967001789750008,0.9999518337288915,-1.0932812999112334,15121.882338817462,228671325.4690395
-6.725194528828218,0.0012002870663627729,0.999951616555509,-1.0956918134817717,15049.736682090399,226494574.20025733
-6.722201695774721,0.0012038847060508021,0.9999513981364383,-1.0951872669138363,14977.945767099594,224338859.40217665
-6.719208861668752,0.0012074931302728604,0.9999511790673558,-1.0920012037920506,14906.50778539765,222203974.35612077
-6.716216026511983,0.0012111123713592004,0.9999509596653985,-1.0885201549994907,14835.420936506252,220089714.36332804
-6.7132231903064,0.0012147424617366088,0.9999507397156924,-1.087291497362679,14764.683426369735,217995876.6809171
-6.710230353054242,0.001218383433928773,0.9999505186526725,-1.0889803204742807,14694.293468416026,215922260.53593388
-6.70723751475773,0.0012220353205568953,0.9999502960180225,-1.091905766172776,14624.249286236809,213868667.1859978
-6.7042446754188205,0.0012256981543402876,0.9999500718211003,-1.09345890223531,14554.549115650403,211834899.95987993
-6.701251835039175,0.0012293719680967093,0.9999498465175404,-1.0922005303983071,14485.191204491462,209820764.23067683
-6.698258993620362,0.0012330567947424135,0.9999496206341417,-1.0889550503008267,14416.173810336646,207826067.32983622
-6.695266151164132,0.001236752667292108,0.9999493943470628,-1.0860829682471005,14347.495197994322,205850618.45647013
-6.692273307672535,0.0012404596188590998,0.999949167347099,-1.0855786717394598,14279.15363869624,203894228.63749206
-6.689280463147804,0.0012441776826557292,0.999948939089525,-1.0875269369360834,14211.147411520538,201956710.7519669
-6.686287617592097,0.0012479068919939902,0.9999487092219304,-1.0901034050465317,14143.474805814065,200037879.5826972
-6.683294771007302,0.0012516472802860709,0.9999484778512892,-1.091054647096656,14076.134122656416,198137551.83901232
-6.680301923395055,0.001255398881044637,0.9999482454472907,-1.0894531169632704,14009.123674227718,196255546.1198075
-6.6773090747569555,0.0012591617278828644,0.999948012467219,-1.0863647419943188,13942.441781606616,194391682.83348987
-6.6743162250948025,0.0012629358545144442,0.9999477789998042,-1.0839627141577677,13876.08677270941,192545784.12376106
-6.671323374410671,0.0012667212947537832,0.9999475447012944,-1.0838292643144478,13810.056981905542,190717673.843478
-6.668330522706773,0.0012705180825164765,0.9999473090644038,-1.0857716088281728,13744.350751503162,188907177.5803455
-6.665337669985221,0.001274326251819915,0.9999470718054263,-1.0880290284761536,13678.966433870106,187114122.69894505
-6.662344816247867,0.0012781458367837938,0.9999468330716937,-1.0886574663962174,13613.902392522445,185338338.35312834
-6.659351961496345,0.0012819768716303668,0.9999465933171645,-1.087000018510844,13549.15700135989,183579655.44749972
-6.656359105732276,0.0012858193906844985,0.9999463529494793,-1.084135816823605,13484.72864265364,181837906.56600347
-6.6533662489574805,0.0012896734283736977,0.9999461120205512,-1.0820138443945877,13420.615705304737,180112925.90947217
-6.650373391174028,0.0012935390192283511,0.9999458701914572,-1.081971294563016,13356.816584627653,178404549.27538434
-6.6473805323841075,0.0012974161978822052,0.9999456269901833,-1.083761586273422,13293.32968372975,176712614.0803305
-6.644387672589804,0.001301304999072957,0.9999453821621761,-1.085790358222056,13230.153415371204,175036959.39425832
-6.641394811792962,0.0013052054576427525,0.9999451358510419,-1.0863363698936672,13167.286202878513,173377425.94851485
-6.638401949995226,0.001309117608538443,0.9999448884805063,-1.0848200971127773,13104.726479438867,171733856.1009062
-6.635409087198227,0.0013130414868116626,0.9999446404328929,-1.0821892659518626,13042.472686316654,170106093.77331597
-6.63241622340378,0.0013169771276188846,0.9999443917657516,-1.080176287884568,12980.523271301221,168493984.39679256
-6.62942335861393,0.001320924566221663,0.9999441421727823,-1.0800132174153567,12918.876688474444,166897374.8920084
-6.626430492830838,0.001324883837987102,0.9999438912107793,-1.0815565442681214,12857.531399386275,165316113.686204
-6.623437626056584,0.0013288549783884332,0.9999436386205321,-1.0834366795340444,12796.485874705288,163750050.74153194
-6.620444758293027,0.0013328380230055168,0.9999433845069439,-1.084083422145037,12735.738595105355,162199037.5628561
-6.617451889541829,0.0013368330075251335,0.9999431292523654,-1.082857317909903,12675.288050746332,160662927.16939276
-6.614459019804625,0.0013408399677410836,0.9999428732327094,-1.0804749149430029,12615.132739738803,159141574.04122984
-6.611466149083199,0.0013448589395542688,0.999942616544915,-1.0784541038895223,12555.271166691131,157634834.06914568
-6.608473277379556,0.001348889958972916,0.9999423589397649,-1.078012192878957,12495.701842336908,156142564.532582
-6.605480404695827,0.001352933062113019,0.9999421000021848,-1.0792165774648284,12436.423284436592,154664624.10967663
-6.602487531034098,0.0013569882851988985,0.9999418394446894,-1.080975314137377,12377.43401924214,153200872.90069264
-6.599494656396258,0.0013610556645637267,0.9999415773039265,-1.0818406922697033,12318.732582445104,151751172.43779463
-6.5965017807840045,0.001365135236649858,0.9999413139047845,-1.0810319594687055,12260.317518932463,150315385.66504225
-6.593508904198969,0.0013692270380089796,0.9999410496234867,-1.078956526782401,12202.187381532325,148893376.8940267
-6.590516026642892,0.0013733311053022031,0.9999407846204114,-1.0768883886644722,12144.340729627582,147485011.75729138
-6.587523148117719,0.0013774474753002622,0.9999405187291763,-1.0760597467899682,12086.776128572077,146090157.1822198
-6.584530268625544,0.0013815761848839075,0.999940251574597,-1.0768144250995915,12029.492150255226,144708681.3930521
-6.581537388168457,0.0013857172710444532,0.9999399828319812,-1.0784011418400585,11972.487374357579,143340453.92915162
-6.578544506748397,0.0013898707708843098,0.9999397124456876,-1.0795225685690892,11915.760389385001,141985345.65723658
-6.575551624367106,0.001394036721617381,0.9999394406582774,-1.0792363349971028,11859.309792754806,140643228.76053005
-6.572558741026224,0.0013982151605692746,0.9999391678354145,-1.07758260924836,11803.134189880435,139313976.70432448
-6.569565856727445,0.0014024061251774135,0.9999388942110752,-1.0755248976575607,11747.232192881938,137997464.1934818
-6.566572971472636,0.001406609652991207,0.9999386197278503,-1.074271307228866,11691.602419778208,136693567.14216366
-6.563580085263835,0.001410825781672386,0.9999383440776152,-1.0744562185097872,11636.24349466012,135402162.66701996
-6.560587198103129,0.0014150545489955057,0.9999380669098951,-1.0757348532886601,11581.154048667262,134123129.09896211
-6.557594309992509,0.0014192959928484956,0.9999377880638384,-1.0770445324775135,11526.332721061886,132856345.9966219
-6.554601420933782,0.0014235501512331178,0.9999375076682518,-1.0773330154604737,11471.778159655752,131601694.14435472
-6.551608530928615,0.0014278170622652564,0.9999372260466096,-1.076253807921446,11417.48902030282,130359055.52873547
-6.548615639978665,0.00143209676417507,0.9999369434951703,-1.0743715728388992,11363.463965799518,129128313.3020241
-6.545622748085712,0.0014363892953071454,0.9999366600841065,-1.0727622010957418,11309.701664910452,127909351.74927825
-6.542629855251712,0.0014406946941207662,0.999936375611897,-1.0722929663146958,11256.200792128575,126702056.27271596
-6.539636961478725,0.001445012999190349,0.9999360897388471,-1.073064281029776,11202.960028275505,125506313.39513871
-6.536644066768783,0.0014493442492059844,0.9999358022078328,-1.0743690868773874,11149.97806149765,124322010.77187888
-6.533651171123774,0.0014536884829739537,0.9999355130063163,-1.0751759413422752,11097.253587973832,123149037.19579808
-6.53065827454542,0.0014580457394171038,0.9999352223660971,-1.0748039640821911,11044.785311862697,121987282.58513798
-6.527665377035368,0.0014624160575750773,0.9999349306052021,-1.0733486722285481,10992.571944525575,120836637.95557077
-6.52467247859532,0.0014667994766044655,0.9999346379178213,-1.0715960549871346,10940.612203523671,119696995.38789108
-6.521679579227125,0.0014711960357790233,0.9999343442483546,-1.0704997547751065,10888.904812014138,118568248.00510465
-6.518686678932779,0.0014756057744900214,0.9999340493278408,-1.0705703819081718,10837.448498891921,117450289.96613476
-6.515693777714326,0.0014800287322467417,0.9999337528453601,-1.0715666550408274,10786.241999538446,116343016.47260714
-6.512700875573728,0.0014844649486770176,0.9999334546422097,-1.0726713054842134,10735.284056660228,115246323.77718328
-6.509707972512795,0.0014889144635277028,0.9999331548055622,-1.0730224647284416,10684.57342066361,114160109.18155128
-6.506715068533207,0.0014933773166649947,0.9999328536052379,-1.0722541840143358,10634.108849323531,113084271.01926103
-6.503722163636616,0.0014978535480746397,0.9999325513173172,-1.070708738556336,10583.889106954763,112018708.62831569
-6.500729257824764,0.001502343197862116,0.9999322480477485,-1.069201684159258,10533.91296359621,110963322.3246203
-6.497736351099541,0.001506846306252905,0.9999319436657575,-1.0685024604052065,10484.17919469129,109918013.38639772
-6.4947434434629505,0.0015113629135929004,0.9999316378855205,-1.0688617029560112,10434.686581423035,108882684.05252995
-6.491750534916999,0.0015158930603489306,0.99993133044182,-1.0698737058450383,10385.43391145379,107857237.52917439
-6.488757625463594,0.0015204367871092825,0.9999310212491298,-1.0707452508096236,10336.419979580438,106841577.99426965
-6.485764715104496,0.0015249941345841353,0.9999307104469678,-1.0707912251710623,10287.643587886567,105835610.59138359
-6.482771803841365,0.0015295651436058602,0.9999303983067181,-1.0698471904535525,10239.103545294607,104839241.4112646
-6.4797788916758625,0.0015341498551292283,0.9999300850602135,-1.0683524550462251,10190.798666789278,103852377.46703413
-6.476785978609756,0.001538748310231624,0.9999297707560583,-1.067066370084153,10142.727772771514,102874926.67255059
-6.4737930646449495,0.0015433605501133571,0.9999294552297923,-1.066602422588291,10094.889688907042,101906797.83120172
-6.470800149783432,0.0015479866160981084,0.9999291382029419,-1.0670658688173205,10047.283246523264,100947900.63586706
-6.4678072340271795,0.0015526265496334562,0.9999288194482666,-1.0680068961698672,9999.907283278377,99998145.67416392
-6.464814317378057,0.0015572803922913924,0.9999284989207743,-1.0687050177176856,9952.760643675818,99057444.43030228
-6.461821399837798,0.0015619481857687342,0.9999281767773754,-1.0686036903420864,9905.842179103993,98125709.27731574
-6.458828481408055,0.0015666299718874227,0.9999278532763547,-1.0676331397184216,9859.150747374428,97202853.45945373
-6.4558355620904955,0.0015713257925947463,0.9999275286191249,-1.0662361102830724,9812.685212027509,96288791.07034336
-6.452842641886891,0.0015760356899635747,0.9999272028288841,-1.0650929509151035,9766.444441801725,95383437.0347998
-6.449849720799137,0.0015807597061927034,0.9999268757363877,-1.0647178360999878,9720.427310551528,94486707.09971601
-6.446856798829203,0.0015854978836073112,0.9999265470784273,-1.0651654824265264,9674.632697627903,93598517.83401096
-6.443863875979037,0.0015902502646594826,0.9999262166488478,-1.0660137671315357,9629.05948846667,92718786.63243
-6.440870952250485,0.0015950168919287233,0.999925884413205,-1.0666217240672122,9583.706575019238,91847431.71606697
-6.437878027645269,0.0015997978081223748,0.9999255505217389,-1.066504236490974,9538.572855764893,90984372.12473482
-6.434885102165035,0.001604593056075925,0.9999252152157702,-1.065604591638893,9493.657235293442,90129527.70123951
-6.4318921758114485,0.0016094026787532418,0.9999248786838848,-1.0643134901294273,9448.958623692977,89282819.07226188
-6.428899248586266,0.0016142267192468386,0.9999245409513247,-1.0632334665032817,9404.475936079816,88444167.63230434
-6.425906320491361,0.0016190652207782167,0.9999242018646776,-1.0628317064831105,9360.20809251453,87613495.53517447
-6.422913391528678,0.0016239182266983268,0.9999238611781406,-1.0631811051321933,9316.154018321124,86790725.69308081
-6.419920461700148,0.0016287857804880934,0.999923518690088,-1.0639315267184377,9272.31264459895,85975781.77918956
-6.416927531007609,0.0016336679257589284,0.9999231743518431,-1.0645185776099968,9228.682908616951,85168588.22779863
-6.413934599452784,0.0016385647062531685,0.9999228282883796,-1.0644845274215906,9185.2637538569,84369070.22791734
-6.41094166703732,0.0016434761658443988,0.9999224807216059,-1.0637289620425012,9142.054129676637,83577153.70993765
-6.407948733762868,0.0016484023485377208,0.999922131841359,-1.062553256717821,9099.052990775766,82792765.32894541
-6.404955799631159,0.001653343298470021,0.9999217816969158,-1.0614822676184807,9056.259296748844,82015832.44994986
-6.401962864644029,0.0016582990599103141,0.9999214301683924,-1.0609695882294536,9013.67201195258,81246283.13905726
-6.398969928803394,0.001663269677260193,0.9999210770317566,-1.0611518932533537,8971.290105732845,80484046.16122004
-6.395976992111169,0.0016682551950543468,0.9999207220794931,-1.061784261113068,8929.112552859839,79729050.98163915
-6.392984054569198,0.001673255657961084,0.9999203652296715,-1.0623846964310562,8887.138333911751,78981227.76608373
-6.389991116179217,0.0016782711107827949,0.9999200065643951,-1.0625018029867652,8845.366435385224,78240507.3762395
-6.386998176942877,0.0016833015984563128,0.9999196462785668,-1.0619567866808926,8803.795849466422,77506821.35908219
-6.3840052368618165,0.0016883471660532074,0.9999192845688641,-1.060930950573739,8762.425573581533,76780101.93255566
-6.381012295937725,0.0016934078587800669,0.9999189215241042,-1.0598578231433566,8721.254609959502,76060281.97173986
-6.378019354172395,0.0016984837219788254,0.9999185570756738,-1.0591847803605248,8680.281965424676,75347294.99927688
-6.375026411567699,0.001703574801127196,0.9999181910329665,-1.0591355032769516,8639.506651506706,74641075.18142863
-6.372033468125538,0.0017086811418391742,0.9999178231828787,-1.0595986981890713,8598.927684784298,73941557.32814984
-6.369040523847766,0.0017138027898655676,0.999917453399094,-1.0601968592731053,8558.544087258875,73248676.89355385
-6.366047578736143,0.0017189397910944897,0.9999170817032734,-1.06049221652206,8518.35488654637,72562369.97314844
-6.363054632792336,0.00172409219155177,0.9999167082471914,-1.0602171068225632,8478.359115778201,71882573.29609932
-6.360061686017971,0.0017292600374012848,0.9999163332271358,-1.0594079741868263,8438.55581325837,71209224.21347663
-6.357068738414701,0.0017344433749452491,0.9999159567768937,-1.05837720942484,8398.94402204887,70542260.68551046
-6.354075789984257,0.0017396422506245407,0.9999155788954381,-1.0575435322958167,8359.522789685872,69881621.27127747
-6.35108284072846,0.0017448567110190949,0.9999151994458675,-1.0572135065297403,8320.291168155043,69227245.1228788
-6.3480898906491845,0.0017500868028483875,0.9999148182243747,-1.0574279559313597,8281.24821411595,68579071.98379862
-6.345096939748291,0.0017553325729719638,0.9999144350620998,-1.0579492083950786,8242.39298923919,67937042.18905935
-6.342103988027568,0.0017605940683899626,0.9999140499069519,-1.0583903442408678,8203.724560466933,67301096.66400838
-6.339111035488714,0.0017658713362435753,0.9999136628441995,-1.0584156212606695,8165.242000053894,66671176.919444114
-6.33611808213336,0.0017711644238154263,0.9999132740468928,-1.057908247421939,8126.944385361986,66047225.042766705
-6.333125127963125,0.001776473378529897,0.9999128836829276,-1.057022401998847,8088.830798507008,65429183.686875515
-6.330132172979681,0.0017817982479534462,0.9999124918266407,-1.0560978468519309,8050.90032602648,64816996.05961328
-6.327139217184781,0.0017871390797949715,0.999912098419181,-1.0554849189142712,8013.152058721207,64210605.91618792
-6.3241462605802505,0.0017924959219062589,0.9999117032962577,-1.0553702299339427,7975.5850917306325,63609957.55543592
-6.32115330316794,0.00179786882228249,0.9999113062677824,-1.0556893016372655,7938.198524784526,63014995.81889123
-6.318160344949668,0.0018032578290627795,0.9999109072086255,-1.0561659362878968,7900.991462488037,62425666.090308845
-6.315167385927172,0.0018086629905306871,0.9999105061153644,-1.0564542167587572,7863.963014486426,61841914.29321043
-6.312174426102111,0.0018140843551146572,0.9999101031019271,-1.056309787650672,7827.11229542031,61263686.885119796
-6.309181465476094,0.0018195219713883965,0.9999096983377773,-1.055705820949166,7790.438424687967,60690930.848854735
-6.306188504050741,0.0018249758880712022,0.9999092919602515,-1.0548394515984996,7753.940526124705,60123593.682679065
-6.30319554182773,0.0018304461540283134,0.9999088840043401,-1.0540297108258743,7717.61772774536,59561623.39160945
-6.300202578808815,0.0018359328182713085,0.9999084743835124,-1.0535602251806382,7681.469161660385,59004968.481539495
-6.297209614995809,0.001841435929958579,0.9999080629295822,-1.0535442390412004,7645.493964188359,58453577.956440635
-6.294216650390535,0.0018469555383958563,0.9999076494709919,-1.053875639231893,7609.691276092948,57907401.31744512
-6.2912236849947725,0.0018524916930367536,0.9999072339110641,-1.054286074466225,7574.060242815612,57366388.561800085
-6.288230718810228,0.0018580444434832648,0.9999068162688779,-1.0544770871190123,7538.600014582194,56830490.17985865
-6.285237751838532,0.0018636138394862126,0.9999063966642535,-1.0542619908428066,7503.309746325648,56299657.14930546
-6.282244784081284,0.0018691999309456207,0.9999059752553312,-1.0536503335161105,7468.188597456447,55773840.92717849
-6.2792518155400945,0.0018748027679110716,0.9999055521593596,-1.0528375043692322,7433.235731582169,55252993.441269904
-6.276258846216634,0.001880422400582073,0.9999051273943249,-1.0521079194446845,7398.450316298417,54737067.08273615
-6.273265876112643,0.00188605887930848,0.9999047008682284,-1.051700081935422,7363.831523135369,54226014.70112217
-6.270272905229913,0.0018917122545909855,0.9999042724198396,-1.0516974822198,7329.378527668565,53719789.60184902
-6.267279933570239,0.001897382577081653,0.9999038418907352,-1.0519947298903494,7295.090509727028,53218345.54510935
-6.264286961135375,0.0019030698975844673,0.9999034091945291,-1.0523516711844625,7260.966653588657,52721636.74452646
-6.261293987927005,0.0019087742670558336,0.9999029743514558,-1.0525074007149187,7227.0061480634395,52229617.864146754
-6.258301013946747,0.0019144957366050374,0.9999025374732803,-1.0522998848695178,7193.20818641948,51742244.013172224
-6.255308039196184,0.001920234357494638,0.9999020987066534,-1.0517366046994483,7159.57196618069,51259470.73892043
-6.252315063676916,0.0019259901811408367,0.9999016581617369,-1.0509860733551601,7126.096688881699,50781254.019290715
-6.249322087390591,0.001931763259113864,0.9999012158588435,-1.0502970361088804,7092.781559882388,50307550.256207645
-6.246329110338925,0.001937553643138418,0.9999007717167636,-1.049884370301316,7059.625788313237,49838316.27101729
-6.243336132523681,0.001943361385094153,0.9999003255870124,-1.049833991577854,7026.6285871621885,49373509.30192489
-6.240343153946631,0.0019491865370162254,0.9998998773175143,-1.050068438766235,6993.789173449406,48913087.00265813
-6.237350174609509,0.0019550291510958434,0.9998994268165586,-1.0503861470411484,6961.106768399932,48457007.441063344
-6.234357194513991,0.0019608892796807863,0.9998989740885595,-1.0505542771340268,6928.580597527869,48005229.096439645
-6.231364213661685,0.0019667669752758818,0.9998985192264602,-1.0504121883227997,6896.209890588476,47557710.85505032
-6.228371232054164,0.0019726622905434222,0.9998980623651967,-1.0499397373604538,6863.99388141414,47114412.00409075
-6.225378249693008,0.001978575278303555,0.9998976036176421,-1.0492618663155762,6831.931807700467,46675292.225069374
-6.222385266579835,0.001984505991534683,0.9998971430215196,-1.0485898779141067,6800.022910828285,46240311.58778958
-6.219392282716324,0.0019904544833739047,0.999896680520178,-1.0481272491419171,6768.266435788541,45809430.54582171
-6.216399298104205,0.0019964208071175053,0.9998962159847562,-1.047982001718001,6736.661631230213,45382609.93368932
-6.213406312745225,0.0020024050162214956,0.9998957492671277,-1.0481230927064735,6705.207749597472,44959810.96526199
-6.210413326641108,0.0020084071643021754,0.9998952802600429,-1.0483978715004483,6673.904047285315,44540995.23237131
-6.207420339793524,0.002014427305136675,0.9998948089384594,-1.0486008635955821,6642.749784737853,44126124.70263479
-6.2044273522040845,0.0020204654926634486,0.9998943353648323,-1.048562700712573,6611.744226440171,43715161.715864934
-6.2014343638743545,0.002026521780982735,0.9998938596569934,-1.0482207589320793,6580.8866408024005,43308068.9790915
-6.198441374805891,0.0020325962243569642,0.9998933819331693,-1.047642377627978,6550.176299979702,42904809.56081578
-6.195448385000279,0.0020386888772111734,0.9998929022579491,-1.0469926815813477,6519.612479697783,42505346.88543107
-6.1924553944591505,0.0020447997941334477,0.9998924206119344,-1.046462559807357,6489.194459148466,42109644.72864316
-6.189462403184194,0.002050929029875398,0.9998919368972248,-1.0461883297782708,6458.921520988405,41717667.21428717
-6.186469411177126,0.0020570766393527033,0.9998914509755714,-1.0461967689652616,6428.792951429709,41329378.812352315
-6.183476418439658,0.0020632426776456664,0.9998909627225193,-1.046397308229866,6398.808040373894,40944744.3375536
-6.180483424973464,0.00206942719999978,0.9998904720747004,-1.046622841860551,6368.9660815241805,40563728.947605476
-6.177490430780163,0.00207563026182626,0.9998899790509121,-1.0467005797762727,6339.266372422668,40186298.14052885
-6.174497435861323,0.0020818519187025303,0.9998894837389499,-1.046522838642966,6309.708214391734,39812417.75076253
-6.171504440218483,0.0020880922263726777,0.9998889862544255,-1.0460889352661806,6280.290912398713,39442053.94435786
-6.168511443853191,0.0020943512407478747,0.9998884866890644,-1.0455022680897699,6251.013774893779,39075173.21391177
-6.165518446767034,0.002100629017906819,0.9998879850697577,-1.044925449338769,6221.8761136796375,38711742.37397723
-6.1625254489616434,0.002106925614096214,0.9998874813446841,-1.0445131213055507,6192.877243857087,38351728.55748295
-6.159532450438697,0.0021132410857312807,0.9998869754014381,-1.0443502277998735,6164.016483858123,37995099.21327466
-6.156539451199884,0.0021195754893963206,0.9998864671091012,-1.0444201866991076,6135.293155543012,37641822.10445293
-6.153546451246881,0.002125928881845288,0.9998859563668375,-1.044614505646714,6106.706584313167,37291865.30689378
-6.150553450581319,0.002132301320002358,0.9998854431394857,-1.0447784827048134,6078.256099187057,36945197.20730466
-6.147560449204779,0.0021386928609624556,0.9998849274663347,-1.0447736032904644,6049.941032803086,36601786.50039447
-6.144567447118797,0.0021451035619917454,0.9998844094402665,-1.044531476628188,6021.76072134349,36261602.18511527
-6.141574444324898,0.002151533480528093,0.9998838891662041,-1.0440785072854386,5993.714504404514,35924613.560309045
-6.138581440824618,0.0021579826741815133,0.9998833667156739,-1.0435227771036877,5965.801724858384,35590790.220323265
-6.135588436619531,0.002164451200734636,0.9998828420953292,-1.0430096519091259,5938.021728753817,35260102.05115247
-6.132595431711257,0.002170939118143206,0.9998823152413446,-1.042664461316706,5910.373865285801,34932519.22745342
-6.1296024261014495,0.002177446484536627,0.9998817860412231,-1.0425448241661446,5882.857486836759,34608012.21043131
-6.12660941979177,0.002183973358218532,0.9998812543739257,-1.0426205583243917,5855.471949064395,34286551.746279985
-6.123616412783862,0.0021905197976673724,0.9998807201524454,-1.0427878250580527,5828.216610994174,33968108.864668414
-6.120623405079325,0.00219708586153699,0.9998801833524555,-1.042910841765669,5801.090835074284,33652654.87678285
-6.117630396679711,0.0022036716086571524,0.9998796440164404,-1.04287430743312,5774.093987166897,33340161.372636914
-6.114637387586539,0.00221027709803406,0.9998791022323372,-1.042626329241628,5747.225436474398,33030600.21765833
-6.111644377801311,0.0022169023888508246,0.9998785580953963,-1.0421960503431014,5720.484555424216,32723943.548846986
-6.108651367325547,0.002223547540467937,0.9998780116680486,-1.0416803199595193,5693.870719550279,32420163.770952016
-6.1056583561607995,0.002230212612423753,0.9998774629529013,-1.0412055439508727,5667.3833074092845,32119233.5531014
-6.102665344308665,0.0022368976644350103,0.999876911888639,-1.0408798316540193,5641.021700555479,31821125.826137826
-6.099672331770768,0.0022436027563973926,0.9998763583697989,-1.0407535245911306,5614.785283575087,31525813.780651372
-6.096679318548741,0.002250327948386111,0.9998758022825001,-1.0408023534758615,5588.67344415961,31233270.865454838
-6.0936863046442005,0.0022570733006564963,0.9998752435425327,-1.040938567053162,5562.685573183519,30943470.78610406
-6.090693290058724,0.0022638388736445914,0.9998746821217285,-1.0410449136331588,5536.821064751673,30656387.503077846
-6.087700274793845,0.0022706247279677028,0.9998741180532283,-1.0410182322773092,5511.079316194071,30371995.22938211
-6.084707258851064,0.00227743092442493,0.9998735514142382,-1.040806464537795,5485.459728005664,30090268.427571975
-6.0817142422318655,0.002284257523997657,0.9998729822930956,-1.0404259474507522,5459.961703748895,29811181.80640454
-6.078721224937744,0.002291104587850052,0.9998724107529617,-1.0399534982415488,5434.584649949479,29534710.317466505
-6.075728206970224,0.002297972177329563,0.9998718368053218,-1.0394970758073674,5409.327976017447,29260829.152125012
-6.072735188330867,0.0023048603539674527,0.9998712604025786,-1.0391563055607138,5384.191094214967,28989513.739023764
-6.069742169021265,0.0023117691794793628,0.9998706814519229,-1.038987295123397,5359.173419675322,28720739.742154486
-6.066749149043022,0.002318698715765909,0.9998700998450168,-1.0389840512317923,5334.274370458993,28454483.059335686
-6.063756128397731,0.002325649024913285,0.9998695154925641,-1.0390824379075487,5309.49336762017,28190719.820802573
-6.060763107086955,0.0023326201691938717,0.9998689283514197,-1.0391844418073393,5284.829835254364,27929426.38759467
-6.057770085112216,0.0023396122110668125,0.999868338434872,-1.039193484336548,5260.28320050567,27670579.349522173
-6.054777062475,0.0023466252131785666,0.9998677458028975,-1.039048047909029,5235.852893526926,27414155.522654284
-6.051784039176774,0.0023536592383634333,0.9998671505362856,-1.0387419932182087,5211.53834740288,27160131.946450744
-6.048791015219007,0.002360714349644066,0.9998665527040325,-1.038325035655919,5187.338998058888,26908485.88078259
-6.0457979906031865,0.002367790610231992,0.9998659523354724,-1.0378839612294715,5163.254284181892,26659194.803122666
-6.042804965330833,0.002374888083528148,0.9998653494066535,-1.0375117525663686,5139.283647175225,26412236.406122684
-6.039811939403501,0.0023820068331234477,0.9998647438452943,-1.0372756344876801,5115.426531156463,26167588.595659446
-6.036818912822761,0.002389146922799386,0.9998641355521692,-1.037194961150555,5091.682382992487,25925229.48927605
-6.033825885590184,0.0023963084165286503,0.9998635244312274,-1.0372360764231983,5068.050652353653,25685137.41482229
-6.03083285770732,0.002403491378475747,0.9998629104179974,-1.037325249282943,5044.530791762933,25447290.909044366
-6.027839829175685,0.0024106958729976074,0.9998622934967069,-1.0373746550374403,5021.122256618809,25211668.71591276
-6.0248467999967605,0.0024179219646441636,0.999861673700622,-1.0373122058317088,4997.824505180032,24978249.784578033
-6.021853770171999,0.002425169718158921,0.9998610510959018,-1.0371051277612076,4974.636998513819,24747013.266982578
-6.018860739702844,0.002432439198479484,0.999860425754771,-1.0367696799009825,4951.559200421087,24517938.51527471
-6.015867708590746,0.0024397304707381006,0.9998597977272033,-1.0363643174741268,4928.5905773593995,24291005.07923586
-6.012874676837182,0.0024470436002622035,0.9998591670205472,-1.0359691749356943,4905.73059838461,24066192.70392702
-6.009881644443658,0.0024543786525749807,0.9998585335936255,-1.0356591213336237,4882.978735124907,23843481.327682037
-6.006888611411704,0.0024617356933959744,0.9998578973669001,-1.0354794424102804,4860.334461790195,23622851.080465384
-6.003895577742865,0.0024691147886417024,0.9998572582449753,-1.0354319744013212,4837.79725520784,23404282.282496512
-6.000902543438675,0.0024765160044262933,0.999856616143796,-1.0354757976998248,4815.366594867928,23187755.442969944
-5.997909508500648,0.002483939407062121,0.9998559710135839,-1.0355417211174196,4793.041962958318,22973251.25867933
-5.994916472930264,0.0024913850630604163,0.9998553228501917,-1.0355553774133823,4770.822844374231,22760750.612403028
-5.991923436728971,0.0024988530391318736,0.9998546716914944,-1.03546120215645,4748.70872669559,22550234.570994847
-5.988930399898197,0.0025063434021872135,0.9998540176003454,-1.0352396041948964,4726.699100136084,22341684.383227266
-5.985937362439361,0.0025138562193377546,0.9998533606398758,-1.0349121224557245,4704.793457476718,22135081.477515727
-5.982944324353895,0.0025213915578959616,0.999852700849194,-1.0345333865851989,4682.9912940012055,21930407.459691085
-5.979951285643252,0.002528949485376023,0.999852038227184,-1.0341729132702033,4661.292107449218,21727644.11096837
-5.976958246308914,0.0025365300694944436,0.9998513727293251,-1.0338928392744828,4639.69539799748,21526773.38619899
-5.973965206352384,0.0025441333781706646,0.9998507042782124,-1.0337287109882758,4618.200668269436,21327777.41240427
-5.970972165775172,0.002551759479527703,0.9998500327841485,-1.0336792033530071,4596.807423365488,21130638.487508055
-5.967979124578783,0.0025594084418928006,0.9998493581691298,-1.033707624556877,4575.515170899573,20935339.079132147
-5.9649860827647,0.0025670803337980797,0.9998486803866871,-1.033754300298697,4554.323421026383,20741861.823309455
-5.961993040334375,0.0025747752239811687,0.9998479994315387,-1.033755615697144,4533.231686447339,20550189.523010183
-5.958999997289231,0.002582493181385828,0.9998473153363272,-1.0336636253655822,4512.2394823898985,20360305.14643826
-5.956006953630672,0.0025902342751625415,0.999846628156759,-1.033460219944231,4491.346326563737,20172191.825137578
-5.953013909360093,0.0025979985746690973,0.999845937949976,-1.0331617436521408,4470.551739103747,19985832.85200354
-5.950020864478901,0.0026057861494711743,0.9998452447529168,-1.0328130226701249,4449.85524251397,19801211.67932906
-5.947027818988519,0.002613597069342938,0.9998445485672307,-1.0324730045975405,4429.256361625252,19618311.916997764
-5.944034772890396,0.0026214314042676463,0.9998438493551449,-1.0321966390874957,4408.754623575427,19437117.330897707
-5.941041726186002,0.002629289224438291,0.9998431470472591,-1.0320185638308517,4388.349557813189,19257611.84155921
-5.938048678876816,0.0026371706002582484,0.9998424415596385,-1.031943390866623,4368.040696120124,19079779.52296158
-5.935055630964313,0.0026450756023419543,0.9998417328148762,-1.0319452293072167,4347.827572640093,18903604.601409446
-5.93206258244995,0.0026530043015155665,0.9998410207607625,-1.03197623942131,4327.709723903189,18729071.45436622
-5.9290695333351575,0.0026609567688176236,0.999840305381094,-1.0319813600310164,4307.686688833947,18556164.60915718
-5.92607648362134,0.0026689330754996864,0.9998395866956239,-1.0319146579736076,4287.758008738196,18384868.741498537
-5.923083433309881,0.00267693329302696,0.999838864749437,-1.0317524620607799,4267.923227269576,18215168.673867155
-5.920090382402152,0.0026849574930789097,0.9998381395951149,-1.0314995817297035,4248.181890382645,18047049.373775065
-5.9170973308995265,0.0026930057475498628,0.9998374112730666,-1.0311870680817017,4228.533546283125,17880495.952041745
-5.914104278803396,0.0027010781285496193,0.9998366797957743,-1.03086248196865,4208.977745386322,17715493.661157325
-5.911111226115172,0.0027091747084040867,0.9998359451404127,-1.0305757474684931,4189.5140402919415,17552027.893803306
-5.908118172836283,0.002717295559655928,0.9998352072517595,-1.03036480530667,4170.1419857786705,17390084.18155407
-5.905125118968175,0.002725440755065223,0.9998344660543088,-1.0302451631436111,4150.8611388160225,17229648.193733048
-5.902132064512293,0.002733610367610157,0.9998337214699075,-1.0302061626900427,4131.671058586164,17070705.736358512
-5.8991390094700735,0.0027418044704877087,0.9998329734357602,-1.0302147672077586,4112.571306505934,16913242.75109593
-5.89614595384293,0.002750023137114332,0.9998322219176995,-1.0302255202840875,4093.561446239572,16757245.314139016
-5.893152897632251,0.002758266441126627,0.9998314669150932,-1.0301936510477199,4074.6410436956735,16602699.634969367
-5.890159840839404,0.002766534456381994,0.9998307084562158,-1.0300875469684954,4055.8096670065197,16449592.054983536
-5.887166783465738,0.0027748272569592812,0.9998299465856144,-1.0298971479880303,4037.066886492888,16297909.04601738
-5.8841737255126,0.002783144917159408,0.9998291813471827,-1.0296360900353403,4018.41227462163,16147637.208829781
-5.881180666981343,0.0027914875115060047,0.9998284127677468,-1.0293372416191258,3999.8454059646565,15998763.271616567
-5.878187607873334,0.002799855114746058,0.9998276408456837,-1.0290431089463064,3981.365857167618,15851274.08862004
-5.875194548189962,0.002808247801850567,0.9998268655475798,-1.028793928139821,3962.9732069334773,15705156.638872609
-5.87220148793263,0.002816665648015223,0.9998260868136493,-1.0286167768770995,3944.6670360219114,15560398.02507789
-5.869208427102751,0.0028251087286610957,0.9998253045702156,-1.0285186222420792,3926.446927261212,15416985.472599013
-5.866215365701736,0.0028335771194353526,0.9998245187456924,-1.028485036316816,3908.312465566103,15274906.328499392
-5.863222303730983,0.0028420708962119587,0.9998237292856506,-1.028484712070556,3890.263237953436,15134148.060571954
-5.860229241191871,0.002850590135092376,0.9998229361629317,-1.0284783508151656,3872.298833548895,14994698.256304132
-5.857236178085756,0.0028591349124062614,0.9998221393802152,-1.0284293834276674,3854.4188435801134,14856544.621745458
-5.854243114413972,0.0028677053047121426,0.9998213389645374,-1.0283136046673405,3836.622861355795,14719674.980277928
-5.851250050177842,0.0028763013887980753,0.9998205349554201,-1.0281252099078944,3818.910482233951,14584077.271316348
-5.848256985378684,0.002884923241682316,0.9998197273899152,-1.0278777771990022,3801.2813035851846,14449739.54898628
-5.845263920017825,0.00289357094061397,0.9998189162885902,-1.0276001272441917,3783.734924758117,14316649.980834313
-5.842270854096604,0.002902244563073676,0.9998181016461181,-1.0273283375055988,3766.270947053182,14184796.846616874
-5.839277787616379,0.0029109441867742787,0.9998172834288233,-1.0270961358066897,3748.888973708618,14054168.537194055
-5.836284720578521,0.002919669889661541,0.9998164615796516,-1.0269262272821669,3731.5886098992023,13924753.553529462
-5.83329165298441,0.002928421749914853,0.9998156360290912,-1.026824760179557,3714.369462745005,13796540.505772617
-5.830298584835421,0.0029371998459479694,0.9998148067090705,-1.0267802371001586,3697.231141324839,13669518.112382172
-5.827305516132922,0.00294600425640973,0.999813973566181,-1.0267669831539417,3680.1732566882883,13543675.199243682
-5.824312446878261,0.002954835060184791,0.9998131365708449,-1.026752114302931,3663.1954218606165,13419000.698740581
-5.821319377072767,0.0029636923363943377,0.9998122957201869,-1.026704102623098,3646.297251836959,13295483.648753759
-5.818326306717746,0.0029725761643967933,0.9998114510340327,-1.0266007093983827,3629.4783635652,13173113.191587923
-5.815333235814495,0.002981486623788509,0.9998106025452185,-1.0264343098419089,3612.7383759195227,13051878.572841631
-5.812340164364305,0.002990423794404449,0.9998097502867979,-1.0262133705936254,3596.0769096692898,12931769.140256628
-5.809347092368471,0.0029993877563188913,0.9998088942794395,-1.0259598554663751,3579.4935874485705,12812774.342585437
-5.8063540198283,0.0030083785898461085,0.9998080345221653,-1.0257033595388974,3562.9880337315863,12694883.728514476
-5.803360946745111,0.0030173963755410925,0.9998071709886558,-1.0254735495920384,3546.559874817417,12578086.945664933
-5.8003678731202415,0.003026441194200262,0.9998063036299039,-1.0252928418554699,3530.2087388251857,12462373.739677709
-5.797374798955032,0.003035513126862218,0.999805432382402,-1.0251711093757527,3513.9342556979914,12347733.953367796
-5.7943817242508295,0.0030446122548084737,0.9998045571797118,-1.0251036387439716,3497.73605721223,12234157.525922557
-5.79138864900897,0.003053738659564225,0.9998036779644935,-1.0250727125579107,3481.61377698724,12121634.492107354
-5.788395573230775,0.0030628924228990944,0.9998027946980462,-1.0250522961837896,3465.56705049081,12010154.981447572
-5.785402496917551,0.003072073626827876,0.9998019073650996,-1.0250145778573672,3449.5955150369723,11899709.217363194
-5.782409420070583,0.003081282353611274,0.9998010159728129,-1.0249367160147562,3433.69880977458,11790287.516247366
-5.7794163426911425,0.0030905186857566286,0.9998001205443663,-1.024806166799786,3417.876575667515,11681880.2864967
-5.776423264780493,0.0030997827060186335,0.9997992211088172,-1.0246233716946216,3402.1284554693366,11574478.027514175
-5.773430186339898,0.0031090744974000546,0.9997983176897423,-1.024401265676989,3386.4540936963076,11468071.32871248
-5.7704371073706255,0.0031183941431524543,0.9997974102953993,-1.0241618422954364,3370.853136603147,11362650.868547276
-5.767444027873958,0.0031277417267769193,0.9997964989127083,-1.023930697844049,3355.3252321649848,11258207.41360301
-5.764450947851188,0.003137117332024802,0.999795583506378,-1.0237309133678878,3339.8700300673695,11154731.817742212
-5.761457867303621,0.0031465210428984806,0.9997946640232559,-1.023577731958873,3324.4871817043477,11052215.021316517
-5.758464786232566,0.003155952943652128,0.9997937404007543,-1.0234752419310957,3309.1763401826097,10950648.05042437
-5.755471704639331,0.003165413118792487,0.9997928125772834,-1.0234157605723069,3293.937160328563,10850022.016193397
-5.7524786225252145,0.0031749016530796493,0.9997918805022176,-1.0233819588331337,3278.7692986944344,10750328.114061194
-5.749485539891501,0.003184418631527834,0.9997909441430994,-1.0233511343936215,3263.672413560033,10651557.623032771
-5.746492456739459,0.0031939641394061595,0.9997900034884878,-1.0233005718764574,3248.6461649278954,10553701.904900722
-5.743499373070339,0.0032035382622393983,0.9997890585459047,-1.0232127249145748,3233.6902145111158,10456752.403424947
-5.74050628888538,0.003213141085808746,0.999788109335472,-1.0230790480340408,3218.8042257148745,10360700.643479932
-5.737513204185817,0.0032227726961525536,0.9997871558807921,-1.0229016615012347,3203.987863614191,10265538.230187029
-5.73452011897288,0.003232433179567092,0.9997861981992103,-1.022692555429552,3189.240794930961,10171256.848051867
-5.731527033247811,0.0032421226226072948,0.9997852362936711,-1.0224706051935324,3174.5626880136842,10077848.260128668
-5.728533947011859,0.0032518411120875308,0.9997842701479616,-1.0222571484480842,3159.9532128223063,9985304.307226015
-5.725540860266284,0.003261588735082369,0.9997832997263216,-1.0220711636397295,3145.412040919586,9893616.907161916
-5.722547773012355,0.0032713655789273705,0.9997823249774007,-1.021925134567725,3130.93884546877,9802778.054065315
-5.719554685251348,0.0032811717312198826,0.9997813458415737,-1.0218224888101624,3116.533301235997,9712779.817712942
-5.7165615969845325,0.0032910072798198495,0.9997803622599156,-1.0217571141561175,3102.195084594965,9623614.342885163
-5.713568508213174,0.0033008723128506103,0.9997793741828157,-1.0217149804162224,3087.923873530939,9535273.848722318
-5.710575418938524,0.003310766918699711,0.9997783815763522,-1.0216774331632832,3073.719347641348,9447750.628064755
-5.707582329161819,0.0033206911860197037,0.9997773844250896,-1.0216253803290576,3059.5811881312925,9361037.046766892
-5.704589238884281,0.003330645203728939,0.9997763827307782,-1.0215434318036802,3045.5090778032545,9275125.54298203
-5.701596148107118,0.0033406290610123574,0.9997753765073408,-1.0214231015934687,3031.502701041692,9190008.626423074
-5.698603056831534,0.00335064284732227,0.9997743657733188,-1.0212644206770636,3017.5617437942765,9105678.877610754
-5.695609965058729,0.003360686652379138,0.9997733505434635,-1.0210756760885873,3003.685893552168,9022128.947124287
-5.692616872789911,0.0033707605661723607,0.9997723308212939,-1.0208714027040842,2989.874839331861,8939351.554869723
-5.689623780026292,0.003380864678961071,0.9997713065941812,-1.0206691195890876,2976.128271660723,8857339.489378242
-5.686630686769095,0.0033909990812749364,0.9997702778319402,-1.020485547423853,2962.44588256747,8776085.607140956
-5.683637593019553,0.003401163863914971,0.9997692444891383,-1.0203331216547757,2948.827365577814,8695582.83198059
-5.680644498778901,0.0034113591179543643,0.9997682065105443,-1.0202175202223698,2935.2724157143116,8615824.15445333
-5.677651404048378,0.0034215849347393064,0.9997671638384958,-1.0201366827925187,2921.7807294987315,8536802.63127014
-5.674658308829215,0.003431841405889835,0.9997661164206015,-1.0200814686021935,2908.3520049547406,8458511.38472426
-5.671665213122633,0.0034421286233006646,0.9997650642161694,-1.0200377549456616,2894.9859416087706,8380943.602112421
-5.668672116929843,0.003452446679142025,0.9997640072000611,-1.0199894896857076,2881.682240487301,8304092.535139911
-5.665679020252038,0.0034627956658604855,0.9997629453632437,-1.0199220356357779,2868.440604109758,8227951.499305555
-5.662685923090403,0.0034731756761797856,0.9997618787100063,-1.0198251129733265,2855.260736477048,8152513.873267454
-5.65969282544611,0.0034835868031016515,0.9997608072524939,-1.0196947564269476,2842.1423430566147,8077773.098195343
-5.65669972732033,0.003494029139906611,0.9997597310037374,-1.0195339284326972,2829.0851307657535,8003722.677119881
-5.653706628714232,0.0035045027801548145,0.9997586499706297,-1.0193517153767078,2816.088807955018,7930356.174289515
-5.650713529628993,0.0035150078176868576,0.9997575641482667,-1.0191613223598384,2803.1530843936057,7857667.214545385
-5.647720430065794,0.0035255443466246125,0.9997564735167562,-1.0189773127918522,2790.277671258102,7785649.482721537
-5.644727330025827,0.003536112461372071,0.9997553780410723,-1.0188126713589194,2777.4622811252293,7714296.723073362
-5.641734229510289,0.003546712256616189,0.9997542776739076,-1.018676279375049,2764.706627968497,7643602.738732937
-5.63874112852038,0.0035573438273277538,0.999753172360883,-1.018571285600616,2752.0104271578202,7573561.391185368
-5.635748027057299,0.003568007268762248,0.9997520620470268,-1.018494658786671,2739.3733954606832,7504166.599757792
-5.6327549251222395,0.0035787026764607177,0.9997509466832153,-1.018437964985726,2726.795251043138,7435412.341111409
-5.629761822716386,0.0035894301462506386,0.9997498262313144,-1.0183891714406754,2714.27571346907,7367292.64872803
-5.626768719840911,0.003600189774246789,0.9997487006670499,-1.0183350878339512,2701.814503696562,7299801.6123851
-5.623775616496973,0.003610981656852115,0.9997475699801065,-1.0182639483769078,2689.4113440707456,7232933.377616415
-5.620782512685721,0.003621805890758586,0.9997464341715034,-1.0181676321967457,2677.0659583133292,7166682.145160064
-5.617789408408296,0.003632662572948047,0.9997452932488223,-1.0180431096568183,2664.7780715095887,7101042.170398363
-5.614796303665834,0.0036435518006930835,0.9997441472202553,-1.017892867875035,2652.547410093979,7036007.762796276
-5.611803198459473,0.003654473671557865,0.9997429960886414,-1.0177242731474412,2640.3737018359684,6971573.285346976
-5.608810092790354,0.003665428283399014,0.9997418398466259,-1.017548031579436,2628.2566758273583,6907733.154031076
-5.605816986659625,0.003676415734366472,0.9997406784738329,-1.0173760724220777,2616.196062472198,6844481.837295032
-5.6028238800684385,0.0036874361229043816,0.9997395119365328,-1.0172192737360657,2604.1915934798244,6781813.855550987
-5.599830773017955,0.003698489547751959,0.9997383401898072,-1.0170854617454756,2592.2430018609357,6719723.780696995
-5.596837665509337,0.003709576107944403,0.9997371631817416,-1.0169780461709697,2580.3500219260945,6658206.2356539965
-5.593844557543747,0.0037206959028137847,0.9997359808588137,-1.016895520525381,2568.5123892856036,6597255.89391364
-5.590851449122342,0.003731849031989957,0.9997347931714494,-1.0168318868344701,2556.729840849509,6536867.479090355
-5.587858340246272,0.0037430355954014573,0.9997336000787127,-1.016777891561532,2545.0021148264914,6477035.764471314
-5.584865230916676,0.0037542556932764187,0.9997324015512883,-1.0167228155304666,2533.328950720694,6417755.572559613
-5.5818721211346825,0.0037655094261434597,0.999731197572254,-1.0166564701735321,2521.710089325939,6359021.774608235
-5.578879010901409,0.0037767968948325963,0.9997299881355559,-1.0165710296315122,2510.1452727172514,6300829.290144764
-5.5758859002179655,0.0037881182004761284,0.999728773242521,-1.0164623735330587,2498.6342442402038,6243173.086489814
-5.572892789085455,0.0037994734445095384,0.9997275528970875,-1.0163307171020273,2487.1767484988573,6186048.178273348
-5.5698996775049805,0.0038108627286723867,0.9997263271006454,-1.0161804426613195,2475.772531343391,6129449.626954462
-5.566906565477647,0.0038222861550092015,0.9997250958474213,-1.0160191930392994,2464.421339858511,6073372.540350019
-5.563913453004563,0.0038337438258704004,0.9997238591212213,-1.0158564162124275,2453.122922353487,6017812.072176112
-5.560920340086843,0.003845235843913184,0.9997226168940744,-1.0157016399743517,2441.877028354501,5962763.421605408
-5.5579272267256075,0.0038567623121024703,0.999721369126972,-1.0155627911555758,2430.6834085994083,5908221.832840438
-5.554934112921979,0.003868323333711816,0.9997201157725194,-1.0154448529658497,2419.541815034652,5854182.594701177
-5.551940998677082,0.003879919012324353,0.9997188567789848,-1.0153490826086382,2408.4520008137656,5800641.04022383
-5.548947883992039,0.0038915494518337278,0.9997175920950025,-1.0152729039688893,2397.4137202965494,5747592.546266141
-5.545954768867968,0.0039032147564450454,0.999716321674095,-1.0152104684613723,2386.4267290479515,5695032.533114505
-5.542961653305977,0.003914915030675815,0.9997150454782314,-1.0151537616200506,2375.490783835883,5642956.4640892185
-5.539968537307168,0.0039266503793568925,0.9997137634798339,-1.0150940444209615,2364.6056426272344,5591359.845144556
-5.536975420872628,0.00393842090763342,0.9997124756619228,-1.0150233695444109,2353.771064581884,5540238.224462935
-5.53398230400344,0.003950226720965766,0.9997111820164245,-1.0149359111107548,2342.986810044699,5489587.192043434
-5.530989186700676,0.003962067925130466,0.9997098825409755,-1.0148288890495532,2332.252640535969,5439402.379287
-5.527996068965407,0.00397394462622115,0.9997085772348033,-1.0147029472572722,2321.5683187409427,5389679.458581647
-5.525002950798698,0.003985856930649497,0.9997072660944055,-1.0145619425157668,2310.9336084992424,5340414.14289133
-5.522009832201621,0.003997804945146159,0.9997059491097589,-1.0144122021360886,2300.3482747949624,5291602.18535216
-5.519016713175248,0.004009788776761723,0.999704626261682,-1.0142613945554921,2289.8120837481238,5243239.378878925
-5.516023593720657,0.004021808532867657,0.9997032975207629,-1.0141172155092983,2279.3248026078268,5195321.555783208
-5.5130304738389295,0.00403386432115728,0.9997019628479913,-1.013986114361185,2268.8861997473196,5147844.587403834
-5.51003735353115,0.004045956249646728,0.9997006221969463,-1.0138722692785072,2258.496044660688,5100804.383747972
-5.507044232798404,0.004058084426675922,0.9996992755171423,-1.0137769699815937,2248.1541079607605,5054196.893140843
-5.504051111641777,0.004070248960909563,0.9996979227579504,-1.0136984935989695,2237.860161377594,5008018.101880952
-5.501057990062348,0.0040824499613381126,0.9996965638724429,-1.0136324749865853,2227.613977756838,4962264.033897641
-5.4980648680611885,0.004094687537278777,0.9996951988205331,-1.0135726926673432,2217.415331057307,4916930.750407986
-5.495071745639364,0.004106961798376489,0.9996938275709216,-1.0135121275403476,2207.2639963473184,4872014.349571135
-5.492078622797929,0.0041192728546049035,0.9996924501015613,-1.0134441137606645,2197.1597497995003,4827510.966139003
-5.48908549953793,0.004131620816267373,0.9996910663986056,-1.0133633938262325,2187.102368684047,4783416.77110337
-5.486092375860408,0.004144005793997934,0.9996896764540467,-1.0132669132870578,2177.0916313607017,4739727.971340802
-5.483099251766396,0.0041564278987622875,0.999688280262451,-1.0131542388201331,2167.1273172699134,4696440.809257492
-5.480106127256928,0.004168887241858786,0.9996868778173358,-1.013027547857929,2157.209206923671,4653551.562436254
-5.477113002333035,0.004181383934919415,0.999685469107767,-1.0128912077894745,2147.3370818966955,4611056.5432886155
-5.474119876995753,0.0041939180899107885,0.9996840541157107,-1.0127510263644002,2137.510724818454,4568952.098713913
-5.47112675124612,0.004206489819135147,0.9996826328145322,-1.0126133029769007,2127.729919366402,4527234.609766956
-5.468133625085177,0.0042190992352313635,0.9996812051688501,-1.0124838358613002,2117.99445026061,4485900.491334743
-5.4651404985139695,0.00423174645117595,0.9996797711357328,-1.0123670407321481,2108.304103259764,4444946.191821957
-5.462147371533543,0.004244431580284076,0.9996783306670194,-1.012265312392929,2098.6586651582697,4404368.192843891
-5.459154244144944,0.004257154736210601,0.9996768837123771,-1.0121787182047437,2089.0579237840757,4364163.008925033
-5.456161116349215,0.004269916032951091,0.9996754302226083,-1.012105057537503,2079.5016679967034,4324327.1872010715
-5.453167988147396,0.004282715584842853,0.9996739701526947,-1.012040264207467,2069.9896876849957,4284857.307122226
-5.450174859540516,0.004295553506565975,0.9996725034641208,-1.0119790777825277,2060.5217737641565,4245749.980156186
-5.447181730529599,0.004308429913144348,0.9996710301261443,-1.0119158721449908,2051.0977181717517,4207001.849489367
-5.444188601115662,0.004321344919946701,0.9996695501158449,-1.0118455107248707,2041.7173138625478,4168609.5897260974
-5.441195471299712,0.004334298642687635,0.9996680634169783,-1.0117640993063874,2032.380354802244,4130569.906586095
-5.438202341082751,0.004347291197428653,0.9996665700178345,-1.0116695281207904,2023.08663596029,4092879.5366011234
-5.435209210465778,0.00436032270057919,0.9996650699084456,-1.0115617307479734,2013.8359533021705,4055535.246812462
-5.432216079449788,0.004373393268897649,0.9996635630775742,-1.0114426324106338,2004.628103781542,4018533.8344707806
-5.429222948035776,0.004386503019492439,0.9996620495099326,-1.0113158071496837,1995.4628853326549,3981872.126740124
-5.426229816224742,0.004399652069823011,0.9996605291840371,-1.0111859052024348,1986.3400968634614,3945546.9804075453
-5.423236684017684,0.004412840537700916,0.9996590020709943,-1.0110579430514988,1977.259538249627,3909555.281599128
-5.420243551415606,0.004426068541290854,0.999657468134375,-1.010936564502574,1968.2210103296181,3873893.945502943
-5.417250418419512,0.004439336199111729,0.9996559273311645,-1.0108253808888963,1959.2243149007825,3838559.9160984405
-5.414257285030408,0.0044526436300377234,0.9996543796136268,-1.010726482456891,1950.2692547163042,3803550.165891689
-5.411264151249301,0.004465990953299371,0.9996528249317881,-1.0106401845635438,1941.3556334826908,3768861.6956549794
-5.408271017077195,0.0044793782884846225,0.99965126323617,-1.0105650358902647,1932.4832558575094,3734491.5341696404
-5.405277882515088,0.004492805755539942,0.999649694480374,-1.0104980776126562,1923.6519274469263,3700436.7379702744
-5.402284747563974,0.004506273474771371,0.9996481186231533,-1.0104353070632055,1914.861454802815,3666694.391089553
-5.39929161222484,0.00451978156684563,0.9996465356296914,-1.0103722727887394,1906.1116454191108,3633261.60480235
-5.396298476498666,0.004533330152791186,0.9996449454719275,-1.0103047122114757,1897.4023077273264,3600135.517368984
-5.393305340386424,0.004546919353999344,0.9996433481279051,-1.0102291411469875,1888.7332510912297,3567313.293777646
-5.39031220388908,0.004560549292225329,0.9996417435802623,-1.0101433147803147,1880.104285800787,3534792.1254864875
-5.3873190670075966,0.004574220089589367,0.9996401318140927,-1.0100465011591129,1871.5152230656092,3502569.230166317
-5.384325929742933,0.004587931868577781,0.9996385128144927,-1.0099395364812562,1862.9658750081464,3470641.851444869
-5.381332792096047,0.00460168475204407,0.999636886564138,-1.009824663032225,1854.4560546570233,3439007.2586540924
-5.378339654067898,0.004615478863210005,0.9996352530412262,-1.0097051801782637,1845.9855759407133,3407662.746581167
-5.375346515659445,0.004629314325666737,0.9996336122180546,-1.009584963299163,1837.5542536818261,3376605.635224173
-5.372353376871651,0.00464319126337589,0.999631964060412,-1.009467920992523,1829.161903592152,3345833.269552865
-5.369360237705479,0.004657109800670674,0.9996303085278477,-1.0093574663499711,1820.8083422684888,3315343.019274522
-5.366367098161895,0.004671070062257008,0.9996286455747571,-1.0092560729829652,1812.4933871891762,3285132.278604493
-5.363373958241865,0.004685072173214635,0.9996269751521182,-1.0091649720869902,1804.216856711201,3255198.4660408464
-5.360380817946353,0.004699116258998253,0.9996252972096297,-1.0090840256583087,1795.978570067642,3225539.0241422122
-5.357387677276321,0.004713202445438643,0.9996236116979539,-1.0090117858861865,1787.7783473651878,3196151.419307802
-5.3543945362327285,0.00472733085874381,0.9996219185707644,-1.0089457258252363,1779.616009581476,3167033.141558696
-5.351401394816526,0.004741501625500112,0.9996202177863324,-1.0088826042985515,1771.4913785620543,3138181.7043196876
-5.34840825302866,0.004755714872673408,0.9996185093084525,-1.0088189120149593,1763.4042770167841,3109594.6442010873
-5.34541511087007,0.004769970727610189,0.9996167931066058,-1.0087513374364967,1755.354528515603,3081269.520780235
-5.3424219683416885,0.004784269318038715,0.9996150691553554,-1.0086771909677354,1747.3419574837255,3053203.916383058
-5.339428825444445,0.004798610772070162,0.9996133374330741,-1.0085947341228296,1739.366389196258,3025395.4358656285
-5.336435682179263,0.004812995218199768,0.9996115979201857,-1.0085033747329524,1731.4276497724975,2997841.7063967143
-5.333442538547064,0.0048274227853079684,0.9996098505971579,-1.0084037083007202,1723.5255661700855,2970540.3772419137
-5.330449394548766,0.0048418936026615525,0.9996080954425133,-1.0082974060477028,1715.6599661791893,2943489.1195499767
-5.32745625018529,0.004856407799914807,0.99960633243111,-1.008186969870172,1707.8306784169781,2916685.626142196
-5.324463105457556,0.004870965507110681,0.9996045615329058,-1.0080753903445767,1700.037532322527,2890127.6113052676
-5.321469960366486,0.0048855668546819424,0.9996027827123493,-1.0079657547818341,1692.2803581522662,2863812.8105879626
-5.318476814913004,0.004900211973452346,0.9996009959284595,-1.007860856504769,1684.5589869759888,2837738.9806015696
-5.315483669098034,0.004914900994637813,0.9995992011355663,-1.0077628543465298,1676.8732506734361,2811903.8988240967
-5.312490522922501,0.004929634049847606,0.9995973982846017,-1.0076730228711215,1669.222981931292,2786305.363407594
-5.309497376387329,0.004944411271085514,0.9995955873247675,-1.007591620896713,1661.6080142405103,2760941.192988292
-5.306504229493438,0.004959232790751049,0.999593768205362,-1.0075178900601962,1654.0281818937347,2735809.226498693
-5.303511082241748,0.004974098741640617,0.9995919408775363,-1.0074501786162888,1646.4833199826887,2710907.322981217
-5.300517934633172,0.004989009256948742,0.9995901052957645,-1.007386170448866,1638.9732643953132,2686233.3614026294
-5.297524786668618,0.005003964470269242,0.9995882614188561,-1.0073231873214927,1631.497851812572,2661785.240469037
-5.294531638348991,0.0050189645155964335,0.9995864092103978,-1.0072585247585184,1624.056919704811,2637560.878441079
-5.291538489675185,0.005034009527326346,0.9995845486385844,-1.007189779608406,1616.6503063276746,2613558.212949364
-5.288545340648094,0.005049099640257899,0.9995826796754771,-1.007115130059549,1609.2778507176026,2589775.2008102667
-5.285552191268604,0.005064234989594131,0.9995808022957905,-1.007033536330594,1601.9393926869975,2566209.817842386
-5.282559041537598,0.005079415710943392,0.9995789164753673,-1.0069448410708086,1594.6347728191986,2542860.058684137
-5.27956589145596,0.00509464194032055,0.9995770221895304,-1.0068497613603282,1587.3638324634037,2519723.9366129045
-5.276572741024567,0.005109913814148219,0.9995751194115112,-1.006749777419382,1580.1264137296762,2496799.4833662077
-5.273579590244301,0.005125231469257956,0.99957320811114,-1.0066469351264704,1572.9223594842094,2474084.748965373
-5.270586439116043,0.0051405950428915015,0.9995712882539433,-1.0065435889149323,1565.7515133449135,2451577.8015418868
-5.267593287640674,0.005156004672701995,0.9995693598007463,-1.0064421173773774,1558.613719677412,2429276.7271666583
-5.264600135819076,0.005171460496755215,0.9995674227078142,-1.006344645821181,1551.508823591457,2407179.629682147
-5.261606983652133,0.0051869626535308135,0.9995654769274988,-1.006252807711292,1544.4366709377439,2385284.630537261
-5.2586138311407264,0.005202511281923564,0.999563522409307,-1.006167571065651,1537.39710830502,2363589.868624638
-5.255620678285739,0.00521810652124461,0.9995615591012539,-1.0060891473058364,1530.3899830174348,2342093.5001201043
-5.252627525088051,0.005233748511222709,0.9995595869513378,-1.006016989827025,1523.4151431319601,2320793.6983237704
-5.249634371548538,0.005249437392005504,0.9995576059089669,-1.005949879019569,1516.472437435782,2299688.653502422
-5.246641217668073,0.005265173304160779,0.9995556159261736,-1.0058860807438537,1509.5617154435365,2278776.5727328327
-5.243648063447525,0.005280956388677714,0.9995536169584859,-1.0058235575424965,1502.6828273943202,2258055.679745788
-5.2406549088877545,0.005296786786968171,0.9995516089653643,-1.0057602067108022,1495.83562424837,2237524.2147705113
-5.237661753989621,0.005312664640867931,0.9995495919101679,-1.0056940975113629,1489.0199576834636,2217180.434379664
-5.234668598753976,0.0053285900926379965,0.9995475657596629,-1.0056236810785546,1482.2356800909693,2197022.6113347383
-5.231675443181669,0.005344563284965837,0.9995455304831423,-1.005547950670253,1475.4826445716992,2177049.0344322952
-5.228682287273545,0.005360584360966678,0.9995434860512634,-1.0054665364674247,1468.7607049315413,2157258.008350998
-5.225689131030444,0.005376653464184779,0.9995414324347381,-1.0053797269541596,1462.069715677069,2137647.853500026
-5.2226959744532095,0.005392770738594701,0.9995393696030258,-1.005288417353583,1455.4095320111553,2118216.9058689303
-5.21970281754268,0.005408936328602609,0.9995372975231703,-1.0051939935875458,1448.7800098287316,2098963.5168793397
-5.216709660299694,0.005425150379047554,0.9995352161589057,-1.0050981668436767,1442.1810057127602,2079886.0532386685
-5.213716502725093,0.005441413035202758,0.9995331254701201,-1.0050027786193934,1435.612376930489,2060982.8967960086
-5.210723344819717,0.00545772444277694,0.9995310254127271,-1.0049095983911591,1429.0739814299857,2042252.444400151
-5.207730186584407,0.005474084747915596,0.9995289159389483,-1.0048201359831315,1422.5656778369935,2023693.1077598247
-5.204737028020004,0.005490494097202324,0.9995267969979656,-1.0047354881200516,1416.0873254520334,2005303.3133058932
-5.201743869127347,0.005506952637660138,0.9995246685368638,-1.0046562342486198,1409.6387842477204,1987081.5020553912
-5.1987507099072765,0.005523460516752791,0.9995225305017565,-1.0045823907382812,1403.2199148662014,1969026.1294771095
-5.195757550360627,0.005540017882386101,0.9995203828389705,-1.004513426101168,1396.8305786166359,1951135.665358486
-5.192764390488232,0.005556624882909275,0.9995182254961616,-1.0044483332604817,1390.4706374726468,1933408.5936735887
-5.189771230290923,0.005573281667116244,0.9995160584232483,-1.004385749094793,1384.1399540696375,1915843.4124518982
-5.186778069769523,0.005589988384247008,0.9995138815730666,-1.0043241069895414,1377.8383917019435,1898438.633647798
-5.183784908924854,0.0056067451839889645,0.9995116949016883,-1.004261805252008,1371.5658143197725,1881192.7830106607
-5.180791747757731,0.005623552216478253,0.999509498368376,-1.0041973733606586,1365.3220865259127,1864104.399955472
-5.177798586268968,0.005640409632301102,0.9995072919351893,-1.0041296190077849,1359.1070735722471,1847172.0374341176
-5.17480542445937,0.0056573175824951765,0.9995050755662918,-1.0040577415987124,1352.9206413560808,1830394.2618073488
-5.171812262329743,0.005674276218550919,0.9995028492270366,-1.003981401895862,1346.7626564163638,1813769.6527176609
-5.1688190998808885,0.005691285692412915,0.9995006128829305,-1.0039007424022226,1340.6329859298512,1797296.8029631886
-5.165825937113606,0.005708346156481243,0.9994983664985836,-1.003816358343424,1334.531497707288,1780974.3183728573
-5.162832774028695,0.005725457763612836,0.9994961100367521,-1.0037292240552989,1328.4580601896844,1764800.817682939
-5.159839610626953,0.005742620667122854,0.9994938434575675,-1.0036405839026203,1322.4125424447243,1748774.9324151198
-5.156846446909179,0.0057598350207860435,0.9994915667180251,-1.0035518199795121,1316.3948141633753,1732895.3067562273
-5.15385328287617,0.005777100978838122,0.9994892797717755,-1.0034643106812005,1310.4047456566952,1717160.597439588
-5.150860118528725,0.005794418695977166,0.9994869825692332,-1.0033792944915536,1304.4422078528662,1701569.4736280602
-5.147866953867642,0.005811788327364981,0.9994846750579819,-1.0032977522632711,1298.5070722944215,1686120.61679863
-5.144873788893718,0.005829210028628513,0.9994823571834301,-1.003220318812054,1292.5992111356295,1670812.7206284518
-5.141880623607749,0.0058466839558612305,0.9994800288896455,-1.0031472313755538,1286.7184971400213,1655644.4908822752
-5.1388874580105295,0.005864210265624536,0.9994776901202821,-1.0030783185173175,1280.864803677948,1640614.6453009483
-5.135894292102852,0.00588178911494917,0.9994753408195075,-1.0030130290219428,1275.038004724172,1625721.9134909976
-5.132901125885504,0.00589942066133662,0.9994729809328404,-1.002950496418892,1269.2379748553913,1610965.036815015
-5.129907959359273,0.005917105062760533,0.9994706104078195,-1.002889631575698,1263.464589247679,1596342.7682828063
-5.126914792524938,0.005934842477668149,0.9994682291944437,-1.002829233404306,1257.7177236737816,1581853.8724431589
-5.123921625383278,0.0059526330649816986,0.9994658372453475,-1.0027681064177472,1251.9972545002909,1567497.1252762661
-5.120928457935064,0.00597047698409984,0.9994634345157023,-1.002705173699852,1246.3030586846369,1553271.3140866815
-5.117935290181067,0.005988374394899088,0.9994610209628572,-1.002639574818567,1240.6350137719674,1539175.2373969697
-5.114942122122051,0.006006325457735236,0.9994585965457634,-1.0025707399849475,1234.9929978918997,1525207.7048420217
-5.1119489537587794,0.006024330333444798,0.9994561612242396,-1.0024984344651389,1229.3768897552204,1511367.5370642194
-5.108955785092012,0.006042389183346443,0.9994537149581506,-1.0024227702400457,1223.7865686505343,1497653.5656094488
-5.105962616122507,0.0060605021692424306,0.9994512577065799,-1.0023441850606594,1218.2219144409446,1484064.6328241602
-5.102969446851021,0.006078669453420069,0.9994487894270718,-1.0022633921390172,1212.6828075608028,1470599.591753551
-5.09997627727831,0.006096891198653161,0.9994463100750107,-1.0021813062071065,1207.169129012538,1457257.3060408896
-5.096983107405131,0.006115167568203457,0.999443819603193,-1.0020989536636955,1201.680760363647,1444036.649828153
-5.093989937232237,0.0061334987258221205,0.9994413179616235,-1.0020173756284,1196.2175837438037,1430936.5076578641
-5.090996766760385,0.0061518848357511955,0.9994388050975512,-1.0019375329978943,1190.7794818421416,1417955.7743762394
-5.088003595990328,0.006170326062725073,0.9994362809557336,-1.0018602220189505,1185.3663379046657,1405093.355037518
-5.085010424922821,0.0061888225719719725,0.9994337454788994,-1.0017860076104879,1179.9780357317995,1392348.164809476
-5.082017253558616,0.006207374529215432,0.9994311986083652,-1.001715179722646,1174.614459676015,1379719.1288799767
-5.079024081898465,0.006225982100675783,0.9994286402847431,-1.0016477357538418,1169.2754946395341,1367205.1823645271
-5.076030909943117,0.006244645453071653,0.9994260704486772,-1.0015833895900557,1163.961026072043,1354805.2702146834
-5.0730377376933165,0.006263364753621458,0.9994234890415398,-1.0015216054259988,1158.6709399683996,1342518.3471272546
-5.070044565149809,0.006282140170044898,0.999420896006029,-1.0014616524455247,1153.4051228662831,1330343.3774541856
-5.067051392313333,0.006300971870564476,0.9994182912866156,-1.001402674722587,1148.1634618437793,1318279.3351130916
-5.064058219184626,0.006319860023906994,0.9994156748298046,-1.001343769665532,1142.9458445168652,1306325.2034983702
-5.06106504576442,0.0063388047993050735,0.9994130465841935,-1.0012840677984074,1137.7521590367987,1294479.975392897
-5.058071872053443,0.006357806366498673,0.9994104065003265,-1.0012228069454263,1132.5822940874039,1282742.6528802866
-5.055078698052421,0.006376864895736591,0.9994077545303632,-1.0011593945908934,1127.4361388822854,1271112.2472577959
-5.052085523762076,0.0063959805577780155,0.9994050906275946,-1.0010934535086775,1122.3135831619572,1259587.7789498316
-5.0490923491831285,0.006415153523894026,0.9994024147458519,-1.0010248474081276,1117.2145171909503,1248168.2774222083
-5.046099174316295,0.006434383965869147,0.9993997268388615,-1.000953685169569,1112.138831754894,1236852.7810971404
-5.0431059991622895,0.006453672056002872,0.999397026859602,-1.000880304152402,1107.0864181576305,1225640.337269092
-5.040112823721828,0.0064730179671112,0.9993943147597182,-1.0008052347633052,1102.057168218375,1214530.0020215036
-5.037119647995623,0.006492421872528198,0.9993915904890394,-1.0007291500353284,1097.0509742689392,1203520.8401444287
-5.0341264719843855,0.0065118839461075426,0.99938885399524,-1.0006528049797758,1092.067729151065,1192611.9250531637
-5.031133295688829,0.006531404362224064,0.9993861052236677,-1.0005769712225263,1087.1073262138466,1181802.3387078186
-5.028140119109662,0.006550983295775337,0.9993833441173473,-1.0005023724945705,1082.1696593112592,1171091.171533847
-5.025146942247598,0.0065706209221832205,0.9993805706171585,-1.0004296263068506,1077.2546227997993,1160477.522343538
-5.0221537651033445,0.006590317417395443,0.9993777846621642,-1.000359196394176,1072.3621115362084,1149960.4982583956
-5.019160587677611,0.0066100729578871895,0.9993749861900626,-1.0002913593823557,1067.4920208752596,1139539.2146323458
-5.016167409971104,0.006629887720662662,0.9993721751377196,-1.0002261878806422,1062.644246667617,1129212.7949757872
-5.01317423198453,0.006649761883256696,0.9993693514417374,-1.0001635507321802,1057.8186852576926,1118980.3708803132
-5.01018105371859,0.006669695623736326,0.9993665150390122,-1.0001031297348388,1053.01523348153,1108841.081944161
-5.007187875173984,0.006689689120702415,0.999363665867235,-1.0000444508570006,1048.2337886646499,1098794.0756982458
-5.00419469635141,0.006709742553291219,0.999360803865298,-0.999986926870648,1043.4742486198645,1088838.5075327908
-5.0012015172515625,0.006729856101176026,0.9993579289735749,-0.9999299075602073,1038.7365116450344,1078973.5406244947
-4.9982083378751305,0.006750029944568755,0.9993550411340569,-0.9998727331956064,1034.020476520763,1069198.3458642256
-4.995215158222802,0.006770264264221565,0.999352140290337,-0.9998147869249976,1029.3260425080286,1059512.10178524
-4.992221978295261,0.006790559241428484,0.9993492263874472,-0.9997555419718591,1024.653109345756,1049913.994491926
-4.989228798093188,0.006810915058027022,0.999346299371565,-0.9996946001436854,1020.001577248336,1040403.2175890933
-4.986235617617261,0.006831331896399813,0.9993433591896175,-0.999631718944699,1015.3713469031061,1030978.9721118278
-4.983242436868156,0.0068518099394762385,0.9993404057888128,-0.9995668256539112,1010.7623194678208,1021640.466455969
-4.980249255846545,0.006872349370734054,0.9993374391161407,-0.9995000177544872,1006.1743965681152,1012386.9163092107
-4.977256074553101,0.006892950374201057,0.9993344591178802,-0.9994315502103969,1001.6074802949821,1003217.544582863
-4.974262892988494,0.006913613134456697,0.999331465739151,-0.9993618111011742,997.0614732023038,994131.5813443484
-4.971269711153393,0.006934337836633769,0.999328458923544,-0.9992912878956367,992.5362783044189,985128.263750387
-4.968276529048465,0.006955124666420031,0.9993254386128557,-0.9992205273370417,988.0317990737625,976206.8359809358
-4.965283346674378,0.0069759738100598975,0.9993224047469434,-0.9991500922062327,983.5479394385718,967366.5491738605
-4.962290164031799,0.006996885454356093,0.9993193572637111,-0.9990805183736912,979.0846037806725,958606.6613603565
-4.959296981121393,0.007017859786671326,0.9993162960992216,-0.9990122753506756,974.6416969333296,949926.4374010804
-4.956303797943825,0.007038896994929972,0.9993132211879237,-0.9989457331810222,970.2191241791655,941325.148922987
-4.953310614499758,0.007059997267619762,0.9993101324629754,-0.9988811378810326,965.8167912481281,932802.0742568303
-4.950317430789854,0.007081160793793467,0.9993070298566349,-0.9988185969366064,961.434604315504,924356.4983753097
-4.947324246814773,0.007102387763070594,0.9993039133006894,-0.9987580755384076,957.0724699999546,915987.712831814
-4.944331062575174,0.007123678365639089,0.9993007827268894,-0.998699403413301,952.73029536156,907695.0156997254
-4.941337878071713,0.00714503279225705,0.9992976380673553,-0.9986422913565887,948.4079878998575,899477.7115122563
-4.9383446933050426,0.007166451234254425,0.9992944792549278,-0.9985863558535855,944.1054555518715,891335.1112028068
-4.935351508275813,0.007187933883534737,0.9992913062234378,-0.9985311497135365,939.8226066900976,883266.5320457699
-4.932358322984673,0.0072094809325768065,0.999288118907878,-0.9984761962482298,935.5593501204672,875271.297597831
-4.929365137432265,0.0072310925744364625,0.999284917244467,-0.9984210243897816,931.3155950802659,867348.7376397097
-4.926371951619233,0.007252769002748292,0.999281701170602,-0.9983652021981826,927.0912512360106,859498.1881183517
-4.923378765546213,0.007274510411727366,0.999278470624709,-0.9983083664147991,922.8862286812958,851718.9910895851
-4.920385579213842,0.007296316996170965,0.9992752255460016,-0.998250246111088,918.7004379346114,844010.4946612468
-4.9173923926227525,0.00731818895146035,0.9992719658741686,-0.9981906789908909,914.5337899371377,836372.0529367848
-4.9143992057735755,0.007340126473562492,0.9992686915490143,-0.9981296194633289,910.3861960505322,828803.0259593581
-4.91140601866694,0.007362129759031821,0.9992654025100781,-0.9980671382547531,906.25756805473,821302.7796564735
-4.908412831303473,0.007384199005012012,0.9992620986962593,-0.9980034139076608,902.1478181457456,813870.6857851293
-4.9054196436838,0.007406334409237723,0.999258780045475,-0.9979387170667201,898.0568589335091,806506.1218775207
-4.902426455808544,0.007428536170036376,0.9992554464943728,-0.9978733889306939,893.9846034397443,799208.4711873169
-4.899433267678329,0.007450804486329927,0.9992520979781164,-0.9978078155851404,889.9309650958811,791977.1226364863
-4.896440079293778,0.0074731395576366575,0.9992487344302576,-0.997742400135819,885.8958577410169,784811.470762692
-4.89344689065551,0.007495541584072956,0.9992453557827011,-0.9976775346411484,881.8791956199373,777710.9156672676
-4.890453701764146,0.007518010766355111,0.9992419619657618,-0.997613573770712,877.8808933811765,770674.8629637326
-4.887460512620305,0.007540547305801107,0.9992385529083077,-0.9975508119134802,873.9008660751291,763702.7237268607
-4.884467323224605,0.007563151404332433,0.9992351285379779,-0.9974894651292757,869.9390291521989,756793.9144422704
-4.881474133577662,0.007585823264475897,0.9992316887814578,-0.9974296590083537,865.9952984609823,749947.8569565258
-4.87848094368009,0.007608563089365431,0.9992282335647911,-0.9973714229951695,862.0695902464731,743163.9784277221
-4.875487753532504,0.007631371082743923,0.9992247628137078,-0.9973146913131975,858.1618211482812,736441.7112765346
-4.872494563135513,0.007654247448965039,0.9992212764539458,-0.9972593101814029,854.2719081988564,729780.4931377154
-4.869501372489727,0.00767719239299506,0.9992177744115437,-0.9972050505924942,850.3997688217086,723179.7668120153
-4.8665081815957505,0.00770020612041472,0.9992142566130872,-0.9971516255970567,846.5453208296112,716638.9802185094
-4.863514990454188,0.0077232888374210405,0.9992107229858935,-0.9970987107837423,842.7084824228003,710157.5863473392
-4.860521799065641,0.007746440750829191,0.9992071734581239,-0.9970459664974488,838.889172187133,703735.0432128133
-4.857528607430706,0.007769662068074329,0.9992036079588171,-0.9969930602782062,835.0873090922412,697370.8138069203
-4.854535415549979,0.007792952997213481,0.9992000264178461,-0.9969396880541693,831.302812489649,691064.3660532006
-4.851542223424052,0.007816313746927376,0.9991964287657998,-0.9968855927807887,827.5356021108846,684815.1727610243
-4.8485490310535155,0.007839744526522339,0.9991928149338023,-0.9968305794163936,823.7855980655604,678622.7115802331
-4.845555838438957,0.007863245545932152,0.9991891848532796,-0.9967745254266636,820.0527208394583,672486.4649561985
-4.842562645580962,0.007886817015719947,0.9991855384556924,-0.9967173863162637,816.3368912926015,666405.9200852688
-4.839569452480114,0.007910459147080069,0.9991818756722518,-0.9966591960298288,812.638030657337,660380.568870635
-4.836576259136994,0.00793417215183999,0.9991781964336363,-0.9966000624010996,808.9560605364242,654409.9078786108
-4.833583065552182,0.007957956242462186,0.9991745006697266,-0.9965401581275958,805.2909029011497,648493.4382953489
-4.830589871726258,0.007981811632046058,0.9991707883093772,-0.9964797079948035,801.6424800894576,642630.6658839765
-4.827596677659797,0.008005738534329834,0.999167059280235,-0.9964189733196108,798.0107148041102,636821.1009421669
-4.8246034833533775,0.008029737163692463,0.9991633135086159,-0.9963582346559966,794.395530110893,631064.2582601667
-4.821610288807572,0.008053807735155571,0.9991595509194466,-0.9962977739219895,790.7968494368346,625359.6570792237
-4.818617094022956,0.008077950464385359,0.9991557714362718,-0.9962378570591349,787.2145965684772,619706.8210504703
-4.8156238990001015,0.008102165567694549,0.9991519749813247,-0.9961787182662953,783.6486956501693,614105.2781942117
-4.81263070373958,0.008126453262044316,0.9991481614756565,-0.9961205467127547,780.0990711823974,608554.5608596392
-4.809637508241962,0.008150813765046236,0.9991443308393132,-0.9960634764433544,776.5656480201336,603054.2056849301
-4.8066443125078155,0.00817524729496424,0.9991404829915487,-0.9960075799499364,773.0483513712152,597603.7535577537
-4.803651116537708,0.008199754070716572,0.9991366178510608,-0.9959528656716067,769.547106794727,592202.749576135
-4.800657920332204,0.008224334311877735,0.9991327353362346,-0.9958992794065591,766.061840199407,586850.7430097018
-4.797664723891868,0.008248988238680484,0.9991288353653783,-0.9958467094107607,762.5924778420455,581547.2872612706
-4.79467152721726,0.00827371607201779,0.9991249178569381,-0.9957949947286832,759.1389463258873,576291.9398287785
-4.7916783303089385,0.008298518033444818,0.9991209827296795,-0.995743936141806,755.7011725990316,571084.2622675513
-4.78868513316746,0.008323394345180908,0.9991170299028254,-0.9956933089895952,752.2790839528169,565923.8201528894
-4.785691935793379,0.008348345230111586,0.9991130592961431,-0.9956428770337293,748.8726080202002,560810.1830429764
-4.7826987381872454,0.008373370911790539,0.9991090708299784,-0.99559240651781,745.4816727741221,555742.9244421032
-4.7797055403496085,0.00839847161444164,0.9991050644252324,-0.9955416795972454,742.1062065258599,550721.6217642021
-4.776712342281015,0.008423647562960932,0.9991010400032885,-0.9954905063830417,738.7461379233711,545745.8562966964
-4.773719143982008,0.008448898982918668,0.9990969974858903,-0.9954387349611691,735.4013959496289,540815.2131646628
-4.770725945453131,0.008474226100561309,0.9990929367949827,-0.9953862588889156,732.0719099209513,535929.2812953094
-4.767732746694921,0.00849962914281357,0.9990888578525224,-0.9953330218421074,728.7576094853289,531087.6533827711
-4.764739547707916,0.00852510833728044,0.9990847605802727,-0.9952790192507798,725.4584246207628,526289.925853239
-4.761746348492653,0.008550663912249214,0.999080644899592,-0.9952242969505077,722.1742856335951,521535.69883039343
-4.758753149049665,0.008576296096691558,0.9990765107312293,-0.9951689470516684,718.9051231568684,516824.5761011921
-4.755759949379484,0.008602005120265542,0.9990723579951376,-0.9951131013450992,715.6508681486845,512156.1650819658
-4.752766749482641,0.008627791213317703,0.9990681866103154,-0.9950569227329426,712.4114518905964,507530.0767848675
-4.749773549359666,0.008653654606885105,0.9990639964946835,-0.9950005952189662,709.186805986008,502945.9257846358
-4.746780349011087,0.008679595532697407,0.9990597875650036,-0.9949443130850781,705.9768623586083,498403.33018570533
-4.7437871484374305,0.008705614223178962,0.9990555597368425,-0.9948882698697927,702.7815532508155,493901.9115896288
-4.740793947639223,0.008731710911450854,0.9990513129245806,-0.9948326477763887,699.6008112222627,489441.295062848
-4.737800746616989,0.008757885831333032,0.9990470470414663,-0.9947776080593036,696.4345691482868,485021.1091047598
-4.734807545371251,0.008784139217346372,0.9990427619997081,-0.99472328289012,693.2827602184536,480640.9856161179
-4.731814343902532,0.008810471304714804,0.9990384577106018,-0.9946697690758459,690.1453179350889,476300.5598677249
-4.728821142211352,0.008836882329367407,0.9990341340846831,-0.994617123901538,687.0221761118337,471999.4704694394
-4.725827940298229,0.008863372527940526,0.9990297910318966,-0.9945653632424143,683.9132688722084,467737.35933946964
-4.72283473816368,0.008889942137779907,0.9990254284617726,-0.9945144619510752,680.818530648183,463513.8716739509
-4.719841535808221,0.00891659139694279,0.999021046283601,-0.9944643564147594,677.7378961787591,459328.65591681044
-4.716848333232364,0.008943320544200073,0.9990166444065941,-0.9944149490656139,674.6713005085502,455181.3637298984
-4.71385513043662,0.008970129819038462,0.9990122227400282,-0.9943661145225822,671.6186789863567,451071.64996337885
-4.710861927421499,0.008997019461662578,0.9990077811933591,-0.9943177069832028,668.5799672637537,446999.172626402
-4.707868724187507,0.009023989712997142,0.9990033196763042,-0.9942695684287739,665.5551012936581,442963.59285801154
-4.704875520735148,0.009051040814689125,0.9989988380988889,-0.9942215371786047,662.5440173289002,438964.574898318
-4.701882317064924,0.009078173009109911,0.9989943363714552,-0.9941734563392322,659.5466519207879,435001.78605992097
-4.6988891131773345,0.009105386539357479,0.9989898144046327,-0.9941251817135167,656.5629419176676,431074.8966995825
-4.695895909072877,0.009132681649258564,0.9989852721092755,-0.994076588783128,653.592824463475,427183.5801901429
-4.692902704752046,0.009160058583370852,0.9989807093963666,-0.994027578442545,650.6362369962961,423327.51289270044
-4.689909500215336,0.009187517586985168,0.9989761261768995,-0.9939780812378061,647.6931172469128,419506.37412902317
-4.686916295463237,0.009215058906127675,0.9989715223617383,-0.9939280599529331,644.7634032373597,415719.84615422215
-4.683923090496238,0.009242682787562082,0.9989668978614689,-0.9938775104806846,641.8470332794845,411967.6141296757
-4.680929885314827,0.009270389478791838,0.9989622525862456,-0.9938264609936165,638.9439459735114,408249.36609620147
-4.677936679919489,0.009298179228062364,0.9989575864456419,-0.9937749695311918,636.0540802066167,404564.7929474852
-4.674943474310708,0.009326052284363269,0.9989528993485131,-0.9937231201788811,633.1773751515137,400913.58840376075
-4.671950268488967,0.009354008897430587,0.9989481912028763,-0.9936710180862915,630.3137702650519,397295.44898574456
-4.668957062454747,0.009382049317749006,0.9989434619158144,-0.9936187836150464,627.463205286828,393710.07398882014
-4.665963856208527,0.009410173796554124,0.9989387113934071,-0.99356654594436,624.6256202378172,390157.16545747785
-4.662970649750786,0.009438382585834675,0.9989339395406912,-0.9935144364640989,621.8009554190176,386636.42816000304
-4.659977443082001,0.009466675938334817,0.9989291462616533,-0.9934625822876881,618.9891514101078,383147.5695634053
-4.656984236202647,0.009495054107556376,0.9989243314592515,-0.993411100200151,616.1901490681277,379690.2998086014
-4.6539910291132,0.009523517347761119,0.9989194950354665,-0.9933600913161729,613.4038895261677,376264.331685831
-4.650997821814132,0.009552065913973055,0.9989146368913778,-0.9933096366742606,610.6303141920746,372869.38061031175
-4.648004614305914,0.009580700061980684,0.9989097569272606,-0.9932597939514644,607.8693647471694,369505.16459812724
-4.645011406589017,0.00960942004833932,0.998904855042698,-0.9932105954066647,605.1209831449755,366171.40424234176
-4.642018198663909,0.009638226130373378,0.9988999311367036,-0.9931620471013881,602.3851116099544,362867.8226893372
-4.639024990531055,0.009667118566178688,0.9988949851078469,-0.993114129390934,599.6616926362503,359594.14561537275
-4.636031782190923,0.009696097614624788,0.9988900168543767,-0.9930667986080584,596.9506689864397,356350.1012033579
-4.633038573643973,0.009725163535357271,0.9988850262743357,-0.9930199898202834,594.2519836902817,353135.42011983483
-4.630045364890667,0.009754316588800107,0.9988800132656618,-0.9929736204791236,591.5655800434708,349949.8354921681
-4.627052155931464,0.009783557036157948,0.9988749777262708,-0.9929275947690388,588.8914016063951,346793.0828859445
-4.624058946766821,0.009812885139418507,0.9988699195541183,-0.9928818084139686,586.2293922028867,343664.900282566
-4.621065737397193,0.00984230116135489,0.9988648386472371,-0.9928361537129404,583.5794959189759,340565.028057046
-4.618072527823031,0.009871805365527954,0.9988597349037494,-0.9927905245552421,580.9416571016416,337493.20895600127
-4.615079318044787,0.009901398016288662,0.9988546082218541,-0.9927448211907339,578.3158203575655,334449.18807584397
-4.612086108062908,0.009931079378780454,0.9988494584997902,-0.9926989545429944,575.7019305518801,331432.71284116176
-4.609092897877841,0.009960849718941619,0.9988442856357779,-0.9926528498900109,573.0999328069204,328443.53298329667
-4.60609968749003,0.009990709303507697,0.9988390895279415,-0.9926064497690548,570.509772500973,325481.40051911195
-4.603106476899917,0.01002065840001384,0.9988338700742174,-0.9925597160065629,567.9313952670354,322546.06972996163
-4.600113266107943,0.010050697276797232,0.9988286271722514,-0.9925126308100872,565.364746991568,319637.29714083974
-4.597120055114546,0.010080826202999476,0.9988233607192908,-0.9924651969192185,562.8097738132603,316754.8414997333
-4.594126843920162,0.010111045448569023,0.9988180706120753,-0.9924174368374128,560.266422121798,313898.4637571607
-4.591133632525228,0.01014135528426356,0.9988127567467322,-0.9923693912177215,557.7346385566403,311067.92704590625
-4.588140420930176,0.010171755981652467,0.99880741901868,-0.9923211165052923,555.2143700058048,308262.9966609427
-4.585147209135439,0.01020224781311924,0.9988020573225438,-0.9922726819730675,552.7055636046613,305483.4400395463
-4.582153997141447,0.010232831051863917,0.9987966715520872,-0.9922241662967792,550.2081667347369,302729.0267416
-4.579160784948629,0.010263505971905548,0.9987912616001615,-0.99217565384432,547.7221270225328,299999.5284300876
-4.576167572557412,0.010294272848084636,0.9987858273586748,-0.9921272308471245,545.24739233835,297294.71885177057
-4.573174359968224,0.01032513195606559,0.9987803687185819,-0.9920789816201222,542.7839107951305,294614.3738180562
-4.570181147181489,0.010356083572339221,0.9987748855698939,-0.9920309850016656,540.3316307473025,291958.27118603926
-4.56718793419763,0.010387127974225209,0.9987693778017074,-0.9919833111467966,537.8905007896443,289326.19083973434
-4.564194721017071,0.01041826543987456,0.9987638453022508,-0.991936018799561,535.4604697561533,286717.91467148036
-4.56120150764023,0.010449496248272155,0.9987582879589462,-0.9918891531454883,533.0414867189235,284133.22656352026
-4.558208294067528,0.010480820679239194,0.9987527056584816,-0.9918427443105851,530.6335009870373,281571.91236976016
-4.555215080299382,0.010512239013435749,0.9987470982868933,-0.991796806539935,528.2364621054556,279033.75989768846
-4.5522218663362075,0.01054375153236324,0.9987414657296516,-0.9917513380714968,525.850319853924,276518.5588904742
-4.54922865217842,0.010575358518366983,0.9987358078717475,-0.9917063216782473,523.4750242458767,274026.1010092212
-4.5462354378264305,0.010607060254638727,0.9987301245977772,-0.9916617258326177,521.1105255273482,271556.179815389
-4.54324222328065,0.010638857025219165,0.9987244157920194,-0.9916175064187601,518.7567741758875,269108.5907533727
-4.540249008541488,0.010670749115000504,0.9987186813385037,-0.9915736089040117,516.4137208994766,266683.13113324257
-4.53725579360935,0.010702736809729003,0.9987129211210665,-0.9915299708585921,514.0813166354476,264279.6001136353
-4.5342625784846415,0.01073482039600754,0.9987071350233926,-0.991486524711432,511.7595125494069,261897.79868480656
-4.531269363167765,0.010767000161298189,0.9987013229290418,-0.9914432006160333,509.4482600341524,259537.52965182535
-4.528276147659122,0.010799276393924771,0.9986954847214585,-0.9913999293096989,507.1475107086018,257198.5976179314
-4.5252829319591115,0.010831649383075464,0.9986896202839652,-0.9913566448515518,504.8572164167131,254880.80896803187
-4.522289716068129,0.010864119418805393,0.9986837294997402,-0.9913132871302799,502.57732922641117,252583.9718523525
-4.51929649998657,0.010896686792039202,0.99867781225178,-0.9912698040546369,500.30780142851796,250307.89617023736
-4.516303283714828,0.010929351794573682,0.9986718684228505,-0.9912261533483717,498.0485855356787,248052.39355409023
-4.513310067253294,0.010962114719080386,0.9986658978954256,-0.9911823038969498,495.7996342812964,245817.27735346725
-4.510316850602357,0.010994975859108249,0.9986599005516188,-0.991138236608297,493.5609006184664,243602.36261931167
-4.507323633762405,0.011027935509086201,0.9986538762731096,-0.9910939447717086,491.33233771892014,241407.466088339
-4.504330416733823,0.011060993964325833,0.9986478249410672,-0.991049433925105,489.1138989719644,239232.40616755697
-4.501337199516995,0.011094151521024028,0.9986417464360745,-0.9910047212489915,486.90553798343575,237077.002918939
-4.498343982112304,0.011127408476265616,0.9986356406380564,-0.9909598345329421,484.7072085746577,234941.07804423675
-4.49535076452013,0.011160765128026015,0.9986295074262134,-0.9909148107693521,482.5188647814016,232824.45486993252
-4.492357546740853,0.011194221775173945,0.9986233466789634,-0.9908696944452264,480.34046085285826,230726.95833233625
-4.48936432877485,0.011227778717474062,0.9986171582738942,-0.9908245356053796,478.17195125061676,228648.41496282222
-4.486371110622499,0.011261436255589665,0.9986109420877276,-0.9907793877731802,476.0132906476509,226588.65287320496
-4.483377892284174,0.011295194691085393,0.9986046979962955,-0.9907343058121929,473.86443392731076,224547.50174125066
-4.4803846737602475,0.011329054326429921,0.9985984258745296,-0.990689343810853,471.7253361823266,222524.79279632904
-4.477391455051093,0.011363015464998667,0.9985921255964646,-0.9906445530698806,469.59595271381875,220520.3588051991
-4.4743982361570795,0.011397078411076513,0.9985857970352526,-0.9905999802651383,467.47623903031416,218534.03405792743
-4.4714050170785775,0.011431243469860531,0.9985794400631903,-0.9905556658436866,465.3661508467722,216565.65435394074
-4.468411797815953,0.011465510947462726,0.9985730545517556,-0.9905116427073356,463.2656440836163,214615.05698820783
-4.465418578369574,0.011499881150912763,0.9985666403716531,-0.99046793521919,461.1746748657728,212682.08073755124
-4.462425358739805,0.011534354388160722,0.9985601973928658,-0.9904245585586269,459.093199521715,210766.56584708524
-4.459432138927006,0.01156893096807989,0.9985537254847111,-0.9903815184341679,457.0211745825109,208868.35401677794
-4.456438918931542,0.011603611200469478,0.9985472245158988,-0.9903388111489397,454.95855678088265,206987.2883881436
-4.453445698753771,0.011638395396057424,0.9985406943545894,-0.9902964240056235,452.9053030502624,205123.21353105002
-4.45045247839405,0.011673283866503195,0.9985341348684491,-0.9902543360214953,450.8613705238549,203275.97543064874
-4.447459257852737,0.011708276924400537,0.9985275459247019,-0.9902125189150979,448.8267165337065,201445.4214744281
-4.4444660371301845,0.011743374883280321,0.9985209273901737,-0.990170938322127,446.80129860977274,199631.4004393793
-4.441472816226747,0.011778578057613315,0.9985142791313301,-0.9901295551812461,444.7850744789919,197833.76247928236
-4.438479595142773,0.011813886762813032,0.9985076010143044,-0.9900883272421667,442.7780020643582,196052.35911210478
-4.435486373878613,0.011849301315238538,0.9985008929049164,-0.9900472106308871,440.780039484001,194287.04320751748
-4.432493152434613,0.011884822032197302,0.9984941546686806,-0.9900061614198087,438.7911450502621,192537.66897452017
-4.429499930811119,0.011920449231948014,0.9984873861708038,-0.9899651371435634,436.81127726877804,190804.09194918128
-4.426506709008473,0.011956183233703458,0.9984805872761731,-0.9899240982112316,434.84039483756453,189086.168982489
-4.423513487027017,0.011992024357633383,0.9984737578493336,-0.9898830091719985,432.8784566461009,187383.75822831027
-4.42052026486709,0.012027972924867333,0.9984668977544585,-0.9898418397911606,430.92542177442067,185696.71913146233
-4.41752704252903,0.012064029257497562,0.9984600068553107,-0.9898005659117258,428.98124949220335,184024.912415892
-4.414533820013172,0.012100193678581908,0.9984530850151989,-0.9897591700763922,427.04589925786826,182368.20007296136
-4.41154059731985,0.01213646651214667,0.9984461320969291,-0.9897176419022923,425.11933071767515,180726.44534984406
-4.408547374449397,0.012172848083189535,0.9984391479627533,-0.9896759781991797,423.2015037048241,179099.51273802426
-4.405554151402145,0.012209338717682466,0.9984321324743172,-0.9896341828436396,421.2923782385667,177487.26796190755
-4.40256092817842,0.012245938742574665,0.9984250854926079,-0.9895922664186301,419.39191452331147,175889.5779675286
-4.399567704778551,0.01228264848579544,0.9984180068779049,-0.9895502456420356,417.5000729477469,174306.310911374
-4.396574481202864,0.012319468276257203,0.998410896489734,-0.9895081426092348,415.61681408395685,172737.33614929835
-4.393581257451683,0.012356398443858378,0.9984037541868261,-0.9894659838846822,413.7420986865525,171182.52422555294
-4.39058803352533,0.01239343931948638,0.9983965798270832,-0.9894237994763069,411.87588769180053,169641.74686190867
-4.387594809424127,0.012430591235020555,0.9983893732675502,-0.9893816217340443,410.0181422167654,168114.87694688764
-4.384601585148393,0.01246785452333517,0.9983821343643956,-0.9893394842072804,408.168823558451,166601.78852508988
-4.381608360698446,0.012505229518302404,0.9983748629728993,-0.9892974205053342,406.32789319295017,165102.35678662153
-4.378615136074603,0.012542716554795328,0.9983675589474493,-0.989255463194212,404.4953127746024,163616.4580566234
-4.37562191127718,0.012580315968690886,0.9983602221415456,-0.9892136427660633,402.6710441351536,162143.9697848948
-4.372628686306489,0.012618028096872954,0.9983528524078122,-0.9891719867113333,400.8550492829214,160684.77053561335
-4.369635461162844,0.0126558532772353,0.9983454495980159,-0.989130518718245,399.04729040197134,159238.73997715526
-4.366642235846554,0.012693791848684667,0.9983380135630904,-0.9890892580232225,397.24772985129033,157805.75887200373
-4.36364901035793,0.012731844151143777,0.9983305441531666,-0.9890482189239699,395.4563301639709,156385.70906675557
-4.360655784697278,0.012770010525554385,0.9983230412176053,-0.9890074104667343,393.6730540463963,154978.47348221688
-4.357662558864905,0.012808291313880331,0.9983155046050337,-0.988966836308368,391.8978643774339,153583.9361035936
-4.354669332861115,0.012846686859110605,0.9983079341633823,-0.9889264947544424,390.1307242076285,152201.98197076868
-4.35167610668621,0.012885197505262439,0.998300329739922,-0.988886378961963,388.37159675840076,150832.49716866983
-4.348682880340493,0.012923823597384355,0.9982926911813003,-0.9888464772950325,386.6204454212521,149475.36881772737
-4.3456896538242615,0.012962565481559296,0.9982850183335743,-0.9888067738170778,384.8772337569687,148130.4850644163
-4.342696427137813,0.013001423504907706,0.9982773110422414,-0.9887672488979868,383.1419254948304,146797.73507188616
-4.339703200281445,0.013040398015590622,0.9982695691522641,-0.9887278799142964,381.41448453182346,145477.0090106766
-4.33670997325545,0.013079489362812833,0.9982617925080908,-0.9886886420161284,379.69487493185454,144168.19804951665
-4.333716746060121,0.013118697896826003,0.9982539809536704,-0.9886495089352164,377.9830609249672,142871.19434620749
-4.3307235186957485,0.013158023968931771,0.9982461343324606,-0.988610453807879,376.2790069065639,141585.89103858997
-4.327730291162621,0.013197467931484942,0.9982382524874301,-0.988571449987783,374.5826774366266,140312.18223559187
-4.324737063461026,0.013237030137896625,0.9982303352610548,-0.9885324718231403,372.89403723894196,139049.96300835744
-4.3217438355912465,0.013276710942637417,0.9982223824953067,-0.9884934953775724,371.2130512003299,137799.12938145877
-4.318750607553568,0.013316510701240538,0.9982143940316389,-0.9884544990748623,369.5396843698736,136559.5783241858
-4.3157573793482715,0.013356429770305062,0.9982063697109634,-0.9884154642517432,367.873901958153,135331.20774191676
-4.312764150975636,0.013396468507499102,0.9981983093736259,-0.9883763756046885,366.2156693364797,134113.91646756584
-4.30977092243594,0.013436627271562985,0.9981902128593758,-0.9883372215220613,364.56495203613736,132907.60425311115
-4.30677769372946,0.013476906422312512,0.9981820800073343,-0.9882979942984997,362.9217157476245,131712.17176119954
-4.30378446485647,0.013517306320642136,0.9981739106559595,-0.9882586902257775,361.2859263198987,130527.52055682726
-4.300791235817243,0.013557827328528234,0.9981657046430111,-0.9882193095660823,359.65754975962733,129353.5530990988
-4.297798006612051,0.013598469809032331,0.9981574618055152,-0.9881798564108131,358.0365522304396,128190.17273306032
-4.294804777241162,0.01363923412630435,0.9981491819797295,-0.9881403384342756,356.4229000521852,127037.28368160999
-4.291811547704845,0.013680120645585893,0.9981408650011101,-0.9881007665536921,354.8165597001914,125894.7910374795
-4.288818318003367,0.01372112973321348,0.9981325107042822,-0.988061154507342,353.2174978045336,124762.60075529569
-4.285825088136991,0.013762261756621881,0.9981241189230122,-0.9880215183689369,351.62568114929803,123640.6196437078
-4.282831858105982,0.013803517084347357,0.9981156894901848,-0.98798187601163,350.04107667186037,122528.75535759523
-4.2798386279106,0.013844896086031,0.9981072222377843,-0.9879422465401096,348.46365146216016,121426.91639034184
-4.2768453975511065,0.013886399132422015,0.99809871699688,-0.9879026497083497,346.8933727619842,120335.01206618494
-4.273852167027759,0.013928026595381077,0.9980901735976172,-0.9878631053399656,345.3302079642518,119252.95253263341
-4.270858936340816,0.013969778847883627,0.9980815918692122,-0.9878236327648371,343.7741246123059,118180.64875295723
-4.267865705490532,0.014011656264023235,0.9980729716399527,-0.9877842502909882,342.22509039920783,117118.01249874597
-4.264872474477162,0.014053659219014946,0.9980643127372025,-0.9877449747224478,340.68307316703607,116064.95634253605
-4.261879243300958,0.014095788089198653,0.9980556149874104,-0.9877058209347643,339.1480409061885,115021.3936505057
-4.25888601196217,0.014138043252042449,0.9980468782161227,-0.9876668015174004,337.6199617546898,113987.23857523823
-4.255892780461049,0.014180425086146033,0.9980381022479995,-0.987627926492634,336.09880399750233,112962.4060485515
-4.252899548797842,0.014222933971244077,0.9980292869068328,-0.987589203111988,334.58453606584106,111946.8117743941
-4.249906316972795,0.01426557028820966,0.9980204320155671,-0.9875506357346029,333.0771265364893,110940.3722218045
-4.2469130849861525,0.014308334419057649,0.9980115373963215,-0.9875122257882842,331.5765441311226,109943.00461793829
-4.243919852838158,0.014351226746948135,0.9980026028704114,-0.9874739718101946,330.0827577156332,108954.6269411574
-4.240926620529053,0.014394247656189886,0.9979936282583711,-0.9874358695620375,328.5957362994559,107975.15791418156
-4.237933388059076,0.014437397532243762,0.997984613379975,-0.9873979122161827,327.11544903490113,107004.516997305
-4.2349401554284665,0.014480676761726178,0.9979755580542575,-0.9873600906025402,325.64186521648844,106042.62438167362
-4.23194692263746,0.014524085732412567,0.997966462099531,-0.9873223935089129,324.1749542802828,105089.40098262344
-4.228953689686292,0.014567624833240884,0.9979573253334009,-0.9872848080241562,322.71468580323335,104144.76843307962
-4.225960456575193,0.01461129445431505,0.9979481475727784,-0.9872473199134962,321.2610295025169,103208.64907701705
-4.222967223304396,0.014655094986908474,0.9979389286338896,-0.987209914015758,319.81395523488237,102280.96596297935
-4.21997398987413,0.014699026823467529,0.9979296683322806,-0.9871725746500122,318.3734329959973,101361.64283765678
-4.216980756284622,0.014743090357615111,0.9979203664828199,-0.9871352860218421,316.939432919799,100450.60413952377
-4.213987522536098,0.014787285984154143,0.9979110228996965,-0.9870980326175417,315.51192527784536,99547.77499253268
-4.2109942886287826,0.014831614099071109,0.9979016373964142,-0.9870607995793099,314.09088047867084,98653.08119986669
-4.208001054562898,0.014876075099539606,0.9978922097857829,-0.9870235730493542,312.67626906714463,97766.44923774943
-4.205007820338664,0.014920669383923911,0.9978827398799057,-0.9869863404762683,311.26806172382874,96887.80624930926
-4.2020145859563,0.01496539735178255,0.9978732274901645,-0.9869490908794036,309.8662292643428,96017.08003850224
-4.199021351416022,0.015010259403871871,0.9978636724272012,-0.9869118150636287,308.4707426387271,95154.19906408779
-4.196028116718046,0.015055255942149624,0.9978540745008982,-0.9868745057824032,307.08157293081376,94299.09243366269
-4.193034881862586,0.015100387369778583,0.9978444335203562,-0.9868371578470936,305.69869135759586,93451.68989774665
-4.1900416468498545,0.015145654091130155,0.9978347492938713,-0.9867997681808222,304.32206926860084,92611.92184392309
-4.187048411680061,0.015191056511787999,0.9978250216289107,-0.9867623358195535,302.9516781452681,91779.71929103411
-4.184055176353413,0.015236595038551667,0.9978152503320893,-0.9867248618604043,301.58748960032796,90955.01388342792
-4.1810619408701175,0.015282270079440238,0.9978054352091454,-0.9866873493612148,300.2294753771862,90137.73788526045
-4.178068705230381,0.015328082043695962,0.9977955760649179,-0.9866498031977158,298.87760734930845,89327.8241748474
-4.175075469434407,0.015374031341787962,0.9977856727033242,-0.9866122298794697,297.5318575196091,88525.20623906897
-4.1720822334823975,0.015420118385415899,0.9977757249273402,-0.9865746373342517,296.1921980198446,87729.81816782684
-4.169088997374552,0.015466343587513639,0.997765732538982,-0.9865370346653413,294.8586011100084,86941.59464855105
-4.16609576111107,0.01551270736225299,0.9977556953392898,-0.9864994318893362,293.53103917772887,86160.4709607574
-4.163102524692148,0.015559210125047369,0.9977456131283139,-0.9864618396615984,292.2094847376735,85386.38297065665
-4.160109288117981,0.015605852292555577,0.9977354857051047,-0.9864242689951698,290.89391043095173,84619.26712581057
-4.1571160513887655,0.015652634282685467,0.9977253128677037,-0.9863867309826028,289.58428902452545,83859.06044983989
-4.154122814504691,0.015699556514597767,0.9977150944131383,-0.9863492365241601,288.2805934106186,83105.7005371784
-4.151129577465951,0.015746619408709764,0.9977048301374193,-0.9863117960705678,286.9827966061349,82359.1255478782
-4.148136340272733,0.015793823386699112,0.9976945198355404,-0.9862744193853076,285.69087175207363,81619.27420245978
-4.145143102925225,0.01584116887150761,0.9976841633014808,-0.9862371153306705,284.40479211295104,80886.0857768109
-4.142149865423613,0.015888656287344975,0.9976737603282102,-0.9861998916821371,283.1245310762264,80159.50009713309
-4.139156627768081,0.015936286059692654,0.997663310707695,-0.9861627549746367,281.85006215172746,79439.45753493263
-4.136163389958813,0.015984058615307627,0.9976528142309066,-0.9861257103820363,280.5813589710822,78725.89900205928
-4.13317015199599,0.016031974382226234,0.9976422706878315,-0.9860887616318241,279.3183952871515,78018.7659457894
-4.130176913879791,0.016080033789768036,0.997631679867482,-0.9860519109560225,278.0611449734643,77318.00034395393
-4.127183675610394,0.01612823726853964,0.9976210415579073,-0.9860151590773076,276.80958202365673,76623.54470011154
-4.124190437187976,0.016176585250438524,0.9976103555462056,-0.9859785052289564,275.5636805509151,75935.34203876677
-4.121197198612711,0.016225078168657,0.9975996216185355,-0.985941947208581,274.3234147874183,75253.33590062994
-4.118203959884772,0.01627371645768598,0.9975888395601277,-0.9859054814611641,273.08875908378513,74577.47033792164
-4.11521072100433,0.01632250055331897,0.9975780091552949,-0.9858691031891215,271.859687908523,73907.68990971951
-4.112217481971555,0.016371430892655924,0.9975671301874421,-0.9858328064870215,270.6361758474807,73243.93967734848
-4.109224242786615,0.016420507914107162,0.9975562024390742,-0.9857965844948535,269.41819760330117,72586.16519981144
-4.1062310034496745,0.016469732057397327,0.9975452256918025,-0.9857604295674885,268.2057279948785,71934.31252926275
-4.103237763960899,0.016519103763569278,0.9975341997263503,-0.9857243334552739,266.99874195681804,71288.32820652351
-4.100244524320451,0.016568623474988085,0.9975231243225552,-0.9856882874914142,265.7972145388948,70648.15925663528
-4.097251284528491,0.016618291635344982,0.9975119992593704,-0.9856522827817192,264.60112090552,70013.75318445763
-4.094258044585179,0.01666810868966134,0.9975008243148636,-0.9856163103929325,263.41043633520405,69385.05797030259
-4.091264804490672,0.01671807508429263,0.9974895992662138,-0.985580361535274,262.2251362200263,68762.02206561134
-4.088271564245125,0.01676819126693249,0.997478323889706,-0.9855444277353447,261.0451960651044,68144.59438866879
-4.085278323848692,0.01681845768661668,0.9974669979607242,-0.9855085009965584,259.87059148806776,67532.72432035819
-4.0822850833015245,0.01686887479372709,0.9974556212537422,-0.98547257394394,258.70129821853124,66926.36169995343
-4.079291842603774,0.01691944303999584,0.9974441935423128,-0.9854366399503038,257.53729209757364,66325.45682095096
-4.076298601755588,0.01697016287850928,0.9974327145990557,-0.9854006932429396,256.3785490772153,65729.96042693811
-4.073305360757114,0.017021034763712056,0.9974211841956435,-0.9853647289884789,255.2250452199025,65139.82370750128
-4.070312119608497,0.017072059151411224,0.9974096021027875,-0.9853287433552139,254.07675669798832,64554.99829416875
-4.06731887830988,0.017123236498780253,0.9973979680902214,-0.9852927335526125,252.93365979322226,63975.4362563935
-4.064325636861405,0.017174567264363207,0.9973862819266855,-0.9852566978477799,251.79573089623668,63401.090097570035
-4.061332395263211,0.017226051908078802,0.9973745433799102,-0.9852206355599573,250.66294650603965,62831.912751089694
-4.058339153515437,0.01727769089122453,0.9973627522165986,-0.9851845470333042,249.53528322950805,62267.857576430804
-4.055345911618219,0.01732948467648083,0.9973509082024111,-0.9851484335898384,248.41271778088372,61708.878355284985
-4.052352669571692,0.017381433727915185,0.9973390111019482,-0.9851122974646678,247.29522698127178,61154.92928771873
-4.049359427375989,0.017433538510986325,0.9973270606787356,-0.9850761417243175,246.18278775814287,60605.96498837082
-4.046366185031241,0.01748579949254835,0.9973150566952089,-0.9850399701718806,245.0753771448359,60061.94048268355
-4.043372942537578,0.017538217140854948,0.9973029989127006,-0.9850037872399791,243.9729722800639,59522.811203168836
-4.040379699895128,0.01759079192556361,0.9972908870914267,-0.9849675978753923,242.87555040742296,58988.532985708654
-4.0373864571040174,0.017643524317739773,0.997278720990476,-0.9849314074173583,241.78308887490397,58459.06206588971
-4.034393214164371,0.017696414789861094,0.9972665003678,-0.9848952214724835,240.69556513440529,57934.35507537074
-4.031399971076312,0.01774946381582167,0.9972542249802042,-0.9848590457883988,239.6129567412496,57414.369038283956
-4.028406727839961,0.0178026718709363,0.9972418945833414,-0.9848228861294392,238.53524135370117,56899.061367668466
-4.025413484455439,0.017856039431944696,0.997229508931706,-0.9847867481558492,237.46239673248954,56388.38986193826
-4.022420240922862,0.017909566977015817,0.9972170677786301,-0.9847506373097714,236.39440074032964,55882.31270137957
-4.019426997242348,0.017963254985752106,0.9972045708762803,-0.9847145587090654,235.33123134145075,55380.78844468341
-4.016433753414011,0.018017103939193823,0.9971920179756573,-0.984678517050985,234.27286660112296,54883.776025507555
-4.013440509437965,0.018071114319823313,0.997179408826595,-0.9846425165271905,233.21928468518894,54391.234749071205
-4.01044726531432,0.01812528661156938,0.9971667431777619,-0.984606560752014,232.17046385959637,53903.12428878014
-4.007454021043186,0.018179621299811592,0.9971540207766633,-0.9845706527032299,231.12638248993318,53419.40468288289
-4.004460776624671,0.01823411887138463,0.9971412413696434,-0.9845347946777683,230.08701904096648,52940.03633115807
-4.001467532058881,0.018288779814582684,0.9971284047018898,-0.9844989882611823,229.05235207618114,52464.97999163084
-3.998474287345921,0.018343604619163775,0.9971155105174364,-0.9844632343118712,228.0223602573228,51994.1967773203
-3.9954810424858938,0.01839859377635418,0.9971025585591684,-0.9844275329592826,226.99702234394164,51527.648153015936
-3.9924877974789,0.018453747778852836,0.9970895485688263,-0.9843918836158871,225.9763171929396,51065.29593208405
-3.989494552325039,0.018509067120835734,0.9970764802870102,-0.9843562850016755,224.96022375811833,50607.10227330267
-3.986501307024409,0.01856455229796037,0.9970633534531843,-0.9843207351808552,223.948721089731,50153.02967772613
-3.9835080615771052,0.018620203807370173,0.9970501678056801,-0.9842852316092788,222.94178833403356,49703.04098557702
-3.9805148159832218,0.018676022147698968,0.9970369230817,-0.9842497711911932,221.93940473284138,49257.09937316798
-3.977521570242851,0.018732007819075434,0.9970236190173195,-0.984214350344311,220.94154962308517,48815.1683498502
-3.9745283243560836,0.018788161323127592,0.9970102553474892,-0.9841789650710813,219.9482024363705,48377.21175499062
-3.9715350783230083,0.0188444831629873,0.9969968318060355,-0.9841436110353622,218.95934269853768,47943.19375497567
-3.968541832143712,0.018900973843294772,0.9969833481256606,-0.9841082836420274,217.97495002922594,47513.07884024354
-3.9655485858182793,0.018957633870203085,0.9969698040379411,-0.9840729781190228,216.99500414143793,47086.83182234267
-3.9625553393467943,0.019014463751382712,0.9969561992733263,-0.9840376895991428,216.01948484110602,46664.417831016835
-3.959562092729338,0.0190714639960261,0.9969425335611343,-0.9840024132012106,215.04837202666135,46245.80231131735
-3.9565688459659905,0.019128635114852188,0.9969288066295477,-0.9839671441079976,214.08164568860514,45830.951020741464
-3.9535755990568293,0.019185977620111035,0.9969150182056087,-0.9839318776409798,213.11928590907957,45419.830026396
-3.9505823520019305,0.019243492025588373,0.9969011680152113,-0.9838966093297257,212.16127286144453,45012.40570218832
-3.9475891048013687,0.019301178846610208,0.9968872557830951,-0.9838613349751127,211.2075868098524,44608.64472604133
-3.9445958574552162,0.019359038600047476,0.9968732812328358,-0.9838260507059041,210.2582081088268,44208.51407713472
-3.9416026099635437,0.01941707180432064,0.9968592440868361,-0.9837907530275469,209.31311720284305,43811.98103317111
-3.93860936232642,0.019475278979404348,0.9968451440663159,-0.9837554388628893,208.37229462591029,43419.01316766716
-3.935616114543912,0.019533660646832093,0.9968309808913008,-0.9837201055840322,207.43572100115563,43029.57834726928
-3.932622866616085,0.019592217329700894,0.9968167542806117,-0.9836847510359038,206.50337704040925,42643.64472909342
-3.9296296185430024,0.01965094955267595,0.9968024639518518,-0.983649373550452,205.5752435437942,42261.1807580903
-3.926636370324726,0.0197098578419954,0.9967881096213955,-0.9836139719522825,204.65130139931406,41882.15516443289
-3.9236431219613146,0.019768942725474987,0.9967736910043757,-0.9835785455559669,203.73153158244648,41506.536960929385
-3.920649873452827,0.01982820473251281,0.9967592078146713,-0.9835430941550395,202.8159151557358,41134.29544045863
-3.9176566247993194,0.01988764439409406,0.9967446597648948,-0.9835076180034049,201.9044332683898,40765.40017342967
-3.914663376000846,0.019947262242795784,0.9967300465663803,-0.9834721177895768,200.99706715587578,40399.82100526364
-3.9116701270574596,0.020007058812791658,0.9967153679291716,-0.9834365946048276,200.09379813952154,40037.528053899594
-3.9086768779692105,0.020067034639856787,0.9967006235620102,-0.9834010499058906,199.19460762611573,39678.4917073222
-3.9056836287361483,0.020127190261372465,0.9966858131723244,-0.9833654854724891,198.29947710751225,39322.68262111277
-3.9026903793583196,0.02018752621633104,0.9966709364662188,-0.9833299033615246,197.4083881602351,38970.071716022045
-3.8996971298357703,0.02024804304534071,0.9966559931484641,-0.9832943058580746,196.5213224450851,38620.63017556511
-3.8967038801685434,0.02030874129063039,0.9966409829224875,-0.9832586954244142,195.63826170675026,38274.329443638904
-3.8937106303566815,0.020369621496054535,0.9966259054903642,-0.9832230746481454,194.7591877734162,37931.14122216078
-3.890717380400224,0.020430684207098065,0.9966107605528096,-0.983187446189731,193.88408255637896,37591.03746872877
-3.8877241302992096,0.02049192997088123,0.9965955478091717,-0.9831518127310586,193.0129280496605,37253.99039430342
-3.8847308800536746,0.02055335933616448,0.9965802669574245,-0.9831161769251613,192.1457063296256,36919.97246091072
-3.8817376296636534,0.020614972853353446,0.9965649176941628,-0.9830805413482024,191.28239955459932,36588.95637936538
-3.8787443791291794,0.020676771074503816,0.9965494997145965,-0.9830449084544671,190.42298996448977,36260.915107016175
-3.875751128450283,0.020738754553326327,0.9965340127125467,-0.9830092805347221,189.56745988040817,35935.82184551016
-3.8727578776269937,0.020800923845191693,0.9965184563804417,-0.9829736596785636,188.71579170429484,35613.6500385788
-3.869764626659339,0.020863279507135596,0.9965028304093138,-0.9829380477412222,187.86796791854457,35294.37336984329
-3.8667713755473447,0.020925822097863672,0.9964871344887969,-0.9829024463150544,187.023971085635,34977.965760640436
-3.8637781242910347,0.020988552177756532,0.9964713683071243,-0.9828668567062684,186.18378384775554,34664.40136786776
-3.8607848728904304,0.02105147030887478,0.9964555315511272,-0.9828312799167547,185.34738892643938,34353.65458184878
-3.8577916213455525,0.021114577054964025,0.9964396239062328,-0.9827957166312161,184.51476912219735,34045.70002421779
-3.854798369656419,0.02117787298145998,0.9964236450564634,-0.9827601672094801,183.68590731415154,33740.51254582307
-3.851805117823046,0.021241358655493484,0.9964075946844358,-0.9827246316842944,182.86078645967302,33438.067224650134
-3.848811865845449,0.0213050346458956,0.99639147247136,-0.9826891097637139,182.03938959402072,33138.33936376366
-3.8458186137236403,0.021368901523202737,0.996375278097038,-0.9826536008387883,181.22169982998008,32841.3044892674
-3.8428253614576304,0.02143295985966172,0.9963590112398637,-0.9826181039952425,180.4077003575062,32546.938348283744
-3.8398321090474288,0.021497210229234953,0.9963426715768212,-0.9825826180296867,179.59737444336727,32255.21690695107
-3.836838856493042,0.02156165320760555,0.9963262587834837,-0.9825471414692487,178.79070543078865,31966.116348439038
-3.833845603794476,0.021626289372182486,0.9963097725340118,-0.9825116725946635,177.98767673910123,31679.6130709828
-3.830852350951733,0.02169111930210579,0.9962932125011518,-0.9824762094662628,177.18827186338854,31395.683685934084
-3.8278590979648155,0.021756143578251716,0.9962765783562333,-0.9824407499522491,176.39247437413798,31114.305015830923
-3.8248658448337225,0.02182136278323796,0.9962598697691664,-0.982405291758722,175.6002679168914,30835.454092484037
-3.821872591558452,0.02188677750142888,0.9962430864084384,-0.9823698324609674,174.81163621189913,30559.10815508136
-3.8188793381389994,0.021952388318940735,0.9962262279411103,-0.9823343695357396,174.02656305377494,30285.244648309505
-3.815886084575358,0.022018195823646943,0.9962092940328123,-0.9822989003935544,173.24503231115128,30013.84122049185
-3.8128928308675207,0.02208420060518331,0.9961922843477392,-0.9822634224112146,172.46702792633903,29744.875721744607
-3.8098995770154764,0.02215040325495339,0.9961751985486448,-0.9822279329631424,171.6925339149857,29478.32620214851
-3.8069063230192137,0.022216804366133703,0.9961580362968361,-0.9821924294521523,170.92153436573759,29214.170909938013
-3.803913068878718,0.022283404533679115,0.9961407972521669,-0.9821569093384689,170.15401343990112,28952.38828970605
-3.8009198145939735,0.022350204354328128,0.9961234810730305,-0.9821213701669786,169.38995537110864,28692.95698062618
-3.7979265601649628,0.02241720442660824,0.9961060874163528,-0.9820858095923056,168.62934446498312,28435.855814689934
-3.7949333055916656,0.022484405350841327,0.9960886159375834,-0.9820502254016119,167.872165098806,28181.063814960777
-3.7919400508740604,0.022551807729148998,0.9960710662906878,-0.9820146155345048,167.11840172118542,27928.56019384351
-3.788946796012123,0.022619412165458007,0.9960534381281384,-0.9819789781002837,166.36803885172722,27678.324351369818
-3.785953541005828,0.022687219265505664,0.9960357311009054,-0.9819433113921905,165.62106108070634,27430.33587349906
-3.782960285855147,0.02275522963684525,0.9960179448584466,-0.9819076138987627,164.87745306874072,27184.5745304348
-3.7799670305600515,0.022823443888851467,0.9960000790486986,-0.9818718843117674,164.1371995464656,26941.02027495627
-3.7769737751205095,0.022891862632725905,0.9959821333180656,-0.9818361215315049,163.40028531421072,26699.653240765467
-3.773980519536487,0.022960486481502534,0.9959641073114102,-0.9818003246686081,162.66669524167756,26460.453740848803
-3.7709872638079487,0.02302931605005317,0.9959460006720421,-0.981764493043416,161.9364142676188,26223.402265853852
-3.767994007934857,0.023098351955092994,0.9959278130417085,-0.9817286261820602,161.20942739952037,25988.479482481227
-3.7650007519171726,0.02316759481518608,0.9959095440605833,-0.9816927238102459,160.48571971328218,25755.66623189017
-3.762007495754854,0.02323704525075095,0.9958911933672564,-0.981656785844547,159.7652763529037,25524.94352811969
-3.759014239447858,0.023306703884066114,0.9958727605987238,-0.9816208123811715,159.0480825301686,25296.292556523327
-3.7560209829961386,0.023376571339275676,0.9958542453903771,-0.9815848036830039,158.33412352433146,25069.694672218255
-3.7530277263996488,0.023446648242394882,0.9958356473759938,-0.9815487601648768,157.62338468180715,24845.131398548958
-3.750034469658339,0.023516935221315774,0.995816966187727,-0.9815126823771618,156.91585141586,24622.584425564255
-3.7470412127721584,0.023587432905812798,0.9957982014560957,-0.9814765709882752,156.21150920629518,24402.035608508442
-3.744047955741053,0.023658141927548452,0.9957793528099761,-0.9814404267661867,155.51034359915215,24183.466966326363
-3.7410546985649678,0.023729062920078946,0.9957604198765918,-0.981404250559445,154.8123402063985,23966.860680181668
-3.738061441243845,0.02380019651885987,0.9957414022815055,-0.9813680432774342,154.117484705626,23752.199091988863
-3.735068183777626,0.023871543361251905,0.9957222996486101,-0.981331805870985,153.4257628397478,23539.464702958532
-3.7320749261662494,0.023943104086526522,0.995703111600121,-0.9812955393126712,152.73716041669724,23328.640172155905
-3.7290816684096515,0.024014879335871726,0.9956838377565679,-0.9812592445778804,152.05166330912755,23119.708315072283
-3.726088410507767,0.02408686975239779,0.9956644777367875,-0.981222922626207,151.3692574541143,22912.652102209933
-3.7230951524605294,0.02415907598114302,0.9956450311579162,-0.9811865743838482,150.6899288528575,22707.454657679253
-3.7201018942678687,0.024231498669079535,0.9956254976353838,-0.9811502007269728,150.01366357038685,22504.099257809212
-3.717108635929714,0.024304138465119078,0.9956058767829061,-0.9811138024662699,149.34044773526662,22302.5693297699
-3.714115377445991,0.024376996020118825,0.9955861682124794,-0.9810773803329181,148.67026753930395,22102.848450208214
-3.711122118816625,0.0244500719868872,0.995566371534374,-0.9810409349658029,148.00310923725658,21904.920343895305
-3.7081288600415387,0.02452336702018975,0.9955464863571288,-0.981004466900653,147.33895914654383,21708.76888238691
-3.7051356011206527,0.024596881776754995,0.9955265122875459,-0.9809679765604318,146.67780364695696,21514.37808269526
-3.702142342053885,0.02467061691528034,0.9955064489306845,-0.9809314642478233,146.0196291803725,21321.732105973493
-3.6991490828411524,0.02474457309643795,0.9954862958898568,-0.9808949301391365,145.36442225046665,21130.81525621196
-3.6961558234823695,0.02481875098288067,0.9954660527666223,-0.980858374279989,144.71216942243,20941.611978946086
-3.6931625639774484,0.024893151239248,0.9954457191607828,-0.9808217965829228,144.06285732268492,20754.106859976273
-3.6901693043262993,0.024967774532172013,0.9954252946703781,-0.9807851968265119,143.4164726386034,20568.28462409928
-3.6871760445288304,0.025042621530283356,0.9954047788916804,-0.9807485746561166,142.7730021182269,20384.130133851228
-3.684182784584948,0.025117692904217212,0.9953841714191902,-0.9807119295862019,142.1324325699864,20201.62838826173
-3.6811895244945556,0.025192989326619352,0.9953634718456309,-0.9806752610042456,141.49475086242535,20020.764521619818
-3.6781962642575556,0.025268511472152116,0.9953426797619439,-0.980638568175841,140.8599439239226,19841.52380225062
-3.6752030038738477,0.02534426001750051,0.9953217947572839,-0.9806018502511393,140.22799874241693,19663.891631303282
-3.6722097433433296,0.025420235641378217,0.9953008164190132,-0.980565106272452,139.59890236513297,19487.85354154993
-3.6692164826658966,0.025496439024533742,0.9952797443326972,-0.9805283351826529,138.97264189830923,19313.395196195695
-3.6662232218414426,0.025572870849756443,0.9952585780820978,-0.9804915358347238,138.34920450692553,19140.502387699104
-3.663229960869858,0.025649531801882723,0.9952373172491689,-0.9804547070017969,137.72857741443292,18969.16103660344
-3.6602366997510334,0.025726422567802092,0.9952159614140493,-0.9804178473878435,137.11074790248546,18799.35719037892
-3.6572434384848544,0.025803543836463404,0.9951945101550579,-0.9803809556387029,136.4957033106716,18631.077022274883
-3.654250177071207,0.02588089629888095,0.9951729630486861,-0.9803440303535577,135.88343103624806,18464.30683018278
-3.651256915509973,0.025958480648140724,0.9951513196695919,-0.9803070700963072,135.27391853387437,18299.033035509277
-3.6482636538010333,0.02603629757940657,0.9951295795905928,-0.9802700734070983,134.6671533153487,18135.242182059636
-3.6452703919442664,0.02611434778992649,0.9951077423826586,-0.9802330388135817,134.0631229493454,17972.920934931302
-3.6422771299395484,0.026192631979038795,0.9950858076149043,-0.9801959648421372,133.46181506115278,17812.056079417347
-3.6392838677867534,0.02627115084817846,0.9950637748545818,-0.9801588500284782,132.86321733241343,17652.634519920124
-3.636290605485753,0.026349905100883378,0.9950416436670723,-0.9801216929278886,132.26731750086398,17494.64327887436
-3.633297343036417,0.026428895442800634,0.9950194136158782,-0.9800844921247656,131.67410336007794,17338.069495680487
-3.6303040804386124,0.02650812258169289,0.9949970842626146,-0.9800472462417013,131.08356275920858,17182.900425647375
-3.627310817692205,0.026587587227444674,0.9949746551670001,-0.9800099539476321,130.49568360273295,17029.123438944585
-3.6243175547970576,0.02666729009206878,0.9949521258868486,-0.9799726139652849,129.9104538501977,16876.72601956435
-3.621324291753031,0.026747231889712626,0.9949294959780594,-0.9799352250777148,129.32786151596588,16725.695764292846
-3.6183310285599837,0.026827413336664673,0.9949067649946084,-0.9798977861339155,128.74789466896428,16576.02038169072
-3.615337765217772,0.026907835151360825,0.9948839324885383,-0.9798602960536411,128.17054143243334,16427.687691083112
-3.61234450172625,0.026988498054390884,0.994860998009949,-0.9798227538311659,127.5957899836764,16280.685621558454
-3.60935123808527,0.027069402768504995,0.9948379611069874,-0.9797851585380978,127.02362855381172,16135.002210976732
-3.6063579742946805,0.027150550018620156,0.994814821325838,-0.9797475093253636,126.45404542752466,15990.625604986471
-3.60336471035433,0.027231940531826652,0.9947915782107122,-0.9797098054241197,125.88702894282166,15847.544056050818
-3.600371446264063,0.02731357503739464,0.9947682313038385,-0.9796720461458924,125.32256749078468,15705.745922482281
-3.5973781820237227,0.027395454266780635,0.9947447801454523,-0.9796342308817885,124.76064951532732,15565.219667486343
-3.5943849176331493,0.027477578953634108,0.9947212242737852,-0.9795963591009033,124.20126351295205,15425.953858213756
-3.5913916530921814,0.027559949833804016,0.994697563225055,-0.979558430347908,123.64439803250842,15287.937164821373
-3.588398388400655,0.02764256764534544,0.9946737965334552,-0.9795204442399997,123.090041674952,15151.158359541421
-3.585405123558404,0.027725433128526152,0.994649923731145,-0.9794824004630941,122.53818309310576,15015.606315759509
-3.58241185856526,0.027808547025833318,0.9946259443482386,-0.9794442987675512,121.98881099142056,14881.270007100531
-3.5794185934210514,0.027891910081980085,0.9946018579127951,-0.9794061389632731,121.44191412573893,14748.13850652335
-3.576425328125606,0.027975523043912282,0.9945776639508083,-0.9793679209143613,120.89748130305826,14616.20098542332
-3.5734320626787484,0.028059386660815134,0.9945533619861966,-0.9793296445334388,120.35550138129578,14485.44671274309
-3.5704387970803007,0.028143501684119936,0.9945289515407928,-0.9792913097756332,119.81596326905517,14355.865054091579
-3.567445531330083,0.02822786886751083,0.9945044321343344,-0.9792529166322227,119.27885592539292,14227.445470870642
-3.5644522654279127,0.02831248896693153,0.9944798032844535,-0.9792144651244092,118.74416835958736,14100.177519410028
-3.5614589993736057,0.028397362740592118,0.9944550645066671,-0.9791759552966725,118.21188963090749,13974.050850109854
-3.5584657331669742,0.028482490948975828,0.9944302153143676,-0.9791373872102891,117.68200884838338,13849.055206590983
-3.5554724668078297,0.02856787435484585,0.994405255218813,-0.9790987609368741,117.15451517057804,13725.180424853199
-3.55247920029598,0.028653513723252193,0.9943801837291177,-0.9790600765519727,116.62939780535976,13602.416432440856
-3.549485933631232,0.028739409821538515,0.9943550003522433,-0.9790213341289451,116.10664600967594,13480.753247616198
-3.5464926668133887,0.02882556341934904,0.9943297045929892,-0.9789825337328936,115.58624908932727,13360.18097854001
-3.5434993998422515,0.028911975288635414,0.9943042959539836,-0.9789436754150503,115.06819639874442,13240.689822460017
-3.5405061327176197,0.028998646203663627,0.9942787739356747,-0.9789047592074037,114.5524773407638,13122.270064906204
-3.5375128654392896,0.029085576941021003,0.9942531380363214,-0.9788657851176291,114.03908136640649,13004.91207889388
-3.5345195980070554,0.029172768279623094,0.9942273877519855,-0.978826753124492,113.52799797465619,12888.60632413354
-3.531526330420709,0.029260221000720708,0.994201522576522,-0.9787876631737178,113.01921671223973,12773.343346248208
-3.52853306268004,0.02934793588790687,0.994175542001571,-0.9787485151741822,112.51272717340812,12659.11377599777
-3.5255397947848355,0.029435913727123914,0.9941494455165495,-0.9787093089946827,112.00851899971808,12545.908328510206
-3.52254652673488,0.029524155306670442,0.9941232326086425,-0.9786700444611143,111.5065818798155,12433.717802519997
-3.5195532585299554,0.029612661417208454,0.994096902762795,-0.9786307213542946,111.00690554921924,12322.533079613282
-3.5165599901698417,0.02970143285177041,0.9940704554617035,-0.9785913394080634,110.5094797901062,12212.34512347989
-3.5135667216543163,0.02979047040576633,0.9940438901858073,-0.9785518983080211,110.01429443109764,12103.14497917224
-3.510573452983154,0.02987977487699094,0.9940172064132811,-0.9785123976907005,109.52133934704571,11994.923772370743
-3.507580184156127,0.029969347065630824,0.993990403620026,-0.978472837143202,109.03060445882195,11887.672708656086
-3.504586915173006,0.030059187774271565,0.9939634812796616,-0.9784332162033806,108.54207973310628,11781.383072788001
-3.501593646033558,0.030149297807904984,0.9939364388635177,-0.9783935343603164,108.05575518217651,11676.046227990466
-3.498600376737548,0.030239677973936327,0.9939092758406256,-0.9783537910553687,107.57162086370016,11571.653615243651
-3.495607107284739,0.030330329082191496,0.9938819916777102,-0.9783139856835188,107.08966688052551,11468.196752581924
-3.4926138376748908,0.03042125194492434,0.9938545858391813,-0.9782741175950728,106.6098833804752,11365.667234398521
-3.489620567907761,0.03051244737682389,0.9938270577871253,-0.9782341860977544,106.13226055613998,11264.056730756387
-3.486627297983105,0.030603916195021723,0.9937994069812967,-0.978194190459094,105.65678864467291,11163.356986705083
-3.4836340279006746,0.03069565921909921,0.9937716328791089,-0.9781541299090835,105.1834579275864,11063.559821604338
-3.4806407576602205,0.030787677271094927,0.9937437349356262,-0.9781140036430087,104.71225873054763,10964.65712845315
-3.47764748726149,0.030879971175511986,0.9937157126035547,-0.9780738108245248,104.24318142317709,10866.640873225413
-3.474654216704228,0.03097254175932544,0.9936875653332334,-0.9780335505889515,103.77621641884686,10769.50309421134
-3.471660945988177,0.03106538985198969,0.993659292572625,-0.9779932220466168,103.3113541744801,10673.235901364867
-3.4686676751130765,0.031158516285445945,0.9936308937673066,-0.9779528242863149,102.84858519035167,10577.831475657025
-3.4656744040786642,0.031251921894129606,0.9936023683604611,-0.9779123563787996,102.38790000988963,10483.282068435157
-3.4626811328846743,0.031345607514977857,0.993573715792867,-0.977871817380401,101.92928921947706,10389.580000787802
-3.4596878615308393,0.03143957398743705,0.9935449355028894,-0.977831206336484,101.47274344825588,10296.717662915557
-3.4566945900168884,0.03153382215347031,0.9935160269264697,-0.9777905222850437,101.0182533679305,10204.6875135074
-3.453701318342549,0.03162835285756506,0.9934869894971166,-0.9777497642600028,100.56580969257315,10113.482079122841
-3.4507080465075446,0.03172316694674058,0.9934578226458954,-0.9777089312946886,100.11540317842977,10023.093953579546
-3.4477147745115975,0.0318182652705556,0.9934285258014187,-0.9776680224249541,99.66702462372669,9933.515797346543
-3.4447215023544264,0.03191364868111594,0.9933990983898352,-0.9776270366923154,99.22066486847845,9844.740336942914
-3.441728230035748,0.03200931803308209,0.9933695398348201,-0.9775859731468285,98.77631479429641,9756.76036434194
-3.4387349575552757,0.032105274183676966,0.9933398495575644,-0.977544830849783,98.33396532419823,9669.568736380621
-3.4357416849127205,0.032201517992693496,0.9933100269767641,-0.9775036088762765,97.89360742241831,9583.158374174554
-3.432748412107791,0.032298050322502374,0.9932800715086099,-0.9774623063174944,97.45523209421894,9497.522262538081
-3.4297551391401933,0.03239487203805978,0.9932499825667759,-0.9774209222827849,97.01883038570256,9412.653449409721
-3.4267618660096297,0.032491984006915164,0.993219759562409,-0.9773794559015228,96.58439338362443,9328.545045282715
-3.4237685927158013,0.03258938709921896,0.9931894019041179,-0.9773379063247326,96.15191221520693,9245.19022264086
-3.4207753192584054,0.03268708218773043,0.9931589089979612,-0.97729627272643,95.72137804795398,9162.582215399325
-3.417782045637137,0.03278507014782549,0.9931282802474372,-0.9772545543047443,95.29278208946668,9080.714318350583
-3.4147887718516885,0.032883351857504545,0.9930975150534717,-0.9772127502827452,94.86611558725987,8999.579886615351
-3.411795497901749,0.032981928197400354,0.9930666128144071,-0.9771708599091333,94.44136982857893,8919.172335098418
-3.4088022237870055,0.03308080005078592,0.9930355729259908,-0.9771288824585678,94.01853614021877,8839.485137949623
-3.405808949507142,0.033179968303582406,0.9930043947813634,-0.9770868172318341,93.59760588834202,8760.511828029395
-3.40281567506184,0.03327943384436712,0.9929730777710474,-0.9770446635557781,93.17857047829898,8682.24599637933
-3.3998224004507778,0.03337919756438143,0.9929416212829352,-0.9770024207829823,92.7614213544486,8604.681291697552
-3.3968291256736314,0.03347926035753873,0.9929100247022776,-0.9769600882912699,92.3461499999796,8527.811419818732
-3.3938358507300737,0.03357962312043255,0.9928782874116722,-0.9769176654829945,91.93274793673311,8451.630143198905
-3.3908425756197746,0.0336802867523445,0.992846408791051,-0.9768751517842008,91.52120672502537,8376.131280404828
-3.3878493003424017,0.033781252155252385,0.9928143882176693,-0.9768325466435374,91.11151796347191,8301.308705608064
-3.3848560248976196,0.03388252023383825,0.9927822250660933,-0.9767898495310816,90.70367328881251,8227.15634808364
-3.3818627492850903,0.03398409189549649,0.9927499187081883,-0.9767470599369565,90.29766437573628,8153.668191713112
-3.3788694735044724,0.034085968050342065,0.9927174685131073,-0.9767041773699123,89.89348293670852,8080.8382744923065
-3.375876197555422,0.03418814961121855,0.9926848738472784,-0.9766612013557492,89.49112072179766,8008.660688043362
-3.372882921437593,0.03429063749370635,0.9926521340743937,-0.9766181314356586,89.09056951850337,7937.1295771312825
-3.3698896451506353,0.03439343261613098,0.9926192485553965,-0.9765749671645111,88.69182115158523,7866.239139184781
-3.3668963686941966,0.034496535899571176,0.9925862166484704,-0.9765317081090442,88.29486748289247,7795.983623821542
-3.363903092067922,0.03459994826786724,0.9925530377090264,-0.9764883538460939,87.89970041119409,7726.3573323776745
-3.3609098152714525,0.0347036706476293,0.992519711089692,-0.9764449039606843,87.5063118720105,7657.354617441566
-3.3579165383044276,0.03480770396824561,0.9924862361402985,-0.9764013580442067,87.11469383744482,7588.969882391746
-3.3549232611664834,0.03491204916189086,0.9924526122078698,-0.9763577156925425,86.72483831601639,7521.197580939184
-3.3519299838572527,0.035016707163534576,0.9924188386366104,-0.9763139765042413,86.33673735249347,7454.032216673441
-3.348936706376366,0.035121678910949465,0.9923849147678933,-0.9762701400787299,85.9503830277283,7387.468342613204
-3.3459434287234506,0.035226965344719835,0.9923508399402483,-0.9762262060145376,85.56576745849137,7321.50056076062
-3.342950150898131,0.03533256740825003,0.9923166134893506,-0.9761821739076008,85.18288279730803,7256.123521659915
-3.339956872900028,0.035438486047772895,0.9922822347480087,-0.9761380433496433,84.80172123229437,7191.331923959766
-3.336963594728761,0.03554472221235822,0.9922477030461524,-0.9760938139265889,84.42227498699506,7127.120513979812
-3.3339703163839443,0.0356512768539213,0.9922130177108217,-0.9760494852170971,84.04453632022125,7063.484085280989
-3.3309770378651913,0.03575815092723141,0.9921781780661545,-0.9760050567912113,83.66849752588932,7000.417478239748
-3.327983759172111,0.035865345389920436,0.9921431834333752,-0.975960528209038,83.29415093286062,6937.915579626165
-3.32499048030431,0.03597286120249139,0.9921080331307826,-0.9759158990196135,82.9214889047819,6875.973322185867
-3.3219972012613925,0.03608069932832704,0.9920727264737387,-0.9758711687597784,82.55050383992604,6814.5856842256435
-3.319003922042958,0.03618886073369859,0.9920372627746566,-0.9758263369532781,82.18118817103428,6753.7476892029445
-3.3160106426486045,0.036297346387774265,0.992001641342989,-0.9757814031099247,81.81353436515846,6693.454405318965
-3.3130173630779263,0.03640615726262808,0.9919658614852159,-0.9757363667248268,81.4475349235045,6633.700945115486
-3.3100240833305143,0.0365152943332485,0.9919299225048339,-0.9756912272778159,81.08318238127605,6574.482465075274
-3.3070308034059575,0.03662475857754718,0.9918938237023435,-0.9756459842329872,80.72046930751979,6515.794165226245
-3.3040375233038404,0.03673455097636777,0.9918575643752376,-0.9756006370382726,80.35938830497045,6457.631288749022
-3.301044243023745,0.036844672513494665,0.99182114381799,-0.9755551851252535,79.99993200989695,6399.989121588135
-3.2980509625652514,0.03695512417566184,0.9917845613220432,-0.9755096279089615,79.64209309194965,6342.862992066774
-3.2950576819279345,0.03706590695256172,0.9917478161757967,-0.9754639647878692,79.28586425400749,6286.248270504903
-3.292064401111367,0.03717702183685402,0.991710907664595,-0.9754181951439878,78.93123823202639,6230.140368840905
-3.289071120115119,0.03728846982417464,0.991673835070716,-0.9753723183429918,78.57820779488856,6174.534740256685
-3.286077838938757,0.03740025191314463,0.9916365976733587,-0.9753263337345162,78.22676574425171,6119.426878806033
-3.2830845575818435,0.0375123691053791,0.991599194748631,-0.9752802406525006,77.87690491439969,6064.81231904645
-3.2800912760439394,0.0376248224054962,0.9915616255695384,-0.9752340384156389,77.52861817209359,6010.68663567428
-3.2770979943246012,0.037737612821126185,0.9915238894059711,-0.9751877263278976,77.18189841642335,5957.045443163093
-3.2741047124233833,0.03785074136292035,0.9914859855246922,-0.9751413036791005,76.8367385786602,5903.884395405369
-3.2711114303398356,0.03796420904456019,0.9914479131893255,-0.9750947697455756,76.49313162210994,5851.199185357436
-3.2681181480735058,0.038078016882766415,0.9914096716603428,-0.9750481237908671,76.15107054196663,5798.985544687578
-3.2651248656239376,0.03819216589730812,0.9913712601950522,-0.9750013650665116,75.81054836516692,5747.239243427313
-3.262131582990672,0.03830665711101187,0.9913326780475852,-0.9749544928128093,75.47155815024547,5695.956089625884
-3.259138300173246,0.03842149154977091,0.9912939244688843,-0.9749075062597009,75.13409298719064,5645.13192900781
-3.2561450171711943,0.038536670242554354,0.9912549987066905,-0.9748604046275998,74.7981459973009,5594.762644633542
-3.253151733984048,0.03865219422141638,0.9912159000055308,-0.974813187128303,74.46371033304207,5544.8441565631965
-3.250158450611335,0.03876806452150553,0.9911766276067051,-0.9747658529658957,74.13077917790493,5495.372421523302
-3.247165167052579,0.03888428218107396,0.9911371807482736,-0.9747184013376663,73.79934574626392,5446.343432576603
-3.244171883307302,0.03900084824148675,0.9910975586650441,-0.9746708314349993,73.46940328323606,5397.753218794778
-3.241178599375021,0.03911776374723128,0.9910577605885589,-0.9746231424442994,73.14094506454083,5349.597844934179
-3.2381853152552504,0.03923502974592648,0.9910177857470817,-0.9745753335479035,72.81396439636035,5301.873411114432
-3.2351920309475015,0.039352647288332376,0.9909776333655845,-0.9745274039249614,72.4884546152007,5254.5760525000105
-3.2321987464512816,0.03947061742835942,0.9909373026657349,-0.9744793527522946,72.16440908775337,5207.701938984621
-3.229205461766095,0.039588941223077906,0.9908967928658818,-0.9744311792052442,71.84182121075764,5161.247274878467
-3.2262121768914427,0.039707619732727545,0.9908561031810431,-0.974382882458478,71.52068441086372,5115.208298598365
-3.2232188918268223,0.03982665402072687,0.9908152328228916,-0.9743344616867495,71.20099214449596,5069.581282360575
-3.2202256065717276,0.03994604515368286,0.9907741809997418,-0.9742859160656775,70.88273789771729,5024.362531876487
-3.217232321125649,0.04006579420140045,0.9907329469165361,-0.9742372447723927,70.56591518609402,4979.548386051014
-3.2142390354880734,0.040185902236892106,0.9906915297748314,-0.974188446986223,70.25051755456145,4935.135216683747
-3.211245749658485,0.0403063703363875,0.9906499287727851,-0.9741395218892924,69.93653857728965,4891.119428172724
-3.208252463636364,0.0404271995793431,0.9906081431051414,-0.9740904686670756,69.62397185755025,4847.4974572209485
-3.2052591774211865,0.04054839104845189,0.9905661719632175,-0.9740412865089192,69.31281102758373,4804.265772545534
-3.2022658910124258,0.04066994582965309,0.9905240145348891,-0.9739919746084925,69.00304974846766,4761.420874589503
-3.199272604409552,0.0407918650121418,0.9904816700045772,-0.9739425321641818,68.69468170998466,4718.959295236102
-3.1962793176120305,0.040914149688378885,0.9904391375532333,-0.973892958379446,68.38770063049196,4676.877597525791
-3.193286030619324,0.0410368009541007,0.9903964163583255,-0.9738432524631295,68.08210025679097,4635.172375375737
-3.190292743430892,0.0411598199083289,0.9903535055938243,-0.973793413629697,67.77787436399761,4593.840253301844
-3.187299456046189,0.04128320765338035,0.9903104044301879,-0.9737434410994351,67.47501675541322,4552.877886143295
-3.184306168464668,0.04140696529487696,0.9902671120343485,-0.9736933340985803,67.1735212623962,4512.281958789596
-3.181312880685776,0.04153109394175562,0.990223627569697,-0.973643091859426,66.87338174423395,4472.049185910043
-3.1783195927089585,0.04165559470627813,0.9901799501960693,-0.9735927136203416,66.57459208801582,4432.176311685698
-3.1753263045336557,0.0417804687040412,0.9901360790697313,-0.9735421986258092,66.27714620850608,4392.660109543692
-3.1723330161593055,0.0419057170539864,0.9900920133433644,-0.9734915461263239,65.98103804801802,4353.497381894002
-3.1693397275853417,0.04203134087841023,0.9900477521660508,-0.9734407553783307,65.68626157628833,4314.684959868573
-3.1663464388111935,0.042157341302974195,0.9900032946832587,-0.9733898256440967,65.39281079035221,4276.219703062805
-3.1633531498362877,0.042283719456714844,0.9899586400368277,-0.9733387561914997,65.10067971441877,4238.0984992793365
-3.160359860660047,0.04241047647205394,0.989913787364954,-0.9732875462938462,64.80986239974752,4200.318264274207
-3.15736657128189,0.042537613484808605,0.9898687358021752,-0.9732361952296316,64.52035292452486,4162.875941505244
-3.1543732817012318,0.042665131634201485,0.9898234844793559,-0.9731847022822312,64.23214539374148,4125.768501882744
-3.151379991917484,0.04279303206287096,0.9897780325236721,-0.9731330667396347,63.945233939070334,4088.9929435224326
-3.1483867019300544,0.04292131591688142,0.989732379058597,-0.9730812878940799,63.65961271874486,4052.5462915005824
-3.1453934117383464,0.04304998434573353,0.9896865232038852,-0.973029365041724,63.37527591743823,4016.425597611426
-3.14240012134176,0.043179038502374534,0.9896404640755578,-0.9729772974822587,63.092217746142865,3980.6279401267047
-3.139406830739692,0.04330847954320854,0.989594200785888,-0.9729250845185099,62.81043244205042,3945.15042355738
-3.1364135399315343,0.04343830862810697,0.9895477324433848,-0.9728727254560717,62.52991426843253,3909.9901784175217
-3.133420248916676,0.04356852692041893,0.9895010581527786,-0.9728202196028454,62.25065751452221,3875.1443609903404
-3.1304269576945014,0.04369913558698161,0.9894541770150056,-0.9727675662686418,61.972656495395164,3840.610153096244
-3.1274336662643916,0.0438301357981308,0.989407088127193,-0.9727147647647423,61.69590555185264,3806.384761863121
-3.1244403746257237,0.04396152872771131,0.9893597905826431,-0.9726618144034783,61.42039905030388,3772.4654194985696
-3.12144708277787,0.04409331555308759,0.9893122834708182,-0.9726087144977765,61.146131382649735,3738.849383064263
-3.118453790720201,0.04422549745515419,0.9892645658773255,-0.9725554643607403,60.87309696616649,3705.5339342523084
-3.115460498452081,0.044358075618346406,0.9892166368839013,-0.9725020633052185,60.601290243390416,3672.5163791636464
-3.1124672059728717,0.04449105123065089,0.9891684955683958,-0.9724485106433945,60.330705682002616,3639.7940480884226
-3.1094739132819305,0.04462442548361629,0.9891201410047575,-0.9723948056863662,60.061337774714694,3607.36429528837
-3.10648062037861,0.04475819957236395,0.989071572263018,-0.9723409477437263,59.79318103915485,3575.2244987811473
-3.1034873272622607,0.044892374695598605,0.9890227884092759,-0.9722869361232055,59.52623001775422,3543.372060126584
-3.1004940339322276,0.04502695205561913,0.9889737885056819,-0.9722327701302625,59.26047927763429,3511.804404214923
-3.0975007403878516,0.04516193285832935,0.9889245716104226,-0.9721784490677357,58.995923410494164,3480.5189790568934
-3.0945074466284703,0.045297318313248826,0.9888751367777052,-0.9721239722355154,58.73255703249902,3449.5132555757496
-3.091514152653417,0.045433109633523684,0.988825483057742,-0.9720693389301861,58.47037478416858,3418.7847274011365
-3.088520858462021,0.045569308035937554,0.9887756094967342,-0.9720145484447343,58.209371330266414,3388.3309106648417
-3.085527564053607,0.04570591474092241,0.9887255151368564,-0.9719596000682661,57.949541359689384,3358.1493437983504
-3.0825342694274958,0.04584293097256954,0.988675199016241,-0.9719044930857316,57.69087958535804,3328.2375873322812
-3.0795409745830047,0.04598035795864054,0.9886246601689622,-0.9718492267776714,57.43338074410732,3298.5932236975973
-3.076547679519446,0.046118196930578295,0.9885738976250201,-0.9717938004200053,57.177039596577444,3269.213857028585
-3.0735543842361293,0.04625644912351801,0.9885229104103249,-0.971738213283822,56.92185092710608,3240.0971129676873
-3.0705610887323576,0.04639511577629839,0.988471697546681,-0.9716824646352028,56.66780954361995,3211.2406384719848
-3.0675677930074317,0.04653419813147255,0.9884202580517707,-0.9716265537350541,56.41491027752816,3182.6421016215522
-3.0645744970606477,0.04667369743531934,0.9883685909391389,-0.9715704798389826,56.16314798361474,3154.2991914294084
-3.061581200891297,0.046813614937854464,0.9883166952181762,-0.971514242197175,55.91251753993279,3126.2096176532923
-3.058587904498667,0.04695395189284163,0.9882645698941035,-0.9714578400543074,55.66301384769844,3098.371110609068
-3.055594607882041,0.04709470955780385,0.9882122139679553,-0.9714012726494798,55.4146318311855,3070.7814209858375
-3.0526013110406978,0.04723588919403472,0.9881596264365641,-0.9713445392161646,55.16736643762056,3043.438319662703
-3.0496080139739123,0.047377492066609704,0.9881068062925432,-0.9712876389821804,54.92121263707868,3016.339597527211
-3.046614716680955,0.04751951944439746,0.9880537525242716,-0.9712305711696683,54.67616542237948,2989.483065295406
-3.0436214191610915,0.047661972600071274,0.9880004641158768,-0.9711733349951238,54.43221980898353,2962.8665533334993
-3.0406281214135835,0.04780485281012044,0.9879469400472188,-0.9711159296694102,54.18937083488964,2936.4879114811874
-3.037634823437688,0.04794816135486171,0.9878931792938734,-0.9710583543978145,53.947613560532126,2910.34500887651
-3.034641525232658,0.04809189951845075,0.987839180827116,-0.9710006083800995,53.70694306867909,2884.4357337823367
-3.031648226797742,0.04823606858889367,0.9877849436139047,-0.970942690810584,53.467354464330555,2858.7579934143687
-3.028654928132184,0.048380669858058625,0.9877304666168641,-0.9708846008782379,53.22884287461758,2833.3097137707264
-3.0256616292352234,0.04852570462168731,0.9876757487942686,-0.9708263377668005,52.9914034487016,2808.0888394630633
-3.0226683301060957,0.04867117417940662,0.987620789100025,-0.9707679006548866,52.75503135767423,2783.093333549191
-3.019675030744031,0.04881707983474034,0.9875655864836568,-0.9707092887161166,52.51972179445766,2758.321177367231
-3.016681731148256,0.048963422895120796,0.9875101398902865,-0.9706505011192549,52.28546997370516,2733.770370371224
-3.0136884313179917,0.04911020467190054,0.9874544482606191,-0.9705915370283753,52.05227113170279,2709.4389299682994
-3.0106951312524552,0.04925742648036421,0.9873985105309253,-0.9705323956030075,51.82012052627045,2685.324891357196
-3.007701830950859,0.04940508963974022,0.987342325633024,-0.9704730759983028,51.58901343666446,2661.426307368346
-3.0047085304124113,0.049553195473212665,0.9872858924942657,-0.97041357736521,51.35894516347997,2637.741248305343
-3.0017152296363148,0.04970174530793314,0.9872292100375151,-0.970353898850651,51.12991102855402,2614.2678017878497
-2.9987219286217686,0.04985074047503266,0.987172277181134,-0.9702940395976968,50.90190637486884,2591.004072595913
-2.9957286273679666,0.05000018230963359,0.987115092838964,-0.9702339987457617,50.67492656645601,2567.948182515709
-2.992735325874098,0.05015007215086164,0.9870576559203095,-0.9701737754307793,50.44896698830058,2545.098270186642
-2.9897420241393475,0.05030041134185785,0.9869999653299196,-0.9701133687853909,50.224023046245854,2522.4524909498346
-2.986748722162895,0.05045120122979062,0.9869420199679715,-0.9700527779391366,50.00009016689891,2500.009016698021
-2.9837554199439165,0.050602443165867816,0.9868838187300523,-0.969992002018642,49.777163797535856,2477.766035726714
-2.9807621174815813,0.05075413850534892,0.9868253605071418,-0.9699310401477973,49.55523940600806,2455.7217525867745
-2.9777688147750556,0.050906288607557096,0.9867666441855947,-0.9698698914479379,49.33431248064887,2433.874387938307
-2.9747755118235006,0.05105889483589144,0.9867076686471231,-0.9698085550380229,49.11437853018022,2412.2221784058274
-2.9717822086260726,0.051211958557839186,0.9866484327687787,-0.9697470300348218,48.89543308362018,2390.7633764347793
-2.9687889051819223,0.05136548114498802,0.9865889354229345,-0.9696853155530747,48.67747169019074,2369.496250149321
-2.9657956014901967,0.05151946397303828,0.9865291754772675,-0.9696234107056518,48.46048991922606,2348.419083211411
-2.9628022975500374,0.05167390842181539,0.9864691517947405,-0.969561314603727,48.24448336008095,2327.5301746811274
-2.9598089933605807,0.0518288158752822,0.9864088632335839,-0.9694990263569222,48.02944762204012,2306.827838878295
-2.9568156889209587,0.051984187721551355,0.9863483086472781,-0.9694365450734459,47.815378334227496,2286.3104052453123
-2.9538223842302984,0.05214002535289779,0.9862874868845347,-0.9693738698602501,47.60227114551622,2265.976218211246
-2.950829079287722,0.052296330165771204,0.9862263967892787,-0.9693109998231562,47.39012172443887,2245.823637057133
-2.9478357740923458,0.05245310356080861,0.9861650372006302,-0.9692479340669677,47.17892575909823,2225.851035782502
-2.944842468643282,0.05261034694284686,0.9861034069528859,-0.9691846716955975,46.96867895707826,2206.056802973086
-2.9418491629396377,0.052768061720935226,0.9860415048755006,-0.969121211812177,46.7593770453559,2186.4393416697562
-2.9388558569805148,0.05292624930834809,0.985979329793069,-0.9690575535191432,46.55101577021274,2166.9970692385955
-2.93586255076501,0.053084911122597604,0.9859168805253071,-0.9689936959183406,46.34359089714748,2147.7284172421705
-2.932869244292215,0.05324404858544633,0.9858541558870334,-0.9689296381111039,46.137098210788565,2128.6318313119496
-2.929875937561217,0.053403663122920116,0.9857911546881503,-0.9688653791983216,45.93153351480751,2109.7057710218855
-2.926882630571097,0.0535637561653208,0.9857278757336254,-0.9688009182805103,45.72689263183223,2090.9487097631127
-2.9238893233209318,0.05372432914723904,0.985664317823473,-0.9687362544578678,45.523171403361026,2072.3591346197873
-2.9208960158097925,0.0538853835075672,0.9856004797527345,-0.9686713868303176,45.32036568967705,2053.9355462460567
-2.9179027080367455,0.05404692068951225,0.9855363603114603,-0.9686063144975503,45.11847136976274,2035.6764587440998
-2.914909400000851,0.05420894214060874,0.9854719582846905,-0.9685410365590532,44.91748434121517,2017.5803995433103
-2.9119160917011646,0.05437144931273174,0.9854072724524356,-0.9684755521141418,44.7174005201615,1999.6459092805399
-2.9089227831367372,0.05453444366210982,0.9853423015896579,-0.9684098602619633,44.51821584117475,1981.8715416814225
-2.9059294743066135,0.05469792664933824,0.9852770444662518,-0.9683439601015082,44.319926257190126,1964.2558634427708
-2.9029361652098333,0.05486189973939191,0.9852114998470252,-0.9682778507316124,44.1225277394217,1946.7974541160372
-2.899942855845431,0.055026364401638626,0.9851456664916796,-0.9682115312509557,43.92601627727941,1929.4949059918156
-2.8969495462124364,0.055191322109852184,0.9850795431547913,-0.9681450007580271,43.73038787828645,1912.3468239853826
-2.8939562363098723,0.05535677434222566,0.9850131285857917,-0.9680782583511273,43.535638567997104,1895.3518255232768
-2.890962926136757,0.05552272258138464,0.9849464215289481,-0.96801130312833,43.34176438991486,1878.5085404308916
-2.887969615692104,0.05568916831440045,0.9848794207233437,-0.9679441341874621,43.148761405410994,1861.8156108210853
-2.88497630497492,0.05585611303280362,0.9848121249028586,-0.9678767506260433,42.956625693643446,1845.2716909837882
-2.881982993984207,0.056023558232597165,0.98474453279615,-0.9678091515412668,42.76535335147612,1828.87544727661
-2.8789896827189625,0.05619150541427001,0.9846766431266325,-0.9677413360299353,42.57494049339861,1812.6255580164325
-2.8759963711781764,0.05635995608281051,0.9846084546124582,-0.9676733031884194,42.38538325144602,1796.520713371961
-2.8730030593608347,0.05652891174771988,0.9845399659664971,-0.9676050521125947,42.19667777511956,1780.5596152572691
-2.8700097472659167,0.0566983739230258,0.9844711758963175,-0.9675365818977832,42.00882023130718,1764.7409772262838
-2.8670164348923968,0.05686834412729592,0.9844020831041657,-0.9674678916386975,41.821806804204655,1749.0635243682189
-2.864023122239244,0.057038823883651495,0.9843326862869461,-0.96739898042937,41.63563369523727,1733.525993203977
-2.8610298093054207,0.05720981471978114,0.9842629841362017,-0.9673298473630791,41.45029712298132,1718.1271315834333
-2.8580364960898845,0.0573813181679544,0.9841929753380934,-0.9672604915322924,41.26579332308661,1702.8656985836997
-2.8550431825915874,0.057553335765035546,0.98412265857338,-0.9671909120285878,41.08211854819882,1687.7404644082617
-2.852049868809475,0.05772586905249739,0.9840520325173986,-0.9671211079425753,40.89926906788243,1672.7502102870444
-2.8490565547424875,0.057898919576435094,0.9839810958400438,-0.9670510783638304,40.717241168544035,1657.8937283773773
-2.846063240389559,0.058072488887580036,0.9839098472057476,-0.9669808223808165,40.536031153355914,1643.1698216658413
-2.8430699257496186,0.058246578541313654,0.9838382852734592,-0.9669103390808059,40.35563534217992,1628.5773038710013
-2.8400766108215887,0.05842119009768152,0.9837664086966246,-0.9668396275498108,40.176050071491964,1614.1149993470294
-2.8370832956043865,0.05859632512140723,0.983694216123166,-0.9667686868725064,39.99727169430642,1599.7817429881657
-2.834089980096923,0.05877198518190651,0.9836217061954616,-0.9666975161321485,39.81929658010129,1585.576380134066
-2.8310966642981032,0.05894817185330121,0.983548877550325,-0.966626114410512,39.64212111474353,1571.497766475995
-2.8281033482068265,0.05912488671443353,0.9834757288189844,-0.966554480787814,39.46574170041456,1557.5447679638407
-2.8251100318219864,0.059302131348880065,0.9834022586270622,-0.96648261434263,39.29015475553661,1543.7162607140162
-2.82211671514247,0.059479907344966124,0.9833284655945543,-0.9664105141518466,39.115356714698606,1530.0111309181173
-2.8191233981671586,0.05965821629577988,0.9832543483358094,-0.9663381792905716,38.941344028583366,1516.4282747524853
-2.816130080894928,0.05983705979918671,0.9831799054595078,-0.9662656088320821,38.76811316389427,1502.9665982885122
-2.8131367633246467,0.06001643945784354,0.9831051355686415,-0.9661928018477471,38.5956606032827,1489.6250174037884
-2.8101434454551786,0.06019635687921316,0.9830300372604924,-0.9661197574069806,38.42398284527586,1476.4024576940535
-2.80715012728538,0.06037681367557874,0.9829546091266117,-0.9660464745771729,38.253076404204634,1463.2978543859174
-2.8041568088141027,0.060557811464058156,0.9828788497527989,-0.965972952423639,38.08293781013208,1450.3101522503875
-2.8011634900401905,0.06073935186661866,0.982802757719081,-0.9658991900095558,37.913563608781935,1437.4383055171538
-2.7981701709624827,0.060921436510091256,0.9827263315996908,-0.9658251863959213,37.74495036146782,1424.6812777896698
-2.795176851579811,0.06110406702618545,0.9826495699630465,-0.965750940641495,37.57709464502243,1412.0380419609733
-2.7921835318910024,0.06128724505150375,0.9825724713717301,-0.9656764518027633,37.40999305172722,1399.507580130279
-2.789190211894876,0.061470972227556486,0.982495034382466,-0.9656017189338924,37.24364218924239,1387.0888835203154
-2.7861968915902455,0.06165525020077638,0.9824172575461,-0.965526741086689,37.078038680537205,1374.7809523954131
-2.783203570975918,0.06184008062253348,0.982339139407578,-0.9654515173105592,36.91317916382054,1362.5827959803146
-2.780210250050694,0.06202546514914984,0.9822606785059242,-0.9653760466524883,36.749060292471846,1350.4934323797308
-2.777216928813369,0.062211405441914405,0.9821818733742201,-0.9653003281569985,36.58567873497241,1338.5118884986125
-2.77422360726273,0.062397903167097986,0.9821027225395826,-0.9652243608661281,36.42303117483688,1326.6371999631392
-2.771230285397559,0.06258495999596812,0.9820232245231427,-0.9651481438194021,36.26111431054517,1314.8684110424235
-2.768236963216631,0.06277257760480415,0.981943377840024,-0.9650716760538162,36.09992485547463,1303.2045745709152
-2.765243640718714,0.06296075767491215,0.9818631809993205,-0.9649949566038251,35.93945953783246,1291.6447518714967
-2.762250317902571,0.0631495018926401,0.9817826325040754,-0.964917984501318,35.779715100588696,1280.1880126792948
-2.7592569947669565,0.06333881194939296,0.9817017308512592,-0.9648407587756127,35.62068830140906,1268.8334350661403
-2.75626367131062,0.06352868954164792,0.9816204745317478,-0.9647632784534466,35.462375912588705,1257.5801053657515
-2.753270347532304,0.06371913637096947,0.9815388620303006,-0.9646855425589691,35.304774720985556,1246.4271180995406
-2.7502770234307437,0.06391015414402486,0.9814568918255386,-0.9646075501137413,35.147881527954596,1235.373575903132
-2.747283699004668,0.06410174457259923,0.9813745623899225,-0.9645293001367357,34.99169314928208,1224.4185894535144
-2.744290374252799,0.06429390937361111,0.9812918721897305,-0.9644507916443364,34.836206415120216,1213.5612773968628
-2.7412970491738524,0.0644866502691277,0.9812088196850364,-0.9643720236503452,34.681418169922,1202.8007662769955
-2.738303723766537,0.0646799689863804,0.9811254033296872,-0.9642929951659928,34.527325272376466,1192.1361904644866
-2.7353103980295543,0.0648738672577803,0.9810416215712813,-0.964213705199945,34.373924595344214,1181.5666920864098
-2.7323170719615995,0.0650683468209337,0.9809574728511457,-0.9641341527583123,34.22121302579323,1171.0914209567204
-2.7293237455613606,0.06526340941865766,0.9808729556043141,-0.9640543368446708,34.069187464734945,1160.7095345072528
-2.726330418827519,0.06545905679899575,0.9807880682595045,-0.9639742564600727,33.91784482716061,1150.4201977193457
-2.723337091758749,0.06565529071523354,0.9807028092390965,-0.9638939106030683,33.76718204197807,1140.222583056086
-2.720343764353718,0.06585211292591461,0.9806171769591092,-0.9638132982697173,33.61719605194857,1130.1158703951464
-2.717350436611086,0.06604952519485603,0.9805311698291784,-0.9637324184536238,33.46788381362417,1120.0992469622468
-2.714357108529507,0.06624752929116438,0.9804447862525342,-0.963651270145945,33.31924229728521,1110.1719072651997
-2.7113637801076265,0.06644612698925158,0.9803580246259781,-0.963569852335424,33.17126848687813,1100.3330530285539
-2.7083704513440843,0.06664532006885072,0.9802708833398607,-0.963488164008417,33.023959379953645,1090.5818931288284
-2.705377122237512,0.06684511031503217,0.9801833607780586,-0.9634062041489122,32.87731198760504,1080.9176435303182
-2.702383792786535,0.06704549951821949,0.9800954553179517,-0.9633239717385638,32.73132333440689,1071.3395272214889
-2.6993904629897703,0.06724648947420551,0.9800071653304006,-0.9632414657567191,32.58599045835407,1061.8467741519423
-2.6963971328458287,0.06744808198416853,0.9799184891797231,-0.9631586851804449,32.441310410800924,1052.4386211699405
-2.6934038023533136,0.06765027885468831,0.979829425223672,-0.9630756289845628,32.29728025640072,1043.1143119604917
-2.690410471510821,0.06785308189776242,0.9797399718134114,-0.9629922961416757,32.15389707304557,1033.8730969840085
-2.6874171403169393,0.06805649293082246,0.9796501272934941,-0.9629086856222027,32.01115795180643,1024.7142334155
-2.6844238087702497,0.0682605137767504,0.9795598900018381,-0.9628247963944064,31.8690599968733,1015.63698508431
-2.6814304768693265,0.06846514626389477,0.9794692582697037,-0.962740627424428,31.7276003254961,1006.6406224144201
-2.6784371446127357,0.06867039222608733,0.97937823042167,-0.96265617767632,31.586776067925285,997.7244223652575
-2.6754438119990365,0.0688762535026593,0.9792868047756121,-0.9625714461120736,31.446584367353154,988.8876683730598
-2.67245047902678,0.069082731938458,0.9791949796426772,-0.9624864316916549,31.307022379855127,980.1296502927497
-2.6694571456945106,0.0692898293838633,0.9791027533272614,-0.9624011333730392,31.168087274331615,971.4496643403523
-2.6664638120007647,0.06949754769480428,0.9790101241269862,-0.9623155501122398,31.02977623244974,962.8470130359028
-2.6634704779440708,0.06970588873277589,0.9789170903326752,-0.9622296808633373,30.892086448585736,954.3210051468945
-2.66047714352295,0.06991485436485564,0.9788236502283303,-0.9621435245785138,30.75501512976729,945.870955632215
-2.6574838087359165,0.07012444646372033,0.9787298020911083,-0.9620570802080847,30.618559495616374,937.4961855865996
-2.6544904735814754,0.07033466690766288,0.978635544191297,-0.9619703467005284,30.48271677829217,929.1960221855749
-2.651497138058125,0.07054551758060917,0.9785408747922915,-0.9618833230025173,30.34748422243434,920.9697986309011
-2.6485038021643557,0.07075700037213496,0.9784457921505706,-0.9617960080589459,30.212859085106587,912.8168540965077
-2.6455104658986497,0.07096911717748283,0.9783502945156729,-0.9617084008129584,30.078838635740382,904.7365336749083
-2.642517129259482,0.07118186989757917,0.978254380130173,-0.9616205002059799,29.94542015607897,896.7281883241006
-2.639523792245319,0.07139526043905128,0.978158047229657,-0.9615323051777434,29.812600940121733,888.7911748149472
-2.6365304548546202,0.07160929071424445,0.9780612940426996,-0.9614438146663149,29.680378294068635,880.9248556790207
-2.633537117085836,0.07182396264123911,0.9779641187908389,-0.9613550276081196,29.548749536265092,873.1285991569265
-2.6305437789374095,0.07203927814386808,0.977866519688553,-0.9612659429379685,29.41771199714694,865.4017791470831
-2.6275504404077754,0.07225523915173379,0.9777684949432358,-0.9611765595890788,29.287263019185797,857.743775154968
-2.624557101495361,0.07247184760022563,0.9776700427551728,-0.9610868764931033,29.157399956834535,850.1539722428146
-2.621563762198584,0.0726891054305373,0.9775711613175163,-0.9609968925801508,29.0281201764731,842.6317609797646
-2.6185704225158557,0.07290701458968422,0.977471848816262,-0.9609066067788041,28.899421056354555,835.1765373924691
-2.6155770824455784,0.07312557703052101,0.9773721034302242,-0.9608160180161444,28.771299986551355,827.78770291613
-2.6125837419861466,0.073344794711759,0.977271923331011,-0.9607251252177732,28.643754368901902,820.4646643459868
-2.609590401135946,0.07356466959798386,0.9771713066830007,-0.9606339273078253,28.516781616957203,813.2068337892283
-2.606597059893354,0.07378520365967318,0.9770702516433166,-0.9605424232089915,28.390379155928024,806.0136286173524
-2.6036037182567404,0.07400639887321415,0.9769687563618029,-0.9604506118425336,28.264544422632035,798.8844714189397
-2.600610376224466,0.07422825722092133,0.9768668189809998,-0.9603584921282998,28.139274865441386,791.8187899528614
-2.597617033794883,0.0744507806910544,0.976764437636119,-0.9602660629847424,28.014567944230357,784.8160171018991
-2.5946236909663356,0.07467397127783607,0.976661610455019,-0.9601733233289282,27.89042113032338,777.8755908267888
-2.59163034773716,0.07489783098146983,0.9765583355581803,-0.9600802720765579,27.766831906443226,770.9969541206735
-2.5886370041056823,0.07512236180815812,0.9764546110586808,-0.9599869081419723,27.643797766659485,764.1795549639679
-2.585643660070222,0.0753475657701201,0.9763504350621707,-0.9598932304381689,27.521316216337183,757.422846279624
-2.5826503156290888,0.07557344488560991,0.9762458056668477,-0.9597992378768102,27.399384772085696,750.7262858888015
-2.579656970780584,0.07580000117893464,0.9761407209634322,-0.9597049293682361,27.27800096170796,744.0893364669404
-2.576663625523,0.07602723668047255,0.976035179035142,-0.9596103038214674,27.157162324149784,737.5114655002205
-2.5736702798546207,0.07625515342669135,0.9759291779576679,-0.9595153601442211,27.036866409449463,730.9921452424167
-2.5706769337737216,0.07648375346016634,0.9758227157991477,-0.9594200972429133,26.917110778687633,724.5308526721419
-2.567683587278569,0.07671303882959886,0.9757157906201421,-0.959324514022667,26.797893003937315,718.1270694504725
-2.5646902403674203,0.07694301158983465,0.9756084004736089,-0.9592286093873229,26.679210668214203,711.7802818789546
-2.561696893038524,0.07717367380188225,0.9755005434048777,-0.9591323822394396,26.56106136542719,705.4899808579888
-2.5587035452901197,0.07740502753293155,0.9753922174516252,-0.9590358314803007,26.443442700329097,699.2556618455882
-2.555710197120438,0.07763707485637229,0.9752834206438494,-0.9589389560099194,26.326352288467653,693.076824816506
-2.552716848527701,0.07786981785181273,0.9751741510038446,-0.9588417547270405,26.209787756136688,686.9529742217327
-2.5497234995101214,0.07810325860509822,0.9750644065461759,-0.9587442265291448,26.093746740327507,680.8836189483524
-2.5467301500659025,0.07833739920833005,0.9749541852776537,-0.9586463703124523,25.97822688868055,674.868272279765
-2.5437368001932392,0.07857224175988409,0.9748434851973081,-0.958548184971926,25.863225859437264,668.9064518562644
-2.540743449890316,0.07880778836442978,0.974732304296364,-0.9584496694012697,25.748741321392078,662.9976796359639
-2.5377500991553097,0.07904404113294886,0.974620640558215,-0.9583508224929339,25.63477095384482,657.1414818560861
-2.534756747986387,0.07928100218275438,0.9745084919583975,-0.9582516431381136,25.521312446553154,651.3373889945889
-2.5317633963817046,0.07951867363750982,0.9743958564645662,-0.9581521302267484,25.408363499685276,645.584935732139
-2.5287700443394114,0.07975705762724791,0.9742827320364673,-0.9580522826475255,25.29592182377289,639.8836609144296
-2.5257766918576463,0.07999615628838994,0.9741691166259135,-0.9579520992878813,25.183985139664383,634.2331075148364
-2.522783338934538,0.08023597176376487,0.9740550081767578,-0.957851579033996,25.07255117847812,628.6328225974045
-2.519789985568207,0.08047650620262864,0.973940404624868,-0.9577507207707975,24.961617681556028,623.0823572801705
-2.5167966317567627,0.0807177617606833,0.9738253038981005,-0.9576495233819587,24.851182400417464,617.5812666988187
-2.5138032774983063,0.08095974060009647,0.9737097039162752,-0.9575479857498986,24.741243096713113,612.1291099706542
-2.510809922790929,0.08120244488952078,0.9735936025911487,-0.9574461067557808,24.631797542179267,606.7254501589086
-2.5078165676327124,0.08144587680411322,0.9734769978263887,-0.9573438852795109,24.522843518592182,601.3698542373586
-2.504823212021728,0.08169003852555476,0.9733598875175484,-0.9572413201997377,24.41437881772273,596.0618930552683
-2.5018298559560384,0.08193493224206994,0.97324226955204,-0.9571384103938506,24.306401241291226,590.8011413026437
-2.498836499433695,0.0821805601484464,0.9731241418091087,-0.9570351547379804,24.19890860092243,585.5871774757975
-2.495843142452741,0.08242692444605472,0.9730055021598069,-0.9569315521069983,24.091898718100847,580.4195838432292
-2.492849785011208,0.08267402734286813,0.9728863484669676,-0.9568276013745158,23.98536942412609,575.2979464118027
-2.4898564271071195,0.08292187105348225,0.972766678585179,-0.9567233014128789,23.879318560068572,570.2218548932354
-2.4868630687384874,0.08317045779913511,0.9726464903607573,-0.9566186510931715,23.773743976725353,565.190902670885
-2.4838697099033147,0.08341978980772695,0.9725257816317215,-0.9565136492852152,23.668643534576155,560.2046867668337
-2.480876350599594,0.0836698693138403,0.9724045502277664,-0.9564082948575677,23.564015103739667,555.2628078092712
-2.4778829908253077,0.08392069855876008,0.9722827939702365,-0.9563025866775208,23.45985656392988,550.3648700001638
-2.474889630578428,0.08417227979049363,0.9721605106721,-0.956196523611103,23.35616580441282,545.5104810832228
-2.4718962698569165,0.08442461526379091,0.9720376981379218,-0.9560901045230772,23.252940723963384,540.6992523121548
-2.4689029086587255,0.08467770724016481,0.971914354163838,-0.9559833282769437,23.15017923082234,535.9307984191979
-2.465909546981796,0.08493155798791134,0.9717904765375285,-0.9558761937349372,23.047879242653522,531.204737583939
-2.46291618482406,0.08518616978213009,0.9716660630381911,-0.9557686997580306,22.9460386865014,526.5206914024188
-2.4599228221834375,0.08544154490474458,0.9715411114365153,-0.9556608452059328,22.844655498748516,521.8782848565008
-2.456929459057839,0.08569768564452285,0.9714156194946552,-0.9555526289370924,22.743727625073408,517.2771462835273
-2.453936095445164,0.0859545942970979,0.9712895849662029,-0.9554440498086991,22.643253020408583,512.7169073462425
-2.450942731343302,0.08621227316498832,0.9711630055961628,-0.9553351066766842,22.543229648898695,508.1972030029852
-2.4479493667501315,0.086470724557619,0.9710358791209238,-0.9552257983957244,22.44365548385896,503.71767147815245
-2.444956001663521,0.08672995079134187,0.9709082032682339,-0.9551161238192412,22.344528507733727,499.27795423292525
-2.441962636081327,0.08698995418945664,0.9707799757571727,-0.9550060817994059,22.245846712055165,494.87769593625563
-2.438969270001397,0.08725073708223165,0.9706511942981247,-0.9548956711871441,22.147608097402312,490.51654443612045
-2.435975903421566,0.08751230180692496,0.9705218565927535,-0.9547848908321344,22.049810673360152,486.1941507310273
-2.4329825363396593,0.08777465070780509,0.9703919603339738,-0.9546737395828162,21.952452458478934,481.9101689417778
-2.4299891687534907,0.08803778613617223,0.9702615032059256,-0.9545622162863932,21.855531480233704,477.66425628348645
-2.4269958006608636,0.08830171045037928,0.9701304828839471,-0.9544503197888357,21.75904577498395,473.45607303784686
-2.42400243205957,0.08856642601585303,0.9699988970345479,-0.9543380489348845,21.662993387933543,469.2852825256524
-2.421009062947391,0.0888319352051155,0.969866743315382,-0.954225402568061,21.567372373090702,465.15155107955604
-2.418015693322096,0.08909824039780509,0.9697340193752215,-0.954112379530668,21.47218079322829,461.05454801708186
-2.4150223231814443,0.08936534398069805,0.9696007228539291,-0.9539989786637976,21.377416719844206,456.9939456138746
-2.4120289525231833,0.0896332483477298,0.9694668513824313,-0.9538851988073358,21.283078233122016,452.96941907719213
-2.4090355813450492,0.0899019559000166,0.969332402582692,-0.9537710387999689,21.189163421891653,448.9806465196312
-2.4060422096447676,0.0901714690458769,0.9691973740676851,-0.9536564974791932,21.09567038359046,445.02730893309564
-2.4030488374200516,0.09044179020085319,0.9690617634413676,-0.9535415736813182,21.002597224224225,441.1090901629911
-2.4000554646686036,0.09071292178773348,0.9689255682986528,-0.9534262662414761,20.90994205832856,437.22567688265764
-2.3970620913881144,0.0909848662365732,0.968788786225383,-0.953310573993631,20.81770300893035,433.3767585680278
-2.3940687175762636,0.09125762598471693,0.9686514147983029,-0.9531944957705825,20.725878207509428,429.5620274725142
-2.3910753432307184,0.09153120347682035,0.9685134515850321,-0.9530780304039788,20.63446579396037,425.7811786021206
-2.388081968349135,0.09180560116487216,0.9683748941440385,-0.9529611767243236,20.543463916554526,422.0339096907778
-2.3850885929291583,0.09208082150821609,0.9682357400246111,-0.952843933560984,20.45287073190221,418.319921175902
-2.38209521696842,0.09235686697357302,0.9680959867668326,-0.9527262997422008,20.36268440491498,414.6389161741677
-2.379101840464542,0.0926337400350631,0.9679556319015528,-0.9526082740950989,20.27290310876825,410.9906004575054
-2.3761084634151324,0.09291144317422795,0.9678146729503612,-0.9524898554456959,20.18352502486392,407.37468242930805
-2.3731150858177887,0.09318997888005301,0.9676731074255598,-0.9523710426189147,20.094548342793235,403.79087310085436
-2.3701217076700964,0.0934693496489898,0.9675309328301364,-0.9522518344385899,20.005971260299848,400.2388860679435
-2.367128328969628,0.09374955798497846,0.9673881466577369,-0.9521322297274821,19.91779198324293,396.7184374877364
-2.364134949713945,0.0940306063994701,0.9672447463926386,-0.9520122273072891,19.83000872556066,393.2292460558119
-2.361141569900597,0.09431249741144941,0.9671007295097226,-0.9518918259986561,19.74261970923363,389.7710329834202
-2.3581481895271197,0.09459523354745736,0.9669560934744471,-0.9517710246211852,19.655623164248617,386.3435219749468
-2.355154808591038,0.09487881734161381,0.9668108357428198,-0.9516498219934516,19.569017328562367,382.9464392055742
-2.352161427089864,0.09516325133564021,0.9666649537613708,-0.9515282169330124,19.482800448065735,379.5795132991504
-2.349168045021098,0.09544853807888257,0.9665184449671257,-0.951406208256419,19.396970776547725,376.2424753062465
-2.3461746623822277,0.0957346801283342,0.9663713067875779,-0.9512837947792309,19.311526575659958,372.9350586824208
-2.343181279170728,0.09602168004865883,0.9662235366406616,-0.9511609753160281,19.226466114881088,369.65699926667065
-2.340187895384061,0.09630954041221353,0.9660751319347249,-0.9510377486804235,19.14178767148154,366.4080352600827
-2.3371945110196766,0.0965982637990719,0.9659260900685019,-0.9509141136850766,19.057489530488283,363.1879072046705
-2.3342011260750124,0.09688785279704713,0.965776408431086,-0.9507900691417059,18.9735699846499,359.99635796240756
-2.331207740547493,0.09717831000171531,0.9656260844019025,-0.9506656138611032,18.890027334401637,356.833132694441
-2.3282143544345306,0.09746963801643878,0.9654751153506811,-0.9505407466531459,18.806859887830782,353.6979788404985
-2.325220967733524,0.09776183945238942,0.9653234986374293,-0.9504154663268127,18.724065960642104,350.5906460984763
-2.322227580441859,0.09805491692857221,0.9651712316124044,-0.9502897716901975,18.641643876123453,347.510886404211
-2.319234192556909,0.09834887307184866,0.9650183116160865,-0.9501636615505206,18.559591965111576,344.45845391143416
-2.3162408040760343,0.09864371051696043,0.9648647359791518,-0.9500371347141452,18.477908565958014,341.4331049719045
-2.313247414996582,0.09893943190655304,0.9647105020224445,-0.9499101899865917,18.39659202449522,338.43459811572114
-2.3102540253158863,0.09923603989119954,0.9645556070569501,-0.9497828261725509,18.315640694002745,335.46269403180935
-2.3072606350312683,0.09953353712942432,0.964400048383768,-0.9496550420759016,18.235052935173726,332.51715554858794
-2.3042672441400356,0.0998319262877271,0.9642438232940842,-0.9495268364997206,18.154827116081293,329.5977476148006
-2.3012738526394823,0.10013121004060675,0.9640869290691443,-0.9493982082462997,18.07496161214539,326.70423728052947
-2.298280460526889,0.1004313910705854,0.9639293629802259,-0.9492691561171622,17.99545480609956,323.83639367837173
-2.2952870677995243,0.10073247206823242,0.9637711222886117,-0.9491396789130757,17.916305087957966,320.9939880047885
-2.2922936744546414,0.10103445573218879,0.9636122042455622,-0.949009775434067,17.837510854982504,318.17679350161865
-2.2893002804894813,0.1013373447691911,0.9634526060922883,-0.9488794444794375,17.759070511650158,315.3845854377622
-2.2863068859012707,0.10164114189409607,0.9632923250599247,-0.9487486848477794,17.680982469620385,312.61714109102337
-2.2833134906872234,0.10194584982990476,0.9631313583695017,-0.9486174953369901,17.603245147702737,309.87423973011994
-2.2803200948445386,0.10225147130778724,0.962969703231919,-0.948485874744286,17.5258569718246,307.1556625968529
-2.277326698370402,0.10255800906710694,0.962807356847918,-0.9483538218662201,17.44881637499907,304.4611928884357
-2.274333301261985,0.10286546585544537,0.9626443164080548,-0.948221335498696,17.372121797292966,301.7906157399814
-2.2713399035164463,0.1031738444286267,0.9624805790926731,-0.948088414436983,17.295771685795053,299.14371820714985
-2.2683465051309297,0.1034831475507426,0.9623161420718771,-0.9479550574757323,17.219764494584336,296.52028924894734
-2.2653531061025647,0.10379337799417711,0.962151002505504,-0.9478212634089918,17.144098684698488,293.9201197106804
-2.2623597064284673,0.1041045385396314,0.9619851575430977,-0.9476870310302205,17.068772724102512,291.3430023070659
-2.2593663061057394,0.10441663197614885,0.9618186043238808,-0.9475523591323063,16.99378508765748,288.7887316054897
-2.2563729051314683,0.10472966110114013,0.9616513399767284,-0.9474172465075791,16.919134257089382,286.2571040094155
-2.253379503502727,0.10504362872040827,0.9614833616201404,-0.9472816919478277,16.844818720958187,283.7479177419434
-2.2503861012165736,0.10535853764817397,0.961314666362215,-0.9471456942443136,16.770836974627002,281.26097282951616
-2.247392698270053,0.10567439070710069,0.9611452513006212,-0.9470092521877889,16.697187520231413,278.79607108577164
-2.2443992946601945,0.10599119072832022,0.9609751135225725,-0.9468723645685088,16.623868866648895,276.3530160955384
-2.2414058903840135,0.10630894055145797,0.9608042501047991,-0.9467350301762492,16.55087952946842,273.93161319897683
-2.2384124854385106,0.10662764302465855,0.9606326581135217,-0.9465972478003203,16.478218030960182,271.53166947586124
-2.2354190798206712,0.10694730100461139,0.9604603346044245,-0.9464590162295827,16.405882900045448,269.15299373000363
-2.2324256735274663,0.10726791735657634,0.9602872766226278,-0.9463203342524638,16.333872672266573,266.79539647381677
-2.229432266555852,0.10758949495440945,0.960113481202662,-0.9461812006569701,16.262185889757106,264.4586899130151
-2.22643885890277,0.10791203668058871,0.9599389453684402,-0.9460416142307063,16.190821101212126,262.14268793145584
-2.2234454505651464,0.10823554542624016,0.9597636661332313,-0.9459015737608877,16.11977686185857,259.84720607611087
-2.220452041539892,0.10856002409116362,0.959587640499634,-0.9457610780343555,16.049051733425795,257.5720615421775
-2.2174586318239027,0.10888547558385894,0.9594108654595493,-0.9456201258375941,15.978644284116283,255.317073158322
-2.2144652214140597,0.10921190282155199,0.9592333379941546,-0.9454787159567443,15.908553088576417,253.08206137205426
-2.211471810307229,0.10953930873022093,0.9590550550738761,-0.945336847177619,15.838776727867428,250.8668482352348
-2.20847839850026,0.10986769624462257,0.9588760136583632,-0.9451945182857185,15.769313789436449,248.67125738971055
-2.205484985989988,0.11019706830831863,0.958696210696461,-0.9450517280662455,15.700162867087736,246.49511405308058
-2.2024915727732326,0.11052742787370229,0.9585156431261848,-0.944908475304119,15.631322560953983,244.33824500458897
-2.1994981588467972,0.11085877790202463,0.9583343078746924,-0.9447647587839905,15.562791477467778,242.20047857114372
-2.1965047442074703,0.1111911213634213,0.9581522018582591,-0.9446205772902577,15.494568229333224,240.08164461346252
-2.1935113288520243,0.1115244612369392,0.95796932198225,-0.9444759296070812,15.426651435497606,237.98157451234033
-2.1905179127772163,0.11185880051056321,0.9577856651410944,-0.944330814518398,15.359039721123292,235.90010115504305
-2.187524495979787,0.11219414218124317,0.9576012282182592,-0.9441852308079356,15.291731717559662,233.83705892182016
-2.184531078456461,0.11253048925492065,0.9574160080862227,-0.9440391772592286,15.22472606231523,231.79228367254063
-2.1815376602039485,0.11286784474655603,0.9572300016064487,-0.9438926526556315,15.158021399029861,229.7656127334472
-2.1785442412189413,0.1132062116801557,0.9570432056293596,-0.943745655780335,15.091616377447135,227.7568848840306
-2.175550821498117,0.11354559308879901,0.9568556169943113,-0.9435981854163793,15.025509653386809,225.76594034402018
-2.1725574010381363,0.11388599201466573,0.9566672325295662,-0.9434502403466706,14.95969988871744,223.79262076049258
-2.1695639798356434,0.11422741150906336,0.9564780490522676,-0.9433018193539925,14.89418575132907,221.8367691950939
-2.1665705578872667,0.11456985463245442,0.9562880633684141,-0.9431529212210229,14.828965915106135,219.89823011137955
-2.163577135189618,0.11491332445448414,0.956097272272833,-0.9430035447303475,14.764039059900387,217.97684936226432
-2.160583711739292,0.11525782405400795,0.9559056725491551,-0.9428536886644748,14.699403871503998,216.0724741775867
-2.1575902875328676,0.1156033565191191,0.9557132609697886,-0.9427033518058497,14.6350590416228,214.18495315178527
-2.154596862566907,0.11594992494717658,0.9555200342958934,-0.9425525329368679,14.571003267849592,212.3141362316835
-2.1516034368379553,0.1162975324448328,0.9553259892773556,-0.9424012308398907,14.507235253637607,210.45987470438578
-2.148610010342541,0.11664618212806159,0.9551311226527618,-0.9422494442972591,14.44375370827413,208.62202118528268
-2.145616583077176,0.11699587712218625,0.9549354311493737,-0.9420971720913079,14.380557346854095,206.8004296061593
-2.1426231550383545,0.11734662056190748,0.9547389114831026,-0.94194441300438,14.31764489025404,204.99495520341765
-2.1396297262225548,0.11769841559133173,0.9545415603584838,-0.9417911658188397,14.255015065105907,203.20545450639636
-2.1366362966262367,0.11805126536399947,0.9543433744686517,-0.9416374293170868,14.192666603771183,201.43178532580185
-2.133642866245844,0.11840517304291336,0.9541443504953143,-0.9414832022815721,14.130598244315042,199.67380674223935
-2.130649435077803,0.11876014180056677,0.9539444851087281,-0.9413284834948105,14.068808730480626,197.93137909484787
-2.1276560031185228,0.11911617481897238,0.9537437749676729,-0.9411732717393945,14.007296811663466,196.2043639700375
-2.124662570364394,0.11947327528969078,0.9535422167194272,-0.9410175657980083,13.946061242885959,194.49262419032584
-2.1216691368117915,0.11983144641385897,0.9533398069997425,-0.9408613644534426,13.88510078477208,192.79602380327822
-2.118675702457071,0.12019069140221939,0.9531365424328194,-0.9407046664886076,13.824414203522032,191.1144280705417
-2.115682267296571,0.12055101347514857,0.952932419631282,-0.9405474706865472,13.764000270887198,189.44770345698288
-2.1126888313266137,0.12091241586268624,0.9527274351961535,-0.9403897758304519,13.703857764145072,187.79571761991917
-2.1096953945435013,0.1212749018045643,0.9525215857168321,-0.940231580703674,13.643985466074337,186.15833939844774
-2.1067019569435197,0.1216384745502359,0.9523148677710654,-0.9400728840897407,13.58438216493012,184.53543880287157
-2.103708518522936,0.1220031373589048,0.9521072779249271,-0.939913684772367,13.525046654419237,182.92688700421698
-2.1007150792779994,0.12236889349955452,0.9518988127327919,-0.9397539815354705,13.465977733675691,181.3325563238495
-2.0977216392049414,0.12273574625097779,0.9516894687373115,-0.9395937731631843,13.407174207236155,179.75232022317843
-2.094728198299975,0.12310369890180603,0.9514792424693906,-0.9394330584398718,13.348634885015644,178.1860532934566
-2.091734756559295,0.12347275475053893,0.9512681304481627,-0.9392718361501388,13.290358582283272,176.6336312456706
-2.0887413139790776,0.12384291710557412,0.9510561291809659,-0.9391101050788481,13.232344119638103,175.0949309005211
-2.0857478705554806,0.12421418928523686,0.9508432351633195,-0.9389478640111325,13.17459032298516,173.56983017849424
-2.0827544262846436,0.12458657461780993,0.9506294448788998,-0.9387851117324088,13.117096023511476,172.05820809002057
-2.0797609811626874,0.12496007644156348,0.9504147547995168,-0.9386218470283906,13.05986005766231,170.55994472572337
-2.076767535185714,0.12533469810478517,0.9501991613850903,-0.9384580686851023,13.00288126711744,169.07492124675363
-2.0737740883498073,0.12571044296581016,0.949982661083627,-0.9382937754888921,12.94615849876757,167.60301987521177
-2.070780640651031,0.12608731439305143,0.9497652503311962,-0.9381289662264469,12.889690604690847,166.14412388465547
-2.0677871920854307,0.12646531576502998,0.9495469255519077,-0.9379636396848031,12.833476442129472,164.69811759069214
-2.0647937426490333,0.1268444504704051,0.9493276831578877,-0.9377977946513623,12.777514873466453,163.26488634165642
-2.061800292337846,0.12722472190800518,0.9491075195492567,-0.9376314299139031,12.721804766202403,161.8443165093702
-2.058806841147857,0.12760613348685793,0.9488864311141055,-0.9374645442605962,12.666344992932514,160.43629547998657
-2.055813389075035,0.12798868862622118,0.9486644142284737,-0.9372971364800158,12.61113443132354,159.04071164491413
-2.05281993611533,0.12837239075561366,0.9484414652563258,-0.9371292053611545,12.55617196409101,157.6574543918251
-2.0498264822646717,0.12875724331484587,0.9482175805495295,-0.9369607496934349,12.501456478976424,156.2864140957416
-2.046833027518971,0.12914324975405075,0.9479927564478332,-0.9367917682667246,12.446986868724641,154.92748211020364
-2.0438395718741185,0.1295304135337152,0.9477669892788433,-0.9366222598713481,12.392762031061292,153.5805507585144
-2.0408461153259854,0.12991873812471064,0.9475402753580023,-0.9364522232981007,12.338780868670353,152.24551332506553
-2.0378526578704235,0.13030822700832462,0.947312610988567,-0.9362816573382623,12.285042289171834,150.92226404674034
-2.034859199503264,0.130698883676292,0.947083992461586,-0.9361105607836091,12.231545205099476,149.610698104392
-2.031865740220319,0.13109071163082636,0.9468544160558785,-0.9359389324264281,12.178288533878654,148.31071161440028
-2.0288722800173797,0.1314837143846515,0.9466238780380124,-0.9357667710595285,12.1252711978043,147.02220162030255
-2.0258788188902175,0.13187789546103307,0.9463923746622829,-0.935594075476257,12.072492124018993,145.74506608450062
-2.0228853568345833,0.13227325839381016,0.946159902170691,-0.9354208444705094,12.019950244491088,144.47920388004138
-2.019891893846208,0.1326698067274272,0.9459264567929225,-0.9352470768367447,11.967644495993001,143.22451478247157
-2.0168984299208024,0.1330675440169658,0.9456920347463269,-0.935072771369997,11.915573820079523,141.98089946176452
-2.013904965054056,0.1334664738281767,0.945456632235896,-0.9348979268658896,11.863737163066295,140.7482594743203
-2.0109114992416384,0.13386659973751183,0.9452202454542441,-0.9347225421206469,11.81213347600837,139.52649725503758
-2.007918032479198,0.13426792533215662,0.9449828705815864,-0.9345466159311084,11.76076171467881,138.31551610945488
-2.004924564762363,0.13467045421006207,0.9447445037857191,-0.9343701470947415,11.709620839547481,137.11522020596468
-2.0019310960867402,0.13507418997997728,0.9445051412219988,-0.9341931344096546,11.658709815759856,135.92551456809522
-1.998937626447916,0.13547913626148175,0.9442647790333226,-0.9340155766746089,11.608027613115963,134.74630506686267
-1.995944155841455,0.13588529668501817,0.9440234133501079,-0.9338374726890325,11.557573206049394,133.57749841319088
-1.9929506842629015,0.13629267489192484,0.9437810402902725,-0.9336588212530325,11.507345573606463,132.41900215040025
-1.989957211707778,0.13670127453446862,0.9435376559592155,-0.9334796211674083,11.45734369942538,131.27072464676243
-1.986963738171586,0.13711109927587758,0.9432932564497967,-0.9332998712336649,11.4075665717156,130.13257508812322
-1.9839702636498053,0.13752215279037425,0.9430478378423184,-0.9331195702540244,11.358013183237198,129.00446347058997
-1.9809767881378946,0.13793443876320835,0.9428013962045055,-0.9329387170314398,11.308682531280382,127.88630059328608
-1.9779833116312908,0.13834796089069015,0.942553927591487,-0.9327573103696074,11.259573617645087,126.77799805116926
-1.974989834125409,0.13876272288022376,0.9423054280457769,-0.9325753490729795,11.210685448620628,125.6794682279143
-1.9719963556156428,0.1391787284503403,0.9420558935972553,-0.9323928319467772,11.162017034965519,124.59062428886044
-1.9690028760973637,0.13959598133073145,0.9418053202631506,-0.9322097577970031,11.113567391887294,123.51138017402054
-1.9660093955659215,0.14001448526228313,0.9415537040480206,-0.9320261254304537,11.065335539022486,122.44165059115406
-1.9630159140166434,0.14043424399710894,0.9413010409437351,-0.9318419336547321,11.017320500416666,121.38135100890133
-1.9600224314448353,0.14085526129858408,0.9410473269294571,-0.9316571812782606,10.969521304504585,120.33039764997999
-1.95702894784578,0.1412775409413792,0.9407925579716261,-0.9314718671102928,10.921936984090403,119.28870748444176
-1.9540354632147388,0.14170108671149423,0.9405367300239396,-0.9312859899609273,10.874566576327975,118.25619822298954
-1.9510419775469496,0.1421259024062926,0.9402798390273366,-0.9310995486411181,10.827409122701296,117.23278831035525
-1.9480484908376288,0.14255199183453537,0.94002188090998,-0.9309125419626892,10.780463669004972,116.21839691873613
-1.9450550030819693,0.14297935881641552,0.9397628515872398,-0.9307249687383454,10.733729265324785,115.21294394128974
-1.9420615142751418,0.14340800718359217,0.9395027469616768,-0.9305368277816854,10.687204966018395,114.21634998568825
-1.939068024412294,0.1438379407792254,0.9392415629230252,-0.9303481179072145,10.640889829696077,113.2285363677294
-1.9360745334885507,0.14426916345801039,0.938979295348177,-0.9301588379303555,10.594782919201553,112.24942510500497
-1.933081041499014,0.1447016790862125,0.9387159401011659,-0.9299689866674621,10.54888330159294,111.27893891062638
-1.9300875484387625,0.14513549154170188,0.938451493033151,-0.9297785629358299,10.503190048123749,110.31700118700576
-1.9270940543028516,0.1455706047139884,0.9381859499824017,-0.92958756555371,10.457702234223996,109.36353601969356
-1.9241005590863136,0.14600702250425662,0.9379193067742818,-0.9293959933403202,10.412418939481375,108.41846817127045
-1.9211070627841573,0.14644474882540098,0.9376515592212346,-0.929203845115857,10.36733924762254,107.48172307529471
-1.9181135653913683,0.14688378760206097,0.9373827031227676,-0.9290111197015077,10.322462246494466,106.55322683030357
-1.9151200669029083,0.14732414277065642,0.9371127342654383,-0.9288178159194626,10.277787028045855,105.63290619386765
-1.912126567313715,0.14776581827942303,0.9368416484228389,-0.9286239325929262,10.233312688308692,104.72068857669966
-1.9091330666187032,0.14820881808844782,0.9365694413555827,-0.92842946854613,10.189038327379834,103.81650203681524
-1.906139564812763,0.1486531461697048,0.9362961088112899,-0.9282344226043432,10.144963049402708,102.9202752737463
-1.903146061890761,0.14909880650709065,0.9360216465245733,-0.9280387935938853,10.101085962549075,102.03193762280597
-1.9001525578475393,0.14954580309646082,0.9357460502170254,-0.9278425803421374,10.057406179000878,101.15141904940505
-1.8971590526779163,0.14999413994566518,0.9354693155972047,-0.9276457816775533,10.013922814932195,100.27865014341954
-1.8941655463766855,0.15044382107458437,0.9351914383606228,-0.927448396429672,9.970634990491243,99.41356211360831
-1.8911720389386169,0.15089485051516577,0.9349124141897313,-0.9272504234291287,9.927541829782468,98.55608678208064
-1.888178530358455,0.1513472323114599,0.9346322387539095,-0.9270518615076658,9.884642460848747,97.70615657881397
-1.8851850206309206,0.1518009705196569,0.9343509077094524,-0.926852709498145,9.841936015653623,96.86370453621991
-1.8821915097507094,0.15225606920812293,0.9340684166995578,-0.9266529662345583,9.799421630063659,96.0286642837595
-1.8791979977124922,0.15271253245743674,0.933784761354315,-0.926452630552039,9.757098443830854,95.20097004260647
-1.8762044845109151,0.15317036436042664,0.9334999372906937,-0.9262517012868731,9.71496560057512,94.3805566203579
-1.8732109701405995,0.15362956902220712,0.9332139401125319,-0.9260501772765103,9.673022247766903,93.56735940579348
-1.870217454596141,0.1540901505602159,0.9329267654105257,-0.9258480573595749,9.631267536709789,92.76131436367984
-1.8672239378721105,0.15455211310425104,0.932638408762218,-0.9256453403758771,9.589700622523258,91.96235802962298
-1.8642304199630537,0.15501546079650802,0.9323488657319887,-0.9254420251664236,9.54832066412552,91.1704275049664
-1.8612369008634906,0.15548019779161715,0.932058131871044,-0.9252381105734285,9.507126824216355,90.38546045173416
-1.8582433805679157,0.1559463282566809,0.9317662027174067,-0.9250335954403242,9.466118269260107,89.60739508761998
-1.855249859070798,0.15641385637131144,0.931473073795907,-0.9248284786117712,9.425294169468732,88.83617018102126
-1.852256336366581,0.15688278632766828,0.9311787406181729,-0.9246227589336702,9.384653698784897,88.07172504611704
-1.849262812449682,0.157353122330496,0.9308831986826209,-0.9244164352531712,9.344196034865192,87.31399953799037
-1.8462692873144926,0.15782486859716216,0.9305864434744484,-0.9242095064186843,9.303920359063389,86.56293404779422
-1.8432757609553785,0.15829802935769524,0.9302884704656242,-0.9240019712798904,9.263825856413785,85.81846949796059
-1.840282233366679,0.1587726088548227,0.9299892751148812,-0.9237938286877512,9.223911715614648,85.08054733745315
-1.8372887045427075,0.15924861134400928,0.929688852867708,-0.923585077494519,9.184177129011672,84.34910953706108
-1.834295174477751,0.1597260410934952,0.9293871991563423,-0.9233757165537476,9.144621292581588,83.62409858473656
-1.8313016431660696,0.16020490238433474,0.9290843093997629,-0.9231657447203017,9.105243405915774,82.90545748097267
-1.8283081106018975,0.16068519951043467,0.9287801790036837,-0.9229551608503667,9.066042672203997,82.19312973422379
-1.8253145767794419,0.16116693677859298,0.9284748033605466,-0.9227439638014588,9.02701829821819,81.48705935636602
-1.8223210416928834,0.16165011850853767,0.9281681778495156,-0.9225321524324351,8.988169494296322,80.787190858199
-1.8193275053363758,0.16213474903296565,0.927860297836471,-0.9223197256035024,8.949495474326332,80.09346924498749
-1.8163339677040455,0.16262083269758174,0.9275511586740038,-0.9221066821762273,8.91099545573014,79.4058400120432
-1.8133404287899926,0.1631083738611378,0.9272407557014111,-0.9218930210135451,8.872668659447719,78.72424914034578
-1.8103468885882894,0.16359737689547207,0.9269290842446902,-0.9216787409797699,8.834514309921268,78.04864309220365
-1.807353347092981,0.1640878461855485,0.9266161396165352,-0.9214638409406035,8.79653163507941,77.37896880695283
-1.8043598042980855,0.1645797861294962,0.9263019171163324,-0.9212483197631445,8.758719866321506,76.71517369669502
-1.801366260197593,0.16507320113864915,0.9259864120301564,-0.9210321763158971,8.72107823850202,76.0572056420735
-1.7983727147854667,0.1655680956375858,0.9256696196307672,-0.9208154094687807,8.683605989914941,75.40501298808664
-1.7953791680556412,0.16606447406416908,0.9253515351776067,-0.9205980180931382,8.646302362278302,74.75854453993935
-1.792385620002024,0.16656234086958632,0.9250321539167963,-0.9203800010617451,8.609166600718742,74.11774955893111
-1.7893920706184945,0.1670617005183893,0.9247114710811342,-0.9201613572488179,8.57219795375618,73.48257775838165
-1.7863985198989036,0.16756255748853457,0.924389481890094,-0.9199420855300227,8.53539567328849,72.85297929959187
-1.783404967837075,0.16806491627142364,0.9240661815498227,-0.9197221847824836,8.498759014576313,72.22890478784214
-1.7804114144268033,0.16856878137194356,0.9237415652531398,-0.9195016538847914,8.462287236227912,71.61030526842583
-1.7774178596618555,0.16907415730850747,0.9234156281795363,-0.9192804917170112,8.42597960018406,70.99713222271794
-1.7744243035359695,0.16958104861309536,0.9230883654951741,-0.9190586971606911,8.389835371703057,70.38933756427978
-1.7714307460428549,0.17008945983129484,0.9227597723528868,-0.9188362690988696,8.353853819345778,69.78687363499805
-1.7684371871761928,0.17059939552234207,0.9224298438921786,-0.918613206416084,8.318034214960786,69.1896932012583
-1.7654436269296352,0.17111086025916292,0.9220985752392269,-0.9183895079983778,8.28237583366954,68.59774945015322
-1.7624500652968054,0.17162385862841414,0.9217659615068817,-0.9181651727333088,8.246877953851625,68.01099598572397
-1.7594565022712976,0.17213839523052468,0.9214319977946684,-0.9179401995099563,8.211539857130104,67.42938682523629
-1.7564629378466772,0.17265447467973707,0.9210966791887892,-0.9177145872189285,8.176360828356884,66.85287639548888
-1.75346937201648,0.17317210160414917,0.9207600007621257,-0.91748833475237,8.141340155598185,66.28141952915547
-1.7504758047742128,0.17369128064575567,0.9204219575742416,-0.9172614410039691,8.106477130120037,65.7149714611592
-1.7474822361133526,0.1742120164604902,0.920082544671386,-0.9170339048689644,8.0717710463739,65.15348782508
-1.7444886660273473,0.1747343137182669,0.919741757086497,-0.9168057252441524,8.037221201982282,64.59692464959352
-1.7414950945096148,0.17525817710302288,0.919399589839206,-0.9165769010278936,8.002826897724471,64.04523835494228
-1.7385015215535435,0.17578361131276016,0.919056037935842,-0.9163474311201202,7.9685874375223,63.49838574943821
-1.735507947152492,0.17631062105958817,0.9187110963694365,-0.9161173144223419,7.934502128426008,62.95632402599685
-1.7325143712997884,0.17683921106976613,0.9183647601197292,-0.9158865498376525,7.900570280600124,62.419010758701916
-1.7295207939887312,0.17736938608374575,0.9180170241531737,-0.9156551362707365,7.866791207309452,61.88640389940131
-1.7265272152125886,0.17790115085621383,0.9176678834229437,-0.9154230726278749,7.833164224905106,61.358461774333215
-1.7235336349645984,0.17843451015613512,0.91731733286894,-0.9151903578169521,7.799688652810583,60.83514308078217
-1.7205400532379682,0.17896946876679545,0.9169653674177975,-0.9149569907474611,7.766363813507942,60.31640688376562
-1.7175464700258747,0.1795060314858447,0.9166119819828932,-0.9147229703305093,7.733189032524027,59.802212612749905
-1.7145528853214644,0.18004420312534006,0.9162571714643539,-0.914488295478825,7.700163638416733,59.29252005839521
-1.711559299117853,0.1805839885117894,0.9159009307490653,-0.9142529651067626,7.667286962761349,58.787289369330146
-1.708565711408125,0.18112539248619486,0.9155432547106809,-0.9140169781303072,7.634558340136985,58.2864810489552
-1.7055721221853342,0.18166841990409652,0.9151841382096314,-0.9137803334670819,7.601977108113017,57.79005595227435
-1.7025785314425033,0.1822130756356159,0.9148235760931352,-0.913543030036351,7.569542607235613,57.297975282755324
-1.6995849391726239,0.18275936456550015,0.9144615631952089,-0.9133050667590261,7.537254181014341,56.81020058921817
-1.696591345368656,0.18330729159316606,0.9140980943366779,-0.9130664425576711,7.505111175908796,56.32669376275111
-1.6935977500235286,0.18385686163274398,0.9137331643251884,-0.9128271563565067,7.473112941315321,55.84741703365453
-1.690604153130139,0.1844080796131224,0.9133667679552195,-0.9125872070814148,7.441258829553759,55.37233296841178
-1.687610554681353,0.18496095047799221,0.9129989000080957,-0.9123465936599441,7.409548195854309,54.90140446668784
-1.6846169546700043,0.18551547918589145,0.9126295552519998,-0.912105315021313,7.377980398344372,54.434594758353775
-1.681623353088895,0.18607167071024983,0.912258728441987,-0.911863370096415,7.346554798035534,53.971867400538926
-1.6786297499307958,0.18662953003943356,0.9118864143199983,-0.9116207578178227,7.315270758810545,53.51318627470861
-1.6756361451884443,0.18718906217679063,0.9115126076148761,-0.9113774771197911,7.284127647410387,53.05851558376838
-1.6726425388545465,0.18775027214069553,0.9111373030423786,-0.9111335269382627,7.253124833421406,52.6078198491943
-1.6696489309217761,0.18831316496459471,0.9107604953051961,-0.9108889062108699,7.222261689262475,52.16106390818846
-1.6666553213827746,0.18887774569705196,0.9103821790929668,-0.9106436138769397,7.191537590172233,51.71821291086025
-1.6636617102301505,0.18944401940179392,0.9100023490822943,-0.9103976488774963,7.160951914196387,51.2792323174329
-1.6606680974564803,0.19001199115775563,0.9096209999367642,-0.9101510101552649,7.130504042175049,50.84408789547472
-1.657674483054307,0.19058166605912655,0.9092381263069627,-0.909903696654675,7.100193357730157,50.41274571715544
-1.6546808670161417,0.1911530492153963,0.9088537228304947,-0.909655707321863,7.070019247252918,49.985172156526716
-1.6516872493344616,0.19172614575140087,0.9084677841320032,-0.9094070411046753,7.039981099891353,49.56133388682746
-1.6486936300017117,0.19230096080736872,0.9080803048231887,-0.9091576969526715,7.010078307537854,49.14119787781278
-1.645700009010303,0.19287749953896727,0.9076912795028294,-0.9089076738171261,6.980310264816824,48.72473139310712
-1.6427063863526143,0.19345576711734921,0.9073007027568022,-0.908656970651032,6.950676369072363,48.311901987580974
-1.6397127620209901,0.1940357687291994,0.906908569158104,-0.908405586409102,6.921176020356008,47.90267750475103
-1.636719136007742,0.19461750957678134,0.9065148732668739,-0.9081535200477714,6.891808621414525,47.49702607420358
-1.6337255083051476,0.19520099487798437,0.9061196096304153,-0.9079007705252001,6.862573577677784,47.094916109041264
-1.630731878905451,0.19578622986637062,0.9057227727832194,-0.9076473368012747,6.833470297246634,46.696316303352
-1.6277382478008624,0.19637321979122213,0.9053243572469893,-0.9073932178376097,6.8044981908808815,46.30119562970119
-1.624744614983558,0.19696196991758844,0.9049243575306637,-0.9071384125975498,6.775656671987309,45.90952333664614
-1.6217509804456804,0.1975524855263337,0.9045227681304424,-0.9068829200461709,6.746945156607738,45.521268946272606
-1.6187573441793377,0.1981447719141847,0.904119583529812,-0.9066267391502816,6.718363063407147,45.136402251753466
-1.6157637061766035,0.19873883439377849,0.903714798199572,-0.9063698688784246,6.689909813661852,44.754893314929156
-1.6127700664295177,0.19933467829371013,0.9033084065978616,-0.906112308200878,6.66158483124774,44.37671246390999
-1.6097764249300852,0.19993230895858113,0.9029004031701875,-0.9058540560896552,6.633387542628535,44.00183029069943
-1.6067827816702767,0.20053173174904732,0.902490782349452,-0.905595111518507,6.605317376844151,43.63021764883929
-1.603789136642028,0.20113295204186737,0.9020795385559818,-0.9053354734629216,6.577373765499068,43.26184565107539
-1.6007954898372403,0.20173597522995135,0.9016666661975574,-0.905075140900125,6.549556142750769,42.89668566704434
-1.5978018412477795,0.2023408067224093,0.9012521596694436,-0.9048141128090815,6.521863945298235,42.53470932098106
-1.594808190865477,0.2029474519446,0.9008360133544199,-0.9045523881704943,6.4942966123704835,42.17588848944674
-1.5918145386821287,0.20355591633818002,0.9004182216228123,-0.9042899659668049,6.466853585715163,41.820195299077064
-1.5888208846894958,0.2041662053611527,0.8999987788325253,-0.9040268451821936,6.4395343095872,41.467602124350705
-1.5858272288793036,0.20477832448791758,0.899577679329075,-0.9037630248025792,6.412338230737496,41.11808158537768
-1.5828335712432424,0.20539227920931954,0.8991549174456219,-0.9034985038156187,6.38526479840166,40.771606545707385
-1.5798399117729667,0.20600807503269863,0.8987304875030063,-0.9032332812107066,6.358313464288821,40.4281501101565
-1.5768462504600955,0.2066257174819395,0.8983043838097823,-0.9029673559789743,6.331483682570467,40.08768562265608
-1.573852587296212,0.2072452120975215,0.8978766006622536,-0.9027007271132896,6.304774909869344,39.750186664118
-1.5708589222728635,0.20786656443656842,0.8974471323445102,-0.9024333936082561,6.278186605248407,39.415627050320516
-1.5678652553815617,0.20848978007289884,0.897015973128465,-0.9021653544602113,6.251718230199802,39.08398082981254
-1.564871586613782,0.20911486459707634,0.896583117273892,-0.9018966086672259,6.225369248633925,38.755222281836915
-1.5618779159609633,0.20974182361646002,0.8961485590284641,-0.9016271552291028,6.199139126868508,38.42932591427205
-1.5588842434145087,0.210370662755255,0.8957122926277933,-0.9013569931473752,6.173027333617773,38.10626646159215
-1.555890568965785,0.21100138765456325,0.8952743122954698,-0.9010861214253051,6.147033339981614,37.78601888284552
-1.5528968926061222,0.21163400397243445,0.8948346122431033,-0.9008145390678819,6.121156619434836,37.468558359650906
-1.5499032143268139,0.21226851738391725,0.894393186670364,-0.90054224508182,6.095396647816457,37.15386029421211
-1.546909534119117,0.21290493358111015,0.8939500297650252,-0.9002692384755573,6.069752903319029,36.84190030734978
-1.5439158519742517,0.2135432582732132,0.8935051357030058,-0.8999955182592528,6.044224866478036,36.53265423655143
-1.5409221678834013,0.2141834971865793,0.8930584986484146,-0.8997210834447845,6.018812020161308,36.226098134038246
-1.537928481837712,0.21482565606476614,0.8926101127535941,-0.8994459330457469,5.993513849558524,35.922208264849836
-1.5349347938282927,0.21546974066858782,0.8921599721591668,-0.8991700660774484,5.968329842170721,35.620961104945586
-1.5319411038462158,0.21611575677616687,0.8917080709940799,-0.8988934815569088,5.943259487799871,35.32233333932319
-1.5289474118825161,0.2167637101829865,0.8912544033756533,-0.8986161785028565,5.918302278538505,35.02630186015406
-1.5259537179281908,0.21741360670194299,0.8907989634096268,-0.8983381559357252,5.893457708759374,34.73284376493528
-1.5229600219741997,0.21806545216339795,0.8903417451902085,-0.8980594128776515,5.8687252751051675,34.441936354658225
-1.5199663240114651,0.21871925241523113,0.8898827428001239,-0.897779948352471,5.844104476478271,34.15355713199337
-1.516972624030872,0.21937501332289308,0.8894219503106664,-0.8974997613857157,5.8195948140305624,33.86768379949142
-1.5139789220232671,0.2200327407694583,0.8889593617817478,-0.8972188510046099,5.7951957911532785,33.58429425780067
-1.5109852179794594,0.22069244065567817,0.8884949712619501,-0.8969372162380669,5.770906913466896,33.30336660390002
-1.5079915118902198,0.2213541189000343,0.8880287727885781,-0.8966548561166853,5.7467276888110765,33.024879129347894
-1.5049978037462814,0.22201778143879203,0.8875607603877125,-0.8963717696727451,5.722657627234658,32.748810318547
-1.502004093538339,0.22268343422605386,0.8870909280742644,-0.8960879559402041,5.69869624098568,32.475138847024326
-1.4990103812570492,0.22335108323381336,0.8866192698520302,-0.895803413954693,5.674843044501463,32.20384357972664
-1.4960166668930304,0.22402073445200904,0.8861457797137476,-0.8955181427535119,5.651097554398722,31.93490356933121
-1.493022950436862,0.22469239388857853,0.8856704516411521,-0.895232141375626,5.627459289463739,31.668298054571732
-1.4900292318790855,0.22536606756951266,0.8851932796050349,-0.8949454088616605,5.603927770642562,31.404006458578912
-1.4870355112102036,0.22604176153890998,0.8847142575653012,-0.8946579442538967,5.580502521031266,31.142008387236316
-1.48404178842068,0.22671948185903143,0.8842333794710296,-0.8943697465962668,5.557183065866242,30.882283627550528
-1.48104806350094,0.22739923461035483,0.8837506392605327,-0.8940808149343494,5.533968932514542,30.624812146036138
-1.4780543364413699,0.22808102589163004,0.8832660308614173,-0.8937911483153648,5.510859650464252,30.36957408711498
-1.4750606072323165,0.22876486181993405,0.8827795481906476,-0.8935007457881691,5.487854751314924,30.116549771529783
-1.4720668758640882,0.22945074853072595,0.8822911851546074,-0.89320960640325,5.464953768768043,29.86571969477204
-1.469073142326954,0.2301386921779026,0.8818009356491637,-0.892917729212721,5.4421562386175415,29.617064525523826
-1.4660794066111438,0.23082869893385413,0.8813087935597326,-0.8926251132703158,5.419461698740338,29.370565104113506
-1.4630856687068474,0.23152077498951976,0.8808147527613435,-0.8923317576313837,5.396869689086949,29.126202440985463
-1.4600919286042162,0.23221492655444356,0.8803188071187067,-0.892037661352883,5.374379751672122,28.8839577151833
-1.4570981862933614,0.23291115985683067,0.8798209504862807,-0.8917428234933756,5.351991430565504,28.643812272846592
-1.4541044417643547,0.23360948114360353,0.8793211767083405,-0.8914472431130217,5.329704271882378,28.405747625721272
-1.4511106950072283,0.2343098966804583,0.8788194796190469,-0.8911509192735731,5.307517823774416,28.16974544968311
-1.4481169460119747,0.2350124127519214,0.8783158530425172,-0.8908538510383677,5.285431636420483,27.93578758327451
-1.4451231947685461,0.23571703566140645,0.8778102907928963,-0.8905560374723229,5.263445262017488,27.70385602625434
-1.4421294412668553,0.23642377173127097,0.8773027866744288,-0.8902574776419299,5.241558254771255,27.473932938160686
-1.4391356854967745,0.23713262730287377,0.8767933344815327,-0.8899581706152468,5.219770170887472,27.246000636886627
-1.4361419274481364,0.23784360873663196,0.8762819279988731,-0.889658115461893,5.198080568562635,27.02004159726845
-1.4331481671107331,0.23855672241207868,0.8757685610014374,-0.8893573112530415,5.17648900797507,26.79603844968672
-1.4301544044743166,0.2392719747279205,0.8752532272546121,-0.8890557570614134,5.154995051275976,26.573973978679803
-1.4271606395285985,0.2399893721020954,0.8747359205142591,-0.8887534519612702,5.133598262580513,26.353831121569662
-1.4241668722632501,0.24070892097183066,0.8742166345267945,-0.8884503950284078,5.112298207958927,26.13559296710006
-1.421173102667902,0.2414306277937011,0.8736953630292676,-0.8881465853401492,5.091094455427715,25.919242754086824
-1.4181793307321442,0.24215449904368738,0.8731720997494409,-0.8878420219753376,5.069986574940843,25.704763870080377
-1.4151855564455265,0.24288054121723443,0.8726468384058711,-0.8875367040143293,5.048974138380976,25.492139850039923
-1.4121917797975574,0.2436087608293103,0.8721195727079919,-0.8872306305389865,5.028056719550775,25.2813543750197
-1.409198000777705,0.24433916441446493,0.8715902963561969,-0.8869238006326704,5.0072338941642105,25.072391270866884
-1.4062042193753963,0.24507175852688917,0.8710590030419237,-0.8866162133802332,4.986505239837936,24.865234506931195
-1.4032104355800177,0.24580654974047414,0.8705256864477396,-0.8863078678680115,4.9658703360826815,24.659868194785926
-1.4002166493809143,0.2465435446488705,0.8699903402474277,-0.8859987631838181,4.9453287642946915,24.45627658696046
-1.39722286076739,0.2472827498655481,0.8694529581060743,-0.885688898416935,4.924880107747202,24.254444075684095
-1.394229069728708,0.2480241720238557,0.8689135336801572,-0.8853782726581055,4.904523951581971,24.05435519164123
-1.39123527625409,0.2487678177770811,0.8683720606176359,-0.8850668849995267,4.8842598828008095,23.855994602737375
-1.3882414803327163,0.249513693798511,0.8678285325580416,-0.8847547345348414,4.864087490257186,23.659347112876446
-1.3852476819537263,0.25026180678149135,0.8672829431325688,-0.884441820359131,4.844006364647857,23.464397660748947
-1.3822538811062173,0.25101216343948823,0.8667352859641686,-0.8841281415689067,4.82401609850452,23.271131318630776
-1.3792600777792459,0.25176477050614793,0.8661855546676419,-0.8838136972621022,4.804116286185537,23.07953329119312
-1.3762662719618266,0.2525196347353582,0.865633742849735,-0.8834984865380654,4.784306523867649,22.889588914322545
-1.3732724636429328,0.2532767629013093,0.8650798441092353,-0.8831825084975505,4.764586409537777,22.701283653952082
-1.3702786528114956,0.25403616179855504,0.8645238520370684,-0.88286576224271,4.7449555429848225,22.514603104902392
-1.3672848394564052,0.25479783824207436,0.8639657602163963,-0.8825482468770861,4.72541352579152,22.329532989733448
-1.3642910235665093,0.2555617990673328,0.8634055622227171,-0.882229961505603,4.705959961326326,22.146059157606476
-1.3612972051306143,0.2563280511303444,0.8628432516239656,-0.8819109052345582,4.6865944547353395,21.964167583156033
-1.3583033841374843,0.2570966013077336,0.8622788219806141,-0.8815910771716147,4.667316612934261,21.783844365372143
-1.3553095605758418,0.25786745649679754,0.8617122668457764,-0.8812704764257921,4.648126044600389,21.605075726492455
-1.3523157344343673,0.25864062361556817,0.8611435797653106,-0.8809491021074589,4.6290223601646465,21.427848010904274
-1.349321905701699,0.259416109602875,0.8605727542779249,-0.8806269533283233,4.610005171803651,21.252147684056414
-1.3463280743664332,0.26019392141840775,0.8599997839152835,-0.8803040292014253,4.591074093431819,21.077961331380795
-1.3433342404171242,0.2609740660427793,0.8594246622021142,-0.8799803288411281,4.572228740693487,20.905275657223548
-1.3403404038422841,0.2617565504775886,0.8588473826563167,-0.8796558513631095,4.553468730955102,20.73407748378587
-1.3373465646303824,0.2625413817454846,0.8582679387890724,-0.8793305958843537,4.534793683297418,20.564353750074165
-1.3343527227698466,0.2633285668902288,0.8576863241049554,-0.8790045615231422,4.516203218507736,20.396091510859637
-1.3313588782490622,0.26411811297675974,0.8571025321020447,-0.8786777473990457,4.497696959072185,20.22927793564718
-1.328365031056372,0.2649100270912564,0.856516556272037,-0.8783501526329154,4.479274529168029,20.063900307653466
-1.3253711811800761,0.26570431634120256,0.8559283901003618,-0.8780217763468741,4.46093555465601,19.899946022794126
-1.3223773286084328,0.2665009878554509,0.8553380270662965,-0.8776926176643082,4.442679663072729,19.73740258868002
-1.3193834733296579,0.2673000487842875,0.8547454606430837,-0.8773626757098585,4.4245064836230625,19.576257623622517
-1.3163896153319241,0.26810150629949653,0.854150684298049,-0.8770319496094119,4.406415647172598,19.416498855647507
-1.313395754603362,0.2689053675944251,0.8535536914927205,-0.8767004384900928,4.388406786240122,19.258114121518354
-1.3104018911320598,0.2697116398840483,0.8529544756829494,-0.8763681414802543,4.3704795349901335,19.101091365767573
-1.3074080249060627,0.2705203304050343,0.8523530303190314,-0.8760350577094698,4.352633529225387,18.94541863973705
-1.3044141559133735,0.2713314464158101,0.8517493488458302,-0.8757011863085241,4.334868406379474,18.79108410062692
-1.3014202841419524,0.27214499519662677,0.8511434247029013,-0.8753665264094053,4.317183805509438,18.63807601055295
-1.2984264095797167,0.2729609840496258,0.8505352513246177,-0.8750310771452956,4.299579367288415,18.48638273561225
-1.2954325322145412,0.2737794202989046,0.8499248221402966,-0.8746948376505634,4.282054733998322,18.33599274495744
-1.292438652034258,0.27460031129058315,0.8493121305743275,-0.8743578070607544,4.264609549522555,18.186894609878966
-1.289444769026656,0.27542366439287025,0.8486971700463013,-0.874019984512583,4.247243459338743,18.039077002895734
-1.2864508831794819,0.27624948699613017,0.8480799339711407,-0.8736813691439241,4.22995611051152,17.89252869685375
-1.2834569944804395,0.2770777865129494,0.8474604157592325,-0.8733419600938047,4.2127471516853365,17.747238564032916
-1.2804631029171896,0.27790857037820405,0.84683860881656,-0.8730017565023951,4.195616233077294,17.6031955752617
-1.2774692084773502,0.2787418460491266,0.8462145065448382,-0.8726607575110009,4.178563006470019,17.460388799039762
-1.2744753111484968,0.2795776210053738,0.8455881023416485,-0.8723189622620547,4.161587125204569,17.318807400668433
-1.2714814109181616,0.280415902749094,0.8449593896005763,-0.8719763698991077,4.14468824417337,17.17844064138893
-1.2684875077738342,0.2812566988049952,0.844328361711349,-0.8716329795668211,4.127866019813174,17.039277877528257
-1.2654936017029614,0.28210001672041307,0.8436950120599757,-0.8712887904109586,4.111120110098067,16.901308559652744
-1.262499692692947,0.28294586406537914,0.8430593340288878,-0.8709438015783781,4.0944501745324935,16.764522231729167
-1.259505780731152,0.2837942484326893,0.8424213209970814,-0.8705980122170235,4.077855874144316,16.6289085302933
-1.2565118658048946,0.2846451774379727,0.8417809663402608,-0.8702514214759167,4.061336871477907,16.49445718362595
-1.2535179479014498,0.2854986587197604,0.841138263430983,-0.8699040285051499,4.044892830587274,16.361158010936325
-1.2505240270080502,0.2863546999395543,0.840493205638804,-0.8695558324558776,4.0285234170292075,16.229000921552682
-1.2475301031118853,0.2872133087818971,0.8398457863304267,-0.8692068324803089,4.012228297856466,16.097975914120195
-1.244536176200102,0.288074492954441,0.8391959988698491,-0.8688570277316999,3.996007141610992,15.96807307580605
-1.2415422462598038,0.2889382601880181,0.8385438366185145,-0.868506417364346,3.9798596183171457,15.839282581511497
-1.238548313278052,0.28980461823671,0.8378892929354635,-0.8681550005335743,3.9637853994749896,15.711594693091103
-1.2355543772418647,0.290673574877918,0.8372323611774865,-0.8678027763957368,3.9477841580535893,15.584999758578887
-1.2325604381382171,0.2915451379124335,0.8365730346992775,-0.8674497441082021,3.93185556848434,15.459488211421313
-1.2295664959540422,0.2924193151645087,0.8359113068535906,-0.8670959028293491,3.915999306654337,15.335050569717247
-1.2265725506762295,0.293296114481927,0.8352471709913964,-0.8667412517185595,3.900215049899765,15.211677435464626
-1.2235786022916262,0.29417554373607446,0.8345806204620402,-0.8663857899362108,3.884502476999319,15.089359493813845
-1.2205846507870368,0.2950576108220107,0.8339116486134017,-0.8660295166436697,3.8688612681676586,14.968087512327864
-1.2175906961492227,0.2959423236585406,0.8332402487920565,-0.8656724310032848,3.8532911050488816,14.847852340248831
-1.214596738364903,0.29682969018828576,0.8325664143434378,-0.865314532178381,3.837791670710041,14.728644907771368
-1.211602777420754,0.29771971837775624,0.8318901386120009,-0.8649558193332517,3.8223626496346763,14.610456225322224
-1.2086088133034096,0.29861241621742307,0.831211414941388,-0.8645962916331535,3.8070037277163866,14.493277382846463
-1.2056148459994607,0.29950779172179015,0.8305302366745949,-0.8642359482442995,3.7917145922524176,14.377099549099917
-1.202620875495456,0.300405852929467,0.8298465971541392,-0.8638747883338533,3.7764949319372922,14.261913970948054
-1.1996269017779015,0.30130660790324126,0.8291604897222293,-0.8635128110699232,3.7613444368564624,14.147711972671058
-1.1966329248332612,0.30221006473015205,0.8284719077209356,-0.863150015621556,3.7462627984799846,14.034484955275085
-1.193638944647956,0.3031162315215627,0.8277808444923623,-0.8627864011587321,3.731249709656231,13.922224395809708
-1.1906449612083647,0.30402511641323454,0.8270872933788215,-0.8624219668523593,3.7163048646056263,13.810921846691443
-1.187650974500824,0.3049367275654002,0.8263912477230078,-0.8620567118742679,3.7014279589144126,13.700568935033314
-1.184656984511628,0.30585107316283766,0.8256927008681749,-0.8616906353972058,3.686618689528437,13.591157361980372
-1.1816629912270287,0.30676816141494423,0.8249916461583138,-0.861323736594833,3.671876754746978,13.482678902051198
-1.178668994633236,0.30768800055581097,0.8242880769383314,-0.860956014641717,3.6572018542165865,13.375125402485239
-1.1756749947164178,0.308610598844297,0.8235819865542319,-0.8605874687133285,3.642593688924962,13.268488782595965
-1.1726809914626997,0.30953596456410437,0.8228733683532986,-0.8602180979860367,3.628051961194854,13.162761033129827
-1.1696869848581655,0.31046410602385294,0.8221622156842775,-0.8598479016371052,3.6135763746779936,13.05793421563095
-1.1666929748888568,0.31139503155715587,0.8214485218975626,-0.859476878844688,3.5991666343490416,12.954000461811408
-1.1636989615407738,0.31232874952269457,0.8207322803453818,-0.8591050287878259,3.584822446499582,12.85095197292725
-1.1607049447998745,0.31326526830429474,0.8200134843819855,-0.8587323506464424,3.570543518732119,12.74878101915994
-1.1577109246520754,0.31420459631100206,0.8192921273638355,-0.8583588436013406,3.556329559954123,12.647479939003485
-1.1547169010832512,0.3151467419771583,0.8185682026497957,-0.8579845068342005,3.5421802803720865,12.547041138656873
-1.1517228740792353,0.3160917137624778,0.8178417036013247,-0.8576093395275751,3.5280953914856164,12.447457091422045
-1.1487288436258196,0.3170395201521238,0.8171126235826692,-0.8572333408648888,3.514074606081546,12.348720337107174
-1.1457348097087545,0.3179901696567854,0.8163809559610594,-0.8568565100304338,3.500117638228081,12.250823481435319
-1.1427407723137493,0.31894367081275454,0.8156466941069053,-0.8564788462093689,3.48622420326896,12.153759195458294
-1.1397467314264718,0.31990003218200336,0.8149098313939949,-0.8561003485877166,3.4723940178176536,12.057520214975828
-1.1367526870325486,0.32085926235226164,0.8141703611996937,-0.8557210163523621,3.4586267997515794,11.96209933995985
-1.1337586391175658,0.32182136993709437,0.8134282769051456,-0.8553408486910515,3.444922268206348,11.867489433983968
-1.1307645876670682,0.32278636357597995,0.8126835718954756,-0.8549598447923907,3.431280143570034,11.773683423657994
-1.12777053266656,0.3237542519343882,0.8119362395599931,-0.8545780038458441,3.41770014747747,11.68067429806752
-1.1247764741015043,0.3247250437038591,0.8111862732923979,-0.8541953250417342,3.4041820028045686,11.588455108218524
-1.121782411957324,0.3256987476020809,0.8104336664909867,-0.8538118075712412,3.39072543366267,11.497018966486902
-1.1187883462194015,0.32667537237296973,0.8096784125588612,-0.8534274506264028,3.377330165392908,11.406359046072888
-1.1157942768730784,0.32765492678674807,0.8089205049041382,-0.8530422534001143,3.363995924560614,11.31646858046042
-1.1128002039036566,0.3286374196400247,0.8081599369401608,-0.8526562150861293,3.3507224389497328,11.227340862881245
-1.1098061272963973,0.3296228597558741,0.8073967020857106,-0.85226933487906,3.337509437557269,11.138969245783837
-1.1068120470365221,0.33061125598391594,0.8066307937652223,-0.8518816119743787,3.324356650587763,11.05134714030709
-1.1038179631092127,0.331602617200396,0.8058622054089993,-0.8514930455684189,3.3112638094477775,10.964468015758607
-1.1008238754996105,0.3325969523082658,0.8050909304534307,-0.8511036348583768,3.298230646740425,10.878325399097761
-1.0978297841928177,0.3335942702372636,0.8043169623412096,-0.8507133790423138,3.2852568962599102,10.7929128744233
-1.0948356891738973,0.3345945799439949,0.8035402945215535,-0.8503222773191584,3.2723422929860946,10.708224082465492
-1.0918415904278722,0.3355978904120138,0.8027609204504255,-0.849930328888709,3.259486573079093,10.62425272008289
-1.0888474879397265,0.3366042106519043,0.8019788335907574,-0.8495375329516366,3.2466894738738907,10.540992539763522
-1.0858533816944054,0.3376135497013617,0.8011940274126743,-0.8491438887094885,3.2339507338749813,10.45843734913053
-1.0828592716768146,0.3386259166252745,0.80040649539372,-0.848749395364692,3.22127009275103,10.37658101045223
-1.0798651578718217,0.3396413205158065,0.7996162310190849,-0.8483540521205576,3.208647291329568,10.295417440156575
-1.0768710402642552,0.3406597704924789,0.7988232277818342,-0.8479578581812846,3.196082071591698,10.21494060834988
-1.073876918838905,0.34168127570225343,0.798027479183139,-0.8475608127519646,3.183574176666831,10.135144538339892
-1.0708827935805234,0.3427058453196143,0.7972289787325072,-0.8471629150385878,3.1711233508274477,10.0560233061631
-1.0678886644738237,0.34373348854665187,0.7964277199480173,-0.8467641642480472,3.1587293394838762,9.977571040116246
-1.064894531503482,0.3447642146131458,0.7956236963565527,-0.8463645595881457,3.146391889179102,9.899781920292037
-1.0619003946541359,0.34579803277664856,0.7948169014940382,-0.8459641002676013,3.1341107475835925,9.822650178118986
-1.0589062539103857,0.3468349523225693,0.7940073289056769,-0.8455627854960542,3.1218856634901493,9.74617009590533
-1.0559121092567945,0.34787498256425764,0.7931949721461904,-0.845160614484074,3.1097163868087834,9.670336006387075
-1.0529179606778878,0.3489181328430885,0.792379824780058,-0.8447575864431666,3.0976026685616143,9.595142292280034
-1.049923808158154,0.34996441252854615,0.7915618803817595,-0.8443537005857823,3.085544260877783,9.520583385835824
-1.0469296516820445,0.35101383101830935,0.7907411325360181,-0.8439489561253242,3.073540916988401,9.446653768401902
-1.0439354912339747,0.35206639773833626,0.7899175748380456,-0.8435433522761565,3.0615923912215153,9.373347969985476
-1.0409413267983225,0.3531221221429498,0.7890912008937885,-0.8431368882536139,3.0496984389970887,9.300660568821279
-1.0379471583594302,0.35418101371492333,0.7882620043201757,-0.8427295632740107,3.037858816822018,9.228586190943272
-1.0349529859016038,0.35524308196556637,0.7874299787453676,-0.8423213765546512,3.026073282285162,9.157119509760095
-1.031958809409113,0.3563083364348108,0.7865951178090067,-0.8419123273138397,3.0143415940523925,9.08625524563432
-1.0289646288661924,0.35737678669129713,0.7857574151624698,-0.8415024147708915,3.002663511861678,9.015988165465505
-1.025970444257041,0.3584484423324612,0.784916864469121,-0.8410916381461441,2.9910387965181746,8.946313082276891
-1.0229762555658222,0.359523312984621,0.7840734594045672,-0.8406799966609689,2.9794672098893504,8.877224854805831
-1.0199820627766647,0.36060140830306375,0.7832271936569137,-0.8402674895377836,2.967948514900126,8.808718387097862
-1.0169878658736622,0.3616827379721336,0.7823780609270224,-0.8398541160000645,2.9564824755280332,8.740788628104367
-1.0139936648408738,0.362767311705319,0.7815260549287706,-0.83943987527236,2.9450688567984082,8.673430571283884
-1.0109994596623246,0.3638551392453406,0.7806711693893114,-0.8390247665803036,2.9337074247795947,8.606639254206922
-1.0080052503220052,0.3649462303642397,0.7798133980493358,-0.8386087891506286,2.9223979465781658,8.54040975816428
-1.0050110368038723,0.3660405948634666,0.7789527346633361,-0.8381919422111827,2.9111401903341814,8.474737207778933
-1.002016819091849,0.3671382425739692,0.7780891729998706,-0.8377742249909421,2.899933925216455,8.409616770621316
-0.9990225971698254,0.36823918335628214,0.7772227068418289,-0.8373556367200284,2.888778921417842,8.34504365682803
-0.9960283710216581,0.3693434271006161,0.7763533299867005,-0.8369361766297236,2.8776749501505594,8.281013118724024
-0.9930341406311707,0.370450983726947,0.7754810362468427,-0.8365158439524873,2.8666217836415124,8.217520450448045
-0.9900399059821545,0.37156186318510637,0.7746058194497513,-0.8360946379219735,2.8556191951276504,8.15456098758149
-0.9870456670583684,0.37267607545487086,0.7737276734383316,-0.835672557773048,2.8446669588513434,8.09213010678055
-0.9840514238435389,0.37379363054605286,0.7728465920711721,-0.8352496027418073,2.8337648500557773,8.030223225411643
-0.9810571763213611,0.374914538498591,0.771962569222818,-0.8348257720655962,2.8229126449803683,7.968835801190059
-0.9780629244754984,0.3760388093826412,0.7710755987840471,-0.8344010649830278,2.8121101208562007,7.907963331821875
-0.9750686682895827,0.37716645329866766,0.7701856746621465,-0.8339754807340028,2.8013570559014846,7.847601354649034
-0.9720744077472152,0.3782974803775343,0.7692927907811911,-0.8335490185597303,2.7906532293170323,7.787745446297581
-0.9690801428319664,0.3794319007805965,0.768396941082323,-0.8331216777027477,2.779998421281756,7.728391222329057
-0.9660858735273763,0.3805697246997931,0.7674981195240326,-0.832693457406943,2.7693924129481866,7.669534336894979
-0.9630915998169548,0.3817109623577386,0.76659632008244,-0.8322643569175762,2.75883498643801,7.6111704823944155
-0.960097321684182,0.3828556240078157,0.7656915367515796,-0.8318343754813019,2.7483259248376255,7.55329538913459
-0.9571030391125086,0.3840037199342682,0.764783763543684,-0.8314035123461927,2.737865012193724,7.495904824994541
-0.9541087520853558,0.3851552604522939,0.7638729944894702,-0.8309717667617623,2.727452033508886,7.438994595091756
-0.9511144605861164,0.3863102559081382,0.7629592236384269,-0.8305391379789903,2.717086774737197,7.3825605414517845
-0.9481201645981542,0.3874687166791874,0.7620424450591033,-0.8301056252503461,2.7067690227798855,7.3265985426807765
-0.9451258641048049,0.3886306531740631,0.7611226528393987,-0.8296712278298156,2.696498565480981,7.2711045136409895
-0.9421315590893764,0.3897960758327159,0.7601998410868533,-0.8292359449729261,2.6862751916229874,7.216074405129118
-0.9391372495351488,0.3909649951265204,0.759274003928941,-0.8287997759367732,2.6760986909225792,7.161504203557542
-0.9361429354253751,0.3921374215583694,0.7583451355133621,-0.8283627199800483,2.665968854026317,7.107389930638394
-0.9331486167432813,0.3933133656627695,0.7574132300083392,-0.8279247763630657,2.6558854725063816,7.053727643070446
-0.9301542934720668,0.39449283800593615,0.7564782816029118,-0.8274859443477919,2.645848338856325,7.000513432228775
-0.9271599655949049,0.3956758491858893,0.7555402845072342,-0.8270462231978738,2.635857246486847,6.947743423857223
-0.9241656330949427,0.39686240983254933,0.7545992329528738,-0.8266056121786689,2.62591198972158,6.895413777763548
-0.9211712959553021,0.39805253060783335,0.7536551211931098,-0.8261641105572751,2.616012363792905,6.843520687517343
-0.9181769541590797,0.3992462222057515,0.7527079435032347,-0.825721717602562,2.6061581648377787,6.792060380150619
-0.9151826076893473,0.40044349535250395,0.7517576941808553,-0.825278432585202,2.59634918989358,6.741029115861049
-0.9121882565291523,0.4016443608065777,0.7508043675461961,-0.8248342547777026,2.5865852368939772,6.690423187717872
-0.9091939006615177,0.40284882935884425,0.749847957942403,-0.8243891834544395,2.5768661046648145,6.640238921370415
-0.9061995400694434,0.40405691183265696,0.7488884597358486,-0.8239432178916895,2.567191592920015,6.590472674759204
-0.9032051747359053,0.40526861908394923,0.7479258673164382,-0.8234963573676649,2.5575615022575002,6.5411208378296415
-0.900210804643857,0.40648396200133247,0.746960175097917,-0.8230486011625482,2.547975634155136,6.492179832248268
-0.8972164297762292,0.40770295150619495,0.7459913775181789,-0.8225999485585272,2.538433790966686,6.443646111121501
-0.8942220501159304,0.4089255985528004,0.7450194690395754,-0.8221503988398315,2.5289357759177915,6.395516158716922
-0.8912276656458474,0.41015191412838725,0.7440444441492263,-0.8216999512927687,2.519481393101967,6.347786490187027
-0.888233276348846,0.41138190925326773,0.7430662973593313,-0.821248605205762,2.5100704474766125,6.300453651295442
-0.8852388822077705,0.41261559498092815,0.742085023207482,-0.8207963598693883,2.500702744859046,6.2535142181455665
-0.8822444832054449,0.4138529823981284,0.7411006162569761,-0.8203432145764163,2.4913780919225514,6.206964796911653
-0.8792500793246733,0.4150940826250026,0.7401130710971311,-0.8198891686218469,2.4820962961924478,6.160802023572267
-0.8762556705482396,0.4163389068151594,0.7391223823436004,-0.8194342213029522,2.472857166042172,6.1150225636461215
-0.873261256858909,0.41758746615578324,0.7381285446386895,-0.8189783719193167,2.4636605106893836,6.069623111930275
-0.8702668382394274,0.41883977186773524,0.7371315526516731,-0.8185216197728787,2.4545061401920854,6.024600392240649
-0.8672724146725225,0.4200958352056549,0.7361314010791137,-0.8180639641679723,2.445393865444759,5.9799511571548605
-0.8642779861409038,0.42135566745806197,0.7351280846451805,-0.81760540441137,2.436323498174525,5.935672187757355
-0.8612835526272636,0.42261927994745835,0.7341215981019699,-0.8171459398123262,2.42729485093731,5.891760293386777
-0.8582891141142769,0.42388668403043067,0.7331119362298258,-0.8166855696826215,2.418307737114043,5.848212311385644
-0.855294670584602,0.42515789109775304,0.7320990938376623,-0.8162242933366074,2.4093619709068608,5.8050251068521925
-0.8523002220208811,0.42643291257449,0.7310830657632852,-0.8157621100912517,2.400457367335331,5.762195572394468
-0.8493057684057407,0.4277117599201,0.7300638468737165,-0.8152990192661848,2.3915937422326983,5.719720627886602
-0.846311309721792,0.4289944446285389,0.7290414320655183,-0.8148350201837466,2.3827709122421403,5.677597220227241
-0.8433168459516314,0.4302809782283641,0.7280158162651177,-0.8143701121690342,2.373988694813047,5.635822323100154
-0.8403223770778409,0.43157137228283854,0.726986994429133,-0.8139042945499498,2.36524690819731,5.594392936736935
-0.8373279030829887,0.4328656383900357,0.7259549615446999,-0.8134375666572503,2.3565453714456406,5.5533060876818725
-0.8343334239496297,0.43416378818294415,0.7249197126297992,-0.8129699278245964,2.347883904403887,5.51255882855884
-0.8313389396603059,0.43546583332957295,0.7238812427335848,-0.8125013773886034,2.3392623277093847,5.4721482378403286
-0.8283444501975468,0.436771785533057,0.7228395469367122,-0.812031914688892,2.330680462787317,5.432071419618502
-0.82534995554387,0.4380816565317631,0.7217946203516681,-0.8115615390681405,2.322138131847091,5.392325503378297
-0.8223554556817819,0.43939545809939606,0.7207464581231006,-0.811090249872137,2.31363515787873,5.352907643772537
-0.8193609505937779,0.44071320204510495,0.7196950554281497,-0.8106180464498324,2.305171364649289,5.3138150203990655
-0.8163664402623428,0.44203490021359015,0.7186404074767789,-0.810144928153395,2.2967465766992743,5.275044837579835
-0.8133719246699519,0.44336056448521044,0.7175825095121069,-0.8096708943382644,2.288360619339095,5.236594324142007
-0.8103774037990708,0.4446902067760902,0.7165213568107403,-0.8091959443632074,2.2800133186455156,5.198460733200937
-0.8073828776321563,0.44602383903822745,0.7154569446831064,-0.8087200775903736,2.271704501458137,5.160641341945163
-0.8043883461516572,0.44736147325960174,0.7143892684737874,-0.8082432933853523,2.2634339953758866,5.123133451423249
-0.8013938093400143,0.44870312146428254,0.7133183235618538,-0.80776559111723,2.255201628753526,5.085934386332557
-0.798399267179661,0.45004879571253803,0.7122441053611996,-0.8072869701586486,2.2470072306981783,5.049041494809896
-0.7954047196530243,0.45139850810094423,0.7111666093208772,-0.8068074298858638,2.2388506310658642,5.0124521482240185
-0.7924101667425247,0.452752270762494,0.7100858309254326,-0.8063269696788055,2.2307316604580625,4.976163740969985
-0.7894156084305773,0.4541100958667073,0.7090017656952422,-0.8058455889211368,2.222650150218281,4.940173690265348
-0.7864210446995921,0.4554719956197406,0.7079144091868481,-0.8053632870003162,2.214605932428644,4.904479435948143
-0.7834264755319744,0.45683798226449773,0.7068237569932958,-0.8048800633076585,2.206598839906497,4.869078440276698
-0.7804319009101258,0.45820806808074005,0.7057298047444708,-0.8043959172383973,2.1986287062010264,4.833968187731199
-0.7774373208164445,0.45958226538519803,0.704632548107436,-0.8039108481917481,2.190695365589895,4.799146184817044
-0.7744427352333254,0.46096058653168215,0.70353198278677,-0.8034248555709717,2.1827986530758934,4.764609959869935
-0.7714481441431619,0.46234304391119463,0.7024281045249042,-0.8029379387834391,2.1749384043836058,4.730357062862705
-0.768453547528345,0.46372964995204163,0.701320909102462,-0.8024500972406963,2.1671144559560918,4.6963850652138674
-0.7654589453712651,0.4651204171199454,0.7002103923385968,-0.8019613303585299,2.1593266449515855,4.662691559597871
-0.7624643376543119,0.46651535791815696,0.6990965500913311,-0.8014716375570338,2.151574809240206,4.6292741597570295
-0.759469724359875,0.46791448488756915,0.697979378257895,-0.8009810182606762,2.14385878740069,4.596130500315156
-0.7564751054703451,0.46931781060682987,0.6968588727750658,-0.8004894718983676,2.136178418717129,4.563258236592814
-0.7534804809681138,0.4707253476924559,0.6957350296195066,-0.7999969979035289,2.1285335431757337,4.530655044424243
-0.7504858508355746,0.4721371087989468,0.6946078448081064,-0.7995035957141606,2.120924001461604,4.498318619975903
-0.7474912150551236,0.47355310661889943,0.693477314398319,-0.799009264772913,2.113349634955521,4.466246679566634
-0.7444965736091599,0.47497335388312234,0.6923434344885022,-0.7985140045271559,2.105810285730748,4.434436959489414
-0.7415019264800863,0.4763978633607509,0.6912062012182584,-0.7980178144290503,2.0983057965498517,4.402887215834708
-0.73850727365031,0.47782664785936285,0.6900656107687728,-0.7975206939356199,2.0908360108615374,4.371595224315387
-0.735512615102243,0.47925972022509394,0.688921659363154,-0.7970226425088233,2.083400772797492,4.340558780093186
-0.7325179508183028,0.48069709334275385,0.6877743432667726,-0.7965236596156273,2.075999927169255,4.309775697606752
-0.7295232807809134,0.48213878013594275,0.686623658787601,-0.7960237447280805,2.0686333194650914,4.279243810401163
-0.7265286049725054,0.4835847935671679,0.6854696022765527,-0.7955228973233872,2.0613007958468885,4.248960970959016
-0.7235339233755166,0.48503514663796093,0.6843121701278213,-0.7950211168839828,2.054002203147061,4.218925050532981
-0.7205392359723933,0.48648985238899517,0.6831513587792193,-0.7945184028976087,2.046737388865475,4.189133938979864
-0.7175445427455904,0.48794892390020345,0.6819871647125171,-0.7940147548573888,2.039506201166384,4.159585544596134
-0.7145498436775722,0.4894123742908962,0.6808195844537815,-0.7935101722619061,2.032308488875381,4.130277793954935
-0.711555138750813,0.49088021671988,0.6796486145737142,-0.7930046546152798,2.025144101476365,4.101208631744514
-0.7085604279477977,0.4923524643855766,0.6784742516879892,-0.7924982014272434,2.018012889108521,4.072376020608121
-0.7055657112510227,0.49382913052614175,0.6772964924575914,-0.7919908122132227,2.010914702563313,4.043777940985297
-0.7025709886429965,0.4953102284195849,0.6761153335891532,-0.7914824864944152,2.0038493932814947,4.015412390954614
-0.6995762601062399,0.49679577138388936,0.6749307718352922,-0.7909732237978697,1.9968168133501332,3.9872773860777806
-0.6965815256232873,0.49828577277713215,0.6737428039949471,-0.790463023656566,1.9898168154996454,3.95937095924515
-0.6935867851766873,0.499780245997605,0.6725514269137147,-0.7899518856094955,1.9828492531008493,3.931691160522596
-0.6905920387490028,0.501279204483935,0.671356637484185,-0.7894398092017428,1.9759139801620307,3.904236056999758
-0.6875972863228124,0.5027826617152061,0.6701584326462766,-0.7889267939845673,1.9690108513260225,3.877003732639628
-0.6846025278807105,0.504290631211081,0.668956809387572,-0.7884128395154849,1.9621397218672987,3.84999228812948
-0.6816077634053085,0.5058031265319226,0.6677517647436508,-0.787897945358351,1.9553004476890812,3.823199840733121
-0.678612992879235,0.5073201612789171,0.6665432957984244,-0.7873821110834439,1.948492885320462,3.796624524144459
-0.675618216285137,0.5088417490941965,0.6653313996844682,-0.7868653362675481,1.9417168919135395,3.770264488342376
-0.6726234336056799,0.5103679036609619,0.6641160735833542,-0.7863476204940384,1.9349723252405655,3.7441178994468807
-0.669628644823549,0.5118986387036064,0.662897314725983,-0.7858289633529647,1.9282590436911111,3.7181829395765584
-0.6666338499214498,0.5134339679878397,0.6616751203929143,-0.7853093644411371,1.921576906269241,3.6924578067072673
-0.6636390488821085,0.5149739053208122,0.6604494879146975,-0.7847888233622108,1.9149257725907043,3.666940714532106
-0.6606442416882731,0.5165184645512394,0.6592204146722009,-0.7842673397267725,1.90830550288014,3.641629892322624
-0.6576494283227139,0.5180676595695268,0.657987898096941,-0.7837449131524267,1.9017159579682925,3.6165235847912607
-0.6546546087682243,0.5196215043078958,0.6567519356714094,-0.7832215432638815,1.895156999289244,3.591620051955012
-0.6516597830076215,0.5211800127405087,0.6555125249294007,-0.7826972296930367,1.8886284888776588,3.5669175690003088
-0.6486649510237471,0.5227431988835956,0.6542696634563379,-0.7821719720790706,1.88213028936604,3.5424144261490937
-0.645670112799468,0.5243110767955798,0.6530233488895978,-0.7816457700685281,1.875662263982003,3.5181089285260936
-0.6426752683176769,0.5258836605772058,0.6517735789188356,-0.7811186233154082,1.869224276545558,3.493999396027265
-0.6396804175612933,0.5274609643716659,0.6505203512863073,-0.7805905314812528,1.8628161914664092,3.4700841631894175
-0.6366855605132643,0.5290430023647279,0.6492636637871925,-0.7800614942352355,1.8564378737412657,3.4463615790609916
-0.6336906971565648,0.5306297887848628,0.6480035142699151,-0.7795315112542502,1.8500891889511655,3.422830007073981
-0.6306958274741987,0.5322213379033739,0.6467399006364637,-0.7790005822230008,1.8437700032588134,3.3994878249170046
-0.6277009514491996,0.5338176640345246,0.64547282084271,-0.7784687068340902,1.8374801834059316,3.376333424409496
-0.6247060690646312,0.5354187815356685,0.6442022728987268,-0.7779358847881104,1.8312195967106224,3.3533652113770147
-0.6217111803035886,0.5370247048073779,0.6429282548691044,-0.7774021157937322,1.824988111064746,3.3305816055276694
-0.6187162851491985,0.5386354482935746,0.641650764873266,-0.7768673995677956,1.8187855949313094,3.3079810403296372
-0.6157213835846204,0.5402510264816593,0.6403698010857813,-0.7763317358354,1.8126119173418698,3.285561962889769
-0.6127264755930468,0.5418714539026432,0.63908536173668,-0.7757951243299946,1.8064669478939488,3.263322833833279
-0.6097315611577045,0.5434967451312783,0.6377974451117621,-0.7752575647934693,1.8003505567484608,3.2412621271844926
-0.6067366402618553,0.545126914786189,0.6365060495529087,-0.774719056976245,1.7942626146271563,3.2193783302486794
-0.6037417128887962,0.5467619775300041,0.6352111734583904,-0.7741796006373648,1.7882029928100711,3.1976699434948954
-0.6007467790218608,0.5484019480694889,0.6339128152831743,-0.7736391955445849,1.7821715631329973,3.176135480439911
-0.5977518386444198,0.5500468411556779,0.6326109735392299,-0.7730978414744656,1.7761681979849604,3.1547734675331416
-0.5947568917398817,0.5516966715840075,0.6313056467958328,-0.772555538212462,1.77019277030571,3.1335824440426046
-0.5917619382916935,0.5533514541944496,0.629996833679868,-0.7720122855530157,1.7642451535832266,3.112560961941903
-0.5887669782833419,0.5550112038716458,0.6286845328761306,-0.771468083299645,1.7583252218512362,3.091707585798199
-0.5857720116983534,0.5566759355450406,0.627368743127625,-0.7709229312650365,1.7524328496867405,3.07102089266119
-0.5827770385202956,0.5583456641890168,0.6260494632358633,-0.7703768292711359,1.7465679122075592,3.0504994719530725
-0.5797820587327778,0.5600204048230302,0.6247266920611609,-0.7698297771492387,1.740730285069882,3.0301419253594726
-0.5767870723194517,0.5617001725117449,0.6234004285229312,-0.769281774740081,1.7349198444658391,3.0099468667213714
-0.5737920792640122,0.5633849823651692,0.6220706715999781,-0.7687328218939302,1.729136467121075,2.989912921927952
-0.5707970795501982,0.565074849538792,0.6207374203307869,-0.7681829184706755,1.7233800302923434,2.9700387288104384
-0.5678020731617934,0.5667697892337185,0.6194006738138136,-0.767632064339918,1.7176504117651086,2.950322937036847
-0.564807060082627,0.5684698166968083,0.6180604312077715,-0.767080259381061,1.7119474898511617,2.9307642080076937
-0.5618120402965746,0.5701749472208121,0.6167166917319175,-0.7665275034833993,1.7062711433862485,2.911361214752616
-0.5588170137875588,0.5718851961445098,0.6153694546663342,-0.7659737965462093,1.7006212517277082,2.892112641827917
-0.5558219805395499,0.5736005788528485,0.6140187193522126,-0.7654191384788381,1.6949976947521255,2.8730171852150197
-0.552826940536567,0.5753211107770814,0.612664485192131,-0.7648635292007924,1.689400352852995,2.854073552219824
-0.5498318937626787,0.5770468073949061,0.6113067516503321,-0.7643069686418268,1.683829106938397,2.83528046137296
-0.5468368402020036,0.5787776842306053,0.609945518252999,-0.7637494567420323,1.678283838428684,2.8166366423309173
-0.5438417798387114,0.5805137568551852,0.608580784588528,-0.7631909934519241,1.6727644292541826,2.7981408357780713
-0.5408467126570234,0.582255040886517,0.6072125503078002,-0.7626315787325284,1.6672707618529015,2.7797917933295544
-0.5378516386412135,0.5840015519894769,0.6058408151244499,-0.7620712125554697,1.6618027191682583,2.761588277435017
-0.5348565577756089,0.5857533058760873,0.604465578815132,-0.7615098949030571,1.6563601846468128,2.743529061283224
-0.5318614700445908,0.5875103183056585,0.6030868412197862,-0.7609476257683696,1.650943042236014,2.7256129287075055
-0.5288663754325954,0.5892726050849301,0.6017046022418995,-0.7603844051553416,1.6455511763819586,2.7078386740920477
-0.5258712739241144,0.5910401820682142,0.6003188618487661,-0.759820233078847,1.6401844720271612,2.6902051022790174
-0.5228761655036958,0.5928130651575374,0.5989296200717452,-0.759255109564784,1.6348428146083362,2.672711028476507
-0.5198810501559449,0.5945912703027848,0.5975368770065161,-0.7586890346501571,1.6295260900541904,2.6553552781672973
-0.516885927865525,0.5963748135018425,0.5961406328133315,-0.7581220083831601,1.6242341847832291,2.638136687018441
-0.5138907986171581,0.5981637108007427,0.5947408877172676,-0.7575540308232578,1.6189669857015716,2.621054100791633
-0.5108956623956258,0.5999579782938075,0.5933376420084725,-0.7569851020412665,1.613724380200779,2.6041063752543883
-0.5079005191857696,0.6017576321237943,0.5919308960424116,-0.7564152221194341,1.6085062561556938,2.587292376092006
-0.5049053689724926,0.6035626884820405,0.5905206502401105,-0.7558443911515195,1.6033125019222898,2.5706109788203126
-0.5019102117407592,0.6053731636086103,0.5891069050883958,-0.7552726092428701,1.5981430063355342,2.554061068699179
-0.49891504747559684,0.6071890737924394,0.5876896611401328,-0.7546998765104994,1.5929976587072632,2.5376415406468222
-0.495919876162096,0.6090104353714831,0.5862689190144608,-0.7541261930831631,1.5878763488240613,2.5213512991548317
-0.4929246977854114,0.6108372647328624,0.5848446793970256,-0.7535515591014337,1.5827789669451622,2.5051892582039947
-0.4899295123307629,0.6126695783130117,0.5834169430402096,-0.7529759747177749,1.5777054038003528,2.4891543411808343
-0.4869343197834356,0.6145073925978272,0.5819857107633593,-0.7523994400966143,1.5726555505878916,2.4732454807949047
-0.48393912012878143,0.6163507241228144,0.5805509834530089,-0.7518219554144147,1.567629298972439,2.4574616189968204
-0.4809439133522193,0.618199589473238,0.5791127620631031,-0.7512435208597443,1.5626265410829951,2.4418017068970057
-0.4779486994392362,0.62005400528427,0.5776710476152154,-0.7506641366333464,1.5576471695108536,2.426264704685174
-0.4749534783753877,0.6219139882411403,0.576225841198764,-0.7500838029482061,1.5526910773075622,2.410849581550518
-0.47195825014629905,0.6237795550792863,0.5747771439712256,-0.7495025200296168,1.5477581579828958,2.3955553156026066
-0.4689630147376656,0.6256507225845037,0.5733249571583453,-0.7489202881152454,1.5428483055028417,2.38038089379299
-0.46596777213525375,0.6275275075930974,0.5718692820543443,-0.7483371074551948,1.5379614142875926,2.365325311837492
-0.4629725223249017,0.6294099269920332,0.5704101200221239,-0.747752978312066,1.533097379209554,2.350387574139203
-0.4599772652925201,0.6312979977190895,0.5689474724934676,-0.747167900961018,1.5282560955913598,2.3355666937121473
-0.4569820010240928,0.6331917367630097,0.5674813409692391,-0.746581875689826,1.5234374592039002,2.320861692105635
-0.45398672950567776,0.635091161163655,0.5660117270195779,-0.745994902798938,1.5186413662643583,2.306271599329277
-0.45099145072340757,0.6369962880121581,0.564538632284092,-0.7454069826015296,1.5138677134342606,2.291795453778677
-0.44799616466349035,0.6389071344510762,0.5630620584720465,-0.744818115423557,1.5091163978175344,2.277432302161771
-0.44500087131221044,0.6408237176745456,0.5615820073625506,-0.7442283016038078,1.5043873169585793,2.263181199425833
-0.44200557065592916,0.6427460549284364,0.5600984808047401,-0.74363754149395,1.4996803688403462,2.249041208685117
-0.43901026268108545,0.6446741635105077,0.5586114807179576,-0.7430458354585789,1.4949954518824295,2.2350114011491495
-0.4360149473741967,0.6466080607705624,0.5571210090919292,-0.7424531838752619,1.4903324649391678,2.221090856051656
-0.43301962472185945,0.6485477641106046,0.5556270679869378,-0.7418595871345812,1.4856913072977558,2.2072786605801147
-0.4300242947107501,0.6504932909849943,0.5541296595339937,-0.7412650456401739,1.4810718786763664,2.1935739098059415
-0.42702895732762564,0.6524446589006062,0.5526287859350013,-0.7406695598087701,1.4764740792222841,2.179975706615292
-0.42403361255932426,0.654401885416986,0.5511244494629233,-0.7400731300702285,1.471897809510048,2.1664831616404774
-0.4210382603927663,0.6563649881465081,0.5496166524619405,-0.7394757568675693,1.467342970539603,2.1530953931919865
-0.41804290081495477,0.6583339847545349,0.5481053973476097,-0.7388774406570052,1.4628094637344673,2.13981152719112
-0.41504753381297604,0.6603088929595748,0.5465906866070167,-0.7382781819079688,1.458297190939902,2.1266306971032094
-0.4120521593740007,0.6622897305334421,0.5450725227989276,-0.737677981103138,1.4538060544210982,2.113552043871441
-0.4090567774852841,0.6642765153014161,0.5435509085539351,-0.7370768387384583,1.449335956861369,2.1005747158512604
-0.40606138813416703,0.6662692651424018,0.5420258465746023,-0.7364747553231626,1.4448868013603553,2.0876978687453587
-0.40306599130807663,0.6682679979890909,0.5404973396356033,-0.7358717313797875,1.440458491432239,2.0749206655392416
-0.40007058699452686,0.6702727318281221,0.5389653905838595,-0.7352677674441864,1.4360509310039677,2.0622422764373627
-0.39707517518111923,0.6722834847002434,0.5374300023386733,-0.7346628640655409,1.4316640244134897,2.0496618787998293
-0.3940797558555435,0.6743002747004744,0.5358911778918579,-0.734057021806367,1.4272976764079972,2.037178657079668
-0.3910843290055783,0.6763231199782684,0.5343489203078633,-0.7334502412425191,1.422951792142181,2.0247918027606446
-0.3880888946190919,0.678352038737676,0.5328032327238996,-0.7328425229631907,1.4186262771764955,2.012500514295643
-0.38509345268404277,0.6803870492375084,0.5312541183500562,-0.7322338675709109,1.4143210374754311,2.00030399704558
-0.38209800318848025,0.6824281697915014,0.5297015804694176,-0.7316242756815379,1.410035979405799,1.988201463218871
-0.3791025461205452,0.6844754187684805,0.5281456224381758,-0.7310137479242481,1.4057710097350251,1.9761921318114322
-0.3761070814684708,0.6865288145925255,0.5265862476857385,-0.7304022849415226,1.401526035629453,1.9642752285472107
-0.3731116092205829,0.6885883757431359,0.5250234597148351,-0.7297898873891281,1.3973009646526562,1.9524499858192434
-0.37011612936530086,0.6906541207553977,0.5234572621016176,-0.7291765559360951,1.3930957047637627,1.9407156426312446
-0.36712064189113813,0.6927260682201493,0.5218876584957588,-0.7285622912646913,1.3889101643157857,1.929071444539703
-0.3641251467867029,0.6948042367841485,0.5203146526205467,-0.727947094070391,1.3847442520539668,1.9175166435964999
-0.3611296440406986,0.6968886451502405,0.5187382482729751,-0.72733096506184,1.3805978771141265,1.9060504982920328
-0.3581341336419247,0.6989793120775257,0.517158449323831,-0.7267139049608158,1.3764709490210265,1.8946722734988453
-0.3551386155792772,0.701076256381528,0.5155752597177782,-0.7260959145021836,1.3723633776867399,1.8833812404157575
-0.35214308984174914,0.7031794969343643,0.5139886834734366,-0.7254769944338471,1.3682750734090308,1.8721766765124885
-0.3491475564184314,0.7052890526649138,0.5123987246834594,-0.7248571455166946,1.3642059468697445,1.8610578654747763
-0.3461520152985132,0.7074049425589878,0.5108053875146049,-0.7242363685245402,1.360155909133206,1.8500240971499782
-0.3431564664712825,0.7095271856595006,0.5092086762078061,-0.7236146642440596,1.356124871644629,1.8390746674931615
-0.34016090992612696,0.7116558010666405,0.5076085950782356,-0.7229920334747206,1.3521127462285327,1.8282088785136645
-0.3371653456525341,0.7137908079380415,0.5060051485153679,-0.7223684770287083,1.3481194450871694,1.8174260382221377
-0.3341697736400921,0.715932225488955,0.5043983409830369,-0.7217439957308447,1.3441448807989607,1.806725460578052
-0.33117419387849034,0.7180800729924225,0.5027881770194907,-0.721118590418502,1.3401889663169426,1.7961064654376753
-0.3281786063575199,0.7202343697794491,0.5011746612374424,-0.7204922619415111,1.3362516149672206,1.7855683785025052
-0.325183011067074,0.7223951352391765,0.49955779832411684,-0.7198650111620626,1.3323327404474328,1.7751105312681663
-0.3221874079971487,0.7245623888190579,0.497937593041295,-0.7192368389546029,1.328432256825225,1.7647322609737603
-0.31919179713784335,0.7267361500250319,0.49631405022535313,-0.7186077462057229,1.3245500785367292,1.7544329105516556
-0.3161961784793611,0.7289164384216982,0.4946871747872996,-0.7179777338140404,1.3206861203850586,1.7442118285777375
-0.31320055201200947,0.731103273632493,0.4930569717128073,-0.7173468026900762,1.3168402975388056,1.7340683692220902
-0.3102049177262008,0.7332966753398653,0.49142344606224286,-0.7167149537561223,1.3130125255305514,1.7240018922001168
-0.30720927561245265,0.7354966632854542,0.4897866029706922,-0.7160821879461037,1.3092027202553844,1.7140117627240983
-0.30421362566138843,0.7377032572702651,0.4881464476479825,-0.7154485062054324,1.305410797969428,1.704097351455179
-0.3012179678637379,0.7399164771548485,0.48650298537870046,-0.7148139094908545,1.3016366752883757,1.6942580344557763
-0.29822230221033746,0.7421363428594779,0.48485622152220736,-0.7141783987702884,1.2978802691860365,1.6844931931424185
-0.29522662869213084,0.7443628743643287,0.4832061615126502,-0.713541975022656,1.2941414969928897,1.6748022142389976
-0.29223094730016935,0.7465960917096577,0.48155281085896967,-0.7129046392377052,1.290420276394646,1.6651844897304344
-0.2892352580256124,0.748836014995983,0.4798961751449043,-0.7122663924158241,1.28671652543082,1.6556394168167619
-0.28623956085972796,0.7510826643842644,0.4782362600289913,-0.7116272355678469,1.2830301624933111,1.6461663978676124
-0.283243855793893,0.7533360600960849,0.4765730712445641,-0.7109871697148498,1.279361106324991,1.636764840377105
-0.2802481428195938,0.7555962224138316,0.47490661459974626,-0.7103461958879388,1.2757092760183035,1.6274341569191442
-0.2772524219284266,0.7578631716808781,0.4732368959774419,-0.7097043151280278,1.2720745910138689,1.6181737651031018
-0.2742566931120976,0.7601369283017674,0.471563921335323,-0.7090615284856067,1.268456971099101,1.6089830875299054
-0.27126095636242376,0.7624175127423948,0.46988769670581315,-0.7084178370204995,1.2648563364068304,1.5998615517485089
-0.268265211671333,0.7647049455301916,0.4682082281960683,-0.707773241801613,1.261272607413936,1.5908085902127487
-0.26526945903086446,0.76699924725431,0.46652552198795355,-0.7071277439066735,1.2577057049399885,1.5818236402385932
-0.26227369843316917,0.7693004385658069,0.46483958433801764,-0.706481344421954,1.254155550145897,1.5729061439617575
-0.25927792987051,0.7716085401778305,0.4631504215774633,-0.705834044441989,1.2506220645325699,1.5640555482957073
-0.25628215333526244,0.7739235728658054,0.46145804011211494,-0.7051858450692796,1.2471051699395799,1.5552713048900284
-0.25328636881991456,0.7762455574676195,0.4597624464223833,-0.7045367474139843,1.2436047885438406,1.5465528700891704
-0.2502905763170675,0.778574514883811,0.4580636470632265,-0.7038867525936,1.24012084285829,1.5378997048915555
-0.24729477581943585,0.7809104660777563,0.4563616486641085,-0.7032358617326289,1.2366532557305816,1.5293112749090472
-0.24429896731984774,0.7832534320758576,0.45465645792895426,-0.702584075962233,1.2332019503417873,1.520787050326788
-0.2413031508112454,0.7856034339677325,0.4529480816361022,-0.7019313964198759,1.2297668502051047,1.5123265058633844
-0.23830732628668522,0.7879604929064024,0.45123652663825337,-0.7012778242489497,1.2263478791645754,1.503929120731452
-0.23531149373933813,0.7903246301084833,0.44952179986241825,-0.700623360598389,1.2229449613938117,1.4955943785985115
-0.23231565316248987,0.7926958668543761,0.4478039083098603,-0.6999680066222697,1.21955802139473,1.4873217675482284
-0.22931980454954112,0.7950742244884569,0.4460828590560369,-0.6993117634793928,1.216186983996294,1.4791107800420018
-0.22632394789400792,0.7974597244192697,0.4443586592505378,-0.698654632332854,1.2128317743532666,1.470960912880893
-0.22332808318952174,0.7998523881197178,0.4426313161170206,-0.6979966143495953,1.2094923179449681,1.4628716671678919
-0.22033221042982978,0.8022522371272572,0.44090083695314397,-0.6973377106999423,1.2061685405740452,1.454842548270522
-0.21733632960879518,0.8046592930440896,0.4391672291304981,-0.6966779225571238,1.2028603683652466,1.4468730657837767
-0.21434044072039712,0.8070735775373562,0.43743050009453294,-0.6960172510967737,1.1995677277642076,1.438962733493384
-0.21134454375873113,0.8094951123393328,0.4356906573644839,-0.6953556974964156,1.1962905455362443,1.431111069339405
-0.20834863871800915,0.8119239192476244,0.43394770853329556,-0.6946932629349287,1.1930287487651519,1.4233175953801438
-0.20535272559255976,0.8143600201253611,0.4322016612675426,-0.694029948591995,1.1897822648520173,1.4155818377563958
-0.20235680437682832,0.8168034369013947,0.4304525233073494,-0.6933657556475259,1.1865510215140351,1.4079033266560002
-0.19936087506537703,0.819254191570495,0.4287003024663068,-0.6927006852810699,1.1833349467833343,1.4002815962787165
-0.19636493765288518,0.8217123061935475,0.42694500663138757,-0.6920347386711981,1.1801339690058124,1.3927161848014116
-0.19336899213414913,0.8241778028977521,0.4251866437628595,-0.6913679169948693,1.1769480168399786,1.3852066343435585
-0.19037303850408246,0.8266507038768208,0.42342522189419696,-0.6907002214267719,1.1737770192558044,1.377752490933041
-0.18737707675771612,0.8291310313911776,0.42166074913199103,-0.6900316531386433,1.170620905533583,1.3703533044722658
-0.18438110689019838,0.8316188077681584,0.4198932336558575,-0.6893622132985657,1.1674796052627978,1.3630086287045782
-0.18138512889679492,0.8341140554022113,0.4181226837183438,-0.6886919030702366,1.164353048340997,1.355718021180972
-0.17838914277288898,0.8366167967550975,0.41634910764483457,-0.6880207236122152,1.1612411649726788,1.3484810432271042
-0.17539314851398125,0.8391270543560935,0.41457251383345567,-0.6873486760771415,1.1581438856681845,1.3412972599106008
-0.17239714611568996,0.841644850802193,0.4127929107549776,-0.6866757616109289,1.1550611412425982,1.3341662400086534
-0.1694011355737509,0.8441702087583104,0.4110103069527173,-0.6860019813519294,1.151992862814658,1.3270875559759117
-0.16640511688401732,0.8467031509574834,0.4092247110424395,-0.6853273364300685,1.148938981805672,1.3200607839126546
-0.16340909004246004,0.8492437002010782,0.40743613171225734,-0.6846518279659518,1.145899429938447,1.313085503533258
-0.1604130550451673,0.8517918793589936,0.40564457772253193,-0.6839754570699399,1.1428741392362203,1.3061612981349313
-0.15741701188834478,0.8543477113698666,0.40385005790577194,-0.6832982248411911,1.139863042021605,1.2992877545667472
-0.15442096056831545,0.8569112192412787,0.4020525811665326,-0.682620132366672,1.1368660709155411,1.2924644631989401
-0.15142490108151957,0.859482426049962,0.40025215648131457,-0.6819411807201332,1.1338831588362563,1.285691017892487
-0.1484288334245146,0.862061354942007,0.3984487928984629,-0.6812613709610498,1.1309142389982334,1.2789670159689535
-0.145432757593975,0.8646480291330702,0.39664249953806585,-0.6805807041335253,1.1279592449111895,1.2722920581806207
-0.14243667358669218,0.867242471908583,0.39483328559185427,-0.6798991812651578,1.1250181103790609,1.2656657486808727
-0.13944058139957433,0.8698447066239604,0.3930211603231014,-0.6792168033658664,1.1220907694989979,1.2590876949948533
-0.13644448102964626,0.8724547567048113,0.39120613306652335,-0.6785335714266776,1.1191771566603692,1.2525575079903886
-0.13344837247404925,0.8750726456471487,0.3893882132281803,-0.677849486418469,1.1162772065437743,1.246074801849172
-0.13045225573004085,0.8776983970176009,0.38756741028537883,-0.6771645492906696,1.1133908541200623,1.2396391940382019
-0.12745613079499465,0.8803320344536231,0.3857437337865756,-0.6764787609699151,1.1105180346493657,1.2332503052814898
-0.12445999766640008,0.88297358166371,0.38391719335128227,-0.6757921223586555,1.1076586836801368,1.2269077595320133
-0.12146385634186217,0.8856230624276087,0.3820877986699722,-0.6751046343337149,1.1048127370481962,1.2206111839439266
-0.11846770681910129,0.8882805005965325,0.38025555950398904,-0.6744162977448003,1.1019801308757913,1.214360208845026
-0.11547154909595288,0.8909459200933755,0.37842048568545733,-0.6737271134129582,1.0991608015706615,1.2081544677094591
-0.11247538317036715,0.8936193449129268,0.37658258711719567,-0.6730370821289771,1.096354685825114,1.2019935971306845
-0.10947920904040878,0.8963007991220872,0.3747418737726322,-0.672346204651733,1.09356172061511,1.19587723679468
-0.10648302670425659,0.8989903068600846,0.37289835569572327,-0.6716544817064772,1.0907818431993574,1.1898050294533875
-0.10348683616020321,0.901687892338692,0.3710520430008751,-0.6709619139830626,1.088014991118416,1.1837766208984069
-0.10049063740665468,0.904393579842444,0.3692029458728685,-0.6702685021341069,1.0852611021938119,1.1777916599349274
-0.09749443044213009,0.9071073937288562,0.3673510745667881,-0.6695742467730912,1.0825201145271588,1.171849798355893
-0.09449821526526118,0.9098293584286433,0.36549643940795473,-0.6688791484723888,1.0797919664992934,1.1659506909164112
-0.09150199187479194,0.9125594984459398,0.3636390507918626,-0.6681832077612246,1.0770765967694187,1.1600939953083929
-0.0885057602695781,0.9152978383585193,0.36177891918412103,-0.6674864251235602,1.0743739442742555,1.154279372135421
-0.08550952044858673,0.9180444028180161,0.359916055120401,-0.6667888009959022,1.0716839482272085,1.1485064848878581
-0.08251327241089573,0.9207992165501471,0.3580504692063872,-0.6660903357650315,1.0690065481175388,1.1427749999181758
-0.07951701615569337,0.9235623043549337,0.35618217211773573,-0.6653910297656491,1.06634168370955,1.1370845864165182
-0.07652075168227768,0.9263336911069252,0.3543111746000376,-0.6646908832779359,1.0636892950417824,1.131434916386484
-0.07352447899005596,0.9291134017554225,0.35243748746878895,-0.6639898965250226,1.0610493224262203,1.1258256646211413
-0.07052819807854423,0.9319014613247028,0.3505611216093682,-0.6632880696703664,1.0584217064475088,1.1202565086792564
-0.06753190894736658,0.9346978949142443,0.34868208797702005,-0.6625854028150296,1.0558063879621824,1.1147271288617504
-0.0645356115962546,0.9375027276989525,0.34680039759684766,-0.6618818959948579,1.0532033080979064,1.1092372081883737
-0.06153930602504671,0.9403159849293867,0.3449160615638126,-0.6611775491775518,1.0506124082527266,1.1037864323745938
-0.05854299223368753,0.9431376919319873,0.34302909104274376,-0.6604723622596285,1.0480336300943351,1.0983744898087098
-0.05554667022222716,0.9459678741093033,0.34113949726835524,-0.6597663350632686,1.0454669155593443,1.0930010715291691
-0.052550339990820476,0.948806556940222,0.33924729154527394,-0.6590594673330435,1.0429122068525762,1.0876658712021108
-0.049554001539726396,0.9516537659801976,0.3373524852480772,-0.6583517587325173,1.0403694464463629,1.0823685850991116
-0.046557654869307116,0.9545095268614814,0.33545508982134153,-0.657643208840718,1.0378385770798595,1.0771089120751474
-0.04356129998002731,0.9573738652933531,0.3335551167797023,-0.6569338171484739,1.0353195417583718,1.071886553546765
-0.0405649368724533,0.9602468070623521,0.33165257770792544,-0.6562235830546062,1.0328122837526967,1.066701213470461
-0.03756856554725223,0.9631283780325101,0.3297474842609921,-0.6555125058619744,1.0303167465984746,1.0615525983212653
-0.03457218600519117,0.9660186041455832,0.3278398481641959,-0.6548005847733664,1.0278328740955591,1.0564404170715376
-0.031575798247136216,0.9689175114212871,0.32592968121325483,-0.6540878188872263,1.0253606103073991,1.051364381169962
-0.028579402274051542,0.9718251259575308,0.3240169952744369,-0.6533742071932129,1.0228998995604355,1.046324204520749
-0.02558299808699844,0.9747414739306517,0.3221018022847021,-0.6526597485675817,1.0204506864435143,1.0413196034630396
-0.0225865856871343,0.977666581595652,0.32018411425186,-0.6519444417683808,1.018012915807315,1.0363502967505114
-0.0195901650757116,0.9806004752864355,0.31826394325474444,-0.6512282854304545,1.0155865327637936,1.031416005531184
-0.016593736254076813,0.9835431814160448,0.3163413014434061,-0.6505112780602423,1.0131714826856435,1.0265164533274251
-0.013597299223669304,0.9864947264768998,0.3144162010393239,-0.6497934180303676,1.0107677112057738,1.0216513660161586
-0.0106008539860202,0.9894551370410367,0.3124886543356357,-0.649074703574003,1.0083751642168026,1.0168204718092637
-0.007604400542751199,0.9924244397603478,0.3105586736973903,-0.6483551327790031,1.0059937878705711,1.0120235012341796
-0.0046079388955733575,0.995402661366822,0.3086262715618205,-0.647634703581794,1.0036235285776738,1.0072601871147009
-0.0016114690462858301,0.9983898286727861,0.3066914604386391,-0.6469134137610063,1.001264333007009,1.0025302645519707
0.0,1.0,0.3056496540524504,-0.64652504884951,1.000000000005011,1.0000000000100222
