trial,correction_mode,model,n_test,z_min,z_max,weighted_mean_resid,weighted_rmse,weighted_mae,mean_resid,median_resid,alpha,beta_z,gamma_z2
0,catalog_bin_median_delta,STAM b=354.95 union-style,450,0.02509,0.98158,-0.09218776076055478,0.3089720712783261,0.20619735938634565,0.002784732069383943,0.01737403142640659,,,
0,catalog_bin_median_delta,STAM b=461.3626922 original,450,0.02509,0.98158,-0.10637817443268115,0.3142185728331567,0.20857015768997086,-0.011011605437184421,0.0032988914728697694,,,
0,catalog_bin_median_delta,STAM b=1335.412792 DES-style,450,0.02509,0.98158,-0.21952183200893607,0.37314206416746976,0.25914016402398465,-0.12110658209875134,-0.1057658140432558,,,
0,catalog_bin_median_delta,LCDM fixed H0=70 Om=0.3,450,0.02509,0.98158,-0.2296390666675671,0.35316310233603687,0.2589366428049362,-0.14525012055597045,-0.14246814879598801,,,
0,catalog_linear_z_delta,STAM b=354.95 union-style,450,0.02509,0.98158,-0.09237285836265906,0.2604547495285449,0.21329188338073884,0.013675141518268675,-0.023349934217737456,0.5060465352932337,-0.7093659291221818,
0,catalog_linear_z_delta,STAM b=461.3626922 original,450,0.02509,0.98158,-0.10656327203478543,0.26685856125138663,0.2186169756523017,-0.00012119598829968937,-0.03689070704004749,0.5060465352932337,-0.7093659291221818,
0,catalog_linear_z_delta,STAM b=1335.412792 DES-style,450,0.02509,0.98158,-0.21970692961104035,0.33549074931834955,0.2777239766820889,-0.1102161726498666,-0.14487627962650507,0.5060465352932337,-0.7093659291221818,
0,catalog_linear_z_delta,LCDM fixed H0=70 Om=0.3,450,0.02509,0.98158,-0.22982416426967142,0.3167827578361687,0.2721194431178385,-0.13435971110708572,-0.18483007862057477,0.5060465352932337,-0.7093659291221818,
0,catalog_quadratic_z_delta,STAM b=354.95 union-style,450,0.02509,0.98158,-0.09680701147651005,0.29227068010990076,0.22141626701029232,0.009787300298440584,0.023348949850419132,0.7025878800010852,-2.5856714775126677,2.5476406739210327
0,catalog_quadratic_z_delta,STAM b=461.3626922 original,450,0.02509,0.98158,-0.11099742514863642,0.2981313461177851,0.22484051512482234,-0.004009037208127779,0.009370676343795736,0.7025878800010852,-2.5856714775126677,2.5476406739210327
0,catalog_quadratic_z_delta,STAM b=1335.412792 DES-style,450,0.02509,0.98158,-0.2241410827248913,0.3617851081792146,0.2754292945528813,-0.1141040138696947,-0.1028000646967655,0.7025878800010852,-2.5856714775126677,2.5476406739210327
0,catalog_quadratic_z_delta,LCDM fixed H0=70 Om=0.3,450,0.02509,0.98158,-0.23425831738352237,0.3369715482419755,0.27058290488979514,-0.13824755232691383,-0.13754222581550124,0.7025878800010852,-2.5856714775126677,2.5476406739210327
0,raw_no_catalog_correction,STAM b=354.95 union-style,450,0.02509,0.98158,0.13257070734104004,0.20094750028099567,0.1582154504006871,0.1918481098471599,0.14854031961132463,,,
0,raw_no_catalog_correction,STAM b=461.3626922 original,450,0.02509,0.98158,0.11838029366891366,0.19204016633867668,0.1495242671292488,0.17805177234059152,0.13464730122251467,,,
0,raw_no_catalog_correction,STAM b=1335.412792 DES-style,450,0.02509,0.98158,0.005236636092658737,0.15329772914283923,0.11629331303761568,0.0679567956790246,0.022804224115922977,,,
0,raw_no_catalog_correction,LCDM fixed H0=70 Om=0.3,450,0.02509,0.98158,-0.0048805985659722976,0.15012119222286904,0.11596183273424857,0.043813257221805485,0.006237479573453442,,,
1,catalog_bin_median_delta,STAM b=354.95 union-style,450,0.02557,0.96689,-0.10466779202011453,0.28794896796363645,0.19808260952791432,-0.0017044183222158595,0.002373116539899911,,,
1,catalog_bin_median_delta,STAM b=461.3626922 original,450,0.02557,0.96689,-0.11882509438712634,0.29412381392110537,0.20185359851349566,-0.015506007328317205,-0.011416050300688596,,,
1,catalog_bin_median_delta,STAM b=1335.412792 DES-style,450,0.02557,0.96689,-0.23171249937184976,0.35991656171558883,0.26207466251861855,-0.12564209915264749,-0.1225582056665857,,,
1,catalog_bin_median_delta,LCDM fixed H0=70 Om=0.3,450,0.02557,0.96689,-0.2429375895059924,0.3418770785636226,0.2645863995140704,-0.14997083293267344,-0.15932495788034728,,,
1,catalog_linear_z_delta,STAM b=354.95 union-style,450,0.02557,0.96689,-0.09574172191873857,0.24828650947270395,0.20053050897674507,0.00855476085022695,-0.01579866163041288,0.4832715965600937,-0.6596212886743342,
1,catalog_linear_z_delta,STAM b=461.3626922 original,450,0.02557,0.96689,-0.10989902428575037,0.25508107398983626,0.20581529800981965,-0.005246828155874397,-0.02943269886996447,0.4832715965600937,-0.6596212886743342,
1,catalog_linear_z_delta,STAM b=1335.412792 DES-style,450,0.02557,0.96689,-0.2227864292704738,0.3266474507584894,0.268852806652586,-0.1153829199802047,-0.14413385605386964,0.4832715965600937,-0.6596212886743342,
1,catalog_linear_z_delta,LCDM fixed H0=70 Om=0.3,450,0.02557,0.96689,-0.23401151940461642,0.3109778186555279,0.2666158278476866,-0.13971165376023065,-0.1768760512737586,0.4832715965600937,-0.6596212886743342,
1,catalog_quadratic_z_delta,STAM b=354.95 union-style,450,0.02557,0.96689,-0.10026356602057768,0.2775798341052083,0.20560453052415217,0.007584716924483151,0.006750996167443901,0.6712799947282159,-2.454466038267438,2.4370335052089165
1,catalog_quadratic_z_delta,STAM b=461.3626922 original,450,0.02557,0.96689,-0.11442086838758946,0.2838148204219803,0.2094737012374856,-0.006216872081618195,-0.0058891231149296175,0.6712799947282159,-2.454466038267438,2.4370335052089165
1,catalog_quadratic_z_delta,STAM b=1335.412792 DES-style,450,0.02557,0.96689,-0.22730827337231285,0.3504638229853417,0.2666100287616516,-0.11635296390594849,-0.11922347691152524,0.6712799947282159,-2.454466038267438,2.4370335052089165
1,catalog_quadratic_z_delta,LCDM fixed H0=70 Om=0.3,450,0.02557,0.96689,-0.23853336350645554,0.32902146682924543,0.26521011539871664,-0.14068169768597444,-0.15807960320683634,0.6712799947282159,-2.454466038267438,2.4370335052089165
1,raw_no_catalog_correction,STAM b=354.95 union-style,450,0.02557,0.96689,0.1224413367117089,0.1908105368829521,0.14957470058529587,0.18779491501111686,0.1452595395225451,,,
1,raw_no_catalog_correction,STAM b=461.3626922 original,450,0.02557,0.96689,0.10828403434469709,0.1821951372783234,0.14154056018327163,0.17399332600501555,0.130555453136882,,,
1,raw_no_catalog_correction,STAM b=1335.412792 DES-style,450,0.02557,0.96689,-0.0046033706400263165,0.14844863387353768,0.11459693774073272,0.06385723418068524,0.01621653260485445,,,
1,raw_no_catalog_correction,LCDM fixed H0=70 Om=0.3,450,0.02557,0.96689,-0.015828460774168957,0.1469606980154013,0.11424062968594363,0.039528500400659285,-0.00048307635041666686,,,
2,catalog_bin_median_delta,STAM b=354.95 union-style,450,0.02557,0.93075,-0.0907151984639874,0.286035192461697,0.19553130236412405,-0.008341079779913451,0.01107815775743859,,,
2,catalog_bin_median_delta,STAM b=461.3626922 original,450,0.02557,0.93075,-0.10492998204536297,0.2915885018374116,0.197466288037381,-0.022135095226395975,-0.003256162802031781,,,
2,catalog_bin_median_delta,STAM b=1335.412792 DES-style,450,0.02557,0.93075,-0.21826144590734242,0.3536793537801057,0.2465768085485066,-0.1322124105907033,-0.11182628752886004,,,
2,catalog_bin_median_delta,LCDM fixed H0=70 Om=0.3,450,0.02557,0.93075,-0.22697095500748143,0.33279380854932716,0.24582167276847539,-0.15667889401437574,-0.14696810526118753,,,
2,catalog_linear_z_delta,STAM b=354.95 union-style,450,0.02557,0.93075,-0.08048307818829531,0.23366005139558182,0.18815772661656077,0.004299770133806505,0.004725894623337723,0.47534813934120085,-0.6602846313301485,
2,catalog_linear_z_delta,STAM b=461.3626922 original,450,0.02557,0.93075,-0.09469786176967089,0.2399785851582073,0.19256543171335336,-0.00949424531267602,-0.008976465646991727,0.47534813934120085,-0.6602846313301485,
2,catalog_linear_z_delta,STAM b=1335.412792 DES-style,450,0.02557,0.93075,-0.2080293256316503,0.3097261480843076,0.25323851510194684,-0.11957156067698334,-0.11802268592571963,0.47534813934120085,-0.6602846313301485,
2,catalog_linear_z_delta,LCDM fixed H0=70 Om=0.3,450,0.02557,0.93075,-0.21673883473178931,0.2905105135463435,0.2481740940137812,-0.1440380441006558,-0.15958000861360588,0.47534813934120085,-0.6602846313301485,
2,catalog_quadratic_z_delta,STAM b=354.95 union-style,450,0.02557,0.93075,-0.08794306930252713,0.27062871387495785,0.21066890274347505,0.003070940853925066,0.025932727341807293,0.6716796475963295,-2.5345869508270713,2.5449206972025324
2,catalog_quadratic_z_delta,STAM b=461.3626922 original,450,0.02557,0.93075,-0.1021578528839027,0.276434811163193,0.21286889784357624,-0.010723074592557459,0.012003058619093565,0.6716796475963295,-2.5345869508270713,2.5449206972025324
2,catalog_quadratic_z_delta,STAM b=1335.412792 DES-style,450,0.02557,0.93075,-0.21548931674588212,0.3409092894766316,0.25603013325603796,-0.12080038995686478,-0.09692163915240215,0.6716796475963295,-2.5345869508270713,2.5449206972025324
2,catalog_quadratic_z_delta,LCDM fixed H0=70 Om=0.3,450,0.02557,0.93075,-0.2241988258460211,0.3156616646243692,0.24977769395263602,-0.14526687338053723,-0.1323316466930855,0.6716796475963295,-2.5345869508270713,2.5449206972025324
2,raw_no_catalog_correction,STAM b=354.95 union-style,450,0.02557,0.93075,0.13555790948200647,0.1927241196087271,0.15972171206881772,0.1744102535534193,0.1556757087776468,,,
2,raw_no_catalog_correction,STAM b=461.3626922 original,450,0.02557,0.93075,0.12134312590063091,0.18308981517959055,0.1502662611651116,0.1606162381069368,0.1413270786840677,,,
2,raw_no_catalog_correction,STAM b=1335.412792 DES-style,450,0.02557,0.93075,0.008011662038651475,0.13872537496634646,0.10584201736706983,0.050538922742629465,0.030201074390486582,,,
2,raw_no_catalog_correction,LCDM fixed H0=70 Om=0.3,450,0.02557,0.93075,-0.0006978470614875287,0.13890984745002843,0.10640228266174302,0.026072439318957016,0.008144929503885123,,,
3,catalog_bin_median_delta,STAM b=354.95 union-style,450,0.02509,0.98024,-0.07885403099321296,0.3025520933340522,0.20861739935085838,0.006606528980487146,0.02071989018923759,,,
3,catalog_bin_median_delta,STAM b=461.3626922 original,450,0.02509,0.98024,-0.09308804383558547,0.3072875950413937,0.2098731471323675,-0.007198030972008193,0.00686797044437526,,,
3,catalog_bin_median_delta,STAM b=1335.412792 DES-style,450,0.02509,0.98024,-0.20657104853211392,0.36327038379730403,0.25159531166541843,-0.11735702025773587,-0.1027375669220909,,,
3,catalog_bin_median_delta,LCDM fixed H0=70 Om=0.3,450,0.02509,0.98024,-0.21666378232949043,0.34330554328373425,0.2524099876626675,-0.14151210561334315,-0.14015710940887516,,,
3,catalog_linear_z_delta,STAM b=354.95 union-style,450,0.02509,0.98024,-0.09129364442668537,0.26353933206758917,0.21397185283553016,0.01360081572469593,0.0002752595383839207,0.5066962151879993,-0.7099821830558452,
3,catalog_linear_z_delta,STAM b=461.3626922 original,450,0.02509,0.98024,-0.10552765726905787,0.2698258302418092,0.21882383605441236,-0.00020374422779940776,-0.013243293689367164,0.5066962151879993,-0.7099821830558452,
3,catalog_linear_z_delta,STAM b=1335.412792 DES-style,450,0.02509,0.98024,-0.21901066196558627,0.33769131266648866,0.2788628599714114,-0.11036273351352707,-0.11880215374049286,0.5066962151879993,-0.7099821830558452,
3,catalog_linear_z_delta,LCDM fixed H0=70 Om=0.3,450,0.02509,0.98024,-0.22910339576296285,0.31954868872004966,0.27287890802863585,-0.13451781886913436,-0.160735623216528,0.5066962151879993,-0.7099821830558452,
3,catalog_quadratic_z_delta,STAM b=354.95 union-style,450,0.02509,0.98024,-0.08687924884236961,0.28908943378481144,0.2212929066289734,0.011995926470082073,0.02298034647317948,0.7009416906961119,-2.564369940437767,2.5178807790553925
3,catalog_quadratic_z_delta,STAM b=461.3626922 original,450,0.02509,0.98024,-0.1011132616847421,0.2945526673168631,0.22367511140122734,-0.0018086334824132658,0.00931065206374626,0.7009416906961119,-2.564369940437767,2.5178807790553925
3,catalog_quadratic_z_delta,STAM b=1335.412792 DES-style,450,0.02509,0.98024,-0.21459626638127052,0.35592162751930895,0.2677869486020961,-0.11196762276814094,-0.1040590652873945,0.7009416906961119,-2.564369940437767,2.5178807790553925
3,catalog_quadratic_z_delta,LCDM fixed H0=70 Om=0.3,450,0.02509,0.98024,-0.2246890001786471,0.3307846149213827,0.26116094081359653,-0.13612270812374822,-0.1390322290011703,0.7009416906961119,-2.564369940437767,2.5178807790553925
3,raw_no_catalog_correction,STAM b=354.95 union-style,450,0.02509,0.98024,0.1403021888767234,0.20700183803237282,0.1680263688793368,0.19334897342493093,0.16186424977599856,,,
3,raw_no_catalog_correction,STAM b=461.3626922 original,450,0.02509,0.98024,0.12606817603435094,0.19784276749070662,0.15877084113054735,0.17954441347243558,0.14771280717241453,,,
3,raw_no_catalog_correction,STAM b=1335.412792 DES-style,450,0.02509,0.98024,0.012585171337822467,0.1555138759200696,0.12133280643034851,0.0693854241867079,0.040450771382591455,,,
3,raw_no_catalog_correction,LCDM fixed H0=70 Om=0.3,450,0.02509,0.98024,0.0024924375404459186,0.1501260385039365,0.11667418816665528,0.04523033883110063,0.011923793575370212,,,
4,catalog_bin_median_delta,STAM b=354.95 union-style,450,0.0251,0.99268,-0.08840702905914652,0.3065061241797429,0.20815437488699998,-0.007810016724704304,0.011291247765797152,,,
4,catalog_bin_median_delta,STAM b=461.3626922 original,450,0.0251,0.99268,-0.10262987664838369,0.3115643976008689,0.21049275817683274,-0.02160367587217945,-0.0034297113673353863,,,
4,catalog_bin_median_delta,STAM b=1335.412792 DES-style,450,0.0251,0.99268,-0.21602440766571818,0.3694683273580591,0.2588539624686774,-0.1316775539852722,-0.11235818596399483,,,
4,catalog_bin_median_delta,LCDM fixed H0=70 Om=0.3,450,0.0251,0.99268,-0.22493965871144972,0.3509722737683011,0.26362961418411496,-0.15561898277879815,-0.15062619065247773,,,
4,catalog_linear_z_delta,STAM b=354.95 union-style,450,0.0251,0.99268,-0.09262549416662148,0.24717935605298952,0.2006526914646899,0.0018095941661929122,-0.019093729461573616,0.4554896766877948,-0.6148495267475886,
4,catalog_linear_z_delta,STAM b=461.3626922 original,450,0.0251,0.99268,-0.10684834175585868,0.2538722354545237,0.2058400834266003,-0.011984064981282232,-0.03347447210720489,0.4554896766877948,-0.6148495267475886,
4,catalog_linear_z_delta,STAM b=1335.412792 DES-style,450,0.0251,0.99268,-0.22024287277319318,0.3250815943489104,0.2674196664867415,-0.122057943094375,-0.1424362826859742,0.4554896766877948,-0.6148495267475886,
4,catalog_linear_z_delta,LCDM fixed H0=70 Om=0.3,450,0.0251,0.99268,-0.2291581238189247,0.30647029614761523,0.2623959042430299,-0.1459993718879009,-0.18238124811639267,0.4554896766877948,-0.6148495267475886,
4,catalog_quadratic_z_delta,STAM b=354.95 union-style,450,0.0251,0.99268,-0.0977310027335515,0.27959724637137884,0.2123222516053537,-0.004259965424383473,0.007580369746737148,0.6354931668652647,-2.3332744609601557,2.3332709649744645
4,catalog_quadratic_z_delta,STAM b=461.3626922 original,450,0.0251,0.99268,-0.1119538503227887,0.28571151514052984,0.21629246084251508,-0.018053624571858617,-0.006099394913444911,0.6354931668652647,-2.3332744609601557,2.3332709649744645
4,catalog_quadratic_z_delta,STAM b=1335.412792 DES-style,450,0.0251,0.99268,-0.2253483813401232,0.3516828558867781,0.2703175039818071,-0.12812750268495138,-0.11671679928323897,0.6354931668652647,-2.3332744609601557,2.3332709649744645
4,catalog_quadratic_z_delta,LCDM fixed H0=70 Om=0.3,450,0.0251,0.99268,-0.2342636323858547,0.327677963016048,0.26532924861004903,-0.15206893147847733,-0.15560153580591418,0.6354931668652647,-2.3332744609601557,2.3332709649744645
4,raw_no_catalog_correction,STAM b=354.95 union-style,450,0.0251,0.99268,0.12248891875495822,0.1918446040158323,0.15119707826279147,0.17261542771973945,0.1399727967784088,,,
4,raw_no_catalog_correction,STAM b=461.3626922 original,450,0.0251,0.99268,0.10826607116572105,0.18332040596005086,0.14239637355741452,0.1588217685722643,0.12531628745211165,,,
4,raw_no_catalog_correction,STAM b=1335.412792 DES-style,450,0.0251,0.99268,-0.005128459851613462,0.15066706764672563,0.11431008688082,0.04874789045917154,0.01159787160956327,,,
4,raw_no_catalog_correction,LCDM fixed H0=70 Om=0.3,450,0.0251,0.99268,-0.014043710897344974,0.14457965776968862,0.11236367840153193,0.024806461665645606,-0.004375885821232828,,,
5,catalog_bin_median_delta,STAM b=354.95 union-style,450,0.0251,0.98536,-0.07701737874011771,0.29492490031361696,0.19596621003997483,0.003799069306837468,0.01708389478670469,,,
5,catalog_bin_median_delta,STAM b=461.3626922 original,450,0.0251,0.98536,-0.09126572061989408,0.29958175424239863,0.19729798759246997,-0.009990660811715707,0.0034588909628112674,,,
5,catalog_bin_median_delta,STAM b=1335.412792 DES-style,450,0.0251,0.98536,-0.2048576420324246,0.3555135668740262,0.24092278156070238,-0.1200343335066418,-0.10675456143315287,,,
5,catalog_bin_median_delta,LCDM fixed H0=70 Om=0.3,450,0.0251,0.98536,-0.21298378491194134,0.33787935347053377,0.24880674521184673,-0.1442704809776614,-0.14475928993425669,,,
5,catalog_linear_z_delta,STAM b=354.95 union-style,450,0.0251,0.98536,-0.09043368038128646,0.24343841053311538,0.19575059976550616,0.014132791104840012,-0.012969930901547855,0.4793376970868729,-0.6626207890918981,
5,catalog_linear_z_delta,STAM b=461.3626922 original,450,0.0251,0.98536,-0.10468202226106278,0.25011636455521286,0.20164690186400266,0.00034306098628683737,-0.026591898902690758,0.4793376970868729,-0.6626207890918981,
5,catalog_linear_z_delta,STAM b=1335.412792 DES-style,450,0.0251,0.98536,-0.21827394367359337,0.32152165052928305,0.2693760931163073,-0.10970061170863925,-0.1369947387436845,0.4793376970868729,-0.6626207890918981,
5,catalog_linear_z_delta,LCDM fixed H0=70 Om=0.3,450,0.0251,0.98536,-0.22640008655311006,0.3022666572857608,0.2640015555641077,-0.13393675917965886,-0.17472824557615496,0.4793376970868729,-0.6626207890918981,
5,catalog_quadratic_z_delta,STAM b=354.95 union-style,450,0.0251,0.98536,-0.09521765309530254,0.27763204796295665,0.20810140815518108,0.009597131395320717,0.015057842812968403,0.665586686237763,-2.4406691292281106,2.41422740310848
5,catalog_quadratic_z_delta,STAM b=461.3626922 original,450,0.0251,0.98536,-0.10946599497507888,0.28367578208986444,0.21148181638886301,-0.004192598723232458,0.0016854909503258853,0.665586686237763,-2.4406691292281106,2.41422740310848
5,catalog_quadratic_z_delta,STAM b=1335.412792 DES-style,450,0.0251,0.98536,-0.2230579163876094,0.34937051801734387,0.26450335549203013,-0.11423627141815855,-0.10786493855322377,0.665586686237763,-2.4406691292281106,2.41422740310848
5,catalog_quadratic_z_delta,LCDM fixed H0=70 Om=0.3,450,0.0251,0.98536,-0.23118405926712615,0.3241081597709327,0.258967710682417,-0.13847241888917816,-0.1517598791279049,0.665586686237763,-2.4406691292281106,2.41422740310848
5,raw_no_catalog_correction,STAM b=354.95 union-style,450,0.0251,0.98536,0.13275173578516236,0.19356129399022387,0.15629809537021475,0.18637271375128106,0.1498076406140676,,,
5,raw_no_catalog_correction,STAM b=461.3626922 original,450,0.0251,0.98536,0.11850339390538601,0.18421636235410385,0.1468145955222194,0.17258298363272787,0.13575580927970066,,,
5,raw_no_catalog_correction,STAM b=1335.412792 DES-style,450,0.0251,0.98536,0.004911472492855445,0.14297098679341497,0.10761898342690603,0.06253931093780177,0.02075703372056026,,,
5,raw_no_catalog_correction,LCDM fixed H0=70 Om=0.3,450,0.0251,0.98536,-0.0032146703866612635,0.14056641300270276,0.10991079395848066,0.03830316346678217,0.006619858572374682,,,
6,catalog_bin_median_delta,STAM b=354.95 union-style,450,0.02512,0.98,-0.09008457606527459,0.29554389034406026,0.2058854125828025,-8.202604289856986e-05,0.016272246745419494,,,
6,catalog_bin_median_delta,STAM b=461.3626922 original,450,0.02512,0.98,-0.10423667340593938,0.30083728198123877,0.20842493266984993,-0.013880748733471317,0.0036077126303588614,,,
6,catalog_bin_median_delta,STAM b=1335.412792 DES-style,450,0.02512,0.98,-0.21708313653157005,0.36061819247537036,0.2539794737611281,-0.12399425050271662,-0.10998445610660568,,,
6,catalog_bin_median_delta,LCDM fixed H0=70 Om=0.3,450,0.02512,0.98,-0.22798914262920428,0.3438063440262093,0.25843944012644526,-0.1480980101400419,-0.14490736629502265,,,
6,catalog_linear_z_delta,STAM b=354.95 union-style,450,0.02512,0.98,-0.08409060627098913,0.2438355562775417,0.19757436752687532,0.007980407699538653,-0.00929737330435998,0.4648684579709096,-0.6325084552388334,
6,catalog_linear_z_delta,STAM b=461.3626922 original,450,0.02512,0.98,-0.09824270361165392,0.25008007113708064,0.2023478293095085,-0.005818314991034094,-0.023259390114418466,0.4648684579709096,-0.6325084552388334,
6,catalog_linear_z_delta,STAM b=1335.412792 DES-style,450,0.02512,0.98,-0.2110891667372847,0.31857066978244647,0.2637374198368889,-0.11593181676027939,-0.13041220093808548,0.4648684579709096,-0.6325084552388334,
6,catalog_linear_z_delta,LCDM fixed H0=70 Om=0.3,450,0.02512,0.98,-0.22199517283491887,0.30200119803007164,0.2595677942466186,-0.1400355763976047,-0.1668513513358647,0.4648684579709096,-0.6325084552388334,
6,catalog_quadratic_z_delta,STAM b=354.95 union-style,450,0.02512,0.98,-0.09109225189572548,0.27068733633575753,0.20651251593879544,0.004321749359297939,0.008758951380190894,0.6396204880200166,-2.3007996947285676,2.26519962130691
6,catalog_quadratic_z_delta,STAM b=461.3626922 original,450,0.02512,0.98,-0.10524434923639028,0.27660143631875816,0.21037173357608172,-0.009476973331274808,-0.005492771571539379,0.6396204880200166,-2.3007996947285676,2.26519962130691
6,catalog_quadratic_z_delta,STAM b=1335.412792 DES-style,450,0.02512,0.98,-0.218090812362021,0.341575971274892,0.2620084128977726,-0.11959047510052011,-0.1155195486368612,0.6396204880200166,-2.3007996947285676,2.26519962130691
6,catalog_quadratic_z_delta,LCDM fixed H0=70 Om=0.3,450,0.02512,0.98,-0.22899681845965517,0.31958810790852943,0.25806758579245914,-0.14369423473784543,-0.15724998552203573,0.6396204880200166,-2.3007996947285676,2.26519962130691
6,raw_no_catalog_correction,STAM b=354.95 union-style,450,0.02512,0.98,0.12571284464724994,0.19598608814662688,0.1544390711985738,0.18075848506821174,0.1522040390462358,,,
6,raw_no_catalog_correction,STAM b=461.3626922 original,450,0.02512,0.98,0.11156074730658513,0.18737866728628208,0.14617802525614815,0.16695976237763896,0.1375910872954158,,,
6,raw_no_catalog_correction,STAM b=1335.412792 DES-style,450,0.02512,0.98,-0.0012857158190455696,0.15250008152168992,0.11751863991835523,0.056846260608393664,0.02457442289082934,,,
6,raw_no_catalog_correction,LCDM fixed H0=70 Om=0.3,450,0.02512,0.98,-0.012191721916679766,0.15013834981740504,0.11794849875611732,0.03274250097106836,0.00697490687031177,,,
7,catalog_bin_median_delta,STAM b=354.95 union-style,450,0.02509,0.99268,-0.10170168953353223,0.293269750992761,0.20117669084015932,-0.004238637006745765,-0.005372333024052267,,,
7,catalog_bin_median_delta,STAM b=461.3626922 original,450,0.02509,0.99268,-0.11588386912206332,0.299252908401393,0.20479773698976317,-0.018025492572728567,-0.018049442994772846,,,
7,catalog_bin_median_delta,STAM b=1335.412792 DES-style,450,0.02509,0.99268,-0.22896316466307334,0.36364316916413064,0.2627130867553993,-0.12804676186331032,-0.13013771952714492,,,
7,catalog_bin_median_delta,LCDM fixed H0=70 Om=0.3,450,0.02509,0.99268,-0.23885903016296312,0.34320745463105523,0.26299708516079945,-0.1522523856002241,-0.1624781971777196,,,
7,catalog_linear_z_delta,STAM b=354.95 union-style,450,0.02509,0.99268,-0.10028481285151876,0.26540401563573124,0.2111655967987427,0.006574698677820391,-0.010186918004535528,0.47285710891915567,-0.6485717491661788,
7,catalog_linear_z_delta,STAM b=461.3626922 original,450,0.02509,0.99268,-0.11446699244004979,0.2721351447528524,0.21584974001718768,-0.007212156888162408,-0.02357309993686485,0.47285710891915567,-0.6485717491661788,
7,catalog_linear_z_delta,STAM b=1335.412792 DES-style,450,0.02509,0.99268,-0.22754628798105986,0.34249778330941105,0.2767827564628491,-0.11723342617874417,-0.12608086186531864,0.47285710891915567,-0.6485717491661788,
7,catalog_linear_z_delta,LCDM fixed H0=70 Om=0.3,450,0.02509,0.99268,-0.23744215348094963,0.32281536041384284,0.27370843664340333,-0.14143904991565795,-0.16756213843709844,0.47285710891915567,-0.6485717491661788,
7,catalog_quadratic_z_delta,STAM b=354.95 union-style,450,0.02509,0.99268,-0.108443346271676,0.2993961874814891,0.2243684350976053,0.0006569392566695045,0.0015589944178380222,0.6564632593305132,-2.4013899119172883,2.3799699623778543
7,catalog_quadratic_z_delta,STAM b=461.3626922 original,450,0.02509,0.99268,-0.12262552586020706,0.30566176056125716,0.2282423298236478,-0.013129916309313296,-0.01219110637098808,0.6564632593305132,-2.4013899119172883,2.3799699623778543
7,catalog_quadratic_z_delta,STAM b=1335.412792 DES-style,450,0.02509,0.99268,-0.2357048214012171,0.37156326318244803,0.28252345660342454,-0.12315118559989506,-0.1207137872132229,0.6564632593305132,-2.4013899119172883,2.3799699623778543
7,catalog_quadratic_z_delta,LCDM fixed H0=70 Om=0.3,450,0.02509,0.99268,-0.24560068690110687,0.3473436600767897,0.27830037711508165,-0.14735680933680884,-0.15990919379485646,0.6564632593305132,-2.4013899119172883,2.3799699623778543
7,raw_no_catalog_correction,STAM b=354.95 union-style,450,0.02509,0.99268,0.11428189330488633,0.1911528959711026,0.1492460245373713,0.17841716299325178,0.13355657661354314,,,
7,raw_no_catalog_correction,STAM b=461.3626922 original,450,0.02509,0.99268,0.10009971371635527,0.18333213907065846,0.14205232859947908,0.16463030742726897,0.11899006260890133,,,
7,raw_no_catalog_correction,STAM b=1335.412792 DES-style,450,0.02509,0.99268,-0.012979581824654755,0.15736290693129273,0.1221368795437773,0.054609038136687216,0.008575886766251983,,,
7,raw_no_catalog_correction,LCDM fixed H0=70 Om=0.3,450,0.02509,0.99268,-0.022875447324544523,0.14789298094043504,0.11500941964563913,0.030403414399773444,-0.01347750451030194,,,
8,catalog_bin_median_delta,STAM b=354.95 union-style,450,0.02512,0.99268,-0.07618787620766977,0.2924396999390854,0.19981751397999356,0.031223365255029306,0.016130456654437353,,,
8,catalog_bin_median_delta,STAM b=461.3626922 original,450,0.02512,0.99268,-0.09040965393045051,0.29712738785636056,0.20111883757816154,0.017433886641954676,0.002183957546165516,,,
8,catalog_bin_median_delta,STAM b=1335.412792 DES-style,450,0.02512,0.99268,-0.20379541405084628,0.35331429961960475,0.24474499721257675,-0.09260769660696547,-0.10622312498847108,,,
8,catalog_bin_median_delta,LCDM fixed H0=70 Om=0.3,450,0.02512,0.99268,-0.21236759544554543,0.3340548334922851,0.2475769549621066,-0.11673649773387794,-0.14368112240369868,,,
8,catalog_linear_z_delta,STAM b=354.95 union-style,450,0.02512,0.99268,-0.07644244256628085,0.2436543094945919,0.19519231476865034,0.04241508160272231,0.006334246852333081,0.4683064167581761,-0.6489967732771743,
8,catalog_linear_z_delta,STAM b=461.3626922 original,450,0.02512,0.99268,-0.09066422028906158,0.2495103138515816,0.20005653950580618,0.028625602989647676,-0.007964397173921611,0.4683064167581761,-0.6489967732771743,
8,catalog_linear_z_delta,STAM b=1335.412792 DES-style,450,0.02512,0.99268,-0.20404998040945735,0.31586827158152064,0.25901752664298466,-0.08141598025927246,-0.11521346358620477,0.4683064167581761,-0.6489967732771743,
8,catalog_linear_z_delta,LCDM fixed H0=70 Om=0.3,450,0.02512,0.99268,-0.21262216180415647,0.2972121201716114,0.25323888909048364,-0.10554478138618494,-0.15580703816577568,0.4683064167581761,-0.6489967732771743,
8,catalog_quadratic_z_delta,STAM b=354.95 union-style,450,0.02512,0.99268,-0.08519209060363503,0.2792230848805752,0.2129261945976293,0.03629571535473,0.0255406863884744,0.6651973571945604,-2.5286397792703585,2.5521722614033684
8,catalog_quadratic_z_delta,STAM b=461.3626922 original,450,0.02512,0.99268,-0.09941386832641576,0.28467952221577103,0.2152821895582799,0.022506236741655368,0.011813257248576292,0.6651973571945604,-2.5286397792703585,2.5521722614033684
8,catalog_quadratic_z_delta,STAM b=1335.412792 DES-style,450,0.02512,0.99268,-0.21279962844681155,0.3465122759375659,0.2633446432493506,-0.08753534650726477,-0.09544744807809735,0.6651973571945604,-2.5286397792703585,2.5521722614033684
8,catalog_quadratic_z_delta,LCDM fixed H0=70 Om=0.3,450,0.02512,0.99268,-0.22137180984151067,0.32210740503871116,0.2574408719060826,-0.11166414763417724,-0.1318333148907378,0.6651973571945604,-2.5286397792703585,2.5521722614033684
8,raw_no_catalog_correction,STAM b=354.95 union-style,450,0.02512,0.99268,0.1377403463831188,0.20508077259585134,0.16322208780651906,0.20980929858836267,0.15255933622045603,,,
8,raw_no_catalog_correction,STAM b=461.3626922 original,450,0.02512,0.99268,0.12351856866033802,0.19593278032799033,0.15429873402079503,0.19601981997528803,0.13864448211329972,,,
8,raw_no_catalog_correction,STAM b=1335.412792 DES-style,450,0.02512,0.99268,0.010132808539942282,0.15408377598251496,0.11603952441020525,0.08597823672636788,0.025921184490584892,,,
8,raw_no_catalog_correction,LCDM fixed H0=70 Om=0.3,450,0.02512,0.99268,0.0015606271452431437,0.15251331774611668,0.11697087943626532,0.06184943559945541,0.0005306210873463613,,,
9,catalog_bin_median_delta,STAM b=354.95 union-style,450,0.02519,0.99268,-0.06067498518803452,0.2732960466484205,0.18830190600565652,0.01603672670401071,0.01806657387906796,,,
9,catalog_bin_median_delta,STAM b=461.3626922 original,450,0.02519,0.99268,-0.0748272319580876,0.27735863998095567,0.1893797902336702,0.002247414665123652,0.00487133382449656,,,
9,catalog_bin_median_delta,STAM b=1335.412792 DES-style,450,0.02519,0.99268,-0.18767533199289477,0.33038557313111244,0.2292073879265545,-0.10779290976153577,-0.10135649400596591,,,
9,catalog_bin_median_delta,LCDM fixed H0=70 Om=0.3,450,0.02519,0.99268,-0.1989045094102713,0.31529749916969635,0.23489053492685455,-0.13194553400885553,-0.13967408146146099,,,
9,catalog_linear_z_delta,STAM b=354.95 union-style,450,0.02519,0.99268,-0.06589398002438081,0.225238636714306,0.17923151539640833,0.026286990535503554,0.014767873451980051,0.45084091447187646,-0.6173967902408588,
9,catalog_linear_z_delta,STAM b=461.3626922 original,450,0.02519,0.99268,-0.08004622679443388,0.23078217551824076,0.18327199189698698,0.0124976784966165,0.0009291964494266836,0.45084091447187646,-0.6173967902408588,
9,catalog_linear_z_delta,STAM b=1335.412792 DES-style,450,0.02519,0.99268,-0.19289432682924107,0.29627705994831954,0.24169392800716888,-0.09754264593004291,-0.11035283322522815,0.45084091447187646,-0.6173967902408588,
9,catalog_linear_z_delta,LCDM fixed H0=70 Om=0.3,450,0.02519,0.99268,-0.20412350424661763,0.2803778506650099,0.23929369990159935,-0.12169527017736269,-0.14942034296843332,0.45084091447187646,-0.6173967902408588,
9,catalog_quadratic_z_delta,STAM b=354.95 union-style,450,0.02519,0.99268,-0.07308863131570559,0.26147827773902177,0.20006821022294574,0.020485319197580575,0.031906920846740405,0.6342923960368259,-2.368738388276741,2.377965088315942
9,catalog_quadratic_z_delta,STAM b=461.3626922 original,450,0.02519,0.99268,-0.08724087808575864,0.2665055320554874,0.20214296493167036,0.0066960071586935205,0.017499716553679434,0.6342923960368259,-2.368738388276741,2.377965088315942
9,catalog_quadratic_z_delta,STAM b=1335.412792 DES-style,450,0.02519,0.99268,-0.20008897812056586,0.32643776895423277,0.24633387850706037,-0.1033443172679659,-0.08992907543916573,0.6342923960368259,-2.368738388276741,2.377965088315942
9,catalog_quadratic_z_delta,LCDM fixed H0=70 Om=0.3,450,0.02519,0.99268,-0.2113181555379424,0.3056860958684784,0.2428217636774845,-0.12749694151528565,-0.13084128480541324,0.6342923960368259,-2.368738388276741,2.377965088315942
9,raw_no_catalog_correction,STAM b=354.95 union-style,450,0.02519,0.99268,0.13611821667893592,0.19886699503591715,0.1619744903524449,0.1908516600373433,0.15689370316414752,,,
9,raw_no_catalog_correction,STAM b=461.3626922 original,450,0.02519,0.99268,0.12196596990888288,0.18954338399920542,0.15233864690179832,0.17706234799845624,0.1436562903206564,,,
9,raw_no_catalog_correction,STAM b=1335.412792 DES-style,450,0.02519,0.99268,0.009117869874075663,0.14666922523201711,0.11117621862652631,0.06702202357179682,0.030389708036821617,,,
9,raw_no_catalog_correction,LCDM fixed H0=70 Om=0.3,450,0.02519,0.99268,-0.002111307543300861,0.14485742698992132,0.1125810933005194,0.04286939932447705,0.005317514182344496,,,
10,catalog_bin_median_delta,STAM b=354.95 union-style,450,0.02512,0.98536,-0.07296529890099425,0.2888912830081371,0.19110685957843734,0.013429913807112446,0.026490026149520673,,,
10,catalog_bin_median_delta,STAM b=461.3626922 original,450,0.02512,0.98536,-0.0870948908740582,0.29350374620961994,0.1929011382340616,-0.0003637385591081315,0.012194300714440942,,,
10,catalog_bin_median_delta,STAM b=1335.412792 DES-style,450,0.02512,0.98536,-0.1997680083066169,0.349114804840066,0.23814373538315914,-0.11043769813213516,-0.09994332928138405,,,
10,catalog_bin_median_delta,LCDM fixed H0=70 Om=0.3,450,0.02512,0.98536,-0.2120324480033543,0.32924275859548774,0.23791439634207248,-0.1344887709448169,-0.1299061949656064,,,
10,catalog_linear_z_delta,STAM b=354.95 union-style,450,0.02512,0.98536,-0.0743468291726968,0.25120671385836,0.19987011506072497,0.024639269478482346,0.009780179051386284,0.5019889059349405,-0.7130189015959694,
10,catalog_linear_z_delta,STAM b=461.3626922 original,450,0.02512,0.98536,-0.08847642114576078,0.25682487939156823,0.20362798471508745,0.010845617112261768,-0.003962789926220012,0.5019889059349405,-0.7130189015959694,
10,catalog_linear_z_delta,STAM b=1335.412792 DES-style,450,0.02512,0.98536,-0.20114953857831946,0.320955239199146,0.25806716592024714,-0.09922834246076527,-0.11528524177971988,0.5019889059349405,-0.7130189015959694,
10,catalog_linear_z_delta,LCDM fixed H0=70 Om=0.3,450,0.02512,0.98536,-0.21341397827505684,0.3017339919883563,0.2529488518885955,-0.123279415273447,-0.15461759778800754,0.5019889059349405,-0.7130189015959694,
10,catalog_quadratic_z_delta,STAM b=354.95 union-style,450,0.02512,0.98536,-0.07964139665158543,0.29164443022334324,0.21598299744965735,0.019269216683132823,0.02994683834792511,0.6994630749090612,-2.5982297688600813,2.559732282665753
10,catalog_quadratic_z_delta,STAM b=461.3626922 original,450,0.02512,0.98536,-0.0937709886246494,0.29662452791114313,0.2178174989375176,0.005475564316912245,0.015517024292243775,0.6994630749090612,-2.5982297688600813,2.559732282665753
10,catalog_quadratic_z_delta,STAM b=1335.412792 DES-style,450,0.02512,0.98536,-0.20644410605720803,0.3544696700774723,0.25898978078283613,-0.10459839525611479,-0.09371794470127526,0.6994630749090612,-2.5982297688600813,2.559732282665753
10,catalog_quadratic_z_delta,LCDM fixed H0=70 Om=0.3,450,0.02512,0.98536,-0.21870854575394547,0.3302074065751529,0.25403703189330373,-0.12864946806879654,-0.13003681669610856,0.6994630749090612,-2.5982297688600813,2.559732282665753
10,raw_no_catalog_correction,STAM b=354.95 union-style,450,0.02512,0.98536,0.1377853856521136,0.20009275175082325,0.16371829134289098,0.19659638047377945,0.1635442046356239,,,
10,raw_no_catalog_correction,STAM b=461.3626922 original,450,0.02512,0.98536,0.12365579367904961,0.19080762261792328,0.15373798733379618,0.18280272810755885,0.14901562725490436,,,
10,raw_no_catalog_correction,STAM b=1335.412792 DES-style,450,0.02512,0.98536,0.010982676246490934,0.1478878704689668,0.11099161221739892,0.07272876853453182,0.03729229646938492,,,
10,raw_no_catalog_correction,LCDM fixed H0=70 Om=0.3,450,0.02512,0.98536,-0.0012817634502464668,0.14061901031872656,0.10679432410863453,0.04867769572185008,0.014535385047775407,,,
11,catalog_bin_median_delta,STAM b=354.95 union-style,450,0.02509,0.98158,-0.08544076807480502,0.28316423966587306,0.1920948345679681,0.008641688731914456,0.0173473229558887,,,
11,catalog_bin_median_delta,STAM b=461.3626922 original,450,0.02509,0.98158,-0.09967153588766132,0.2885047735383322,0.19466351287468664,-0.005155401441971274,0.0036731421091609207,,,
11,catalog_bin_median_delta,STAM b=1335.412792 DES-style,450,0.02509,0.98158,-0.213127226926997,0.3494254260736394,0.24985562909888487,-0.11525601084047529,-0.10907361731239362,,,
11,catalog_bin_median_delta,LCDM fixed H0=70 Om=0.3,450,0.02509,0.98158,-0.22167016066103537,0.3285837782117932,0.24801012085006155,-0.1392277525832186,-0.14298647819644117,,,
11,catalog_linear_z_delta,STAM b=354.95 union-style,450,0.02509,0.98158,-0.08666863003585429,0.24750097021684278,0.20157099914910626,0.017857469343821607,0.00016632405370131664,0.4837062432684133,-0.671765659099974,
11,catalog_linear_z_delta,STAM b=461.3626922 original,450,0.02509,0.98158,-0.10089939784871059,0.2538507178121028,0.20694277147732562,0.0040603791699358755,-0.013731006284253056,0.4837062432684133,-0.671765659099974,
11,catalog_linear_z_delta,STAM b=1335.412792 DES-style,450,0.02509,0.98158,-0.21435508888804625,0.3229992794533623,0.26934000788882156,-0.10604023022856814,-0.1209852301721952,0.4837062432684133,-0.671765659099974,
11,catalog_linear_z_delta,LCDM fixed H0=70 Om=0.3,450,0.02509,0.98158,-0.2228980226220846,0.3044628296408124,0.2629675240627781,-0.13001197197131142,-0.1598507693595792,0.4837062432684133,-0.671765659099974,
11,catalog_quadratic_z_delta,STAM b=354.95 union-style,450,0.02509,0.98158,-0.09308494465082508,0.28282479529507637,0.21676288681846106,0.013157887939671313,0.024727569024364016,0.6707813556824387,-2.4577006841704914,2.4249359144904723
11,catalog_quadratic_z_delta,STAM b=461.3626922 original,450,0.02509,0.98158,-0.10731571246368139,0.2886243671429781,0.2199303762784733,-0.0006392022342144167,0.010656914911145066,0.6707813556824387,-2.4577006841704914,2.4249359144904723
11,catalog_quadratic_z_delta,STAM b=1335.412792 DES-style,450,0.02509,0.98158,-0.22077140350301705,0.35247343978269874,0.26988280968617095,-0.11073981163271843,-0.10140228478593372,0.6707813556824387,-2.4577006841704914,2.4249359144904723
11,catalog_quadratic_z_delta,LCDM fixed H0=70 Om=0.3,450,0.02509,0.98158,-0.2293143372370554,0.3280544064423218,0.2634922426414065,-0.13471155337546173,-0.14103592647241925,0.6707813556824387,-2.4577006841704914,2.4249359144904723
11,raw_no_catalog_correction,STAM b=354.95 union-style,450,0.02509,0.98158,0.135216433821197,0.20254179110580833,0.16268523226608186,0.19104884428746904,0.15482357603492858,,,
11,raw_no_catalog_correction,STAM b=461.3626922 original,450,0.02509,0.98158,0.12098566600834071,0.19343182857456287,0.15398902841810222,0.17725175411358332,0.1413270786840677,,,
11,raw_no_catalog_correction,STAM b=1335.412792 DES-style,450,0.02509,0.98158,0.007529974969005044,0.15255935183639727,0.1157806730831294,0.0671511447150793,0.02429465293944233,,,
11,raw_no_catalog_correction,LCDM fixed H0=70 Om=0.3,450,0.02509,0.98158,-0.0010129587650333182,0.15140891523286776,0.11580062064655879,0.043179402972336,0.005047815155840851,,,
12,catalog_bin_median_delta,STAM b=354.95 union-style,450,0.0251,0.98536,-0.08464490577374677,0.2942206739401288,0.19877947226659426,0.00040932488228542573,0.010273663904477814,,,
12,catalog_bin_median_delta,STAM b=461.3626922 original,450,0.0251,0.98536,-0.09884580153735056,0.2992640686069774,0.20090717105012232,-0.013387614618158558,-0.003858203432073992,,,
12,catalog_bin_median_delta,STAM b=1335.412792 DES-style,450,0.0251,0.98536,-0.21207152420230163,0.35761717403221577,0.2496561655727899,-0.12348721985504238,-0.11395199863844496,,,
12,catalog_bin_median_delta,LCDM fixed H0=70 Om=0.3,450,0.0251,0.98536,-0.22252523145878858,0.3410699867947855,0.25345777678353687,-0.14757188659718715,-0.14225558144209316,,,
12,catalog_linear_z_delta,STAM b=354.95 union-style,450,0.0251,0.98536,-0.09338963452316212,0.25333682884636405,0.200616197809181,0.008844508977496541,-0.012710369246494935,0.46778513855706694,-0.6316651891926248,
12,catalog_linear_z_delta,STAM b=461.3626922 original,450,0.0251,0.98536,-0.1075905302867659,0.25989023968235486,0.2059924605659075,-0.004952430522947443,-0.025875732654899508,0.46778513855706694,-0.6316651891926248,
12,catalog_linear_z_delta,STAM b=1335.412792 DES-style,450,0.0251,0.98536,-0.22081625295171703,0.32985415789824846,0.27235917092962064,-0.11505203575983126,-0.1319058116235361,0.46778513855706694,-0.6316651891926248,
12,catalog_linear_z_delta,LCDM fixed H0=70 Om=0.3,450,0.0251,0.98536,-0.23126996020820395,0.3134271264929402,0.2693635310842847,-0.13913670250197602,-0.16989562587579954,0.46778513855706694,-0.6316651891926248,
12,catalog_quadratic_z_delta,STAM b=354.95 union-style,450,0.0251,0.98536,-0.09451122802534272,0.28274499866607633,0.21399714314072482,0.004205511766493054,0.015005350663667372,0.6456622191226145,-2.3297900987008147,2.3057076671614634
12,catalog_quadratic_z_delta,STAM b=461.3626922 original,450,0.0251,0.98536,-0.10871212378894651,0.2885921191922625,0.2167606220503616,-0.00959142773395093,0.0005353419343698818,0.6456622191226145,-2.3297900987008147,2.3057076671614634
12,catalog_quadratic_z_delta,STAM b=1335.412792 DES-style,450,0.0251,0.98536,-0.22193784645389758,0.3526605384829246,0.2670066533042556,-0.11969103297083475,-0.11316906637290103,0.6456622191226145,-2.3297900987008147,2.3057076671614634
12,catalog_quadratic_z_delta,LCDM fixed H0=70 Om=0.3,450,0.0251,0.98536,-0.23239155371038453,0.33048540281739175,0.26305798860248414,-0.1437756997129795,-0.1470093345788186,0.6456622191226145,-2.3297900987008147,2.3057076671614634
12,raw_no_catalog_correction,STAM b=354.95 union-style,450,0.0251,0.98536,0.125593258261358,0.20030707355963615,0.16051628231352666,0.1846676804378403,0.15274963707852507,,,
12,raw_no_catalog_correction,STAM b=461.3626922 original,450,0.0251,0.98536,0.11139236249775421,0.19193220590400947,0.15274196506339655,0.17087074093739635,0.13842545428365582,,,
12,raw_no_catalog_correction,STAM b=1335.412792 DES-style,450,0.0251,0.98536,-0.0018333601671968727,0.15871288446311843,0.12185880991436869,0.06077113570051251,0.02528682339699273,,,
12,raw_no_catalog_correction,LCDM fixed H0=70 Om=0.3,450,0.0251,0.98536,-0.012287067423683826,0.15317278185087851,0.11709594485756696,0.03668646895836776,0.0001477404565299878,,,
13,catalog_bin_median_delta,STAM b=354.95 union-style,450,0.02509,0.98536,-0.08894834120557396,0.2848518448220728,0.19778940376895202,0.004998201659883772,0.019902613151860038,,,
13,catalog_bin_median_delta,STAM b=461.3626922 original,450,0.02509,0.98536,-0.10321769490519402,0.2903808274599349,0.20002834296853514,-0.008800117847447003,0.005807396064273718,,,
13,catalog_bin_median_delta,STAM b=1335.412792 DES-style,450,0.02509,0.98536,-0.2169721711025119,0.35252075299922253,0.25199841430580733,-0.11891060817570855,-0.10349035270987983,,,
13,catalog_bin_median_delta,LCDM fixed H0=70 Om=0.3,450,0.02509,0.98536,-0.2243439254746612,0.33070205558108584,0.24911132935375377,-0.14311504555347476,-0.14042543172229927,,,
13,catalog_linear_z_delta,STAM b=354.95 union-style,450,0.02509,0.98536,-0.09346345149576223,0.25114639057734534,0.20646342170384205,0.012694728825428839,0.009531147929973116,0.49208931822448615,-0.6848950924447049,
13,catalog_linear_z_delta,STAM b=461.3626922 original,450,0.02509,0.98536,-0.1077328051953823,0.25782791716921927,0.21169880980058914,-0.0011035906819019362,-0.004364563422161183,0.49208931822448615,-0.6848950924447049,
13,catalog_linear_z_delta,STAM b=1335.412792 DES-style,450,0.02509,0.98536,-0.2214872813927002,0.32888779553014635,0.27277008033561556,-0.11121408101016347,-0.11324440916746781,0.49208931822448615,-0.6848950924447049,
13,catalog_linear_z_delta,LCDM fixed H0=70 Om=0.3,450,0.02509,0.98536,-0.22885903576484945,0.3094789563824644,0.26532378450605265,-0.1354185183879297,-0.15532866417311553,0.49208931822448615,-0.6848950924447049,
13,catalog_quadratic_z_delta,STAM b=354.95 union-style,450,0.02509,0.98536,-0.09884727476050077,0.28194724989755776,0.22039398341712282,0.009659333804221038,0.021590841892809465,0.6740385629625532,-2.4218954062207008,2.35849254604899
13,catalog_quadratic_z_delta,STAM b=461.3626922 original,450,0.02509,0.98536,-0.11311662846012087,0.2881038281070418,0.22370207345166926,-0.004138985703109736,0.007532383062638814,0.6740385629625532,-2.4218954062207008,2.35849254604899
13,catalog_quadratic_z_delta,STAM b=1335.412792 DES-style,450,0.02509,0.98536,-0.22687110465743876,0.35435149284485196,0.27362693498155083,-0.11424947603137127,-0.10432469417655454,0.6740385629625532,-2.4218954062207008,2.35849254604899
13,catalog_quadratic_z_delta,LCDM fixed H0=70 Om=0.3,450,0.02509,0.98536,-0.23424285902958794,0.3286742522674111,0.2656544372411151,-0.13845391340913749,-0.13485846141875157,0.6740385629625532,-2.4218954062207008,2.35849254604899
13,raw_no_catalog_correction,STAM b=354.95 union-style,450,0.02509,0.98536,0.1362370520229201,0.19964440434348624,0.1633994223191759,0.18852944610432676,0.16302354101114247,,,
13,raw_no_catalog_correction,STAM b=461.3626922 original,450,0.02509,0.98536,0.12196769832330001,0.19031210933048937,0.15432333708355012,0.174731126596996,0.14891463591080623,,,
13,raw_no_catalog_correction,STAM b=1335.412792 DES-style,450,0.02509,0.98536,0.008213222125982118,0.14798883312040123,0.11278401173890422,0.06462063626873446,0.03645121431335241,,,
13,raw_no_catalog_correction,LCDM fixed H0=70 Om=0.3,450,0.02509,0.98536,0.0008414677538328789,0.14697190801483706,0.11334867421949649,0.04041619889096824,0.011087007383530079,,,
14,catalog_bin_median_delta,STAM b=354.95 union-style,450,0.02519,0.98158,-0.09233184225415463,0.29217853330869,0.1983716725234284,-0.0074539515942436355,0.010519649630197137,,,
14,catalog_bin_median_delta,STAM b=461.3626922 original,450,0.02519,0.98158,-0.10656357323352024,0.2977577126189715,0.20130055920069284,-0.021239560690012635,-0.003719921557742367,,,
14,catalog_bin_median_delta,STAM b=1335.412792 DES-style,450,0.02519,0.98158,-0.22002624815800165,0.35974526617954233,0.25730416477655343,-0.13125115517651953,-0.11181365157502654,,,
14,catalog_bin_median_delta,LCDM fixed H0=70 Om=0.3,450,0.02519,0.98158,-0.22818049811447375,0.3371260142111377,0.2541212904506486,-0.15548057887458533,-0.14601566196796512,,,
14,catalog_linear_z_delta,STAM b=354.95 union-style,450,0.02519,0.98158,-0.0876579891469763,0.2539520765131652,0.20551925366220175,0.004560709389748167,0.0030949053455806563,0.493799437983888,-0.6919613408421811,
14,catalog_linear_z_delta,STAM b=461.3626922 original,450,0.02519,0.98158,-0.10188972012634194,0.2602681919738044,0.21043242828914846,-0.009224899706020832,-0.01012481369650331,0.493799437983888,-0.6919613408421811,
14,catalog_linear_z_delta,STAM b=1335.412792 DES-style,450,0.02519,0.98158,-0.21535239505082335,0.3288415271210924,0.27166705847561856,-0.11923649419252773,-0.11790256303311608,0.493799437983888,-0.6919613408421811,
14,catalog_linear_z_delta,LCDM fixed H0=70 Om=0.3,450,0.02519,0.98158,-0.2235066450072954,0.3084615375709006,0.2644899007446712,-0.14346591789059351,-0.160888482783065,0.493799437983888,-0.6919613408421811,
14,catalog_quadratic_z_delta,STAM b=354.95 union-style,450,0.02519,0.98158,-0.09659309597289392,0.28969970203914563,0.22245696551303515,-0.0014470788654565405,0.013521397112850053,0.6839881606612089,-2.5076208201807346,2.4652956676065436
14,catalog_quadratic_z_delta,STAM b=461.3626922 original,450,0.02519,0.98158,-0.11082482695225959,0.29558593454092674,0.22555762491095488,-0.01523268796122554,-0.0007118120205653611,0.6839881606612089,-2.5076208201807346,2.4652956676065436
14,catalog_quadratic_z_delta,STAM b=1335.412792 DES-style,450,0.02519,0.98158,-0.22428750187674104,0.3596455430966824,0.2759442152600909,-0.12524428244773245,-0.11085259603241227,0.6839881606612089,-2.5076208201807346,2.4652956676065436
14,catalog_quadratic_z_delta,LCDM fixed H0=70 Om=0.3,450,0.02519,0.98158,-0.23244175183321306,0.3337428078553325,0.26808071606230144,-0.14947370614579822,-0.14746146827789985,0.6839881606612089,-2.5076208201807346,2.4652956676065436
14,raw_no_catalog_correction,STAM b=354.95 union-style,450,0.02519,0.98158,0.13630008515452535,0.2012975356100348,0.16108668098301535,0.1770596928502009,0.1584395235900331,,,
14,raw_no_catalog_correction,STAM b=461.3626922 original,450,0.02519,0.98158,0.12206835417515968,0.19208481495781374,0.1520102736115049,0.1632740837544319,0.14455861078970855,,,
14,raw_no_catalog_correction,STAM b=1335.412792 DES-style,450,0.02519,0.98158,0.00860567925067829,0.15040468519616815,0.11598135913484396,0.053262489267925005,0.033026315810104734,,,
14,raw_no_catalog_correction,LCDM fixed H0=70 Om=0.3,450,0.02519,0.98158,0.00045142929420623353,0.14729658906864448,0.11388261187164037,0.02903306556985923,0.00719191643963768,,,
15,catalog_bin_median_delta,STAM b=354.95 union-style,450,0.02557,0.99268,-0.09883535255543294,0.29220827898460433,0.2000927132738535,-0.0210213086618144,-0.01034716296190652,,,
15,catalog_bin_median_delta,STAM b=461.3626922 original,450,0.02557,0.99268,-0.11311598834723023,0.29804355108286673,0.20336620240462108,-0.03481921182454109,-0.02405466797539546,,,
15,catalog_bin_median_delta,STAM b=1335.412792 DES-style,450,0.02557,0.99268,-0.22695739180317173,0.36181614994488426,0.2579055434782691,-0.14492629346896396,-0.132994795505482,,,
15,catalog_bin_median_delta,LCDM fixed H0=70 Om=0.3,450,0.02557,0.99268,-0.23365633838674124,0.3407932460703234,0.25588088913181206,-0.16899672244781042,-0.16386099833387746,,,
15,catalog_linear_z_delta,STAM b=354.95 union-style,450,0.02557,0.99268,-0.10022437150898289,0.24742053405436124,0.203433195173498,-0.010196035068780718,-0.03147578101486914,0.4813028487816579,-0.6599776439707041,
15,catalog_linear_z_delta,STAM b=461.3626922 original,450,0.02557,0.99268,-0.11450500730078016,0.2545498689213164,0.20950234935056275,-0.02399393823150741,-0.04494511058956974,0.4813028487816579,-0.6599776439707041,
15,catalog_linear_z_delta,STAM b=1335.412792 DES-style,450,0.02557,0.99268,-0.22834641075672174,0.3285327296840585,0.2747745933848595,-0.1341010198759303,-0.1473959445131534,0.4813028487816579,-0.6599776439707041,
15,catalog_linear_z_delta,LCDM fixed H0=70 Om=0.3,450,0.02557,0.99268,-0.23504535734029125,0.3092431800576173,0.26758856245988866,-0.15817144885477671,-0.18357727694734294,0.4813028487816579,-0.6599776439707041,
15,catalog_quadratic_z_delta,STAM b=354.95 union-style,450,0.02557,0.99268,-0.10766389263453895,0.284666958681102,0.2187697893323017,-0.014695358861468924,0.008033643309317995,0.6678190244865558,-2.44057671262913,2.4176907727802774
15,catalog_quadratic_z_delta,STAM b=461.3626922 original,450,0.02557,0.99268,-0.1219445284263362,0.2911676615069201,0.2222402312065611,-0.028493262024195616,-0.005948478595335871,0.6678190244865558,-2.44057671262913,2.4176907727802774
15,catalog_quadratic_z_delta,STAM b=1335.412792 DES-style,450,0.02557,0.99268,-0.23578593188227773,0.359487273122347,0.2778923690717533,-0.13860034366861848,-0.11768383915719127,0.6678190244865558,-2.44057671262913,2.4176907727802774
15,catalog_quadratic_z_delta,LCDM fixed H0=70 Om=0.3,450,0.02557,0.99268,-0.2424848784658472,0.33434605599733774,0.2695784476094267,-0.16267077264746496,-0.15712017760792207,0.6678190244865558,-2.44057671262913,2.4176907727802774
15,raw_no_catalog_correction,STAM b=354.95 union-style,450,0.02557,0.99268,0.12928619537651725,0.1938688056803475,0.15375507811865743,0.16618973578262947,0.13851650692479467,,,
15,raw_no_catalog_correction,STAM b=461.3626922 original,450,0.02557,0.99268,0.11500555958472002,0.18475765426167712,0.1447812544634979,0.1523918326199028,0.12398948578041313,,,
15,raw_no_catalog_correction,STAM b=1335.412792 DES-style,450,0.02557,0.99268,0.001164156128778466,0.146129434796725,0.11649564958194446,0.042284750975479915,0.00796460419478251,,,
15,raw_no_catalog_correction,LCDM fixed H0=70 Om=0.3,450,0.02557,0.99268,-0.005534790454791061,0.14517524966408557,0.11598915678515952,0.018214321996633455,-0.007967166482746535,,,
16,catalog_bin_median_delta,STAM b=354.95 union-style,450,0.0251,0.98024,-0.11823767913596264,0.2935701098437486,0.19822791000288667,-0.01807740097643585,-0.010614457397490895,,,
16,catalog_bin_median_delta,STAM b=461.3626922 original,450,0.0251,0.98024,-0.13245460611698712,0.3003331664406291,0.20279024019828248,-0.03186917415180302,-0.024581086454873002,,,
16,catalog_bin_median_delta,STAM b=1335.412792 DES-style,450,0.0251,0.98024,-0.2458036890198989,0.3697420947443639,0.27048827131123465,-0.1419288840255477,-0.13867560236475995,,,
16,catalog_bin_median_delta,LCDM fixed H0=70 Om=0.3,450,0.0251,0.98024,-0.25520904883029666,0.35053804303489494,0.2718324176205115,-0.16627046866102585,-0.16861304379707676,,,
16,catalog_linear_z_delta,STAM b=354.95 union-style,450,0.0251,0.98024,-0.12095773762793095,0.2665069173748243,0.21240918453629423,-0.008842280844389623,-0.038066527068949085,0.4998166444927756,-0.689592694406237,
16,catalog_linear_z_delta,STAM b=461.3626922 original,450,0.0251,0.98024,-0.13517466460895547,0.27427646730593946,0.21862510415915656,-0.022634054019756794,-0.05116889727770513,0.4998166444927756,-0.689592694406237,
16,catalog_linear_z_delta,STAM b=1335.412792 DES-style,450,0.0251,0.98024,-0.24852374751186723,0.3509896022625669,0.2886796098184791,-0.1326937638935015,-0.15430414122874936,0.4998166444927756,-0.689592694406237,
16,catalog_linear_z_delta,LCDM fixed H0=70 Om=0.3,450,0.0251,0.98024,-0.25792910732226493,0.3329685705120882,0.28669128928823484,-0.1570353485289796,-0.2004167521790663,0.4998166444927756,-0.689592694406237,
16,catalog_quadratic_z_delta,STAM b=354.95 union-style,450,0.0251,0.98024,-0.12365432670421496,0.292925621993393,0.21630809494790243,-0.01195460874463423,0.004505184604838064,0.6852534449579494,-2.459887377724773,2.403699516806976
16,catalog_quadratic_z_delta,STAM b=461.3626922 original,450,0.0251,0.98024,-0.13787125368523945,0.3000903499922057,0.2207654299153755,-0.0257463819200014,-0.008780765754288211,0.6852534449579494,-2.459887377724773,2.403699516806976
16,catalog_quadratic_z_delta,STAM b=1335.412792 DES-style,450,0.0251,0.98024,-0.25122033658815124,0.37201556573325206,0.28210044350491364,-0.1358060917937461,-0.11596740510796266,0.6852534449579494,-2.459887377724773,2.403699516806976
16,catalog_quadratic_z_delta,LCDM fixed H0=70 Om=0.3,450,0.0251,0.98024,-0.26062569639854893,0.34835694972221803,0.2808951285593821,-0.16014767642922423,-0.16021144245338093,0.6852534449579494,-2.459887377724773,2.403699516806976
16,raw_no_catalog_correction,STAM b=354.95 union-style,450,0.0251,0.98024,0.10881667614827338,0.1764758644600367,0.14027884450911143,0.17175202124578576,0.1306765173157558,,,
16,raw_no_catalog_correction,STAM b=461.3626922 original,450,0.0251,0.98024,0.09459974916724886,0.16832824066790428,0.13264162361265053,0.1579602480704186,0.11626805484347358,,,
16,raw_no_catalog_correction,STAM b=1335.412792 DES-style,450,0.0251,0.98024,-0.018749333735662902,0.14322746493166352,0.10910652137842985,0.04790053819667392,0.00665187784834842,,,
16,raw_no_catalog_correction,LCDM fixed H0=70 Om=0.3,450,0.0251,0.98024,-0.028154693546060615,0.13897550290560845,0.10762374786903973,0.02355895356119578,-0.010333750220141269,,,
17,catalog_bin_median_delta,STAM b=354.95 union-style,450,0.02509,0.98536,-0.1038960946243352,0.325093892579142,0.21585931921559204,-0.001831269659805091,0.008864987776899369,,,
17,catalog_bin_median_delta,STAM b=461.3626922 original,450,0.02509,0.98536,-0.11812622494177956,0.3306714169820794,0.21834457950208136,-0.015619827534607016,-0.005496305744927099,,,
17,catalog_bin_median_delta,STAM b=1335.412792 DES-style,450,0.02509,0.98536,-0.23157825712741298,0.3911526409577935,0.2698924007298547,-0.12565409107541042,-0.113331708179917,,,
17,catalog_bin_median_delta,LCDM fixed H0=70 Om=0.3,450,0.02509,0.98536,-0.24110474973763601,0.3688218167619544,0.26842286267438625,-0.14966582738831172,-0.1476394323500294,,,
17,catalog_linear_z_delta,STAM b=354.95 union-style,450,0.02509,0.98536,-0.10678147697464616,0.2788125052482282,0.2225804655148069,0.010347935610929872,-0.01883062236849753,0.5114444233729128,-0.7273169180220311,
17,catalog_linear_z_delta,STAM b=461.3626922 original,450,0.02509,0.98536,-0.12101160729209051,0.28560224581501314,0.22850203463512603,-0.003440622263872055,-0.031565077933031205,0.5114444233729128,-0.7273169180220311,
17,catalog_linear_z_delta,STAM b=1335.412792 DES-style,450,0.02509,0.98536,-0.23446363947772397,0.355815119190368,0.28970713348577853,-0.11347488580467548,-0.13929363492448488,0.5114444233729128,-0.7273169180220311,
17,catalog_linear_z_delta,LCDM fixed H0=70 Om=0.3,450,0.02509,0.98536,-0.24399013208794698,0.3353961832313117,0.28359317234374554,-0.13748662211757676,-0.17826327448153734,0.5114444233729128,-0.7273169180220311,
17,catalog_quadratic_z_delta,STAM b=354.95 union-style,450,0.02509,0.98536,-0.10702848153792756,0.31805734072580405,0.23720082948296592,0.002992167835107911,0.02256215441280318,0.7113798068358383,-2.6360240649518167,2.5916354435413593
17,catalog_quadratic_z_delta,STAM b=461.3626922 original,450,0.02509,0.98536,-0.12125861185537193,0.32396407057021853,0.23976558168545029,-0.010796390039694015,0.009142363126549924,0.7113798068358383,-2.6360240649518167,2.5916354435413593
17,catalog_quadratic_z_delta,STAM b=1335.412792 DES-style,450,0.02509,0.98536,-0.23471064404100536,0.3868737795235184,0.28723781342226873,-0.12083065358049744,-0.10157290700808375,0.7113798068358383,-2.6360240649518167,2.5916354435413593
17,catalog_quadratic_z_delta,LCDM fixed H0=70 Om=0.3,450,0.02509,0.98536,-0.24423713665122837,0.36060377992774134,0.28106583847490607,-0.1448423898933987,-0.14540813228941118,0.7113798068358383,-2.6360240649518167,2.5916354435413593
17,raw_no_catalog_correction,STAM b=354.95 union-style,450,0.02509,0.98536,0.12184246506014981,0.19954852387921415,0.15876038749516125,0.1843356858957489,0.1389742437970476,,,
17,raw_no_catalog_correction,STAM b=461.3626922 original,450,0.02509,0.98536,0.10761233474270544,0.19144469517426,0.1512680711685824,0.17054712802094696,0.12460103519325827,,,
17,raw_no_catalog_correction,STAM b=1335.412792 DES-style,450,0.02509,0.98536,-0.0058396974429279665,0.16120284289496747,0.12425348135927414,0.06051286448014355,0.012886570341763104,,,
17,raw_no_catalog_correction,LCDM fixed H0=70 Om=0.3,450,0.02509,0.98536,-0.015366190053150998,0.1524648953135663,0.11666537712092523,0.03650112816724227,-0.006212064271259976,,,
18,catalog_bin_median_delta,STAM b=354.95 union-style,450,0.02509,0.98158,-0.08105978591485097,0.30063553945074895,0.20736081345445453,0.011176768369098526,0.010839924416583102,,,
18,catalog_bin_median_delta,STAM b=461.3626922 original,450,0.02509,0.98158,-0.09534769142369023,0.30550977221761716,0.20879191054915708,-0.0026162569239979267,-0.001925912396078644,,,
18,catalog_bin_median_delta,STAM b=1335.412792 DES-style,450,0.02509,0.98158,-0.209245815144428,0.36266060315670196,0.25323096105995674,-0.11268552534044601,-0.11452291979002283,,,
18,catalog_bin_median_delta,LCDM fixed H0=70 Om=0.3,450,0.02509,0.98158,-0.21604856682265355,0.34207217766076187,0.25283294675379764,-0.13687278373872663,-0.14470938531593447,,,
18,catalog_linear_z_delta,STAM b=354.95 union-style,450,0.02509,0.98158,-0.0901093130438742,0.25769204496591475,0.21420401288047342,0.019505678202395984,-0.01014119641603628,0.46665769219877307,-0.6459954734434583,
18,catalog_linear_z_delta,STAM b=461.3626922 original,450,0.02509,0.98158,-0.10439721855271347,0.2640603330542743,0.21991229415913774,0.005712652909299531,-0.023290500533544645,0.46665769219877307,-0.6459954734434583,
18,catalog_linear_z_delta,STAM b=1335.412792 DES-style,450,0.02509,0.98158,-0.21829534227345126,0.3329123203564409,0.27960393777039516,-0.10435661550714856,-0.13360010718119852,0.46665769219877307,-0.6459954734434583,
18,catalog_linear_z_delta,LCDM fixed H0=70 Om=0.3,450,0.02509,0.98158,-0.2250980939516768,0.3127786300656945,0.2705492326541644,-0.12854387390542918,-0.17176362178811289,0.46665769219877307,-0.6459954734434583,
18,catalog_quadratic_z_delta,STAM b=354.95 union-style,450,0.02509,0.98158,-0.09492479584788195,0.2826576165776659,0.21962658696580503,0.01491002035461114,0.009068763353248244,0.6464240444152428,-2.362156541635266,2.3301970961369816
18,catalog_quadratic_z_delta,STAM b=461.3626922 original,450,0.02509,0.98158,-0.1092127013567212,0.28864669233877055,0.22313865857540136,0.0011169950615146876,-0.004717284317354853,0.6464240444152428,-2.362156541635266,2.3301970961369816
18,catalog_quadratic_z_delta,STAM b=1335.412792 DES-style,450,0.02509,0.98158,-0.22311082507745897,0.3538486407277868,0.2763423963522454,-0.1089522733549334,-0.11651045183313613,0.6464240444152428,-2.362156541635266,2.3301970961369816
18,catalog_quadratic_z_delta,LCDM fixed H0=70 Om=0.3,450,0.02509,0.98158,-0.22991357675568455,0.3275119694442103,0.2671772621590295,-0.13313953175321402,-0.15293200637957227,0.6464240444152428,-2.362156541635266,2.3301970961369816
18,raw_no_catalog_correction,STAM b=354.95 union-style,450,0.02509,0.98158,0.13112521300900173,0.20278951188565209,0.16109540763475175,0.1871443683690975,0.14768777038461067,,,
18,raw_no_catalog_correction,STAM b=461.3626922 original,450,0.02509,0.98158,0.11683730750016243,0.1940815013940652,0.15202574669800376,0.17335134307600109,0.1335374080068128,,,
18,raw_no_catalog_correction,STAM b=1335.412792 DES-style,450,0.02509,0.98158,0.00293918377942468,0.15760374309076902,0.11963966322859304,0.06328207465955299,0.019511687536255096,,,
18,raw_no_catalog_correction,LCDM fixed H0=70 Om=0.3,450,0.02509,0.98158,-0.003863567898800889,0.1532675243082405,0.11766875357679948,0.039094816261272376,0.004638445298652982,,,
19,catalog_bin_median_delta,STAM b=354.95 union-style,450,0.02517,0.96689,-0.11701907686700944,0.31592943547276325,0.21866982346782024,-0.018639049972004263,-0.007256242285841097,,,
19,catalog_bin_median_delta,STAM b=461.3626922 original,450,0.02517,0.96689,-0.13125623319683546,0.3222264198799201,0.22243640173921583,-0.03243418955782079,-0.0213268315884676,,,
19,catalog_bin_median_delta,STAM b=1335.412792 DES-style,450,0.02517,0.96689,-0.2447620943891274,0.3877925287022654,0.27669875432333174,-0.14251994703295653,-0.12995564332655007,,,
19,catalog_bin_median_delta,LCDM fixed H0=70 Om=0.3,450,0.02517,0.96689,-0.25365955698171255,0.3657512677868929,0.2755160672222786,-0.16674761535256474,-0.1644285780311776,,,
19,catalog_linear_z_delta,STAM b=354.95 union-style,450,0.02517,0.96689,-0.11384328868441558,0.2704248829565174,0.21872955326252477,-0.005303687264625125,-0.027389616466464872,0.5080094105538095,-0.7121989355636384,
19,catalog_linear_z_delta,STAM b=461.3626922 original,450,0.02517,0.96689,-0.1280804450142416,0.2777422238956253,0.22472442736295825,-0.019098826850441654,-0.04073954522416656,0.5080094105538095,-0.7121989355636384,
19,catalog_linear_z_delta,STAM b=1335.412792 DES-style,450,0.02517,0.96689,-0.24158630620653354,0.3516019649399865,0.28900576590259086,-0.1291845843255774,-0.14771412599452916,0.5080094105538095,-0.7121989355636384,
19,catalog_linear_z_delta,LCDM fixed H0=70 Om=0.3,450,0.02517,0.96689,-0.25048376879911866,0.33175330560333216,0.28408742654142943,-0.1534122526451856,-0.18518084979423577,0.5080094105538095,-0.7121989355636384,
19,catalog_quadratic_z_delta,STAM b=354.95 union-style,450,0.02517,0.96689,-0.11561300041612635,0.31147001522074413,0.23308889702347177,-0.008593591195066131,0.013318587662485726,0.7104864934383773,-2.6451707212352487,2.6245818795041482
19,catalog_quadratic_z_delta,STAM b=461.3626922 original,450,0.02517,0.96689,-0.12985015674595243,0.3178760186920659,0.2360355884865209,-0.02238873078088266,-0.000591328760037868,0.7104864934383773,-2.6451707212352487,2.6245818795041482
19,catalog_quadratic_z_delta,STAM b=1335.412792 DES-style,450,0.02517,0.96689,-0.2433560179382443,0.384303818822042,0.2888961522359792,-0.1324744882560184,-0.11216267677518843,0.7104864934383773,-2.6451707212352487,2.6245818795041482
19,catalog_quadratic_z_delta,LCDM fixed H0=70 Om=0.3,450,0.02517,0.96689,-0.2522534805308295,0.3581524834270307,0.28276745351394017,-0.1567021565756266,-0.14893341047350006,0.7104864934383773,-2.6451707212352487,2.6245818795041482
19,raw_no_catalog_correction,STAM b=354.95 union-style,450,0.02517,0.96689,0.11783163857710952,0.19032421882707756,0.15133776109994518,0.17342872780577365,0.1358866461965249,,,
19,raw_no_catalog_correction,STAM b=461.3626922 original,450,0.02517,0.96689,0.10359448224728346,0.1820621315885234,0.14372476899163658,0.15963358821995713,0.12125683665790277,,,
19,raw_no_catalog_correction,STAM b=1335.412792 DES-style,450,0.02517,0.96689,-0.009911378945008468,0.15243405309289168,0.12095986758530856,0.0495478307448214,0.008542459691742721,,,
19,raw_no_catalog_correction,LCDM fixed H0=70 Om=0.3,450,0.02517,0.96689,-0.018808841537593626,0.14668933558253563,0.11724973766563462,0.025320162425213177,-0.006336493356002393,,,
20,catalog_bin_median_delta,STAM b=354.95 union-style,450,0.02517,0.97489,-0.07525372234127711,0.27992516698461,0.189657996868521,0.023679374900214517,0.02380210933348792,,,
20,catalog_bin_median_delta,STAM b=461.3626922 original,450,0.02517,0.97489,-0.08939401727332545,0.28474909155170625,0.19160245204297183,0.009886155929628129,0.008919335668874595,,,
20,catalog_bin_median_delta,STAM b=1335.412792 DES-style,450,0.02517,0.97489,-0.2021498419790708,0.3422698539477851,0.23840306395307487,-0.10018458770953369,-0.10247652432408216,,,
20,catalog_bin_median_delta,LCDM fixed H0=70 Om=0.3,450,0.02517,0.97489,-0.21396739098484846,0.3246756048050947,0.2407781537764898,-0.12435008758994034,-0.12813413121639172,,,
20,catalog_linear_z_delta,STAM b=354.95 union-style,450,0.02517,0.97489,-0.07606497984933536,0.24286614264134607,0.19420503078532855,0.032008926283840076,0.004630374771227963,0.47392813097536685,-0.6552646526056859,
20,catalog_linear_z_delta,STAM b=461.3626922 original,450,0.02517,0.97489,-0.09020527478138372,0.24870501396192132,0.19849296400911726,0.01821570731325369,-0.009080381986620978,0.47392813097536685,-0.6552646526056859,
20,catalog_linear_z_delta,STAM b=1335.412792 DES-style,450,0.02517,0.97489,-0.20296109948712904,0.314746485131273,0.2548944009677345,-0.09185503632590812,-0.11724309578770331,0.47392813097536685,-0.6552646526056859,
20,catalog_linear_z_delta,LCDM fixed H0=70 Om=0.3,450,0.02517,0.97489,-0.2147786484929067,0.2975828356648948,0.25231642010831545,-0.11602053620631479,-0.1565035334390572,0.47392813097536685,-0.6552646526056859,
20,catalog_quadratic_z_delta,STAM b=354.95 union-style,450,0.02517,0.97489,-0.08099324963664986,0.2712468588427913,0.2043386465743984,0.027358062200914,0.02087082064811341,0.6576893365148087,-2.409563067756426,2.3819798435638924
20,catalog_quadratic_z_delta,STAM b=461.3626922 original,450,0.02517,0.97489,-0.09513354456869823,0.2766323740883054,0.2073254486614729,0.013564843230327613,0.0067008864177360294,0.6576893365148087,-2.409563067756426,2.3819798435638924
20,catalog_quadratic_z_delta,STAM b=1335.412792 DES-style,450,0.02517,0.97489,-0.20788936927444354,0.3382058381946434,0.2546325311844285,-0.0965059004088342,-0.10490236941896214,0.6576893365148087,-2.409563067756426,2.3819798435638924
20,catalog_quadratic_z_delta,LCDM fixed H0=70 Om=0.3,450,0.02517,0.97489,-0.2197069182802212,0.31564970164978196,0.2504281472185274,-0.12067140028924087,-0.14313050790322634,0.6576893365148087,-2.409563067756426,2.3819798435638924
20,raw_no_catalog_correction,STAM b=354.95 union-style,450,0.02517,0.97489,0.13263106101248562,0.1963900050307096,0.1585326833525664,0.20264530823354854,0.15232963920297493,,,
20,raw_no_catalog_correction,STAM b=461.3626922 original,450,0.02517,0.97489,0.11849076608043731,0.18731136889063427,0.14930921123608332,0.1888520892629621,0.13822387522912294,,,
20,raw_no_catalog_correction,STAM b=1335.412792 DES-style,450,0.02517,0.97489,0.005734941374691977,0.14743311101258372,0.11060246919360969,0.0787813456238003,0.023180616318104086,,,
20,raw_no_catalog_correction,LCDM fixed H0=70 Om=0.3,450,0.02517,0.97489,-0.006082607631085679,0.14277243727801942,0.10945042108277919,0.05461584574339364,0.01656509855278898,,,
21,catalog_bin_median_delta,STAM b=354.95 union-style,450,0.0251,0.96859,-0.07455803399365847,0.29947135071331676,0.2037783907663096,0.00761314703831371,0.01652399376825997,,,
21,catalog_bin_median_delta,STAM b=461.3626922 original,450,0.0251,0.96859,-0.08880888693317329,0.30397428566812446,0.20456792769756554,-0.006182503796292672,0.003184316426320777,,,
21,catalog_bin_median_delta,STAM b=1335.412792 DES-style,450,0.0251,0.96859,-0.2024209952779645,0.358647978442025,0.24683646756134303,-0.1162721711658268,-0.10565717010070941,,,
21,catalog_bin_median_delta,LCDM fixed H0=70 Om=0.3,450,0.0251,0.96859,-0.21101628684697554,0.33848327609403256,0.24882071555631743,-0.14043419226126014,-0.1435857731656469,,,
21,catalog_linear_z_delta,STAM b=354.95 union-style,450,0.0251,0.96859,-0.08377442034396276,0.2381366253604282,0.18798543241946705,0.015642438113242573,-0.005806195801500991,0.4627055659422377,-0.6312923917718989,
21,catalog_linear_z_delta,STAM b=461.3626922 original,450,0.0251,0.96859,-0.0980252732834776,0.24452931352006657,0.19355326218260815,0.0018467872786361915,-0.019421934535404972,0.4627055659422377,-0.6312923917718989,
21,catalog_linear_z_delta,STAM b=1335.412792 DES-style,450,0.0251,0.96859,-0.21163738162826878,0.3145490706649066,0.2592856831448169,-0.10824288009089794,-0.12466973009329863,0.4627055659422377,-0.6312923917718989,
21,catalog_linear_z_delta,LCDM fixed H0=70 Om=0.3,450,0.0251,0.96859,-0.2202326731972798,0.29488947147763694,0.2544779861707722,-0.13240490118633128,-0.16562877907534457,0.4627055659422377,-0.6312923917718989,
21,catalog_quadratic_z_delta,STAM b=354.95 union-style,450,0.0251,0.96859,-0.085897940323889,0.28159780255933653,0.2134132582551304,0.011542543518239622,0.02447166773358589,0.6465230230354485,-2.3861278191355115,2.3827089967431703
21,catalog_quadratic_z_delta,STAM b=461.3626922 original,450,0.0251,0.96859,-0.10014879326340387,0.28704313532621006,0.2160794261966437,-0.0022531073163667595,0.011816756253924865,0.6465230230354485,-2.3861278191355115,2.3827089967431703
21,catalog_quadratic_z_delta,STAM b=1335.412792 DES-style,450,0.0251,0.96859,-0.21376090160819505,0.34875518516921655,0.2614667274653661,-0.11234277468590088,-0.09812665976245327,0.6465230230354485,-2.3861278191355115,2.3827089967431703
21,catalog_quadratic_z_delta,LCDM fixed H0=70 Om=0.3,450,0.0251,0.96859,-0.22235619317720612,0.32373392307887694,0.25596095884479303,-0.1365047957813342,-0.13625222197506304,0.6465230230354485,-2.3861278191355115,2.3827089967431703
21,raw_no_catalog_correction,STAM b=354.95 union-style,450,0.0251,0.96859,0.1354813832201609,0.1985385118937785,0.15760135471668385,0.1864643692605357,0.15448376674066466,,,
21,raw_no_catalog_correction,STAM b=461.3626922 original,450,0.0251,0.96859,0.12123053028064608,0.1892587089262767,0.14817362945648974,0.1726687184259293,0.14061278656367548,,,
21,raw_no_catalog_correction,STAM b=1335.412792 DES-style,450,0.0251,0.96859,0.00761842193585488,0.14757096658398094,0.11327238316061058,0.06257905105639516,0.028663864129683247,,,
21,raw_no_catalog_correction,LCDM fixed H0=70 Om=0.3,450,0.0251,0.96859,-0.0009768696331561532,0.14064005983597244,0.10640463088276464,0.038417029960961836,0.005260780366239004,,,
22,catalog_bin_median_delta,STAM b=354.95 union-style,450,0.02509,0.99268,-0.06740116715114045,0.2803714801842781,0.1907979526998902,0.008581698311197749,0.019771028368158028,,,
22,catalog_bin_median_delta,STAM b=461.3626922 original,450,0.02509,0.99268,-0.08154625742186453,0.2846929976870477,0.1917965972293215,-0.005207900313204053,0.005670545977011443,,,
22,catalog_bin_median_delta,STAM b=1335.412792 DES-style,450,0.02509,0.99268,-0.19433917254080418,0.3389566166659393,0.22985325260487754,-0.11525035898323352,-0.10568149978693242,,,
22,catalog_bin_median_delta,LCDM fixed H0=70 Om=0.3,450,0.02509,0.99268,-0.20596213719011847,0.32374035130606393,0.23833313503253567,-0.1393240861789277,-0.13629506716585738,,,
22,catalog_linear_z_delta,STAM b=354.95 union-style,450,0.02509,0.99268,-0.06974170390171522,0.2248192108687484,0.17763898038699072,0.018690782969949866,0.0013173382093221164,0.46302048317504596,-0.6460074153854937,
22,catalog_linear_z_delta,STAM b=461.3626922 original,450,0.02509,0.99268,-0.08388679417243929,0.23061912333674708,0.18220015250361354,0.004901184345548065,-0.012321319918438434,0.46302048317504596,-0.6460074153854937,
22,catalog_linear_z_delta,STAM b=1335.412792 DES-style,450,0.02509,0.99268,-0.1966797092913789,0.297647248361221,0.24164109160505465,-0.1051412743244814,-0.12032152208487545,0.46302048317504596,-0.6460074153854937,
22,catalog_linear_z_delta,LCDM fixed H0=70 Om=0.3,450,0.02509,0.99268,-0.20830267394069327,0.28193080725040964,0.23996368136225343,-0.12921500152017557,-0.16170725790631835,0.46302048317504596,-0.6460074153854937,
22,catalog_quadratic_z_delta,STAM b=354.95 union-style,450,0.02509,0.99268,-0.07619169791130419,0.26430547732790044,0.20052853978501384,0.011681248403841158,0.02650387012822364,0.6498911024193011,-2.4299902218547893,2.4222851993566157
22,catalog_quadratic_z_delta,STAM b=461.3626922 original,450,0.02509,0.99268,-0.0903367881820283,0.26944478159580876,0.20299954161833525,-0.002108350220560643,0.01255457096899093,0.6498911024193011,-2.4299902218547893,2.4222851993566157
22,catalog_quadratic_z_delta,STAM b=1335.412792 DES-style,450,0.02509,0.99268,-0.20312970330096786,0.3298921548595225,0.2468631197419007,-0.11215080889059012,-0.09443761375801074,0.6498911024193011,-2.4299902218547893,2.4222851993566157
22,catalog_quadratic_z_delta,LCDM fixed H0=70 Om=0.3,450,0.02509,0.99268,-0.2147526679502822,0.30875368662154024,0.2434440522241379,-0.1362245360862843,-0.13231393203500375,0.6498911024193011,-2.4299902218547893,2.4222851993566157
22,raw_no_catalog_correction,STAM b=354.95 union-style,450,0.02509,0.99268,0.13224136072307077,0.19203779974933435,0.15762904080080248,0.18212785386675331,0.1549236694811995,,,
22,raw_no_catalog_correction,STAM b=461.3626922 original,450,0.02509,0.99268,0.11809627045234668,0.18264169809202177,0.1487480405595765,0.1683382552423515,0.14123188905244177,,,
22,raw_no_catalog_correction,STAM b=1335.412792 DES-style,450,0.02509,0.99268,0.005303355333407055,0.14047822756491793,0.10915581128812142,0.058295796572322034,0.029713641641048838,,,
22,raw_no_catalog_correction,LCDM fixed H0=70 Om=0.3,450,0.02509,0.99268,-0.006319609315907292,0.13994963990854706,0.11143357500932234,0.03422206937662786,0.00291577973653645,,,
23,catalog_bin_median_delta,STAM b=354.95 union-style,450,0.02534,0.92838,-0.10542647675047465,0.30442336167182227,0.2129548807651335,-0.01771769759818069,0.005505611688505496,,,
23,catalog_bin_median_delta,STAM b=461.3626922 original,450,0.02534,0.92838,-0.11966196639646344,0.31034418398076474,0.21573180926657456,-0.031512042362700186,-0.009882639022020356,,,
23,catalog_bin_median_delta,STAM b=1335.412792 DES-style,450,0.02534,0.92838,-0.23315539812272193,0.3739727327076635,0.2678911311950332,-0.14159176012920702,-0.12284225657722203,,,
23,catalog_bin_median_delta,LCDM fixed H0=70 Om=0.3,450,0.02534,0.92838,-0.24245906870220457,0.35390505861315696,0.26671920704027996,-0.16592972371014125,-0.15226426387951975,,,
23,catalog_linear_z_delta,STAM b=354.95 union-style,450,0.02534,0.92838,-0.09619925154720389,0.24910762652371396,0.2032631592342985,-0.004489212409660834,-0.028583525529363385,0.4694663920861845,-0.6434535980726056,
23,catalog_linear_z_delta,STAM b=461.3626922 original,450,0.02534,0.92838,-0.11043474119319269,0.25588939058253607,0.20905551018425914,-0.01828355717418033,-0.04214979544610742,0.4694663920861845,-0.6434535980726056,
23,catalog_linear_z_delta,STAM b=1335.412792 DES-style,450,0.02534,0.92838,-0.22392817291945116,0.32757113546529343,0.2747870228374224,-0.12836327494068717,-0.14957424333034197,0.4694663920861845,-0.6434535980726056,
23,catalog_linear_z_delta,LCDM fixed H0=70 Om=0.3,450,0.02534,0.92838,-0.2332318434989338,0.3111190194182917,0.2695378956278107,-0.15270123852162137,-0.1920566166446136,0.4694663920861845,-0.6434535980726056,
23,catalog_quadratic_z_delta,STAM b=354.95 union-style,450,0.02534,0.92838,-0.09568807145950052,0.28488910206100865,0.2205627907389634,-0.007068512138359229,0.012554046425020005,0.6648837505538305,-2.509028876850116,2.533071153870525
23,catalog_quadratic_z_delta,STAM b=461.3626922 original,450,0.02534,0.92838,-0.10992356110548929,0.29076479811676653,0.22329029902312686,-0.020862856902878726,-0.0010319136641818716,0.6648837505538305,-2.509028876850116,2.533071153870525
23,catalog_quadratic_z_delta,STAM b=1335.412792 DES-style,450,0.02534,0.92838,-0.22341699283174776,0.35500365535205314,0.2704989075427232,-0.13094257466938555,-0.10964367517511064,0.6648837505538305,-2.509028876850116,2.533071153870525
23,catalog_quadratic_z_delta,LCDM fixed H0=70 Om=0.3,450,0.02534,0.92838,-0.2327206634112305,0.3317106239247638,0.2644622026016684,-0.1552805382503198,-0.14814399605799267,0.6648837505538305,-2.509028876850116,2.533071153870525
23,raw_no_catalog_correction,STAM b=354.95 union-style,450,0.02534,0.92838,0.12365315662528054,0.19948743305729905,0.1589318521026784,0.16745430240181866,0.14362937049383362,,,
23,raw_no_catalog_correction,STAM b=461.3626922 original,450,0.02534,0.92838,0.10941766697929171,0.19111137148147767,0.1507263264465315,0.15365995763729914,0.12845264573130066,,,
23,raw_no_catalog_correction,STAM b=1335.412792 DES-style,450,0.02534,0.92838,-0.0040757647469667445,0.15830526333025147,0.12294892524918115,0.04358023987079232,0.01915056017256589,,,
23,raw_no_catalog_correction,LCDM fixed H0=70 Om=0.3,450,0.02534,0.92838,-0.013379435326449399,0.15701808060752165,0.1201797166998336,0.019242276289858102,0.006146222774390253,,,
24,catalog_bin_median_delta,STAM b=354.95 union-style,450,0.0251,0.95791,-0.0965027517007305,0.29908936527908075,0.20333039723130306,-0.004490509034575688,0.009769432517352072,,,
24,catalog_bin_median_delta,STAM b=461.3626922 original,450,0.0251,0.95791,-0.11077035791326574,0.3047485953737189,0.20625975964532234,-0.018290154827437576,-0.0032122378554610975,,,
24,catalog_bin_median_delta,STAM b=1335.412792 DES-style,450,0.0251,0.95791,-0.22451209519674706,0.36701111719025425,0.25858022349722376,-0.1284107565716544,-0.10996900218268735,,,
24,catalog_bin_median_delta,LCDM fixed H0=70 Om=0.3,450,0.0251,0.95791,-0.23255289166743226,0.34489025442671234,0.2565035196705555,-0.15245881419645843,-0.14754887098046865,,,
24,catalog_linear_z_delta,STAM b=354.95 union-style,450,0.0251,0.95791,-0.09354536386824672,0.24969795088247365,0.200718091362874,0.00642173911685682,-0.003191259745040753,0.4765746987178279,-0.6544562254932036,
24,catalog_linear_z_delta,STAM b=461.3626922 original,450,0.0251,0.95791,-0.10781297008078197,0.25641439576855163,0.20632974460710493,-0.007377906676005068,-0.016782579560057798,0.4765746987178279,-0.6544562254932036,
24,catalog_linear_z_delta,STAM b=1335.412792 DES-style,450,0.0251,0.95791,-0.22155470736426328,0.3277529761341284,0.2712407201801527,-0.11749850842022189,-0.12170605006945934,0.4765746987178279,-0.6544562254932036,
24,catalog_linear_z_delta,LCDM fixed H0=70 Om=0.3,450,0.0251,0.95791,-0.22959550383494848,0.3076583678921877,0.26554069907502736,-0.14154656604502594,-0.16730723539495074,0.4765746987178279,-0.6544562254932036,
24,catalog_quadratic_z_delta,STAM b=354.95 union-style,450,0.0251,0.95791,-0.0937971138859296,0.2824307129373112,0.21614354303003336,0.002858305924018162,0.021061144835254453,0.6642494841218851,-2.4461161007731724,2.4327090947479286
24,catalog_quadratic_z_delta,STAM b=461.3626922 original,450,0.0251,0.95791,-0.10806472009846478,0.28836890017698646,0.2191310689920927,-0.010941339868843727,0.00772874796798817,0.6642494841218851,-2.4461161007731724,2.4327090947479286
24,catalog_quadratic_z_delta,STAM b=1335.412792 DES-style,450,0.0251,0.95791,-0.22180645738194613,0.3531978502580087,0.2674697235012646,-0.12106194161306054,-0.10163370180525888,0.6642494841218851,-2.4461161007731724,2.4327090947479286
24,catalog_quadratic_z_delta,LCDM fixed H0=70 Om=0.3,450,0.0251,0.95791,-0.22984725385263133,0.32668921730803535,0.261213034964442,-0.14510999923786458,-0.1414065532522848,0.6642494841218851,-2.4461161007731724,2.4327090947479286
24,raw_no_catalog_correction,STAM b=354.95 union-style,450,0.0251,0.95791,0.13258380186417662,0.19592330744896433,0.1584057412344713,0.18087906874320173,0.15754447121274495,,,
24,raw_no_catalog_correction,STAM b=461.3626922 original,450,0.0251,0.95791,0.11831619565164138,0.18677040733033817,0.14901397437844013,0.16707942295033984,0.14247738287379974,,,
24,raw_no_catalog_correction,STAM b=1335.412792 DES-style,450,0.0251,0.95791,0.004574458368160064,0.14709843319233398,0.11051292965441396,0.05695882120612299,0.03205197068366772,,,
24,raw_no_catalog_correction,LCDM fixed H0=70 Om=0.3,450,0.0251,0.95791,-0.003466338102525172,0.1414021600991583,0.10617797002213142,0.032910763581318954,0.007774648825730424,,,
25,catalog_bin_median_delta,STAM b=354.95 union-style,450,0.0251,0.98846,-0.0680177573145626,0.27643244948659307,0.18740158119535863,0.0023655832584584067,0.012602108503660503,,,
25,catalog_bin_median_delta,STAM b=461.3626922 original,450,0.0251,0.98846,-0.0822542404166836,0.28086846546687566,0.18882347530673815,-0.01143017570447387,-0.0017900099330603325,,,
25,catalog_bin_median_delta,STAM b=1335.412792 DES-style,450,0.0251,0.98846,-0.1957556802155736,0.3363722405186393,0.2368012383131015,-0.12152064860552189,-0.11221909232274285,,,
25,catalog_bin_median_delta,LCDM fixed H0=70 Om=0.3,450,0.0251,0.98846,-0.2052271701328608,0.3207712060343144,0.24016293784477707,-0.1456525265549317,-0.1399134852660957,,,
25,catalog_linear_z_delta,STAM b=354.95 union-style,450,0.0251,0.98846,-0.08762127456143769,0.23991640457934038,0.19690523391088433,0.009074716360940805,-0.020696074474216175,0.46812040680576295,-0.6318343373750476,
25,catalog_linear_z_delta,STAM b=461.3626922 original,450,0.0251,0.98846,-0.10185775766355872,0.2464509989214049,0.20249583107140717,-0.004721042601991472,-0.03474102818546854,0.46812040680576295,-0.6318343373750476,
25,catalog_linear_z_delta,STAM b=1335.412792 DES-style,450,0.0251,0.98846,-0.21535919746244872,0.31717200076640134,0.2661778266476155,-0.11481151550303949,-0.14489130931554683,0.46812040680576295,-0.6318343373750476,
25,catalog_linear_z_delta,LCDM fixed H0=70 Om=0.3,450,0.0251,0.98846,-0.2248306873797359,0.30106756513962757,0.2615497295670146,-0.13894339345244927,-0.17312287446357644,0.46812040680576295,-0.6318343373750476,
25,catalog_quadratic_z_delta,STAM b=354.95 union-style,450,0.0251,0.98846,-0.08799479042475096,0.2658605183956872,0.20456960565826013,0.0048164083851995245,0.016258801209652063,0.6445181276538147,-2.3158363616952453,2.2865316663395783
25,catalog_quadratic_z_delta,STAM b=461.3626922 original,450,0.0251,0.98846,-0.10223127352687199,0.27168565329662875,0.20800936824429553,-0.008979350577732753,0.0025067113504420035,0.6445181276538147,-2.3158363616952453,2.2865316663395783
25,catalog_quadratic_z_delta,STAM b=1335.412792 DES-style,450,0.0251,0.98846,-0.215732713325762,0.336606833302653,0.26188814858017556,-0.11906982347878077,-0.11086700050114473,0.6445181276538147,-2.3158363616952453,2.2865316663395783
25,catalog_quadratic_z_delta,LCDM fixed H0=70 Om=0.3,450,0.0251,0.98846,-0.22520420324304913,0.3147908755739722,0.2566393229824581,-0.14320170142819055,-0.14847532543387487,0.6445181276538147,-2.3158363616952453,2.2865316663395783
25,raw_no_catalog_correction,STAM b=354.95 union-style,450,0.0251,0.98846,0.13553347983955175,0.2000300941719054,0.16015324241549772,0.18504744992512473,0.14888484902142096,,,
25,raw_no_catalog_correction,STAM b=461.3626922 original,450,0.0251,0.98846,0.12129699673743068,0.19080924145225311,0.1507754396059581,0.17125169096219248,0.1364959862114148,,,
25,raw_no_catalog_correction,STAM b=1335.412792 DES-style,450,0.0251,0.98846,0.00779555693854069,0.14931867874643953,0.11397128242488028,0.06116121806114445,0.024401547368409382,,,
25,raw_no_catalog_correction,LCDM fixed H0=70 Om=0.3,450,0.0251,0.98846,-0.001675932978746502,0.14636095654704998,0.11179908855937085,0.037029340111734664,0.004991081339735359,,,
26,catalog_bin_median_delta,STAM b=354.95 union-style,450,0.0251,0.97489,-0.07896985568492314,0.26684988336264726,0.1858607424924973,0.002445431278032354,0.011357745946973807,,,
26,catalog_bin_median_delta,STAM b=461.3626922 original,450,0.0251,0.97489,-0.0931504629247423,0.2720383113186289,0.18807685204236052,-0.01134728454733764,-0.0033856522447770487,,,
26,catalog_bin_median_delta,STAM b=1335.412792 DES-style,450,0.0251,0.97489,-0.2062175572658776,0.33277337293717973,0.23728832842125866,-0.12141399442893709,-0.11628764335336328,,,
26,catalog_bin_median_delta,LCDM fixed H0=70 Om=0.3,450,0.0251,0.97489,-0.21615938069658297,0.3167668674267157,0.24307935614853102,-0.14548899604831017,-0.14460046943395,,,
26,catalog_linear_z_delta,STAM b=354.95 union-style,450,0.0251,0.97489,-0.07313005467536603,0.2204283916769576,0.17757523184364526,0.011726594237748885,-0.022411908465890917,0.42658448546342354,-0.5603681044847433,
26,catalog_linear_z_delta,STAM b=461.3626922 original,450,0.0251,0.97489,-0.08731066191518518,0.22650864572963786,0.18288128791793096,-0.00206612158762111,-0.035178176340711076,0.42658448546342354,-0.5603681044847433,
26,catalog_linear_z_delta,STAM b=1335.412792 DES-style,450,0.0251,0.97489,-0.20037775625632048,0.29563378457385137,0.24473267022227066,-0.11213283146922057,-0.1390619447425152,0.42658448546342354,-0.5603681044847433,
26,catalog_linear_z_delta,LCDM fixed H0=70 Om=0.3,450,0.0251,0.97489,-0.21031957968702583,0.2802922020476569,0.24149400903494442,-0.13620783308859363,-0.18268708908135167,0.42658448546342354,-0.5603681044847433,
26,catalog_quadratic_z_delta,STAM b=354.95 union-style,450,0.0251,0.97489,-0.07975151383577611,0.24779955074624208,0.18770789792068676,0.006852608009781104,0.006747387721567577,0.5930552380653135,-2.149601134389765,2.157854679264735
26,catalog_quadratic_z_delta,STAM b=461.3626922 original,450,0.0251,0.97489,-0.09393212107559527,0.25351520240712433,0.19103417844244383,-0.00694010781558889,-0.006578967731812213,0.5930552380653135,-2.149601134389765,2.157854679264735
26,catalog_quadratic_z_delta,STAM b=1335.412792 DES-style,450,0.0251,0.97489,-0.20699921541673058,0.3186593916966978,0.24640177646045838,-0.11700681769718835,-0.11757876551397217,0.5930552380653135,-2.149601134389765,2.157854679264735
26,catalog_quadratic_z_delta,LCDM fixed H0=70 Om=0.3,450,0.0251,0.97489,-0.21694103884743596,0.29743979471729565,0.24293086360356447,-0.1410818193165614,-0.15684860449349713,0.5930552380653135,-2.149601134389765,2.157854679264735
26,raw_no_catalog_correction,STAM b=354.95 union-style,450,0.0251,0.97489,0.13017471099075353,0.19313431025425695,0.15622526960041497,0.17882945350025325,0.14985054646317053,,,
26,raw_no_catalog_correction,STAM b=461.3626922 original,450,0.0251,0.97489,0.1159941037509344,0.18399771886705735,0.14786219289455782,0.16503673767488328,0.13575800267751248,,,
26,raw_no_catalog_correction,STAM b=1335.412792 DES-style,450,0.0251,0.97489,0.002927009409799083,0.14456558896204744,0.11244237766848655,0.05497002779328383,0.0230848913745767,,,
26,raw_no_catalog_correction,LCDM fixed H0=70 Om=0.3,450,0.0251,0.97489,-0.007014814020906298,0.14387930959669856,0.1149673877544826,0.03089502617391078,0.00697490687031177,,,
27,catalog_bin_median_delta,STAM b=354.95 union-style,450,0.02598,0.98536,-0.09318494069374554,0.2868564348158279,0.1969590177842671,-0.008368583429153947,-0.012074100619855699,,,
27,catalog_bin_median_delta,STAM b=461.3626922 original,450,0.02598,0.98536,-0.10739937006048793,0.29240136190185156,0.20077272984079017,-0.022162916349882142,-0.025786944897056685,,,
27,catalog_bin_median_delta,STAM b=1335.412792 DES-style,450,0.02598,0.98536,-0.22073016394154152,0.35440729703873053,0.2598662490536364,-0.13224232138727932,-0.13896138279836734,,,
27,catalog_bin_median_delta,LCDM fixed H0=70 Om=0.3,450,0.02598,0.98536,-0.23096842153306213,0.33825301519943807,0.2619705628264019,-0.15640313413256282,-0.16936003807809996,,,
27,catalog_linear_z_delta,STAM b=354.95 union-style,450,0.02598,0.98536,-0.09686004917956542,0.24075574078095877,0.19269792250665893,0.003769460538154732,-0.025246021177455447,0.4662161524478271,-0.6332186372194467,
27,catalog_linear_z_delta,STAM b=461.3626922 original,450,0.02598,0.98536,-0.11107447854630777,0.24773899332083354,0.19876610754883745,-0.010024872382573465,-0.040193092209360515,0.4662161524478271,-0.6332186372194467,
27,catalog_linear_z_delta,STAM b=1335.412792 DES-style,450,0.02598,0.98536,-0.22440527242736139,0.3210217412361446,0.26897190060820797,-0.12010427741997065,-0.14822905358936111,0.4662161524478271,-0.6332186372194467,
27,catalog_linear_z_delta,LCDM fixed H0=70 Om=0.3,450,0.02598,0.98536,-0.234643530018882,0.30686612254968626,0.26759103187676125,-0.14426509016525416,-0.18095408914567201,0.4662161524478271,-0.6332186372194467,
27,catalog_quadratic_z_delta,STAM b=354.95 union-style,450,0.02598,0.98536,-0.09709168241607076,0.27265164530113484,0.21074431363824403,-0.00035251506313677003,-0.012227145344031243,0.6446947829401665,-2.3370863153392563,2.3135051769585377
27,catalog_quadratic_z_delta,STAM b=461.3626922 original,450,0.02598,0.98536,-0.11130611178281315,0.27873985710757654,0.2146579227300523,-0.014146847983864966,-0.0258815844675766,0.6446947829401665,-2.3370863153392563,2.3135051769585377
27,catalog_quadratic_z_delta,STAM b=1335.412792 DES-style,450,0.02598,0.98536,-0.22463690566386676,0.34488998438567664,0.2681047413026357,-0.12422625302126214,-0.13084390714128347,0.6446947829401665,-2.3370863153392563,2.3135051769585377
27,catalog_quadratic_z_delta,LCDM fixed H0=70 Om=0.3,450,0.02598,0.98536,-0.23487516325538738,0.3250439992568528,0.2651645015152519,-0.14838706576654564,-0.17582723723971938,0.6446947829401665,-2.3370863153392563,2.3135051769585377
27,raw_no_catalog_correction,STAM b=354.95 union-style,450,0.02598,0.98536,0.12151725886796509,0.19468779304751802,0.1535162127977544,0.1770465276819564,0.1320294079160469,,,
27,raw_no_catalog_correction,STAM b=461.3626922 original,450,0.02598,0.98536,0.10730282950122269,0.18622358022748267,0.14527910937029492,0.16325219476122818,0.11754768921903391,,,
27,raw_no_catalog_correction,STAM b=1335.412792 DES-style,450,0.02598,0.98536,-0.00602796437983095,0.15347451439685905,0.1188509717022087,0.05317278972383101,0.00665187784834842,,,
27,raw_no_catalog_correction,LCDM fixed H0=70 Om=0.3,450,0.02598,0.98536,-0.016266221971351538,0.15306886236832443,0.12056763021927472,0.029011976978547505,-0.008673567395785398,,,
28,catalog_bin_median_delta,STAM b=354.95 union-style,450,0.02519,0.99268,-0.08951477648173449,0.2666226797825602,0.18503040847658914,-0.009249014835954058,0.0034035549228512707,,,
28,catalog_bin_median_delta,STAM b=461.3626922 original,450,0.02519,0.99268,-0.10369345133715784,0.27236403793215824,0.1881389941101975,-0.0230448573909326,-0.010104957932242087,,,
28,catalog_bin_median_delta,STAM b=1335.412792 DES-style,450,0.02519,0.99268,-0.21674648530777854,0.33658207611995616,0.24517499530479794,-0.1331359482555353,-0.1230962648077707,,,
28,catalog_bin_median_delta,LCDM fixed H0=70 Om=0.3,450,0.02519,0.99268,-0.22741011463862312,0.3202554707124785,0.2477185434229082,-0.1572494216699962,-0.156232157575122,,,
28,catalog_linear_z_delta,STAM b=354.95 union-style,450,0.02519,0.99268,-0.0834953616355555,0.2233668856676206,0.17917501229595945,0.002400449686076469,-0.02059475412859868,0.44253314066591853,-0.5834572916843603,
28,catalog_linear_z_delta,STAM b=461.3626922 original,450,0.02519,0.99268,-0.09767403649097886,0.2299954043327597,0.18458869980350928,-0.011395392868902074,-0.03361562474196589,0.44253314066591853,-0.5834572916843603,
28,catalog_linear_z_delta,STAM b=1335.412792 DES-style,450,0.02519,0.99268,-0.2107270704615995,0.3021230103101838,0.2513261122143904,-0.12148648373350476,-0.13824906913863444,0.44253314066591853,-0.5834572916843603,
28,catalog_linear_z_delta,LCDM fixed H0=70 Om=0.3,450,0.02519,0.99268,-0.2213906997924441,0.28792342109731683,0.24982532905728289,-0.14559995714796564,-0.180089787173781,0.44253314066591853,-0.5834572916843603,
28,catalog_quadratic_z_delta,STAM b=354.95 union-style,450,0.02519,0.99268,-0.08740984532980915,0.25629582220093455,0.191379495307756,-0.0015176531562696343,0.0058919378553383694,0.6176543172735042,-2.255272633122579,2.269984633785663
28,catalog_quadratic_z_delta,STAM b=461.3626922 original,450,0.02519,0.99268,-0.10158852018523251,0.2622049764510535,0.1954036302025031,-0.015313495711248177,-0.00891211208556797,0.6176543172735042,-2.255272633122579,2.269984633785663
28,catalog_quadratic_z_delta,STAM b=1335.412792 DES-style,450,0.02519,0.99268,-0.21464155415585315,0.32803181768425305,0.252893100738756,-0.12540458657585088,-0.1222485491354206,0.6176543172735042,-2.255272633122579,2.269984633785663
28,catalog_quadratic_z_delta,LCDM fixed H0=70 Om=0.3,450,0.02519,0.99268,-0.2253051834866978,0.3083086178300415,0.25057627602683885,-0.14951805999031176,-0.15513070555217467,0.6176543172735042,-2.255272633122579,2.269984633785663
28,raw_no_catalog_correction,STAM b=354.95 union-style,450,0.02519,0.99268,0.1267274986891692,0.19035996973294297,0.1509552002371301,0.17516998516404578,0.14129710091463465,,,
28,raw_no_catalog_correction,STAM b=461.3626922 original,450,0.02519,0.99268,0.11254882383374583,0.18132135846477165,0.14163892556100424,0.16137414260906724,0.12657685358963633,,,
28,raw_no_catalog_correction,STAM b=1335.412792 DES-style,450,0.02519,0.99268,-0.0005042101368748294,0.14353866511616592,0.10969992222309502,0.05128305174446455,0.016666200909693174,,,
28,raw_no_catalog_correction,LCDM fixed H0=70 Om=0.3,450,0.02519,0.99268,-0.011167839467719468,0.1427955883945229,0.10946105527491043,0.027169578330003646,-0.006046128714480403,,,
29,catalog_bin_median_delta,STAM b=354.95 union-style,450,0.02517,0.98158,-0.07509306214762465,0.279132423124015,0.1879619674868293,0.00712625254815606,0.015465515681288622,,,
29,catalog_bin_median_delta,STAM b=461.3626922 original,450,0.02517,0.98158,-0.0892534385150436,0.28392451621080006,0.18944773015213734,-0.0066612101754133825,0.0012971283413563128,,,
29,catalog_bin_median_delta,STAM b=1335.412792 DES-style,450,0.02517,0.98158,-0.20216509721707723,0.3413477254183188,0.23610408544591108,-0.11668737604182285,-0.1111239548635723,,,
29,catalog_bin_median_delta,LCDM fixed H0=70 Om=0.3,450,0.02517,0.98158,-0.2136106708257952,0.32476119719468477,0.24072796826625792,-0.1410186647168727,-0.14084787744079819,,,
29,catalog_linear_z_delta,STAM b=354.95 union-style,450,0.02517,0.98158,-0.07217168559729789,0.22606562081755133,0.1792848036128246,0.017348408731331658,-0.0007233912642554685,0.44548286330160636,-0.6024192437770542,
29,catalog_linear_z_delta,STAM b=461.3626922 original,450,0.02517,0.98158,-0.0863320619647168,0.23197379937857956,0.18395570058982005,0.0035609460077622164,-0.014399260660265867,0.44548286330160636,-0.6024192437770542,
29,catalog_linear_z_delta,STAM b=1335.412792 DES-style,450,0.02517,0.98158,-0.1992437206667505,0.29961019929124405,0.24546313518770774,-0.10646521985864725,-0.12485275816487018,0.44548286330160636,-0.6024192437770542,
29,catalog_linear_z_delta,LCDM fixed H0=70 Om=0.3,450,0.02517,0.98158,-0.21068929427546843,0.2844832049835602,0.24356184678215462,-0.1307965085336971,-0.16508986422363847,0.44548286330160636,-0.6024192437770542,
29,catalog_quadratic_z_delta,STAM b=354.95 union-style,450,0.02517,0.98158,-0.07604586056989864,0.2588014102040882,0.1963097977889337,0.012326652996620358,0.024720735423517937,0.6247634964756885,-2.3139433368044475,2.323901028557287
29,catalog_quadratic_z_delta,STAM b=461.3626922 original,450,0.02517,0.98158,-0.09020623693731755,0.26405428084661414,0.1988583885696181,-0.0014608097269490847,0.011637252561072842,0.6247634964756885,-2.3139433368044475,2.323901028557287
29,catalog_quadratic_z_delta,STAM b=1335.412792 DES-style,450,0.02517,0.98158,-0.20311789563935126,0.3255888515776369,0.24475375038357783,-0.11148697559335854,-0.10072304235302454,0.6247634964756885,-2.3139433368044475,2.323901028557287
29,catalog_quadratic_z_delta,LCDM fixed H0=70 Om=0.3,450,0.02517,0.98158,-0.2145634692480692,0.3048802938924488,0.2418089029266331,-0.1358182642684084,-0.14155464442410803,0.6247634964756885,-2.3139433368044475,2.323901028557287
29,raw_no_catalog_correction,STAM b=354.95 union-style,450,0.02517,0.98158,0.1316599097776253,0.19368998941167287,0.1585653123998332,0.18338363032593366,0.15232963920297493,,,
29,raw_no_catalog_correction,STAM b=461.3626922 original,450,0.02517,0.98158,0.11749953341020634,0.1844897622414669,0.14934155842989186,0.16959616760236423,0.1375910872954158,,,
29,raw_no_catalog_correction,STAM b=1335.412792 DES-style,450,0.02517,0.98158,0.004587874708172688,0.1440984059961373,0.1084374977037794,0.059570001735954746,0.028663864129683247,,,
29,raw_no_catalog_correction,LCDM fixed H0=70 Om=0.3,450,0.02517,0.98158,-0.006857698900545248,0.14123969022540112,0.10717352446264741,0.035238713060904904,0.004505267166219795,,,
30,catalog_bin_median_delta,STAM b=354.95 union-style,450,0.02517,0.98024,-0.07702708970030828,0.29183751877135333,0.20580817450716735,-0.01214990037705328,0.018747878919345595,,,
30,catalog_bin_median_delta,STAM b=461.3626922 original,450,0.02517,0.98024,-0.09121744911801058,0.29660625279378683,0.20749370165945408,-0.025941071328479996,0.004825188611775388,,,
30,catalog_bin_median_delta,STAM b=1335.412792 DES-style,450,0.02517,0.98024,-0.2043620999280589,0.353248617458889,0.24866042519028803,-0.13599593282036798,-0.103900181083322,,,
30,catalog_bin_median_delta,LCDM fixed H0=70 Om=0.3,450,0.02517,0.98024,-0.21552699002839354,0.3345173779046999,0.24940747007446903,-0.16020725413790268,-0.14321904253569429,,,
30,catalog_linear_z_delta,STAM b=354.95 union-style,450,0.02517,0.98024,-0.07716024814801006,0.24364089096385935,0.19605146511973856,0.0016791729935308473,-0.010581459869989374,0.4637929276408723,-0.6415700245288675,
30,catalog_linear_z_delta,STAM b=461.3626922 original,450,0.02517,0.98024,-0.09135060756571238,0.24951338622890423,0.20092702983315766,-0.012111997957895871,-0.02498625529029752,0.4637929276408723,-0.6415700245288675,
30,catalog_linear_z_delta,STAM b=1335.412792 DES-style,450,0.02517,0.98024,-0.20449525837576069,0.3158643209322276,0.25954656325069114,-0.12216685944978387,-0.13453665369350887,0.4637929276408723,-0.6415700245288675,
30,catalog_linear_z_delta,LCDM fixed H0=70 Om=0.3,450,0.02517,0.98024,-0.21566014847609533,0.29905883976499026,0.2556473199314327,-0.14637818076731854,-0.16694814090432075,0.4637929276408723,-0.6415700245288675,
30,catalog_quadratic_z_delta,STAM b=354.95 union-style,450,0.02517,0.98024,-0.07579706401313077,0.26962093455268565,0.20304556764977968,-0.0029932642898146847,0.01586766920468108,0.6485239921239946,-2.4051273145483494,2.394551509319816
30,catalog_quadratic_z_delta,STAM b=461.3626922 original,450,0.02517,0.98024,-0.08998742343083306,0.2747775158607293,0.20542481986373815,-0.016784435241241402,0.0026234965766214202,0.6485239921239946,-2.4051273145483494,2.394551509319816
30,catalog_quadratic_z_delta,STAM b=1335.412792 DES-style,450,0.02517,0.98024,-0.20313207424088137,0.3351289416725191,0.2504184197865818,-0.1268392967331294,-0.10889683230734803,0.6485239921239946,-2.4051273145483494,2.394551509319816
30,catalog_quadratic_z_delta,LCDM fixed H0=70 Om=0.3,450,0.02517,0.98024,-0.21429696434121606,0.3120812073237522,0.24489025642548695,-0.1510506180506641,-0.14594272214348436,0.6485239921239946,-2.4051273145483494,2.394551509319816
30,raw_no_catalog_correction,STAM b=354.95 union-style,450,0.02517,0.98024,0.13303814250509338,0.19943164315381187,0.1615128049481455,0.16828765517850172,0.15428042658682628,,,
30,raw_no_catalog_correction,STAM b=461.3626922 original,450,0.02517,0.98024,0.11884778308739113,0.19046204382970885,0.15314293486151084,0.15449648422707501,0.14101611264548453,,,
30,raw_no_catalog_correction,STAM b=1335.412792 DES-style,450,0.02517,0.98024,0.005703132277342817,0.15136922272333697,0.11877463456208175,0.04444162273518703,0.03147221294923597,,,
30,raw_no_catalog_correction,LCDM fixed H0=70 Om=0.3,450,0.02517,0.98024,-0.005461757822991859,0.14601501989583793,0.11462458788552182,0.020230301417652342,0.00291577973653645,,,
31,catalog_bin_median_delta,STAM b=354.95 union-style,450,0.0251,0.98846,-0.07054580620023143,0.2780111129742245,0.18269058269018681,-0.006101002559712233,0.008739827454032678,,,
31,catalog_bin_median_delta,STAM b=461.3626922 original,450,0.0251,0.98846,-0.08477555798067642,0.2825600022338443,0.18435647084640663,-0.019893945965341338,-0.005230937627974441,,,
31,catalog_bin_median_delta,STAM b=1335.412792 DES-style,450,0.0251,0.98846,-0.19822444950919976,0.33868296915954665,0.22989449073996562,-0.1299621176880273,-0.11444162600436059,,,
31,catalog_bin_median_delta,LCDM fixed H0=70 Om=0.3,450,0.0251,0.98846,-0.2076034668741876,0.3227761201646671,0.23650550242105572,-0.15378922204733916,-0.1475777615606404,,,
31,catalog_linear_z_delta,STAM b=354.95 union-style,450,0.0251,0.98846,-0.08410639568589517,0.23531248358446538,0.18947773830221318,0.005516186900097276,-0.011604942418358632,0.4723549244611385,-0.652221909557382,
31,catalog_linear_z_delta,STAM b=461.3626922 original,450,0.0251,0.98846,-0.09833614746634019,0.24177236930463067,0.19472276232119284,-0.00827675650553183,-0.024880368076260595,0.4723549244611385,-0.652221909557382,
31,catalog_linear_z_delta,STAM b=1335.412792 DES-style,450,0.0251,0.98846,-0.21178503899486356,0.312303293823078,0.25882169866815774,-0.11834492822821777,-0.13406190236363713,0.4723549244611385,-0.652221909557382,
31,catalog_linear_z_delta,LCDM fixed H0=70 Om=0.3,450,0.0251,0.98846,-0.2211640563598514,0.2954890903753149,0.2542757049151487,-0.14217203258752967,-0.16757635898197876,0.4723549244611385,-0.652221909557382,
31,catalog_quadratic_z_delta,STAM b=354.95 union-style,450,0.0251,0.98846,-0.08550734611039092,0.26923250002017407,0.20447265328968453,-0.002703217775048472,0.018682251914167836,0.662630150470637,-2.4687072033440893,2.46641695538349
31,catalog_quadratic_z_delta,STAM b=461.3626922 original,450,0.0251,0.98846,-0.0997370978908359,0.27488100739282273,0.20659436465664413,-0.01649616118067758,0.005153793533406059,0.662630150470637,-2.4687072033440893,2.46641695538349
31,catalog_quadratic_z_delta,STAM b=1335.412792 DES-style,450,0.0251,0.98846,-0.2131859894193593,0.3384871107564124,0.25455281899059234,-0.12656433290336352,-0.1020054788402085,0.662630150470637,-2.4687072033440893,2.46641695538349
31,catalog_quadratic_z_delta,LCDM fixed H0=70 Om=0.3,450,0.0251,0.98846,-0.2225650067843471,0.31471506076838757,0.24995704618643438,-0.1503914372626754,-0.1421169410838985,0.662630150470637,-2.4687072033440893,2.46641695538349
31,raw_no_catalog_correction,STAM b=354.95 union-style,450,0.0251,0.98846,0.13447405486162198,0.19396392433367332,0.15789288055566517,0.17567259744028738,0.15096497220831395,,,
31,raw_no_catalog_correction,STAM b=461.3626922 original,450,0.0251,0.98846,0.12024430308117696,0.18449108984418383,0.14890947219908904,0.16187965403465823,0.13608166794351106,,,
31,raw_no_catalog_correction,STAM b=1335.412792 DES-style,450,0.0251,0.98846,0.006795411552653623,0.14165559949453024,0.10829412272599237,0.0518114823119723,0.02528682339699273,,,
31,raw_no_catalog_correction,LCDM fixed H0=70 Om=0.3,450,0.0251,0.98846,-0.002583605812334222,0.1411174464187108,0.10880486162953776,0.02798437795266041,0.005038691245268012,,,
32,catalog_bin_median_delta,STAM b=354.95 union-style,450,0.02556,0.98536,-0.08586555031528122,0.29456618939738993,0.20423589385566768,0.004307810359088428,0.015999202016285352,,,
32,catalog_bin_median_delta,STAM b=461.3626922 original,450,0.02556,0.98536,-0.1000766214421189,0.29971106176941964,0.20632934058231614,-0.009495930810526798,0.002122668961884955,,,
32,catalog_bin_median_delta,STAM b=1335.412792 DES-style,450,0.02556,0.98536,-0.21338177633836994,0.3587202496673385,0.25358006958313,-0.11964841629359002,-0.10957364726674612,,,
32,catalog_bin_median_delta,LCDM fixed H0=70 Om=0.3,450,0.02556,0.98536,-0.22400076486560944,0.33980382314286994,0.2559321903866411,-0.1436914526453761,-0.13875742301771155,,,
32,catalog_linear_z_delta,STAM b=354.95 union-style,450,0.02556,0.98536,-0.08463693115755026,0.23898814758407286,0.1921145899042098,0.014558079381535218,-0.0072125653072312446,0.4670491137670276,-0.6354956020905533,
32,catalog_linear_z_delta,STAM b=461.3626922 original,450,0.02556,0.98536,-0.0988480022843879,0.2453576707369951,0.19765605734295802,0.0007543382119199925,-0.021590705803802734,0.4670491137670276,-0.6354956020905533,
32,catalog_linear_z_delta,STAM b=1335.412792 DES-style,450,0.02556,0.98536,-0.21215315718063893,0.31506649407752463,0.26222624767240876,-0.10939814727114323,-0.1299484435295568,0.4670491137670276,-0.6354956020905533,
32,catalog_linear_z_delta,LCDM fixed H0=70 Om=0.3,450,0.02556,0.98536,-0.22277214570787846,0.2996044670187119,0.2585839792973948,-0.13344118362292934,-0.16107637284985188,0.4670491137670276,-0.6354956020905533,
32,catalog_quadratic_z_delta,STAM b=354.95 union-style,450,0.02556,0.98536,-0.08309256118297799,0.26935444726124497,0.20319923957085861,0.011313697686548621,0.01242784218460713,0.6493575388876254,-2.3759248745195833,2.3631483733161205
32,catalog_quadratic_z_delta,STAM b=461.3626922 original,450,0.02556,0.98536,-0.09730363230981565,0.2748345731968809,0.20589161675613252,-0.002490043483066605,-0.0014427060114599044,0.6493575388876254,-2.3759248745195833,2.3631483733161205
32,catalog_quadratic_z_delta,STAM b=1335.412792 DES-style,450,0.02556,0.98536,-0.21060878720606663,0.33732145750922904,0.2562855944539484,-0.11264252896612982,-0.10919539250884469,0.6493575388876254,-2.3759248745195833,2.3631483733161205
32,catalog_quadratic_z_delta,LCDM fixed H0=70 Om=0.3,450,0.02556,0.98536,-0.22122777573330624,0.3156075094346246,0.2523511792197756,-0.13668556531791592,-0.14579825330310214,0.6493575388876254,-2.3759248745195833,2.3631483733161205
32,raw_no_catalog_correction,STAM b=354.95 union-style,450,0.02556,0.98536,0.13350545138622572,0.19878898428750785,0.16125517268492293,0.18874216591464388,0.15168542954920383,,,
32,raw_no_catalog_correction,STAM b=461.3626922 original,450,0.02556,0.98536,0.11929438025938803,0.1896807007707377,0.15148503634700325,0.17493842474502866,0.1377001646286864,,,
32,raw_no_catalog_correction,STAM b=1335.412792 DES-style,450,0.02556,0.98536,0.005989225363137015,0.14944861793723707,0.11345901852495305,0.06478593926196542,0.02857211796077408,,,
32,raw_no_catalog_correction,LCDM fixed H0=70 Om=0.3,450,0.02556,0.98536,-0.004629763164102562,0.14612548199470327,0.11086385124845881,0.040742902910179325,0.00898918161830764,,,
33,catalog_bin_median_delta,STAM b=354.95 union-style,450,0.02598,0.98536,-0.10246007730957274,0.2959603293970244,0.2038863915796169,-0.01814696942364544,-0.006658054073856334,,,
33,catalog_bin_median_delta,STAM b=461.3626922 original,450,0.02598,0.98536,-0.11667037683363175,0.3018364434458975,0.20732190361025654,-0.03194078799487744,-0.021151180610544884,,,
33,catalog_bin_median_delta,STAM b=1335.412792 DES-style,450,0.02598,0.98536,-0.22996802532731175,0.3655085290042531,0.26297505416323125,-0.14201623039559622,-0.13518750083964903,,,
33,catalog_bin_median_delta,LCDM fixed H0=70 Om=0.3,450,0.02598,0.98536,-0.23946719511396777,0.3474579633079526,0.263702402883367,-0.16619942932018458,-0.16757465733656218,,,
33,catalog_linear_z_delta,STAM b=354.95 union-style,450,0.02598,0.98536,-0.10399223051486793,0.25417779883525027,0.20787858457049832,-0.006782593305393807,-0.023386564053900827,0.5009635861860662,-0.689897971945014,
33,catalog_linear_z_delta,STAM b=461.3626922 original,450,0.02598,0.98536,-0.118202530038927,0.2612803868465484,0.21385695046996936,-0.02057641187662581,-0.03755750306803307,0.5009635861860662,-0.689897971945014,
33,catalog_linear_z_delta,STAM b=1335.412792 DES-style,450,0.02598,0.98536,-0.23150017853260696,0.33455173810843714,0.27813760544302835,-0.1306518542773446,-0.1433343066276045,0.5009635861860662,-0.689897971945014,
33,catalog_linear_z_delta,LCDM fixed H0=70 Om=0.3,450,0.02598,0.98536,-0.240999348319263,0.3184358146087878,0.27414740897546236,-0.15483505320193297,-0.18196033258534428,0.5009635861860662,-0.689897971945014,
33,catalog_quadratic_z_delta,STAM b=354.95 union-style,450,0.02598,0.98536,-0.10935181991803622,0.29185309759770506,0.2243827738528233,-0.0118953836037103,-0.0012552822812850195,0.6940608970347473,-2.533324637531419,2.5029978495065275
33,catalog_quadratic_z_delta,STAM b=461.3626922 original,450,0.02598,0.98536,-0.12356211944209526,0.2982100674580776,0.2284248716923805,-0.0256892021749423,-0.015055440318370472,0.6940608970347473,-2.533324637531419,2.5029978495065275
33,catalog_quadratic_z_delta,STAM b=1335.412792 DES-style,450,0.02598,0.98536,-0.23685976793577526,0.3651144572019042,0.28246003241808004,-0.1357646445756611,-0.12441518227036497,0.6940608970347473,-2.533324637531419,2.5029978495065275
33,catalog_quadratic_z_delta,LCDM fixed H0=70 Om=0.3,450,0.02598,0.98536,-0.24635893772243128,0.3429787158168446,0.2777384776097336,-0.15994784350024946,-0.16212087694748334,0.6940608970347473,-2.533324637531419,2.5029978495065275
33,raw_no_catalog_correction,STAM b=354.95 union-style,450,0.02598,0.98536,0.12587277385720608,0.19854846376613738,0.15903504885932918,0.17493527502079814,0.14411762449676857,,,
33,raw_no_catalog_correction,STAM b=461.3626922 original,450,0.02598,0.98536,0.11166247433314702,0.18991488740465665,0.15109722361174058,0.16114145644956612,0.13041917305392658,,,
33,raw_no_catalog_correction,STAM b=1335.412792 DES-style,450,0.02598,0.98536,-0.0016351741605329475,0.15461905663345246,0.11972809921201528,0.05106601404884734,0.019708665147813775,,,
33,raw_no_catalog_correction,LCDM fixed H0=70 Om=0.3,450,0.02598,0.98536,-0.011134343947188954,0.15531931386796444,0.12182937373944432,0.02688281512425898,0.00023368210193908112,,,
34,catalog_bin_median_delta,STAM b=354.95 union-style,450,0.02695,0.98846,-0.09016320309404599,0.2789829042677293,0.19574895760161573,-0.007450182347630611,0.008072809500678346,,,
34,catalog_bin_median_delta,STAM b=461.3626922 original,450,0.02695,0.98846,-0.10443686215372863,0.28464609225131415,0.19885546281265443,-0.021240689511910774,-0.006453504250494291,,,
34,catalog_bin_median_delta,STAM b=1335.412792 DES-style,450,0.02695,0.98846,-0.21822466616670325,0.3479645430572648,0.25251476811289564,-0.1312901517350546,-0.11574628130272657,,,
34,catalog_bin_median_delta,LCDM fixed H0=70 Om=0.3,450,0.02695,0.98846,-0.22543881047856384,0.32747582906204487,0.2491051262620458,-0.1553092863483452,-0.14759012174475217,,,
34,catalog_linear_z_delta,STAM b=354.95 union-style,450,0.02695,0.98846,-0.09338175650042503,0.2526463232280639,0.20749184596934647,0.00350536772253335,-0.03109916281952607,0.48014223087828234,-0.6583739386104331,
34,catalog_linear_z_delta,STAM b=461.3626922 original,450,0.02695,0.98846,-0.10765541556010766,0.2592543681528582,0.21363659637654756,-0.010285139441746811,-0.04452121237003581,0.48014223087828234,-0.6583739386104331,
34,catalog_linear_z_delta,STAM b=1335.412792 DES-style,450,0.02695,0.98846,-0.22144321957308227,0.3298084721601245,0.27800426934974715,-0.12033460166489063,-0.14779524890458973,0.48014223087828234,-0.6583739386104331,
34,catalog_linear_z_delta,LCDM fixed H0=70 Om=0.3,450,0.02695,0.98846,-0.22865736388494282,0.3118341035266739,0.27085466643648176,-0.1443537362781812,-0.1834022482472264,0.48014223087828234,-0.6583739386104331,
34,catalog_quadratic_z_delta,STAM b=354.95 union-style,450,0.02695,0.98846,-0.0998522616349565,0.28151497775199086,0.21640485720567615,-0.0035938348481426075,0.014363642618572925,0.6618570908844453,-2.393136670397847,2.3554543655723434
34,catalog_quadratic_z_delta,STAM b=461.3626922 original,450,0.02695,0.98846,-0.11412592069463914,0.28767453348688327,0.2200575904296125,-0.017384342012422768,0.00023458044601909478,0.6618570908844453,-2.393136670397847,2.3554543655723434
34,catalog_quadratic_z_delta,STAM b=1335.412792 DES-style,450,0.02695,0.98846,-0.2279137247076137,0.3539850543286474,0.27565963761947343,-0.12743380423556658,-0.10935285254911165,0.6618570908844453,-2.393136670397847,2.3554543655723434
34,catalog_quadratic_z_delta,LCDM fixed H0=70 Om=0.3,450,0.02695,0.98846,-0.23512786901947433,0.33007089172348913,0.26763411045608093,-0.15145293884885716,-0.14738526690814524,0.6618570908844453,-2.393136670397847,2.3554543655723434
34,raw_no_catalog_correction,STAM b=354.95 union-style,450,0.02695,0.98846,0.13495277783124437,0.20562615941162288,0.16521992949495407,0.17840668431903456,0.1584212240448437,,,
34,raw_no_catalog_correction,STAM b=461.3626922 original,450,0.02695,0.98846,0.12067911877156173,0.19666926267451873,0.15643705216866088,0.1646161771547544,0.14537695169616072,,,
34,raw_no_catalog_correction,STAM b=1335.412792 DES-style,450,0.02695,0.98846,0.006891314758587142,0.1570215236510601,0.12027701533265413,0.05456671493161058,0.03148772759644203,,,
34,raw_no_catalog_correction,LCDM fixed H0=70 Om=0.3,450,0.02695,0.98846,-0.00032282955327344443,0.1564219845699565,0.11974099494579406,0.030547580318319993,0.007215629122214295,,,
35,catalog_bin_median_delta,STAM b=354.95 union-style,450,0.02598,0.99268,-0.0911268489912184,0.2794758020901975,0.19307239988261007,-0.008956016060531908,0.003050179899595662,,,
35,catalog_bin_median_delta,STAM b=461.3626922 original,450,0.02598,0.99268,-0.1053797674004999,0.2850510756617655,0.19629985919083173,-0.022751096489129437,-0.010399964005738838,,,
35,catalog_bin_median_delta,STAM b=1335.412792 DES-style,450,0.02598,0.99268,-0.2190079451970707,0.3477455133852169,0.2510580701562868,-0.1328363047333013,-0.12233231306401748,,,
35,catalog_bin_median_delta,LCDM fixed H0=70 Om=0.3,450,0.02598,0.99268,-0.22758802706403886,0.33191783045844286,0.25566195729585545,-0.15697550717943373,-0.1507725184055495,,,
35,catalog_linear_z_delta,STAM b=354.95 union-style,450,0.02598,0.99268,-0.10278255011787939,0.24152445002643924,0.19420272989871684,-0.0011014538748202244,-0.005752745189440134,0.45874440427775537,-0.6138339164175949,
35,catalog_linear_z_delta,STAM b=461.3626922 original,450,0.02598,0.99268,-0.11703546852716083,0.24885998099941173,0.20013117630956534,-0.014896534303417752,-0.01836179729178511,0.45874440427775537,-0.6138339164175949,
35,catalog_linear_z_delta,STAM b=1335.412792 DES-style,450,0.02598,0.99268,-0.23066364632373165,0.32429828717949694,0.26831561517498465,-0.12498174254758962,-0.12040071815510345,0.45874440427775537,-0.6138339164175949,
35,catalog_linear_z_delta,LCDM fixed H0=70 Om=0.3,450,0.02598,0.99268,-0.23924372819069978,0.3090140330283566,0.2664911471408792,-0.14912094499372203,-0.1657260546147299,0.45874440427775537,-0.6138339164175949,
35,catalog_quadratic_z_delta,STAM b=354.95 union-style,450,0.02598,0.99268,-0.10488183603547038,0.2694381278531261,0.20752241883560546,-0.00561728676940602,-0.00931503135813827,0.6285211612302517,-2.234628113848292,2.200708314790047
35,catalog_quadratic_z_delta,STAM b=461.3626922 original,450,0.02598,0.99268,-0.11913475444475184,0.27604574391696973,0.21171195299722048,-0.019412367198003547,-0.02276593658814008,0.6285211612302517,-2.234628113848292,2.200708314790047
35,catalog_quadratic_z_delta,STAM b=1335.412792 DES-style,450,0.02598,0.99268,-0.23276293224132266,0.3456881936489961,0.2707253027470004,-0.1294975754421754,-0.13141344299114266,0.6285211612302517,-2.234628113848292,2.200708314790047
35,catalog_quadratic_z_delta,LCDM fixed H0=70 Om=0.3,450,0.02598,0.99268,-0.24134301410829082,0.3248313017257617,0.2669892203723746,-0.15363677788830785,-0.1652437298111593,0.6285211612302517,-2.234628113848292,2.200708314790047
35,raw_no_catalog_correction,STAM b=354.95 union-style,450,0.02598,0.99268,0.11947124464405928,0.19011840418938333,0.15213654369135962,0.17372336171724517,0.14982147679376467,,,
35,raw_no_catalog_correction,STAM b=461.3626922 original,450,0.02598,0.99268,0.10521832623477784,0.18161481698167029,0.14415491506534597,0.15992828128864767,0.13612440115842261,,,
35,raw_no_catalog_correction,STAM b=1335.412792 DES-style,450,0.02598,0.99268,-0.00840985156179298,0.14980119647011195,0.11571074430382956,0.0498430730444758,0.023004214660819144,,,
35,raw_no_catalog_correction,LCDM fixed H0=70 Om=0.3,450,0.02598,0.99268,-0.016989933428761123,0.1489330154663367,0.11645043067065326,0.02570387059834338,0.0010042045530980204,,,
36,catalog_bin_median_delta,STAM b=354.95 union-style,450,0.0251,0.98,-0.0802267864720169,0.2580440376133829,0.18127697466914872,0.0009339447432685688,0.013373481026917489,,,
36,catalog_bin_median_delta,STAM b=461.3626922 original,450,0.0251,0.98,-0.09443724303190253,0.2635028820001658,0.18449409236085537,-0.01286149862649648,-0.0003616032254960544,,,
36,catalog_bin_median_delta,STAM b=1335.412792 DES-style,450,0.0251,0.98,-0.20773550127367557,0.3265408889366069,0.24197003641456227,-0.12294965776793183,-0.10801624235770646,,,
36,catalog_bin_median_delta,LCDM fixed H0=70 Om=0.3,450,0.0251,0.98,-0.21678057413477544,0.3078984646469918,0.24000128733683807,-0.1471994370555124,-0.1457614064959074,,,
36,catalog_linear_z_delta,STAM b=354.95 union-style,450,0.0251,0.98,-0.07809108827802311,0.2292042824830947,0.1830474119333762,0.009009066063880198,-0.003094060748757954,0.4592501798257561,-0.6179832858394866,
36,catalog_linear_z_delta,STAM b=461.3626922 original,450,0.0251,0.98,-0.09230154483790873,0.23541222782551743,0.18780711458845056,-0.004786377305884852,-0.016062901818923336,0.4592501798257561,-0.6179832858394866,
36,catalog_linear_z_delta,STAM b=1335.412792 DES-style,450,0.0251,0.98,-0.20559980307968176,0.3047869983060061,0.25125401369352596,-0.11487453644732021,-0.1234572873904014,0.4592501798257561,-0.6179832858394866,
36,catalog_linear_z_delta,LCDM fixed H0=70 Om=0.3,450,0.0251,0.98,-0.21464487594078166,0.28776647779512876,0.24722222909038832,-0.13912431573490078,-0.16260488308135024,0.4592501798257561,-0.6179832858394866,
36,catalog_quadratic_z_delta,STAM b=354.95 union-style,450,0.0251,0.98,-0.08486752061281379,0.2628648590083036,0.20371958163583204,0.005952632118001572,0.018688969579692127,0.6354083979114428,-2.299698868278724,2.2834271440833347
36,catalog_quadratic_z_delta,STAM b=461.3626922 original,450,0.0251,0.98,-0.09907797717269941,0.26856955190433807,0.20720177149361432,-0.007842811251763476,0.004766006159602654,0.6354083979114428,-2.299698868278724,2.2834271440833347
36,catalog_quadratic_z_delta,STAM b=1335.412792 DES-style,450,0.0251,0.98,-0.21237623541447245,0.33284150334630064,0.2569966720924478,-0.11793097039319883,-0.10482319106267113,0.6354083979114428,-2.299698868278724,2.2834271440833347
36,catalog_quadratic_z_delta,LCDM fixed H0=70 Om=0.3,450,0.0251,0.98,-0.22142130827557233,0.31056706062406353,0.2515165986516787,-0.1421807496807794,-0.1474609947732155,0.6354083979114428,-2.299698868278724,2.2834271440833347
36,raw_no_catalog_correction,STAM b=354.95 union-style,450,0.0251,0.98,0.138080102009619,0.20134125602841144,0.16210834539426838,0.18257758918771072,0.1623907732855301,,,
36,raw_no_catalog_correction,STAM b=461.3626922 original,450,0.0251,0.98,0.12386964544973339,0.1919369096382309,0.15318507240861398,0.16878214581794565,0.14916521415112527,,,
36,raw_no_catalog_correction,STAM b=1335.412792 DES-style,450,0.0251,0.98,0.010571387207960341,0.148099408473037,0.11424249882395918,0.05869398667651031,0.04044893430286933,,,
36,raw_no_catalog_correction,LCDM fixed H0=70 Om=0.3,450,0.0251,0.98,0.0015263143468604787,0.14792734937542748,0.1150429654171437,0.03444420738892974,0.008872497009456026,,,
37,catalog_bin_median_delta,STAM b=354.95 union-style,450,0.02598,0.97242,-0.07438063138812337,0.2506941147403521,0.1834439180666979,0.0036697412157103313,0.008035669257857592,,,
37,catalog_bin_median_delta,STAM b=461.3626922 original,450,0.02598,0.97242,-0.0886186879103402,0.25598164536325674,0.1860149621130035,-0.010125567269024315,-0.005409104874491533,,,
37,catalog_bin_median_delta,STAM b=1335.412792 DES-style,450,0.02598,0.97242,-0.20212993049028857,0.31850062931914624,0.24047528396769563,-0.12021273521065783,-0.11550084883551293,,,
37,catalog_bin_median_delta,LCDM fixed H0=70 Om=0.3,450,0.02598,0.97242,-0.20979756109305323,0.30112983138908295,0.24068742795370343,-0.144505890585948,-0.15048056718444158,,,
37,catalog_linear_z_delta,STAM b=354.95 union-style,450,0.02598,0.97242,-0.07040138165612525,0.2185864621692472,0.17763311826243702,0.008753142533353436,-0.008749256406726857,0.41434115496604396,-0.5378762310157795,
37,catalog_linear_z_delta,STAM b=461.3626922 original,450,0.02598,0.97242,-0.08463943817834205,0.22454168817653097,0.18289470733609717,-0.00504216595138121,-0.022120538060036665,0.41434115496604396,-0.5378762310157795,
37,catalog_linear_z_delta,STAM b=1335.412792 DES-style,450,0.02598,0.97242,-0.1981506807582904,0.2932636596950847,0.246302789996124,-0.11512933389301472,-0.13142223425049337,0.41434115496604396,-0.5378762310157795,
37,catalog_linear_z_delta,LCDM fixed H0=70 Om=0.3,450,0.02598,0.97242,-0.20581831136105513,0.2773448722847342,0.2402269301515392,-0.1394224892683049,-0.17297670308134272,0.41434115496604396,-0.5378762310157795,
37,catalog_quadratic_z_delta,STAM b=354.95 union-style,450,0.02598,0.97242,-0.07759748401940816,0.2354143013718176,0.18264342659140387,0.006506866216975438,0.0015928671126026472,0.5600099378542542,-1.9285207591007616,1.8882119523411978
37,catalog_quadratic_z_delta,STAM b=461.3626922 original,450,0.02598,0.97242,-0.09183554054162499,0.24132234676475195,0.18741116582576078,-0.00728844226775921,-0.011660198278747202,0.5600099378542542,-1.9285207591007616,1.8882119523411978
37,catalog_quadratic_z_delta,STAM b=1335.412792 DES-style,450,0.02598,0.97242,-0.2053467831215733,0.3086057225454445,0.2464869104758769,-0.11737561020939272,-0.12169627396704996,0.5600099378542542,-1.9285207591007616,1.8882119523411978
37,catalog_quadratic_z_delta,LCDM fixed H0=70 Om=0.3,450,0.02598,0.97242,-0.21301441372433802,0.2871095934955831,0.24159338444123687,-0.1416687655846829,-0.15883785556800945,0.5600099378542542,-1.9285207591007616,1.8882119523411978
37,raw_no_catalog_correction,STAM b=354.95 union-style,450,0.02598,0.97242,0.13465254485676073,0.1986002747184195,0.1596138880065453,0.17445640788237676,0.14073811600207264,,,
37,raw_no_catalog_correction,STAM b=461.3626922 original,450,0.02598,0.97242,0.12041448833454393,0.1893458119803773,0.15005454914919814,0.1606610993976421,0.1255757065688563,,,
37,raw_no_catalog_correction,STAM b=1335.412792 DES-style,450,0.02598,0.97242,0.006903245754595589,0.14787010208919035,0.11019145158733337,0.0505739314560086,0.010764405455358173,,,
37,raw_no_catalog_correction,LCDM fixed H0=70 Om=0.3,450,0.02598,0.97242,-0.0007643848481691222,0.14915190982372503,0.11508425018832553,0.026280776080718434,-0.0019155043459981869,,,
38,catalog_bin_median_delta,STAM b=354.95 union-style,450,0.02509,0.96329,-0.08852221814128916,0.26536500179498534,0.18629399942548538,-0.014080353243603223,0.003034716174617813,,,
38,catalog_bin_median_delta,STAM b=461.3626922 original,450,0.02509,0.96329,-0.10270849244655643,0.27117982417983844,0.18953893261296265,-0.02788076036260528,-0.010734003531364777,,,
38,catalog_bin_median_delta,STAM b=1335.412792 DES-style,450,0.02509,0.96329,-0.21582184173103233,0.33592323147513603,0.24807160062150582,-0.13800776125354305,-0.11613688569548941,,,
38,catalog_bin_median_delta,LCDM fixed H0=70 Om=0.3,450,0.02509,0.96329,-0.22736725579626038,0.3188435440058308,0.24938435158399652,-0.16241307872489452,-0.1501324910072448,,,
38,catalog_linear_z_delta,STAM b=354.95 union-style,450,0.02509,0.96329,-0.09229483225027936,0.24546722446012714,0.19800604762024535,-0.005536673067583249,-0.012343532793870793,0.46128744710291786,-0.6063547655033467,
38,catalog_linear_z_delta,STAM b=461.3626922 original,450,0.02509,0.96329,-0.10648110655554663,0.252127608288837,0.20358653063845994,-0.019337080186585306,-0.02610064535998191,0.46128744710291786,-0.6063547655033467,
38,catalog_linear_z_delta,STAM b=1335.412792 DES-style,450,0.02509,0.96329,-0.21959445584002255,0.3231239938212322,0.2691873064963496,-0.12946408107752308,-0.13343694811256768,0.46128744710291786,-0.6063547655033467,
38,catalog_linear_z_delta,LCDM fixed H0=70 Om=0.3,450,0.02509,0.96329,-0.23113986990525054,0.3084961365710655,0.26732064290345353,-0.15386939854887455,-0.17387885984707196,0.46128744710291786,-0.6063547655033467,
38,catalog_quadratic_z_delta,STAM b=354.95 union-style,450,0.02509,0.96329,-0.08926639086631317,0.2631291200681467,0.1983158341449155,-0.006472139841378461,0.010450996467248785,0.6297877156547148,-2.214962813133103,2.184162006051577
38,catalog_quadratic_z_delta,STAM b=461.3626922 original,450,0.02509,0.96329,-0.10345266517158046,0.26912293168236234,0.20179013998890324,-0.02027254696038052,-0.00372113921056183,0.6297877156547148,-2.214962813133103,2.184162006051577
38,catalog_quadratic_z_delta,STAM b=1335.412792 DES-style,450,0.02509,0.96329,-0.21656601445605636,0.3350840241014887,0.25603852746567257,-0.1303995478513183,-0.11454158980351536,0.6297877156547148,-2.214962813133103,2.184162006051577
38,catalog_quadratic_z_delta,LCDM fixed H0=70 Om=0.3,450,0.02509,0.96329,-0.2281114285212844,0.31431492869432937,0.2547139024410915,-0.1548048653226698,-0.14560919280391005,0.6297877156547148,-2.214962813133103,2.184162006051577
38,raw_no_catalog_correction,STAM b=354.95 union-style,450,0.02509,0.96329,0.12907113464905418,0.19551101336187787,0.15622116242161035,0.1761603356452852,0.1499963974990628,,,
38,raw_no_catalog_correction,STAM b=461.3626922 original,450,0.02509,0.96329,0.11488486034378692,0.18670566215562798,0.14746514639944408,0.1623599285262831,0.13515396097824706,,,
38,raw_no_catalog_correction,STAM b=1335.412792 DES-style,450,0.02509,0.96329,0.0017715110593110109,0.15010655737772302,0.11408634359302075,0.05223292763534534,0.02209473975152676,,,
38,raw_no_catalog_correction,LCDM fixed H0=70 Om=0.3,450,0.02509,0.96329,-0.009773903005917028,0.1443185587246739,0.10947341959000063,0.027827610163993845,0.000521355353566122,,,
39,catalog_bin_median_delta,STAM b=354.95 union-style,450,0.02509,0.99268,-0.07966406103869092,0.30552073779316935,0.2022391502962464,0.01211070402530257,0.02521295981820515,,,
39,catalog_bin_median_delta,STAM b=461.3626922 original,450,0.02509,0.99268,-0.09391313975570115,0.3102691628053568,0.20329953521193564,-0.0016831541513305916,0.011927883512392157,,,
39,catalog_bin_median_delta,STAM b=1335.412792 DES-style,450,0.02509,0.99268,-0.20751046905147766,0.36623732684866134,0.24828940841129649,-0.11175893131118002,-0.09599505600004221,,,
39,catalog_bin_median_delta,LCDM fixed H0=70 Om=0.3,450,0.02509,0.99268,-0.21538596722126618,0.3435839331691471,0.24828320969727696,-0.13597136465529056,-0.1299176596572913,,,
39,catalog_linear_z_delta,STAM b=354.95 union-style,450,0.02509,0.99268,-0.08137591394980837,0.24881465080817408,0.2023071567811437,0.02167904008745746,0.02064450036258947,0.47156179706307105,-0.6601024297469374,
39,catalog_linear_z_delta,STAM b=461.3626922 original,450,0.02509,0.99268,-0.09562499266681863,0.25491405955709023,0.20709667018479302,0.0078851819108243,0.006686569635331097,0.47156179706307105,-0.6601024297469374,
39,catalog_linear_z_delta,STAM b=1335.412792 DES-style,450,0.02509,0.99268,-0.20922232196259516,0.3225086205507489,0.2645206287983842,-0.10219059524902513,-0.10323358485847578,0.47156179706307105,-0.6601024297469374,
39,catalog_linear_z_delta,LCDM fixed H0=70 Om=0.3,450,0.02509,0.99268,-0.21709782013238366,0.3007896719777288,0.25693886568528074,-0.12640302859313565,-0.1471314083896118,0.47156179706307105,-0.6601024297469374,
39,catalog_quadratic_z_delta,STAM b=354.95 union-style,450,0.02509,0.99268,-0.08826552960069223,0.2888688134391809,0.22218071623231608,0.01736129144126126,0.038104670731545554,0.6669254025195963,-2.5251645489489993,2.5323743877133573
39,catalog_quadratic_z_delta,STAM b=461.3626922 original,450,0.02509,0.99268,-0.10251460831770248,0.2943872150954014,0.22401908020468683,0.0035674332646280977,0.02438031486195058,0.6669254025195963,-2.5251645489489993,2.5323743877133573
39,catalog_quadratic_z_delta,STAM b=1335.412792 DES-style,450,0.02509,0.99268,-0.21611193761347897,0.35617730858593355,0.2686939561919744,-0.10650834389522133,-0.08422385840523106,0.6669254025195963,-2.5251645489489993,2.5323743877133573
39,catalog_quadratic_z_delta,LCDM fixed H0=70 Om=0.3,450,0.02509,0.99268,-0.22398743578326744,0.3286387385337798,0.26134876063288326,-0.13072077723933187,-0.12623706923814382,0.6669254025195963,-2.5251645489489993,2.5323743877133573
39,raw_no_catalog_correction,STAM b=354.95 union-style,450,0.02509,0.99268,0.13491950742868597,0.19699150243304822,0.1581324633383826,0.18783583735863552,0.15168542954920383,,,
39,raw_no_catalog_correction,STAM b=461.3626922 original,450,0.02509,0.99268,0.1206704287116757,0.1877359151170774,0.14868197572645003,0.17404197918200237,0.1379433155521994,,,
39,raw_no_catalog_correction,STAM b=1335.412792 DES-style,450,0.02509,0.99268,0.007073099415899201,0.14663303513923787,0.10990257763933743,0.06396620202215293,0.02476693922289641,,,
39,raw_no_catalog_correction,LCDM fixed H0=70 Om=0.3,450,0.02509,0.99268,-0.0008023987538892897,0.13967536293065363,0.10492435611033715,0.0397537686780424,0.007652151156218423,,,
40,catalog_bin_median_delta,STAM b=354.95 union-style,450,0.0251,0.98846,-0.09233805824983055,0.28530467035627766,0.19492419534192915,0.007806070363991403,0.00812940074025903,,,
40,catalog_bin_median_delta,STAM b=461.3626922 original,450,0.0251,0.98846,-0.10653888146443054,0.29098762371529824,0.1980073210745458,-0.005985588605504783,-0.005874810842936284,,,
40,catalog_bin_median_delta,STAM b=1335.412792 DES-style,450,0.0251,0.98846,-0.21976215627865112,0.3538985101832162,0.25553539346191906,-0.11604419036283962,-0.11487415954812263,,,
40,catalog_bin_median_delta,LCDM fixed H0=70 Om=0.3,450,0.0251,0.98846,-0.22881772065380232,0.3329612470074669,0.2548031092463244,-0.1402204736240959,-0.14988236043331682,,,
40,catalog_linear_z_delta,STAM b=354.95 union-style,450,0.0251,0.98846,-0.08797237948845309,0.2560488426813639,0.2081441731395319,0.018420025454291424,0.007104878281339211,0.4933334039189786,-0.6835505091550407,
40,catalog_linear_z_delta,STAM b=461.3626922 original,450,0.0251,0.98846,-0.10217320270305309,0.2623307705305181,0.21306060960520562,0.004628366484795237,-0.006303233328527114,0.4933334039189786,-0.6835505091550407,
40,catalog_linear_z_delta,STAM b=1335.412792 DES-style,450,0.0251,0.98846,-0.21539647751727375,0.3304872282707249,0.2713104124503993,-0.1054302352725396,-0.11729688856296505,0.4933334039189786,-0.6835505091550407,
40,catalog_linear_z_delta,LCDM fixed H0=70 Om=0.3,450,0.0251,0.98846,-0.22445204189242485,0.31073723992849284,0.26463215126540907,-0.12960651853379587,-0.15921902111292496,0.4933334039189786,-0.6835505091550407,
40,catalog_quadratic_z_delta,STAM b=354.95 union-style,450,0.0251,0.98846,-0.09678626466226814,0.28609856686873963,0.21736591327125138,0.01410244776444284,0.014768239505880132,0.6822695775484933,-2.4872523785997402,2.4490596695013336
40,catalog_quadratic_z_delta,STAM b=461.3626922 original,450,0.0251,0.98846,-0.11098708787686815,0.2920872157182876,0.22060104613563042,0.0003107887949466538,0.0013480892084629659,0.6822695775484933,-2.4872523785997402,2.4490596695013336
40,catalog_quadratic_z_delta,STAM b=1335.412792 DES-style,450,0.0251,0.98846,-0.22421036269108877,0.35688179901487455,0.27309171171944435,-0.10974781296238818,-0.10670160197328826,0.6822695775484933,-2.4872523785997402,2.4490596695013336
40,catalog_quadratic_z_delta,LCDM fixed H0=70 Om=0.3,450,0.0251,0.98846,-0.23326592706623991,0.33151368694446726,0.26720790962127594,-0.13392409622364446,-0.14943318851495846,0.6822695775484933,-2.4872523785997402,2.4490596695013336
40,raw_no_catalog_correction,STAM b=354.95 union-style,450,0.0251,0.98846,0.13518283815124993,0.2010166099338626,0.16057648798001758,0.19519280369732497,0.15378375303356862,,,
40,raw_no_catalog_correction,STAM b=461.3626922 original,450,0.0251,0.98846,0.12098201493664995,0.19192612179419505,0.1512941260490932,0.18140114472782878,0.14061278656367548,,,
40,raw_no_catalog_correction,STAM b=1335.412792 DES-style,450,0.0251,0.98846,0.007758740122429318,0.15136173451034357,0.11432127846027916,0.07134254297049397,0.029254554106834973,,,
40,raw_no_catalog_correction,LCDM fixed H0=70 Om=0.3,450,0.0251,0.98846,-0.0012968242527218047,0.1479866882660042,0.11320505318579764,0.04716625970923769,0.007314633445901109,,,
41,catalog_bin_median_delta,STAM b=354.95 union-style,450,0.0251,0.98536,-0.07663128622114423,0.2776677604149096,0.18989485445753992,-0.0147856821062919,0.01768802755473331,,,
41,catalog_bin_median_delta,STAM b=461.3626922 original,450,0.0251,0.98536,-0.09091228359244517,0.28257581527344844,0.19127582718931335,-0.028579563353962462,0.003274608793208955,,,
41,catalog_bin_median_delta,STAM b=1335.412792 DES-style,450,0.0251,0.98536,-0.2047571812429324,0.34118349219189215,0.2355046759125209,-0.1386554228756834,-0.10205263682513532,,,
41,catalog_bin_median_delta,LCDM fixed H0=70 Om=0.3,450,0.0251,0.98536,-0.21195620628469836,0.3228854807899547,0.2364257551062582,-0.16279316571632288,-0.13091273008149784,,,
41,catalog_linear_z_delta,STAM b=354.95 union-style,450,0.0251,0.98536,-0.09266927917061515,0.24432993304478387,0.19755355319437903,-0.0061757062658821206,-0.008672805550961726,0.46395825443872807,-0.637619391384949,
41,catalog_linear_z_delta,STAM b=461.3626922 original,450,0.0251,0.98536,-0.10695027654191612,0.2510863974427153,0.20279293358684378,-0.019969587513552683,-0.021669196232767973,0.46395825443872807,-0.637619391384949,
41,catalog_linear_z_delta,STAM b=1335.412792 DES-style,450,0.0251,0.98536,-0.2207951741924033,0.3230159919480291,0.26454975345421944,-0.13004544703527363,-0.1282914262412369,0.46395825443872807,-0.637619391384949,
41,catalog_linear_z_delta,LCDM fixed H0=70 Om=0.3,450,0.0251,0.98536,-0.2279941992341693,0.3045972099552776,0.25676361068947706,-0.1541831898759131,-0.16549409816026994,0.46395825443872807,-0.637619391384949,
41,catalog_quadratic_z_delta,STAM b=354.95 union-style,450,0.0251,0.98536,-0.09721175008374115,0.27702433967565004,0.2113281959379307,-0.010574506667081478,0.01710286854427423,0.6441496456765263,-2.3578381456335324,2.335706607127402
41,catalog_quadratic_z_delta,STAM b=461.3626922 original,450,0.0251,0.98536,-0.11149274745504206,0.28314203676197597,0.21453324908494806,-0.024368387914752043,0.0031669347740219678,0.6441496456765263,-2.3578381456335324,2.335706607127402
41,catalog_quadratic_z_delta,STAM b=1335.412792 DES-style,450,0.0251,0.98536,-0.22533764510552928,0.3494319772481284,0.2657757400656326,-0.13444424743647296,-0.10374717249379728,0.6441496456765263,-2.3578381456335324,2.335706607127402
41,catalog_quadratic_z_delta,LCDM fixed H0=70 Om=0.3,450,0.0251,0.98536,-0.23253667014729532,0.3254696208072541,0.25764394033030485,-0.15858199027711242,-0.14059012230476853,0.6441496456765263,-2.3578381456335324,2.335706607127402
41,raw_no_catalog_correction,STAM b=354.95 union-style,450,0.0251,0.98536,0.12837956156318195,0.19652635292853746,0.16224182485385694,0.16273322900481837,0.15951763912289252,,,
41,raw_no_catalog_correction,STAM b=461.3626922 original,450,0.0251,0.98536,0.11409856419188105,0.18763777890509947,0.1532861353034322,0.1489393477571478,0.14627591070777157,,,
41,raw_no_catalog_correction,STAM b=1335.412792 DES-style,450,0.0251,0.98536,0.00025366654139380066,0.15067009682571392,0.11564017046271305,0.03886348823542687,0.032226861775171756,,,
41,raw_no_catalog_correction,LCDM fixed H0=70 Om=0.3,450,0.0251,0.98536,-0.006945358500372168,0.1487716726182264,0.11288347765625008,0.014725745394787392,0.015032262318499079,,,
42,catalog_bin_median_delta,STAM b=354.95 union-style,450,0.0251,0.98846,-0.07728298930217195,0.2977727754550142,0.21133961846802118,0.01845080689399718,0.027769029211775376,,,
42,catalog_bin_median_delta,STAM b=461.3626922 original,450,0.0251,0.98846,-0.09153363167649875,0.30245259299715505,0.21208956648818605,0.004666697466413881,0.015012929650801254,,,
42,catalog_bin_median_delta,STAM b=1335.412792 DES-style,450,0.0251,0.98846,-0.20514215344063766,0.358387981687993,0.252184088725574,-0.10533346215547458,-0.09610679915763853,,,
42,catalog_bin_median_delta,LCDM fixed H0=70 Om=0.3,450,0.0251,0.98846,-0.21227321390455267,0.33849674290094406,0.2525574273374353,-0.1297416791300231,-0.13563453614129628,,,
42,catalog_linear_z_delta,STAM b=354.95 union-style,450,0.0251,0.98846,-0.08123238603756278,0.2498629116032965,0.20356899284601496,0.027390294912222245,0.0014462312906182717,0.46640427438730486,-0.6431360695579232,
42,catalog_linear_z_delta,STAM b=461.3626922 original,450,0.0251,0.98846,-0.09548302841188959,0.2558993231248517,0.20881924966837717,0.013606185484638947,-0.01178890710881575,0.46640427438730486,-0.6431360695579232,
42,catalog_linear_z_delta,STAM b=1335.412792 DES-style,450,0.0251,0.98846,-0.2090915501760285,0.3230648686685018,0.26924704696181795,-0.09639397413724951,-0.1154026742232439,0.46640427438730486,-0.6431360695579232,
42,catalog_linear_z_delta,LCDM fixed H0=70 Om=0.3,450,0.0251,0.98846,-0.2162226106399435,0.3025192032509164,0.2612091966070102,-0.12080219111179802,-0.15979244177708196,0.46640427438730486,-0.6431360695579232,
42,catalog_quadratic_z_delta,STAM b=354.95 union-style,450,0.0251,0.98846,-0.09238878351117472,0.2810055231918134,0.21990901617344427,0.022353984660062734,0.026494216774128887,0.6523124925588821,-2.4179311986195624,2.4098102052477457
42,catalog_quadratic_z_delta,STAM b=461.3626922 original,450,0.0251,0.98846,-0.10663942588550152,0.28684335566350916,0.22305482094214799,0.00856987523247944,0.012894604108385721,0.6523124925588821,-2.4179311986195624,2.4098102052477457
42,catalog_quadratic_z_delta,STAM b=1335.412792 DES-style,450,0.0251,0.98846,-0.22024794764964042,0.3510821272066549,0.2715099999518154,-0.10143028438940903,-0.0959067054013012,0.6523124925588821,-2.4179311986195624,2.4098102052477457
42,catalog_quadratic_z_delta,LCDM fixed H0=70 Om=0.3,450,0.0251,0.98846,-0.22737900811355538,0.3252361711017714,0.26331594959943244,-0.12583850136395752,-0.13474822875404513,0.6523124925588821,-2.4179311986195624,2.4098102052477457
42,raw_no_catalog_correction,STAM b=354.95 union-style,450,0.0251,0.98846,0.13616166282649156,0.20511651610002363,0.16484486080891672,0.19508860689399657,0.16038878585546001,,,
42,raw_no_catalog_correction,STAM b=461.3626922 original,450,0.0251,0.98846,0.12191102045216473,0.19610943463879968,0.15599875386898843,0.18130449746641328,0.14687103878397068,,,
42,raw_no_catalog_correction,STAM b=1335.412792 DES-style,450,0.0251,0.98846,0.008302498688025803,0.15589926816571878,0.1184835542626531,0.0713043378445248,0.036555560605805226,,,
42,raw_no_catalog_correction,LCDM fixed H0=70 Om=0.3,450,0.0251,0.98846,0.0011714382241108056,0.1524529411830595,0.11675247873730946,0.046896120869976306,0.010494569620508543,,,
43,catalog_bin_median_delta,STAM b=354.95 union-style,450,0.0251,0.98536,-0.0906500932613391,0.3114587706129099,0.20968935038957404,0.011274498401326901,0.012243978924356469,,,
43,catalog_bin_median_delta,STAM b=461.3626922 original,450,0.0251,0.98536,-0.10483940340956488,0.31667145127197693,0.21234324252770725,-0.002518883068566582,-0.0010114044518090282,,,
43,catalog_bin_median_delta,STAM b=1335.412792 DES-style,450,0.0251,0.98536,-0.21797310217023944,0.37524962309855886,0.2616959165725452,-0.11259067770789377,-0.10908712766926953,,,
43,catalog_bin_median_delta,LCDM fixed H0=70 Om=0.3,450,0.0251,0.98536,-0.22703349195854458,0.352922880530326,0.2588046795239622,-0.13659220736172697,-0.13996855419611975,,,
43,catalog_linear_z_delta,STAM b=354.95 union-style,450,0.0251,0.98536,-0.0858928247484344,0.27256409677097926,0.21908963377329893,0.021309355423945738,0.0051544147495015125,0.5072696737799284,-0.7204096780873519,
43,catalog_linear_z_delta,STAM b=461.3626922 original,450,0.0251,0.98536,-0.10008213489666018,0.2784633810792845,0.22340110827314105,0.007515973954052255,-0.008755983520593702,0.5072696737799284,-0.7204096780873519,
43,catalog_linear_z_delta,STAM b=1335.412792 DES-style,450,0.0251,0.98536,-0.21321583365733474,0.3433179009811402,0.28121704016288207,-0.10255582068527493,-0.11876915048977921,0.5072696737799284,-0.7204096780873519,
43,catalog_linear_z_delta,LCDM fixed H0=70 Om=0.3,450,0.0251,0.98536,-0.22227622344563996,0.32203227980194116,0.2737442245840923,-0.12655735033910814,-0.1586730881367977,0.5072696737799284,-0.7204096780873519,
43,catalog_quadratic_z_delta,STAM b=354.95 union-style,450,0.0251,0.98536,-0.09906794638902484,0.30355541901594674,0.2319685822746901,0.015178623805755128,0.029283913360416136,0.7000167191313788,-2.560492492043759,2.498457580237779
43,catalog_quadratic_z_delta,STAM b=461.3626922 original,450,0.0251,0.98536,-0.11325725653725062,0.3093426404843514,0.23469525694413454,0.0013852423358616446,0.0161243583388071,0.7000167191313788,-2.560492492043759,2.498457580237779
43,catalog_quadratic_z_delta,STAM b=1335.412792 DES-style,450,0.0251,0.98536,-0.22639095529792522,0.37200664899376135,0.2781210288614574,-0.10868655230346554,-0.09291403052310088,0.7000167191313788,-2.560492492043759,2.498457580237779
43,catalog_quadratic_z_delta,LCDM fixed H0=70 Om=0.3,450,0.0251,0.98536,-0.2354513450862304,0.34571998408931504,0.27124223268167863,-0.13268808195729875,-0.1313543705193716,0.7000167191313788,-2.560492492043759,2.498457580237779
43,raw_no_catalog_correction,STAM b=354.95 union-style,450,0.0251,0.98536,0.13486682541237419,0.20682054455380133,0.1645494914416329,0.1950260984013269,0.15980166413510233,,,
43,raw_no_catalog_correction,STAM b=461.3626922 original,450,0.0251,0.98536,0.1206775152641484,0.19807656752461567,0.15625318208088604,0.1812327169314334,0.14702042686116812,,,
43,raw_no_catalog_correction,STAM b=1335.412792 DES-style,450,0.0251,0.98536,0.007543816503473824,0.15979584544518233,0.12531795592486028,0.0711609222921062,0.03441032770625796,,,
43,raw_no_catalog_correction,LCDM fixed H0=70 Om=0.3,450,0.0251,0.98536,-0.0015165732848313662,0.1538663659470528,0.11928031653743812,0.047159392638273,0.0024543915278769646,,,
44,catalog_bin_median_delta,STAM b=354.95 union-style,450,0.0251,0.98536,-0.07148197429222794,0.2941936117681888,0.20253815419947666,0.004353762226633569,0.01560448127865044,,,
44,catalog_bin_median_delta,STAM b=461.3626922 original,450,0.0251,0.98536,-0.08574453090408192,0.2985996418262358,0.2034815003344039,-0.00944122773416808,0.0032392497173567847,,,
44,catalog_bin_median_delta,STAM b=1335.412792 DES-style,450,0.0251,0.98536,-0.19944655700230884,0.3529605584144302,0.24379777357599292,-0.11952591323577448,-0.10654708755543041,,,
44,catalog_bin_median_delta,LCDM fixed H0=70 Om=0.3,450,0.0251,0.98536,-0.20715617244925308,0.3346231753785852,0.24727768301457267,-0.1438156762843677,-0.142735876139497,,,
44,catalog_linear_z_delta,STAM b=354.95 union-style,450,0.0251,0.98536,-0.08359869212312537,0.2404016565169387,0.19422711495403777,0.012471653250398715,0.004395364828436499,0.45495921600616124,-0.6182589560119555,
44,catalog_linear_z_delta,STAM b=461.3626922 original,450,0.0251,0.98536,-0.09786124873497938,0.24674169810546584,0.1993103510869855,-0.0013233367104029349,-0.010009792939527529,0.45495921600616124,-0.6182589560119555,
44,catalog_linear_z_delta,STAM b=1335.412792 DES-style,450,0.0251,0.98536,-0.2115632748332063,0.3163494980542552,0.2628088112787905,-0.11140802221200934,-0.11820874573140472,0.45495921600616124,-0.6182589560119555,
44,catalog_linear_z_delta,LCDM fixed H0=70 Om=0.3,450,0.0251,0.98536,-0.21927289028015046,0.2972375412496897,0.25568622591940776,-0.13569778526060255,-0.15478046023902436,0.45495921600616124,-0.6182589560119555,
44,catalog_quadratic_z_delta,STAM b=354.95 union-style,450,0.0251,0.98536,-0.08839162562512942,0.2728912673314991,0.20923005844663803,0.009490483160243741,0.01584062809064335,0.6360880481785227,-2.3474271027124134,2.347858058812249
44,catalog_quadratic_z_delta,STAM b=461.3626922 original,450,0.0251,0.98536,-0.10265418223698343,0.2786564669922636,0.2125225942106053,-0.004304506800557909,0.001725921705933331,0.6360880481785227,-2.3474271027124134,2.347858058812249
44,catalog_quadratic_z_delta,STAM b=1335.412792 DES-style,450,0.0251,0.98536,-0.21635620833521038,0.34289197079264233,0.2626322781991605,-0.11438919230216431,-0.10791248132588649,0.6360880481785227,-2.3474271027124134,2.347858058812249
44,catalog_quadratic_z_delta,LCDM fixed H0=70 Om=0.3,450,0.0251,0.98536,-0.2240658237821545,0.3180649305600359,0.25564357487324524,-0.13867895535075755,-0.14496896264876824,0.6360880481785227,-2.3474271027124134,2.347858058812249
44,raw_no_catalog_correction,STAM b=354.95 union-style,450,0.0251,0.98536,0.1338544438908457,0.19888542809664259,0.15782218530173706,0.18158911778218997,0.15225554915988937,,,
44,raw_no_catalog_correction,STAM b=461.3626922 original,450,0.0251,0.98536,0.11959188727899174,0.18975179663558045,0.14880155284761015,0.16779412782138833,0.13736874589120163,,,
44,raw_no_catalog_correction,STAM b=1335.412792 DES-style,450,0.0251,0.98536,0.005889861180764786,0.14960527605737303,0.11533171749552484,0.057709442319781916,0.023959977328406268,,,
44,raw_no_catalog_correction,LCDM fixed H0=70 Om=0.3,450,0.0251,0.98536,-0.001819754266179396,0.14542222837190924,0.1104736568339434,0.033419679271188676,0.003965089299398983,,,
45,catalog_bin_median_delta,STAM b=354.95 union-style,450,0.02598,0.99268,-0.08142206075533573,0.2804112788701409,0.19510589418733335,0.01419228420754512,0.0201923472095622,,,
45,catalog_bin_median_delta,STAM b=461.3626922 original,450,0.02598,0.99268,-0.09557836359121807,0.2855393768562531,0.1970971868036216,0.0004074411153716697,0.0066431572040563935,,,
45,catalog_bin_median_delta,STAM b=1335.412792 DES-style,450,0.02598,0.99268,-0.2084576609801519,0.3450428999843325,0.24620506036611273,-0.10959809172912102,-0.0995218306682446,,,
45,catalog_bin_median_delta,LCDM fixed H0=70 Om=0.3,450,0.02598,0.99268,-0.21940882185823835,0.32786875521397474,0.24845736958756454,-0.13373941238940967,-0.1406366536671939,,,
45,catalog_linear_z_delta,STAM b=354.95 union-style,450,0.02598,0.99268,-0.08011744493717005,0.23869883991291282,0.19275186084486318,0.021797231540930367,0.0072889191970659795,0.4449484978879477,-0.5983015745092639,
45,catalog_linear_z_delta,STAM b=461.3626922 original,450,0.02598,0.99268,-0.09427374777305242,0.2448280249562458,0.1974171232927471,0.008012388448756916,-0.005988392551714128,0.4449484978879477,-0.5983015745092639,
45,catalog_linear_z_delta,STAM b=1335.412792 DES-style,450,0.02598,0.99268,-0.2071530451619862,0.3129464849036944,0.25769336661969094,-0.10199314439573577,-0.11355144773322223,0.4449484978879477,-0.5983015745092639,
45,catalog_linear_z_delta,LCDM fixed H0=70 Om=0.3,450,0.02598,0.99268,-0.2181042060400726,0.29657041864627715,0.25536002368573457,-0.12613446505602444,-0.15710256401042244,0.4449484978879477,-0.5983015745092639,
45,catalog_quadratic_z_delta,STAM b=354.95 union-style,450,0.02598,0.99268,-0.08688060159861859,0.2620400458983817,0.19552589013499472,0.015549654598596115,0.005425948014860182,0.6029768319978299,-2.1069380424952935,2.0484209681620023
45,catalog_quadratic_z_delta,STAM b=461.3626922 original,450,0.02598,0.99268,-0.10103690443450092,0.2678737429105727,0.19988127677155848,0.0017648115064226664,-0.008043984867512677,0.6029768319978299,-2.1069380424952935,2.0484209681620023
45,catalog_quadratic_z_delta,STAM b=1335.412792 DES-style,450,0.02598,0.99268,-0.2139162018234347,0.33283177796629804,0.2555240002537522,-0.10824072133807003,-0.11637230603900761,0.6029768319978299,-2.1069380424952935,2.0484209681620023
45,catalog_quadratic_z_delta,LCDM fixed H0=70 Om=0.3,450,0.02598,0.99268,-0.22486736270152113,0.3120115646316099,0.2526674176106463,-0.13238204199835868,-0.15539396495998403,0.6029768319978299,-2.1069380424952935,2.0484209681620023
45,raw_no_catalog_correction,STAM b=354.95 union-style,450,0.02598,0.99268,0.12402901910608742,0.1935418624045694,0.15658074016570436,0.18875459531865582,0.15675962900883889,,,
45,raw_no_catalog_correction,STAM b=461.3626922 original,450,0.02598,0.99268,0.10987271627020508,0.1849902913346767,0.14777701306907218,0.17496975222648237,0.14292657361123062,,,
45,raw_no_catalog_correction,STAM b=1335.412792 DES-style,450,0.02598,0.99268,-0.0030065811187287173,0.15123007908857808,0.11410549201144794,0.06496421938198967,0.02476693922289641,,,
45,raw_no_catalog_correction,LCDM fixed H0=70 Om=0.3,450,0.02598,0.99268,-0.013957741996815133,0.14606126154950252,0.11107800965200709,0.040822898721701015,0.005289480819175907,,,
46,catalog_bin_median_delta,STAM b=354.95 union-style,450,0.0251,0.98,-0.06536507393094658,0.29438094010884963,0.20105051114443537,0.0007679160017948068,0.03532802950393332,,,
46,catalog_bin_median_delta,STAM b=461.3626922 original,450,0.0251,0.98,-0.07958283339437675,0.2984533472342765,0.20080359971069117,-0.013020231947070518,0.02148186449649714,,,
46,catalog_bin_median_delta,STAM b=1335.412792 DES-style,450,0.0251,0.98,-0.19293855384591188,0.35047337658430167,0.23779192026087823,-0.12305157265478003,-0.08720252925573035,,,
46,catalog_bin_median_delta,LCDM fixed H0=70 Om=0.3,450,0.0251,0.98,-0.20244141853948652,0.33269240870722966,0.24154113256235848,-0.1472707498169202,-0.12567835029035734,,,
46,catalog_linear_z_delta,STAM b=354.95 union-style,450,0.0251,0.98,-0.06863587186479747,0.22783983645907624,0.18299397877230075,0.013571105149520138,0.004407246486682226,0.4400319814561017,-0.5982666971944207,
46,catalog_linear_z_delta,STAM b=461.3626922 original,450,0.0251,0.98,-0.08285363132822764,0.23352089516960636,0.18786169652674425,-0.00021704279934518745,-0.009600648665152534,0.4400319814561017,-0.5982666971944207,
46,catalog_linear_z_delta,STAM b=1335.412792 DES-style,450,0.0251,0.98,-0.1962093517797628,0.299863888140307,0.24645261307088234,-0.1102483835070547,-0.1208261851012864,0.4400319814561017,-0.5982666971944207,
46,catalog_linear_z_delta,LCDM fixed H0=70 Om=0.3,450,0.0251,0.98,-0.20571221647333746,0.2819445188241925,0.24092932650583643,-0.13446756066919488,-0.15430946767351372,0.4400319814561017,-0.5982666971944207,
46,catalog_quadratic_z_delta,STAM b=354.95 union-style,450,0.0251,0.98,-0.07207939476463543,0.26837582800787413,0.2066173545828993,0.00821207189050172,0.03973473044043274,0.6284644063494845,-2.397159468838331,2.442529894448084
46,catalog_quadratic_z_delta,STAM b=461.3626922 original,450,0.0251,0.98,-0.08629715422806557,0.2732937919973997,0.20776916460133768,-0.005576076058363605,0.02666755806213672,0.6284644063494845,-2.397159468838331,2.442529894448084
46,catalog_quadratic_z_delta,STAM b=1335.412792 DES-style,450,0.0251,0.98,-0.1996528746796007,0.3322978175226981,0.24853958240921215,-0.11560741676607313,-0.08540167892584094,0.6284644063494845,-2.397159468838331,2.442529894448084
46,catalog_quadratic_z_delta,LCDM fixed H0=70 Om=0.3,450,0.0251,0.98,-0.2091557393731754,0.30854587529457284,0.2422067707732758,-0.13982659392821328,-0.12360779361966223,0.6284644063494845,-2.397159468838331,2.442529894448084
46,raw_no_catalog_correction,STAM b=354.95 union-style,450,0.0251,0.98,0.1372189475515428,0.20068293968067952,0.1657286682369536,0.17611502711290566,0.16267183478638003,,,
46,raw_no_catalog_correction,STAM b=461.3626922 original,450,0.0251,0.98,0.12300118808811268,0.19138228136556054,0.15593913691615469,0.16232687916404032,0.14859899225855955,,,
46,raw_no_catalog_correction,STAM b=1335.412792 DES-style,450,0.0251,0.98,0.00964546763657753,0.14879384003384777,0.1113984424936828,0.05229553845633081,0.030836011821754994,,,
46,raw_no_catalog_correction,LCDM fixed H0=70 Om=0.3,450,0.0251,0.98,0.00014260294300288842,0.14429760397403615,0.10752695206409991,0.02807636129419063,0.008976175873733894,,,
47,catalog_bin_median_delta,STAM b=354.95 union-style,450,0.02509,0.99268,-0.08692801810732541,0.2948251821441152,0.19919676338627537,-0.0003552010346453945,0.009180697163628793,,,
47,catalog_bin_median_delta,STAM b=461.3626922 original,450,0.02509,0.99268,-0.10115332356976965,0.300027512295645,0.2020437735626106,-0.01415937846618841,-0.0053541481675480895,,,
47,catalog_bin_median_delta,STAM b=1335.412792 DES-style,450,0.02509,0.99268,-0.21456771316018997,0.35944008462894445,0.25730009139008925,-0.12431517530419262,-0.12089026871262121,,,
47,catalog_bin_median_delta,LCDM fixed H0=70 Om=0.3,450,0.02509,0.99268,-0.22401878404227374,0.34027579177026035,0.258268421531618,-0.14829885988414523,-0.14904805665818444,,,
47,catalog_linear_z_delta,STAM b=354.95 union-style,450,0.02509,0.99268,-0.0960592981536261,0.2567141373988779,0.2088886935106328,0.011347860074345956,-0.006354159663960246,0.4904522398630651,-0.6840811050597474,
47,catalog_linear_z_delta,STAM b=461.3626922 original,450,0.02509,0.99268,-0.11028460361607038,0.26340385378955183,0.2144778629966442,-0.002456317357197059,-0.019547430721605252,0.4904522398630651,-0.6840811050597474,
47,catalog_linear_z_delta,STAM b=1335.412792 DES-style,450,0.02509,0.99268,-0.2236989932064907,0.3340787715638637,0.2757989400529363,-0.11261211419520126,-0.12742284632550138,0.4904522398630651,-0.6840811050597474,
47,catalog_linear_z_delta,LCDM fixed H0=70 Om=0.3,450,0.02509,0.99268,-0.2331500640885745,0.3158947770726918,0.271097010114106,-0.13659579877515385,-0.16889007835260372,0.4904522398630651,-0.6840811050597474,
47,catalog_quadratic_z_delta,STAM b=354.95 union-style,450,0.02509,0.99268,-0.09852035772572411,0.2904657163648711,0.22015655265314202,0.007703421947691614,0.018825964771227888,0.6855573732204426,-2.54667568932937,2.529023977987395
47,catalog_quadratic_z_delta,STAM b=461.3626922 original,450,0.02509,0.99268,-0.11274566318816834,0.29641287979749825,0.2228975099134611,-0.006100755483851401,0.005948503506974845,0.6855573732204426,-2.54667568932937,2.529023977987395
47,catalog_quadratic_z_delta,STAM b=1335.412792 DES-style,450,0.02509,0.99268,-0.22616005277858864,0.3608020695093212,0.27208599529100747,-0.1162565523218556,-0.10128941904555333,0.6855573732204426,-2.54667568932937,2.529023977987395
47,catalog_quadratic_z_delta,LCDM fixed H0=70 Om=0.3,450,0.02509,0.99268,-0.23561112366067244,0.3363024290953188,0.2658680400613026,-0.1402402369018082,-0.1378335663095136,0.6855573732204426,-2.54667568932937,2.529023977987395
47,raw_no_catalog_correction,STAM b=354.95 union-style,450,0.02509,0.99268,0.1276310439576931,0.19349276424465908,0.15641439725043127,0.18657079896535342,0.14817800578295248,,,
47,raw_no_catalog_correction,STAM b=461.3626922 original,450,0.02509,0.99268,0.11340573849524883,0.18462065025854027,0.14781701090386754,0.1727666215338104,0.13395306414864905,,,
47,raw_no_catalog_correction,STAM b=1335.412792 DES-style,450,0.02509,0.99268,-8.651095171487665e-06,0.14810098697614116,0.11338562054003452,0.06261082469580621,0.02280541764149291,,,
47,raw_no_catalog_correction,LCDM fixed H0=70 Om=0.3,450,0.02509,0.99268,-0.009459721977255283,0.14368365813358777,0.11201462028942816,0.038627140115853616,0.0036106218757545605,,,
48,catalog_bin_median_delta,STAM b=354.95 union-style,450,0.0251,0.98,-0.09198153279073346,0.30640736642955424,0.20778073257914112,0.0019653620669179378,0.012798038934487721,,,
48,catalog_bin_median_delta,STAM b=461.3626922 original,450,0.0251,0.98,-0.10618404526133526,0.3117041720448699,0.20986980950941805,-0.011827629111349864,-0.0008397633299743745,,,
48,catalog_bin_median_delta,STAM b=1335.412792 DES-style,450,0.0251,0.98,-0.21942106068995051,0.37110495746043887,0.2589671168163468,-0.12189648209522153,-0.10597571621718416,,,
48,catalog_bin_median_delta,LCDM fixed H0=70 Om=0.3,450,0.0251,0.98,-0.22891969340676424,0.3495066953133722,0.25621194273011205,-0.14598382827869802,-0.1437093136581069,,,
48,catalog_linear_z_delta,STAM b=354.95 union-style,450,0.0251,0.98,-0.0878802051908969,0.26112540597491196,0.20831773938783776,0.014938423072335432,-0.00702889872707857,0.492867883019005,-0.6874473397831649,
48,catalog_linear_z_delta,STAM b=461.3626922 original,450,0.0251,0.98,-0.1020827176614987,0.2672851252850868,0.21360589384080364,0.0011454318940676306,-0.020201691140371736,0.492867883019005,-0.6874473397831649,
48,catalog_linear_z_delta,STAM b=1335.412792 DES-style,450,0.0251,0.98,-0.21531973309011398,0.3344149391394482,0.2745672310655969,-0.10892342108980402,-0.12742538426406114,0.492867883019005,-0.6874473397831649,
48,catalog_linear_z_delta,LCDM fixed H0=70 Om=0.3,450,0.0251,0.98,-0.22481836580692768,0.31465483694074314,0.26792563423195553,-0.1330107672732805,-0.1630742982212965,0.492867883019005,-0.6874473397831649,
48,catalog_quadratic_z_delta,STAM b=354.95 union-style,450,0.0251,0.98,-0.09425880585281714,0.30007315420926944,0.22699447216876464,0.009974982562403862,0.01784795578912579,0.6961263278285444,-2.6278784908992545,2.634710178077
48,catalog_quadratic_z_delta,STAM b=461.3626922 original,450,0.0251,0.98,-0.10846131832341899,0.3056631423072483,0.22973937193226712,-0.003818008615863941,0.003413195682107073,0.6961263278285444,-2.6278784908992545,2.634710178077
48,catalog_quadratic_z_delta,STAM b=1335.412792 DES-style,450,0.0251,0.98,-0.2216983337520342,0.3672468152283488,0.27634944546866924,-0.1138868615997356,-0.10231130701541602,0.6961263278285444,-2.6278784908992545,2.634710178077
48,catalog_quadratic_z_delta,LCDM fixed H0=70 Om=0.3,450,0.0251,0.98,-0.23119696646884796,0.3415484528771621,0.2682445703863195,-0.1379742077832121,-0.14437348976179365,0.6961263278285444,-2.6278784908992545,2.634710178077
48,raw_no_catalog_correction,STAM b=354.95 union-style,450,0.0251,0.98,0.13380799963815518,0.20554033233687963,0.16246965754220893,0.1895636509558061,0.15109252814923835,,,
48,raw_no_catalog_correction,STAM b=461.3626922 original,450,0.0251,0.98,0.11960548716755333,0.19677637892838376,0.15406475734929792,0.1757706597775383,0.1379433155521994,,,
48,raw_no_catalog_correction,STAM b=1335.412792 DES-style,450,0.0251,0.98,0.006368471738938086,0.1586253903044721,0.12325706935888174,0.06570180679366663,0.027242735449060973,,,
48,raw_no_catalog_correction,LCDM fixed H0=70 Om=0.3,450,0.0251,0.98,-0.0031301609778756345,0.15343958964477544,0.11899338232359531,0.04161446061019014,0.005260780366239004,,,
49,catalog_bin_median_delta,STAM b=354.95 union-style,450,0.02517,0.96296,-0.09148195507158444,0.28951904497296166,0.2000205086765874,-0.002581170419912632,-0.00024675437463628214,,,
49,catalog_bin_median_delta,STAM b=461.3626922 original,450,0.02517,0.96296,-0.10569883337299914,0.2949923423251431,0.2026619281101498,-0.01638153025187184,-0.013649735319482659,,,
49,catalog_bin_median_delta,STAM b=1335.412792 DES-style,450,0.02517,0.96296,-0.21904724378476523,0.35640889615323346,0.2533817958617456,-0.12650777010287725,-0.12430783736945017,,,
49,catalog_bin_median_delta,LCDM fixed H0=70 Om=0.3,450,0.02517,0.96296,-0.22822326980861946,0.3387004374046952,0.25828989210439574,-0.15060825065409372,-0.16056198520995224,,,
49,catalog_linear_z_delta,STAM b=354.95 union-style,450,0.02517,0.96296,-0.0934267205585653,0.24088127315030466,0.19459519349656826,0.002779704636439959,-0.012476361218546117,0.4866028434492804,-0.6595778119822103,
49,catalog_linear_z_delta,STAM b=461.3626922 original,450,0.02517,0.96296,-0.10764359885997997,0.24774370942871682,0.19988161006628222,-0.01102065519551925,-0.02592668139720189,0.4866028434492804,-0.6595778119822103,
49,catalog_linear_z_delta,STAM b=1335.412792 DES-style,450,0.02517,0.96296,-0.22099200927174606,0.3203045131983214,0.2651440093492955,-0.12114689504652466,-0.13359215578827488,0.4866028434492804,-0.6595778119822103,
49,catalog_linear_z_delta,LCDM fixed H0=70 Om=0.3,450,0.02517,0.96296,-0.23016803529560034,0.30352510208860617,0.2623546184759177,-0.14524737559774117,-0.17843426976846644,0.4866028434492804,-0.6595778119822103,
49,catalog_quadratic_z_delta,STAM b=354.95 union-style,450,0.02517,0.96296,-0.0979807931258214,0.2672463901219476,0.19989403771358605,-0.0005697843721455974,-0.008809609265870932,0.66250715439033,-2.338869439375416,2.280135906964559
49,catalog_quadratic_z_delta,STAM b=461.3626922 original,450,0.02517,0.96296,-0.11219767142723612,0.27361089429453983,0.20420873910794937,-0.014370144204104807,-0.02235737274698124,0.66250715439033,-2.338869439375416,2.280135906964559
49,catalog_quadratic_z_delta,STAM b=1335.412792 DES-style,450,0.02517,0.96296,-0.22554608183900215,0.3417500761121455,0.26439517546388397,-0.12449638405511022,-0.1294078488200796,0.66250715439033,-2.338869439375416,2.280135906964559
49,catalog_quadratic_z_delta,LCDM fixed H0=70 Om=0.3,450,0.02517,0.96296,-0.23472210786285644,0.3190324889556521,0.2613055666703492,-0.1485968646063267,-0.16861647989250983,0.66250715439033,-2.338869439375416,2.280135906964559
49,raw_no_catalog_correction,STAM b=354.95 union-style,450,0.02517,0.96296,0.13469616311392463,0.19564691824206332,0.1563916932341337,0.18501038513564147,0.14764686314040532,,,
49,raw_no_catalog_correction,STAM b=461.3626922 original,450,0.02517,0.96296,0.12047928481250993,0.1862320595933658,0.1467833777803073,0.17121002530368223,0.1341696524069178,,,
49,raw_no_catalog_correction,STAM b=1335.412792 DES-style,450,0.02517,0.96296,0.007130874400743853,0.14355649729590558,0.10780801824278256,0.06108378545267682,0.021875400476403684,,,
49,raw_no_catalog_correction,LCDM fixed H0=70 Om=0.3,450,0.02517,0.96296,-0.0020451516231104134,0.1439220227150297,0.1097884559957794,0.036983304901460345,0.0005729364509150514,,,
50,catalog_bin_median_delta,STAM b=354.95 union-style,450,0.02598,0.99268,-0.06650586047397093,0.3022297187568729,0.20784876455629472,0.000786133245740896,0.02720615240161095,,,
50,catalog_bin_median_delta,STAM b=461.3626922 original,450,0.02598,0.99268,-0.08073841711403669,0.3063101936829924,0.207555940479966,-0.013007248137073412,0.01409400662440774,,,
50,catalog_bin_median_delta,STAM b=1335.412792 DES-style,450,0.02598,0.99268,-0.19420909898630476,0.3579816318888444,0.23870460564386498,-0.12307950424481899,-0.09322793060410817,,,
50,catalog_bin_median_delta,LCDM fixed H0=70 Om=0.3,450,0.02598,0.99268,-0.20354705509243934,0.3379317420829255,0.24224764707907376,-0.14744299000862995,-0.13091273008149784,,,
50,catalog_linear_z_delta,STAM b=354.95 union-style,450,0.02598,0.99268,-0.0689813171383883,0.22917138533089315,0.1847369406775369,0.013812769273690894,-0.005473632926214833,0.43594333892879955,-0.6004755179051599,
50,catalog_linear_z_delta,STAM b=461.3626922 original,450,0.02598,0.99268,-0.08321387377845404,0.2348813083331484,0.18973357599934793,1.938789087658519e-05,-0.018182771110318185,0.43594333892879955,-0.6004755179051599,
50,catalog_linear_z_delta,STAM b=1335.412792 DES-style,450,0.02598,0.99268,-0.19668455565072213,0.3013429086175791,0.2478045143134147,-0.110052868216869,-0.12662074332247641,0.43594333892879955,-0.6004755179051599,
50,catalog_linear_z_delta,LCDM fixed H0=70 Om=0.3,450,0.02598,0.99268,-0.20602251175685665,0.28199584905647695,0.24081540917997887,-0.13441635398067997,-0.16257854079447043,0.43594333892879955,-0.6004755179051599,
50,catalog_quadratic_z_delta,STAM b=354.95 union-style,450,0.02598,0.99268,-0.070289143445661,0.2721221958291199,0.20866291711172683,0.011059368075417209,0.03590509682515375,0.6300164781565148,-2.4532180462917315,2.5156468932631433
50,catalog_quadratic_z_delta,STAM b=461.3626922 original,450,0.02598,0.99268,-0.08452170008572679,0.2769225588154467,0.21034380690319093,-0.0027340133073970995,0.02149956116029017,0.6300164781565148,-2.4532180462917315,2.5156468932631433
50,catalog_quadratic_z_delta,STAM b=1335.412792 DES-style,450,0.02598,0.99268,-0.19799238195799485,0.3349857039056128,0.25089576626945814,-0.11280626941514267,-0.08964034608405669,0.6300164781565148,-2.4532180462917315,2.5156468932631433
50,catalog_quadratic_z_delta,LCDM fixed H0=70 Om=0.3,450,0.02598,0.99268,-0.20733033806412937,0.31005096969917223,0.24304701564101877,-0.13716975517895366,-0.12626161123193214,0.6300164781565148,-2.4532180462917315,2.5156468932631433
50,raw_no_catalog_correction,STAM b=354.95 union-style,450,0.02598,0.99268,0.13362551407960216,0.19508954112172697,0.15739864002082382,0.17199811102351892,0.15504968208747272,,,
50,raw_no_catalog_correction,STAM b=461.3626922 original,450,0.02598,0.99268,0.11939295743953642,0.1858277310251967,0.1478055999482283,0.15820472964070462,0.1407389945922688,,,
50,raw_no_catalog_correction,STAM b=1335.412792 DES-style,450,0.02598,0.99268,0.005922275567268344,0.1449576988250653,0.11217195697686604,0.04813247353295902,0.029130093553980885,,,
50,raw_no_catalog_correction,LCDM fixed H0=70 Om=0.3,450,0.02598,0.99268,-0.0034156805388661994,0.13746619744420283,0.1049652505799682,0.02376898776914803,0.006907135199270442,,,
51,catalog_bin_median_delta,STAM b=354.95 union-style,450,0.02509,0.99268,-0.09355023642270581,0.298520193272938,0.20055064709528192,-0.009870706440180486,0.011406397624813991,,,
51,catalog_bin_median_delta,STAM b=461.3626922 original,450,0.02509,0.99268,-0.10772480336762909,0.30401152979709856,0.20271581775727654,-0.023660848293092174,-0.0024728244997866966,,,
51,catalog_bin_median_delta,STAM b=1335.412792 DES-style,450,0.02509,0.99268,-0.22074558521653817,0.3649721913890149,0.25503149388653584,-0.13370763817759718,-0.11101385803972263,,,
51,catalog_bin_median_delta,LCDM fixed H0=70 Om=0.3,450,0.02509,0.99268,-0.2311979987572447,0.34339320184469,0.2544026202418483,-0.15786536777299248,-0.14943305459712164,,,
51,catalog_linear_z_delta,STAM b=354.95 union-style,450,0.02509,0.99268,-0.08213130149517425,0.24545030429668835,0.1933308135366755,0.003020898069909224,0.005382505102875967,0.4765758614138884,-0.6675934791749474,
51,catalog_linear_z_delta,STAM b=461.3626922 original,450,0.02509,0.99268,-0.09630586844009754,0.25160355077644536,0.1980790233955744,-0.010769243783002464,-0.008269643925139292,0.4765758614138884,-0.6675934791749474,
51,catalog_linear_z_delta,STAM b=1335.412792 DES-style,450,0.02509,0.99268,-0.20932665028900663,0.31950262200173396,0.25674761604383023,-0.12081603366750747,-0.11727142680143388,0.4765758614138884,-0.6675934791749474,
51,catalog_linear_z_delta,LCDM fixed H0=70 Om=0.3,450,0.02509,0.99268,-0.21977906382971316,0.30034131793535396,0.25236655458092466,-0.14497376326290282,-0.160640154764927,0.4765758614138884,-0.6675934791749474,
51,catalog_quadratic_z_delta,STAM b=354.95 union-style,450,0.02509,0.99268,-0.08915132008320345,0.2885312140374147,0.21664223691226445,-0.0030572384768825286,0.023186553811598287,0.6709588312254757,-2.523293842435624,2.5196630304208014
51,catalog_quadratic_z_delta,STAM b=461.3626922 original,450,0.02509,0.99268,-0.10332588702812676,0.29400708432834444,0.2189902923221735,-0.016847380329794215,0.008514239482675379,0.6709588312254757,-2.523293842435624,2.5196630304208014
51,catalog_quadratic_z_delta,STAM b=1335.412792 DES-style,450,0.02509,0.99268,-0.21634666887703577,0.3553474850874626,0.26316051031460647,-0.12689417021429922,-0.0997737145445754,0.6709588312254757,-2.523293842435624,2.5196630304208014
51,catalog_quadratic_z_delta,LCDM fixed H0=70 Om=0.3,450,0.02509,0.99268,-0.22679908241774233,0.331005952987004,0.25816197843406236,-0.15105189980969455,-0.1379227372890206,0.6709588312254757,-2.523293842435624,2.5196630304208014
51,raw_no_catalog_correction,STAM b=354.95 union-style,450,0.02509,0.99268,0.12791644114322334,0.19311461095542679,0.15451348278569968,0.17015691578204098,0.1472149444183195,,,
51,raw_no_catalog_correction,STAM b=461.3626922 original,450,0.02509,0.99268,0.11374187419830005,0.18419777323120912,0.14650624770756795,0.1563667739291293,0.13360926540865137,,,
51,raw_no_catalog_correction,STAM b=1335.412792 DES-style,450,0.02509,0.99268,0.0007210923493910034,0.14697467503702158,0.11384013920204553,0.0463199840446243,0.023556935272800672,,,
51,raw_no_catalog_correction,LCDM fixed H0=70 Om=0.3,450,0.02509,0.99268,-0.009731321191315543,0.14113512079567228,0.11122850155305257,0.022162254449228983,-0.0014396952862902879,,,
52,catalog_bin_median_delta,STAM b=354.95 union-style,450,0.0251,0.98846,-0.09210005916423487,0.28870300593693166,0.19535853946514173,0.0014035127132480184,0.013988212371597086,,,
52,catalog_bin_median_delta,STAM b=461.3626922 original,450,0.0251,0.98846,-0.10629900795516636,0.29429313921606626,0.19787676517062844,-0.012388611637077215,0.00013944733186477265,,,
52,catalog_bin_median_delta,STAM b=1335.412792 DES-style,450,0.0251,0.98846,-0.21950745540381358,0.35644133145298695,0.25339668142213284,-0.12245072641818232,-0.10643319361905412,,,
52,catalog_bin_median_delta,LCDM fixed H0=70 Om=0.3,450,0.0251,0.98846,-0.2283665733173694,0.33552641386072535,0.25217206865244907,-0.14653057767110267,-0.13942505826330276,,,
52,catalog_linear_z_delta,STAM b=354.95 union-style,450,0.0251,0.98846,-0.08817706230232537,0.2524376182674274,0.2022958905228017,0.011617686778533818,0.005985601673963004,0.48429776500755906,-0.6698716659445878,
52,catalog_linear_z_delta,STAM b=461.3626922 original,450,0.0251,0.98846,-0.10237601109325685,0.25879296813166514,0.2069177263340892,-0.0021744375717914167,-0.006610856359440476,0.48429776500755906,-0.6698716659445878,
52,catalog_linear_z_delta,STAM b=1335.412792 DES-style,450,0.0251,0.98846,-0.21558445854190408,0.3275972394832196,0.2672552701636141,-0.11223655235289652,-0.1129036541274111,0.48429776500755906,-0.6698716659445878,
52,catalog_linear_z_delta,LCDM fixed H0=70 Om=0.3,450,0.0251,0.98846,-0.22444357645545993,0.3081505148404047,0.26187217450735284,-0.13631640360581687,-0.1576268599477011,0.48429776500755906,-0.6698716659445878,
52,catalog_quadratic_z_delta,STAM b=354.95 union-style,450,0.0251,0.98846,-0.09928591106438969,0.2840736384825373,0.21484222255559435,0.006069127935042739,0.009819073526074362,0.6666720228267968,-2.410929418136527,2.3640017207936124
52,catalog_quadratic_z_delta,STAM b=461.3626922 original,450,0.0251,0.98846,-0.11348485985532122,0.29017445324132635,0.21874422611508423,-0.007722996415282495,-0.003936452729661255,0.6666720228267968,-2.410929418136527,2.3640017207936124
52,catalog_quadratic_z_delta,STAM b=1335.412792 DES-style,450,0.0251,0.98846,-0.22669330730396842,0.3557819619221932,0.27107457571128,-0.1177851111963876,-0.11255688662282992,0.6666720228267968,-2.410929418136527,2.3640017207936124
52,catalog_quadratic_z_delta,LCDM fixed H0=70 Om=0.3,450,0.0251,0.98846,-0.23555242521752426,0.33151243033179967,0.2653726888525895,-0.14186496244930796,-0.14992159344051714,0.6666720228267968,-2.410929418136527,2.3640017207936124
52,raw_no_catalog_correction,STAM b=354.95 union-style,450,0.0251,0.98846,0.1309094514702798,0.19870618512156285,0.1578298930127543,0.1856452016021371,0.15766917082518717,,,
52,raw_no_catalog_correction,STAM b=461.3626922 original,450,0.0251,0.98846,0.11671050267934832,0.18980149685557915,0.1499121467971082,0.1718530772518119,0.14224268405749996,,,
52,raw_no_catalog_correction,STAM b=1335.412792 DES-style,450,0.0251,0.98846,0.0035020552307010867,0.151643058985421,0.11698301561647037,0.06179096247070678,0.03222934805425126,,,
52,raw_no_catalog_correction,LCDM fixed H0=70 Om=0.3,450,0.0251,0.98846,-0.005357062682854762,0.14839064263918514,0.11469335321242576,0.03771111121778642,0.008505316818471442,,,
53,catalog_bin_median_delta,STAM b=354.95 union-style,450,0.02534,0.96859,-0.07276939427425001,0.26971372406388544,0.1904531370262225,0.013600178834964333,0.021668151488754006,,,
53,catalog_bin_median_delta,STAM b=461.3626922 original,450,0.02534,0.96859,-0.08695070518142531,0.2745974183895341,0.1924310282620071,-0.00018901058285614958,0.006823542167062158,,,
53,catalog_bin_median_delta,STAM b=1335.412792 DES-style,450,0.02534,0.96859,-0.20002331366059325,0.3332116039449139,0.23923200435789224,-0.11022850514222882,-0.10368335677388885,,,
53,catalog_bin_median_delta,LCDM fixed H0=70 Om=0.3,450,0.02534,0.96859,-0.20996905021451112,0.31359018226428004,0.238383056576895,-0.13447914765086094,-0.13755386048864437,,,
53,catalog_linear_z_delta,STAM b=354.95 union-style,450,0.02534,0.96859,-0.06523312646294292,0.2282271059216956,0.18223722073457102,0.02566302737912098,0.00858500673836815,0.42649551616205694,-0.571325072456129,
53,catalog_linear_z_delta,STAM b=461.3626922 original,450,0.02534,0.96859,-0.0794144373701182,0.23369688279161918,0.1865175849290263,0.011873837961300496,-0.004411595319023576,0.42649551616205694,-0.571325072456129,
53,catalog_linear_z_delta,STAM b=1335.412792 DES-style,450,0.02534,0.96859,-0.19248704584928616,0.2986279210535708,0.24436203543879229,-0.09816565659807217,-0.10741542516908709,0.42649551616205694,-0.571325072456129,
53,catalog_linear_z_delta,LCDM fixed H0=70 Om=0.3,450,0.02534,0.96859,-0.20243278240320403,0.28064515555054564,0.23974910218622736,-0.12241629910670429,-0.14746070781119158,0.42649551616205694,-0.571325072456129,
53,catalog_quadratic_z_delta,STAM b=354.95 union-style,450,0.02534,0.96859,-0.07318523614930664,0.26257264505650063,0.20104960569298755,0.020834911416128234,0.025981074152191752,0.6020900036020274,-2.2476589325919627,2.2761198616166483
53,catalog_quadratic_z_delta,STAM b=461.3626922 original,450,0.02534,0.96859,-0.08736654705648197,0.2676495564951984,0.203890307779543,0.007045721998307752,0.012118734243745877,0.6020900036020274,-2.2476589325919627,2.2761198616166483
53,catalog_quadratic_z_delta,STAM b=1335.412792 DES-style,450,0.02534,0.96859,-0.20043915553564992,0.3279093312953058,0.2517900614021577,-0.10299377256106491,-0.09505000483572346,0.6020900036020274,-2.2476589325919627,2.2761198616166483
53,catalog_quadratic_z_delta,LCDM fixed H0=70 Om=0.3,450,0.02534,0.96859,-0.21038489208956776,0.3052777700772591,0.2460528983061899,-0.12724441506969703,-0.13479185888865786,0.6020900036020274,-2.2476589325919627,2.2761198616166483
53,raw_no_catalog_correction,STAM b=354.95 union-style,450,0.02534,0.96859,0.13365101345925584,0.1996566489254194,0.1597055389268123,0.1872966455016308,0.15940518188808994,,,
53,raw_no_catalog_correction,STAM b=461.3626922 original,450,0.02534,0.96859,0.11946970255208055,0.19063715721539612,0.15076793075667633,0.1735074560838103,0.1466761651444557,,,
53,raw_no_catalog_correction,STAM b=1335.412792 DES-style,450,0.02534,0.96859,0.006397094072912609,0.15095337036060175,0.11448543821720862,0.06346796152443764,0.03666006710287206,,,
53,raw_no_catalog_correction,LCDM fixed H0=70 Om=0.3,450,0.02534,0.96859,-0.003548642481005253,0.14512517701452946,0.11146653071389981,0.03921731901580551,0.009396776049090505,,,
54,catalog_bin_median_delta,STAM b=354.95 union-style,450,0.0251,0.99268,-0.10271523225564473,0.2991289855157614,0.20199334222332233,-0.01488324745515287,0.002866897333920093,,,
54,catalog_bin_median_delta,STAM b=461.3626922 original,450,0.0251,0.99268,-0.11698111217473171,0.30504134526268406,0.20503890705618436,-0.028679260438579237,-0.01088484962473757,,,
54,catalog_bin_median_delta,STAM b=1335.412792 DES-style,450,0.0251,0.99268,-0.23070900443647563,0.3689345967729533,0.26178964803494287,-0.1387717498252411,-0.12206507683869816,,,
54,catalog_bin_median_delta,LCDM fixed H0=70 Om=0.3,450,0.0251,0.99268,-0.23843579971094067,0.3471014222327526,0.2592577591132562,-0.16294487177558334,-0.1587950501651072,,,
54,catalog_linear_z_delta,STAM b=354.95 union-style,450,0.0251,0.99268,-0.10537236477065377,0.25892690464894513,0.20675021254204207,-0.004235714049571789,-0.004560738232658679,0.4953209275733675,-0.6864335207516399,
54,catalog_linear_z_delta,STAM b=461.3626922 original,450,0.0251,0.99268,-0.11963824468974074,0.26605419117196705,0.2123449626648936,-0.018031727032998157,-0.019079562649931603,0.4953209275733675,-0.6864335207516399,
54,catalog_linear_z_delta,STAM b=1335.412792 DES-style,450,0.0251,0.99268,-0.2333661369514847,0.33938969376197564,0.2776939681189879,-0.12812421641966001,-0.12911935888169168,0.4953209275733675,-0.6864335207516399,
54,catalog_linear_z_delta,LCDM fixed H0=70 Om=0.3,450,0.0251,0.99268,-0.24109293222594974,0.3196678398447,0.2723705171405579,-0.15229733837000226,-0.1690834386790776,0.4953209275733675,-0.6864335207516399,
54,catalog_quadratic_z_delta,STAM b=354.95 union-style,450,0.0251,0.99268,-0.10873085104524213,0.30088356357083323,0.22664778506841082,-0.007871472987758732,0.011389484310701192,0.6908242207229487,-2.5528291852894784,2.534185070595394
54,catalog_quadratic_z_delta,STAM b=461.3626922 original,450,0.0251,0.99268,-0.12299673096432912,0.30714225642749776,0.22980307941049635,-0.021667485971185098,-0.002918309263751695,0.6908242207229487,-2.5528291852894784,2.534185070595394
54,catalog_quadratic_z_delta,STAM b=1335.412792 DES-style,450,0.0251,0.99268,-0.23672462322607304,0.37315377510183684,0.28037478279676226,-0.13175997535784695,-0.11524615103153124,0.6908242207229487,-2.5528291852894784,2.534185070595394
54,catalog_quadratic_z_delta,LCDM fixed H0=70 Om=0.3,450,0.0251,0.99268,-0.24445141850053806,0.34732560235683635,0.2733173153297822,-0.1559330973081892,-0.15274552415950993,0.6908242207229487,-2.5528291852894784,2.534185070595394
54,raw_no_catalog_correction,STAM b=354.95 union-style,450,0.0251,0.99268,0.12677547373455628,0.19733252816963492,0.15903644581311568,0.17379073032262354,0.14915595485016908,,,
54,raw_no_catalog_correction,STAM b=461.3626922 original,450,0.0251,0.99268,0.11250959381546928,0.18862311284746303,0.15038935703849637,0.15999471733919718,0.13467743379628772,,,
54,raw_no_catalog_correction,STAM b=1335.412792 DES-style,450,0.0251,0.99268,-0.0012182984462746562,0.1531792393491053,0.118016177291514,0.04990222795253533,0.022761379721558228,,,
54,raw_no_catalog_correction,LCDM fixed H0=70 Om=0.3,450,0.0251,0.99268,-0.008945093720739697,0.1497870132584312,0.11489203743869218,0.025729106002193084,0.000205640233808424,,,
55,catalog_bin_median_delta,STAM b=354.95 union-style,450,0.02556,0.98846,-0.07629303341797807,0.26371526835403747,0.1833744001202813,-0.0009848251530617188,0.006652727837153094,,,
55,catalog_bin_median_delta,STAM b=461.3626922 original,450,0.02556,0.98846,-0.09054442093074372,0.2688420578679525,0.18567054688725002,-0.014779191008538849,-0.008362799765190942,,,
55,catalog_bin_median_delta,STAM b=1335.412792 DES-style,450,0.02556,0.98846,-0.20416079880715277,0.3295743359509654,0.23997747955730683,-0.12485862044606413,-0.11723421641947951,,,
55,catalog_bin_median_delta,LCDM fixed H0=70 Om=0.3,450,0.02556,0.98846,-0.21283137623381285,0.3122767132080223,0.23917410386228366,-0.1488390506303319,-0.15065585242941637,,,
55,catalog_linear_z_delta,STAM b=354.95 union-style,450,0.02556,0.98846,-0.08244083334691184,0.2328183906977852,0.1861888858894373,0.008531366405889161,-0.005078620365068787,0.4403121403363153,-0.5860734020182785,
55,catalog_linear_z_delta,STAM b=461.3626922 original,450,0.02556,0.98846,-0.09669222085967746,0.2391615276192801,0.19149080038814267,-0.005262999449587969,-0.01841365009474316,0.4403121403363153,-0.5860734020182785,
55,catalog_linear_z_delta,STAM b=1335.412792 DES-style,450,0.02556,0.98846,-0.2103085987360865,0.3092381388864427,0.25658432277428606,-0.11534242888711325,-0.12552407002467802,0.4403121403363153,-0.5860734020182785,
55,catalog_linear_z_delta,LCDM fixed H0=70 Om=0.3,450,0.02556,0.98846,-0.21897917616274662,0.29415908252478745,0.253584796328271,-0.13932285907138103,-0.1693567985415676,0.4403121403363153,-0.5860734020182785,
55,catalog_quadratic_z_delta,STAM b=354.95 union-style,450,0.02556,0.98846,-0.08416619496546307,0.2585161898968003,0.1982648692936341,0.0033407448118239025,0.003941450788452983,0.6033676733082625,-2.1427026276186183,2.1135853554105144
55,catalog_quadratic_z_delta,STAM b=461.3626922 original,450,0.02556,0.98846,-0.09841758247822871,0.26424247068038736,0.2020387818629263,-0.010453621043653227,-0.009825151756558625,0.6033676733082625,-2.1427026276186183,2.1135853554105144
55,catalog_quadratic_z_delta,STAM b=1335.412792 DES-style,450,0.02556,0.98846,-0.21203396035463778,0.3290209689639109,0.25485545011549465,-0.1205330504811785,-0.12268799790784968,0.6033676733082625,-2.1427026276186183,2.1135853554105144
55,catalog_quadratic_z_delta,LCDM fixed H0=70 Om=0.3,450,0.02556,0.98846,-0.22070453778129784,0.30800497456807663,0.24982934968775522,-0.14451348066544628,-0.15791043366344582,0.6033676733082625,-2.1427026276186183,2.1135853554105144
55,raw_no_catalog_correction,STAM b=354.95 union-style,450,0.02556,0.98846,0.13195303047080842,0.20325114096144742,0.16547809428514423,0.17759084151360335,0.14839090157317258,,,
55,raw_no_catalog_correction,STAM b=461.3626922 original,450,0.02556,0.98846,0.11770164295804278,0.19439979356993217,0.1564233991090625,0.16379647565812624,0.1346938272473608,,,
55,raw_no_catalog_correction,STAM b=1335.412792 DES-style,450,0.02556,0.98846,0.004085265081633731,0.15615966706091525,0.11871967116202006,0.05371704622060095,0.02270015991869556,,,
55,raw_no_catalog_correction,LCDM fixed H0=70 Om=0.3,450,0.02556,0.98846,-0.004585312345026364,0.15557905180740303,0.12028900047540744,0.029736616036333173,0.004107689786675195,,,
56,catalog_bin_median_delta,STAM b=354.95 union-style,450,0.02512,0.98,-0.0921319751808257,0.3078800423462014,0.21242152718421406,0.018158238823521265,0.022446380514072217,,,
56,catalog_bin_median_delta,STAM b=461.3626922 original,450,0.02512,0.98,-0.106414010113582,0.3131215894385716,0.2135301051120904,0.004371773642824179,0.0090615704427357,,,
56,catalog_bin_median_delta,STAM b=1335.412792 DES-style,450,0.02512,0.98,-0.22026571989257446,0.3723197987501597,0.254236995084369,-0.10564626741625442,-0.09780413489306028,,,
56,catalog_bin_median_delta,LCDM fixed H0=70 Om=0.3,450,0.02512,0.98,-0.22654003842100784,0.3519575465462161,0.25824330513622257,-0.129703288581008,-0.1308628444311033,,,
56,catalog_linear_z_delta,STAM b=354.95 union-style,450,0.02512,0.98,-0.09915762808451627,0.256153314999933,0.20883568071630662,0.02661439708897867,0.0071693984643630415,0.48614824692552033,-0.6680098388213537,
56,catalog_linear_z_delta,STAM b=461.3626922 original,450,0.02512,0.98,-0.11343966301727257,0.2630447336916027,0.21435601594344783,0.012827931908281584,-0.005861414536596499,0.48614824692552033,-0.6680098388213537,
56,catalog_linear_z_delta,STAM b=1335.412792 DES-style,450,0.02512,0.98,-0.227291372796265,0.3351456723968924,0.27547408671512924,-0.09719010915079702,-0.11483612162763635,0.48614824692552033,-0.6680098388213537,
56,catalog_linear_z_delta,LCDM fixed H0=70 Om=0.3,450,0.02512,0.98,-0.23356569132469843,0.3140527252721339,0.26770189440275266,-0.12124713031555058,-0.1569557425944872,0.48614824692552033,-0.6680098388213537,
56,catalog_quadratic_z_delta,STAM b=354.95 union-style,450,0.02512,0.98,-0.10793192668768879,0.2913922524186758,0.22467616277167554,0.01929139729089234,0.023200642884599887,0.6711070724749432,-2.4337414772103467,2.397503831424386
56,catalog_quadratic_z_delta,STAM b=461.3626922 original,450,0.02512,0.98,-0.1222139616204451,0.29783302597907824,0.22820008679165316,0.005504932110195253,0.009730165291358617,0.6711070724749432,-2.4337414772103467,2.397503831424386
56,catalog_quadratic_z_delta,STAM b=1335.412792 DES-style,450,0.02512,0.98,-0.23606567139943754,0.3654643698736825,0.2787861701784006,-0.10451310894888335,-0.09842930120615279,0.6711070724749432,-2.4337414772103467,2.397503831424386
56,catalog_quadratic_z_delta,LCDM fixed H0=70 Om=0.3,450,0.02512,0.98,-0.24233998992787092,0.33861706258344,0.26973087796296913,-0.1285701301136369,-0.13926052907829956,0.6711070724749432,-2.4337414772103467,2.397503831424386
56,raw_no_catalog_correction,STAM b=354.95 union-style,450,0.02512,0.98,0.13207492972377485,0.19990480252579748,0.16324018748190114,0.20255410549018765,0.16488157639736656,,,
56,raw_no_catalog_correction,STAM b=461.3626922 original,450,0.02512,0.98,0.11779289479101855,0.1909179470829733,0.15467895345333157,0.1887676403094906,0.15150731495770842,,,
56,raw_no_catalog_correction,STAM b=1335.412792 DES-style,450,0.02512,0.98,0.003941185012026089,0.1522188655747651,0.11630621397215513,0.07874959925041197,0.040450771382591455,,,
56,raw_no_catalog_correction,LCDM fixed H0=70 Om=0.3,450,0.02512,0.98,-0.00233313351640731,0.14940535982599573,0.11552890159634523,0.05469257808565842,0.019702798991936277,,,
57,catalog_bin_median_delta,STAM b=354.95 union-style,450,0.0251,0.98846,-0.08616498365599115,0.2952927649787242,0.19777674145855131,0.005937561111458096,0.016172930513139505,,,
57,catalog_bin_median_delta,STAM b=461.3626922 original,450,0.0251,0.98846,-0.10043582820837409,0.3003912409754685,0.19953549752005298,-0.007852928825398366,0.002339519706602289,,,
57,catalog_bin_median_delta,STAM b=1335.412792 DES-style,450,0.0251,0.98846,-0.21420178388351827,0.3592491983152936,0.24653998184182283,-0.11790247150901863,-0.10739059281673846,,,
57,catalog_bin_median_delta,LCDM fixed H0=70 Om=0.3,450,0.0251,0.98846,-0.22148310455681172,0.34099637199209787,0.24979772091420316,-0.14210079817069074,-0.14545550600860224,,,
57,catalog_linear_z_delta,STAM b=354.95 union-style,450,0.0251,0.98846,-0.1020658583476181,0.25054005258421447,0.2034799973811709,0.01467790696760193,-0.006455109788213065,0.4985538467797556,-0.6916500292600426,
57,catalog_linear_z_delta,STAM b=461.3626922 original,450,0.0251,0.98846,-0.11633670290000102,0.2577047011999467,0.20943632527128497,0.0008874170307454676,-0.02017734860508469,0.4985538467797556,-0.6916500292600426,
57,catalog_linear_z_delta,STAM b=1335.412792 DES-style,450,0.0251,0.98846,-0.2301026585751452,0.33170195657722573,0.2764974318520054,-0.1091621256528748,-0.1306224014659918,0.4985538467797556,-0.6916500292600426,
57,catalog_linear_z_delta,LCDM fixed H0=70 Om=0.3,450,0.0251,0.98846,-0.23738397924843865,0.31236538689450977,0.271226519708624,-0.1333604523145469,-0.16732484488972332,0.4985538467797556,-0.6916500292600426,
57,catalog_quadratic_z_delta,STAM b=354.95 union-style,450,0.0251,0.98846,-0.10759395702302706,0.2849218710049823,0.2150960182195467,0.009558223518949896,0.01579417024348828,0.6909585352408294,-2.528464492051466,2.494019825218766
57,catalog_quadratic_z_delta,STAM b=461.3626922 original,450,0.0251,0.98846,-0.12186480157541,0.2914446205921577,0.2186295209653759,-0.004232266417906566,0.002246333674865042,0.6909585352408294,-2.528464492051466,2.494019825218766
57,catalog_quadratic_z_delta,STAM b=1335.412792 DES-style,450,0.0251,0.98846,-0.23563075725055416,0.35985606206414705,0.27359239170219335,-0.11428180910152683,-0.10580676442444314,0.6909585352408294,-2.528464492051466,2.494019825218766
57,catalog_quadratic_z_delta,LCDM fixed H0=70 Om=0.3,450,0.0251,0.98846,-0.2429120779238476,0.3343715485292518,0.2692599639777688,-0.13848013576319892,-0.1471063955397227,0.6909585352408294,-2.528464492051466,2.494019825218766
57,raw_no_catalog_correction,STAM b=354.95 union-style,450,0.0251,0.98846,0.13167374370164817,0.19333666437737823,0.15757443341964766,0.19274433888923553,0.16303242954075614,,,
57,raw_no_catalog_correction,STAM b=461.3626922 original,450,0.0251,0.98846,0.11740289914926523,0.18400922675644138,0.148557290692118,0.17895384895237906,0.14928589180495422,,,
57,raw_no_catalog_correction,STAM b=1335.412792 DES-style,450,0.0251,0.98846,0.0036369434741210615,0.14317692695074824,0.10845496035768754,0.0689043062687588,0.03700962086542603,,,
57,raw_no_catalog_correction,LCDM fixed H0=70 Om=0.3,450,0.0251,0.98846,-0.0036443771991723716,0.14280689389921136,0.10895850431573856,0.044705979607086686,0.010064710523362663,,,
58,catalog_bin_median_delta,STAM b=354.95 union-style,450,0.0251,0.98024,-0.07102733158515094,0.26345250778655976,0.1811587694247831,0.009430625896633653,0.009452212978313668,,,
58,catalog_bin_median_delta,STAM b=461.3626922 original,450,0.0251,0.98024,-0.0852001773915216,0.2683301191185949,0.18356704563579243,-0.004364365279679229,-0.004569986475775778,,,
58,catalog_bin_median_delta,STAM b=1335.412792 DES-style,450,0.0251,0.98024,-0.1982085942527142,0.32725542617095343,0.23570951639897672,-0.11444891944239488,-0.11322254024451084,,,
58,catalog_bin_median_delta,LCDM fixed H0=70 Om=0.3,450,0.0251,0.98024,-0.20943876660752403,0.31017665741862865,0.23506298995153596,-0.13863175423972818,-0.14358632092265466,,,
58,catalog_linear_z_delta,STAM b=354.95 union-style,450,0.0251,0.98024,-0.07349057072871014,0.24140282160957505,0.1950532258490402,0.02005264076704219,-0.005277565825654307,0.470903635991996,-0.6446848273617819,
58,catalog_linear_z_delta,STAM b=461.3626922 original,450,0.0251,0.98024,-0.08766341653508078,0.24708648631235772,0.19986981076572716,0.006257649590729307,-0.018835572530321087,0.470903635991996,-0.6446848273617819,
58,catalog_linear_z_delta,STAM b=1335.412792 DES-style,450,0.0251,0.98024,-0.20067183339627337,0.31238287186431807,0.2570911264185501,-0.10382690457198634,-0.1245914072124421,0.470903635991996,-0.6446848273617819,
58,catalog_linear_z_delta,LCDM fixed H0=70 Om=0.3,450,0.0251,0.98024,-0.21190200575108323,0.29685842560749603,0.25306273937960283,-0.12800973936931961,-0.16453428767933076,0.470903635991996,-0.6446848273617819,
58,catalog_quadratic_z_delta,STAM b=354.95 union-style,450,0.0251,0.98024,-0.07546818806292607,0.2648295375338743,0.20444181455520558,0.016200667606558992,0.015136602756253836,0.6542378066662445,-2.394906502892626,2.376444461716548
58,catalog_quadratic_z_delta,STAM b=461.3626922 original,450,0.0251,0.98024,-0.08964103386929673,0.2700201498782456,0.20724607973851605,0.00240567643024611,0.0015741114210214846,0.6542378066662445,-2.394906502892626,2.376444461716548
58,catalog_quadratic_z_delta,STAM b=1335.412792 DES-style,450,0.0251,0.98024,-0.20264945073048932,0.3308251670213286,0.254636188415579,-0.10767887773246955,-0.108811156094891,0.6542378066662445,-2.394906502892626,2.376444461716548
58,catalog_quadratic_z_delta,LCDM fixed H0=70 Om=0.3,450,0.0251,0.98024,-0.21387962308529918,0.3090862858748254,0.24885099298478977,-0.13186171252980283,-0.1468294386284441,0.6542378066662445,-2.394906502892626,2.376444461716548
58,raw_no_catalog_correction,STAM b=354.95 union-style,450,0.0251,0.98024,0.14033095388983824,0.20672240800467548,0.16537052375215328,0.19281951478552162,0.15947768470071466,,,
58,raw_no_catalog_correction,STAM b=461.3626922 original,450,0.0251,0.98024,0.12615810808346756,0.19751308839064108,0.1561532939873338,0.17902452360920873,0.14566271616360638,,,
58,raw_no_catalog_correction,STAM b=1335.412792 DES-style,450,0.0251,0.98024,0.013149691222274967,0.15434611402756862,0.11842974257130646,0.06893996944649308,0.033420037994293494,,,
58,raw_no_catalog_correction,LCDM fixed H0=70 Om=0.3,450,0.0251,0.98024,0.0019195188674651202,0.15250247012341722,0.11738981936786158,0.044757134649159806,0.015611829100816266,,,
59,catalog_bin_median_delta,STAM b=354.95 union-style,450,0.02512,0.96859,-0.07420161962085718,0.286370622178689,0.19631217964180084,0.004956873417090687,0.014245675134720415,,,
59,catalog_bin_median_delta,STAM b=461.3626922 original,450,0.02512,0.96859,-0.08842549327150818,0.29101851533988315,0.1972833294044698,-0.008836014852723256,0.0012573730859202215,,,
59,catalog_bin_median_delta,STAM b=1335.412792 DES-style,450,0.02512,0.96859,-0.20182918406859815,0.3472797274041184,0.24037084856775162,-0.11890462053720742,-0.11042956655784408,,,
59,catalog_bin_median_delta,LCDM fixed H0=70 Om=0.3,450,0.02512,0.96859,-0.21163558678156358,0.3301286727265287,0.24647110473259298,-0.14340624457066078,-0.1426933994890085,,,
59,catalog_linear_z_delta,STAM b=354.95 union-style,450,0.02512,0.96859,-0.07834842867277794,0.22715536386074658,0.18585168231952817,0.014916131711482624,0.0012713327301483446,0.45105572572468633,-0.6076939040747134,
59,catalog_linear_z_delta,STAM b=461.3626922 original,450,0.02512,0.96859,-0.09257230232342895,0.23343205970879438,0.1909019064829343,0.0011232434416686803,-0.01188819430528909,0.45105572572468633,-0.6076939040747134,
59,catalog_linear_z_delta,STAM b=1335.412792 DES-style,450,0.02512,0.96859,-0.20597599312051892,0.30338244356892785,0.25403780949625493,-0.1089453622428155,-0.11950481987549111,0.45105572572468633,-0.6076939040747134,
59,catalog_linear_z_delta,LCDM fixed H0=70 Om=0.3,450,0.02512,0.96859,-0.21578239583348433,0.2874834744094417,0.24983863121087516,-0.13344698627626886,-0.1621777832583149,0.45105572572468633,-0.6076939040747134,
59,catalog_quadratic_z_delta,STAM b=354.95 union-style,450,0.02512,0.96859,-0.07742128005651848,0.25522794101919116,0.1974739212732614,0.012938137585959816,0.008314315139223538,0.6329753588280536,-2.344411526824213,2.3581087092278117
59,catalog_quadratic_z_delta,STAM b=461.3626922 original,450,0.02512,0.96859,-0.09164515370716945,0.26072146788224565,0.20061316042475993,-0.0008547506838541273,-0.004967595969695537,0.6329753588280536,-2.344411526824213,2.3581087092278117
59,catalog_quadratic_z_delta,STAM b=1335.412792 DES-style,450,0.02512,0.96859,-0.20504884450425945,0.3241515348286401,0.24951831026200466,-0.11092335636833829,-0.11551824012673251,0.6329753588280536,-2.344411526824213,2.3581087092278117
59,catalog_quadratic_z_delta,LCDM fixed H0=70 Om=0.3,450,0.02512,0.96859,-0.21485524721722485,0.301331221310056,0.2439333116799935,-0.13542498040179168,-0.14768950608437947,0.6329753588280536,-2.344411526824213,2.3581087092278117
59,raw_no_catalog_correction,STAM b=354.95 union-style,450,0.02512,0.96859,0.13583469300783343,0.19478807099293893,0.1582541085131986,0.18489394008375673,0.15291334202217044,,,
59,raw_no_catalog_correction,STAM b=461.3626922 original,450,0.02512,0.96859,0.12161081935718243,0.18528353289130114,0.14846448874898407,0.1711010518139428,0.13761646447126807,,,
59,raw_no_catalog_correction,STAM b=1335.412792 DES-style,450,0.02512,0.96859,0.008207128560092456,0.14186500056680584,0.10846837718643203,0.06103244612945862,0.023091226801369658,,,
59,raw_no_catalog_correction,LCDM fixed H0=70 Om=0.3,450,0.02512,0.96859,-0.001599274152872961,0.14059084903164262,0.10908772362272158,0.03653082209600525,0.005893353179242666,,,
60,catalog_bin_median_delta,STAM b=354.95 union-style,450,0.02509,0.98846,-0.08835353907151954,0.2637855746317904,0.18654377298948638,0.012600018918289683,0.012835005479669093,,,
60,catalog_bin_median_delta,STAM b=461.3626922 original,450,0.02509,0.98846,-0.1025179240050129,0.269594283345524,0.1901127365842668,-0.0011937006094607562,-0.0009529173669307056,,,
60,catalog_bin_median_delta,STAM b=1335.412792 DES-style,450,0.02509,0.98846,-0.21545873403430765,0.3343432521879453,0.24763483409585094,-0.1112683543678544,-0.10833418184536825,,,
60,catalog_bin_median_delta,LCDM fixed H0=70 Om=0.3,450,0.02509,0.98846,-0.22537385793942447,0.31546391276142993,0.24740957446346987,-0.13544649760232036,-0.14666286480072444,,,
60,catalog_linear_z_delta,STAM b=354.95 union-style,450,0.02509,0.98846,-0.07670686157546935,0.23320680366733806,0.18780439869353308,0.022508016452592254,0.007224451440212221,0.4491301680548291,-0.6024160092824737,
60,catalog_linear_z_delta,STAM b=461.3626922 original,450,0.02509,0.98846,-0.09087124650896272,0.23925653952373221,0.19221787797585285,0.008714296924841816,-0.006485737563235006,0.4491301680548291,-0.6024160092824737,
60,catalog_linear_z_delta,STAM b=1335.412792 DES-style,450,0.02509,0.98846,-0.20381205653825754,0.3072794117204842,0.25111354984605155,-0.10136035683355182,-0.11642028377164593,0.4491301680548291,-0.6024160092824737,
60,catalog_linear_z_delta,LCDM fixed H0=70 Om=0.3,450,0.02509,0.98846,-0.2137271804433743,0.29025885565514914,0.2469508170483277,-0.12553850006801778,-0.15663495430643692,0.4491301680548291,-0.6024160092824737,
60,catalog_quadratic_z_delta,STAM b=354.95 union-style,450,0.02509,0.98846,-0.08805133356029622,0.2670326470024546,0.2050133918587221,0.01834890867334751,0.0270473224446377,0.6263385283231242,-2.2941569001714726,2.297039470496335
60,catalog_quadratic_z_delta,STAM b=461.3626922 original,450,0.02509,0.98846,-0.10221571849378959,0.2728087462111006,0.20859074684826334,0.004555189145597072,0.013125448049933652,0.6263385283231242,-2.2941569001714726,2.297039470496335
60,catalog_quadratic_z_delta,STAM b=1335.412792 DES-style,450,0.02509,0.98846,-0.21515652852308442,0.33716448499336654,0.25822339724243115,-0.10551946461279657,-0.09591144386222084,0.6263385283231242,-2.2941569001714726,2.297039470496335
60,catalog_quadratic_z_delta,LCDM fixed H0=70 Om=0.3,450,0.02509,0.98846,-0.22507165242820115,0.31530541879867874,0.2540740400181283,-0.12969760784726253,-0.1353974965828435,0.6263385283231242,-2.2941569001714726,2.297039470496335
60,raw_no_catalog_correction,STAM b=354.95 union-style,450,0.02509,0.98846,0.1303461747011399,0.19675702452828242,0.16029427231888485,0.19288304114051036,0.15708412101932012,,,
60,raw_no_catalog_correction,STAM b=461.3626922 original,450,0.02509,0.98846,0.11618178976764655,0.18780096782314354,0.15118337816763835,0.17908932161275992,0.14352186569122338,,,
60,raw_no_catalog_correction,STAM b=1335.412792 DES-style,450,0.02509,0.98846,0.0032409797383517597,0.14931381761119109,0.11240386167109774,0.06901466785436629,0.02904207623167565,,,
60,raw_no_catalog_correction,LCDM fixed H0=70 Om=0.3,450,0.02509,0.98846,-0.006674144166765015,0.14722762930652022,0.11369003119495216,0.04483652461990033,0.010491850532254432,,,
61,catalog_bin_median_delta,STAM b=354.95 union-style,450,0.02509,0.98536,-0.08883103001697278,0.26882700273800497,0.18731475448867857,-0.011597480363002828,-0.0017869005831911977,,,
61,catalog_bin_median_delta,STAM b=461.3626922 original,450,0.02509,0.98536,-0.1030166584354184,0.2745670638949625,0.19048874376113412,-0.025392424294911724,-0.015650365308456315,,,
61,catalog_bin_median_delta,STAM b=1335.412792 DES-style,450,0.02509,0.98536,-0.2161237515025722,0.33866199082989445,0.24537277931178308,-0.13547674573768298,-0.12635779805226477,,,
61,catalog_bin_median_delta,LCDM fixed H0=70 Om=0.3,450,0.02509,0.98536,-0.22674527295114683,0.32104193978484474,0.24631964481326382,-0.15976486689883132,-0.15760237343913985,,,
61,catalog_linear_z_delta,STAM b=354.95 union-style,450,0.02509,0.98536,-0.08610419393907097,0.2381088588927605,0.19194516159054034,-0.002947478466313906,-0.016440727777389696,0.4704255156283649,-0.6379607817200842,
61,catalog_linear_z_delta,STAM b=461.3626922 original,450,0.02509,0.98536,-0.10028982235751661,0.24458326861490734,0.1973901039261106,-0.016742422398222802,-0.030666126872620936,0.4704255156283649,-0.6379607817200842,
61,catalog_linear_z_delta,STAM b=1335.412792 DES-style,450,0.02509,0.98536,-0.2133969154246704,0.31489896323754746,0.25983987201080977,-0.12682674384099407,-0.1367512555201671,0.4704255156283649,-0.6379607817200842,
61,catalog_linear_z_delta,LCDM fixed H0=70 Om=0.3,450,0.02509,0.98536,-0.22401843687324496,0.29983527804189214,0.2567287993822114,-0.1511148650021424,-0.1727606104687247,0.4704255156283649,-0.6379607817200842,
61,catalog_quadratic_z_delta,STAM b=354.95 union-style,450,0.02509,0.98536,-0.08856894788449596,0.26215553764573607,0.19831049393674294,-0.005669293969038007,0.0019112766001860848,0.6428166557104378,-2.283713501638428,2.2345969035143325
61,catalog_quadratic_z_delta,STAM b=461.3626922 original,450,0.02509,0.98536,-0.10275457630294155,0.26809513892917153,0.2018704563404511,-0.019464237900946906,-0.012208678014406615,0.6428166557104378,-2.283713501638428,2.2345969035143325
61,catalog_quadratic_z_delta,STAM b=1335.412792 DES-style,450,0.02509,0.98536,-0.21586166937009535,0.3337845305665224,0.25338756485151304,-0.12954855934371817,-0.11963871889215838,0.6428166557104378,-2.283713501638428,2.2345969035143325
61,catalog_quadratic_z_delta,LCDM fixed H0=70 Om=0.3,450,0.02509,0.98536,-0.22648319081866994,0.3125725176070382,0.2506271405663819,-0.1538366805048665,-0.1554707910681934,0.6428166557104378,-2.283713501638428,2.2345969035143325
61,raw_no_catalog_correction,STAM b=354.95 union-style,450,0.02509,0.98536,0.1311992913011575,0.19566767141879776,0.15868602985163788,0.17252711963699635,0.147437357933363,,,
61,raw_no_catalog_correction,STAM b=461.3626922 original,450,0.02509,0.98536,0.11701366288271185,0.18656987771578512,0.14990248556864272,0.15873217570508744,0.1341027042836096,,,
61,raw_no_catalog_correction,STAM b=1335.412792 DES-style,450,0.02509,0.98536,0.003906569815558073,0.14698537698268022,0.11336142939561814,0.0486478542623162,0.0241174272223752,,,
61,raw_no_catalog_correction,LCDM fixed H0=70 Om=0.3,450,0.02509,0.98536,-0.006714951633016547,0.14685067971852378,0.11312486580866929,0.024359733101167853,0.00048552545589330975,,,
62,catalog_bin_median_delta,STAM b=354.95 union-style,450,0.0251,0.97242,-0.10138902114584573,0.2963736512099948,0.1990123363369467,-0.008167486342323227,0.0050920836473231645,,,
62,catalog_bin_median_delta,STAM b=461.3626922 original,450,0.0251,0.97242,-0.11555216081238624,0.3022598213052398,0.20199082953314934,-0.02196412787032183,-0.009529625319647295,,,
62,catalog_bin_median_delta,STAM b=1335.412792 DES-style,450,0.0251,0.97242,-0.22848525637641987,0.36583358828891305,0.26018974533663314,-0.13206124903079924,-0.11984601265547212,,,
62,catalog_bin_median_delta,LCDM fixed H0=70 Om=0.3,450,0.0251,0.97242,-0.23989260711785976,0.3472761350723671,0.2627137825055517,-0.15603150540967148,-0.15492851585890577,,,
62,catalog_linear_z_delta,STAM b=354.95 union-style,450,0.0251,0.97242,-0.10118548624270148,0.2626756253151205,0.21267931218965958,0.0008000874507376131,-0.009266374983511128,0.5089504637041071,-0.7044867469832765,
62,catalog_linear_z_delta,STAM b=461.3626922 original,450,0.0251,0.97242,-0.11534862590924197,0.26946407077649237,0.21832201710293028,-0.012996554077260988,-0.022729339479425903,0.5089504637041071,-0.7044867469832765,
62,catalog_linear_z_delta,STAM b=1335.412792 DES-style,450,0.0251,0.97242,-0.22828172147327558,0.34026017093089744,0.2799666873667927,-0.12309367523773838,-0.12892109197083101,0.5089504637041071,-0.7044867469832765,
62,catalog_linear_z_delta,LCDM fixed H0=70 Om=0.3,450,0.0251,0.97242,-0.2396890722147155,0.3239537255849864,0.27676856216494183,-0.14706393161661063,-0.17220351229873643,0.5089504637041071,-0.7044867469832765,
62,catalog_quadratic_z_delta,STAM b=354.95 union-style,450,0.0251,0.97242,-0.10396012964083774,0.2883819399283928,0.21524504947127088,-0.004171227931644729,-0.001620899421531874,0.6926445965680048,-2.4581448447826935,2.3811104230530122
62,catalog_quadratic_z_delta,STAM b=461.3626922 original,450,0.0251,0.97242,-0.11812326930737824,0.2946161975772202,0.2191663011179154,-0.017967869459643328,-0.015605001102699134,0.6926445965680048,-2.4581448447826935,2.3811104230530122
62,catalog_quadratic_z_delta,STAM b=1335.412792 DES-style,450,0.0251,0.97242,-0.2310563648714119,0.36075757969928,0.27228764087578905,-0.12806499062012072,-0.12234712718578322,0.6926445965680048,-2.4581448447826935,2.3811104230530122
62,catalog_quadratic_z_delta,LCDM fixed H0=70 Om=0.3,450,0.0251,0.97242,-0.24246371561285177,0.3386293811418294,0.2701462186965745,-0.152035246998993,-0.16156827913224348,0.6926445965680048,-2.4581448447826935,2.3811104230530122
62,raw_no_catalog_correction,STAM b=354.95 union-style,450,0.0251,0.97242,0.12558241309600193,0.19589361300101713,0.1586145939770594,0.18403266921323116,0.14411762449676857,,,
62,raw_no_catalog_correction,STAM b=461.3626922 original,450,0.0251,0.97242,0.11141927342946144,0.18730319078785998,0.1502604654010718,0.17023602768523258,0.13057279486579887,,,
62,raw_no_catalog_correction,STAM b=1335.412792 DES-style,450,0.0251,0.97242,-0.0015138221345721884,0.15266814403098017,0.11709548435768165,0.06013890652475516,0.021509744340107773,,,
62,raw_no_catalog_correction,LCDM fixed H0=70 Om=0.3,450,0.0251,0.97242,-0.01292117287601209,0.1495106855354976,0.11490094425436218,0.0361686501458829,-0.002179067290022374,,,
63,catalog_bin_median_delta,STAM b=354.95 union-style,450,0.0251,0.99268,-0.09598476611423731,0.30283585191448786,0.20481102697345904,0.014512693948964836,0.0188341226648312,,,
63,catalog_bin_median_delta,STAM b=461.3626922 original,450,0.0251,0.99268,-0.11022923243161172,0.30842363354304625,0.20767602877768807,0.0007218057861106155,0.005135227892452576,,,
63,catalog_bin_median_delta,STAM b=1335.412792 DES-style,450,0.0251,0.99268,-0.2237920352270526,0.3699835717103178,0.26156368380336553,-0.10933084944247246,-0.10173055314510293,,,
63,catalog_bin_median_delta,LCDM fixed H0=70 Om=0.3,450,0.0251,0.99268,-0.23269050187115298,0.34831715327962337,0.25882800529185207,-0.13352502364801194,-0.13586897767675055,,,
63,catalog_linear_z_delta,STAM b=354.95 union-style,450,0.0251,0.99268,-0.09775522450884053,0.2639203196081092,0.2154342965741561,0.023181694751265587,0.00517586886493504,0.47644010123932196,-0.6557427470690205,
63,catalog_linear_z_delta,STAM b=461.3626922 original,450,0.0251,0.99268,-0.11199969082621493,0.27055814478811174,0.22085461421030642,0.009390806588411366,-0.008771883935796865,0.47644010123932196,-0.6557427470690205,
63,catalog_linear_z_delta,STAM b=1335.412792 DES-style,450,0.0251,0.99268,-0.22556249362165579,0.34059729314980813,0.28164376462010343,-0.1006618486401717,-0.11571065264610425,0.47644010123932196,-0.6557427470690205,
63,catalog_linear_z_delta,LCDM fixed H0=70 Om=0.3,450,0.0251,0.99268,-0.23446096026575616,0.32123541948201567,0.2755727384422932,-0.12485602284571119,-0.15349045627125335,0.47644010123932196,-0.6557427470690205,
63,catalog_quadratic_z_delta,STAM b=354.95 union-style,450,0.0251,0.99268,-0.09948023160206088,0.2915156445669207,0.22206083326315665,0.017585580510191316,0.018756083965502768,0.6559182845238484,-2.3691527759480433,2.326461745221019
63,catalog_quadratic_z_delta,STAM b=461.3626922 original,450,0.0251,0.99268,-0.11372469791943532,0.2975339706791064,0.22557081115619254,0.003794692347337095,0.005020668533024519,0.6559182845238484,-2.3691527759480433,2.326461745221019
63,catalog_quadratic_z_delta,STAM b=1335.412792 DES-style,450,0.0251,0.99268,-0.22728750071487622,0.36237192980579,0.27676408587318363,-0.10625796288124598,-0.10602313120530482,0.6559182845238484,-2.3691527759480433,2.326461745221019
63,catalog_quadratic_z_delta,LCDM fixed H0=70 Om=0.3,450,0.0251,0.99268,-0.23618596735897648,0.33729442435665924,0.26993311602062753,-0.13045213708678546,-0.13836203448962436,0.6559182845238484,-2.3691527759480433,2.326461745221019
63,raw_no_catalog_correction,STAM b=354.95 union-style,450,0.0251,0.99268,0.1251517802173498,0.19740931911439083,0.15688581462694637,0.19578273839340968,0.15317905823780364,,,
63,raw_no_catalog_correction,STAM b=461.3626922 original,450,0.0251,0.99268,0.11090731389997541,0.18899148539659055,0.1484594082539336,0.18199185023055545,0.13923352374883535,,,
63,raw_no_catalog_correction,STAM b=1335.412792 DES-style,450,0.0251,0.99268,-0.0026554888954654766,0.15623867474848263,0.12048151166479117,0.07193919500197239,0.02475241518267879,,,
63,raw_no_catalog_correction,LCDM fixed H0=70 Om=0.3,450,0.0251,0.99268,-0.011553955539565834,0.14762243264799033,0.11269703483005732,0.047745020796432905,0.009302011279839206,,,
64,catalog_bin_median_delta,STAM b=354.95 union-style,450,0.02509,0.96859,-0.10094479456115825,0.2885869683656112,0.19672139457209079,-0.014813609424140187,-0.005569720224706032,,,
64,catalog_bin_median_delta,STAM b=461.3626922 original,450,0.02509,0.96859,-0.11521012728839489,0.29461682965217256,0.2000209172706032,-0.028609223328983625,-0.019305266360341022,,,
64,catalog_bin_median_delta,STAM b=1335.412792 DES-style,450,0.02509,0.96859,-0.22893489983969406,0.3597461679622367,0.2588408721942978,-0.1386986775668227,-0.13132482632579823,,,
64,catalog_bin_median_delta,LCDM fixed H0=70 Om=0.3,450,0.02509,0.96859,-0.23749430941184368,0.3400432632878958,0.2586215677475055,-0.16291946102958985,-0.15432411254729672,,,
64,catalog_linear_z_delta,STAM b=354.95 union-style,450,0.02509,0.96859,-0.11220262856028668,0.26314351838245087,0.21421132974252602,-0.003578779437733333,-0.02796417195084544,0.48429272084063013,-0.6665872932244185,
64,catalog_linear_z_delta,STAM b=461.3626922 original,450,0.02509,0.96859,-0.1264679612875233,0.2705324465160725,0.22040911206691535,-0.01737439334257677,-0.04106071264374833,0.48429272084063013,-0.6665872932244185,
64,catalog_linear_z_delta,STAM b=1335.412792 DES-style,450,0.02509,0.96859,-0.24019273383882248,0.3452391473498861,0.2869715314861085,-0.12746384758041582,-0.14843033827665053,0.48429272084063013,-0.6665872932244185,
64,catalog_linear_z_delta,LCDM fixed H0=70 Om=0.3,450,0.02509,0.96859,-0.24875214341097213,0.3278538979866656,0.282455887193551,-0.151684631043183,-0.18796382421820113,0.48429272084063013,-0.6665872932244185,
64,catalog_quadratic_z_delta,STAM b=354.95 union-style,450,0.02509,0.96859,-0.11153612861814022,0.2858987944643986,0.2145640665930227,-0.007144449276882814,0.005101332787059931,0.6707597055993405,-2.4467167546081035,2.4170531417745362
64,catalog_quadratic_z_delta,STAM b=461.3626922 original,450,0.02509,0.96859,-0.12580146134537684,0.2926038020697308,0.21841206394379534,-0.020940063181726254,-0.009135869339665703,0.6707597055993405,-2.4467167546081035,2.4170531417745362
64,catalog_quadratic_z_delta,STAM b=1335.412792 DES-style,450,0.02509,0.96859,-0.239526233896676,0.3620883068788788,0.2753030509991438,-0.1310295174195653,-0.11992155458733578,0.6707597055993405,-2.4467167546081035,2.4170531417745362
64,catalog_quadratic_z_delta,LCDM fixed H0=70 Om=0.3,450,0.02509,0.96859,-0.24808564346882564,0.33863233164543305,0.27127533034670115,-0.1552503008823325,-0.15666601176916117,0.6707597055993405,-2.4467167546081035,2.4170531417745362
64,raw_no_catalog_correction,STAM b=354.95 union-style,450,0.02509,0.96859,0.11696440867442488,0.18752937298645203,0.1517065320792706,0.17255672390919283,0.13851650692479467,,,
64,raw_no_catalog_correction,STAM b=461.3626922 original,450,0.02509,0.96859,0.10269907594718827,0.1792229840027817,0.14398745373880725,0.1587611100043494,0.12444368052046784,,,
64,raw_no_catalog_correction,STAM b=1335.412792 DES-style,450,0.02509,0.96859,-0.011025696604110935,0.15001580402004464,0.11540915537784814,0.04867165576651034,0.013566431727149109,,,
64,raw_no_catalog_correction,LCDM fixed H0=70 Om=0.3,450,0.02509,0.96859,-0.019585106176260556,0.14553144510931063,0.11399359300205457,0.02445087230374317,-0.00241881153620227,,,
65,catalog_bin_median_delta,STAM b=354.95 union-style,450,0.02509,0.99268,-0.07397915365119119,0.29291967258775414,0.1961235838991701,0.011918245261681603,0.019550330656901593,,,
65,catalog_bin_median_delta,STAM b=461.3626922 original,450,0.02509,0.99268,-0.08822874474308084,0.2974932648177904,0.19722594863400258,-0.0018783596768876818,0.005899602403253823,,,
65,catalog_bin_median_delta,STAM b=1335.412792 DES-style,450,0.02509,0.99268,-0.2018313704565487,0.3529767334538022,0.24215110100603446,-0.1119757291995976,-0.10390275969366769,,,
65,catalog_bin_median_delta,LCDM fixed H0=70 Om=0.3,450,0.02509,0.99268,-0.21070296971183025,0.3339882825571151,0.24523263288794026,-0.1363527110215994,-0.14030556360689062,,,
65,catalog_linear_z_delta,STAM b=354.95 union-style,450,0.02509,0.99268,-0.08155562944864055,0.23582894062714324,0.1905681742864026,0.020638531494726668,0.002542954309117107,0.4550251761390334,-0.6098993078165761,
65,catalog_linear_z_delta,STAM b=461.3626922 original,450,0.02509,0.99268,-0.09580522054053023,0.24214282975489723,0.19596938211285544,0.006841926556157381,-0.010902322213954818,0.4550251761390334,-0.6098993078165761,
65,catalog_linear_z_delta,STAM b=1335.412792 DES-style,450,0.02509,0.99268,-0.2094078462539981,0.31183008269503715,0.2595750107290066,-0.10325544296655254,-0.118791600936067,0.4550251761390334,-0.6098993078165761,
65,catalog_linear_z_delta,LCDM fixed H0=70 Om=0.3,450,0.02509,0.99268,-0.2182794455092796,0.29297347652881567,0.2549842054395279,-0.12763242478855436,-0.15839462578581376,0.4550251761390334,-0.6098993078165761,
65,catalog_quadratic_z_delta,STAM b=354.95 union-style,450,0.02509,0.99268,-0.0809293822571182,0.26961393421509167,0.2062609603660359,0.018644826064357006,0.029765390889000543,0.6368171160096776,-2.3453978917861873,2.3564535029201856
65,catalog_quadratic_z_delta,STAM b=461.3626922 original,450,0.02509,0.99268,-0.09517897334900788,0.275074670609458,0.20842188175895737,0.00484822112578772,0.01569435136531183,0.6368171160096776,-2.3453978917861873,2.3564535029201856
65,catalog_quadratic_z_delta,STAM b=1335.412792 DES-style,450,0.02509,0.99268,-0.2087815990624758,0.33752439241272,0.257175783351056,-0.1052491483969222,-0.09162180393607144,0.6368171160096776,-2.3453978917861873,2.3564535029201856
65,catalog_quadratic_z_delta,LCDM fixed H0=70 Om=0.3,450,0.02509,0.99268,-0.21765319831775726,0.31230485002614133,0.251796157676008,-0.12962613021892402,-0.1315963083201659,0.6368171160096776,-2.3453978917861873,2.3564535029201856
65,raw_no_catalog_correction,STAM b=354.95 union-style,450,0.02509,0.99268,0.13834285205413557,0.19865825286803535,0.1573307352826807,0.19394773415056996,0.1572331397829565,,,
65,raw_no_catalog_correction,STAM b=461.3626922 original,450,0.02509,0.99268,0.12409326096224589,0.18921304682389883,0.14736113839329668,0.1801511292120007,0.14435629721253207,,,
65,raw_no_catalog_correction,STAM b=1335.412792 DES-style,450,0.02509,0.99268,0.010490635248778009,0.14572657089145433,0.10969016500667918,0.07005375968929076,0.03314241816789831,,,
65,raw_no_catalog_correction,LCDM fixed H0=70 Om=0.3,450,0.02509,0.99268,0.0016190359934965218,0.139223736136752,0.10445284451610141,0.04567677786728895,0.00633168369284931,,,
66,catalog_bin_median_delta,STAM b=354.95 union-style,450,0.02509,0.98024,-0.08410506033922523,0.2863685115537088,0.19592841116776138,0.00973837192755787,0.017663121958371164,,,
66,catalog_bin_median_delta,STAM b=461.3626922 original,450,0.02509,0.98024,-0.09829174318167638,0.2916205031538994,0.19823979473879844,-0.00406162382095311,0.0038072063513112653,,,
66,catalog_bin_median_delta,STAM b=1335.412792 DES-style,450,0.02509,0.98024,-0.21140739237307118,0.3516667493139533,0.24892536131708598,-0.114185138260341,-0.10316541013813563,,,
66,catalog_bin_median_delta,LCDM fixed H0=70 Om=0.3,450,0.02509,0.98024,-0.22230115754042912,0.33150129484435475,0.2476866328720032,-0.13837321970800961,-0.14153561329236197,,,
66,catalog_linear_z_delta,STAM b=354.95 union-style,450,0.02509,0.98024,-0.08691090600345458,0.25524669194422417,0.2045330232923721,0.01947561588316475,0.009154841610932607,0.4900228367086709,-0.6740106534007684,
66,catalog_linear_z_delta,STAM b=461.3626922 original,450,0.02509,0.98024,-0.10109758884590574,0.2614601079213213,0.2091951333910685,0.005675620134653769,-0.0037271475737803428,0.4900228367086709,-0.6740106534007684,
66,catalog_linear_z_delta,STAM b=1335.412792 DES-style,450,0.02509,0.98024,-0.2142132380373005,0.3291928523057937,0.26862117466188534,-0.10444789430473413,-0.11125715601248842,0.4900228367086709,-0.6740106534007684,
66,catalog_linear_z_delta,LCDM fixed H0=70 Om=0.3,450,0.02509,0.98024,-0.22510700320465846,0.3111651159357227,0.2638273645959306,-0.12863597575240274,-0.15022902958795115,0.4900228367086709,-0.6740106534007684,
66,catalog_quadratic_z_delta,STAM b=354.95 union-style,450,0.02509,0.98024,-0.08688325470052694,0.2800502179771907,0.2112688439668118,0.016815865056061988,0.028555232141755482,0.6787917290816641,-2.4761155522425673,2.4468913087743203
66,catalog_quadratic_z_delta,STAM b=461.3626922 original,450,0.02509,0.98024,-0.10106993754297808,0.2856629900934482,0.21403587205066535,0.003015869307551008,0.01573901831596558,0.6787917290816641,-2.4761155522425673,2.4468913087743203
66,catalog_quadratic_z_delta,STAM b=1335.412792 DES-style,450,0.02509,0.98024,-0.21418558673437288,0.3483226992941865,0.26055774725585873,-0.10710764513183689,-0.0868831834264121,0.6787917290816641,-2.4761155522425673,2.4468913087743203
66,catalog_quadratic_z_delta,LCDM fixed H0=70 Om=0.3,450,0.02509,0.98024,-0.22507935190173084,0.324044771227054,0.2566147885252672,-0.13129572657950547,-0.13072769968301046,0.6787917290816641,-2.4761155522425673,2.4468913087743203
66,raw_no_catalog_correction,STAM b=354.95 union-style,450,0.02509,0.98024,0.13605387578130335,0.20089979199589342,0.16112814023520375,0.19849681637200167,0.16780203882873224,,,
66,raw_no_catalog_correction,STAM b=461.3626922 original,450,0.02509,0.98024,0.12186719293885218,0.19180640320687,0.1520962710957531,0.18469682062349066,0.15467957820773393,,,
66,raw_no_catalog_correction,STAM b=1335.412792 DES-style,450,0.02509,0.98024,0.00875154374745742,0.15109699533383933,0.11673106429828711,0.07457330618410278,0.04429712875223757,,,
66,raw_no_catalog_correction,LCDM fixed H0=70 Om=0.3,450,0.02509,0.98024,-0.0021422214199005507,0.1450622818219455,0.11206928381564726,0.05038522473643419,0.017798932215910668,,,
67,catalog_bin_median_delta,STAM b=354.95 union-style,450,0.02509,0.98158,-0.06020097487641043,0.29136974458209147,0.20211917833741025,0.004761005883895801,0.019448933346531305,,,
67,catalog_bin_median_delta,STAM b=461.3626922 original,450,0.02509,0.98158,-0.07439914185856739,0.29514745340027676,0.20264489055236418,-0.009023646828918225,0.00566854849700249,,,
67,catalog_bin_median_delta,STAM b=1335.412792 DES-style,450,0.02509,0.98158,-0.18760336052916068,0.34533915528979425,0.2398759425409325,-0.11902759649428146,-0.10443185114664644,,,
67,catalog_bin_median_delta,LCDM fixed H0=70 Om=0.3,450,0.02509,0.98158,-0.19784324234960954,0.33088869733110854,0.24712744840126294,-0.14308811856899598,-0.13965611109933462,,,
67,catalog_linear_z_delta,STAM b=354.95 union-style,450,0.02509,0.98158,-0.07196740556721405,0.23231518434797216,0.18742899863885717,0.018114634085626496,0.010614570439262394,0.4447264060587638,-0.6057024009024213,
67,catalog_linear_z_delta,STAM b=461.3626922 original,450,0.02509,0.98158,-0.08616557254937099,0.2380585435244321,0.19209983511608456,0.00432998137281247,-0.00239223283189105,0.4447264060587638,-0.6057024009024213,
67,catalog_linear_z_delta,STAM b=1335.412792 DES-style,450,0.02509,0.98158,-0.19936979121996434,0.3044077696861324,0.25072373457281877,-0.10567396829255077,-0.10921524109896552,0.4447264060587638,-0.6057024009024213,
67,catalog_linear_z_delta,LCDM fixed H0=70 Om=0.3,450,0.02509,0.98158,-0.20960967304041317,0.2885645236839694,0.2464235131749487,-0.12973449036726528,-0.14868481194510252,0.4447264060587638,-0.6057024009024213,
67,catalog_quadratic_z_delta,STAM b=354.95 union-style,450,0.02509,0.98158,-0.07588776752768615,0.27151718342057796,0.2108749485136515,0.009839060437810836,0.021468220862157494,0.6303182222480953,-2.3774769604462738,2.4057088872249324
67,catalog_quadratic_z_delta,STAM b=461.3626922 original,450,0.02509,0.98158,-0.09008593450984312,0.27651672595581733,0.2133741402747003,-0.003945592275003188,0.007824030566620621,0.6303182222480953,-2.3774769604462738,2.4057088872249324
67,catalog_quadratic_z_delta,STAM b=1335.412792 DES-style,450,0.02509,0.98158,-0.20329015318043647,0.3358090541096298,0.25832960392395143,-0.11394954194036643,-0.1053516507991965,0.6303182222480953,-2.3774769604462738,2.4057088872249324
67,catalog_quadratic_z_delta,LCDM fixed H0=70 Om=0.3,450,0.02509,0.98158,-0.21353003500088524,0.3145135389358879,0.25171308053597863,-0.13801006401508092,-0.14038439268203007,0.6303182222480953,-2.3774769604462738,2.4057088872249324
67,raw_no_catalog_correction,STAM b=354.95 union-style,450,0.02509,0.98158,0.13367690634113538,0.2043911227808131,0.16495328583417498,0.18132207255056199,0.15445194339816837,,,
67,raw_no_catalog_correction,STAM b=461.3626922 original,450,0.02509,0.98158,0.11947873935897842,0.19549999069149068,0.15632838091920423,0.16753741983774798,0.1404715663229048,,,
67,raw_no_catalog_correction,STAM b=1335.412792 DES-style,450,0.02509,0.98158,0.00627452068838509,0.15627069561247847,0.12118375451501526,0.05753347017238473,0.028598669537213794,,,
67,raw_no_catalog_correction,LCDM fixed H0=70 Om=0.3,450,0.02509,0.98158,-0.003965361132063717,0.1537512618530801,0.1209534707571984,0.03347294809767023,0.006146222774390253,,,
68,catalog_bin_median_delta,STAM b=354.95 union-style,450,0.0251,0.99268,-0.047473511228485935,0.28053912698730926,0.2036177481153788,0.019636355734901054,0.028344120593533972,,,
68,catalog_bin_median_delta,STAM b=461.3626922 original,450,0.0251,0.99268,-0.06169643603892962,0.2838265011516893,0.20331594585240434,0.005852530217152968,0.014276061539167273,,,
68,catalog_bin_median_delta,STAM b=1335.412792 DES-style,450,0.0251,0.99268,-0.1750921466494678,0.3314840798571947,0.23326463225059357,-0.10414512232839945,-0.09310053951210762,,,
68,catalog_bin_median_delta,LCDM fixed H0=70 Om=0.3,450,0.0251,0.99268,-0.1844156576111292,0.3165764926596405,0.23883078202634664,-0.1283143907704287,-0.1317141008968079,,,
68,catalog_linear_z_delta,STAM b=354.95 union-style,450,0.0251,0.99268,-0.05489300797318946,0.21809651842645514,0.17395249945243996,0.030825854559767014,0.004297287839165165,0.4052967070402997,-0.5303792828308621,
68,catalog_linear_z_delta,STAM b=461.3626922 original,450,0.0251,0.99268,-0.06911593278363315,0.22303142472430257,0.17887119319296726,0.017042029042018923,-0.009013840901314296,0.4052967070402997,-0.5303792828308621,
68,catalog_linear_z_delta,STAM b=1335.412792 DES-style,450,0.0251,0.99268,-0.18251164339417128,0.28567869664443607,0.23715864067098089,-0.09295562350353351,-0.11830921002200157,0.4052967070402997,-0.5303792828308621,
68,catalog_linear_z_delta,LCDM fixed H0=70 Om=0.3,450,0.0251,0.99268,-0.19183515435583276,0.2706799187631121,0.23157590589210508,-0.11712489194556272,-0.15450429852459635,0.4052967070402997,-0.5303792828308621,
68,catalog_quadratic_z_delta,STAM b=354.95 union-style,450,0.0251,0.99268,-0.05882495680436922,0.24648271297637966,0.19259385037854018,0.02392636882923832,0.025115736212715234,0.5730823273220785,-2.13216485493428,2.1748984742336184
68,catalog_quadratic_z_delta,STAM b=461.3626922 original,450,0.0251,0.99268,-0.07304788161481292,0.25095831087252785,0.1946226599793856,0.010142543311490233,0.011446792122800531,0.5730823273220785,-2.13216485493428,2.1748984742336184
68,catalog_quadratic_z_delta,STAM b=1335.412792 DES-style,450,0.0251,0.99268,-0.1864435922253511,0.308625723365646,0.2390526136452975,-0.0998551092340622,-0.09991622005950163,0.5730823273220785,-2.13216485493428,2.1748984742336184
68,catalog_quadratic_z_delta,LCDM fixed H0=70 Om=0.3,450,0.0251,0.99268,-0.19576710318701254,0.2879083456430091,0.2331597842485445,-0.12402437767609142,-0.13515243322383697,0.5730823273220785,-2.13216485493428,2.1748984742336184
68,raw_no_catalog_correction,STAM b=354.95 union-style,450,0.0251,0.99268,0.1432234463436856,0.21143699625906093,0.17190208489064576,0.18958784462378894,0.16151771664917902,,,
68,raw_no_catalog_correction,STAM b=461.3626922 original,450,0.0251,0.99268,0.12900052153324193,0.20218465385789475,0.16249458692024432,0.17580401910604085,0.14805069298328632,,,
68,raw_no_catalog_correction,STAM b=1335.412792 DES-style,450,0.0251,0.99268,0.015604810922703785,0.15800387498740429,0.12081448906510941,0.06580636656048841,0.03938623872666014,,,
68,raw_no_catalog_correction,LCDM fixed H0=70 Om=0.3,450,0.0251,0.99268,0.00628129996104233,0.15589479166176734,0.11925588864221429,0.04163709811845919,0.01056823433700771,,,
69,catalog_bin_median_delta,STAM b=354.95 union-style,450,0.0251,0.97489,-0.09710336969832746,0.297380770414313,0.20326464641615427,-0.018799615098007587,-0.007523486430532245,,,
69,catalog_bin_median_delta,STAM b=461.3626922 original,450,0.0251,0.97489,-0.11132532134743105,0.3030214135679241,0.2059212114374286,-0.03259491742414904,-0.022309046136573585,,,
69,catalog_bin_median_delta,STAM b=1335.412792 DES-style,450,0.0251,0.97489,-0.22471414870546705,0.36513390530816936,0.2574943015892689,-0.14268172899910994,-0.13062028451556884,,,
69,catalog_bin_median_delta,LCDM fixed H0=70 Om=0.3,450,0.0251,0.97489,-0.234583946039573,0.34738238094675233,0.26069746455860904,-0.166734312950218,-0.16318902769589272,,,
69,catalog_linear_z_delta,STAM b=354.95 union-style,450,0.0251,0.97489,-0.1084598603998057,0.26774891739319967,0.21486177899491604,-0.011356987884730326,-0.02090575619876489,0.48800271662799927,-0.6754031847897619,
69,catalog_linear_z_delta,STAM b=461.3626922 original,450,0.0251,0.97489,-0.12268181204890932,0.27480779889934526,0.2205947624791907,-0.025152290210871783,-0.03476583500514607,0.48800271662799927,-0.6754031847897619,
69,catalog_linear_z_delta,STAM b=1335.412792 DES-style,450,0.0251,0.97489,-0.2360706394069453,0.3471775747103119,0.2857873003195627,-0.1352391017858327,-0.14271745412792924,0.48800271662799927,-0.6754031847897619,
69,catalog_linear_z_delta,LCDM fixed H0=70 Om=0.3,450,0.0251,0.97489,-0.2459404367410513,0.33036677742475684,0.28250795083257785,-0.15929168573694072,-0.18293546904322966,0.48800271662799927,-0.6754031847897619,
69,catalog_quadratic_z_delta,STAM b=354.95 union-style,450,0.0251,0.97489,-0.10808010923964417,0.28899619999892995,0.21749668755598722,-0.016254968521527077,-0.010070302883249838,0.6685969278362737,-2.3994675082580454,2.3409281066677576
69,catalog_quadratic_z_delta,STAM b=461.3626922 original,450,0.0251,0.97489,-0.12230206088874775,0.2954635685857714,0.22169702850394504,-0.03005027084766853,-0.0233569748437219,0.6685969278362737,-2.3994675082580454,2.3409281066677576
69,catalog_quadratic_z_delta,STAM b=1335.412792 DES-style,450,0.0251,0.97489,-0.2356908882467838,0.36320082481075144,0.276819409420242,-0.14013708242262943,-0.1306952941276549,0.6685969278362737,-2.3994675082580454,2.3409281066677576
69,catalog_quadratic_z_delta,LCDM fixed H0=70 Om=0.3,450,0.0251,0.97489,-0.24556068558088975,0.34035404148429105,0.272373125783158,-0.16418966637373747,-0.1682389558219981,0.6685969278362737,-2.3994675082580454,2.3409281066677576
69,raw_no_catalog_correction,STAM b=354.95 union-style,450,0.0251,0.97489,0.11603209457842639,0.19404752750490614,0.15696335636136333,0.16423678490199153,0.13131859514135513,,,
69,raw_no_catalog_correction,STAM b=461.3626922 original,450,0.0251,0.97489,0.1018101429293228,0.18612405729763193,0.14922286529627063,0.15044148257585005,0.1168407726521643,,,
69,raw_no_catalog_correction,STAM b=1335.412792 DES-style,450,0.0251,0.97489,-0.011578684428713225,0.15877647572727352,0.12176204224583574,0.040354671000889145,0.0038227755095938676,,,
69,raw_no_catalog_correction,LCDM fixed H0=70 Om=0.3,450,0.0251,0.97489,-0.021448481762819174,0.1547561884824172,0.12283089137469641,0.016302087049781103,-0.00924997868683164,,,
70,catalog_bin_median_delta,STAM b=354.95 union-style,450,0.0251,0.98846,-0.0894443397732893,0.281077389700069,0.19074804288541716,-0.017147103466471,-0.0015316974249905968,,,
70,catalog_bin_median_delta,STAM b=461.3626922 original,450,0.0251,0.98846,-0.1036812926102631,0.28657048938703467,0.1940197943794574,-0.03093558901348151,-0.016304259207156946,,,
70,catalog_bin_median_delta,STAM b=1335.412792 DES-style,450,0.0251,0.98846,-0.21718397978160503,0.34861411571086737,0.2471367490540374,-0.14096941978491173,-0.1295307417474092,,,
70,catalog_bin_median_delta,LCDM fixed H0=70 Om=0.3,450,0.0251,0.98846,-0.22485314014931188,0.32930765718319255,0.24616934399706958,-0.1650788734472682,-0.15802533545631547,,,
70,catalog_linear_z_delta,STAM b=354.95 union-style,450,0.0251,0.98846,-0.08844219128196187,0.2329261282815792,0.18807611259950083,-0.0017851942319942933,-0.01635883383329073,0.46870269061341624,-0.6522704037134363,
70,catalog_linear_z_delta,STAM b=461.3626922 original,450,0.0251,0.98846,-0.10267914411893568,0.23972220881691803,0.19384101688919075,-0.015573679779004803,-0.029991263363168486,0.46870269061341624,-0.6522704037134363,
70,catalog_linear_z_delta,STAM b=1335.412792 DES-style,450,0.0251,0.98846,-0.21618183129027757,0.3124178184391653,0.2590036577502894,-0.12560751055043504,-0.13883573896837476,0.46870269061341624,-0.6522704037134363,
70,catalog_linear_z_delta,LCDM fixed H0=70 Om=0.3,450,0.0251,0.98846,-0.2238509916579845,0.2940425998649484,0.2541109661039254,-0.1497169642127915,-0.17550383818340265,0.46870269061341624,-0.6522704037134363,
70,catalog_quadratic_z_delta,STAM b=354.95 union-style,450,0.0251,0.98846,-0.10037513619305136,0.27623153326335737,0.21158050222905617,-0.00860022453572373,0.012192127561583277,0.6699872877883836,-2.5738579813619173,2.609124444319894
70,catalog_quadratic_z_delta,STAM b=461.3626922 original,450,0.0251,0.98846,-0.11461208903002522,0.2824675008114876,0.21455468711215042,-0.02238871008273424,-0.002236595525413776,0.6699872877883836,-2.5738579813619173,2.609124444319894
70,catalog_quadratic_z_delta,STAM b=1335.412792 DES-style,450,0.0251,0.98846,-0.22811477620136703,0.3494275642437862,0.2654987522275354,-0.13242254085416447,-0.11146803491411106,0.6699872877883836,-2.5738579813619173,2.609124444319894
70,catalog_quadratic_z_delta,LCDM fixed H0=70 Om=0.3,450,0.0251,0.98846,-0.23578393656907395,0.3256137319987276,0.25911553944971855,-0.15653199451652092,-0.14597928124074855,0.6699872877883836,-2.5738579813619173,2.609124444319894
70,raw_no_catalog_correction,STAM b=354.95 union-style,450,0.0251,0.98846,0.1262451853716976,0.18650600034381898,0.15409683448375797,0.16433480764463942,0.14000395658228726,,,
70,raw_no_catalog_correction,STAM b=461.3626922 original,450,0.0251,0.98846,0.11200823253472378,0.1772230869448888,0.14551745547870285,0.15054632209762892,0.1255757065688563,,,
70,raw_no_catalog_correction,STAM b=1335.412792 DES-style,450,0.0251,0.98846,-0.0014944546366180706,0.1383065044951506,0.10708855816537591,0.04051249132619866,0.012319329323851491,,,
70,raw_no_catalog_correction,LCDM fixed H0=70 Om=0.3,450,0.0251,0.98846,-0.009163615004324995,0.14004378066118234,0.11010777470701899,0.016403037663842213,-0.005231693904029555,,,
71,catalog_bin_median_delta,STAM b=354.95 union-style,450,0.0251,0.99268,-0.06374859190596062,0.2818647359344284,0.19873846324376676,0.007477334151067541,0.019971676034735708,,,
71,catalog_bin_median_delta,STAM b=461.3626922 original,450,0.0251,0.99268,-0.07798080617589802,0.2861036328211091,0.19947347866303103,-0.006312138353507019,0.006083497801625981,,,
71,catalog_bin_median_delta,STAM b=1335.412792 DES-style,450,0.0251,0.99268,-0.19144748164276493,0.33997525439126175,0.23989985491444077,-0.11635378046478644,-0.1031067849390972,,,
71,catalog_bin_median_delta,LCDM fixed H0=70 Om=0.3,450,0.0251,0.99268,-0.19977682204651948,0.319751751787562,0.23974958555269316,-0.14056330632780584,-0.14322884758483667,,,
71,catalog_linear_z_delta,STAM b=354.95 union-style,450,0.0251,0.99268,-0.06596738166442549,0.2272125019690386,0.18143788192398821,0.0142032609701501,0.0055016635701861105,0.43914147082029137,-0.5984753979941271,
71,catalog_linear_z_delta,STAM b=461.3626922 original,450,0.0251,0.99268,-0.08019959593436288,0.23279608359917994,0.18617108491652856,0.00041378846557554047,-0.008244677060741168,0.43914147082029137,-0.5984753979941271,
71,catalog_linear_z_delta,STAM b=1335.412792 DES-style,450,0.0251,0.99268,-0.19366627140122983,0.2986448086271624,0.24724573512226647,-0.10962785364570388,-0.11734155373916266,0.43914147082029137,-0.5984753979941271,
71,catalog_linear_z_delta,LCDM fixed H0=70 Om=0.3,450,0.0251,0.99268,-0.20199561180498438,0.27842091931883106,0.24208047005448846,-0.13383737950872326,-0.1548262174682371,0.43914147082029137,-0.5984753979941271,
71,catalog_quadratic_z_delta,STAM b=354.95 union-style,450,0.0251,0.99268,-0.07283746453159144,0.2603164855969982,0.20048302239945387,0.009467075842000254,0.0256880625037752,0.6077285102207504,-2.207911813950278,2.1852867614748726
71,catalog_quadratic_z_delta,STAM b=461.3626922 original,450,0.0251,0.99268,-0.08706967880152883,0.26547930761433847,0.20299292023274002,-0.004322396662574306,0.012050917735997757,0.6077285102207504,-2.207911813950278,2.1852867614748726
71,catalog_quadratic_z_delta,STAM b=1335.412792 DES-style,450,0.0251,0.99268,-0.20053635426839572,0.3265616364926405,0.24931595985615732,-0.11436403877385372,-0.1030850897803326,0.6077285102207504,-2.207911813950278,2.1852867614748726
71,catalog_quadratic_z_delta,LCDM fixed H0=70 Om=0.3,450,0.0251,0.99268,-0.2088656946721503,0.3014381019208332,0.24275591916625988,-0.13857356463687312,-0.13390935627877454,0.6077285102207504,-2.207911813950278,2.1852867614748726
71,raw_no_catalog_correction,STAM b=354.95 union-style,450,0.0251,0.99268,0.1399520685010269,0.19911795896566192,0.15897665462644972,0.17590846748440073,0.1513301323749836,,,
71,raw_no_catalog_correction,STAM b=461.3626922 original,450,0.0251,0.99268,0.1257198542310895,0.18954715038408368,0.14920183064979026,0.16211899497982618,0.13768420766683676,,,
71,raw_no_catalog_correction,STAM b=1335.412792 DES-style,450,0.0251,0.99268,0.012253178764222602,0.14452504511809738,0.10892926392942937,0.052077352868546756,0.0263625431844261,,,
71,raw_no_catalog_correction,LCDM fixed H0=70 Om=0.3,450,0.0251,0.99268,0.0039238383604680484,0.1387624612622277,0.1058431204205286,0.02786782700552736,0.0010375904882060638,,,
72,catalog_bin_median_delta,STAM b=354.95 union-style,450,0.02556,0.97489,-0.07320649402081367,0.266672149898885,0.182647444479355,0.012677567083629021,0.012365626550622011,,,
72,catalog_bin_median_delta,STAM b=461.3626922 original,450,0.02556,0.97489,-0.0873993924798026,0.2715463203636132,0.18549615622093843,-0.0011256935860547261,-0.0010710678664516138,,,
72,catalog_bin_median_delta,STAM b=1335.412792 DES-style,450,0.02556,0.97489,-0.20056308042341556,0.3303249113041841,0.23698392694262232,-0.11127498641821393,-0.10825906288058107,,,
72,catalog_bin_median_delta,LCDM fixed H0=70 Om=0.3,450,0.02556,0.97489,-0.21118879436963267,0.3139061130638248,0.2394011545363787,-0.13574155945962432,-0.14115659476396303,,,
72,catalog_linear_z_delta,STAM b=354.95 union-style,450,0.02556,0.97489,-0.07117375077536374,0.22044310407169448,0.1740424637784368,0.020824220612543312,-0.006623967100210848,0.4229459780394056,-0.5464445036835476,
72,catalog_linear_z_delta,STAM b=461.3626922 original,450,0.02556,0.97489,-0.08536664923435265,0.22637285765489462,0.17909387077046135,0.007020959942859564,-0.019702134053147802,0.4229459780394056,-0.5464445036835476,
72,catalog_linear_z_delta,STAM b=1335.412792 DES-style,450,0.02556,0.97489,-0.19853033717796556,0.2946475328781488,0.2437091320554743,-0.10312833288929964,-0.12621156034191827,0.4229459780394056,-0.5464445036835476,
72,catalog_linear_z_delta,LCDM fixed H0=70 Om=0.3,450,0.02556,0.97489,-0.2091560511241827,0.27981096827615454,0.24134288386110972,-0.12759490593071005,-0.1690541115943276,0.4229459780394056,-0.5464445036835476,
72,catalog_quadratic_z_delta,STAM b=354.95 union-style,450,0.02556,0.97489,-0.0720594093156261,0.25224244347641334,0.19084896484184777,0.020788809081039767,0.02436544844355737,0.5954325818565078,-2.193108579611853,2.2358343393047844
72,catalog_quadratic_z_delta,STAM b=461.3626922 original,450,0.02556,0.97489,-0.08625230777461504,0.2574103710186053,0.19360368412367504,0.006985548411356019,0.010261435952532594,0.5954325818565078,-2.193108579611853,2.2358343393047844
72,catalog_quadratic_z_delta,STAM b=1335.412792 DES-style,450,0.02556,0.97489,-0.19941599571822796,0.31891975788133636,0.24268187619863102,-0.10316374442080319,-0.10199472281945887,0.5954325818565078,-2.193108579611853,2.2358343393047844
72,catalog_quadratic_z_delta,LCDM fixed H0=70 Om=0.3,450,0.02556,0.97489,-0.2100417096644451,0.2981738455749634,0.2386000531406487,-0.1276303174622136,-0.13979521474100665,0.5954325818565078,-2.193108579611853,2.2358343393047844
72,raw_no_catalog_correction,STAM b=354.95 union-style,450,0.02556,0.97489,0.13577483365133097,0.20001640075893806,0.16033948153305902,0.19215690041696185,0.15695004686401148,,,
72,raw_no_catalog_correction,STAM b=461.3626922 original,450,0.02556,0.97489,0.12158193519234203,0.19081538955903393,0.15011091243636487,0.17835363974727808,0.14283797613749272,,,
72,raw_no_catalog_correction,STAM b=1335.412792 DES-style,450,0.02556,0.97489,0.008418247248729123,0.14923673289068615,0.11186308586529134,0.06820434691511888,0.03147221294923597,,,
72,raw_no_catalog_correction,LCDM fixed H0=70 Om=0.3,450,0.02556,0.97489,-0.0022074666974880057,0.14536061497997244,0.11200825619068581,0.04373777387370849,0.006346943289454288,,,
73,catalog_bin_median_delta,STAM b=354.95 union-style,450,0.02517,0.98158,-0.09801603324194849,0.28975580415397845,0.19618888221306457,0.013883368112293243,0.0030327926406208405,,,
73,catalog_bin_median_delta,STAM b=461.3626922 original,450,0.02517,0.98158,-0.11226253006135031,0.2955756366001298,0.1997377202845868,8.842388003104576e-05,-0.01127005308471496,,,
73,catalog_bin_median_delta,STAM b=1335.412792 DES-style,450,0.02517,0.98158,-0.2258407048354715,0.35927218638135905,0.2575035266077964,-0.10999585828707509,-0.12218941334304745,,,
73,catalog_bin_median_delta,LCDM fixed H0=70 Om=0.3,450,0.02517,0.98158,-0.23442993430673584,0.3401535911730774,0.2574066612744604,-0.13424830124937157,-0.15496452889550483,,,
73,catalog_linear_z_delta,STAM b=354.95 union-style,450,0.02517,0.98158,-0.10016296550920839,0.2516737056824417,0.20368329794327375,0.025019966392174554,-0.003860940592669948,0.4622499106708844,-0.6269546057610599,
73,catalog_linear_z_delta,STAM b=461.3626922 original,450,0.02517,0.98158,-0.11440946232861023,0.25865388984596477,0.20901348124151106,0.011225022159912359,-0.017228307550482214,0.4622499106708844,-0.6269546057610599,
73,catalog_linear_z_delta,STAM b=1335.412792 DES-style,450,0.02517,0.98158,-0.22798763710273134,0.3314200677126397,0.27398377980652744,-0.09885926000719378,-0.12606537977968557,0.4622499106708844,-0.6269546057610599,
73,catalog_linear_z_delta,LCDM fixed H0=70 Om=0.3,450,0.02517,0.98158,-0.23657686657399565,0.31397451818418654,0.2696845087271636,-0.12311170296949027,-0.1681047074907731,0.4622499106708844,-0.6269546057610599,
73,catalog_quadratic_z_delta,STAM b=354.95 union-style,450,0.02517,0.98158,-0.10237670972611115,0.2834326576762987,0.2173312296511117,0.021511569934895346,0.018729667645857262,0.6522514446748572,-2.4408270659514493,2.4628692596737607
73,catalog_quadratic_z_delta,STAM b=461.3626922 original,450,0.02517,0.98158,-0.116623206545513,0.28969482667161095,0.22055533588872234,0.007716625702633151,0.005898281605595912,0.6522514446748572,-2.4408270659514493,2.4628692596737607
73,catalog_quadratic_z_delta,STAM b=1335.412792 DES-style,450,0.02517,0.98158,-0.2302013813196342,0.3564753543037693,0.2735108943003677,-0.10236765646447299,-0.10072757206040706,0.6522514446748572,-2.4408270659514493,2.4628692596737607
73,catalog_quadratic_z_delta,LCDM fixed H0=70 Om=0.3,450,0.02517,0.98158,-0.23879061079089842,0.3328695723274178,0.26927177404751224,-0.12662009942676947,-0.14351341581949129,0.6522514446748572,-2.4408270659514493,2.4628692596737607
73,raw_no_catalog_correction,STAM b=354.95 union-style,450,0.02517,0.98158,0.11979037483200604,0.1934712654179244,0.15210453560656528,0.1973725458900711,0.14698040435573034,,,
73,raw_no_catalog_correction,STAM b=461.3626922 original,450,0.02517,0.98158,0.1055438780126042,0.18518282700438773,0.14374636842093608,0.18357760165780893,0.1331685377420868,,,
73,raw_no_catalog_correction,STAM b=1335.412792 DES-style,450,0.02517,0.98158,-0.008034296761516985,0.15463058419430714,0.11784285510124187,0.07349331949070279,0.020765494585482713,,,
73,raw_no_catalog_correction,LCDM fixed H0=70 Om=0.3,450,0.02517,0.98158,-0.016623526232781273,0.1510340135064149,0.11249002681510913,0.04924087652840631,-0.00021157905961288748,,,
74,catalog_bin_median_delta,STAM b=354.95 union-style,450,0.0251,0.98024,-0.08216857726054214,0.2848344559265056,0.19746532146210133,0.022367291042111503,0.025300091118989343,,,
74,catalog_bin_median_delta,STAM b=461.3626922 original,450,0.0251,0.98024,-0.09629797398736328,0.28997711760569217,0.19953511086148723,0.008568034085199088,0.011672223347609645,,,
74,catalog_bin_median_delta,STAM b=1335.412792 DES-style,450,0.0251,0.98024,-0.20896944200977435,0.3492463384501632,0.24784304800614046,-0.10154959281341482,-0.09739579318370417,,,
74,catalog_bin_median_delta,LCDM fixed H0=70 Om=0.3,450,0.0251,0.98024,-0.221144342514481,0.3296494742310874,0.24869496554569542,-0.1256220506065363,-0.13660471770172933,,,
74,catalog_linear_z_delta,STAM b=354.95 union-style,450,0.0251,0.98024,-0.07279135376019849,0.24087830608047583,0.19386272935310206,0.033225874092186226,0.01458321661671036,0.4761437405370972,-0.6560661357150397,
74,catalog_linear_z_delta,STAM b=461.3626922 original,450,0.0251,0.98024,-0.08692075048701962,0.24656662299796608,0.1979701234033808,0.01942661713527381,0.0008970918085324797,0.4761437405370972,-0.6560661357150397,
74,catalog_linear_z_delta,STAM b=1335.412792 DES-style,450,0.0251,0.98024,-0.1995922185094307,0.3117816868064516,0.25200559711441156,-0.09069100976334009,-0.10413736481799063,0.4761437405370972,-0.6560661357150397,
74,catalog_linear_z_delta,LCDM fixed H0=70 Om=0.3,450,0.0251,0.98024,-0.21176711901413733,0.29419215070149185,0.24888587128504586,-0.11476346755646158,-0.1429950820952719,0.4761437405370972,-0.6560661357150397,
74,catalog_quadratic_z_delta,STAM b=354.95 union-style,450,0.0251,0.98024,-0.07800802819133525,0.27739717901893973,0.20806597017424766,0.028788095403925698,0.031453546500316065,0.6626294536039306,-2.436374389141159,2.417295904942758
74,catalog_quadratic_z_delta,STAM b=461.3626922 original,450,0.0251,0.98024,-0.09213742491815638,0.282497710414881,0.21025340979214047,0.014988838447013283,0.017200286457583758,0.6626294536039306,-2.436374389141159,2.417295904942758
74,catalog_quadratic_z_delta,STAM b=1335.412792 DES-style,450,0.0251,0.98024,-0.20480889294056748,0.341885605437591,0.2544566485428708,-0.09512878845160061,-0.08941276704300449,0.6626294536039306,-2.436374389141159,2.417295904942758
74,catalog_quadratic_z_delta,LCDM fixed H0=70 Om=0.3,450,0.0251,0.98024,-0.21698379344527405,0.3187813762297554,0.24961906430151148,-0.1192012462447221,-0.1280059909839366,0.6626294536039306,-2.436374389141159,2.417295904942758
74,raw_no_catalog_correction,STAM b=354.95 union-style,450,0.0251,0.98024,0.13658014276507469,0.1992049543680097,0.16225071474783137,0.2064310910421111,0.16613072151554675,,,
74,raw_no_catalog_correction,STAM b=461.3626922 original,450,0.0251,0.98024,0.12245074603825358,0.1899670035290252,0.15364717606164446,0.1926318340851987,0.15272755728170395,,,
74,raw_no_catalog_correction,STAM b=1335.412792 DES-style,450,0.0251,0.98024,0.00977927801584251,0.14773510943335308,0.11245790934253728,0.0825142071865848,0.04382482167449453,,,
74,raw_no_catalog_correction,LCDM fixed H0=70 Om=0.3,450,0.0251,0.98024,-0.0023956224888641263,0.141767452259693,0.10991501081315463,0.05844174939346331,0.019730744353342544,,,
75,catalog_bin_median_delta,STAM b=354.95 union-style,450,0.02512,0.98846,-0.11084484591366797,0.2781816971647785,0.18993315858304544,-0.021798507613510324,-0.0025401982693580294,,,
75,catalog_bin_median_delta,STAM b=461.3626922 original,450,0.02512,0.98846,-0.1250581954264874,0.28483818802134125,0.19449576874034194,-0.03560307253245052,-0.016299951378726973,,,
75,catalog_bin_median_delta,STAM b=1335.412792 DES-style,450,0.02512,0.98846,-0.2383799970388496,0.35426451362949923,0.2647687442453075,-0.1457620498979287,-0.12869707677313613,,,
75,catalog_bin_median_delta,LCDM fixed H0=70 Om=0.3,450,0.02512,0.98846,-0.2482043106450632,0.3371236046085247,0.2666865948616175,-0.16987891567620408,-0.16750472319313658,,,
75,catalog_linear_z_delta,STAM b=354.95 union-style,450,0.02512,0.98846,-0.1089566568700514,0.2434170515748069,0.19527207245151168,-0.013439869222076956,-0.04043755016799011,0.4831319754439798,-0.6453472982138471,
75,catalog_linear_z_delta,STAM b=461.3626922 original,450,0.02512,0.98846,-0.1231700063828708,0.2510413488640709,0.20155168230258846,-0.027244434141017154,-0.05493803461835611,0.4831319754439798,-0.6453472982138471,
75,catalog_linear_z_delta,STAM b=1335.412792 DES-style,450,0.02512,0.98846,-0.23649180799523303,0.3279606630742182,0.2754602032853075,-0.13740341150649535,-0.16495307037936513,0.4831319754439798,-0.6453472982138471,
75,catalog_linear_z_delta,LCDM fixed H0=70 Om=0.3,450,0.02512,0.98846,-0.2463161216014466,0.3135379249345827,0.2755558956420361,-0.16152027728477075,-0.2027490797579965,0.4831319754439798,-0.6453472982138471,
75,catalog_quadratic_z_delta,STAM b=354.95 union-style,450,0.02512,0.98846,-0.1102067057731846,0.2705417375067117,0.2037474491358484,-0.015206110609812732,-0.0057377762283756795,0.6620295915377512,-2.353214872690482,2.318936221309955
75,catalog_quadratic_z_delta,STAM b=461.3626922 original,450,0.02512,0.98846,-0.12442005528600396,0.27742269267543407,0.20886911202367822,-0.02901067552875293,-0.020157862789712766,0.6620295915377512,-2.353214872690482,2.318936221309955
75,catalog_quadratic_z_delta,STAM b=1335.412792 DES-style,450,0.02512,0.98846,-0.23774185689836622,0.3485760289830446,0.27170655006119127,-0.1391696528942311,-0.1318722831449186,0.6620295915377512,-2.353214872690482,2.318936221309955
75,catalog_quadratic_z_delta,LCDM fixed H0=70 Om=0.3,450,0.02512,0.98846,-0.24756617050457982,0.32810976056204155,0.2714952871808928,-0.16328651867250651,-0.16935525522342587,0.6620295915377512,-2.353214872690482,2.318936221309955
75,raw_no_catalog_correction,STAM b=354.95 union-style,450,0.02512,0.98846,0.1212495672663165,0.1874415282787717,0.15002414527063967,0.17248158127537744,0.14725981303293167,,,
75,raw_no_catalog_correction,STAM b=461.3626922 original,450,0.02512,0.98846,0.10703621775349707,0.178657824466734,0.14161534990823632,0.15867701635643724,0.13348519213790766,,,
75,raw_no_catalog_correction,STAM b=1335.412792 DES-style,450,0.02512,0.98846,-0.006285583858865145,0.14443628760811825,0.10925947842518434,0.04851803899095903,0.022960176740884464,,,
75,raw_no_catalog_correction,LCDM fixed H0=70 Om=0.3,450,0.02512,0.98846,-0.016109897465078755,0.14576855268328653,0.11372530650529063,0.024401173212683633,-0.0008260434409095296,,,
76,catalog_bin_median_delta,STAM b=354.95 union-style,450,0.02517,0.97489,-0.09480628870346072,0.28465748076950503,0.188458880668902,-0.013793027750826307,0.0033574952170525307,,,
76,catalog_bin_median_delta,STAM b=461.3626922 original,450,0.02517,0.97489,-0.10894896886411466,0.29036833496521935,0.191965618690957,-0.027586639311315036,-0.011522488659615249,,,
76,catalog_bin_median_delta,STAM b=1335.412792 DES-style,450,0.02517,0.97489,-0.22172400015098612,0.3533357116077453,0.25097453075237014,-0.13766047132598888,-0.11948367127912363,,,
76,catalog_bin_median_delta,LCDM fixed H0=70 Om=0.3,450,0.02517,0.97489,-0.23403347869439156,0.33754134391890916,0.25413727757953564,-0.16185761813920158,-0.15617180658360752,,,
76,catalog_linear_z_delta,STAM b=354.95 union-style,450,0.02517,0.97489,-0.09400582606910576,0.25309107150152743,0.2025823689391342,-0.0019353094864712262,-0.01023569076929931,0.5060564122968375,-0.7023554963532135,
76,catalog_linear_z_delta,STAM b=461.3626922 original,450,0.02517,0.97489,-0.1081485062297597,0.25968279673169214,0.20765721184726005,-0.015728921046959953,-0.023502055511542608,0.5060564122968375,-0.7023554963532135,
76,catalog_linear_z_delta,STAM b=1335.412792 DES-style,450,0.02517,0.97489,-0.22092353751663113,0.3297172784679838,0.2708938047186069,-0.1258027530616338,-0.1342665743973015,0.5060564122968375,-0.7023554963532135,
76,catalog_linear_z_delta,LCDM fixed H0=70 Om=0.3,450,0.02517,0.97489,-0.23323301606003663,0.3146753361762867,0.26976175344741804,-0.14999989987484652,-0.17227918780707796,0.5060564122968375,-0.7023554963532135,
76,catalog_quadratic_z_delta,STAM b=354.95 union-style,450,0.02517,0.97489,-0.09481662911815439,0.2786082295616035,0.20793383443971564,-0.0060482949692578026,0.01801467977519522,0.701254235882565,-2.5658349590182334,2.5302254625715674
76,catalog_quadratic_z_delta,STAM b=461.3626922 original,450,0.02517,0.97489,-0.10895930927880827,0.2845653167585195,0.21104898886803597,-0.01984190652974653,0.004527569656271879,0.701254235882565,-2.5658349590182334,2.5302254625715674
76,catalog_quadratic_z_delta,STAM b=1335.412792 DES-style,450,0.02517,0.97489,-0.22173434056567973,0.3493678316291869,0.2628225156899598,-0.12991573854442037,-0.10516350578114952,0.701254235882565,-2.5658349590182334,2.5302254625715674
76,catalog_quadratic_z_delta,LCDM fixed H0=70 Om=0.3,450,0.02517,0.97489,-0.23404381910908523,0.3281928774908112,0.2613031890404987,-0.15411288535763307,-0.14395371695685455,0.701254235882565,-2.5658349590182334,2.5302254625715674
76,raw_no_catalog_correction,STAM b=354.95 union-style,450,0.02517,0.97489,0.12848562839216648,0.1948000883580589,0.15897297660444565,0.17913586113806212,0.15190025198566914,,,
76,raw_no_catalog_correction,STAM b=461.3626922 original,450,0.02517,0.97489,0.11434294823151253,0.18590886086692524,0.15015370161174138,0.1653422495775734,0.13792250603290057,,,
76,raw_no_catalog_correction,STAM b=1335.412792 DES-style,450,0.02517,0.97489,0.001567916944641097,0.14834119314469096,0.11134001597334887,0.05526841756289955,0.029319672009638253,,,
76,raw_no_catalog_correction,LCDM fixed H0=70 Om=0.3,450,0.02517,0.97489,-0.010741561598764394,0.1474698888135913,0.11304869453844728,0.031071270749686842,0.005318821075281477,,,
77,catalog_bin_median_delta,STAM b=354.95 union-style,450,0.02519,0.97489,-0.0921341973919935,0.30480886133019786,0.2031130266899178,0.00972245287488344,0.018913217991805453,,,
77,catalog_bin_median_delta,STAM b=461.3626922 original,450,0.02519,0.97489,-0.10633440327187177,0.31017790159135933,0.20607650841262212,-0.0040620985922271615,0.005205503101027631,,,
77,catalog_bin_median_delta,STAM b=1335.412792 DES-style,450,0.02519,0.97489,-0.2195531511315015,0.370114538797023,0.2543470257875184,-0.11406535677377369,-0.09709002942959444,,,
77,catalog_bin_median_delta,LCDM fixed H0=70 Om=0.3,450,0.02519,0.97489,-0.22881177034618516,0.34856683282220685,0.25364063325446884,-0.13820962097927433,-0.13750405764049134,,,
77,catalog_linear_z_delta,STAM b=354.95 union-style,450,0.02519,0.97489,-0.08446081177067997,0.2602831609935322,0.21105032860893302,0.023893503752340072,0.01378908606660545,0.4940092133430515,-0.6964856264480479,
77,catalog_linear_z_delta,STAM b=461.3626922 original,450,0.02519,0.97489,-0.09866101765055824,0.2663199131102227,0.21564957809194146,0.01010895228522947,0.00019960012316388998,0.4940092133430515,-0.6964856264480479,
77,catalog_linear_z_delta,STAM b=1335.412792 DES-style,450,0.02519,0.97489,-0.21187976551018797,0.3327253623999664,0.2720417455970464,-0.09989430589631706,-0.10646017782978134,0.4940092133430515,-0.6964856264480479,
77,catalog_linear_z_delta,LCDM fixed H0=70 Om=0.3,450,0.02519,0.97489,-0.22113838472487166,0.31245553835551393,0.26562531041126536,-0.1240385701018177,-0.15301087778072642,0.4940092133430515,-0.6964856264480479,
77,catalog_quadratic_z_delta,STAM b=354.95 union-style,450,0.02519,0.97489,-0.09286957585336858,0.287512304570073,0.21524944462328735,0.01634104135706816,0.02419626982419132,0.6936524671134393,-2.6024039221884165,2.587848751800365
77,catalog_quadratic_z_delta,STAM b=461.3626922 original,450,0.02519,0.97489,-0.10706978173324685,0.293309290020995,0.21856655667476607,0.0025564898899575576,0.010944151099167243,0.6936524671134393,-2.6024039221884165,2.587848751800365
77,catalog_quadratic_z_delta,STAM b=1335.412792 DES-style,450,0.02519,0.97489,-0.2202885295928766,0.35680870112868,0.26778682486690125,-0.10744676829158897,-0.09423340261377788,0.6936524671134393,-2.6024039221884165,2.587848751800365
77,catalog_quadratic_z_delta,LCDM fixed H0=70 Om=0.3,450,0.02519,0.97489,-0.22954714880756022,0.3306756084552152,0.2606944273256618,-0.13159103249708962,-0.13804507687493484,0.6936524671134393,-2.6024039221884165,2.587848751800365
77,raw_no_catalog_correction,STAM b=354.95 union-style,450,0.02519,0.97489,0.13430078683777466,0.1993736059698229,0.16121692051693876,0.19427056398599335,0.16033121266540462,,,
77,raw_no_catalog_correction,STAM b=461.3626922 original,450,0.02519,0.97489,0.12010058095789637,0.19031410296989834,0.152523927484573,0.18048601251888272,0.1469671002678261,,,
77,raw_no_catalog_correction,STAM b=1335.412792 DES-style,450,0.02519,0.97489,0.006881833098266643,0.15040105158251524,0.11544851135566307,0.0704827543373362,0.03595974691013737,,,
77,raw_no_catalog_correction,LCDM fixed H0=70 Om=0.3,450,0.02519,0.97489,-0.002376786116417002,0.14588661416134208,0.11606136491982565,0.04633849013183556,0.011614588599158537,,,
78,catalog_bin_median_delta,STAM b=354.95 union-style,450,0.0251,0.99268,-0.07144123168499109,0.2823467685840503,0.19435707045780146,0.012851725624468726,0.019296138906746307,,,
78,catalog_bin_median_delta,STAM b=461.3626922 original,450,0.0251,0.99268,-0.08559019080139714,0.28688628192240534,0.19629826071131445,-0.0009394656831073196,0.0064036274608518795,,,
78,catalog_bin_median_delta,STAM b=1335.412792 DES-style,450,0.0251,0.99268,-0.19841324418194842,0.3424607431113076,0.23974164039782184,-0.11099426345167661,-0.10114674883525865,,,
78,catalog_bin_median_delta,LCDM fixed H0=70 Om=0.3,450,0.0251,0.99268,-0.2100684040995406,0.32683099811096017,0.24577376644168983,-0.13502717008609547,-0.14050567061406483,,,
78,catalog_linear_z_delta,STAM b=354.95 union-style,450,0.0251,0.99268,-0.06794462729324391,0.23043441976399487,0.18554961669221934,0.02351567449570862,0.001692210172624442,0.4556104025288882,-0.625629151210752,
78,catalog_linear_z_delta,STAM b=461.3626922 original,450,0.0251,0.99268,-0.08209358640964998,0.23598027455254045,0.18992799943368574,0.009724483188132575,-0.012192266794844642,0.4556104025288882,-0.625629151210752,
78,catalog_linear_z_delta,STAM b=1335.412792 DES-style,450,0.0251,0.99268,-0.19491663979020124,0.3011086029082931,0.2472015551640256,-0.10033031458043672,-0.1218063322686902,0.4556104025288882,-0.625629151210752,
78,catalog_linear_z_delta,LCDM fixed H0=70 Om=0.3,450,0.0251,0.99268,-0.20657179970779338,0.28624994569883944,0.24392432075331297,-0.12436322121485557,-0.15926087532251998,0.4556104025288882,-0.625629151210752,
78,catalog_quadratic_z_delta,STAM b=354.95 union-style,450,0.0251,0.99268,-0.07223639628895913,0.2582401716970886,0.19353861739452835,0.017067977309532363,0.01892309909544565,0.636239310788116,-2.350024714242463,2.341377862511268
78,catalog_quadratic_z_delta,STAM b=461.3626922 original,450,0.0251,0.99268,-0.0863853554053652,0.2633164910373265,0.19673516127908028,0.0032767860019563165,0.005721962349316101,0.636239310788116,-2.350024714242463,2.341377862511268
78,catalog_quadratic_z_delta,STAM b=1335.412792 DES-style,450,0.0251,0.99268,-0.19920840878591645,0.32373887276640945,0.24722775606813466,-0.10677801176661297,-0.1072181006319397,0.636239310788116,-2.350024714242463,2.341377862511268
78,catalog_quadratic_z_delta,LCDM fixed H0=70 Om=0.3,450,0.0251,0.99268,-0.21086356870350859,0.30304052427528433,0.24336992620502174,-0.13081091840103182,-0.14117222047079991,0.636239310788116,-2.350024714242463,2.341377862511268
78,raw_no_catalog_correction,STAM b=354.95 union-style,450,0.0251,0.99268,0.1354167285089579,0.20159601040439193,0.16384539446137997,0.18917919229113558,0.1600906617454534,,,
78,raw_no_catalog_correction,STAM b=461.3626922 original,450,0.0251,0.99268,0.12126776939255184,0.1924653122746377,0.15508884660946032,0.17538800098355953,0.1464277348207439,,,
78,raw_no_catalog_correction,STAM b=1335.412792 DES-style,450,0.0251,0.99268,0.008444716012000588,0.1510151342754442,0.11578052067684862,0.06533320321499024,0.03441032770625796,,,
78,raw_no_catalog_correction,LCDM fixed H0=70 Om=0.3,450,0.0251,0.99268,-0.003210443905591563,0.15069952646921353,0.12076143012819075,0.04130029658057138,0.006182309860623292,,,
79,catalog_bin_median_delta,STAM b=354.95 union-style,450,0.02556,0.98846,-0.07501493998974963,0.27074828586368976,0.1816759898444558,0.0009406462669683909,0.015242855318870596,,,
79,catalog_bin_median_delta,STAM b=461.3626922 original,450,0.02556,0.98846,-0.08922842331015861,0.2757821282571112,0.18368716007278124,-0.012857399586830335,0.0003467725298698099,,,
79,catalog_bin_median_delta,STAM b=1335.412792 DES-style,450,0.02556,0.98846,-0.20255288749277583,0.33536405245615725,0.23424613183100335,-0.12296568947585848,-0.10927781764906186,,,
79,catalog_bin_median_delta,LCDM fixed H0=70 Om=0.3,450,0.02556,0.98846,-0.21357020192350928,0.3152013670328141,0.2342460745830166,-0.14711264537245677,-0.13935114298628903,,,
79,catalog_linear_z_delta,STAM b=354.95 union-style,450,0.02556,0.98846,-0.0829952076502037,0.24431156685573827,0.19202600941039624,0.01055722984275535,0.006896505009578391,0.47956002696856154,-0.6721436730188777,
79,catalog_linear_z_delta,STAM b=461.3626922 original,450,0.02556,0.98846,-0.09720869097061265,0.2505107255183355,0.1971898935004199,-0.003240816011043377,-0.006612679038543234,0.47956002696856154,-0.6721436730188777,
79,catalog_linear_z_delta,STAM b=1335.412792 DES-style,450,0.02556,0.98846,-0.21053315515322996,0.318869399524958,0.25956788636332007,-0.11334910590007152,-0.1178802892162274,0.47956002696856154,-0.6721436730188777,
79,catalog_linear_z_delta,LCDM fixed H0=70 Om=0.3,450,0.02556,0.98846,-0.2215504695839633,0.30235883556082294,0.25663721904641434,-0.13749606179666982,-0.15340383154137172,0.47956002696856154,-0.6721436730188777,
79,catalog_quadratic_z_delta,STAM b=354.95 union-style,450,0.02556,0.98846,-0.07861088076348985,0.2724503860932681,0.20317902694300988,0.0067506839361711314,0.032640309666088996,0.6652591524141165,-2.44494267326321,2.4070998689862986
79,catalog_quadratic_z_delta,STAM b=461.3626922 original,450,0.02556,0.98846,-0.09282436408389881,0.2776904716303744,0.20533812678901192,-0.007047361917627594,0.0198531398855728,0.6652591524141165,-2.44494267326321,2.4070998689862986
79,catalog_quadratic_z_delta,STAM b=1335.412792 DES-style,450,0.02556,0.98846,-0.2061488282665161,0.3384769987035762,0.24866023924641922,-0.11715565180665574,-0.08826795408696952,0.6652591524141165,-2.44494267326321,2.4070998689862986
79,catalog_quadratic_z_delta,LCDM fixed H0=70 Om=0.3,450,0.02556,0.98846,-0.21716614269724946,0.3154603756380056,0.24442262617808586,-0.141302607703254,-0.1267928029085219,0.6652591524141165,-2.44494267326321,2.4070998689862986
79,raw_no_catalog_correction,STAM b=354.95 union-style,450,0.02556,0.98846,0.1339017896381411,0.19596596378414743,0.16108423646200348,0.179660024044746,0.1504730072080953,,,
79,raw_no_catalog_correction,STAM b=461.3626922 original,450,0.02556,0.98846,0.11968830631773215,0.18672380013116166,0.15192258914410314,0.16586197819094725,0.13579430024067562,,,
79,raw_no_catalog_correction,STAM b=1335.412792 DES-style,450,0.02556,0.98846,0.006363842135114874,0.14571290414643642,0.11018553123742839,0.0557536883019191,0.023556935272800672,,,
79,raw_no_catalog_correction,LCDM fixed H0=70 Om=0.3,450,0.02556,0.98846,-0.004653472295618519,0.14067008713730406,0.1069630194121384,0.03160673240532082,0.003097277244286545,,,
80,catalog_bin_median_delta,STAM b=354.95 union-style,450,0.0251,0.98846,-0.08230672004321288,0.29029015718362583,0.19628673736913307,0.008552125123639705,0.017262561941642218,,,
80,catalog_bin_median_delta,STAM b=461.3626922 original,450,0.0251,0.98846,-0.09648101496669692,0.2953192997068801,0.19826852028212305,-0.005246307028166244,0.004166090691757773,,,
80,catalog_bin_median_delta,STAM b=1335.412792 DES-style,450,0.0251,0.98846,-0.20950045644949025,0.35370104975408695,0.24652720895326224,-0.11535754653643811,-0.10166947957332084,,,
80,catalog_bin_median_delta,LCDM fixed H0=70 Om=0.3,450,0.0251,0.98846,-0.22053334200813426,0.3351289214846207,0.24682986499772855,-0.13946229060027326,-0.13313058530999555,,,
80,catalog_linear_z_delta,STAM b=354.95 union-style,450,0.0251,0.98846,-0.08102170879892888,0.24572130803026943,0.19817635485129248,0.020164719350670754,0.007987905091432879,0.4922146835053307,-0.6855927885854618,
80,catalog_linear_z_delta,STAM b=461.3626922 original,450,0.0251,0.98846,-0.0951960037224129,0.25177638091692034,0.20289084315912395,0.006366287198864803,-0.004762764398630992,0.4922146835053307,-0.6855927885854618,
80,catalog_linear_z_delta,STAM b=1335.412792 DES-style,450,0.0251,0.98846,-0.2082154452052062,0.3190644916891148,0.2635823259165486,-0.10374495230940707,-0.11617877252114894,0.4922146835053307,-0.6855927885854618,
80,catalog_linear_z_delta,LCDM fixed H0=70 Om=0.3,450,0.0251,0.98846,-0.2192483307638503,0.3022003619246851,0.2594523108541336,-0.1278496963732422,-0.15569856613094757,0.4922146835053307,-0.6855927885854618,
80,catalog_quadratic_z_delta,STAM b=354.95 union-style,450,0.0251,0.98846,-0.0843906597836069,0.27688788266166414,0.20958966357875147,0.0160884072204267,0.019972227045485624,0.6878162580033265,-2.5529267078177913,2.5354590293193526
80,catalog_quadratic_z_delta,STAM b=461.3626922 original,450,0.0251,0.98846,-0.09856495470709094,0.28232875589258044,0.21239974683011964,0.0022899750686207515,0.006917587700868921,0.6878162580033265,-2.5529267078177913,2.5354590293193526
80,catalog_quadratic_z_delta,STAM b=1335.412792 DES-style,450,0.0251,0.98846,-0.21158439618988426,0.34404610903370386,0.26026729375707336,-0.10782126443965112,-0.10178364615899937,0.6878162580033265,-2.5529267078177913,2.5354590293193526
80,catalog_quadratic_z_delta,LCDM fixed H0=70 Om=0.3,450,0.0251,0.98846,-0.22261728174852835,0.3213997530452355,0.25551780053981643,-0.13192600850348626,-0.14179980334062137,0.6878162580033265,-2.5529267078177913,2.5354590293193526
80,raw_no_catalog_correction,STAM b=354.95 union-style,450,0.0251,0.98846,0.13784674104032024,0.2015234621035923,0.1628093001708813,0.19573876956808384,0.16038878585546001,,,
80,raw_no_catalog_correction,STAM b=461.3626922 original,450,0.0251,0.98846,0.12367244611683625,0.19222368103724433,0.1536317642877895,0.1819403374162779,0.14774092519355975,,,
80,raw_no_catalog_correction,STAM b=1335.412792 DES-style,450,0.0251,0.98846,0.010653004634042916,0.14917335221057718,0.11472250848009541,0.07182909790800603,0.039778358599306785,,,
80,raw_no_catalog_correction,LCDM fixed H0=70 Om=0.3,450,0.0251,0.98846,-0.00037988092460115066,0.14675711579021639,0.11357970981555306,0.04772435384417089,0.020662924169371877,,,
81,catalog_bin_median_delta,STAM b=354.95 union-style,450,0.0251,0.99268,-0.08559126401377366,0.29938247705782406,0.19554713257208844,-0.0043073399757864355,0.01839990949274295,,,
81,catalog_bin_median_delta,STAM b=461.3626922 original,450,0.0251,0.99268,-0.09977739032446983,0.3045044548438698,0.19774450278003416,-0.0180879430679209,0.005163342273053928,,,
81,catalog_bin_median_delta,STAM b=1335.412792 DES-style,450,0.0251,0.99268,-0.21288781418104624,0.36305165378341553,0.2477940193709024,-0.12806045839903107,-0.10261650089788787,,,
81,catalog_bin_median_delta,LCDM fixed H0=70 Om=0.3,450,0.0251,0.99268,-0.22306955532496373,0.3414698083895331,0.24812458331726606,-0.15218611065104795,-0.1352426659151469,,,
81,catalog_linear_z_delta,STAM b=354.95 union-style,450,0.0251,0.99268,-0.08293634275635527,0.255033146123936,0.20468854541626808,0.009805433085322446,0.010548662822849053,0.4872287811372216,-0.6934632147481465,
81,catalog_linear_z_delta,STAM b=461.3626922 original,450,0.0251,0.99268,-0.09712246906705145,0.26108184315145516,0.20939466773960003,-0.003975170006812018,-0.0023155342083747144,0.4872287811372216,-0.6934632147481465,
81,catalog_linear_z_delta,STAM b=1335.412792 DES-style,450,0.0251,0.99268,-0.21023289292362787,0.3278109520841581,0.26687873922574473,-0.11394768533792218,-0.11174554734592235,0.4872287811372216,-0.6934632147481465,
81,catalog_linear_z_delta,LCDM fixed H0=70 Om=0.3,450,0.0251,0.99268,-0.22041463406754533,0.30782361550283033,0.2611349572838181,-0.13807333758993906,-0.15437253217663383,0.4872287811372216,-0.6934632147481465,
81,catalog_quadratic_z_delta,STAM b=354.95 union-style,450,0.0251,0.99268,-0.09050192069247678,0.2937592439308193,0.22084192223707746,0.0005062760320838954,0.03035668727383012,0.6819482872445608,-2.55237636216827,2.524025336766991
81,catalog_quadratic_z_delta,STAM b=461.3626922 original,450,0.0251,0.99268,-0.10468804700317294,0.2992370512063695,0.22298422384508879,-0.013274327060050568,0.017408010770708415,0.6819482872445608,-2.55237636216827,2.524025336766991
81,catalog_quadratic_z_delta,STAM b=1335.412792 DES-style,450,0.0251,0.99268,-0.21779847085974935,0.36035809879425346,0.2669226710728384,-0.12324684239116074,-0.0925618627456295,0.6819482872445608,-2.55237636216827,2.524025336766991
81,catalog_quadratic_z_delta,LCDM fixed H0=70 Om=0.3,450,0.0251,0.99268,-0.2279802120036668,0.3352061628154101,0.2609324285281027,-0.14737249464317762,-0.13083263656038113,0.6819482872445608,-2.55237636216827,2.524025336766991
81,raw_no_catalog_correction,STAM b=354.95 union-style,450,0.0251,0.99268,0.12881327876073453,0.19292007455712187,0.15513251134788467,0.17419608224643576,0.15707989534402245,,,
81,raw_no_catalog_correction,STAM b=461.3626922 original,450,0.0251,0.99268,0.11462715245003836,0.18397117387148001,0.14654774995194259,0.16041547915430127,0.1429427297998025,,,
81,raw_no_catalog_correction,STAM b=1335.412792 DES-style,450,0.0251,0.99268,0.001516728593461956,0.14652778992542703,0.1120422879295697,0.05044296382319111,0.03064821758371039,,,
81,raw_no_catalog_correction,LCDM fixed H0=70 Om=0.3,450,0.0251,0.99268,-0.008665012550455502,0.13883641998694232,0.10658073911708885,0.026317311571174222,0.005636478209599005,,,
82,catalog_bin_median_delta,STAM b=354.95 union-style,450,0.02509,0.98846,-0.07212698935673349,0.2847218022070822,0.19090136288876455,0.022499782610609885,0.023659772795287637,,,
82,catalog_bin_median_delta,STAM b=461.3626922 original,450,0.02509,0.98846,-0.08628949172777961,0.2893821022227298,0.19270803456197272,0.008703537941882505,0.009907118880043697,,,
82,catalog_bin_median_delta,STAM b=1335.412792 DES-style,450,0.02509,0.98846,-0.19921697809866862,0.3456270632308689,0.23872957127121366,-0.10139060376271712,-0.09843871338816612,,,
82,catalog_bin_median_delta,LCDM fixed H0=70 Om=0.3,450,0.02509,0.98846,-0.2101250683436379,0.32547590154741163,0.23841165592764565,-0.1254413701877972,-0.13252035131946016,,,
82,catalog_linear_z_delta,STAM b=354.95 union-style,450,0.02509,0.98846,-0.071359355387793,0.2505663963012715,0.2026736388987342,0.03307038323890336,0.014871604818605277,0.49278469246193607,-0.6964298593349444,
82,catalog_linear_z_delta,STAM b=461.3626922 original,450,0.02509,0.98846,-0.0855218577588391,0.25604589202098565,0.20692908559216097,0.01927413857017598,0.0017144188756645917,0.49278469246193607,-0.6964298593349444,
82,catalog_linear_z_delta,STAM b=1335.412792 DES-style,450,0.02509,0.98846,-0.1984493441297281,0.31946154696033563,0.2609619314692638,-0.09082000313442365,-0.104047590570854,0.49278469246193607,-0.6964298593349444,
82,catalog_linear_z_delta,LCDM fixed H0=70 Om=0.3,450,0.02509,0.98846,-0.20935743437469737,0.30013830051235885,0.25526982950938054,-0.11487076955950373,-0.1520763763944437,0.49278469246193607,-0.6964298593349444,
82,catalog_quadratic_z_delta,STAM b=354.95 union-style,450,0.02509,0.98846,-0.07814422659972264,0.2806942209798524,0.21328609256906936,0.028132866994934887,0.03456605398119095,0.6848184093800606,-2.529702797744485,2.4892111566249406
82,catalog_quadratic_z_delta,STAM b=461.3626922 original,450,0.02509,0.98846,-0.09230672897076875,0.28580988599488016,0.21594119346180604,0.014336622326207507,0.021022417206378208,0.6848184093800606,-2.529702797744485,2.4892111566249406
82,catalog_quadratic_z_delta,STAM b=1335.412792 DES-style,450,0.02509,0.98846,-0.20523421534165776,0.34520151868782967,0.2570767412825586,-0.09575751937839211,-0.08527355420375571,0.6848184093800606,-2.529702797744485,2.4892111566249406
82,catalog_quadratic_z_delta,LCDM fixed H0=70 Om=0.3,450,0.02509,0.98846,-0.21614230558662703,0.3205490970775688,0.25080740839870436,-0.1198082858034722,-0.12197359178022893,0.6848184093800606,-2.529702797744485,2.4892111566249406
82,raw_no_catalog_correction,STAM b=354.95 union-style,450,0.02509,0.98846,0.14199407918688478,0.20363979797407142,0.1664875378573189,0.2038565826106101,0.16302354101114247,,,
82,raw_no_catalog_correction,STAM b=461.3626922 original,450,0.02509,0.98846,0.12783157681583865,0.19420448212362956,0.15669988908035418,0.1900603379418827,0.14916521415112527,,,
82,raw_no_catalog_correction,STAM b=1335.412792 DES-style,450,0.02509,0.98846,0.014904090444949648,0.14919016321514864,0.11255972396515783,0.0799661962372831,0.03685733020501303,,,
82,raw_no_catalog_correction,LCDM fixed H0=70 Om=0.3,450,0.02509,0.98846,0.0039960001999804,0.1438502835441252,0.10987778011893426,0.055915429812203016,0.01480089190913958,,,
83,catalog_bin_median_delta,STAM b=354.95 union-style,450,0.02509,0.98158,-0.07504132509472693,0.2795860882243162,0.19215606787974465,0.010908385379108931,0.00913369067095715,,,
83,catalog_bin_median_delta,STAM b=461.3626922 original,450,0.02509,0.98158,-0.0892111428281422,0.2843599759447064,0.1948582272137322,-0.002888650762288718,-0.004241719484117112,,,
83,catalog_bin_median_delta,STAM b=1335.412792 DES-style,450,0.02509,0.98158,-0.2021959080787733,0.3416694663801185,0.2423981737661065,-0.11298921283359104,-0.11315594958598041,,,
83,catalog_bin_median_delta,LCDM fixed H0=70 Om=0.3,450,0.02509,0.98158,-0.21337151411018024,0.3256787232129654,0.24886323736834787,-0.13724216541783274,-0.1469140653046601,,,
83,catalog_linear_z_delta,STAM b=354.95 union-style,450,0.02509,0.98158,-0.07356898466514669,0.22781473884062625,0.17876539706026862,0.01983653448191106,-0.008418515478716415,0.46297354500384086,-0.628088378771031,
83,catalog_linear_z_delta,STAM b=461.3626922 original,450,0.02509,0.98158,-0.08773880239856198,0.2337572651604228,0.18365277055685558,0.006039498340513411,-0.023118396598757585,0.46297354500384086,-0.628088378771031,
83,catalog_linear_z_delta,STAM b=1335.412792 DES-style,450,0.02509,0.98158,-0.20072356764919305,0.3015118413166017,0.24857750933129466,-0.10406106373078891,-0.12748728100246964,0.46297354500384086,-0.628088378771031,
83,catalog_linear_z_delta,LCDM fixed H0=70 Om=0.3,450,0.02509,0.98158,-0.2118991736806,0.28694929226549215,0.24711940369411675,-0.12831401631503062,-0.1688745581717086,0.46297354500384086,-0.628088378771031,
83,catalog_quadratic_z_delta,STAM b=354.95 union-style,450,0.02509,0.98158,-0.07608537538578825,0.25548851708622805,0.19346860500339164,0.017020732457847267,0.019933804999471505,0.6449119991348347,-2.3649856787208403,2.358352674260094
83,catalog_quadratic_z_delta,STAM b=461.3626922 original,450,0.02509,0.98158,-0.09025519311920353,0.26084168697976745,0.19618974360408417,0.0032236963164496203,0.006738179803345901,0.6449119991348347,-2.3649856787208403,2.358352674260094
83,catalog_quadratic_z_delta,STAM b=1335.412792 DES-style,450,0.02509,0.98158,-0.2032399583698346,0.3232292171044164,0.24494053476790845,-0.1068768657548527,-0.10297545820761655,0.6449119991348347,-2.3649856787208403,2.358352674260094
83,catalog_quadratic_z_delta,LCDM fixed H0=70 Om=0.3,450,0.02509,0.98158,-0.21441556440124157,0.3023735408029688,0.24280960172759591,-0.1311298183390944,-0.1413409272072279,0.6449119991348347,-2.3649856787208403,2.358352674260094
83,raw_no_catalog_correction,STAM b=354.95 union-style,450,0.02509,0.98158,0.1385365577734732,0.2000469021330804,0.16032165905427695,0.1926616520457757,0.15878821104238838,,,
83,raw_no_catalog_correction,STAM b=461.3626922 original,450,0.02509,0.98158,0.12436674004005795,0.19058235713647934,0.15112625214741138,0.17886461590437805,0.14478508642132581,,,
83,raw_no_catalog_correction,STAM b=1335.412792 DES-style,450,0.02509,0.98158,0.01138197478942684,0.14607420830715323,0.10943656095956823,0.06876405383307575,0.03159986353103861,,,
83,raw_no_catalog_correction,LCDM fixed H0=70 Om=0.3,450,0.02509,0.98158,0.00020636875801991535,0.14676687606605518,0.11317592886885351,0.04451110124883404,0.007957274658970448,,,
84,catalog_bin_median_delta,STAM b=354.95 union-style,450,0.02509,0.99268,-0.09122002984605262,0.29206706540305244,0.20045466605292803,-0.011304641348122682,0.015165577216457393,,,
84,catalog_bin_median_delta,STAM b=461.3626922 original,450,0.02509,0.99268,-0.10546361778079039,0.29754343533601185,0.20286509255941254,-0.025095130774738596,0.0008337317975595226,,,
84,catalog_bin_median_delta,STAM b=1335.412792 DES-style,450,0.02509,0.99268,-0.21901852764761762,0.3589155439457784,0.25650684761572956,-0.1351446290415282,-0.10774010443041604,,,
84,catalog_bin_median_delta,LCDM fixed H0=70 Om=0.3,450,0.02509,0.99268,-0.22712652521765153,0.3376621479426708,0.25350733746447274,-0.1593108605712769,-0.1446289835983734,,,
84,catalog_linear_z_delta,STAM b=354.95 union-style,450,0.02509,0.99268,-0.09459207658700952,0.2527958550529139,0.20407258441676676,-0.00046894958213005426,-0.014377814554240587,0.479631824958364,-0.6715260752710027,
84,catalog_linear_z_delta,STAM b=461.3626922 original,450,0.02509,0.99268,-0.10883566452174727,0.25949738950917917,0.2095415500081872,-0.014259439008745968,-0.02809630342858327,0.479631824958364,-0.6715260752710027,
84,catalog_linear_z_delta,STAM b=1335.412792 DES-style,450,0.02509,0.99268,-0.2223905743885745,0.33051125823029837,0.27397311338027114,-0.12430893727553557,-0.1344773524394256,0.479631824958364,-0.6715260752710027,
84,catalog_linear_z_delta,LCDM fixed H0=70 Om=0.3,450,0.02509,0.99268,-0.2304985719586084,0.3107190624330547,0.26844886182402206,-0.1484751688052843,-0.17526376099908703,0.479631824958364,-0.6715260752710027,
84,catalog_quadratic_z_delta,STAM b=354.95 union-style,450,0.02509,0.99268,-0.10140194865645383,0.2919917012857845,0.2260663833153369,-0.005920173468338593,0.02308238634812909,0.6718093852899483,-2.5061722321001847,2.491075707472246
84,catalog_quadratic_z_delta,STAM b=461.3626922 original,450,0.02509,0.99268,-0.11564553659119155,0.2980459517878094,0.22901785014759232,-0.019710662894954507,0.009620792387742938,0.6718093852899483,-2.5061722321001847,2.491075707472246
84,catalog_quadratic_z_delta,STAM b=1335.412792 DES-style,450,0.02509,0.99268,-0.2292004464580188,0.36310160688655146,0.2769153039357369,-0.1297601611617441,-0.09791694360049874,0.6718093852899483,-2.5061722321001847,2.491075707472246
84,catalog_quadratic_z_delta,LCDM fixed H0=70 Om=0.3,450,0.02509,0.99268,-0.23730844402805276,0.33798729264000044,0.26944407671246673,-0.15392639269149286,-0.14036292218686697,0.6718093852899483,-2.5061722321001847,2.491075707472246
84,raw_no_catalog_correction,STAM b=354.95 union-style,450,0.02509,0.99268,0.12475017519315221,0.19328775042545238,0.1547966092737418,0.16797255865187602,0.14785975893062542,,,
84,raw_no_catalog_correction,STAM b=461.3626922 original,450,0.02509,0.99268,0.11050658725841449,0.18457582787730703,0.14615520595665113,0.1541820692252601,0.13508399859270526,,,
84,raw_no_catalog_correction,STAM b=1335.412792 DES-style,450,0.02509,0.99268,-0.0030483226084127885,0.14987462818531477,0.115109038382354,0.0441325709584705,0.02225645600865178,,,
84,raw_no_catalog_correction,LCDM fixed H0=70 Om=0.3,450,0.02509,0.99268,-0.011156320178446703,0.14587894804458681,0.1123243360877905,0.019966339428721763,0.00021530382811718596,,,
85,catalog_bin_median_delta,STAM b=354.95 union-style,450,0.0251,0.98024,-0.08180851060392226,0.28325184634147327,0.19471407179840977,0.004158063458511474,0.016796149487973366,,,
85,catalog_bin_median_delta,STAM b=461.3626922 original,450,0.0251,0.98024,-0.09597000493771837,0.2883235693784628,0.1969044328794494,-0.009645793117501663,0.00408943758083069,,,
85,catalog_bin_median_delta,STAM b=1335.412792 DES-style,450,0.0251,0.98024,-0.20889062869366878,0.34732531941965306,0.24337210029466075,-0.11979930380527891,-0.10575632857722184,,,
85,catalog_bin_median_delta,LCDM fixed H0=70 Om=0.3,450,0.0251,0.98024,-0.2205645943773814,0.331822185860271,0.24883973441385734,-0.14394830041472528,-0.14172149734972805,,,
85,catalog_linear_z_delta,STAM b=354.95 union-style,450,0.0251,0.98024,-0.0906622110941481,0.2500908243497297,0.1981752331372118,0.009634652508850587,0.0006696995990758126,0.48453020424023846,-0.6631387373937989,
85,catalog_linear_z_delta,STAM b=461.3626922 original,450,0.0251,0.98024,-0.10482370542794418,0.2565806103642187,0.2028824717454015,-0.00416920406716255,-0.01290926352460886,0.48453020424023846,-0.6631387373937989,
85,catalog_linear_z_delta,STAM b=1335.412792 DES-style,450,0.0251,0.98024,-0.21774432918389458,0.32621467477279403,0.26460259537923325,-0.1143227147549398,-0.11914341864394729,0.48453020424023846,-0.6631387373937989,
85,catalog_linear_z_delta,LCDM fixed H0=70 Om=0.3,450,0.0251,0.98024,-0.22941829486760723,0.3099650118184135,0.26337779611871454,-0.13847171136438619,-0.16276793022592173,0.48453020424023846,-0.6631387373937989,
85,catalog_quadratic_z_delta,STAM b=354.95 union-style,450,0.0251,0.98024,-0.09113913170480127,0.2764159269319284,0.20541077476774436,0.007665492243942885,0.018767615364026824,0.6679348964984151,-2.414033655694008,2.3773585882372146
85,catalog_quadratic_z_delta,STAM b=461.3626922 original,450,0.0251,0.98024,-0.10530062603859734,0.28225696365716674,0.20830170929514846,-0.006138364332070252,0.004823265102466223,0.6679348964984151,-2.414033655694008,2.3773585882372146
85,catalog_quadratic_z_delta,STAM b=1335.412792 DES-style,450,0.0251,0.98024,-0.21822124979454777,0.34648739480817575,0.25974579019338284,-0.1162918750198475,-0.10638246650171368,0.6679348964984151,-2.414033655694008,2.3773585882372146
85,catalog_quadratic_z_delta,LCDM fixed H0=70 Om=0.3,450,0.0251,0.98024,-0.22989521547826033,0.32410469906831774,0.2578285714411842,-0.1404408716292939,-0.13882787647235162,0.6679348964984151,-2.414033655694008,2.3773585882372146
85,raw_no_catalog_correction,STAM b=354.95 union-style,450,0.0251,0.98024,0.12825296366501826,0.19444672072391947,0.15821821308892747,0.18867757456962178,0.15689370316414752,,,
85,raw_no_catalog_correction,STAM b=461.3626922 original,450,0.0251,0.98024,0.1140914693312222,0.18560817875920682,0.14881056759601063,0.17487371799360865,0.14352186569122338,,,
85,raw_no_catalog_correction,STAM b=1335.412792 DES-style,450,0.0251,0.98024,0.0011708455752717545,0.1487699768794761,0.11240738127546811,0.06472020730583139,0.03260806942401118,,,
85,raw_no_catalog_correction,LCDM fixed H0=70 Om=0.3,450,0.0251,0.98024,-0.010503120108440837,0.14475560032683263,0.11055876269988717,0.040571210696385016,0.00649853647779608,,,
86,catalog_bin_median_delta,STAM b=354.95 union-style,450,0.02833,0.98,-0.089076001902433,0.27480661532104983,0.19038888352745992,-0.004137407767266173,0.010790429692118408,,,
86,catalog_bin_median_delta,STAM b=461.3626922 original,450,0.02833,0.98,-0.1033328639363917,0.280462853011934,0.19301943501680166,-0.017939441704355595,-0.0018295148244042991,,,
86,catalog_bin_median_delta,STAM b=1335.412792 DES-style,450,0.02833,0.98,-0.2169912291866006,0.3439126178659407,0.2472664969790326,-0.12807870257820256,-0.11626847197178236,,,
86,catalog_bin_median_delta,LCDM fixed H0=70 Om=0.3,450,0.02833,0.98,-0.22521279455653512,0.3246190170176438,0.24616952262403574,-0.15217809224034431,-0.14568861581423675,,,
86,catalog_linear_z_delta,STAM b=354.95 union-style,450,0.02833,0.98,-0.09298945742750239,0.24152453794915274,0.19264807035601336,0.004806576668549998,-0.007773545493062528,0.46442888847485614,-0.6256270082399724,
86,catalog_linear_z_delta,STAM b=461.3626922 original,450,0.02833,0.98,-0.1072463194614611,0.2483503879741705,0.19809535455839247,-0.008995457268539423,-0.021926243311231275,0.46442888847485614,-0.6256270082399724,
86,catalog_linear_z_delta,STAM b=1335.412792 DES-style,450,0.02833,0.98,-0.22090468471167,0.3207781137592474,0.26429844467566954,-0.11913471814238638,-0.12979463925227108,0.46442888847485614,-0.6256270082399724,
86,catalog_linear_z_delta,LCDM fixed H0=70 Om=0.3,450,0.02833,0.98,-0.22912625008160453,0.3031602155203277,0.2600438900642053,-0.14323410780452814,-0.16598135332388608,0.46442888847485614,-0.6256270082399724,
86,catalog_quadratic_z_delta,STAM b=354.95 union-style,450,0.02833,0.98,-0.09507059862091666,0.2683427842371314,0.2029148403794309,0.002237149477312196,0.013410907422517937,0.6370486375248138,-2.2735621711221174,2.2375602164288333
86,catalog_quadratic_z_delta,STAM b=461.3626922 original,450,0.02833,0.98,-0.10932746065487535,0.2745535089259217,0.20633004682992354,-0.011564884459777226,-0.0001749593538420413,0.6370486375248138,-2.2735621711221174,2.2375602164288333
86,catalog_quadratic_z_delta,STAM b=1335.412792 DES-style,450,0.02833,0.98,-0.22298582590508428,0.3417938310732635,0.2603509355421789,-0.12170414533362418,-0.11002252960702563,0.6370486375248138,-2.2735621711221174,2.2375602164288333
86,catalog_quadratic_z_delta,LCDM fixed H0=70 Om=0.3,450,0.02833,0.98,-0.23120739127501874,0.3181167534497763,0.25501188133067637,-0.14580353499576593,-0.14998189101622472,0.6370486375248138,-2.2735621711221174,2.2375602164288333
86,raw_no_catalog_correction,STAM b=354.95 union-style,450,0.02833,0.98,0.13073893668747505,0.19575308828428145,0.1574242012868546,0.18076054778828834,0.15217251513963248,,,
86,raw_no_catalog_correction,STAM b=461.3626922 original,450,0.02833,0.98,0.11648207465351634,0.1866823735159146,0.14837670526747557,0.1669585138511989,0.13791793837634714,,,
86,raw_no_catalog_correction,STAM b=1335.412792 DES-style,450,0.02833,0.98,0.0028237094033074445,0.14784647145507848,0.11342453042822286,0.05681925297735196,0.025925511759030684,,,
86,raw_no_catalog_correction,LCDM fixed H0=70 Om=0.3,450,0.02833,0.98,-0.005397855966627038,0.1454593719848619,0.11184660514961133,0.032719863315210186,0.006924093224839112,,,
87,catalog_bin_median_delta,STAM b=354.95 union-style,450,0.02534,0.99268,-0.06693495259215966,0.28157391356360806,0.19108296734931374,0.009089353638248683,0.019668404707616105,,,
87,catalog_bin_median_delta,STAM b=461.3626922 original,450,0.02534,0.99268,-0.08114285289956184,0.2859760632248106,0.19174950678163996,-0.004704422396819739,0.004876891456657262,,,
87,catalog_bin_median_delta,STAM b=1335.412792 DES-style,450,0.02534,0.99268,-0.19442372242728773,0.3408456169626107,0.23426802445057446,-0.11477937668499703,-0.1026598905986873,,,
87,catalog_bin_median_delta,LCDM fixed H0=70 Om=0.3,450,0.02534,0.99268,-0.20534445901844803,0.3210997962683307,0.23442199361048632,-0.13884367810432746,-0.13819255317529056,,,
87,catalog_linear_z_delta,STAM b=354.95 union-style,450,0.02534,0.99268,-0.07223354103637775,0.2357706121577304,0.18708229321991787,0.02072135936736318,0.009477445568609966,0.4705971479195156,-0.6510502313855389,
87,catalog_linear_z_delta,STAM b=461.3626922 original,450,0.02534,0.99268,-0.0864414413437799,0.24150541545150397,0.1916115395946827,0.006927583332294758,-0.0038968504190535214,0.4705971479195156,-0.6510502313855389,
87,catalog_linear_z_delta,STAM b=1335.412792 DES-style,450,0.02534,0.99268,-0.19972231087150583,0.30758423107524246,0.2506760138192385,-0.10314737095588253,-0.11240562323162706,0.4705971479195156,-0.6510502313855389,
87,catalog_linear_z_delta,LCDM fixed H0=70 Om=0.3,450,0.02534,0.99268,-0.21064304746266613,0.2905529015104372,0.24785822949664052,-0.12721167237521297,-0.1487083952179198,0.4705971479195156,-0.6510502313855389,
87,catalog_quadratic_z_delta,STAM b=354.95 union-style,450,0.02534,0.99268,-0.06931544768453743,0.27289552285664886,0.20408506900777043,0.014965836641953337,0.029161641604165567,0.6581486300904424,-2.4415329775438916,2.431110793217957
87,catalog_quadratic_z_delta,STAM b=461.3626922 original,450,0.02534,0.99268,-0.08352334799193964,0.27761032995801943,0.20563775717633895,0.0011720606068849153,0.015487943573180729,0.6581486300904424,-2.4415329775438916,2.431110793217957
87,catalog_quadratic_z_delta,STAM b=1335.412792 DES-style,450,0.02534,0.99268,-0.1968042175196655,0.33500239155130435,0.24590465383211116,-0.10890289368129237,-0.09129324067885847,0.6581486300904424,-2.4415329775438916,2.431110793217957
87,catalog_quadratic_z_delta,LCDM fixed H0=70 Om=0.3,450,0.02534,0.99268,-0.20772495411082584,0.3114158658453093,0.24062481897397558,-0.1329671951006228,-0.1282900171431436,0.6581486300904424,-2.4415329775438916,2.431110793217957
87,raw_no_catalog_correction,STAM b=354.95 union-style,450,0.02534,0.99268,0.14315390353054103,0.20475125015251486,0.16712333557783454,0.18996224252713742,0.16280245281187078,,,
87,raw_no_catalog_correction,STAM b=461.3626922 original,450,0.02534,0.99268,0.12894600322313884,0.195218499324573,0.15761694830357997,0.17616846649206902,0.14980768996196758,,,
87,raw_no_catalog_correction,STAM b=1335.412792 DES-style,450,0.02534,0.99268,0.015665133695412954,0.14923044103629346,0.11365626218339105,0.06609351220389172,0.03938623872666014,,,
87,raw_no_catalog_correction,LCDM fixed H0=70 Om=0.3,450,0.02534,0.99268,0.004744397104252613,0.144083558242548,0.10953237386066206,0.04202921078456129,0.01078483431930266,,,
88,catalog_bin_median_delta,STAM b=354.95 union-style,450,0.02509,0.98536,-0.08554574802105472,0.29874096535485906,0.20480163298821247,-0.01082930681727387,0.010497012503616787,,,
88,catalog_bin_median_delta,STAM b=461.3626922 original,450,0.02509,0.98536,-0.09973884481673748,0.303769506828293,0.2064003094246389,-0.024619486099983937,-0.0036626060811748573,,,
88,catalog_bin_median_delta,STAM b=1335.412792 DES-style,450,0.02509,0.98536,-0.2129035626452742,0.3617768222045208,0.2512196200971189,-0.13466684260543477,-0.11411556101857911,,,
88,catalog_bin_median_delta,LCDM fixed H0=70 Om=0.3,450,0.02509,0.98536,-0.22313741267475468,0.34432265457006406,0.25490879101921315,-0.15903693088719276,-0.14855114407862402,,,
88,catalog_linear_z_delta,STAM b=354.95 union-style,450,0.02509,0.98536,-0.08364145663352843,0.2410449629127388,0.19703544051089933,0.0004386867288143511,-0.007949329906761449,0.44881841608030004,-0.6073228198073203,
88,catalog_linear_z_delta,STAM b=461.3626922 original,450,0.02509,0.98536,-0.09783455342921119,0.24732910698880248,0.2021570546459901,-0.013351492553895715,-0.022004688647118797,0.44881841608030004,-0.6073228198073203,
88,catalog_linear_z_delta,STAM b=1335.412792 DES-style,450,0.02509,0.98536,-0.21099927125774792,0.3163485726389927,0.2629341149054289,-0.12339884905934653,-0.1313292785330269,0.44881841608030004,-0.6073228198073203,
88,catalog_linear_z_delta,LCDM fixed H0=70 Om=0.3,450,0.02509,0.98536,-0.22123312128722838,0.2996482460034199,0.25888983735960486,-0.14776893734110458,-0.17019593881918027,0.44881841608030004,-0.6073228198073203,
88,catalog_quadratic_z_delta,STAM b=354.95 union-style,450,0.02509,0.98536,-0.08737764599263018,0.27308627874659547,0.20968250528712767,-0.0035055667715619006,0.01498307250487585,0.628491831469036,-2.3225966554130997,2.328992415041553
88,catalog_quadratic_z_delta,STAM b=461.3626922 original,450,0.02509,0.98536,-0.10157074278831292,0.2787433189043362,0.21280886597454335,-0.017295746054271966,0.0014494392253148192,0.628491831469036,-2.3225966554130997,2.328992415041553
88,catalog_quadratic_z_delta,STAM b=1335.412792 DES-style,450,0.02509,0.98536,-0.21473546061684967,0.34209176643260736,0.2598282652363691,-0.12734310255972278,-0.11164860425282086,0.628491831469036,-2.3225966554130997,2.328992415041553
88,catalog_quadratic_z_delta,LCDM fixed H0=70 Om=0.3,450,0.02509,0.98536,-0.22496931064633013,0.31955815595736126,0.2545696843421745,-0.1517131908414808,-0.14810225483123673,0.628491831469036,-2.3225966554130997,2.328992415041553
88,raw_no_catalog_correction,STAM b=354.95 union-style,450,0.02509,0.98536,0.12487541856311515,0.19476894914193368,0.15645257261508044,0.16790724873828222,0.14613190664770315,,,
88,raw_no_catalog_correction,STAM b=461.3626922 original,450,0.02509,0.98536,0.1106823217674324,0.18618549305642745,0.14868215254758826,0.15411706945557216,0.13225412634411526,,,
88,raw_no_catalog_correction,STAM b=1335.412792 DES-style,450,0.02509,0.98536,-0.0024823960611043217,0.15207018441350953,0.11944793946491657,0.04406971295012132,0.017832358233626167,,,
88,raw_no_catalog_correction,LCDM fixed H0=70 Om=0.3,450,0.02509,0.98536,-0.012716246090584806,0.1475559678951136,0.11520837526510648,0.019699624668363294,-0.00020707360872762592,,,
89,catalog_bin_median_delta,STAM b=354.95 union-style,450,0.0251,0.98536,-0.09783949175013162,0.3054999145467806,0.2044634657697163,-0.020076137423124293,0.011210365113871745,,,
89,catalog_bin_median_delta,STAM b=461.3626922 original,450,0.0251,0.98536,-0.11211334263629126,0.31112214510681274,0.20719431031617747,-0.03387436383388769,-0.0021924190718962677,,,
89,catalog_bin_median_delta,STAM b=1335.412792 DES-style,450,0.0251,0.98536,-0.2259032847598842,0.37286409462047765,0.26000370264208683,-0.14398383751191104,-0.11170712317970555,,,
89,catalog_bin_median_delta,LCDM fixed H0=70 Om=0.3,450,0.0251,0.98536,-0.2336220272818064,0.35040222158940654,0.25871215612288134,-0.16795139343637744,-0.14729953559837838,,,
89,catalog_linear_z_delta,STAM b=354.95 union-style,450,0.0251,0.98536,-0.09335085507007315,0.25320207971856956,0.20380050958203264,-0.007513747618207623,-0.014838711392343384,0.47701207164152054,-0.655378860531569,
89,catalog_linear_z_delta,STAM b=461.3626922 original,450,0.0251,0.98536,-0.10762470595623273,0.2598313810437413,0.20937763080244898,-0.021311974028971024,-0.02740474011036298,0.47701207164152054,-0.655378860531569,
89,catalog_linear_z_delta,STAM b=1335.412792 DES-style,450,0.0251,0.98536,-0.22141464807982572,0.33047228390827627,0.27402888466022046,-0.13142144770699435,-0.13207765730838616,0.47701207164152054,-0.655378860531569,
89,catalog_linear_z_delta,LCDM fixed H0=70 Om=0.3,450,0.0251,0.98536,-0.22913339060174787,0.3105401930145041,0.26784980132615255,-0.15538900363146077,-0.16233406013538243,0.47701207164152054,-0.655378860531569,
89,catalog_quadratic_z_delta,STAM b=354.95 union-style,450,0.0251,0.98536,-0.09582015631599067,0.290126087961461,0.2197097810291944,-0.013322637047447346,0.015869673415124907,0.6643710012534758,-2.444023380563545,2.428614856641188
89,catalog_quadratic_z_delta,STAM b=461.3626922 original,450,0.0251,0.98536,-0.11009400720215026,0.29597448158829764,0.22217599557012796,-0.027120863458210746,0.00214715889642747,0.6643710012534758,-2.444023380563545,2.428614856641188
89,catalog_quadratic_z_delta,STAM b=1335.412792 DES-style,450,0.0251,0.98536,-0.2238839493257432,0.3598808493296783,0.2704942949891971,-0.1372303371362341,-0.10704298818317426,0.6643710012534758,-2.444023380563545,2.428614856641188
89,catalog_quadratic_z_delta,LCDM fixed H0=70 Om=0.3,450,0.0251,0.98536,-0.23160269184766544,0.333497645361842,0.26244630194574464,-0.16119789306070048,-0.14187729051327835,0.6643710012534758,-2.444023380563545,2.428614856641188
89,raw_no_catalog_correction,STAM b=354.95 union-style,450,0.0251,0.98536,0.1334128482978784,0.19968726712127216,0.1604434686187547,0.16664910702131996,0.15271407192776465,,,
89,raw_no_catalog_correction,STAM b=461.3626922 original,450,0.0251,0.98536,0.11913899741171875,0.19065193122567867,0.15161840172980962,0.15285088061055657,0.13813696620599103,,,
89,raw_no_catalog_correction,STAM b=1335.412792 DES-style,450,0.0251,0.98536,0.005349055288125805,0.15140671080514398,0.11482643226790597,0.042741406932533234,0.025921184490584892,,,
89,raw_no_catalog_correction,LCDM fixed H0=70 Om=0.3,450,0.0251,0.98536,-0.0023696872337963617,0.14551946103271726,0.11050027118404283,0.01877385100806682,0.0058954493973359945,,,
90,catalog_bin_median_delta,STAM b=354.95 union-style,450,0.0251,0.99268,-0.09430575455255007,0.29839281763594233,0.20555248664295883,0.01753302466465671,0.013703558507646818,,,
90,catalog_bin_median_delta,STAM b=461.3626922 original,450,0.0251,0.99268,-0.10849630888361252,0.30395773893209765,0.20804033438985575,0.0037446970610535385,-0.00037916082095179604,,,
90,catalog_bin_median_delta,STAM b=1335.412792 DES-style,450,0.0251,0.99268,-0.2216405224835759,0.36544110187561074,0.25899457790365754,-0.10628777970318762,-0.11102017002646392,,,
90,catalog_bin_median_delta,LCDM fixed H0=70 Om=0.3,450,0.0251,0.99268,-0.2313324444944914,0.3443036743712456,0.25829591575644617,-0.13030040401741438,-0.14509928370199532,,,
90,catalog_linear_z_delta,STAM b=354.95 union-style,450,0.0251,0.99268,-0.08509919213111732,0.2581708013348176,0.20575123991819277,0.02955223628350271,0.016513365407902825,0.4791559819600206,-0.6676231648850967,
90,catalog_linear_z_delta,STAM b=461.3626922 original,450,0.0251,0.99268,-0.09928974646217979,0.2642478153679083,0.21031081403462853,0.01576390867989954,0.0030221385704152226,0.4791559819600206,-0.6676231648850967,
90,catalog_linear_z_delta,STAM b=1335.412792 DES-style,450,0.0251,0.99268,-0.21243396006214313,0.33099529223995544,0.26913445283224885,-0.09426856808434161,-0.10534113881463725,0.4791559819600206,-0.6676231648850967,
90,catalog_linear_z_delta,LCDM fixed H0=70 Om=0.3,450,0.0251,0.99268,-0.22212588207305864,0.31151048178852997,0.2624475933636911,-0.11828119239856838,-0.15175802671613425,0.4791559819600206,-0.6676231648850967,
90,catalog_quadratic_z_delta,STAM b=354.95 union-style,450,0.0251,0.99268,-0.09310937447750997,0.2898347584361546,0.2208152907169869,0.022502329045842373,0.02632169919300864,0.6616596730983944,-2.409916567800818,2.365679482736686
90,catalog_quadratic_z_delta,STAM b=461.3626922 original,450,0.0251,0.99268,-0.10729992880857243,0.2955368140922157,0.2231281232245172,0.008714001442239203,0.013006391339519752,0.6616596730983944,-2.409916567800818,2.365679482736686
90,catalog_quadratic_z_delta,STAM b=1335.412792 DES-style,450,0.0251,0.99268,-0.2204441424085358,0.3583002385791998,0.2673188026226038,-0.10131847532200196,-0.09145757735499771,0.6616596730983944,-2.409916567800818,2.365679482736686
90,catalog_quadratic_z_delta,LCDM fixed H0=70 Om=0.3,450,0.0251,0.99268,-0.23013606441945128,0.333433468809337,0.2615009982000479,-0.1253310996362287,-0.133525504561117,0.6616596730983944,-2.409916567800818,2.365679482736686
90,raw_no_catalog_correction,STAM b=354.95 union-style,450,0.0251,0.99268,0.12916099427079689,0.20047351161025956,0.1605629522442125,0.19890478022021232,0.16214774706571333,,,
90,raw_no_catalog_correction,STAM b=461.3626922 original,450,0.0251,0.99268,0.11497043993973441,0.19185750053442,0.152598228146358,0.1851164526166092,0.1479841502364927,,,
90,raw_no_catalog_correction,STAM b=1335.412792 DES-style,450,0.0251,0.99268,0.0018262263397710854,0.1561566621048999,0.12296360577849268,0.07508397585236802,0.036965811119948455,,,
90,raw_no_catalog_correction,LCDM fixed H0=70 Om=0.3,450,0.0251,0.99268,-0.007865695671144425,0.15002312976477306,0.11607066692800232,0.051071351538141255,0.00812611069865099,,,
91,catalog_bin_median_delta,STAM b=354.95 union-style,450,0.0251,0.98158,-0.08909736984124161,0.2950415014392532,0.20406894880620638,0.010517272493351505,0.010484339039233959,,,
91,catalog_bin_median_delta,STAM b=461.3626922 original,450,0.0251,0.98158,-0.1033609511471009,0.30035917000310364,0.2062960341160068,-0.0032850926627611917,-0.0029785076765946883,,,
91,catalog_bin_median_delta,STAM b=1335.412792 DES-style,450,0.0251,0.98158,-0.21707136469540889,0.36061338453862246,0.25359998557512015,-0.11342704442435761,-0.1067484024650156,,,
91,catalog_bin_median_delta,LCDM fixed H0=70 Om=0.3,450,0.0251,0.98158,-0.22511026315071386,0.34087932278575417,0.25733735883745024,-0.1376175487143981,-0.14627729233031772,,,
91,catalog_linear_z_delta,STAM b=354.95 union-style,450,0.0251,0.98158,-0.09382232498776383,0.244746685328768,0.20066926654552494,0.01757129612330958,-0.012872130180095809,0.4840378437365729,-0.6593247772435612,
91,catalog_linear_z_delta,STAM b=461.3626922 original,450,0.0251,0.98158,-0.10808590629362308,0.2515819157344861,0.20680788287326235,0.003768930967196885,-0.025854444321975478,0.4840378437365729,-0.6593247772435612,
91,catalog_linear_z_delta,STAM b=1335.412792 DES-style,450,0.0251,0.98158,-0.2217963198419311,0.3238981833903261,0.2734221498325471,-0.10637302079439953,-0.13113633691364868,0.4840378437365729,-0.6593247772435612,
91,catalog_linear_z_delta,LCDM fixed H0=70 Om=0.3,450,0.0251,0.98158,-0.22983521829723608,0.30525038425516454,0.2679475404066632,-0.13056352508444002,-0.17359091069757682,0.4840378437365729,-0.6593247772435612,
91,catalog_quadratic_z_delta,STAM b=354.95 union-style,450,0.0251,0.98158,-0.09540702085705241,0.27313103739191397,0.20800071801622771,0.015903149996044447,0.018655164288777115,0.6653207786646841,-2.389964084406796,2.349855595000346
91,catalog_quadratic_z_delta,STAM b=461.3626922 original,450,0.0251,0.98158,-0.10967060216291169,0.27930559248240044,0.21107535858035875,0.0021007848399317514,0.0049653638775097875,0.6653207786646841,-2.389964084406796,2.349855595000346
91,catalog_quadratic_z_delta,STAM b=1335.412792 DES-style,450,0.0251,0.98158,-0.2233810157112197,0.3460839229242875,0.2649716421857812,-0.10804116692166466,-0.10338957834669316,0.6653207786646841,-2.389964084406796,2.349855595000346
91,catalog_quadratic_z_delta,LCDM fixed H0=70 Om=0.3,450,0.0251,0.98158,-0.2314199141665247,0.32073742781868186,0.25989823769481685,-0.13223167121170515,-0.1420642972129187,0.6653207786646841,-2.389964084406796,2.349855595000346
91,raw_no_catalog_correction,STAM b=354.95 union-style,450,0.0251,0.98158,0.1373441554530067,0.19621430838088583,0.1580658234188078,0.19772133916001802,0.1592476562406162,,,
91,raw_no_catalog_correction,STAM b=461.3626922 original,450,0.0251,0.98158,0.12308057414714746,0.18666074844094013,0.14857008523546783,0.1839189740039053,0.14498190269863898,,,
91,raw_no_catalog_correction,STAM b=1335.412792 DES-style,450,0.0251,0.98158,0.009370160598839432,0.14268335256317985,0.10706251635500634,0.0737770222423089,0.03191325434316994,,,
91,raw_no_catalog_correction,LCDM fixed H0=70 Om=0.3,450,0.0251,0.98158,0.0013312621435344818,0.14045952994135713,0.10803975219188286,0.04958651795226841,0.005289543360945004,,,
92,catalog_bin_median_delta,STAM b=354.95 union-style,450,0.0251,0.98846,-0.08808319137796505,0.3003960917786738,0.197484022793223,-0.007819048554058586,0.013263490085584806,,,
92,catalog_bin_median_delta,STAM b=461.3626922 original,450,0.0251,0.98846,-0.10230163465388889,0.30552782525017225,0.19921484206279033,-0.02161570387900364,-0.0005073060440530242,,,
92,catalog_bin_median_delta,STAM b=1335.412792 DES-style,450,0.0251,0.98846,-0.2156632829564636,0.3641911537779364,0.2501378986079586,-0.1317130196356339,-0.10730850805659387,,,
92,catalog_bin_median_delta,LCDM fixed H0=70 Om=0.3,450,0.0251,0.98846,-0.22561376848085676,0.34649144098067797,0.2550978226902337,-0.15575093556789166,-0.14408886992481484,,,
92,catalog_linear_z_delta,STAM b=354.95 union-style,450,0.0251,0.98846,-0.10145491693503968,0.25834793009026924,0.20925424480230184,0.00036372222177137007,-0.0070255651541728525,0.49659151068279134,-0.6838154809929111,
92,catalog_linear_z_delta,STAM b=461.3626922 original,450,0.0251,0.98846,-0.1156733602109635,0.2652607559724314,0.2146083773677769,-0.013432933103173686,-0.020725410879965267,0.49659151068279134,-0.6838154809929111,
92,catalog_linear_z_delta,STAM b=1335.412792 DES-style,450,0.0251,0.98846,-0.22903500851353822,0.33718797443821147,0.27864936852612776,-0.12353024885980393,-0.12984339084938412,0.49659151068279134,-0.6838154809929111,
92,catalog_linear_z_delta,LCDM fixed H0=70 Om=0.3,450,0.0251,0.98846,-0.2389854940379314,0.3201666872425741,0.2747345138766492,-0.14756816479206172,-0.16817035951087433,0.49659151068279134,-0.6838154809929111,
92,catalog_quadratic_z_delta,STAM b=354.95 union-style,450,0.0251,0.98846,-0.1023477694459888,0.2859512743050614,0.2153772211348804,-0.00409555888359405,0.00047673912594348167,0.6827991557891889,-2.4614691252436898,2.413691486507677
92,catalog_quadratic_z_delta,STAM b=461.3626922 original,450,0.0251,0.98846,-0.11656621272191259,0.29215464872541264,0.21954424368001368,-0.017892214208539106,-0.013745591283512937,0.6827991557891889,-2.4614691252436898,2.413691486507677
92,catalog_quadratic_z_delta,STAM b=1335.412792 DES-style,450,0.0251,0.98846,-0.2299278610244874,0.3583649313159221,0.2732113150997377,-0.12798952996516935,-0.11465299978151222,0.6827991557891889,-2.4614691252436898,2.413691486507677
92,catalog_quadratic_z_delta,LCDM fixed H0=70 Om=0.3,450,0.0251,0.98846,-0.23987834654888052,0.3355388554526752,0.269068261757573,-0.15202744589742714,-0.1576567768595254,0.6827991557891889,-2.4614691252436898,2.413691486507677
92,raw_no_catalog_correction,STAM b=354.95 union-style,450,0.0251,0.98846,0.12786356717831557,0.1958787659909157,0.15693050342351303,0.18085128477927415,0.15397387005573293,,,
92,raw_no_catalog_correction,STAM b=461.3626922 original,450,0.0251,0.98846,0.11364512390239177,0.18709015572297832,0.14782625730109156,0.1670546294543291,0.14101611264548453,,,
92,raw_no_catalog_correction,STAM b=1335.412792 DES-style,450,0.0251,0.98846,0.00028347559981705447,0.15082723862849912,0.11355515177061046,0.056957313697698846,0.029130093553980885,,,
92,raw_no_catalog_correction,LCDM fixed H0=70 Om=0.3,450,0.0251,0.98846,-0.009667009924576126,0.1465582945280334,0.11063995255430256,0.03291939776544107,0.00549411855772064,,,
93,catalog_bin_median_delta,STAM b=354.95 union-style,450,0.02534,0.99268,-0.09018258849286813,0.29546102782159966,0.2061096830504326,-0.005514563863941109,0.01082498880384719,,,
93,catalog_bin_median_delta,STAM b=461.3626922 original,450,0.02534,0.99268,-0.10442186075025153,0.30070956456691184,0.20733178889888562,-0.019303224600753736,-0.0025709475929360792,,,
93,catalog_bin_median_delta,STAM b=1335.412792 DES-style,450,0.02534,0.99268,-0.2179437144505762,0.36045103102147313,0.2516044834220091,-0.12933838292430616,-0.1127256942751309,,,
93,catalog_bin_median_delta,LCDM fixed H0=70 Om=0.3,450,0.02534,0.99268,-0.2264575440072599,0.34345744390256866,0.2560499707703665,-0.15341823576904257,-0.15365753810077365,,,
93,catalog_linear_z_delta,STAM b=354.95 union-style,450,0.02534,0.99268,-0.09959635488813462,0.2456908855443035,0.19565305443529007,0.0035865684529936145,-0.012135611965259585,0.47775497543649653,-0.6539049869397804,
93,catalog_linear_z_delta,STAM b=461.3626922 original,450,0.02534,0.99268,-0.11383562714551804,0.25277336460814254,0.2014211020357488,-0.010202092283819013,-0.025613661482235983,0.47775497543649653,-0.6539049869397804,
93,catalog_linear_z_delta,STAM b=1335.412792 DES-style,450,0.02534,0.99268,-0.22735748084584276,0.32644841303782823,0.268682363447764,-0.12023725060737145,-0.1347132909879818,0.47775497543649653,-0.6539049869397804,
93,catalog_linear_z_delta,LCDM fixed H0=70 Om=0.3,450,0.02534,0.99268,-0.2358713104025264,0.309018468192999,0.2648857211984682,-0.14431710345210783,-0.17226447772375408,0.47775497543649653,-0.6539049869397804,
93,catalog_quadratic_z_delta,STAM b=354.95 union-style,450,0.02534,0.99268,-0.10444094505124646,0.2841526970873457,0.21770540342914174,-0.00288356029254645,0.015929070028338543,0.6611687957205048,-2.4048870470347046,2.3774769090409906
93,catalog_quadratic_z_delta,STAM b=461.3626922 original,450,0.02534,0.99268,-0.11868021730862985,0.2904486432626944,0.22084619812064055,-0.01667222102935908,0.0027717135846181407,0.6611687957205048,-2.4048870470347046,2.3774769090409906
93,catalog_quadratic_z_delta,STAM b=1335.412792 DES-style,450,0.02534,0.99268,-0.23220207100895454,0.35739849155934117,0.2708064496131716,-0.12670737935291151,-0.1076346961423944,0.6611687957205048,-2.4048870470347046,2.3774769090409906
93,catalog_quadratic_z_delta,LCDM fixed H0=70 Om=0.3,450,0.02534,0.99268,-0.2407159005656383,0.3344047628911724,0.2666622472868007,-0.15078723219764792,-0.14809598577807748,0.6611687957205048,-2.4048870470347046,2.3774769090409906
93,raw_no_catalog_correction,STAM b=354.95 union-style,450,0.02534,0.99268,0.12440256522955033,0.19397604336082083,0.15911326291510147,0.17799839169161435,0.15517376273556138,,,
93,raw_no_catalog_correction,STAM b=461.3626922 original,450,0.02534,0.99268,0.11016329297216693,0.18525430578790653,0.1505833891504397,0.1642097309548017,0.14149940561714303,,,
93,raw_no_catalog_correction,STAM b=1335.412792 DES-style,450,0.02534,0.99268,-0.003358560728157791,0.15028109055211136,0.11665826649857569,0.05417457263124931,0.024681317319796392,,,
93,raw_no_catalog_correction,LCDM fixed H0=70 Om=0.3,450,0.02534,0.99268,-0.011872390284841475,0.14903972837658871,0.11762593148452533,0.030094719786512913,0.0054902258303641815,,,
94,catalog_bin_median_delta,STAM b=354.95 union-style,450,0.0251,0.98536,-0.08710092780888808,0.28553736454290707,0.19485216398143335,0.0008912385095929507,0.006340274453339845,,,
94,catalog_bin_median_delta,STAM b=461.3626922 original,450,0.0251,0.98536,-0.10132700177086505,0.2909479502442109,0.1973060254595314,-0.012893027041427432,-0.00836263147792593,,,
94,catalog_bin_median_delta,STAM b=1335.412792 DES-style,450,0.0251,0.98536,-0.21474701128941265,0.35217121488456493,0.24953941348797784,-0.12289380477036065,-0.11721076191704682,,,
94,catalog_bin_median_delta,LCDM fixed H0=70 Om=0.3,450,0.0251,0.98536,-0.22390582357554528,0.33089551836430103,0.2481900817425494,-0.14683444195368933,-0.15321174535520043,,,
94,catalog_linear_z_delta,STAM b=354.95 union-style,450,0.0251,0.98536,-0.08931394586236044,0.2496663646331833,0.20426303904031778,0.011887930283837373,-0.01391170533523578,0.48229820668302525,-0.6745594714953288,
94,catalog_linear_z_delta,STAM b=461.3626922 original,450,0.0251,0.98536,-0.1035400198243374,0.2561362854106165,0.209672739186241,-0.00189633526718301,-0.027938744525418002,0.48229820668302525,-0.6745594714953288,
94,catalog_linear_z_delta,STAM b=1335.412792 DES-style,450,0.0251,0.98536,-0.216960029342885,0.32586712006965957,0.26934556661155923,-0.11189711299611622,-0.1376529056775233,0.48229820668302525,-0.6745594714953288,
94,catalog_linear_z_delta,LCDM fixed H0=70 Om=0.3,450,0.0251,0.98536,-0.22611884162901763,0.30767067384125385,0.26294842764370896,-0.13583775017944488,-0.17637070867931115,0.48229820668302525,-0.6745594714953288,
94,catalog_quadratic_z_delta,STAM b=354.95 union-style,450,0.0251,0.98536,-0.0944504577915724,0.2818681798635751,0.21300230154237978,0.002823351721583391,0.0029687481289286666,0.6650577760732735,-2.419295646869019,2.3689962700671896
94,catalog_quadratic_z_delta,STAM b=461.3626922 original,450,0.0251,0.98536,-0.10867653175354934,0.28773452650513315,0.21630644171497132,-0.010960913829436992,-0.011197189531340968,0.6650577760732735,-2.419295646869019,2.3689962700671896
94,catalog_quadratic_z_delta,STAM b=1335.412792 DES-style,450,0.0251,0.98536,-0.22209654127209696,0.35204128508147936,0.2674937430171475,-0.12096169155837021,-0.1181340377650244,0.6650577760732735,-2.419295646869019,2.3689962700671896
94,catalog_quadratic_z_delta,LCDM fixed H0=70 Om=0.3,450,0.0251,0.98536,-0.23125535355822957,0.32821113466592733,0.26267183532750377,-0.14490232874169887,-0.15201996355571623,0.6650577760732735,-2.419295646869019,2.3689962700671896
94,raw_no_catalog_correction,STAM b=354.95 union-style,450,0.0251,0.98536,0.1297804253426802,0.19486503318801088,0.15654083489372025,0.18052328295403744,0.14762124312234448,,,
94,raw_no_catalog_correction,STAM b=461.3626922 original,450,0.0251,0.98536,0.11555435138070322,0.18585152686045323,0.14761283561281208,0.16673901740301705,0.13264815890590853,,,
94,raw_no_catalog_correction,STAM b=1335.412792 DES-style,450,0.0251,0.98536,0.0021343418621555988,0.14759018708740446,0.11340625892555868,0.05673823967408385,0.019394961688451673,,,
94,raw_no_catalog_correction,LCDM fixed H0=70 Om=0.3,450,0.0251,0.98536,-0.007024470423976993,0.1437154095999526,0.11182407778990812,0.032797602490755175,0.00010373819961628783,,,
95,catalog_bin_median_delta,STAM b=354.95 union-style,450,0.02509,0.98846,-0.0957367464637558,0.28912569204325583,0.19694366139514782,-0.020553877960317837,-0.0045215079439451245,,,
95,catalog_bin_median_delta,STAM b=461.3626922 original,450,0.02509,0.98846,-0.10990752047151477,0.2948675209238024,0.2004478833068495,-0.03434056975099881,-0.01860670541883991,,,
95,catalog_bin_median_delta,STAM b=1335.412792 DES-style,450,0.02509,0.98846,-0.2229009412699338,0.3578745965626879,0.25643571269105586,-0.14436073370987407,-0.1346783110662031,,,
95,catalog_bin_median_delta,LCDM fixed H0=70 Om=0.3,450,0.02509,0.98846,-0.23498228665323362,0.3402022551887079,0.25788228024984444,-0.16870281257326497,-0.16251387459448097,,,
95,catalog_linear_z_delta,STAM b=354.95 union-style,450,0.02509,0.98846,-0.09749244092330342,0.2618014267738718,0.20966885335858235,-0.00955969393769253,-0.02765388388224821,0.5077563571510018,-0.7128104165764966,
95,catalog_linear_z_delta,STAM b=461.3626922 original,450,0.02509,0.98846,-0.1116632149310624,0.26839367081628523,0.2151902437543945,-0.023346385728373508,-0.04060381755275344,0.5077563571510018,-0.7128104165764966,
95,catalog_linear_z_delta,STAM b=1335.412792 DES-style,450,0.02509,0.98846,-0.22465663572948133,0.3380540547492225,0.2784186020128278,-0.1333665496872488,-0.14832438267852055,0.5077563571510018,-0.7128104165764966,
95,catalog_linear_z_delta,LCDM fixed H0=70 Om=0.3,450,0.02509,0.98846,-0.23673798111278122,0.3232556321452663,0.27604858589010134,-0.15770862855063966,-0.1897663957951501,0.5077563571510018,-0.7128104165764966,
95,catalog_quadratic_z_delta,STAM b=354.95 union-style,450,0.02509,0.98846,-0.09447082890196135,0.2821416432537074,0.212889394219972,-0.01423609316880784,0.009775486166478942,0.699186771269948,-2.5403238523676928,2.4813909254559623
95,catalog_quadratic_z_delta,STAM b=461.3626922 original,450,0.02509,0.98846,-0.10864160290972032,0.2880273582570578,0.21604311402693052,-0.028022784959488817,-0.0038085999350663258,0.699186771269948,-2.5403238523676928,2.4813909254559623
95,catalog_quadratic_z_delta,STAM b=1335.412792 DES-style,450,0.02509,0.98846,-0.22163502370813928,0.35227594421605407,0.26764270299934767,-0.1380429489183641,-0.11347201443822996,0.699186771269948,-2.5403238523676928,2.4813909254559623
95,catalog_quadratic_z_delta,LCDM fixed H0=70 Om=0.3,450,0.02509,0.98846,-0.2337163690914391,0.3310912507820633,0.2644610886489226,-0.16238502778175498,-0.15470838214044136,0.699186771269948,-2.5403238523676928,2.4813909254559623
95,raw_no_catalog_correction,STAM b=354.95 union-style,450,0.02509,0.98846,0.12634405573281388,0.19769742431113616,0.1576084045347233,0.1674740775952381,0.13872987488248256,,,
95,raw_no_catalog_correction,STAM b=461.3626922 original,450,0.02509,0.98846,0.1121732817250549,0.18912330800007454,0.14987938678408352,0.15368738580455715,0.12426234965808192,,,
95,raw_no_catalog_correction,STAM b=1335.412792 DES-style,450,0.02509,0.98846,-0.0008201390733640765,0.15429202222944777,0.11975353788171585,0.04366722184568184,0.014390993611005598,,,
95,raw_no_catalog_correction,LCDM fixed H0=70 Om=0.3,450,0.02509,0.98846,-0.012901484456663916,0.15247443840117816,0.12036579514946182,0.019325142982290957,-0.003408910186763592,,,
96,catalog_bin_median_delta,STAM b=354.95 union-style,450,0.02512,0.98536,-0.10670779136892351,0.30517972286563816,0.20451916065589426,-0.01600782284945713,0.008024538660208691,,,
96,catalog_bin_median_delta,STAM b=461.3626922 original,450,0.02512,0.98536,-0.12094891556309946,0.31118525607541125,0.20750766819858404,-0.029804654748469092,-0.005949067250639928,,,
96,catalog_bin_median_delta,STAM b=1335.412792 DES-style,450,0.02512,0.98536,-0.23448616477544476,0.3753343966593913,0.26460507265052013,-0.1399034642726183,-0.11688214120434992,,,
96,catalog_bin_median_delta,LCDM fixed H0=70 Om=0.3,450,0.02512,0.98536,-0.2437371341020995,0.3554823446715557,0.2666137192675261,-0.16403133962899125,-0.1499555043459928,,,
96,catalog_linear_z_delta,STAM b=354.95 union-style,450,0.02512,0.98536,-0.11339781544758694,0.2685703982478157,0.22029749657421674,-0.00795002346235031,-0.02582131765257145,0.4940638654930745,-0.6877902024119016,
96,catalog_linear_z_delta,STAM b=461.3626922 original,450,0.02512,0.98536,-0.1276389396417629,0.2758972019559644,0.22598000925285283,-0.02174685536136227,-0.03937559008192082,0.4940638654930745,-0.6877902024119016,
96,catalog_linear_z_delta,STAM b=1335.412792 DES-style,450,0.02512,0.98536,-0.24117618885410821,0.3499093759444397,0.2897543968334569,-0.13184566488551147,-0.14330206855790095,0.4940638654930745,-0.6877902024119016,
96,catalog_linear_z_delta,LCDM fixed H0=70 Om=0.3,450,0.02512,0.98536,-0.25042715818076294,0.33211900889418366,0.2858322901689455,-0.15597354024188442,-0.1853813763524954,0.4940638654930745,-0.6877902024119016,
96,catalog_quadratic_z_delta,STAM b=354.95 union-style,450,0.02512,0.98536,-0.11341930725846597,0.2962852341524803,0.2259123008918946,-0.011835098371940992,-0.0018193321736923451,0.6798209193660708,-2.4611422233449822,2.4078507584144013
96,catalog_quadratic_z_delta,STAM b=461.3626922 original,450,0.02512,0.98536,-0.12766043145264191,0.3028638320446098,0.23002722176889429,-0.025631930270952948,-0.01470562775313411,0.6798209193660708,-2.4611422233449822,2.4078507584144013
96,catalog_quadratic_z_delta,STAM b=1335.412792 DES-style,450,0.02512,0.98536,-0.2411976806649872,0.37103421483747046,0.2830492835507606,-0.13573073979510217,-0.1228742476850968,0.6798209193660708,-2.4611422233449822,2.4078507584144013
96,catalog_quadratic_z_delta,LCDM fixed H0=70 Om=0.3,450,0.02512,0.98536,-0.250448649991642,0.3470749923772899,0.277707913053616,-0.1598586151514751,-0.16107992907625146,0.6798209193660708,-2.4611422233449822,2.4078507584144013
96,raw_no_catalog_correction,STAM b=354.95 union-style,450,0.02512,0.98536,0.11453888659015594,0.18727372309939155,0.1492622272524878,0.16826002159498668,0.1409232931854021,,,
96,raw_no_catalog_correction,STAM b=461.3626922 original,450,0.02512,0.98536,0.10029776239598001,0.17917008542529408,0.14099798323618634,0.15446318969597472,0.1270046907463218,,,
96,raw_no_catalog_correction,STAM b=1335.412792 DES-style,450,0.02512,0.98536,-0.013239486816365303,0.15181743286291918,0.11694170885675315,0.044364380171825514,0.013336809050308318,,,
96,raw_no_catalog_correction,LCDM fixed H0=70 Om=0.3,450,0.02512,0.98536,-0.02249045614302007,0.14650848110572143,0.11154599379370361,0.020236504815452572,-0.0013249238742645275,,,
97,catalog_bin_median_delta,STAM b=354.95 union-style,450,0.0251,0.98,-0.09604307500765295,0.30078190319505166,0.20103353790485046,0.009932495671341775,0.015687998813916693,,,
97,catalog_bin_median_delta,STAM b=461.3626922 original,450,0.0251,0.98,-0.11022639795416113,0.3063943877846336,0.20411004916785555,-0.003875342279718552,0.001504759485072782,,,
97,catalog_bin_median_delta,STAM b=1335.412792 DES-style,450,0.0251,0.98,-0.2233150367063063,0.36804880640264137,0.2568742825116265,-0.11405996908288214,-0.10950565167161486,,,
97,catalog_bin_median_delta,LCDM fixed H0=70 Om=0.3,450,0.0251,0.98,-0.23357121437831618,0.34568409715810083,0.25658599967460805,-0.13831391516419755,-0.1366041936236826,,,
97,catalog_linear_z_delta,STAM b=354.95 union-style,450,0.0251,0.98,-0.08913522362634181,0.25360708736185716,0.20139770866419723,0.01948433663209201,0.0017504430790822312,0.4837917637040935,-0.6669930068301623,
97,catalog_linear_z_delta,STAM b=461.3626922 original,450,0.0251,0.98,-0.10331854657285,0.2600147172640467,0.2061184160965071,0.005676498681031682,-0.01176378449836335,0.4837917637040935,-0.6669930068301623,
97,catalog_linear_z_delta,STAM b=1335.412792 DES-style,450,0.0251,0.98,-0.2164071853249952,0.32901157837523914,0.2663755078149381,-0.10450812812213191,-0.11990006533788744,0.4837917637040935,-0.6669930068301623,
97,catalog_linear_z_delta,LCDM fixed H0=70 Om=0.3,450,0.0251,0.98,-0.22666336299700504,0.3082171116192967,0.26246889206940693,-0.12876207420344735,-0.1601230168465868,0.4837917637040935,-0.6669930068301623,
97,catalog_quadratic_z_delta,STAM b=354.95 union-style,450,0.0251,0.98,-0.09346396397044372,0.29074901468647474,0.2133783048180345,0.01971321150456412,0.024540643830892606,0.6783114297628641,-2.523998357229373,2.521434937089161
97,catalog_quadratic_z_delta,STAM b=461.3626922 original,450,0.0251,0.98,-0.10764728691695191,0.2965098404583955,0.21632474567056578,0.005905373553503794,0.011968884317273165,0.6783114297628641,-2.523998357229373,2.521434937089161
97,catalog_quadratic_z_delta,STAM b=1335.412792 DES-style,450,0.0251,0.98,-0.2207359256690971,0.35957179898551767,0.267584981646069,-0.1042792532496598,-0.09666279193692162,0.6783114297628641,-2.523998357229373,2.521434937089161
97,catalog_quadratic_z_delta,LCDM fixed H0=70 Om=0.3,450,0.0251,0.98,-0.23099210334110698,0.33343891783000895,0.2626886489954571,-0.12853319933097523,-0.14068550128015644,0.6783114297628641,-2.523998357229373,2.521434937089161
97,raw_no_catalog_correction,STAM b=354.95 union-style,450,0.0251,0.98,0.12950792646299927,0.19185952215512037,0.15187851199143138,0.1966575623380077,0.15434165459899774,,,
97,raw_no_catalog_correction,STAM b=461.3626922 original,450,0.0251,0.98,0.11532460351649107,0.18285174856590547,0.14322541722776103,0.18284972438694738,0.1408206961471592,,,
97,raw_no_catalog_correction,STAM b=1335.412792 DES-style,450,0.0251,0.98,0.0022359647643458843,0.14501764319800645,0.11077173287167046,0.07266509758378378,0.026637912265194075,,,
97,raw_no_catalog_correction,LCDM fixed H0=70 Om=0.3,450,0.0251,0.98,-0.008020212907663972,0.1353551821377128,0.10553553179742003,0.04841115150246836,0.009244005374615227,,,
98,catalog_bin_median_delta,STAM b=354.95 union-style,450,0.02519,0.98158,-0.07463978397834971,0.2957808364520549,0.2011321110257175,0.020606729576198968,0.018050805335803943,,,
98,catalog_bin_median_delta,STAM b=461.3626922 original,450,0.02519,0.98158,-0.0888759328637384,0.3004118994958238,0.20277339775311254,0.006812827107575809,0.005039254484515254,,,
98,catalog_bin_median_delta,STAM b=1335.412792 DES-style,450,0.02519,0.98158,-0.20237381963230516,0.35607397028548515,0.2471730711968942,-0.10326318122727515,-0.10219820788253031,,,
98,catalog_bin_median_delta,LCDM fixed H0=70 Om=0.3,450,0.02519,0.98158,-0.21113922928661513,0.3361360058802232,0.2484895291853638,-0.12738316665145327,-0.14278175430772677,,,
98,catalog_linear_z_delta,STAM b=354.95 union-style,450,0.02519,0.98158,-0.08656977529574843,0.26150100155365313,0.21295751457698858,0.027569719659185206,0.00700624231255631,0.4780316829863449,-0.6608967434467216,
98,catalog_linear_z_delta,STAM b=461.3626922 original,450,0.02519,0.98158,-0.1008059241811371,0.2676079385525952,0.2178381558898216,0.013775817190562046,-0.006380237423659452,0.4780316829863449,-0.6608967434467216,
98,catalog_linear_z_delta,STAM b=1335.412792 DES-style,450,0.02519,0.98158,-0.21430381094970394,0.3344851872242667,0.276272961062916,-0.09630019114428892,-0.11134209229894765,0.4780316829863449,-0.6608967434467216,
98,catalog_linear_z_delta,LCDM fixed H0=70 Om=0.3,450,0.02519,0.98158,-0.22306922060401385,0.3143235900388422,0.26902685397489284,-0.12042017656846704,-0.15773297756463833,0.4780316829863449,-0.6608967434467216,
98,catalog_quadratic_z_delta,STAM b=354.95 union-style,450,0.02519,0.98158,-0.09064010997666407,0.2856378962102719,0.22035047588518622,0.022840549385113495,0.02659415842097701,0.6527017976268074,-2.32840596765124,2.2641378038700055
98,catalog_quadratic_z_delta,STAM b=461.3626922 original,450,0.02519,0.98158,-0.1048762588620528,0.2913476363426627,0.22333237255440908,0.009046646916490333,0.01268808624341844,0.6527017976268074,-2.32840596765124,2.2641378038700055
98,catalog_quadratic_z_delta,STAM b=1335.412792 DES-style,450,0.02519,0.98158,-0.21837414563061958,0.35448245267487327,0.26999696703656384,-0.10102936141836064,-0.0908745398883859,0.6527017976268074,-2.32840596765124,2.2641378038700055
98,catalog_quadratic_z_delta,LCDM fixed H0=70 Om=0.3,450,0.02519,0.98158,-0.22713955528492952,0.32899100164986883,0.2628250977691571,-0.12514934684253876,-0.13513101347922074,0.6527017976268074,-2.32840596765124,2.2641378038700055
98,raw_no_catalog_correction,STAM b=354.95 union-style,450,0.02519,0.98158,0.13472752458859713,0.20512746358772224,0.1633601581655004,0.1997546184650876,0.15551213286335397,,,
98,raw_no_catalog_correction,STAM b=461.3626922 original,450,0.02519,0.98158,0.1204913757032084,0.19633282861459736,0.15498546252252243,0.18596071599646444,0.14240339703624727,,,
98,raw_no_catalog_correction,STAM b=1335.412792 DES-style,450,0.02519,0.98158,0.0069934889346416635,0.15814447962198303,0.12158693815614248,0.07588470766161348,0.0318086153890782,,,
98,raw_no_catalog_correction,LCDM fixed H0=70 Om=0.3,450,0.02519,0.98158,-0.0017719207196682859,0.15010157799212853,0.11480905755206774,0.05176472223743537,0.004156495052765052,,,
99,catalog_bin_median_delta,STAM b=354.95 union-style,450,0.02534,0.96363,-0.07454867019994753,0.25189896549155655,0.17564891882935432,0.006468097322468793,0.007373692745773042,,,
99,catalog_bin_median_delta,STAM b=461.3626922 original,450,0.02534,0.96363,-0.08876688876035815,0.257100667551433,0.1783908403229379,-0.007321952907001917,-0.007027141131370485,,,
99,catalog_bin_median_delta,STAM b=1335.412792 DES-style,450,0.02534,0.96363,-0.20212629076826216,0.31894800556627667,0.233700660826973,-0.11736836191395336,-0.1149279148691491,,,
99,catalog_bin_median_delta,LCDM fixed H0=70 Om=0.3,450,0.02534,0.96363,-0.2117238053655456,0.3038189407277171,0.23369817583867097,-0.14178906178541634,-0.14637597431291383,,,
99,catalog_linear_z_delta,STAM b=354.95 union-style,450,0.02534,0.96363,-0.07487520274234083,0.218701706630624,0.17659232130668132,0.016905671499402548,-0.007173622606117647,0.43817528829176755,-0.579890583682462,
99,catalog_linear_z_delta,STAM b=461.3626922 original,450,0.02534,0.96363,-0.08909342130275144,0.22489273927971185,0.18157822470850168,0.0031156212699318393,-0.02142697994221976,0.43817528829176755,-0.579890583682462,
99,catalog_linear_z_delta,STAM b=1335.412792 DES-style,450,0.02534,0.96363,-0.20245282331065542,0.2949160885808586,0.2480654985887323,-0.1069307877370196,-0.13310100708960704,0.43817528829176755,-0.579890583682462,
99,catalog_linear_z_delta,LCDM fixed H0=70 Om=0.3,450,0.02534,0.96363,-0.2120503379079389,0.2812693003956054,0.24475402497983928,-0.1313514876084826,-0.16811570082109384,0.43817528829176755,-0.579890583682462,
99,catalog_quadratic_z_delta,STAM b=354.95 union-style,450,0.02534,0.96363,-0.07632852150284165,0.23996193081567815,0.18505515722818577,0.014028145137756841,0.009642310721627467,0.6043656157000982,-2.166446500803067,2.1542197055132033
99,catalog_quadratic_z_delta,STAM b=461.3626922 original,450,0.02534,0.96363,-0.09054674006325227,0.2456390261277348,0.18871955025326598,0.0002380949082861308,-0.003152001487944034,0.6043656157000982,-2.166446500803067,2.1542197055132033
99,catalog_quadratic_z_delta,STAM b=1335.412792 DES-style,450,0.02534,0.96363,-0.20390614207115623,0.3111613394215559,0.2433107659433226,-0.10980831409866532,-0.11321585937171008,0.6043656157000982,-2.166446500803067,2.1542197055132033
99,catalog_quadratic_z_delta,LCDM fixed H0=70 Om=0.3,450,0.02534,0.96363,-0.2135036566684397,0.29135273581825505,0.24036488612192544,-0.1342290139701283,-0.15270593026310308,0.6043656157000982,-2.166446500803067,2.1542197055132033
99,raw_no_catalog_correction,STAM b=354.95 union-style,450,0.02534,0.96363,0.13646744863712723,0.19940084485057114,0.16181352213183953,0.18647620843358,0.1560688476206309,,,
99,raw_no_catalog_correction,STAM b=461.3626922 original,450,0.02534,0.96363,0.12224923007671663,0.18999736403582118,0.15220071041685854,0.17268615820410932,0.1433377132236089,,,
99,raw_no_catalog_correction,STAM b=1335.412792 DES-style,450,0.02534,0.96363,0.008889828068812623,0.14662928455772367,0.11083769664266135,0.06263974919715787,0.030880815110361226,,,
99,raw_no_catalog_correction,LCDM fixed H0=70 Om=0.3,450,0.02534,0.96363,-0.0007076865284708452,0.14954248924390617,0.11463089156556744,0.03821904932569489,0.0076817709456875605,,,
100,catalog_bin_median_delta,STAM b=354.95 union-style,450,0.0251,0.98024,-0.10284172572915996,0.3031590222227021,0.20736764475882383,-0.009041977489003363,0.007714348658357295,,,
100,catalog_bin_median_delta,STAM b=461.3626922 original,450,0.0251,0.98024,-0.117040096066804,0.30901369600640355,0.210486891889656,-0.022839407068643725,-0.006410543457267437,,,
100,catalog_bin_median_delta,STAM b=1335.412792 DES-style,450,0.0251,0.98024,-0.23024641374244909,0.3721656812908233,0.26243281807222407,-0.13294292407919767,-0.11546353462235359,,,
100,catalog_bin_median_delta,LCDM fixed H0=70 Om=0.3,450,0.0251,0.98024,-0.24090954265542433,0.3518457832954839,0.26259135173686315,-0.15711095423831994,-0.151441213919707,,,
100,catalog_linear_z_delta,STAM b=354.95 union-style,450,0.0251,0.98024,-0.1037559180820976,0.2629771594057394,0.20913025376546931,0.0003036225987613427,-0.015059128623413187,0.5157488310191796,-0.7214204978337488,
100,catalog_linear_z_delta,STAM b=461.3626922 original,450,0.0251,0.98024,-0.11795428841974168,0.26992159354636847,0.21441843728547197,-0.013493806980879017,-0.02863867704291323,0.5157488310191796,-0.7214204978337488,
100,catalog_linear_z_delta,STAM b=1335.412792 DES-style,450,0.0251,0.98024,-0.23116060609538672,0.34174780373707553,0.27782505050768624,-0.12359732399143297,-0.1367724747140855,0.5157488310191796,-0.7214204978337488,
100,catalog_linear_z_delta,LCDM fixed H0=70 Om=0.3,450,0.0251,0.98024,-0.24182373500836193,0.32357406179151693,0.2744881487881715,-0.14776535415055522,-0.17649714678346484,0.5157488310191796,-0.7214204978337488,
100,catalog_quadratic_z_delta,STAM b=354.95 union-style,450,0.0251,0.98024,-0.10294448472094056,0.297945881184366,0.2229295943933317,-0.003495236787732365,0.015994682991554043,0.7120465498718941,-2.5954002427430183,2.544482706630803
100,catalog_quadratic_z_delta,STAM b=461.3626922 original,450,0.0251,0.98024,-0.11714285505858461,0.3039905751269194,0.22529381947912683,-0.017292666367372724,0.0024796996402081106,0.7120465498718941,-2.5954002427430183,2.544482706630803
100,catalog_quadratic_z_delta,STAM b=1335.412792 DES-style,450,0.0251,0.98024,-0.23034917273422967,0.36857697769578474,0.2726427354184682,-0.12739618337792669,-0.10539459279445751,0.7120465498718941,-2.5954002427430183,2.544482706630803
100,catalog_quadratic_z_delta,LCDM fixed H0=70 Om=0.3,450,0.0251,0.98024,-0.24101230164720489,0.3441465702322698,0.2685779982717984,-0.15156421353704894,-0.14293290685622395,0.7120465498718941,-2.5954002427430183,2.544482706630803
100,raw_no_catalog_correction,STAM b=354.95 union-style,450,0.0251,0.98024,0.12768155555456082,0.1936958427804469,0.15662848341560548,0.18277006695544068,0.15707989534402245,,,
100,raw_no_catalog_correction,STAM b=461.3626922 original,450,0.0251,0.98024,0.11348318521691676,0.18482812787398167,0.14796474230266538,0.16897263737580034,0.14352186569122338,,,
100,raw_no_catalog_correction,STAM b=1335.412792 DES-style,450,0.0251,0.98024,0.00027686754127169427,0.1481168625764807,0.11424236547081369,0.05886912036524638,0.03206117475994574,,,
100,raw_no_catalog_correction,LCDM fixed H0=70 Om=0.3,450,0.0251,0.98024,-0.010386261371703523,0.14302082308288427,0.11026282262754589,0.03470109020612412,0.005319550706818887,,,
101,catalog_bin_median_delta,STAM b=354.95 union-style,450,0.02509,0.98846,-0.06370007530228841,0.2744533929015242,0.18882920118799015,0.025922645601345617,0.029638199139956356,,,
101,catalog_bin_median_delta,STAM b=461.3626922 original,450,0.02509,0.98846,-0.07786918267786125,0.2787427300781939,0.19000964225283265,0.012132150398168165,0.015930607982273415,,,
101,catalog_bin_median_delta,STAM b=1335.412792 DES-style,450,0.02509,0.98846,-0.19084735572319897,0.3332146326352354,0.22941578538303264,-0.0979172959141268,-0.09485333785232442,,,
101,catalog_bin_median_delta,LCDM fixed H0=70 Om=0.3,450,0.02509,0.98846,-0.20120457845072146,0.3170983681936668,0.2340044715302912,-0.12200193038219596,-0.13160310325149638,,,
101,catalog_linear_z_delta,STAM b=354.95 union-style,450,0.02509,0.98846,-0.06948723354435184,0.23941576279268012,0.1931827431706131,0.03548710822102224,0.013452644587985674,0.46232213992007093,-0.6363381107195171,
101,catalog_linear_z_delta,STAM b=461.3626922 original,450,0.02509,0.98846,-0.08365634091992466,0.24496294031349572,0.1972294232741942,0.021696613017844788,-0.00033073917293791055,0.46232213992007093,-0.6363381107195171,
101,catalog_linear_z_delta,STAM b=1335.412792 DES-style,450,0.02509,0.98846,-0.1966345139652624,0.30954320019360876,0.2543716580485049,-0.08835283329445018,-0.10580306824583374,0.46232213992007093,-0.6363381107195171,
101,catalog_linear_z_delta,LCDM fixed H0=70 Om=0.3,450,0.02509,0.98846,-0.20699173669278484,0.2919640014720871,0.24940054714593496,-0.11243746776251934,-0.14504674531703188,0.46232213992007093,-0.6363381107195171,
101,catalog_quadratic_z_delta,STAM b=354.95 union-style,450,0.02509,0.98846,-0.07777340082616599,0.2603982738596753,0.1995286612963164,0.029540556152686165,0.02619822507722347,0.6383236920808308,-2.3165580630936358,2.2813963831604647
101,catalog_quadratic_z_delta,STAM b=461.3626922 original,450,0.02509,0.98846,-0.09194250820173883,0.265823565432424,0.20272710569760544,0.015750060949508714,0.012947220638427126,0.6383236920808308,-2.3165580630936358,2.2813963831604647
101,catalog_quadratic_z_delta,STAM b=1335.412792 DES-style,450,0.02509,0.98846,-0.2049206812470765,0.3283582687805628,0.25071931106072165,-0.09429938536278626,-0.09517413348422465,0.6383236920808308,-2.3165580630936358,2.2813963831604647
101,catalog_quadratic_z_delta,LCDM fixed H0=70 Om=0.3,450,0.02509,0.98846,-0.215277903974599,0.30571153445588717,0.24460260065624267,-0.11838401983085542,-0.1332867622499876,0.6383236920808308,-2.3165580630936358,2.2813963831604647
101,raw_no_catalog_correction,STAM b=354.95 union-style,450,0.02509,0.98846,0.13799920322095469,0.20027764485481947,0.16183204155849157,0.20284989004579,0.16130726274520768,,,
101,raw_no_catalog_correction,STAM b=461.3626922 original,450,0.02509,0.98846,0.12383009584538185,0.1909627296910581,0.15238778118953972,0.18905939484261255,0.14748496994077342,,,
101,raw_no_catalog_correction,STAM b=1335.412792 DES-style,450,0.02509,0.98846,0.010851922800044152,0.14798039352151449,0.11334335873596361,0.07900994853031758,0.0357774431807627,,,
101,raw_no_catalog_correction,LCDM fixed H0=70 Om=0.3,450,0.02509,0.98846,0.0004947000725216803,0.1448133651871688,0.11178201672968728,0.05492531406224842,0.01732219537045765,,,
102,catalog_bin_median_delta,STAM b=354.95 union-style,450,0.02517,0.98536,-0.08469590731965106,0.2715548776227725,0.18715782263574302,0.005381460568920965,0.004689675595479059,,,
102,catalog_bin_median_delta,STAM b=461.3626922 original,450,0.02517,0.98536,-0.09886413663258145,0.2770555386104433,0.19054800011292433,-0.008411086986798056,-0.009631105344968915,,,
102,catalog_bin_median_delta,STAM b=1335.412792 DES-style,450,0.02517,0.98536,-0.2118365016856477,0.3394384447056878,0.2479348704048909,-0.11847663196966259,-0.12150927629583563,,,
102,catalog_bin_median_delta,LCDM fixed H0=70 Om=0.3,450,0.02517,0.98536,-0.22297863031855092,0.321769854105902,0.2498149702026881,-0.1426515246135089,-0.15229699153904974,,,
102,catalog_linear_z_delta,STAM b=354.95 union-style,450,0.02517,0.98536,-0.07614618574326971,0.23931314952693294,0.19197721182822988,0.016449095422297402,-0.004688484456192299,0.4472636590840273,-0.5996304921276128,
102,catalog_linear_z_delta,STAM b=461.3626922 original,450,0.02517,0.98536,-0.09031441505620012,0.24518801762658124,0.19651569829791352,0.0026565478665783833,-0.0177844599105228,0.4472636590840273,-0.5996304921276128,
102,catalog_linear_z_delta,STAM b=1335.412792 DES-style,450,0.02517,0.98536,-0.20328678010926632,0.311768182247414,0.2553145772224444,-0.10740899711628614,-0.1259364058698651,0.4472636590840273,-0.5996304921276128,
102,catalog_linear_z_delta,LCDM fixed H0=70 Om=0.3,450,0.02517,0.98536,-0.21442890874216958,0.2961767726525126,0.25265545679305373,-0.1315838897601325,-0.16922473083654666,0.4472636590840273,-0.5996304921276128,
102,catalog_quadratic_z_delta,STAM b=354.95 union-style,450,0.02517,0.98536,-0.07923719348670936,0.2606011710806178,0.19716816978135007,0.011578123919066425,0.012691857556866637,0.6122840417065694,-2.175017390861025,2.139054454013843
102,catalog_quadratic_z_delta,STAM b=461.3626922 original,450,0.02517,0.98536,-0.09340542279963975,0.2660738602040765,0.20085684934089648,-0.0022144236366525957,-0.0013017233114744897,0.6122840417065694,-2.175017390861025,2.139054454013843
102,catalog_quadratic_z_delta,STAM b=1335.412792 DES-style,450,0.02517,0.98536,-0.20637778785270597,0.3288900039641706,0.25281536430591794,-0.11227996861951713,-0.109990528179992,0.6122840417065694,-2.175017390861025,2.139054454013843
102,catalog_quadratic_z_delta,LCDM fixed H0=70 Om=0.3,450,0.02517,0.98536,-0.2175199164856092,0.30770438354562624,0.2496029094330034,-0.13645486126336345,-0.14817018332466603,0.6122840417065694,-2.175017390861025,2.139054454013843
102,raw_no_catalog_correction,STAM b=354.95 union-style,450,0.02517,0.98536,0.13138652770574039,0.20047342493645143,0.16077619441891447,0.18606666056892104,0.1496102074187462,,,
102,raw_no_catalog_correction,STAM b=461.3626922 original,450,0.02517,0.98536,0.11721829839280999,0.1916867713274537,0.1516807350028645,0.17227411301320203,0.13508399859270526,,,
102,raw_no_catalog_correction,STAM b=1335.412792 DES-style,450,0.02517,0.98536,0.004245933339743753,0.15411015914754272,0.11598866867424196,0.062208568030337495,0.02092654676167527,,,
102,raw_no_catalog_correction,LCDM fixed H0=70 Om=0.3,450,0.02517,0.98536,-0.006896195293159485,0.15002007656157107,0.11417040252206759,0.038033675386491154,0.004227507459006574,,,
103,catalog_bin_median_delta,STAM b=354.95 union-style,450,0.02517,0.98158,-0.08914157527862053,0.2861990941128618,0.19460999565312923,0.017576866697532913,0.018257844009216484,,,
103,catalog_bin_median_delta,STAM b=461.3626922 original,450,0.02517,0.98158,-0.10336445873790313,0.2917146798945524,0.19733089900872217,0.003788983704108312,0.006039540184168857,,,
103,catalog_bin_median_delta,STAM b=1335.412792 DES-style,450,0.02517,0.98158,-0.21675899218730735,0.35356951071193254,0.2523591459483674,-0.10624005696340053,-0.10104049729298836,,,
103,catalog_bin_median_delta,LCDM fixed H0=70 Om=0.3,450,0.02517,0.98158,-0.225450638875155,0.33209009908622455,0.2507287441868631,-0.13027514755078418,-0.13533195112755436,,,
103,catalog_linear_z_delta,STAM b=354.95 union-style,450,0.02517,0.98158,-0.08885118932828998,0.2564964140794418,0.20819319468606673,0.028572708519468144,0.008737656186951881,0.4968731161024399,-0.6912877335299803,
103,catalog_linear_z_delta,STAM b=461.3626922 original,450,0.02517,0.98158,-0.10307407278757254,0.26282999252868017,0.2132721303562826,0.01478482552604354,-0.005302224504564634,0.4968731161024399,-0.6912877335299803,
103,catalog_linear_z_delta,STAM b=1335.412792 DES-style,450,0.02517,0.98158,-0.21646860623697675,0.33133927852045386,0.2715289665726743,-0.09524421514146529,-0.11546453741104301,0.4968731161024399,-0.6912877335299803,
103,catalog_linear_z_delta,LCDM fixed H0=70 Om=0.3,450,0.02517,0.98158,-0.22516025292482444,0.31121804648332074,0.2641643455529896,-0.11927930572884896,-0.1528177874714558,0.4968731161024399,-0.6912877335299803,
103,catalog_quadratic_z_delta,STAM b=354.95 union-style,450,0.02517,0.98158,-0.09638485964323368,0.2871189269812039,0.2177314388312595,0.021788456307161256,0.02008106776942853,0.6813282326597395,-2.452210653539132,2.3909745715474844
103,catalog_quadratic_z_delta,STAM b=461.3626922 original,450,0.02517,0.98158,-0.11060774310251627,0.29305380561857636,0.22125307068930067,0.008000573313736652,0.0062913778954829525,0.6813282326597395,-2.452210653539132,2.3909745715474844
103,catalog_quadratic_z_delta,STAM b=1335.412792 DES-style,450,0.02517,0.98158,-0.2240022765519205,0.3575195815445048,0.2704477531583724,-0.10202846735377218,-0.10289501540453827,0.6813282326597395,-2.452210653539132,2.3909745715474844
103,catalog_quadratic_z_delta,LCDM fixed H0=70 Om=0.3,450,0.02517,0.98158,-0.2326939232397682,0.332285029492586,0.26286651407697686,-0.12606355794115584,-0.1364010757568508,0.6813282326597395,-2.452210653539132,2.3909745715474844
103,raw_no_catalog_correction,STAM b=354.95 union-style,450,0.02517,0.98158,0.13756408905236311,0.20133144819383297,0.16287614782553644,0.20462806669753256,0.1669896468809462,,,
103,raw_no_catalog_correction,STAM b=461.3626922 original,450,0.02517,0.98158,0.12334120559308054,0.19207048869754975,0.1534106969706769,0.19084018370410794,0.15313617001409696,,,
103,raw_no_catalog_correction,STAM b=1335.412792 DES-style,450,0.02517,0.98158,0.009946672143676304,0.14980075976170773,0.11593598741598381,0.08081114303659911,0.04780469929875508,,,
103,raw_no_catalog_correction,LCDM fixed H0=70 Om=0.3,450,0.02517,0.98158,0.0012550254558286028,0.14485115490642866,0.11163769662106969,0.05677605244921545,0.018745524778687184,,,
104,catalog_bin_median_delta,STAM b=354.95 union-style,450,0.02512,0.98536,-0.06684639082896197,0.2919816784415753,0.19288893576348556,0.017600956055712106,0.03329606771427507,,,
104,catalog_bin_median_delta,STAM b=461.3626922 original,450,0.02512,0.98536,-0.08100500683327855,0.2962594128980375,0.19347119214648434,0.0038076404433717275,0.019808399742796468,,,
104,catalog_bin_median_delta,STAM b=1335.412792 DES-style,450,0.02512,0.98536,-0.19390424415447216,0.3495764511024117,0.2346472071482884,-0.10626368792277922,-0.09018868018454995,,,
104,catalog_bin_median_delta,LCDM fixed H0=70 Om=0.3,450,0.02512,0.98536,-0.20631677784937988,0.3305939856770755,0.23909924761624515,-0.13029725404578044,-0.12947283624174588,,,
104,catalog_linear_z_delta,STAM b=354.95 union-style,450,0.02512,0.98536,-0.07185759331709429,0.24975128562805085,0.19646897322331794,0.0270573840700225,0.007674678117975731,0.4805568610366114,-0.6771485052980345,
104,catalog_linear_z_delta,STAM b=461.3626922 original,450,0.02512,0.98536,-0.08601620932141084,0.255231713201452,0.20073800973655828,0.013264068457682122,-0.005385310836949486,0.4805568610366114,-0.6771485052980345,
104,catalog_linear_z_delta,STAM b=1335.412792 DES-style,450,0.02512,0.98536,-0.19891544664260447,0.31868793939419626,0.25593039334520395,-0.09680725990846882,-0.11227479070323909,0.4805568610366114,-0.6771485052980345,
104,catalog_linear_z_delta,LCDM fixed H0=70 Om=0.3,450,0.02512,0.98536,-0.2113279803375122,0.3011601713490717,0.2520317427227172,-0.12084082603147005,-0.15282679732218085,0.4805568610366114,-0.6771485052980345,
104,catalog_quadratic_z_delta,STAM b=354.95 union-style,450,0.02512,0.98536,-0.07008769895637554,0.2800577677192609,0.20866186909475126,0.021086386145007165,0.03691588673660107,0.6681106720519617,-2.46765348404933,2.4311409805497144
104,catalog_quadratic_z_delta,STAM b=461.3626922 original,450,0.02512,0.98536,-0.08424631496069208,0.2847509108284059,0.21006327010060766,0.007293070532666788,0.023254616345070644,0.6681106720519617,-2.46765348404933,2.4311409805497144
104,catalog_quadratic_z_delta,STAM b=1335.412792 DES-style,450,0.02512,0.98536,-0.1971455522818857,0.34143402879752105,0.2485262237274385,-0.10277825783348415,-0.08379575174498655,0.6681106720519617,-2.46765348404933,2.4311409805497144
104,catalog_quadratic_z_delta,LCDM fixed H0=70 Om=0.3,450,0.02512,0.98536,-0.2095580859767934,0.3179123536994143,0.24350619075251703,-0.12681182395648538,-0.11961985973685785,0.6681106720519617,-2.46765348404933,2.4311409805497144
104,raw_no_catalog_correction,STAM b=354.95 union-style,450,0.02512,0.98536,0.1375110681235948,0.20263004150259611,0.16482259070688043,0.19409606716682298,0.16091250253938227,,,
104,raw_no_catalog_correction,STAM b=461.3626922 original,450,0.02512,0.98536,0.12335245211927823,0.19352510048965244,0.15571519226490171,0.1803027515544826,0.14742315681781903,,,
104,raw_no_catalog_correction,STAM b=1335.412792 DES-style,450,0.02512,0.98536,0.010453214798084589,0.15213254012923882,0.1144107817586549,0.07023142318833166,0.032895096450111794,,,
104,raw_no_catalog_correction,LCDM fixed H0=70 Om=0.3,450,0.02512,0.98536,-0.001959318896823113,0.1442291146056639,0.10894855139782764,0.04619785706533043,0.010373833090994822,,,
105,catalog_bin_median_delta,STAM b=354.95 union-style,450,0.02534,0.98536,-0.08213209601445332,0.2860732503029394,0.19995724590518058,0.015010300510023724,0.014172068738698584,,,
105,catalog_bin_median_delta,STAM b=461.3626922 original,450,0.02534,0.98536,-0.09631491788212114,0.29125341993638737,0.20218307239845304,0.001214880877518788,0.00011392594070613882,,,
105,catalog_bin_median_delta,STAM b=1335.412792 DES-style,450,0.02534,0.98536,-0.2093995864306159,0.35084312676776036,0.2505655626733722,-0.1088728933399966,-0.109844260841232,,,
105,catalog_bin_median_delta,LCDM fixed H0=70 Om=0.3,450,0.02534,0.98536,-0.2195707739924457,0.3292109033393635,0.24832708920979635,-0.13295101867085563,-0.1406500464849607,,,
105,catalog_linear_z_delta,STAM b=354.95 union-style,450,0.02534,0.98536,-0.07649041684407373,0.2509212831004,0.20306394932656593,0.02499972014348766,0.003253701835717493,0.48559850176797026,-0.6806126182964175,
105,catalog_linear_z_delta,STAM b=461.3626922 original,450,0.02534,0.98536,-0.09067323871174156,0.25666038606375907,0.2075899839343745,0.011204300510982724,-0.010344415389688777,0.48559850176797026,-0.6806126182964175,
105,catalog_linear_z_delta,STAM b=1335.412792 DES-style,450,0.02534,0.98536,-0.20375790726023632,0.32172458541191995,0.26245505613600223,-0.09888347370653265,-0.11828509304169188,0.48559850176797026,-0.6806126182964175,
105,catalog_linear_z_delta,LCDM fixed H0=70 Om=0.3,450,0.02534,0.98536,-0.21392909482206615,0.30286322044904457,0.2563708947367622,-0.12296159903739168,-0.15510482275497495,0.48559850176797026,-0.6806126182964175,
105,catalog_quadratic_z_delta,STAM b=354.95 union-style,450,0.02534,0.98536,-0.08360485306819491,0.2845725166211413,0.21732271335348158,0.019421737990013274,0.02470399779637944,0.6701313067135475,-2.442277199833263,2.3919815968029687
105,catalog_quadratic_z_delta,STAM b=461.3626922 original,450,0.02534,0.98536,-0.09778767493586271,0.2898709601061062,0.2195122665941485,0.005626318357508337,0.011155335959159629,0.6701313067135475,-2.442277199833263,2.3919815968029687
105,catalog_quadratic_z_delta,STAM b=1335.412792 DES-style,450,0.02534,0.98536,-0.21087234348435746,0.3502935714677256,0.26450981994416717,-0.10446145586000705,-0.0994015516707556,0.6701313067135475,-2.442277199833263,2.3919815968029687
105,catalog_quadratic_z_delta,LCDM fixed H0=70 Om=0.3,450,0.02534,0.98536,-0.2210435310461873,0.32571197395510415,0.25658219956742273,-0.12853958119086606,-0.13650456013754564,0.6701313067135475,-2.442277199833263,2.3919815968029687
105,raw_no_catalog_correction,STAM b=354.95 union-style,450,0.02534,0.98536,0.13830904717726972,0.2041260154787132,0.1630558015183943,0.19577872273224595,0.15318987430382336,,,
105,raw_no_catalog_correction,STAM b=461.3626922 original,450,0.02534,0.98536,0.12412622530960189,0.19495852093156246,0.1544095972612628,0.18198330309974103,0.13980892606491935,,,
105,raw_no_catalog_correction,STAM b=1335.412792 DES-style,450,0.02534,0.98536,0.01104155676110713,0.15281786575032158,0.1197710722350913,0.07189552888222563,0.027100062991973317,,,
105,raw_no_catalog_correction,LCDM fixed H0=70 Om=0.3,450,0.02534,0.98536,0.0008703691992773437,0.14840294314015742,0.11675374799926973,0.047817403551366607,0.005223858817984706,,,
106,catalog_bin_median_delta,STAM b=354.95 union-style,450,0.02534,0.98024,-0.08595899385242071,0.29640262252572896,0.20292254472630467,-0.0009949698925969131,0.013916652163906917,,,
106,catalog_bin_median_delta,STAM b=461.3626922 original,450,0.02534,0.98024,-0.10015351800265915,0.3015566186653112,0.20460711044962931,-0.014784197188937549,0.00034445735613886086,,,
106,catalog_bin_median_delta,STAM b=1335.412792 DES-style,450,0.02534,0.98024,-0.2133289737792116,0.3604900040771705,0.2512421481809033,-0.12482397265997425,-0.1084327210468281,,,
106,catalog_bin_median_delta,LCDM fixed H0=70 Om=0.3,450,0.02534,0.98024,-0.22328214803303842,0.34058630691941705,0.2537398932700517,-0.14906994011388103,-0.14529007478664013,,,
106,catalog_linear_z_delta,STAM b=354.95 union-style,450,0.02534,0.98024,-0.08732625704542642,0.2540990851632429,0.203924456015833,0.007708021342727025,-0.0006479155153442662,0.4851818382646212,-0.6736066572435039,
106,catalog_linear_z_delta,STAM b=461.3626922 original,450,0.02534,0.98024,-0.10152078119566488,0.26037270491003245,0.20862509034703894,-0.006081205953613609,-0.014152219757196605,0.4851818382646212,-0.6736066572435039,
106,catalog_linear_z_delta,STAM b=1335.412792 DES-style,450,0.02534,0.98024,-0.2146962369722173,0.3285644967673403,0.2681402535718211,-0.11612098142465031,-0.11666718757338046,0.4851818382646212,-0.6736066572435039,
106,catalog_linear_z_delta,LCDM fixed H0=70 Om=0.3,450,0.02534,0.98024,-0.22464941122604415,0.30956678626872314,0.2626453257223734,-0.14036694887855708,-0.15926701262612752,0.4851818382646212,-0.6736066572435039,
106,catalog_quadratic_z_delta,STAM b=354.95 union-style,450,0.02534,0.98024,-0.09238719831627747,0.2837517559983111,0.21825564912971546,0.0030504180317417074,0.021658389977179837,0.6701320930155911,-2.4392564734758624,2.3973927336053507
106,catalog_quadratic_z_delta,STAM b=461.3626922 original,450,0.02534,0.98024,-0.10658172246651594,0.28954280100706165,0.22095403685172155,-0.010738809264598928,0.008416971622754232,0.6701320930155911,-2.4392564734758624,2.3973927336053507
106,catalog_quadratic_z_delta,STAM b=1335.412792 DES-style,450,0.02534,0.98024,-0.21975717824306834,0.35317995407371455,0.2682528237631304,-0.12077858473563563,-0.10069954035795448,0.6701320930155911,-2.4392564734758624,2.3973927336053507
106,catalog_quadratic_z_delta,LCDM fixed H0=70 Om=0.3,450,0.02534,0.98024,-0.2297103524968952,0.3290195282534107,0.2629990231762369,-0.1450245521895424,-0.14002037343044904,0.6701320930155911,-2.4392564734758624,2.3973927336053507
106,raw_no_catalog_correction,STAM b=354.95 union-style,450,0.02534,0.98024,0.13133488729416157,0.19765273911100775,0.157676818029132,0.18063260788518132,0.15482357603492858,,,
106,raw_no_catalog_correction,STAM b=461.3626922 original,450,0.02534,0.98024,0.11714036314392313,0.1887229903962371,0.14875217466123125,0.16684338058884066,0.14139691454482062,,,
106,raw_no_catalog_correction,STAM b=1335.412792 DES-style,450,0.02534,0.98024,0.00396490736737071,0.15047364278890493,0.11523929943843536,0.056803605117803975,0.029228036955473158,,,
106,raw_no_catalog_correction,LCDM fixed H0=70 Om=0.3,450,0.02534,0.98024,-0.005988266886456129,0.14490467730844736,0.11063992020387682,0.032557637663897195,0.0029635045129836612,,,
107,catalog_bin_median_delta,STAM b=354.95 union-style,450,0.02512,0.97242,-0.07839890680344434,0.26839720565668923,0.19272607206346482,-0.005979428896747186,-0.0067348508425837394,,,
107,catalog_bin_median_delta,STAM b=461.3626922 original,450,0.02512,0.97242,-0.09261171770305868,0.27351433088474475,0.19509165224664557,-0.0197793862360399,-0.020641366565129715,,,
107,catalog_bin_median_delta,STAM b=1335.412792 DES-style,450,0.02512,0.97242,-0.20593004328338055,0.3337957770332448,0.24217935966019766,-0.12990266363157105,-0.13137706510332237,,,
107,catalog_bin_median_delta,LCDM fixed H0=70 Om=0.3,450,0.02512,0.97242,-0.2162802263347692,0.31966326466767675,0.24614914463186086,-0.1541358471772699,-0.16247209571935528,,,
107,catalog_linear_z_delta,STAM b=354.95 union-style,450,0.02512,0.97242,-0.08997335748053698,0.23612525436557463,0.18982943366527713,-0.0006581067482366304,-0.032068302379535396,0.4467070765137838,-0.5864203254807643,
107,catalog_linear_z_delta,STAM b=461.3626922 original,450,0.02512,0.97242,-0.10418616838015134,0.2428352758056753,0.19613102995374412,-0.014458064087529341,-0.047036019549636876,0.4467070765137838,-0.5864203254807643,
107,catalog_linear_z_delta,STAM b=1335.412792 DES-style,450,0.02512,0.97242,-0.21750449396047322,0.31475810229603723,0.2650300404336463,-0.12458134148306049,-0.1533554602895144,0.4467070765137838,-0.5864203254807643,
107,catalog_linear_z_delta,LCDM fixed H0=70 Om=0.3,450,0.02512,0.97242,-0.22785467701186182,0.3010635594243535,0.263170956011724,-0.14881452502875933,-0.19163996972961783,0.4467070765137838,-0.5864203254807643,
107,catalog_quadratic_z_delta,STAM b=354.95 union-style,450,0.02512,0.97242,-0.08897116180277262,0.2505123645301593,0.19132829522270306,-0.002682043166142749,-0.013886782226386174,0.6032677058628787,-2.081045173722572,2.029396043144584
107,catalog_quadratic_z_delta,STAM b=461.3626922 original,450,0.02512,0.97242,-0.10318397270238695,0.2567182923007673,0.19594260112786654,-0.01648200050543546,-0.027593109802520388,0.6032677058628787,-2.081045173722572,2.029396043144584
107,catalog_quadratic_z_delta,STAM b=1335.412792 DES-style,450,0.02512,0.97242,-0.21650229828270887,0.32478285438319326,0.2533680240230006,-0.1266052779009666,-0.13628014562887358,0.6032677058628787,-2.081045173722572,2.029396043144584
107,catalog_quadratic_z_delta,LCDM fixed H0=70 Om=0.3,450,0.02512,0.97242,-0.22685248133409744,0.3053931558975439,0.2509195549340546,-0.15083846144666546,-0.17580410810247926,0.6032677058628787,-2.081045173722572,2.029396043144584
107,raw_no_catalog_correction,STAM b=354.95 union-style,450,0.02512,0.97242,0.12712777984043197,0.19566140888787065,0.15542617101331785,0.17548319332547446,0.1348417437310978,,,
107,raw_no_catalog_correction,STAM b=461.3626922 original,450,0.02512,0.97242,0.11291496894081762,0.18690279243029664,0.14707331532611112,0.16168323598618176,0.12102706231085847,,,
107,raw_no_catalog_correction,STAM b=1335.412792 DES-style,450,0.02512,0.97242,-0.0004033566395042861,0.1509577586239031,0.11743266966050901,0.051559958590650615,0.009930292097031668,,,
107,raw_no_catalog_correction,LCDM fixed H0=70 Om=0.3,450,0.02512,0.97242,-0.010753539690892882,0.14934153262685504,0.11846820797522983,0.027326775044951748,-0.002429073544774951,,,
108,catalog_bin_median_delta,STAM b=354.95 union-style,450,0.02509,0.97489,-0.07914755499572323,0.29677132176610044,0.20233459590184266,0.006259915940798003,0.016432825605026125,,,
108,catalog_bin_median_delta,STAM b=461.3626922 original,450,0.02509,0.97489,-0.0933230605423993,0.30162347563348824,0.20419368468526233,-0.007532663671301725,0.002812150720732376,,,
108,catalog_bin_median_delta,STAM b=1335.412792 DES-style,450,0.02509,0.97489,-0.20635226805264836,0.3585046615430874,0.24769646640893528,-0.1175983127196453,-0.10991141694220019,,,
108,catalog_bin_median_delta,LCDM fixed H0=70 Om=0.3,450,0.02509,0.97489,-0.21763747493605456,0.3379939884655394,0.24685110985153955,-0.1416660490732696,-0.13990618533648913,,,
108,catalog_linear_z_delta,STAM b=354.95 union-style,450,0.02509,0.97489,-0.07998758626275501,0.25864656557119126,0.2114512382303625,0.01763372911126723,0.0010088292416270406,0.5006289190541617,-0.709224342700341,
108,catalog_linear_z_delta,STAM b=461.3626922 original,450,0.02509,0.97489,-0.09416309180943108,0.264429415927082,0.21627916682382836,0.0038411494991674997,-0.01167674171212596,0.5006289190541617,-0.709224342700341,
108,catalog_linear_z_delta,STAM b=1335.412792 DES-style,450,0.02509,0.97489,-0.20719229931968017,0.32927862938615704,0.2715211277861815,-0.10622449954917607,-0.11727793705443901,0.5006289190541617,-0.709224342700341,
108,catalog_linear_z_delta,LCDM fixed H0=70 Om=0.3,450,0.02509,0.97489,-0.2184775062030864,0.3109920467514448,0.2657205053941298,-0.13029223590280037,-0.16356967127202893,0.5006289190541617,-0.709224342700341,
108,catalog_quadratic_z_delta,STAM b=354.95 union-style,450,0.02509,0.97489,-0.08210154385082358,0.28984289523099405,0.22208494790007433,0.011462765717393464,0.02266942713893627,0.6903936041154684,-2.5208356960182035,2.4597991371974537
108,catalog_quadratic_z_delta,STAM b=461.3626922 original,450,0.02509,0.97489,-0.09627704939749966,0.29498985056574045,0.2238892279439768,-0.0023298138947062657,0.00839238657407293,0.6903936041154684,-2.5208356960182035,2.4597991371974537
108,catalog_quadratic_z_delta,STAM b=1335.412792 DES-style,450,0.02509,0.97489,-0.2093062569077487,0.3541334579494125,0.26533722734989923,-0.11239546294304983,-0.10086735042811412,0.6903936041154684,-2.5208356960182035,2.4597991371974537
108,catalog_quadratic_z_delta,LCDM fixed H0=70 Om=0.3,450,0.02509,0.97489,-0.22059146379115496,0.32985114191539455,0.2587460904345027,-0.13646319929667414,-0.13567580818647684,0.6903936041154684,-2.5208356960182035,2.4597991371974537
108,raw_no_catalog_correction,STAM b=354.95 union-style,450,0.02509,0.97489,0.13820267011284776,0.20494282397510927,0.16283475577793707,0.18980298260746506,0.15606006359618974,,,
108,raw_no_catalog_correction,STAM b=461.3626922 original,450,0.02509,0.97489,0.12402716456617169,0.19585687357191361,0.15339866543346378,0.17601040299536533,0.14250282914592205,,,
108,raw_no_catalog_correction,STAM b=1335.412792 DES-style,450,0.02509,0.97489,0.010997957055922603,0.15432591962224576,0.12095208167399037,0.06594475394702176,0.030201074390486582,,,
108,raw_no_catalog_correction,LCDM fixed H0=70 Om=0.3,450,0.02509,0.97489,-0.00028724982748362107,0.1481137807324245,0.1153330234873925,0.04187701759339745,0.007932147293374214,,,
109,catalog_bin_median_delta,STAM b=354.95 union-style,450,0.0251,0.98846,-0.09748485348116635,0.2919330544894328,0.20488192579281655,0.009652641215150498,0.009325300555335758,,,
109,catalog_bin_median_delta,STAM b=461.3626922 original,450,0.0251,0.98846,-0.11171896437237762,0.29777073861351794,0.20827447669859825,-0.004139432867812869,-0.004304754384246934,,,
109,catalog_bin_median_delta,STAM b=1335.412792 DES-style,450,0.0251,0.98846,-0.225200631870155,0.3614303423151751,0.26219237101035336,-0.11420109360834677,-0.11313501889484101,,,
109,catalog_bin_median_delta,LCDM fixed H0=70 Om=0.3,450,0.0251,0.98846,-0.2337085840581102,0.3401619859031668,0.25983255820438705,-0.1382286157100094,-0.1442529403694479,,,
109,catalog_linear_z_delta,STAM b=354.95 union-style,450,0.0251,0.98846,-0.0982291253247985,0.26510041527455047,0.21341570682714067,0.019092330343738712,-0.003823919524016617,0.4955579096247049,-0.688533940463745,
109,catalog_linear_z_delta,STAM b=461.3626922 original,450,0.0251,0.98846,-0.11246323621600979,0.2717287678077281,0.21918376103635154,0.005300256260775345,-0.01764544134233148,0.4955579096247049,-0.688533940463745,
109,catalog_linear_z_delta,STAM b=1335.412792 DES-style,450,0.0251,0.98846,-0.22594490371378717,0.3416274777802568,0.2843678158166443,-0.10476140447975855,-0.127034248817548,0.4955579096247049,-0.688533940463745,
109,catalog_linear_z_delta,LCDM fixed H0=70 Om=0.3,450,0.0251,0.98846,-0.23445285590174236,0.32262502436025725,0.27888658993460386,-0.12878892658142121,-0.16403274958345904,0.4955579096247049,-0.688533940463745,
109,catalog_quadratic_z_delta,STAM b=354.95 union-style,450,0.0251,0.98846,-0.10404655345828924,0.29163013278568733,0.2243864981322093,0.012791106912469716,0.013745243447925048,0.6775754209791521,-2.426185969690626,2.3593774428569323
109,catalog_quadratic_z_delta,STAM b=461.3626922 original,450,0.0251,0.98846,-0.11828066434950049,0.29786149223179603,0.22816302339674238,-0.001000967170493649,-8.192713593757617e-06,0.6775754209791521,-2.426185969690626,2.3593774428569323
109,catalog_quadratic_z_delta,STAM b=1335.412792 DES-style,450,0.0251,0.98846,-0.2317623318472779,0.3640253635427996,0.28056148256182506,-0.11106262791102756,-0.10680190770913711,0.6775754209791521,-2.426185969690626,2.3593774428569323
109,catalog_quadratic_z_delta,LCDM fixed H0=70 Om=0.3,450,0.0251,0.98846,-0.24027028403523312,0.3391439904308,0.2733541975992083,-0.1350901500126902,-0.14819325022865115,0.6775754209791521,-2.426185969690626,2.3593774428569323
109,raw_no_catalog_correction,STAM b=354.95 union-style,450,0.0251,0.98846,0.12941299191671599,0.20175729392008993,0.15777006579774883,0.19567246343737238,0.15486965299060174,,,
109,raw_no_catalog_correction,STAM b=461.3626922 original,450,0.0251,0.98846,0.11517888102550473,0.19312575499265733,0.14961936191721356,0.18188038935440898,0.1421661625863564,,,
109,raw_no_catalog_correction,STAM b=1335.412792 DES-style,450,0.0251,0.98846,0.0016972135277273709,0.15729031694533702,0.1232519115412375,0.07181872861387509,0.02828557533802467,,,
109,raw_no_catalog_correction,LCDM fixed H0=70 Om=0.3,450,0.0251,0.98846,-0.0068107386602278466,0.15377805838419442,0.11975053216580864,0.047791206512212435,0.006582744808394381,,,
110,catalog_bin_median_delta,STAM b=354.95 union-style,450,0.02509,0.96859,-0.08544989233592201,0.2920433234211017,0.19692219688258397,-0.0005253047121079627,0.006408670892842139,,,
110,catalog_bin_median_delta,STAM b=461.3626922 original,450,0.02509,0.96859,-0.09970306834700277,0.29719069057881575,0.19941311665766284,-0.014321580470864587,-0.007473894871633746,,,
110,catalog_bin_median_delta,STAM b=1335.412792 DES-style,450,0.02509,0.96859,-0.21333399590146182,0.3564683936001103,0.24971518342233626,-0.12441590996010166,-0.11697082644290901,,,
110,catalog_bin_median_delta,LCDM fixed H0=70 Om=0.3,450,0.02509,0.96859,-0.22248395993686293,0.3389712602588382,0.2548631728207022,-0.14842792057354587,-0.15526148573476206,,,
110,catalog_linear_z_delta,STAM b=354.95 union-style,450,0.02509,0.96859,-0.10279647910257263,0.25650656129389016,0.206161897672835,0.006206719499146216,-0.003443838697787527,0.49410381164581324,-0.6843965415708037,
110,catalog_linear_z_delta,STAM b=461.3626922 original,450,0.02509,0.96859,-0.11704965511365337,0.26353668394664626,0.21205187967315903,-0.007589556259610409,-0.017041955923193797,0.49410381164581324,-0.6843965415708037,
110,catalog_linear_z_delta,STAM b=1335.412792 DES-style,450,0.02509,0.96859,-0.23068058266811237,0.33636634347269084,0.27978664736125586,-0.11768388574884749,-0.1242659642034134,0.49410381164581324,-0.6843965415708037,
110,catalog_linear_z_delta,LCDM fixed H0=70 Om=0.3,450,0.02509,0.96859,-0.23983054670351353,0.31950332034787704,0.275385845073363,-0.1416958963622917,-0.16537699760918656,0.49410381164581324,-0.6843965415708037,
110,catalog_quadratic_z_delta,STAM b=354.95 union-style,450,0.02509,0.96859,-0.10103806287262662,0.27841156972895664,0.20972215800688587,0.001625970226175721,0.004241571667883193,0.6722489975660858,-2.3850809510425863,2.3091829466636447
110,catalog_quadratic_z_delta,STAM b=461.3626922 original,450,0.02509,0.96859,-0.11529123888370739,0.28473737401484667,0.2136291062255103,-0.012170305532580904,-0.009238716865727525,0.6722489975660858,-2.3850809510425863,2.3091829466636447
110,catalog_quadratic_z_delta,STAM b=1335.412792 DES-style,450,0.02509,0.96859,-0.22892216643816646,0.3521674720377274,0.26710120995009645,-0.12226463502181797,-0.11470465969583188,0.6722489975660858,-2.3850809510425863,2.3091829466636447
110,catalog_quadratic_z_delta,LCDM fixed H0=70 Om=0.3,450,0.02509,0.96859,-0.23807213047356757,0.32899446723334613,0.2632378428628061,-0.14627664563526221,-0.15765725792793006,0.6722489975660858,-2.3850809510425863,2.3091829466636447
110,raw_no_catalog_correction,STAM b=354.95 union-style,450,0.02509,0.96859,0.12809488274553432,0.1945783851058289,0.1579509855971227,0.18386211751011375,0.1470407587936151,,,
110,raw_no_catalog_correction,STAM b=461.3626922 original,450,0.02509,0.96859,0.11384170673445357,0.1856766988845869,0.14889577670937099,0.1700658417513571,0.13057384154627982,,,
110,raw_no_catalog_correction,STAM b=1335.412792 DES-style,450,0.02509,0.96859,0.00021077917999452834,0.14879635723821635,0.11351759476392778,0.05997151226212005,0.01964932609608283,,,
110,raw_no_catalog_correction,LCDM fixed H0=70 Om=0.3,450,0.02509,0.96859,-0.008939184855406622,0.14627313143500942,0.11448348463828864,0.03595950164867583,-0.0035295087476825415,,,
111,catalog_bin_median_delta,STAM b=354.95 union-style,450,0.0251,0.98,-0.08887038383485554,0.28482263514453887,0.19174745540044552,0.0014014042857140889,0.013999004615804722,,,
111,catalog_bin_median_delta,STAM b=461.3626922 original,450,0.0251,0.98,-0.10299411290935348,0.2902641976210829,0.19459284782308883,-0.012402377491292513,0.00016693717539695285,,,
111,catalog_bin_median_delta,STAM b=1335.412792 DES-style,450,0.0251,0.98,-0.21562205625548098,0.3514449232147572,0.24636405383788332,-0.12255516827825214,-0.11015708755542875,,,
111,catalog_bin_median_delta,LCDM fixed H0=70 Om=0.3,450,0.0251,0.98,-0.22825921167737906,0.33425894464951883,0.2490470027421494,-0.14660316826541242,-0.14272362859979992,,,
111,catalog_linear_z_delta,STAM b=354.95 union-style,450,0.0251,0.98,-0.08683966619785446,0.2535782011323057,0.20284960344143002,0.010828339332083993,-0.008297672773078801,0.5119487794090593,-0.7160829137261784,
111,catalog_linear_z_delta,STAM b=461.3626922 original,450,0.0251,0.98,-0.1009633952723524,0.25978200789248435,0.20761194209302947,-0.0029754424449226096,-0.021676451835656252,0.5119487794090593,-0.7160829137261784,
111,catalog_linear_z_delta,STAM b=1335.412792 DES-style,450,0.0251,0.98,-0.21359133861847981,0.32736763882518183,0.26811485524790624,-0.11312823323188223,-0.12963943526478872,0.5119487794090593,-0.7160829137261784,
111,catalog_linear_z_delta,LCDM fixed H0=70 Om=0.3,450,0.0251,0.98,-0.2262284940403779,0.31143846781530704,0.26570012359067074,-0.1371762332190425,-0.1732091151720354,0.5119487794090593,-0.7160829137261784,
111,catalog_quadratic_z_delta,STAM b=354.95 union-style,450,0.0251,0.98,-0.08932295535082184,0.2820674963195634,0.2083251080489916,0.008247394808806598,0.02673876005904674,0.7082527727066679,-2.5901225583770793,2.5445640382765298
111,catalog_quadratic_z_delta,STAM b=461.3626922 original,450,0.0251,0.98,-0.10344668442531979,0.2876988207540552,0.21078027515817446,-0.0055563869682000045,0.014094216483400146,0.7082527727066679,-2.5901225583770793,2.5445640382765298
111,catalog_quadratic_z_delta,STAM b=1335.412792 DES-style,450,0.0251,0.98,-0.21607462777144718,0.35020733406561455,0.2583691550370413,-0.11570917775515963,-0.09841705872256412,0.7082527727066679,-2.5901225583770793,2.5445640382765298
111,catalog_quadratic_z_delta,LCDM fixed H0=70 Om=0.3,450,0.0251,0.98,-0.2287117831933453,0.32794721932046317,0.25530928283758253,-0.13975717774231988,-0.13430783045035355,0.7082527727066679,-2.5901225583770793,2.5445640382765298
111,raw_no_catalog_correction,STAM b=354.95 union-style,450,0.0251,0.98,0.13350511965310952,0.19905818937918648,0.16466493615255381,0.19282387095238065,0.16489162340292296,,,
111,raw_no_catalog_correction,STAM b=461.3626922 original,450,0.0251,0.98,0.1193813905786116,0.1900003472634058,0.15530004861509283,0.17902008917537407,0.15221613234013276,,,
111,raw_no_catalog_correction,STAM b=1335.412792 DES-style,450,0.0251,0.98,0.006753447232484153,0.14965721885307623,0.1126631907934316,0.06886729838841443,0.04023497121019304,,,
111,raw_no_catalog_correction,LCDM fixed H0=70 Om=0.3,450,0.0251,0.98,-0.005883708189413943,0.14848870111369708,0.11499618650507716,0.044819298401254176,0.011535513519060459,,,
112,catalog_bin_median_delta,STAM b=354.95 union-style,450,0.02509,0.98536,-0.10090675722187117,0.29410379842878803,0.19597778355809795,-0.0059022078859730384,0.006793697817585098,,,
112,catalog_bin_median_delta,STAM b=461.3626922 original,450,0.02509,0.98536,-0.1151760718791367,0.30007684060035883,0.1985047178976,-0.01969020761280332,-0.006467277842368446,,,
112,catalog_bin_median_delta,STAM b=1335.412792 DES-style,450,0.02509,0.98536,-0.2289302296972212,0.36459313489623224,0.258108482568865,-0.1297204986094465,-0.11885597183096763,,,
112,catalog_bin_median_delta,LCDM fixed H0=70 Om=0.3,450,0.02509,0.98536,-0.2362781528285014,0.34236218111365735,0.25626618336761914,-0.15401397375947137,-0.14883739345505376,,,
112,catalog_linear_z_delta,STAM b=354.95 union-style,450,0.02509,0.98536,-0.10642487076466668,0.2589849303810273,0.21024045348152712,0.003806927831002835,-0.02597578723484517,0.49370730942655583,-0.6858565185643773,
112,catalog_linear_z_delta,STAM b=461.3626922 original,450,0.02509,0.98536,-0.12069418542193217,0.2662373598342,0.216607451349628,-0.009981071895827446,-0.039708287978346135,0.49370730942655583,-0.6858565185643773,
112,catalog_linear_z_delta,STAM b=1335.412792 DES-style,450,0.02509,0.98536,-0.23444834324001668,0.34032500556555784,0.28352866189428505,-0.12001136289247065,-0.14888472164839683,0.49370730942655583,-0.6858565185643773,
112,catalog_linear_z_delta,LCDM fixed H0=70 Om=0.3,450,0.02509,0.98536,-0.24179626637129692,0.3197636371938493,0.27758137040113573,-0.14430483804249547,-0.19193676255792624,0.49370730942655583,-0.6858565185643773,
112,catalog_quadratic_z_delta,STAM b=354.95 union-style,450,0.02509,0.98536,-0.11254185412969127,0.2881248629801262,0.21453524672605245,-0.0011319216388490044,0.005477524948915402,0.6757806578461715,-2.4240416030389325,2.360101223283627
112,catalog_quadratic_z_delta,STAM b=461.3626922 original,450,0.02509,0.98536,-0.12681116878695678,0.29486511028896695,0.21826980249792294,-0.014919921365679285,-0.00932391532768051,0.6757806578461715,-2.4240416030389325,2.360101223283627
112,catalog_quadratic_z_delta,STAM b=1335.412792 DES-style,450,0.02509,0.98536,-0.24056532660504126,0.3644825866512019,0.2759956340147024,-0.1249502123623225,-0.11799871071911738,0.6757806578461715,-2.4240416030389325,2.360101223283627
112,catalog_quadratic_z_delta,LCDM fixed H0=70 Om=0.3,450,0.02509,0.98536,-0.24791324973632145,0.3384181452654425,0.2710730349712794,-0.14924368751234732,-0.154210555718862,0.6757806578461715,-2.4240416030389325,2.360101223283627
112,raw_no_catalog_correction,STAM b=354.95 union-style,450,0.02509,0.98536,0.12447258510076299,0.1840123919908777,0.14746435876616112,0.17942274766958202,0.141123424859515,,,
112,raw_no_catalog_correction,STAM b=461.3626922 original,450,0.02509,0.98536,0.1102032704434975,0.1749102296132357,0.13878961021805378,0.16563474794275174,0.12560610964646912,,,
112,raw_no_catalog_correction,STAM b=1335.412792 DES-style,450,0.02509,0.98536,-0.0035508873745870393,0.13868700891704486,0.10581486909775446,0.055604456946108535,0.014672741668753986,,,
112,raw_no_catalog_correction,LCDM fixed H0=70 Om=0.3,450,0.02509,0.98536,-0.01089881050586722,0.1327325395365761,0.10127838859232502,0.031310981796083694,-0.0021794588334458354,,,
113,catalog_bin_median_delta,STAM b=354.95 union-style,450,0.02509,0.99268,-0.08453779501570126,0.29775563881715944,0.20190759644013773,-0.006964372158111397,0.011068456904304469,,,
113,catalog_bin_median_delta,STAM b=461.3626922 original,450,0.02509,0.99268,-0.09874041486699772,0.30279207996336166,0.20349158298391537,-0.02075289635323303,-0.0023695188747261398,,,
113,catalog_bin_median_delta,STAM b=1335.412792 DES-style,450,0.02509,0.99268,-0.21197998495465376,0.360910681384455,0.24929223465124123,-0.13078729303167191,-0.10909764592608084,,,
113,catalog_bin_median_delta,LCDM fixed H0=70 Om=0.3,450,0.02509,0.99268,-0.2227586302240307,0.341184125334234,0.2502805960876127,-0.1551024622397919,-0.13815683329520212,,,
113,catalog_linear_z_delta,STAM b=354.95 union-style,450,0.02509,0.99268,-0.08437812180247205,0.24464281754538603,0.19743978499661513,0.004484567041836414,-0.00824097525233114,0.4871666350298776,-0.6847262887631342,
113,catalog_linear_z_delta,STAM b=461.3626922 original,450,0.02509,0.99268,-0.09858074165376854,0.2508978344552618,0.20290976160484223,-0.009303957153285218,-0.022295767514172837,0.4871666350298776,-0.6847262887631342,
113,catalog_linear_z_delta,STAM b=1335.412792 DES-style,450,0.02509,0.99268,-0.21182031174142454,0.31954804746714605,0.2631471922118997,-0.11933835383172411,-0.13004634787083447,0.4871666350298776,-0.6847262887631342,
113,catalog_linear_z_delta,LCDM fixed H0=70 Om=0.3,450,0.02509,0.99268,-0.22259895701080148,0.30316017509098914,0.25831986360765924,-0.1436535230398441,-0.17267457874446634,0.4871666350298776,-0.6847262887631342,
113,catalog_quadratic_z_delta,STAM b=354.95 union-style,450,0.02509,0.99268,-0.08288245440851183,0.28148656035309166,0.2146587195645201,-0.0005621708558159513,0.019307933214641082,0.6893389107309742,-2.6147881960557875,2.6206308574966974
113,catalog_quadratic_z_delta,STAM b=461.3626922 original,450,0.02509,0.99268,-0.09708507425980831,0.28676660134531146,0.21664398989741623,-0.014350695050937582,0.005393007400261496,0.6893389107309742,-2.6147881960557875,2.6206308574966974
113,catalog_quadratic_z_delta,STAM b=1335.412792 DES-style,450,0.02509,0.99268,-0.21032464434746434,0.3472880912724082,0.2621678935316319,-0.12438509172937648,-0.1053897352470905,0.6893389107309742,-2.6147881960557875,2.6206308574966974
113,catalog_quadratic_z_delta,LCDM fixed H0=70 Om=0.3,450,0.02509,0.99268,-0.22110328961684128,0.324129033693966,0.2566237547560804,-0.1487002609374965,-0.14113319953199266,0.6893389107309742,-2.6147881960557875,2.6206308574966974
113,raw_no_catalog_correction,STAM b=354.95 union-style,450,0.02509,0.99268,0.13356397571160658,0.19834484282058934,0.1582579498671877,0.17418091673077646,0.1485225351930488,,,
113,raw_no_catalog_correction,STAM b=461.3626922 original,450,0.02509,0.99268,0.11936135586031012,0.1891890793544221,0.14932198864470508,0.16039239253565485,0.13461038007348236,,,
113,raw_no_catalog_correction,STAM b=1335.412792 DES-style,450,0.02509,0.99268,0.006121785772654061,0.14851165612998754,0.11327726908680719,0.05035799585721596,0.022513199320879806,,,
113,raw_no_catalog_correction,LCDM fixed H0=70 Om=0.3,450,0.02509,0.99268,-0.004656859496722893,0.14666955197981182,0.11155554321677429,0.026042826649095963,0.0023204700293888436,,,
114,catalog_bin_median_delta,STAM b=354.95 union-style,450,0.02748,0.98846,-0.08785084567541517,0.3045569260640963,0.2087301319352771,0.010122747653950988,0.019732676153516593,,,
114,catalog_bin_median_delta,STAM b=461.3626922 original,450,0.02748,0.98846,-0.10207652227489743,0.30962441375504074,0.21064762584236585,-0.003675069067466631,0.005212228254883655,,,
114,catalog_bin_median_delta,STAM b=1335.412792 DES-style,450,0.02748,0.98846,-0.21549421144536776,0.3676826395083185,0.25368980580333655,-0.11378170523450265,-0.10321871572490338,,,
114,catalog_bin_median_delta,LCDM fixed H0=70 Om=0.3,450,0.02748,0.98846,-0.22527513998395304,0.34982180561334825,0.26070481989064903,-0.13802472774990537,-0.1375545390399786,,,
114,catalog_linear_z_delta,STAM b=354.95 union-style,450,0.02748,0.98846,-0.08905908972811302,0.24492260522581322,0.1954379519388295,0.0184669167037018,-0.017367266268003334,0.48317411030390983,-0.6661239435810201,
114,catalog_linear_z_delta,STAM b=461.3626922 original,450,0.02748,0.98846,-0.10328476632759534,0.2514229061083744,0.20110157199965492,0.004669099982284182,-0.031263595398804966,0.48317411030390983,-0.6661239435810201,
114,catalog_linear_z_delta,STAM b=1335.412792 DES-style,450,0.02748,0.98846,-0.21670245549806563,0.32161258259669795,0.26661219494170224,-0.10543753618475184,-0.14215955269675007,0.48317411030390983,-0.6661239435810201,
114,catalog_linear_z_delta,LCDM fixed H0=70 Om=0.3,450,0.02748,0.98846,-0.22648338403665097,0.3057007753141056,0.2634771820434491,-0.12968055870015457,-0.17918734441328255,0.48317411030390983,-0.6661239435810201,
114,catalog_quadratic_z_delta,STAM b=354.95 union-style,450,0.02748,0.98846,-0.08808015214896119,0.27384123573187136,0.2044531207135505,0.015056310058903443,0.016072222836051253,0.6723375625756813,-2.471995555876168,2.452005738249301
114,catalog_quadratic_z_delta,STAM b=461.3626922 original,450,0.02748,0.98846,-0.1023058287484435,0.2795570168169089,0.20744845780301446,0.001258493337485823,0.002650968546891619,0.6723375625756813,-2.471995555876168,2.452005738249301
114,catalog_quadratic_z_delta,STAM b=1335.412792 DES-style,450,0.02748,0.98846,-0.21572351791891375,0.3433193534772443,0.25979404131769007,-0.1088481428295502,-0.10665022272843316,0.6723375625756813,-2.471995555876168,2.452005738249301
114,catalog_quadratic_z_delta,LCDM fixed H0=70 Om=0.3,450,0.02748,0.98846,-0.2255044464574991,0.31998021506052765,0.2551760501657669,-0.13309116534495294,-0.14663882697940878,0.6723375625756813,-2.471995555876168,2.452005738249301
114,raw_no_catalog_correction,STAM b=354.95 union-style,450,0.02748,0.98846,0.1346877939441085,0.20095268838218577,0.1640579806774417,0.1939949698761725,0.1618313188382885,,,
114,raw_no_catalog_correction,STAM b=461.3626922 original,450,0.02748,0.98846,0.12046211734462624,0.19181520206733219,0.15566252437485514,0.18019715315475493,0.14824273035925017,,,
114,raw_no_catalog_correction,STAM b=1335.412792 DES-style,450,0.02748,0.98846,0.007044428174155947,0.15093635229205205,0.1147897996709215,0.07009051698771888,0.03724848672390735,,,
114,raw_no_catalog_correction,LCDM fixed H0=70 Om=0.3,450,0.02748,0.98846,-0.002736500364429408,0.1512871419314262,0.1169522179494796,0.045847494472316154,0.010585140698754714,,,
115,catalog_bin_median_delta,STAM b=354.95 union-style,450,0.0251,0.98846,-0.08406530105882698,0.2983863645226338,0.1928352406806437,-0.0021438710090648763,0.01367917022133014,,,
115,catalog_bin_median_delta,STAM b=461.3626922 original,450,0.0251,0.98846,-0.09826514885771093,0.3033295797036099,0.1944400760833483,-0.015933695722637302,-0.0003961459534842504,,,
115,catalog_bin_median_delta,STAM b=1335.412792 DES-style,450,0.0251,0.98846,-0.21148205897343947,0.36081874379859896,0.2455065997769366,-0.12597791865930305,-0.10857765433657818,,,
115,catalog_bin_median_delta,LCDM fixed H0=70 Om=0.3,450,0.0251,0.98846,-0.22145703305991774,0.34288213035563564,0.2496446567004454,-0.15007162401033675,-0.14210023280059048,,,
115,catalog_linear_z_delta,STAM b=354.95 union-style,450,0.0251,0.98846,-0.09811602404308252,0.25287320343029085,0.20302686528526026,0.007380851288842334,-0.010261828511193727,0.4937018418230919,-0.6862307195040765,
115,catalog_linear_z_delta,STAM b=461.3626922 original,450,0.0251,0.98846,-0.1123158718419665,0.25976370193989406,0.2080967330343274,-0.006408973424730091,-0.02331299697654643,0.4937018418230919,-0.6862307195040765,
115,catalog_linear_z_delta,STAM b=1335.412792 DES-style,450,0.0251,0.98846,-0.22553278195769505,0.3317782784387237,0.2712136653036209,-0.11645319636139585,-0.13227314806107415,0.4937018418230919,-0.6862307195040765,
115,catalog_linear_z_delta,LCDM fixed H0=70 Om=0.3,450,0.0251,0.98846,-0.23550775604417334,0.31271246503393124,0.2683640878350804,-0.1405469017124295,-0.17494184072563357,0.4937018418230919,-0.6862307195040765,
115,catalog_quadratic_z_delta,STAM b=354.95 union-style,450,0.0251,0.98846,-0.10179421372566495,0.292739123606455,0.21855299163536418,0.0013791132810488844,0.020188493576714706,0.6922389959689514,-2.5815895023558983,2.573511084593267
115,catalog_quadratic_z_delta,STAM b=461.3626922 original,450,0.0251,0.98846,-0.1159940615245489,0.29880762726412335,0.2216472617418137,-0.01241071143252354,0.006777412668636629,0.6922389959689514,-2.5815895023558983,2.573511084593267
115,catalog_quadratic_z_delta,STAM b=1335.412792 DES-style,450,0.0251,0.98846,-0.22921097164027743,0.36379385621697985,0.2740725295919559,-0.12245493436918929,-0.1015569561926668,0.6922389959689514,-2.5815895023558983,2.573511084593267
115,catalog_quadratic_z_delta,LCDM fixed H0=70 Om=0.3,450,0.0251,0.98846,-0.23918594572675575,0.33899472721487633,0.2702441796799228,-0.14654863972022295,-0.14210479196270853,0.6922389959689514,-2.5815895023558983,2.573511084593267
115,raw_no_catalog_correction,STAM b=354.95 union-style,450,0.0251,0.98846,0.12484952644608939,0.18707900188294316,0.14657163588385114,0.18294526232426633,0.142016685969665,,,
115,raw_no_catalog_correction,STAM b=461.3626922 original,450,0.0251,0.98846,0.11064967864720546,0.17811186029614082,0.1373036468520474,0.16915543761069393,0.12685940808907503,,,
115,raw_no_catalog_correction,STAM b=1335.412792 DES-style,450,0.0251,0.98846,-0.002567231468523121,0.1419869771701267,0.10803510237432493,0.059111214674028155,0.017504270201968097,,,
115,raw_no_catalog_correction,LCDM fixed H0=70 Om=0.3,450,0.0251,0.98846,-0.012542205555001365,0.13619606851006757,0.10262033756445064,0.03501750932299449,0.00012223688344903394,,,
116,catalog_bin_median_delta,STAM b=354.95 union-style,450,0.0251,0.98536,-0.07274344103894965,0.27760465185731,0.1891602432902176,0.004163026000411745,0.007979570707917105,,,
116,catalog_bin_median_delta,STAM b=461.3626922 original,450,0.0251,0.98536,-0.08693666684886743,0.2822655426734073,0.1903867470272423,-0.009635283981921058,-0.005703995669566808,,,
116,catalog_bin_median_delta,STAM b=1335.412792 DES-style,450,0.0251,0.98536,-0.20010275899636346,0.3390310322316394,0.23721286311287113,-0.11974581854397826,-0.11518083191035444,,,
116,catalog_bin_median_delta,LCDM fixed H0=70 Om=0.3,450,0.0251,0.98536,-0.2105994678836587,0.32337859685831155,0.24279381260015698,-0.14404213362428087,-0.14930325265546784,,,
116,catalog_linear_z_delta,STAM b=354.95 union-style,450,0.0251,0.98536,-0.08161842558373388,0.23521361656849168,0.1903416724720221,0.01221791019888932,-0.015824633184401193,0.46065154408230546,-0.6318546407139831,
116,catalog_linear_z_delta,STAM b=461.3626922 original,450,0.0251,0.98536,-0.09581165139365162,0.24148357537850326,0.1957787627782791,-0.0015803997834434825,-0.02934278698210946,0.46065154408230546,-0.6318546407139831,
116,catalog_linear_z_delta,STAM b=1335.412792 DES-style,450,0.0251,0.98536,-0.20897774354114768,0.31078097590768383,0.2585256159166655,-0.11169093434550069,-0.14091869949286817,0.46065154408230546,-0.6318546407139831,
116,catalog_linear_z_delta,LCDM fixed H0=70 Om=0.3,450,0.0251,0.98536,-0.2194744524284429,0.29591064495115404,0.25603503504953906,-0.13598724942580329,-0.1784784956651677,0.46065154408230546,-0.6318546407139831,
116,catalog_quadratic_z_delta,STAM b=354.95 union-style,450,0.0251,0.98536,-0.08469626061172282,0.26560094788541067,0.20406221299575952,0.009808036306940788,0.01777578382918321,0.6456759093601814,-2.398211961990814,2.398353381315341
116,catalog_quadratic_z_delta,STAM b=461.3626922 original,450,0.0251,0.98536,-0.09888948642164058,0.27120435827755995,0.20692405381238355,-0.003990273675392015,0.0038549857692338207,0.6456759093601814,-2.398211961990814,2.398353381315341
116,catalog_quadratic_z_delta,STAM b=1335.412792 DES-style,450,0.0251,0.98536,-0.21205557856913662,0.33463603064022773,0.2562793975360499,-0.11410080823744921,-0.10659414918511345,0.6456759093601814,-2.398211961990814,2.398353381315341
116,catalog_quadratic_z_delta,LCDM fixed H0=70 Om=0.3,450,0.0251,0.98536,-0.22255228745643182,0.31374501073269906,0.2516299747497809,-0.1383971233177518,-0.14432782159890323,0.6456759093601814,-2.398211961990814,2.398353381315341
116,raw_no_catalog_correction,STAM b=354.95 union-style,450,0.0251,0.98536,0.12917313854768295,0.1957705830002759,0.15614901655158633,0.1811709371115226,0.14166941671683375,,,
116,raw_no_catalog_correction,STAM b=461.3626922 original,450,0.0251,0.98536,0.1149799127377652,0.18681084841622514,0.14716085036045481,0.1673726271291898,0.12683681014672743,,,
116,raw_no_catalog_correction,STAM b=1335.412792 DES-style,450,0.0251,0.98536,0.0018138205902691372,0.14868345017471327,0.114609309734382,0.0572620925671326,0.013319011376214718,,,
116,raw_no_catalog_correction,LCDM fixed H0=70 Om=0.3,450,0.0251,0.98536,-0.008682888297026087,0.14842035728139127,0.11411005063253807,0.03296577748683,-0.004607825752778183,,,
117,catalog_bin_median_delta,STAM b=354.95 union-style,450,0.0251,0.99268,-0.0757049907459166,0.2940399403285029,0.19400823312114648,-0.014867488511943397,0.0162743757328343,,,
117,catalog_bin_median_delta,STAM b=461.3626922 original,450,0.0251,0.99268,-0.08993265470485394,0.29864268858682425,0.1946311399540874,-0.02866539613925773,0.0030185954753463307,,,
117,catalog_bin_median_delta,STAM b=1335.412792 DES-style,450,0.0251,0.99268,-0.20336514768200578,0.3542052315965501,0.2370919064070457,-0.13877237204370002,-0.10802606495543543,,,
117,catalog_bin_median_delta,LCDM fixed H0=70 Om=0.3,450,0.0251,0.99268,-0.21261054564723578,0.3366495897170127,0.24120383624336647,-0.16274094328452413,-0.1456329226528581,,,
117,catalog_linear_z_delta,STAM b=354.95 union-style,450,0.0251,0.99268,-0.09538872130924113,0.2540833754592071,0.20489464307559116,-0.007222279617399181,-0.009647744256731983,0.49163020910405036,-0.6833985543506108,
117,catalog_linear_z_delta,STAM b=461.3626922 original,450,0.0251,0.99268,-0.10961638526817852,0.26078871176300256,0.21040564012065513,-0.021020187244713513,-0.023335607989800167,0.49163020910405036,-0.6833985543506108,
117,catalog_linear_z_delta,STAM b=1335.412792 DES-style,450,0.0251,0.99268,-0.22304887824533035,0.3317063524411738,0.2738154362459528,-0.13112716314915582,-0.12961548967343361,0.49163020910405036,-0.6833985543506108,
117,catalog_linear_z_delta,LCDM fixed H0=70 Om=0.3,450,0.0251,0.99268,-0.2322942762105603,0.31334293954989056,0.26901705933931414,-0.1550957343899799,-0.17210365035399633,0.49163020910405036,-0.6833985543506108,
117,catalog_quadratic_z_delta,STAM b=354.95 union-style,450,0.0251,0.99268,-0.0991834344676946,0.2870143953426223,0.21411449790704873,-0.012293507878538258,0.010129782657600117,0.682550213780176,-2.5060393051047773,2.4747748118905633
117,catalog_quadratic_z_delta,STAM b=461.3626922 original,450,0.0251,0.99268,-0.11341109842663197,0.2930364550085795,0.2175909198467519,-0.02609141550585259,-0.0040920249462814695,0.682550213780176,-2.5060393051047773,2.4747748118905633
117,catalog_quadratic_z_delta,STAM b=1335.412792 DES-style,450,0.0251,0.99268,-0.22684359140378377,0.3580780739578515,0.2700211687048849,-0.13619839141029488,-0.11067742512530288,0.682550213780176,-2.5060393051047773,2.4747748118905633
117,catalog_quadratic_z_delta,LCDM fixed H0=70 Om=0.3,450,0.0251,0.99268,-0.23608898936901374,0.3343677767417628,0.2649907627806102,-0.16016696265111896,-0.15064906668371592,0.682550213780176,-2.5060393051047773,2.4747748118905633
117,raw_no_catalog_correction,STAM b=354.95 union-style,450,0.0251,0.99268,0.1298980679885808,0.19536584008841645,0.15643446287872972,0.16860833371027786,0.1436460755204152,,,
117,raw_no_catalog_correction,STAM b=461.3626922 original,450,0.0251,0.99268,0.11567040402964344,0.18637734449618396,0.14704480308247542,0.15481042608296353,0.12895755673654463,,,
117,raw_no_catalog_correction,STAM b=1335.412792 DES-style,450,0.0251,0.99268,0.0022379110524916247,0.14826473604080337,0.11257075626175717,0.04470345017852124,0.01484936456576591,,,
117,raw_no_catalog_correction,LCDM fixed H0=70 Om=0.3,450,0.0251,0.99268,-0.007007486912738344,0.14366368838004057,0.10896465740273721,0.020734878937697154,-0.005310510829907855,,,
118,catalog_bin_median_delta,STAM b=354.95 union-style,450,0.0251,0.98846,-0.1020794321304031,0.3131675633799903,0.20808468448639272,-0.010905109652746556,0.010435769566893072,,,
118,catalog_bin_median_delta,STAM b=461.3626922 original,450,0.0251,0.98846,-0.11632138333469591,0.3188609640822141,0.2108736460964422,-0.024699125337525187,-0.0029831116980751915,,,
118,catalog_bin_median_delta,STAM b=1335.412792 DES-style,450,0.0251,0.98846,-0.22986447014527212,0.38063845335540386,0.26607072791940767,-0.13477600401476617,-0.11422526809943179,,,
118,catalog_bin_median_delta,LCDM fixed H0=70 Om=0.3,450,0.0251,0.98846,-0.238670448320365,0.3587113636702908,0.2652410806719218,-0.15889416455812475,-0.1452897831513944,,,
118,catalog_linear_z_delta,STAM b=354.95 union-style,450,0.0251,0.98846,-0.10435239902121668,0.2719495847961252,0.2183971487897609,0.00017375672806739178,-0.00965280431335458,0.5100386329733595,-0.7246121199145117,
118,catalog_linear_z_delta,STAM b=461.3626922 original,450,0.0251,0.98846,-0.11859435022550954,0.27877424286210634,0.22408547591417327,-0.01362025895671124,-0.02309369176119347,0.5100386329733595,-0.7246121199145117,
118,catalog_linear_z_delta,STAM b=1335.412792 DES-style,450,0.0251,0.98846,-0.2321374370360857,0.34955700983404436,0.2862999193810666,-0.12369713763395221,-0.12925623656237306,0.5100386329733595,-0.7246121199145117,
118,catalog_linear_z_delta,LCDM fixed H0=70 Om=0.3,450,0.0251,0.98846,-0.24094341521117857,0.3292770914156043,0.27950311206312245,-0.1478152981773108,-0.17051037570152516,0.5100386329733595,-0.7246121199145117,
118,catalog_quadratic_z_delta,STAM b=354.95 union-style,450,0.0251,0.98846,-0.10665944724101485,0.3038138035183492,0.22591932688610492,-0.0045919550986460445,0.016103394983918662,0.702464106041593,-2.561625005454049,2.494289242885927
118,catalog_quadratic_z_delta,STAM b=461.3626922 original,450,0.0251,0.98846,-0.1209013984453077,0.309970335831091,0.22896168923653745,-0.018385970783424677,0.003065735877857634,0.702464106041593,-2.561625005454049,2.494289242885927
118,catalog_quadratic_z_delta,STAM b=1335.412792 DES-style,450,0.0251,0.98846,-0.23444448525588393,0.3751265588792476,0.2793724270350491,-0.12846284946066563,-0.10458675758477298,0.702464106041593,-2.561625005454049,2.494289242885927
118,catalog_quadratic_z_delta,LCDM fixed H0=70 Om=0.3,450,0.0251,0.98846,-0.24325046343097675,0.3488695791375457,0.27328187488927047,-0.15258101000402424,-0.14198096136721006,0.702464106041593,-2.561625005454049,2.494289242885927
118,raw_no_catalog_correction,STAM b=354.95 union-style,450,0.0251,0.98846,0.12511995218745176,0.19598231651873696,0.1578191867750512,0.17491531256947432,0.15259239274307745,,,
118,raw_no_catalog_correction,STAM b=461.3626922 original,450,0.0251,0.98846,0.11087800098315892,0.1874335788659426,0.14954601081971874,0.1611212968846957,0.13908059542302453,,,
118,raw_no_catalog_correction,STAM b=1335.412792 DES-style,450,0.0251,0.98846,-0.0026650858274172694,0.15370785539781348,0.11763889044635185,0.05104441820745475,0.025744573253152936,,,
118,raw_no_catalog_correction,LCDM fixed H0=70 Om=0.3,450,0.0251,0.98846,-0.01147106400251013,0.1474925561827018,0.11295109817544122,0.02692625766409615,0.0020697719548401494,,,
119,catalog_bin_median_delta,STAM b=354.95 union-style,450,0.02598,0.97489,-0.09324689971737017,0.28454163232506713,0.19664249393260885,-0.012042446961580945,-0.010535389773554726,,,
119,catalog_bin_median_delta,STAM b=461.3626922 original,450,0.02598,0.97489,-0.10736989138543718,0.2900733103026099,0.19958550997519367,-0.025836226791406493,-0.023827043091355193,,,
119,catalog_bin_median_delta,STAM b=1335.412792 DES-style,450,0.02598,0.97489,-0.21999227934074095,0.3518677828858657,0.2529717533970522,-0.13591118426153145,-0.13238821606466544,,,
119,catalog_bin_median_delta,LCDM fixed H0=70 Om=0.3,450,0.02598,0.97489,-0.23274661196290436,0.33884825695595056,0.26293156342245444,-0.15995931590403825,-0.1642305873661769,,,
119,catalog_linear_z_delta,STAM b=354.95 union-style,450,0.02598,0.97489,-0.09290650197028348,0.23329154238128105,0.1855967728780917,-0.0034409442775505915,-0.035110555387397824,0.4652045263401983,-0.6210881492409512,
119,catalog_linear_z_delta,STAM b=461.3626922 original,450,0.02598,0.97489,-0.1070294936383505,0.24020230175679314,0.1914073902550668,-0.01723472410737614,-0.04819356209437231,0.4652045263401983,-0.6210881492409512,
119,catalog_linear_z_delta,STAM b=1335.412792 DES-style,450,0.02598,0.97489,-0.21965188159365426,0.3132006818134912,0.2583095791915198,-0.1273096815775011,-0.15599350803473655,0.4652045263401983,-0.6210881492409512,
119,catalog_linear_z_delta,LCDM fixed H0=70 Om=0.3,450,0.02598,0.97489,-0.23240621421581767,0.3012674186631834,0.2601767920037608,-0.1513578132200079,-0.19660468065586656,0.4652045263401983,-0.6210881492409512,
119,catalog_quadratic_z_delta,STAM b=354.95 union-style,450,0.02598,0.97489,-0.09568780595875818,0.2613217006477961,0.19428665680998783,-0.008619739276411973,-0.00788230822471192,0.6434478248387471,-2.3227092022228297,2.3104547177274406
119,catalog_quadratic_z_delta,STAM b=461.3626922 original,450,0.02598,0.97489,-0.10981079762682522,0.2675453003627747,0.19803715565224825,-0.02241351910623752,-0.022316238980092606,0.6434478248387471,-2.3227092022228297,2.3104547177274406
119,catalog_quadratic_z_delta,STAM b=1335.412792 DES-style,450,0.02598,0.97489,-0.222433185582129,0.3348693974976945,0.25674989279031035,-0.13248847657636248,-0.12746036763245883,0.6434478248387471,-2.3227092022228297,2.3104547177274406
119,catalog_quadratic_z_delta,LCDM fixed H0=70 Om=0.3,450,0.02598,0.97489,-0.23518751820429237,0.3174983858963999,0.25872188966077847,-0.15653660821886925,-0.16589409741742145,0.6434478248387471,-2.3227092022228297,2.3104547177274406
119,raw_no_catalog_correction,STAM b=354.95 union-style,450,0.02598,0.97489,0.11930938108740675,0.1877304454502193,0.15117467521596156,0.17428124192730873,0.13874732634513265,,,
119,raw_no_catalog_correction,STAM b=461.3626922 original,450,0.02598,0.97489,0.10518638941933973,0.179166556199319,0.14279350083281345,0.16048746209748319,0.12460103519325827,,,
119,raw_no_catalog_correction,STAM b=1335.412792 DES-style,450,0.02598,0.97489,-0.007435998535964044,0.14644346684708096,0.11145286684195108,0.050412504627358225,0.012308824444204447,,,
119,raw_no_catalog_correction,LCDM fixed H0=70 Om=0.3,450,0.02598,0.97489,-0.02019033115812743,0.14738964426010015,0.11397440832166619,0.026364372984851437,-0.005620473335191889,,,
120,catalog_bin_median_delta,STAM b=354.95 union-style,450,0.02534,0.98846,-0.07860489452703975,0.29431816821941453,0.19862936561379776,0.015915988338216985,0.01661323271885351,,,
120,catalog_bin_median_delta,STAM b=461.3626922 original,450,0.02534,0.98846,-0.0928053117704232,0.29916331720718786,0.2006391599916817,0.002118373404071071,0.0030800387464928747,,,
120,catalog_bin_median_delta,STAM b=1335.412792 DES-style,450,0.02534,0.98846,-0.20602624405609604,0.3562055337238348,0.2472344914371715,-0.10798685807678508,-0.10640965253991652,,,
120,catalog_bin_median_delta,LCDM fixed H0=70 Om=0.3,450,0.02534,0.98846,-0.21567946145169836,0.33645570949529596,0.25177534623884446,-0.13236285649513,-0.143268813040617,,,
120,catalog_linear_z_delta,STAM b=354.95 union-style,450,0.02534,0.98846,-0.07081540157613801,0.237176806615094,0.19423995212618317,0.02507618658962168,0.00783404035043489,0.45474940771730193,-0.6279307347124153,
120,catalog_linear_z_delta,STAM b=461.3626922 original,450,0.02534,0.98846,-0.08501581881952144,0.24285309538868777,0.19916748849292146,0.011278571655475769,-0.005139572917659763,0.45474940771730193,-0.6279307347124153,
120,catalog_linear_z_delta,STAM b=1335.412792 DES-style,450,0.02534,0.98846,-0.19823675110519426,0.30846463463035084,0.25719130571712057,-0.09882665982538039,-0.11469062921377926,0.45474940771730193,-0.6279307347124153,
120,catalog_linear_z_delta,LCDM fixed H0=70 Om=0.3,450,0.02534,0.98846,-0.2078899685007966,0.2905233051640897,0.2509611449642524,-0.12320265824372528,-0.15860358167904565,0.45474940771730193,-0.6279307347124153,
120,catalog_quadratic_z_delta,STAM b=354.95 union-style,450,0.02534,0.98846,-0.07671300039607229,0.26069935396085847,0.19710118249860922,0.023162418908699103,0.0206249181439766,0.635714934723424,-2.355539869033307,2.3457412376192734
120,catalog_quadratic_z_delta,STAM b=461.3626922 original,450,0.02534,0.98846,-0.09091341763945565,0.2660833105455027,0.20028762248792992,0.00936480397455319,0.008046520038085703,0.635714934723424,-2.355539869033307,2.3457412376192734
120,catalog_quadratic_z_delta,STAM b=1335.412792 DES-style,450,0.02534,0.98846,-0.2041343499251285,0.3284294271042667,0.25231789490780504,-0.10074042750630297,-0.10310211135444192,0.635714934723424,-2.355539869033307,2.3457412376192734
120,catalog_quadratic_z_delta,LCDM fixed H0=70 Om=0.3,450,0.02534,0.98846,-0.21378756732073084,0.3044573062111908,0.2472708503840896,-0.12511642592464786,-0.14242036500383648,0.635714934723424,-2.355539869033307,2.3457412376192734
120,raw_no_catalog_correction,STAM b=354.95 union-style,450,0.02534,0.98846,0.1360303990512893,0.19676703258222028,0.15754699083571821,0.18990409944932776,0.15606159502758388,,,
120,raw_no_catalog_correction,STAM b=461.3626922 original,450,0.02534,0.98846,0.1218299818079059,0.18742033906911756,0.14820825700900456,0.17610648451518185,0.1420269024685794,,,
120,raw_no_catalog_correction,STAM b=1335.412792 DES-style,450,0.02534,0.98846,0.008609049522233044,0.1450719669856405,0.11080020843302968,0.06600125303432569,0.028598669537213794,,,
120,raw_no_catalog_correction,LCDM fixed H0=70 Om=0.3,450,0.02534,0.98846,-0.0010441678733692692,0.1419383806524782,0.11159770200466071,0.041625254615980795,0.003098120681471528,,,
121,catalog_bin_median_delta,STAM b=354.95 union-style,450,0.0251,0.98846,-0.06574423669966567,0.2992905573096361,0.2005458066859373,0.014872872606318295,0.03253207072818043,,,
121,catalog_bin_median_delta,STAM b=461.3626922 original,450,0.0251,0.98846,-0.08000724753228454,0.3034135994969169,0.20076355866686033,0.00107918205487765,0.018387666127949842,,,
121,catalog_bin_median_delta,STAM b=1335.412792 DES-style,450,0.0251,0.98846,-0.19371340140359047,0.35560883573881213,0.2379867070319624,-0.10899518358081285,-0.0937404619642308,,,
121,catalog_bin_median_delta,LCDM fixed H0=70 Om=0.3,450,0.0251,0.98846,-0.20186856188428573,0.33582461176355627,0.2408969938626386,-0.13312327057586087,-0.12682445894565575,,,
121,catalog_linear_z_delta,STAM b=354.95 union-style,450,0.0251,0.98846,-0.07586210706330826,0.2442370405450073,0.20103181522171265,0.025669652777141276,0.009598911714391534,0.4777929325245175,-0.6727068662735122,
121,catalog_linear_z_delta,STAM b=461.3626922 original,450,0.0251,0.98846,-0.09012511789592713,0.25008772377497746,0.20606241393301042,0.01187596222570063,-0.004068700063797337,0.4777929325245175,-0.6727068662735122,
121,catalog_linear_z_delta,STAM b=1335.412792 DES-style,450,0.0251,0.98846,-0.2038312717672331,0.3164922141720865,0.26547527968970486,-0.09819840340998988,-0.11151926934855538,0.4777929325245175,-0.6727068662735122,
121,catalog_linear_z_delta,LCDM fixed H0=70 Om=0.3,450,0.0251,0.98846,-0.21198643224792832,0.2968612457410743,0.2570164560731476,-0.12232649040503789,-0.15343011327777845,0.4777929325245175,-0.6727068662735122,
121,catalog_quadratic_z_delta,STAM b=354.95 union-style,450,0.0251,0.98846,-0.07809872736884152,0.2738188660868152,0.2092756040800901,0.02066702846052037,0.028511902996147143,0.6693225916118435,-2.5011677560729098,2.482677374973758
121,catalog_quadratic_z_delta,STAM b=461.3626922 original,450,0.0251,0.98846,-0.09236173820146036,0.2790789169311475,0.21160869621464418,0.006873337909079724,0.015392372673840526,0.6693225916118435,-2.5011677560729098,2.482677374973758
121,catalog_quadratic_z_delta,STAM b=1335.412792 DES-style,450,0.0251,0.98846,-0.2060678920727663,0.34005767902443074,0.25775579554174993,-0.10320102772661079,-0.09281961247178927,0.6693225916118435,-2.5011677560729098,2.482677374973758
121,catalog_quadratic_z_delta,LCDM fixed H0=70 Om=0.3,450,0.0251,0.98846,-0.21422305255346158,0.3137167664454282,0.24921220154749832,-0.1273291147216588,-0.1325185609766244,0.6693225916118435,-2.5011677560729098,2.482677374973758
121,raw_no_catalog_correction,STAM b=354.95 union-style,450,0.0251,0.98846,0.14387558825301666,0.20361059842163645,0.16464579620277855,0.19213498371742926,0.1596577228297953,,,
121,raw_no_catalog_correction,STAM b=461.3626922 original,450,0.0251,0.98846,0.12961257742039778,0.19394976747997933,0.15500520141983684,0.1783412931659886,0.1459883602641483,,,
121,raw_no_catalog_correction,STAM b=1335.412792 DES-style,450,0.0251,0.98846,0.015906423549091848,0.14721353047244928,0.11290379690094726,0.0682669275302981,0.033488917046096134,,,
121,raw_no_catalog_correction,LCDM fixed H0=70 Om=0.3,450,0.0251,0.98846,0.007751263068396579,0.14427626976513333,0.10994521660832071,0.04413884053525008,0.010491850532254432,,,
122,catalog_bin_median_delta,STAM b=354.95 union-style,450,0.0251,0.98536,-0.1047545767417575,0.30398292736818916,0.20751824546023068,-0.0069080527592418955,0.003150920190808648,,,
122,catalog_bin_median_delta,STAM b=461.3626922 original,450,0.0251,0.98536,-0.11900074088480454,0.3099175031578988,0.21062031233416706,-0.020698677391989044,-0.010839700508974204,,,
122,catalog_bin_median_delta,STAM b=1335.412792 DES-style,450,0.0251,0.98536,-0.23257597397605873,0.37367970148779545,0.26615715914728777,-0.1307489888036831,-0.117098925175938,,,
122,catalog_bin_median_delta,LCDM fixed H0=70 Om=0.3,450,0.0251,0.98536,-0.240901202207932,0.3518373234346728,0.2654054056494249,-0.1547284407149979,-0.14545703691656797,,,
122,catalog_linear_z_delta,STAM b=354.95 union-style,450,0.0251,0.98536,-0.10662280645680763,0.2591815441583264,0.20865803006295075,0.0023011298100389706,-0.013272704291587445,0.5069506483204448,-0.7070853194094312,
122,catalog_linear_z_delta,STAM b=461.3626922 original,450,0.0251,0.98536,-0.1208689705998546,0.2663780257224314,0.21430170102344093,-0.011489494822708177,-0.027129114549335753,0.5069506483204448,-0.7070853194094312,
122,catalog_linear_z_delta,STAM b=1335.412792 DES-style,450,0.0251,0.98536,-0.23444420369110883,0.34005926646493545,0.2792320631249978,-0.12153980623440223,-0.13446735827898593,0.5069506483204448,-0.7070853194094312,
122,catalog_linear_z_delta,LCDM fixed H0=70 Om=0.3,450,0.0251,0.98536,-0.24276943192298203,0.32049912777825434,0.27488795972162444,-0.14551925814571703,-0.17793014220062986,0.5069506483204448,-0.7070853194094312,
122,catalog_quadratic_z_delta,STAM b=354.95 union-style,450,0.0251,0.98536,-0.11078079862317185,0.29884885690972135,0.22414169708271928,-0.004645825615416691,0.012604085535485865,0.6955098159847133,-2.507188056135165,2.4441727805223277
122,catalog_quadratic_z_delta,STAM b=461.3626922 original,450,0.0251,0.98536,-0.12502696276621883,0.3052360010542797,0.2274687275217128,-0.018436450248163837,-0.001181916421636231,0.6955098159847133,-2.507188056135165,2.4441727805223277
122,catalog_quadratic_z_delta,STAM b=1335.412792 DES-style,450,0.0251,0.98536,-0.23860219585747303,0.37210267997386576,0.28089365242911585,-0.1284867616598579,-0.11061423405693205,0.6955098159847133,-2.507188056135165,2.4441727805223277
122,catalog_quadratic_z_delta,LCDM fixed H0=70 Om=0.3,450,0.0251,0.98536,-0.2469274240893463,0.34670369809285756,0.27584717141705817,-0.1524662135711727,-0.15268493554266271,0.6955098159847133,-2.507188056135165,2.4441727805223277
122,raw_no_catalog_correction,STAM b=354.95 union-style,450,0.0251,0.98536,0.12681601042448598,0.19383523753511028,0.15635147540177904,0.1814449027963134,0.15081581023430957,,,
122,raw_no_catalog_correction,STAM b=461.3626922 original,450,0.0251,0.98536,0.11256984628143896,0.18495473955547634,0.14752573105207203,0.1676542781635663,0.13736874589120163,,,
122,raw_no_catalog_correction,STAM b=1335.412792 DES-style,450,0.0251,0.98536,-0.0010053868098152544,0.14844281702497017,0.11414251575339725,0.0576039667518722,0.022412530366537453,,,
122,raw_no_catalog_correction,LCDM fixed H0=70 Om=0.3,450,0.0251,0.98536,-0.009330615041688493,0.14520376581557864,0.11150714444684569,0.033624514840557396,-0.002122918808847629,,,
123,catalog_bin_median_delta,STAM b=354.95 union-style,450,0.02517,0.98846,-0.09044888182317541,0.2876480017829841,0.1931380913300038,-0.006998628400318899,0.005923916656371375,,,
123,catalog_bin_median_delta,STAM b=461.3626922 original,450,0.02517,0.98846,-0.10471110215730615,0.29313714676246644,0.1959326223881938,-0.020792135496657555,-0.007897341299194949,,,
123,catalog_bin_median_delta,STAM b=1335.412792 DES-style,450,0.02517,0.98846,-0.21841076821287103,0.3548674588752027,0.2508980547410319,-0.13086491275257175,-0.11732028808586747,,,
123,catalog_bin_median_delta,LCDM fixed H0=70 Om=0.3,450,0.02517,0.98846,-0.22631506516781005,0.334111823483319,0.24968141913187702,-0.15487547496681203,-0.14835026933671003,,,
123,catalog_linear_z_delta,STAM b=354.95 union-style,450,0.02517,0.98846,-0.09700051260860845,0.24802883161438455,0.20286086769480818,0.00471055385146741,-0.007661910133080596,0.48974228298816846,-0.6824584778232583,
123,catalog_linear_z_delta,STAM b=461.3626922 original,450,0.02517,0.98846,-0.11126273294273918,0.2549606915259664,0.2087195739299149,-0.009082953244871246,-0.021753852269124963,0.48974228298816846,-0.6824584778232583,
123,catalog_linear_z_delta,STAM b=1335.412792 DES-style,450,0.02517,0.98846,-0.22496239899830403,0.3276723997737473,0.2728987809187997,-0.11915573050078544,-0.13172309581566566,0.48974228298816846,-0.6824584778232583,
123,catalog_linear_z_delta,LCDM fixed H0=70 Om=0.3,450,0.02517,0.98846,-0.2328666959532431,0.30887099738462603,0.2678227538401598,-0.14316629271502573,-0.17448782072031577,0.48974228298816846,-0.6824584778232583,
123,catalog_quadratic_z_delta,STAM b=354.95 union-style,450,0.02517,0.98846,-0.10101588168305904,0.28562034211648296,0.21868871580773658,-0.0011414959550971875,0.01368220747797011,0.6889667415455842,-2.584378694773097,2.582420175333684
123,catalog_quadratic_z_delta,STAM b=461.3626922 original,450,0.02517,0.98846,-0.11527810201718977,0.2917735391689295,0.22196223801829898,-0.014935003051435842,-0.00014917024524763178,0.6889667415455842,-2.584378694773097,2.582420175333684
123,catalog_quadratic_z_delta,STAM b=1335.412792 DES-style,450,0.02517,0.98846,-0.22897776807275458,0.35780675809489354,0.27506794650075,-0.12500778030735005,-0.10987015002632816,0.6889667415455842,-2.584378694773097,2.582420175333684
123,catalog_quadratic_z_delta,LCDM fixed H0=70 Om=0.3,450,0.02517,0.98846,-0.23688206502769366,0.33292397469604756,0.268149331112367,-0.1490183425215903,-0.14703119907490958,0.6889667415455842,-2.584378694773097,2.582420175333684
123,raw_no_catalog_correction,STAM b=354.95 union-style,450,0.02517,0.98846,0.13066541405467513,0.19378404172467237,0.15390677703425254,0.17851212715523546,0.13970295974468883,,,
123,raw_no_catalog_correction,STAM b=461.3626922 original,450,0.02517,0.98846,0.11640319372054435,0.1845754894782764,0.14423151497948083,0.1647186200588968,0.1255757065688563,,,
123,raw_no_catalog_correction,STAM b=1335.412792 DES-style,450,0.02517,0.98846,0.0027035276649795305,0.14481229157590042,0.11066434993061872,0.054645842802982604,0.010881257236100339,,,
123,raw_no_catalog_correction,LCDM fixed H0=70 Om=0.3,450,0.02517,0.98846,-0.0052007692899595235,0.14346912034612935,0.10900731585293756,0.030635280588742327,-0.00159329248354112,,,
124,catalog_bin_median_delta,STAM b=354.95 union-style,450,0.0251,0.99268,-0.09086575930650309,0.27480783721716406,0.18895029513856232,0.004442510147146963,0.003325991037545606,,,
124,catalog_bin_median_delta,STAM b=461.3626922 original,450,0.0251,0.99268,-0.10510008596388098,0.28055491203041805,0.19174608976310845,-0.009353683970963844,-0.010576347680359532,,,
124,catalog_bin_median_delta,STAM b=1335.412792 DES-style,450,0.0251,0.99268,-0.21858416538654535,0.34451014535258173,0.24933507501800542,-0.11944747146279874,-0.11949853426388657,,,
124,catalog_bin_median_delta,LCDM fixed H0=70 Om=0.3,450,0.0251,0.99268,-0.22763485278456885,0.3243923995848629,0.24889100240882253,-0.1435269322620321,-0.15697928074442302,,,
124,catalog_linear_z_delta,STAM b=354.95 union-style,450,0.0251,0.99268,-0.09288414166865999,0.23828628232689236,0.19156166199396027,0.013357787173981454,-0.011698950108886663,0.4881512460692492,-0.6732451362253381,
124,catalog_linear_z_delta,STAM b=461.3626922 original,450,0.0251,0.99268,-0.10711846832603789,0.24518746839070885,0.19763007026731585,-0.0004384069441293548,-0.024938888248069446,0.4881512460692492,-0.6732451362253381,
124,catalog_linear_z_delta,STAM b=1335.412792 DES-style,450,0.0251,0.99268,-0.22060254774870217,0.3181746674064168,0.2641979119123014,-0.11053219443596425,-0.12870283571596985,0.4881512460692492,-0.6732451362253381,
124,catalog_linear_z_delta,LCDM fixed H0=70 Om=0.3,450,0.0251,0.99268,-0.2296532351467258,0.3011712743073369,0.2606225638688834,-0.1346116552351976,-0.17401971028280627,0.4881512460692492,-0.6732451362253381,
124,catalog_quadratic_z_delta,STAM b=354.95 union-style,450,0.0251,0.99268,-0.0958610889068255,0.27309013149944367,0.205435286828797,0.008710473673383774,-0.002197006337212315,0.6749057500862157,-2.456119434733938,2.420780071382946
124,catalog_quadratic_z_delta,STAM b=461.3626922 original,450,0.0251,0.99268,-0.11009541556420341,0.2791834369865607,0.2091692735236367,-0.005085720444727034,-0.01597740345737364,0.6749057500862157,-2.456119434733938,2.420780071382946
124,catalog_quadratic_z_delta,STAM b=1335.412792 DES-style,450,0.0251,0.99268,-0.22357949498686777,0.3453896255798865,0.26401498648228056,-0.11517950793656193,-0.12383142976415584,0.6749057500862157,-2.456119434733938,2.420780071382946
124,catalog_quadratic_z_delta,LCDM fixed H0=70 Om=0.3,450,0.0251,0.99268,-0.23263018238489133,0.32232296116506565,0.25994122591200913,-0.1392589687357953,-0.16309373190140874,0.6749057500862157,-2.456119434733938,2.420780071382946
124,raw_no_catalog_correction,STAM b=354.95 union-style,450,0.0251,0.99268,0.13368506654256562,0.19280554141990044,0.15519695166916622,0.19024199903603498,0.13931621174333841,,,
124,raw_no_catalog_correction,STAM b=461.3626922 original,450,0.0251,0.99268,0.11945073988518769,0.18329009721569695,0.14509761515112352,0.1764458049179242,0.12462210438319943,,,
124,raw_no_catalog_correction,STAM b=1335.412792 DES-style,450,0.0251,0.99268,0.005966660462523375,0.14031557265322953,0.1042425212182837,0.06635201742608929,0.009999079648586928,,,
124,raw_no_catalog_correction,LCDM fixed H0=70 Om=0.3,450,0.0251,0.99268,-0.0030840269355001696,0.1402426359251616,0.10484745032829117,0.04227255662685593,-0.002803364584568868,,,
125,catalog_bin_median_delta,STAM b=354.95 union-style,450,0.0251,0.98024,-0.060210816603641235,0.2811614503176561,0.19180256418546937,0.018440437414912022,0.023942691145808936,,,
125,catalog_bin_median_delta,STAM b=461.3626922 original,450,0.0251,0.98024,-0.07443173650474028,0.28517247578924454,0.19236538786705318,0.004649383039640263,0.009957529407238042,,,
125,catalog_bin_median_delta,STAM b=1335.412792 DES-style,450,0.0251,0.98024,-0.1878125663058988,0.3375608782005419,0.2291163688240415,-0.10540453255399052,-0.1004295217221376,,,
125,catalog_bin_median_delta,LCDM fixed H0=70 Om=0.3,450,0.0251,0.98024,-0.19770894676866932,0.3207866386961604,0.23323536309381163,-0.12958310205770296,-0.13864050231009983,,,
125,catalog_linear_z_delta,STAM b=354.95 union-style,450,0.0251,0.98024,-0.0760141158147765,0.24188549316720473,0.19423183473203365,0.028290447713196727,0.012815868296694788,0.47288686777890937,-0.6588534136002883,
125,catalog_linear_z_delta,STAM b=461.3626922 original,450,0.0251,0.98024,-0.09023503571587556,0.24774104691282348,0.19857514882130095,0.014499393337924969,-0.00048678000668544996,0.47288686777890937,-0.6588534136002883,
125,catalog_linear_z_delta,STAM b=1335.412792 DES-style,450,0.0251,0.98024,-0.20361586551703406,0.314196955714241,0.25883874593782863,-0.0955545222557058,-0.11062284526231991,0.47288686777890937,-0.6588534136002883,
125,catalog_linear_z_delta,LCDM fixed H0=70 Om=0.3,450,0.0251,0.98024,-0.21351224597980462,0.2968834554822793,0.2533560740161174,-0.11973309175941826,-0.15302630383411397,0.47288686777890937,-0.6588534136002883,
125,catalog_quadratic_z_delta,STAM b=354.95 union-style,450,0.0251,0.98024,-0.0756070533178003,0.269092292127433,0.20748128987954265,0.022867728154118003,0.02624222704457324,0.6642013125546175,-2.4852597341303957,2.4798876884846246
125,catalog_quadratic_z_delta,STAM b=461.3626922 original,450,0.0251,0.98024,-0.08982797321889933,0.27427230829703175,0.20956529583567593,0.009076673778846245,0.011885774073590483,0.6642013125546175,-2.4852597341303957,2.4798876884846246
125,catalog_quadratic_z_delta,STAM b=1335.412792 DES-style,450,0.0251,0.98024,-0.20320880302005787,0.3348921203230329,0.25445715635180344,-0.10097724181478453,-0.09651275567871309,0.6642013125546175,-2.4852597341303957,2.4798876884846246
125,catalog_quadratic_z_delta,LCDM fixed H0=70 Om=0.3,450,0.0251,0.98024,-0.2131051834828284,0.3106853156124922,0.2473061499686686,-0.12515581131849698,-0.13765611943832567,0.6642013125546175,-2.4852597341303957,2.4798876884846246
125,raw_no_catalog_correction,STAM b=354.95 union-style,450,0.0251,0.98024,0.13970199158412375,0.20276546350511898,0.16503697697836428,0.19593512630380064,0.15379253705800977,,,
125,raw_no_catalog_correction,STAM b=461.3626922 original,450,0.0251,0.98024,0.1254810716830247,0.19339081483371032,0.15553902926650573,0.18214407192852888,0.14129752508859283,,,
125,raw_no_catalog_correction,STAM b=1335.412792 DES-style,450,0.0251,0.98024,0.012100241881866185,0.1495970870680274,0.11326533203664058,0.0720901563348981,0.029023651181223187,,,
125,raw_no_catalog_correction,LCDM fixed H0=70 Om=0.3,450,0.0251,0.98024,0.0022038614190956385,0.14748214080389022,0.11322448011424786,0.04791158683118564,0.007068004087106061,,,
126,catalog_bin_median_delta,STAM b=354.95 union-style,450,0.02512,0.98846,-0.07752949202588445,0.3005829438289618,0.20346847426929268,0.022939306840293248,0.031125002155842907,,,
126,catalog_bin_median_delta,STAM b=461.3626922 original,450,0.02512,0.98846,-0.09182284521818089,0.30526702061358213,0.20400793310394374,0.009156159341171512,0.01637744141570252,,,
126,catalog_bin_median_delta,STAM b=1335.412792 DES-style,450,0.02512,0.98846,-0.20576316785399446,0.36119080419139316,0.24520827188671054,-0.10083594563870663,-0.09166112755277567,,,
126,catalog_bin_median_delta,LCDM fixed H0=70 Om=0.3,450,0.02512,0.98846,-0.2124014543732985,0.3408949011847969,0.24750401554064866,-0.12480019831392183,-0.12797709773631638,,,
126,catalog_linear_z_delta,STAM b=354.95 union-style,450,0.02512,0.98846,-0.0906582408090256,0.2529438858231977,0.20698931957296962,0.03317035098371857,0.016992967820655736,0.4672389757956099,-0.6431149663900797,
126,catalog_linear_z_delta,STAM b=461.3626922 original,450,0.02512,0.98846,-0.10495159400132203,0.25946487711534316,0.21195027238060404,0.01938720348459684,0.0031963605317386623,0.4672389757956099,-0.6431149663900797,
126,catalog_linear_z_delta,STAM b=1335.412792 DES-style,450,0.02512,0.98846,-0.21889191663713564,0.329520778844699,0.2705013768839016,-0.09060490149528129,-0.10481453874997726,0.4672389757956099,-0.6431149663900797,
126,catalog_linear_z_delta,LCDM fixed H0=70 Om=0.3,450,0.02512,0.98846,-0.22553020315643965,0.30856790092491737,0.26288481516426104,-0.11456915417049651,-0.14668688822202114,0.4672389757956099,-0.6431149663900797,
126,catalog_quadratic_z_delta,STAM b=354.95 union-style,450,0.02512,0.98846,-0.09594291774493192,0.2809676700824748,0.21802968793254007,0.024452774047786886,0.027679026785566663,0.6434186637987176,-2.325035513974134,2.2837054449923313
126,catalog_quadratic_z_delta,STAM b=461.3626922 original,450,0.02512,0.98846,-0.11023627093722838,0.28703007108866857,0.2210352821621593,0.01066962654866515,0.014451705567541495,0.6434186637987176,-2.325035513974134,2.2837054449923313
126,catalog_quadratic_z_delta,STAM b=1335.412792 DES-style,450,0.02512,0.98846,-0.2241765935730419,0.35279477696064837,0.2686767342598504,-0.09932247843121299,-0.08822135308975732,0.6434186637987176,-2.325035513974134,2.2837054449923313
126,catalog_quadratic_z_delta,LCDM fixed H0=70 Om=0.3,450,0.02512,0.98846,-0.23081488009234594,0.3259349260503811,0.25980526506998086,-0.1232867311064282,-0.1312659152496849,0.6434186637987176,-2.325035513974134,2.2837054449923313
126,raw_no_catalog_correction,STAM b=354.95 union-style,450,0.02512,0.98846,0.1328241608582673,0.1977513677093241,0.1599329076768645,0.20124146239584828,0.16600296545562898,,,
126,raw_no_catalog_correction,STAM b=461.3626922 original,450,0.02512,0.98846,0.11853080766597085,0.18868760446200034,0.15112326846847515,0.18745831489672654,0.15151097330742402,,,
126,raw_no_catalog_correction,STAM b=1335.412792 DES-style,450,0.02512,0.98846,0.004590485030157282,0.14970750990111376,0.11476514836415415,0.07746620991684842,0.04518076642307989,,,
126,raw_no_catalog_correction,LCDM fixed H0=70 Om=0.3,450,0.02512,0.98846,-0.002047801489146721,0.14322973004514797,0.10816110577494566,0.0535019572416332,0.019627416316289725,,,
127,catalog_bin_median_delta,STAM b=354.95 union-style,450,0.02517,0.98158,-0.04690688983122054,0.24439071415246003,0.17223272529237088,0.02788113661259585,0.030145112611322133,,,
127,catalog_bin_median_delta,STAM b=461.3626922 original,450,0.02517,0.98158,-0.06103460068612237,0.24805490257172919,0.17274336892143238,0.014085713583585463,0.015995275206854842,,,
127,catalog_bin_median_delta,STAM b=1335.412792 DES-style,450,0.02517,0.98158,-0.17369285418635655,0.3004484289297114,0.21368977053809285,-0.09600246725717322,-0.0946986194692343,,,
127,catalog_bin_median_delta,LCDM fixed H0=70 Om=0.3,450,0.02517,0.98158,-0.1857800050537249,0.28690779496332264,0.21899166224288852,-0.1203819791535728,-0.13042151390554935,,,
127,catalog_linear_z_delta,STAM b=354.95 union-style,450,0.02517,0.98158,-0.04798363847763634,0.20565121597014374,0.16118874520032192,0.03686415887410943,0.01582830258628576,0.3953282941956578,-0.5140521799964194,
127,catalog_linear_z_delta,STAM b=461.3626922 original,450,0.02517,0.98158,-0.062111349332538146,0.2103507171987448,0.16477994133123622,0.023068735845099046,0.0024285935276182613,0.3953282941956578,-0.5140521799964194,
127,catalog_linear_z_delta,STAM b=1335.412792 DES-style,450,0.02517,0.98158,-0.17476960283277235,0.2723310885443875,0.22204584881963482,-0.08701944499565964,-0.10185150262532616,0.3953282941956578,-0.5140521799964194,
127,catalog_linear_z_delta,LCDM fixed H0=70 Om=0.3,450,0.02517,0.98158,-0.18685675370014074,0.25856316756199144,0.2197657734376617,-0.11139895689205921,-0.14263052868959392,0.3953282941956578,-0.5140521799964194,
127,catalog_quadratic_z_delta,STAM b=354.95 union-style,450,0.02517,0.98158,-0.0540588014767212,0.23716945858933128,0.18042200361152877,0.03449948167043897,0.03394170447136702,0.5572927158941458,-2.0602649808015285,2.099441972682721
127,catalog_quadratic_z_delta,STAM b=461.3626922 original,450,0.02517,0.98158,-0.06818651233162305,0.24146915029467894,0.18250999618105931,0.020704058641428574,0.020373744658801485,0.5572927158941458,-2.0602649808015285,2.099441972682721
127,catalog_quadratic_z_delta,STAM b=1335.412792 DES-style,450,0.02517,0.98158,-0.18084476583185724,0.2984188206597581,0.22815147844300304,-0.0893841221993301,-0.08492198110036142,0.5572927158941458,-2.0602649808015285,2.099441972682721
127,catalog_quadratic_z_delta,LCDM fixed H0=70 Om=0.3,450,0.02517,0.98158,-0.1929319166992256,0.27973676155818755,0.22579919691409053,-0.11376363409572968,-0.12492628901733838,0.5572927158941458,-2.0602649808015285,2.099441972682721
127,raw_no_catalog_correction,STAM b=354.95 union-style,450,0.02517,0.98158,0.13806246626936258,0.20039592551722613,0.16155747367577683,0.19461180327926253,0.15594478919735266,,,
127,raw_no_catalog_correction,STAM b=461.3626922 original,450,0.02517,0.98158,0.12393475541446075,0.19105009517229324,0.15199733246194974,0.18081638025025212,0.1429427297998025,,,
127,raw_no_catalog_correction,STAM b=1335.412792 DES-style,450,0.02517,0.98158,0.011276501914226566,0.14743361130638233,0.11166999915661181,0.07072819940949346,0.029461612803622472,,,
127,raw_no_catalog_correction,LCDM fixed H0=70 Om=0.3,450,0.02517,0.98158,-0.000810648953141797,0.14423048897126162,0.11167297440485124,0.046348687513093886,0.0031199645100095097,,,
128,catalog_bin_median_delta,STAM b=354.95 union-style,450,0.02591,0.98846,-0.09500192807866858,0.28254466444562026,0.19506099597483678,-0.012256382461801756,0.0036975136616206328,,,
128,catalog_bin_median_delta,STAM b=461.3626922 original,450,0.02591,0.98846,-0.10922934525103206,0.2883442085368915,0.19733405545867835,-0.026052519039832495,-0.01025860534254619,,,
128,catalog_bin_median_delta,STAM b=1335.412792 DES-style,450,0.02591,0.98846,-0.2226598540101675,0.3522146118138744,0.25072952089828565,-0.1361460141792502,-0.11791494532908686,,,
128,catalog_bin_median_delta,LCDM fixed H0=70 Om=0.3,450,0.02591,0.98846,-0.23188061680599298,0.3329066012465097,0.2514096645064301,-0.16034842178267555,-0.15476330992188636,,,
128,catalog_linear_z_delta,STAM b=354.95 union-style,450,0.02591,0.98846,-0.09312578880576379,0.2417602893153092,0.1972752354353447,0.0014952699486410065,-0.03312517488006961,0.463263397627714,-0.6295532131299482,
128,catalog_linear_z_delta,STAM b=461.3626922 original,450,0.02591,0.98846,-0.10735320597812731,0.24857501806803325,0.20304792092428312,-0.01230086662938973,-0.04634653833766578,0.463263397627714,-0.6295532131299482,
128,catalog_linear_z_delta,STAM b=1335.412792 DES-style,450,0.02591,0.98846,-0.22078371473726274,0.3208338008600703,0.26652346637224533,-0.12239436176880744,-0.15232318697645653,0.463263397627714,-0.6295532131299482,
128,catalog_linear_z_delta,LCDM fixed H0=70 Om=0.3,450,0.02591,0.98846,-0.23000447753308823,0.30425596270790084,0.2617388755976581,-0.1465967693722328,-0.1932386321455013,0.463263397627714,-0.6295532131299482,
128,catalog_quadratic_z_delta,STAM b=354.95 union-style,450,0.02591,0.98846,-0.09591532926389085,0.27604704874633945,0.20854220301438048,-0.002100297795320137,0.010875604650557591,0.6545761023468518,-2.455942922001056,2.4798651332360055
128,catalog_quadratic_z_delta,STAM b=461.3626922 original,450,0.02591,0.98846,-0.11014274643625437,0.28209104554650943,0.21161793638478796,-0.015896434373350875,-0.0029820457379230447,0.6545761023468518,-2.455942922001056,2.4798651332360055
128,catalog_quadratic_z_delta,STAM b=1335.412792 DES-style,450,0.02591,0.98846,-0.22357325519538981,0.34781678789786885,0.26602612247507834,-0.12598992951276858,-0.11513758262224982,0.6545761023468518,-2.455942922001056,2.4798651332360055
128,catalog_quadratic_z_delta,LCDM fixed H0=70 Om=0.3,450,0.02591,0.98846,-0.2327940179912153,0.3248119427965376,0.26124938079605,-0.15019233711619392,-0.1533612540652669,0.6545761023468518,-2.455942922001056,2.4798651332360055
128,raw_no_catalog_correction,STAM b=354.95 union-style,450,0.02591,0.98846,0.1247860020928417,0.19158114199914156,0.15541393131078152,0.17378079531597557,0.14941599166396813,,,
128,raw_no_catalog_correction,STAM b=461.3626922 original,450,0.02591,0.98846,0.11055858492047821,0.18278220352163396,0.14751784974699905,0.15998465873794487,0.1353919852919816,,,
128,raw_no_catalog_correction,STAM b=1335.412792 DES-style,450,0.02591,0.98846,-0.0028719238386572376,0.14748574097984238,0.11466738311815719,0.04989116359852714,0.02156320305079973,,,
128,raw_no_catalog_correction,LCDM fixed H0=70 Om=0.3,450,0.02591,0.98846,-0.012092686634482692,0.14557579624685174,0.11425616976082772,0.025688755995101804,-0.0029612899955608896,,,
129,catalog_bin_median_delta,STAM b=354.95 union-style,450,0.02512,0.96859,-0.08679930084298304,0.29164044578109843,0.20377403648332015,-0.012292396075000704,0.002103234861586145,,,
129,catalog_bin_median_delta,STAM b=461.3626922 original,450,0.02512,0.96859,-0.10098899125497134,0.2968878337563147,0.20594058723599956,-0.026083937492823804,-0.011564973646265742,,,
129,catalog_bin_median_delta,STAM b=1335.412792 DES-style,450,0.02512,0.96859,-0.2141275881769846,0.35665224861030315,0.2531263592630308,-0.13614147940773097,-0.11772532688781823,,,
129,catalog_bin_median_delta,LCDM fixed H0=70 Om=0.3,450,0.02512,0.96859,-0.224655494711001,0.33651553289504765,0.2527650853236422,-0.16019321223234173,-0.15460742919568204,,,
129,catalog_linear_z_delta,STAM b=354.95 union-style,450,0.02512,0.96859,-0.08636791057032213,0.24831346510389898,0.19662098802345124,-0.001664520201571125,-0.0034049817162618012,0.48107955490885684,-0.6694384883899949,
129,catalog_linear_z_delta,STAM b=461.3626922 original,450,0.02512,0.96859,-0.10055760098231041,0.25460411604674094,0.20130274058171158,-0.015456061619394224,-0.015862225033764332,0.48107955490885684,-0.6694384883899949,
129,catalog_linear_z_delta,STAM b=1335.412792 DES-style,450,0.02512,0.96859,-0.21369619790432365,0.3232188873510633,0.261636501106501,-0.12551360353430138,-0.12356775355054239,0.48107955490885684,-0.6694384883899949,
129,catalog_linear_z_delta,LCDM fixed H0=70 Om=0.3,450,0.02512,0.96859,-0.22422410443834004,0.3055711504400464,0.2588963958281424,-0.14956533635891217,-0.16577090050585142,0.48107955490885684,-0.6694384883899949,
129,catalog_quadratic_z_delta,STAM b=354.95 union-style,450,0.02512,0.96859,-0.08929652314931588,0.28575556235251115,0.21691697948037258,-0.007870944350086293,0.013766640676184494,0.670510092288425,-2.4778598607389153,2.455467792938264
129,catalog_quadratic_z_delta,STAM b=461.3626922 original,450,0.02512,0.96859,-0.10348621356130418,0.2912822098111589,0.2195533245600687,-0.02166248576790939,-0.0003847040563229598,0.670510092288425,-2.4778598607389153,2.455467792938264
129,catalog_quadratic_z_delta,STAM b=1335.412792 DES-style,450,0.02512,0.96859,-0.21662481048331741,0.3531283516985295,0.26685005640117493,-0.13172002768281654,-0.11178000647958442,0.670510092288425,-2.4778598607389153,2.455467792938264
129,catalog_quadratic_z_delta,LCDM fixed H0=70 Om=0.3,450,0.02512,0.96859,-0.22715271701733383,0.32985451781112646,0.26184611763868304,-0.15577176050742733,-0.14728605120967941,0.670510092288425,-2.4778598607389153,2.455467792938264
129,raw_no_catalog_correction,STAM b=354.95 union-style,450,0.02512,0.96859,0.12956575931667177,0.19942684198284247,0.16004692940692822,0.16924060392499882,0.14632636821877298,,,
129,raw_no_catalog_correction,STAM b=461.3626922 original,450,0.02512,0.96859,0.1153760689046835,0.19065006039668364,0.15126768414889252,0.15544906250717574,0.13125920276663905,,,
129,raw_no_catalog_correction,STAM b=1335.412792 DES-style,450,0.02512,0.96859,0.0022374719826702433,0.15355262716210522,0.11700715193573899,0.045391520592268586,0.020264955081135128,,,
129,raw_no_catalog_correction,LCDM fixed H0=70 Om=0.3,450,0.02512,0.96859,-0.008290434551346147,0.14942385355809532,0.11513760068701383,0.021339787767657804,-0.0035295087476825415,,,
130,catalog_bin_median_delta,STAM b=354.95 union-style,450,0.02512,0.96363,-0.09256541305763855,0.28536151365302787,0.19945358085957796,0.015119534515066136,0.011339174396439944,,,
130,catalog_bin_median_delta,STAM b=461.3626922 original,450,0.02512,0.96363,-0.10684161464858627,0.29102734059488516,0.20229502638379745,0.001319200439856587,-0.0018234427634986616,,,
130,catalog_bin_median_delta,STAM b=1335.412792 DES-style,450,0.02512,0.96363,-0.2206493667107434,0.35403889462996285,0.2552360396004176,-0.10880678940915021,-0.11273635948568028,,,
130,catalog_bin_median_delta,LCDM fixed H0=70 Om=0.3,450,0.02512,0.96363,-0.22799751202567806,0.3334980875693398,0.25168564824817524,-0.1328699174360936,-0.1474185658842373,,,
130,catalog_linear_z_delta,STAM b=354.95 union-style,450,0.02512,0.96363,-0.09924692091407057,0.25436179379601603,0.20733346323126123,0.02503922376112494,-0.009106478511494487,0.47634282023241786,-0.6469569517304441,
130,catalog_linear_z_delta,STAM b=461.3626922 original,450,0.02512,0.96363,-0.1135231225050183,0.26127184984952984,0.21311977996582582,0.01123888968591539,-0.02272795695998653,0.47634282023241786,-0.6469569517304441,
130,catalog_linear_z_delta,STAM b=1335.412792 DES-style,450,0.02512,0.96363,-0.22733087456717543,0.3335598409424529,0.2782493392271338,-0.09888710016309141,-0.13015326027542073,0.47634282023241786,-0.6469569517304441,
130,catalog_linear_z_delta,LCDM fixed H0=70 Om=0.3,450,0.02512,0.96363,-0.23467901988211007,0.31452658508757586,0.2715303316769699,-0.12295022819003482,-0.16924568951754182,0.47634282023241786,-0.6469569517304441,
130,catalog_quadratic_z_delta,STAM b=354.95 union-style,450,0.02512,0.96363,-0.10334960261260161,0.2832658865008609,0.2190983871058354,0.021352864129330223,0.01438863821003622,0.6584490568834994,-2.385456007655981,2.3605275325484785
130,catalog_quadratic_z_delta,STAM b=461.3626922 original,450,0.02512,0.96363,-0.1176258042035493,0.2896169692899614,0.22314276835304012,0.007552530054120676,0.00013618274950033538,0.6584490568834994,-2.385456007655981,2.3605275325484785
130,catalog_quadratic_z_delta,STAM b=1335.412792 DES-style,450,0.02512,0.96363,-0.2314335562657064,0.357042578762276,0.27621533301830875,-0.10257345979488612,-0.11187908291623216,0.6584490568834994,-2.385456007655981,2.3605275325484785
130,catalog_quadratic_z_delta,LCDM fixed H0=70 Om=0.3,450,0.02512,0.96363,-0.23878170158064113,0.33211172844903575,0.2684959796812412,-0.12663658782182952,-0.1473911549393918,0.6584490568834994,-2.385456007655981,2.3605275325484785
130,raw_no_catalog_correction,STAM b=354.95 union-style,450,0.02512,0.96363,0.13012452718358505,0.1985850915795386,0.15847079578672968,0.20280589007062153,0.15995041266333843,,,
130,raw_no_catalog_correction,STAM b=461.3626922 original,450,0.02512,0.96363,0.11584832559263734,0.1897256669455674,0.1502455520248767,0.18900555599541197,0.1466761651444557,,,
130,raw_no_catalog_correction,STAM b=1335.412792 DES-style,450,0.02512,0.96363,0.002040573530480214,0.1525477060869052,0.12057478091606626,0.07887956614640515,0.03433867873314256,,,
130,raw_no_catalog_correction,LCDM fixed H0=70 Om=0.3,450,0.02512,0.96363,-0.005307571784454424,0.14859052910916754,0.11575234532422134,0.054816438119461755,0.015026000805047346,,,
131,catalog_bin_median_delta,STAM b=354.95 union-style,450,0.02534,0.98024,-0.07957740577134849,0.2831224889456673,0.19159167840774272,-0.0066070108389638445,0.011522027906785581,,,
131,catalog_bin_median_delta,STAM b=461.3626922 original,450,0.02534,0.98024,-0.09379167030679361,0.28809748586043826,0.1936413325277386,-0.020409862546398726,-0.0016281352908578128,,,
131,catalog_bin_median_delta,STAM b=1335.412792 DES-style,450,0.02534,0.98024,-0.20712169761610227,0.34662582101624945,0.24103136102994105,-0.13055546363389423,-0.11162955145239195,,,
131,catalog_bin_median_delta,LCDM fixed H0=70 Om=0.3,450,0.02534,0.98024,-0.21776977459776914,0.32979053598572494,0.24516229930491384,-0.15462940835261363,-0.14816437972587337,,,
131,catalog_linear_z_delta,STAM b=354.95 union-style,450,0.02534,0.98024,-0.08576061824891142,0.2327809267678597,0.1875702180899018,0.0013385295327181742,-0.015374980056705567,0.45897568205496575,-0.6133479850639393,
131,catalog_linear_z_delta,STAM b=461.3626922 original,450,0.02534,0.98024,-0.09997488278435653,0.23937337038415696,0.19348543080337297,-0.012464322174716705,-0.02870387883399772,0.45897568205496575,-0.6133479850639393,
131,catalog_linear_z_delta,STAM b=1335.412792 DES-style,450,0.02534,0.98024,-0.21330491009366515,0.310793458597008,0.2589538934109718,-0.12260992326221219,-0.1335115997247982,0.45897568205496575,-0.6133479850639393,
131,catalog_linear_z_delta,LCDM fixed H0=70 Om=0.3,450,0.02534,0.98024,-0.22395298707533204,0.2950221641303436,0.25613337660810437,-0.1466838679809316,-0.17041582727195603,0.45897568205496575,-0.6133479850639393,
131,catalog_quadratic_z_delta,STAM b=354.95 union-style,450,0.02534,0.98024,-0.08244631878340225,0.2609205110482814,0.1942625241058462,-0.001728755951004833,0.006047875094836286,0.6357387364744691,-2.300837710194094,2.291267253488236
131,catalog_quadratic_z_delta,STAM b=461.3626922 original,450,0.02534,0.98024,-0.0966605833188474,0.2665687019770451,0.19765062548861995,-0.015531607658439712,-0.007440322767855889,0.6357387364744691,-2.300837710194094,2.291267253488236
131,catalog_quadratic_z_delta,STAM b=1335.412792 DES-style,450,0.02534,0.98024,-0.20999061062815602,0.3305908796683427,0.2502107092859063,-0.12567720874593521,-0.1174381226116985,0.6357387364744691,-2.300837710194094,2.291267253488236
131,catalog_quadratic_z_delta,LCDM fixed H0=70 Om=0.3,450,0.02534,0.98024,-0.22063868760982291,0.30817699515751096,0.24653990595613398,-0.14975115346465462,-0.1542030292094303,0.6357387364744691,-2.300837710194094,2.291267253488236
131,raw_no_catalog_correction,STAM b=354.95 union-style,450,0.02534,0.98024,0.1334446963644025,0.19230849301693712,0.15550928268124398,0.1775678780499244,0.1513301323749836,,,
131,raw_no_catalog_correction,STAM b=461.3626922 original,450,0.02534,0.98024,0.11923043182895739,0.18291670833650217,0.1463565312101396,0.16376502634248954,0.13736874589120163,,,
131,raw_no_catalog_correction,STAM b=1335.412792 DES-style,450,0.02534,0.98024,0.0059004045196487205,0.14117772939556256,0.10919411865952074,0.053619425254994045,0.021493902217535776,,,
131,raw_no_catalog_correction,LCDM fixed H0=70 Om=0.3,450,0.02534,0.98024,-0.004747672462018143,0.1363316015142808,0.10826681225084898,0.02954548053627464,0.008401637954193575,,,
132,catalog_bin_median_delta,STAM b=354.95 union-style,450,0.02509,0.98846,-0.09826624960792352,0.28975453513507626,0.19520183989995124,-0.01199909153427912,-0.01167810249619805,,,
132,catalog_bin_median_delta,STAM b=461.3626922 original,450,0.02509,0.98846,-0.11244972186264213,0.29559482673035664,0.19895096897419012,-0.025796791442434804,-0.02595909096695337,,,
132,catalog_bin_median_delta,STAM b=1335.412792 DES-style,450,0.02509,0.98846,-0.22553982040351098,0.35924606461954484,0.25554017472519563,-0.13590235730549438,-0.1352565488904709,,,
132,catalog_bin_median_delta,LCDM fixed H0=70 Om=0.3,450,0.02509,0.98846,-0.23600132500391957,0.3404262832168937,0.2567936594210807,-0.1600210560849677,-0.1627817179955784,,,
132,catalog_linear_z_delta,STAM b=354.95 union-style,450,0.02509,0.98846,-0.09172902844943932,0.2431672183456605,0.19690163315545117,-0.0006280062951727751,-0.011996785117055708,0.48032231495270317,-0.6626861860911842,
132,catalog_linear_z_delta,STAM b=461.3626922 original,450,0.02509,0.98846,-0.10591250070415793,0.2498860018227572,0.20212633154920284,-0.014425706203328462,-0.025166075366705343,0.48032231495270317,-0.6626861860911842,
132,catalog_linear_z_delta,STAM b=1335.412792 DES-style,450,0.02509,0.98846,-0.2190025992450268,0.3213552161946459,0.26454776246350675,-0.12453127206638805,-0.1342889391850619,0.48032231495270317,-0.6626861860911842,
132,catalog_linear_z_delta,LCDM fixed H0=70 Om=0.3,450,0.02509,0.98846,-0.2294641038454354,0.3050546116248772,0.26235289793297034,-0.14864997084586137,-0.17535938855670352,0.48032231495270317,-0.6626861860911842,
132,catalog_quadratic_z_delta,STAM b=354.95 union-style,450,0.02509,0.98846,-0.09610434533467549,0.27412351833835935,0.20700286210316535,-0.005113186922777544,0.007053660250811333,0.670922043217733,-2.482269379627297,2.470623272106311
132,catalog_quadratic_z_delta,STAM b=461.3626922 original,450,0.02509,0.98846,-0.11028781758939406,0.28022415148506463,0.2105716665140078,-0.01891088683093323,-0.006479993102768589,0.670922043217733,-2.482269379627297,2.470623272106311
132,catalog_quadratic_z_delta,STAM b=1335.412792 DES-style,450,0.02509,0.98846,-0.22337791613026295,0.34627567904754725,0.26335239994929827,-0.1290164526939928,-0.11597742062458494,0.670922043217733,-2.482269379627297,2.470623272106311
132,catalog_quadratic_z_delta,LCDM fixed H0=70 Om=0.3,450,0.02509,0.98846,-0.23383942073067152,0.323545557784679,0.25962097614793855,-0.15313515147346612,-0.15277446765110625,0.670922043217733,-2.482269379627297,2.470623272106311
132,raw_no_catalog_correction,STAM b=354.95 union-style,450,0.02509,0.98846,0.12525504574510507,0.18747277431418843,0.15024447168056274,0.17352539735460887,0.14236202967696343,,,
132,raw_no_catalog_correction,STAM b=461.3626922 original,450,0.02509,0.98846,0.11107157349038646,0.17845067419827712,0.1412750117636651,0.15972769744645315,0.12600401450226784,,,
132,raw_no_catalog_correction,STAM b=1335.412792 DES-style,450,0.02509,0.98846,-0.0020185250504823993,0.14156389424671356,0.10960038369942018,0.04962213158339357,0.015798965834100898,,,
132,raw_no_catalog_correction,LCDM fixed H0=70 Om=0.3,450,0.02509,0.98846,-0.012480029650890966,0.14056961745599905,0.11242029082587017,0.02550343280392026,-0.00681304722047571,,,
133,catalog_bin_median_delta,STAM b=354.95 union-style,450,0.02509,0.98158,-0.09268624188450572,0.2954257428567265,0.1933527230154326,-0.006417393462090391,0.008634539150627063,,,
133,catalog_bin_median_delta,STAM b=461.3626922 original,450,0.02509,0.98158,-0.10690123678583781,0.3009443064692152,0.1963893986465144,-0.020213339726796325,-0.004392828503249291,,,
133,catalog_bin_median_delta,STAM b=1335.412792 DES-style,450,0.02509,0.98158,-0.22023523909526704,0.36233729429113515,0.25020728444447526,-0.1303052538511162,-0.11269425227065,,,
133,catalog_bin_median_delta,LCDM fixed H0=70 Om=0.3,450,0.02509,0.98158,-0.2295881495110599,0.3413699485694439,0.2510231278092711,-0.15442474671850523,-0.14786194144202014,,,
133,catalog_linear_z_delta,STAM b=354.95 union-style,450,0.02509,0.98158,-0.08734634868137282,0.2476779560753442,0.19895870983008576,0.006363773925867078,-0.011635462819523212,0.48228814386834323,-0.6718797795706424,
133,catalog_linear_z_delta,STAM b=461.3626922 original,450,0.02509,0.98158,-0.10156134358270492,0.2540992982370119,0.2043717838468284,-0.007432172338838856,-0.024682137915110758,0.48228814386834323,-0.6718797795706424,
133,catalog_linear_z_delta,STAM b=1335.412792 DES-style,450,0.02509,0.98158,-0.2148953458921342,0.32361303311218015,0.26568264827744087,-0.1175240864631587,-0.13289206594869185,0.48228814386834323,-0.6718797795706424,
133,catalog_linear_z_delta,LCDM fixed H0=70 Om=0.3,450,0.02509,0.98158,-0.224248256307927,0.3047821983183194,0.26074930961202325,-0.14164357933054778,-0.17420226406098038,0.48228814386834323,-0.6718797795706424,
133,catalog_quadratic_z_delta,STAM b=354.95 union-style,450,0.02509,0.98158,-0.09248749304439967,0.28047169040229264,0.20628580397104782,0.001590687687283242,0.014925749147064238,0.6765408424377184,-2.526336492774271,2.517974407012862
133,catalog_quadratic_z_delta,STAM b=461.3626922 original,450,0.02509,0.98158,-0.10670248794573181,0.2863109470455173,0.2096952192149001,-0.012205258577422691,0.0006206648056803488,0.6765408424377184,-2.526336492774271,2.517974407012862
133,catalog_quadratic_z_delta,STAM b=1335.412792 DES-style,450,0.02509,0.98158,-0.2200364902551611,0.3504783199667742,0.263961121176623,-0.12229717270174255,-0.11203856532195289,0.6765408424377184,-2.526336492774271,2.517974407012862
133,catalog_quadratic_z_delta,LCDM fixed H0=70 Om=0.3,450,0.02509,0.98158,-0.2293894006709539,0.3256771352512658,0.2594413452690312,-0.1464166655691316,-0.14780198399877875,0.6765408424377184,-2.526336492774271,2.517974407012862
133,raw_no_catalog_correction,STAM b=354.95 union-style,450,0.02509,0.98158,0.1314689003181287,0.19213803295833792,0.1545852326862232,0.17800367320457566,0.1513301323749836,,,
133,raw_no_catalog_correction,STAM b=461.3626922 original,450,0.02509,0.98158,0.11725390541679662,0.18289009886428764,0.14527366875402956,0.1642077269398697,0.13620447685255854,,,
133,raw_no_catalog_correction,STAM b=1335.412792 DES-style,450,0.02509,0.98158,0.003919903107367336,0.1427420199308049,0.10821905007442906,0.054115812815549856,0.02310056647105796,,,
133,raw_no_catalog_correction,LCDM fixed H0=70 Om=0.3,450,0.02509,0.98158,-0.005433007308425508,0.13858281161129168,0.10613648077315882,0.029996319948160797,0.006297301850281656,,,
134,catalog_bin_median_delta,STAM b=354.95 union-style,450,0.02519,0.97489,-0.082585772601463,0.29664730372377335,0.20627918888740923,0.015546195148593192,0.02040887411233072,,,
134,catalog_bin_median_delta,STAM b=461.3626922 original,450,0.02519,0.97489,-0.09678674776471162,0.30164543886664413,0.20802190006367421,0.0017603515745705225,0.005749000536294346,,,
134,catalog_bin_median_delta,STAM b=1335.412792 DES-style,450,0.02519,0.97489,-0.21001261019926112,0.3595648293841133,0.25069056795024625,-0.10825322506335926,-0.09817567984822162,,,
134,catalog_bin_median_delta,LCDM fixed H0=70 Om=0.3,450,0.02519,0.97489,-0.22012396378497906,0.3395253768243419,0.2507565480365101,-0.13260370332109508,-0.1324652123255774,,,
134,catalog_linear_z_delta,STAM b=354.95 union-style,450,0.02519,0.97489,-0.07647470328575438,0.242069358541648,0.19117798499816238,0.02653770800114027,0.008654391475467094,0.4725594916353219,-0.657212865436028,
134,catalog_linear_z_delta,STAM b=461.3626922 original,450,0.02519,0.97489,-0.09067567844900304,0.24794566730151715,0.19569249356819662,0.012751864427117598,-0.0046504918952443575,0.4725594916353219,-0.657212865436028,
134,catalog_linear_z_delta,STAM b=1335.412792 DES-style,450,0.02519,0.97489,-0.2039015408835525,0.3144558556764357,0.25737223714791746,-0.09726171221081217,-0.1105119235548564,0.4725594916353219,-0.657212865436028,
134,catalog_linear_z_delta,LCDM fixed H0=70 Om=0.3,450,0.02519,0.97489,-0.2140128944692705,0.2966705080888075,0.2534108411218005,-0.121612190468548,-0.15548539243021509,0.4725594916353219,-0.657212865436028,
134,catalog_quadratic_z_delta,STAM b=354.95 union-style,450,0.02519,0.97489,-0.07858566994135614,0.2698365642346864,0.20520652388698032,0.021792531163361526,0.02056671909161878,0.6551428796674533,-2.400267104318194,2.3667125429735747
134,catalog_quadratic_z_delta,STAM b=461.3626922 original,450,0.02519,0.97489,-0.09278664510460477,0.2751591104102978,0.2075317390148234,0.008006687589338857,0.006838855934194754,0.6551428796674533,-2.400267104318194,2.3667125429735747
134,catalog_quadratic_z_delta,STAM b=1335.412792 DES-style,450,0.02519,0.97489,-0.2060125075391543,0.3365838180657367,0.2524463657348997,-0.10200688904859093,-0.10058548066198725,0.6551428796674533,-2.400267104318194,2.3667125429735747
134,catalog_quadratic_z_delta,LCDM fixed H0=70 Om=0.3,450,0.02519,0.97489,-0.21612386112487222,0.312496791560685,0.2472264835034217,-0.12635736730632674,-0.14142487767213296,0.6551428796674533,-2.400267104318194,2.3667125429735747
134,raw_no_catalog_correction,STAM b=354.95 union-style,450,0.02519,0.97489,0.13704920739102788,0.20165117795667395,0.16294372219535952,0.19405501737081426,0.15967053384276042,,,
134,raw_no_catalog_correction,STAM b=461.3626922 original,450,0.02519,0.97489,0.12284823222777926,0.19242376236401332,0.15370290981443166,0.18026917379679158,0.14502850587215832,,,
134,raw_no_catalog_correction,STAM b=1335.412792 DES-style,450,0.02519,0.97489,0.009622369793229755,0.15028672715397265,0.11440499027903124,0.07025559715886182,0.02697606964991195,,,
134,raw_no_catalog_correction,LCDM fixed H0=70 Om=0.3,450,0.02519,0.97489,-0.000488983792488177,0.14776886355671748,0.1154409576647462,0.045905118901125995,0.010585140698754714,,,
135,catalog_bin_median_delta,STAM b=354.95 union-style,450,0.02534,0.99268,-0.08488983566005827,0.2885559688036028,0.19777487279172545,0.009079812328084434,0.015017272494908696,,,
135,catalog_bin_median_delta,STAM b=461.3626922 original,450,0.02534,0.99268,-0.099077978373337,0.2936951030662194,0.19961634066868986,-0.00471451949419301,0.0012409161453028617,,,
135,catalog_bin_median_delta,STAM b=1335.412792 DES-style,450,0.02534,0.99268,-0.2122030472489439,0.35293667367178366,0.24855992647556985,-0.11479376404192353,-0.10727112667321848,,,
135,catalog_bin_median_delta,LCDM fixed H0=70 Om=0.3,450,0.02534,0.99268,-0.22160731796732097,0.335558913582204,0.2516376922063784,-0.13883481184204188,-0.14835412401792425,,,
135,catalog_linear_z_delta,STAM b=354.95 union-style,450,0.02534,0.99268,-0.0888216871271551,0.24725479195214986,0.20081732789898826,0.017271998359431755,0.00013151325921256785,0.4833845852229128,-0.664189171004322,
135,catalog_linear_z_delta,STAM b=461.3626922 original,450,0.02534,0.99268,-0.10300982984043384,0.2537344051094244,0.20572129224284855,0.0034776665371543123,-0.013286890504318194,0.4833845852229128,-0.664189171004322,
135,catalog_linear_z_delta,STAM b=1335.412792 DES-style,450,0.02534,0.99268,-0.21613489871604075,0.3235540807313763,0.26647613540412085,-0.10660157801057621,-0.11979275110976317,0.4833845852229128,-0.664189171004322,
135,catalog_linear_z_delta,LCDM fixed H0=70 Om=0.3,450,0.02534,0.99268,-0.22553916943441785,0.3055845317953701,0.2620247320554918,-0.13064262581069455,-0.16130395901551964,0.4833845852229128,-0.664189171004322,
135,catalog_quadratic_z_delta,STAM b=354.95 union-style,450,0.02534,0.99268,-0.09929335065414205,0.27902758233463315,0.21150565311315433,0.011929948851497696,0.01698188117372368,0.6655494393761583,-2.4032478259531906,2.3612873540147374
135,catalog_quadratic_z_delta,STAM b=461.3626922 original,450,0.02534,0.99268,-0.11348149336742079,0.28518468562031707,0.21544718928278875,-0.0018643829707797484,0.0032111816332225374,0.6655494393761583,-2.4032478259531906,2.3612873540147374
135,catalog_quadratic_z_delta,STAM b=1335.412792 DES-style,450,0.02534,0.99268,-0.22660656224302766,0.3513675423304529,0.27123720775440013,-0.11194362751851027,-0.10949587891084889,0.6655494393761583,-2.4032478259531906,2.3612873540147374
135,catalog_quadratic_z_delta,LCDM fixed H0=70 Om=0.3,450,0.02534,0.99268,-0.23601083296140477,0.3284178648743148,0.2671612552073496,-0.13598467531862862,-0.14191296625114447,0.6655494393761583,-2.4032478259531906,2.3612873540147374
135,raw_no_catalog_correction,STAM b=354.95 union-style,450,0.02534,0.99268,0.13049403145147956,0.19633481383296092,0.15913125958231886,0.19328987899474928,0.15709685035069398,,,
135,raw_no_catalog_correction,STAM b=461.3626922 original,450,0.02534,0.99268,0.11630588873820082,0.18732643172836347,0.1501248580381426,0.17949554717247188,0.14263150951235914,,,
135,raw_no_catalog_correction,STAM b=1335.412792 DES-style,450,0.02534,0.99268,0.003180819862593911,0.14855421915375178,0.11083363675600062,0.06941630262474133,0.029335429539056435,,,
135,raw_no_catalog_correction,LCDM fixed H0=70 Om=0.3,450,0.02534,0.99268,-0.006223450855783156,0.1466233132475834,0.11165414307146057,0.045375254824622985,0.0049702612915965005,,,
136,catalog_bin_median_delta,STAM b=354.95 union-style,450,0.02713,0.98,-0.08790781428254762,0.3019126680898774,0.20425473702698754,-0.002893738872257959,0.0060589082193693855,,,
136,catalog_bin_median_delta,STAM b=461.3626922 original,450,0.02713,0.98,-0.10214109839893494,0.3069935076571535,0.20636448895041107,-0.016688962203749973,-0.007726245336030502,,,
136,catalog_bin_median_delta,STAM b=1335.412792 DES-style,450,0.02713,0.98,-0.21561672111375316,0.365299915690291,0.25115330526903135,-0.12677535874629883,-0.11382230523105719,,,
136,catalog_bin_median_delta,LCDM fixed H0=70 Om=0.3,450,0.02713,0.98,-0.22441761141680566,0.3481204662852399,0.2571746748303611,-0.15098358701703438,-0.1467302265872803,,,
136,catalog_linear_z_delta,STAM b=354.95 union-style,450,0.02713,0.98,-0.09837902653020231,0.25125355186075415,0.20525194047780201,0.006079885086323947,-0.03452072084440161,0.4827502771042979,-0.6547760275613635,
136,catalog_linear_z_delta,STAM b=461.3626922 original,450,0.02713,0.98,-0.11261231064658962,0.2581732082740609,0.2115732581721904,-0.0077153382451680685,-0.04759742837905989,0.4827502771042979,-0.6547760275613635,
136,catalog_linear_z_delta,STAM b=1335.412792 DES-style,450,0.02713,0.98,-0.22608793336140787,0.3305555854050435,0.2762620687013435,-0.11780173478771692,-0.15107051913340186,0.4827502771042979,-0.6547760275613635,
136,catalog_linear_z_delta,LCDM fixed H0=70 Om=0.3,450,0.02713,0.98,-0.23488882366446032,0.3130904184972072,0.27130412672189014,-0.14200996305845248,-0.18819172490608693,0.4827502771042979,-0.6547760275613635,
136,catalog_quadratic_z_delta,STAM b=354.95 union-style,450,0.02713,0.98,-0.10268526478992557,0.27912699569232274,0.21052861971323297,0.0022497576824209234,0.004137835888858632,0.6721093491108607,-2.462515147145164,2.4545414326789725
136,catalog_quadratic_z_delta,STAM b=461.3626922 original,450,0.02713,0.98,-0.11691854890631287,0.28549933099802477,0.2145179536126153,-0.011545465649071092,-0.009704000904886101,0.6721093491108607,-2.462515147145164,2.4545414326789725
136,catalog_quadratic_z_delta,STAM b=1335.412792 DES-style,450,0.02713,0.98,-0.2303941716211311,0.3531398171969141,0.27087407659026946,-0.12163186219161995,-0.12018144352365567,0.6721093491108607,-2.462515147145164,2.4545414326789725
136,catalog_quadratic_z_delta,LCDM fixed H0=70 Om=0.3,450,0.02713,0.98,-0.23919506192418358,0.32949777336309416,0.26663974789314754,-0.14584009046235552,-0.15971660039017266,0.6721093491108607,-2.462515147145164,2.4545414326789725
136,raw_no_catalog_correction,STAM b=354.95 union-style,450,0.02713,0.98,0.12968002854161192,0.19460984922260047,0.1591619744710152,0.18607188334996377,0.1560415704214293,,,
136,raw_no_catalog_correction,STAM b=461.3626922 original,450,0.02713,0.98,0.11544674442522461,0.18560398912247075,0.14997199078583637,0.17227666001847172,0.1420160170335869,,,
136,raw_no_catalog_correction,STAM b=1335.412792 DES-style,450,0.02713,0.98,0.001971121710406369,0.1475300704420483,0.1126769311544773,0.06219026347592287,0.02904207623167565,,,
136,raw_no_catalog_correction,LCDM fixed H0=70 Om=0.3,450,0.02713,0.98,-0.006829768592646074,0.14492598364716522,0.11165923259787537,0.03798203520518732,0.010646153490277754,,,
137,catalog_bin_median_delta,STAM b=354.95 union-style,450,0.02509,0.98846,-0.08875566641519567,0.29206260582807936,0.2026826586582709,0.00201299359248302,0.02147988359284625,,,
137,catalog_bin_median_delta,STAM b=461.3626922 original,450,0.02509,0.98846,-0.10293143594074416,0.29742991782745376,0.20513694004956312,-0.01177533820616841,0.007861461139540893,,,
137,catalog_bin_median_delta,STAM b=1335.412792 DES-style,450,0.02509,0.98846,-0.21596125723302456,0.35790995728955766,0.25425855965772787,-0.12180800380681246,-0.10392586778652202,,,
137,catalog_bin_median_delta,LCDM fixed H0=70 Om=0.3,450,0.02509,0.98846,-0.2261758398315808,0.3378462077806184,0.25336666145549486,-0.14594170079333202,-0.13569130973057852,,,
137,catalog_linear_z_delta,STAM b=354.95 union-style,450,0.02509,0.98846,-0.08519158405018024,0.2571287547787673,0.20738137197717244,0.0119442506531492,0.005162707531983557,0.497073485437998,-0.696711065004496,
137,catalog_linear_z_delta,STAM b=461.3626922 original,450,0.02509,0.98846,-0.09936735357572876,0.2632105680443764,0.21187123035259778,-0.0018440811455022299,-0.007785842428909007,0.497073485437998,-0.696711065004496,
137,catalog_linear_z_delta,STAM b=1335.412792 DES-style,450,0.02509,0.98846,-0.21239717486800913,0.3300046818618551,0.2683867487775203,-0.11187674674614628,-0.11131803642452809,0.497073485437998,-0.696711065004496,
137,catalog_linear_z_delta,LCDM fixed H0=70 Om=0.3,450,0.02509,0.98846,-0.22261175746656536,0.3112327208469721,0.26360981464747185,-0.13601044373266585,-0.15887809856414492,0.497073485437998,-0.696711065004496,
137,catalog_quadratic_z_delta,STAM b=354.95 union-style,450,0.02509,0.98846,-0.09265711036772811,0.2876374366634334,0.21693918039706186,0.005845605740811016,0.014590734219463997,0.6803342273594263,-2.4462317441290473,2.375492651411197
137,catalog_quadratic_z_delta,STAM b=461.3626922 original,450,0.02509,0.98846,-0.10683287989327664,0.2933486938699043,0.2202055709989172,-0.007942726057840414,0.0014270719999878168,0.6803342273594263,-2.4462317441290473,2.375492651411197
137,catalog_quadratic_z_delta,STAM b=1335.412792 DES-style,450,0.02509,0.98846,-0.219862701185557,0.3562388468025741,0.27057549952295934,-0.11797539165848447,-0.10863258015496768,0.6803342273594263,-2.4462317441290473,2.375492651411197
137,catalog_quadratic_z_delta,LCDM fixed H0=70 Om=0.3,450,0.02509,0.98846,-0.2300772837841133,0.3323237211379592,0.26496251017284866,-0.14210908864500404,-0.1478596251558244,0.6803342273594263,-2.4462317441290473,2.375492651411197
137,raw_no_catalog_correction,STAM b=354.95 union-style,450,0.02509,0.98846,0.13374474908353293,0.2038337111876186,0.16522119557037052,0.18581523803692626,0.1627529705512245,,,
137,raw_no_catalog_correction,STAM b=461.3626922 original,450,0.02509,0.98846,0.11956897955798441,0.19496987339720392,0.15635705437671407,0.17202690623827485,0.1486242236645161,,,
137,raw_no_catalog_correction,STAM b=1335.412792 DES-style,450,0.02509,0.98846,0.006539158265704017,0.15598751563263064,0.11764680973343518,0.06199424063763079,0.03956266203016412,,,
137,raw_no_catalog_correction,LCDM fixed H0=70 Om=0.3,450,0.02509,0.98846,-0.003675424332852208,0.15252474422207707,0.11652817405559802,0.03786054365111121,0.01078483431930266,,,
138,catalog_bin_median_delta,STAM b=354.95 union-style,450,0.02731,0.98024,-0.0877303773233401,0.2872433060072737,0.1933676004498019,0.015430005666661641,0.016608038934489144,,,
138,catalog_bin_median_delta,STAM b=461.3626922 original,450,0.02731,0.98024,-0.10192115517293832,0.29261763712392524,0.19536077220441048,0.00163661885087333,0.0031428819005974162,,,
138,catalog_bin_median_delta,STAM b=1335.412792 DES-style,450,0.02731,0.98024,-0.2150671831717135,0.3534321827438282,0.2479050949543409,-0.10843535133247374,-0.10485067225606315,,,
138,catalog_bin_median_delta,LCDM fixed H0=70 Om=0.3,450,0.02731,0.98024,-0.2248114952025122,0.3335279500573,0.2474552844659025,-0.13253589065255283,-0.14104483517859379,,,
138,catalog_linear_z_delta,STAM b=354.95 union-style,450,0.02731,0.98024,-0.08334928934342774,0.2463602904774042,0.20019723706607642,0.02733578799266373,-0.001070873575095277,0.472649217095446,-0.6494902861683172,
138,catalog_linear_z_delta,STAM b=461.3626922 original,450,0.02731,0.98024,-0.09754006719302596,0.25256768320962136,0.20504168955353608,0.013542401176875418,-0.015116547557628479,0.472649217095446,-0.6494902861683172,
138,catalog_linear_z_delta,STAM b=1335.412792 DES-style,450,0.02731,0.98024,-0.2106860951918011,0.3207932470704046,0.2623892190074822,-0.09652956900647165,-0.12028954316208029,0.472649217095446,-0.6494902861683172,
138,catalog_linear_z_delta,LCDM fixed H0=70 Om=0.3,450,0.02731,0.98024,-0.22043040722259982,0.30181705624804084,0.25681788985813125,-0.12063010832655073,-0.16325701589423502,0.472649217095446,-0.6494902861683172,
138,catalog_quadratic_z_delta,STAM b=354.95 union-style,450,0.02731,0.98024,-0.09112437666440001,0.2807749556288772,0.2152464358648298,0.022048970506270773,0.024131679480468904,0.65821637091246,-2.4210294034133257,2.405389204549895
138,catalog_quadratic_z_delta,STAM b=461.3626922 original,450,0.02731,0.98024,-0.10531515451399825,0.2865099219059971,0.21757157312743805,0.008255583690482462,0.010234797923661887,0.65821637091246,-2.4210294034133257,2.405389204549895
138,catalog_quadratic_z_delta,STAM b=1335.412792 DES-style,450,0.02731,0.98024,-0.2184611825127734,0.34994051244789964,0.2645650023770644,-0.10181638649286462,-0.10306234326870367,0.65821637091246,-2.4210294034133257,2.405389204549895
138,catalog_quadratic_z_delta,LCDM fixed H0=70 Om=0.3,450,0.02731,0.98024,-0.2282054945435721,0.325926725479358,0.25865806327242724,-0.1259169258129437,-0.13992263105512137,0.65821637091246,-2.4210294034133257,2.405389204549895
138,raw_no_catalog_correction,STAM b=354.95 union-style,450,0.02731,0.98024,0.1316605001603968,0.19647316211546337,0.15833588907277152,0.199333627888883,0.16151080930433892,,,
138,raw_no_catalog_correction,STAM b=461.3626922 original,450,0.02731,0.98024,0.11746972231079852,0.18744656919769678,0.14984143363214136,0.1855402410730947,0.14832038862032704,,,
138,raw_no_catalog_correction,STAM b=1335.412792 DES-style,450,0.02731,0.98024,0.004323694312023389,0.14844530205185244,0.11502616812483257,0.07546827088974761,0.0375399308609623,,,
138,raw_no_catalog_correction,LCDM fixed H0=70 Om=0.3,450,0.02731,0.98024,-0.005420617718775331,0.14273189208522954,0.1103403047268866,0.051367731569668534,0.009149530566048725,,,
139,catalog_bin_median_delta,STAM b=354.95 union-style,450,0.02517,0.98846,-0.09345957066984831,0.2992991792584305,0.20185904926399534,0.008154466647473144,0.00877774112944607,,,
139,catalog_bin_median_delta,STAM b=461.3626922 original,450,0.02517,0.98846,-0.10765822507914717,0.30471261129762545,0.20483427475297877,-0.005631794775856602,-0.005227308721906354,,,
139,catalog_bin_median_delta,STAM b=1335.412792 DES-style,450,0.02517,0.98846,-0.22086497213403766,0.3652154219189553,0.257410341568162,-0.1156482580967972,-0.1164588694192581,,,
139,catalog_bin_median_delta,LCDM fixed H0=70 Om=0.3,450,0.02517,0.98846,-0.23016555803322084,0.3477827833826351,0.26226700364113803,-0.13971084170812878,-0.15000166737844722,,,
139,catalog_linear_z_delta,STAM b=354.95 union-style,450,0.02517,0.98846,-0.10024070996308596,0.26331626740613767,0.21302462812723907,0.017677829801157955,-0.01540063722981344,0.4986206551099127,-0.6963269280862272,
139,catalog_linear_z_delta,STAM b=461.3626922 original,450,0.02517,0.98846,-0.11443936437238485,0.27008895072711436,0.2185265793851988,0.0038915683778282073,-0.029758355622313104,0.4986206551099127,-0.6963269280862272,
139,catalog_linear_z_delta,STAM b=1335.412792 DES-style,450,0.02517,0.98846,-0.22764611142727534,0.3408602145124278,0.28164778546081176,-0.10612489494311239,-0.1413739136040455,0.4986206551099127,-0.6963269280862272,
139,catalog_linear_z_delta,LCDM fixed H0=70 Om=0.3,450,0.02517,0.98846,-0.23694669732645846,0.3226675844485391,0.2772069035276987,-0.13018747855444396,-0.1803603877985509,0.4986206551099127,-0.6963269280862272,
139,catalog_quadratic_z_delta,STAM b=354.95 union-style,450,0.02517,0.98846,-0.10928708429654717,0.29044021376746537,0.21690963656904597,0.010165215568213187,0.015782361311416082,0.6851960779527837,-2.477491606661843,2.4184587558157924
139,catalog_quadratic_z_delta,STAM b=461.3626922 original,450,0.02517,0.98846,-0.12348573870584605,0.2969135279321639,0.2209062565292039,-0.00362104585511656,0.0019474599765807454,0.6851960779527837,-2.477491606661843,2.4184587558157924
139,catalog_quadratic_z_delta,STAM b=1335.412792 DES-style,450,0.02517,0.98846,-0.23669248576073648,0.3645721801396927,0.2757176595399726,-0.11363750917605715,-0.10837130772560499,0.6851960779527837,-2.477491606661843,2.4184587558157924
139,catalog_quadratic_z_delta,LCDM fixed H0=70 Om=0.3,450,0.02517,0.98846,-0.2459930716599196,0.34077742373389486,0.27321989117171924,-0.13770009278738873,-0.14753673833055814,0.6851960779527837,-2.477491606661843,2.4184587558157924
139,raw_no_catalog_correction,STAM b=354.95 union-style,450,0.02517,0.98846,0.12295462979511299,0.1929513791833955,0.15558386728904874,0.1929106888696949,0.1522881516351191,,,
139,raw_no_catalog_correction,STAM b=461.3626922 original,450,0.02517,0.98846,0.10875597538581411,0.18440942350155484,0.14708179870678337,0.17912442744636514,0.1365194073804794,,,
139,raw_no_catalog_correction,STAM b=1335.412792 DES-style,450,0.02517,0.98846,-0.0044507716690763525,0.15118107096623268,0.11596975899678,0.06910796412542454,0.022804224115922977,,,
139,raw_no_catalog_correction,LCDM fixed H0=70 Om=0.3,450,0.02517,0.98846,-0.013751357568259496,0.14881601852381615,0.11541610627049417,0.045045380514092966,0.0040952453581013515,,,
140,catalog_bin_median_delta,STAM b=354.95 union-style,450,0.0251,0.97489,-0.08848636181776952,0.3021647928836639,0.20751395373171463,0.01983149744240737,0.031012752103304564,,,
140,catalog_bin_median_delta,STAM b=461.3626922 original,450,0.0251,0.97489,-0.10278698454307982,0.3074907476234511,0.20945935190673096,0.006047312451541842,0.01591963214287162,,,
140,catalog_bin_median_delta,STAM b=1335.412792 DES-style,450,0.0251,0.97489,-0.216782796880287,0.36752865969198867,0.256097325755925,-0.10395297576526515,-0.09676961914748361,,,
140,catalog_bin_median_delta,LCDM fixed H0=70 Om=0.3,450,0.0251,0.97489,-0.22260139095301265,0.341703617980197,0.2494025809026247,-0.1280041923234671,-0.12801521915763914,,,
140,catalog_linear_z_delta,STAM b=354.95 union-style,450,0.0251,0.97489,-0.08987867800140126,0.26835199213004,0.2181835391025409,0.029545227112689015,0.009239858089920006,0.49726170817595866,-0.7046765155985127,
140,catalog_linear_z_delta,STAM b=461.3626922 original,450,0.0251,0.97489,-0.10417930072671155,0.2745627020186037,0.22325687591650326,0.015761042121823485,-0.004443561255364159,0.49726170817595866,-0.7046765155985127,
140,catalog_linear_z_delta,STAM b=1335.412792 DES-style,450,0.0251,0.97489,-0.21817511306391876,0.341898864750783,0.2799334906578487,-0.0942392460949835,-0.1127394958945338,0.49726170817595866,-0.7046765155985127,
140,catalog_linear_z_delta,LCDM fixed H0=70 Om=0.3,450,0.0251,0.97489,-0.2239937071366444,0.3185297045692095,0.26875176449513677,-0.11829046265318546,-0.15272707486035486,0.49726170817595866,-0.7046765155985127,
140,catalog_quadratic_z_delta,STAM b=354.95 union-style,450,0.0251,0.97489,-0.09865630885993128,0.29778300983674505,0.22907787103082833,0.021626697527474193,0.03342827625161604,0.6806252172651645,-2.4551782738307706,2.3768247569636602
140,catalog_quadratic_z_delta,STAM b=461.3626922 original,450,0.0251,0.97489,-0.11295693158524157,0.3037235624008381,0.2320490335212546,0.007842512536608663,0.02045655817643066,0.6806252172651645,-2.4551782738307706,2.3768247569636602
140,catalog_quadratic_z_delta,STAM b=1335.412792 DES-style,450,0.0251,0.97489,-0.2269527439224487,0.36792130695039493,0.2793720243345194,-0.10215777568019833,-0.09160679677752981,0.6806252172651645,-2.4551782738307706,2.3768247569636602
140,catalog_quadratic_z_delta,LCDM fixed H0=70 Om=0.3,450,0.0251,0.97489,-0.23277133799517435,0.3389148222069886,0.26802423036325135,-0.1262089922384003,-0.12729366598285452,0.6806252172651645,-2.4551782738307706,2.3768247569636602
140,raw_no_catalog_correction,STAM b=354.95 union-style,450,0.0251,0.97489,0.1407511983516561,0.20829301783003032,0.1682519486124293,0.199232764109073,0.16214774706571333,,,
140,raw_no_catalog_correction,STAM b=461.3626922 original,450,0.0251,0.97489,0.12645057562634585,0.1991248346200222,0.15952396471218358,0.18544857911820747,0.14855597286580746,,,
140,raw_no_catalog_correction,STAM b=1335.412792 DES-style,450,0.0251,0.97489,0.012454763289138658,0.1569217897749676,0.12197340560966381,0.0754482909014005,0.03920850782442287,,,
140,raw_no_catalog_correction,LCDM fixed H0=70 Om=0.3,450,0.0251,0.97489,0.006636169216412981,0.15093230729368312,0.11673089593011521,0.05139707434319853,0.018795014736880944,,,
141,catalog_bin_median_delta,STAM b=354.95 union-style,450,0.02512,0.97489,-0.07421103094204702,0.29844835300210537,0.20209215544511108,0.015107735138557482,0.027836588107387428,,,
141,catalog_bin_median_delta,STAM b=461.3626922 original,450,0.02512,0.97489,-0.08839507634682861,0.3029533129353122,0.20271639381519682,0.00131001018175853,0.013766580276087126,,,
141,catalog_bin_median_delta,STAM b=1335.412792 DES-style,450,0.02512,0.97489,-0.2014889356657396,0.3575161067516666,0.24209809051457157,-0.10879546995222769,-0.09831581880566276,,,
141,catalog_bin_median_delta,LCDM fixed H0=70 Om=0.3,450,0.02512,0.97489,-0.21143446891918213,0.34025954187887664,0.24737856107207298,-0.1327078201731538,-0.13134947344361336,,,
141,catalog_linear_z_delta,STAM b=354.95 union-style,450,0.02512,0.97489,-0.0838134387465817,0.25788618698230414,0.20565215115051494,0.023469036027551814,0.0010087500465516541,0.4871777326342999,-0.6831433209837501,
141,catalog_linear_z_delta,STAM b=461.3626922 original,450,0.02512,0.97489,-0.09799748415136329,0.2639007980460831,0.21053917219562,0.00967131107075286,-0.011946656591838689,0.4871777326342999,-0.6831433209837501,
141,catalog_linear_z_delta,STAM b=1335.412792 DES-style,450,0.02512,0.97489,-0.2110913434702743,0.3302597500968222,0.2691131755912788,-0.10043416906323337,-0.11946221142758162,0.4871777326342999,-0.6831433209837501,
141,catalog_linear_z_delta,LCDM fixed H0=70 Om=0.3,450,0.02512,0.97489,-0.2210368767237169,0.3111843289483395,0.2638482954111947,-0.12434651928415948,-0.16436230221500026,0.4871777326342999,-0.6831433209837501,
141,catalog_quadratic_z_delta,STAM b=354.95 union-style,450,0.02512,0.97489,-0.09051173597416187,0.283112211694476,0.2126430422776919,0.01802215119684945,0.03004671914446888,0.6763964340192107,-2.4895423755719217,2.4527218974271103
141,catalog_quadratic_z_delta,STAM b=461.3626922 original,450,0.02512,0.97489,-0.10469578137894346,0.28885556371963444,0.21512502577101952,0.004224426240050497,0.01577165662646607,0.6763964340192107,-2.4895423755719217,2.4527218974271103
141,catalog_quadratic_z_delta,STAM b=1335.412792 DES-style,450,0.02512,0.97489,-0.21778964069785445,0.3521880368489355,0.26227271521149237,-0.10588105389393572,-0.09590876277034255,0.6763964340192107,-2.4895423755719217,2.4527218974271103
141,catalog_quadratic_z_delta,LCDM fixed H0=70 Om=0.3,450,0.02512,0.97489,-0.22773517395129708,0.32694566778049367,0.25756418982821916,-0.12979340411486184,-0.12899797393145818,0.6763964340192107,-2.4895423755719217,2.4527218974271103
141,raw_no_catalog_correction,STAM b=354.95 union-style,450,0.02512,0.97489,0.13164834933059683,0.20013721414995866,0.16215367741507475,0.194898624027446,0.16070204863541093,,,
141,raw_no_catalog_correction,STAM b=461.3626922 original,450,0.02512,0.97489,0.11746430392581524,0.19130846694201983,0.15353344876593283,0.18110089907064705,0.1473514923234056,,,
141,raw_no_catalog_correction,STAM b=1335.412792 DES-style,450,0.02512,0.97489,0.004370444606904208,0.15349320115103998,0.11795529235510346,0.07099541893666085,0.03666006710287206,,,
141,raw_no_catalog_correction,LCDM fixed H0=70 Om=0.3,450,0.02512,0.97489,-0.005575088646538368,0.14986576343901092,0.11571799554908198,0.04708306871573475,0.005905161922218127,,,
142,catalog_bin_median_delta,STAM b=354.95 union-style,450,0.0251,0.99268,-0.1017139787083081,0.307288588057318,0.2090320024341634,-0.0031470408000856764,0.0026355848572308105,,,
142,catalog_bin_median_delta,STAM b=461.3626922 original,450,0.0251,0.99268,-0.11591363650365477,0.3130277859130936,0.21204104496299506,-0.016941049338700605,-0.011068773562350032,,,
142,catalog_bin_median_delta,STAM b=1335.412792 DES-style,450,0.0251,0.99268,-0.22913022081684029,0.3752503752809563,0.26581033043064306,-0.12701785342294677,-0.12513125665924818,,,
142,catalog_bin_median_delta,LCDM fixed H0=70 Om=0.3,450,0.0251,0.99268,-0.23996440637745972,0.35488412655611734,0.2661115008345919,-0.15111583166806627,-0.15244158382359174,,,
142,catalog_linear_z_delta,STAM b=354.95 union-style,450,0.0251,0.99268,-0.09929679115798686,0.2612712198611488,0.21240195470828796,0.008750497334772468,0.004633824913927498,0.498879874396812,-0.6880207617481926,
142,catalog_linear_z_delta,STAM b=461.3626922 original,450,0.0251,0.99268,-0.11349644895333358,0.2679899597977267,0.21779302928366331,-0.005043511203842459,-0.009138111965736329,0.498879874396812,-0.6880207617481926,
142,catalog_linear_z_delta,STAM b=1335.412792 DES-style,450,0.0251,0.99268,-0.2267130332665191,0.33853352880816096,0.2795881029288456,-0.11512031528808864,-0.12143729146309923,0.498879874396812,-0.6880207617481926,
142,catalog_linear_z_delta,LCDM fixed H0=70 Om=0.3,450,0.0251,0.99268,-0.23754721882713842,0.32180662439601093,0.2756720986904537,-0.1392182935332081,-0.16157045078900723,0.498879874396812,-0.6880207617481926,
142,catalog_quadratic_z_delta,STAM b=354.95 union-style,450,0.0251,0.99268,-0.09805976053655481,0.29179367642070414,0.21804630810717435,0.003361307521768708,0.007515304828885405,0.6919165862416745,-2.530868911667776,2.502212343092308
142,catalog_quadratic_z_delta,STAM b=461.3626922 original,450,0.0251,0.99268,-0.1122594183319015,0.2976760957049859,0.22197792357045304,-0.01043270101684622,-0.007085270598604865,0.6919165862416745,-2.530868911667776,2.502212343092308
142,catalog_quadratic_z_delta,STAM b=1335.412792 DES-style,450,0.0251,0.99268,-0.22547600264508705,0.3615181788501704,0.27619849589754863,-0.1205095051010924,-0.11588410872121102,0.6919165862416745,-2.530868911667776,2.502212343092308
142,catalog_quadratic_z_delta,LCDM fixed H0=70 Om=0.3,450,0.0251,0.99268,-0.23631018820570637,0.33832201877423795,0.2711149436415796,-0.14460748334621187,-0.1558278285871424,0.6919165862416745,-2.530868911667776,2.502212343092308
142,raw_no_catalog_correction,STAM b=354.95 union-style,450,0.0251,0.99268,0.12869331497420963,0.19972553209918753,0.15530007672296386,0.18922927031102543,0.14120478578299966,,,
142,raw_no_catalog_correction,STAM b=461.3626922 original,450,0.0251,0.99268,0.11449365717886294,0.19108036495041397,0.14658316057638043,0.1754352617724105,0.12643103473973483,,,
142,raw_no_catalog_correction,STAM b=1335.412792 DES-style,450,0.0251,0.99268,0.001277072865677382,0.15528667333012777,0.11788335280715886,0.06535845768816433,0.01484936456576591,,,
142,raw_no_catalog_correction,LCDM fixed H0=70 Om=0.3,450,0.0251,0.99268,-0.009557112694941961,0.15032066349034004,0.1161989143799549,0.04126047944304484,-0.0006321428101685456,,,
143,catalog_bin_median_delta,STAM b=354.95 union-style,450,0.02517,0.99268,-0.0802884924663625,0.26608386825640135,0.1841372139095064,0.010132012255266826,-0.007869229496147767,,,
143,catalog_bin_median_delta,STAM b=461.3626922 original,450,0.02517,0.99268,-0.09442447632069596,0.2713452573536211,0.18729519809674974,-0.0036583795795574283,-0.02208774939116509,,,
143,catalog_bin_median_delta,STAM b=1335.412792 DES-style,450,0.02517,0.99268,-0.2071471186113387,0.33244692740520054,0.24115076712244438,-0.11370721254612211,-0.13169095291987176,,,
143,catalog_bin_median_delta,LCDM fixed H0=70 Om=0.3,450,0.02517,0.99268,-0.21925321204436174,0.31628412768195396,0.24352615020707133,-0.1379401141902499,-0.1616210827083897,,,
143,catalog_linear_z_delta,STAM b=354.95 union-style,450,0.02517,0.99268,-0.07579356352788252,0.22319147789373708,0.176860129296903,0.020244862443557835,-0.013181457473109504,0.4462415481800135,-0.594463337160345,
143,catalog_linear_z_delta,STAM b=461.3626922 original,450,0.02517,0.99268,-0.08992954738221601,0.22934700897752508,0.18180816416111878,0.006454470608733579,-0.02621345894533178,0.4462415481800135,-0.594463337160345,
143,catalog_linear_z_delta,STAM b=1335.412792 DES-style,450,0.02517,0.99268,-0.2026521896728587,0.2985705773960264,0.24354940900125502,-0.10359436235783111,-0.12913929976846816,0.4462415481800135,-0.594463337160345,
143,catalog_linear_z_delta,LCDM fixed H0=70 Om=0.3,450,0.02517,0.99268,-0.21475828310588177,0.28398815989776194,0.24313246070675604,-0.12782726400195887,-0.17043719298910887,0.4462415481800135,-0.594463337160345,
143,catalog_quadratic_z_delta,STAM b=354.95 union-style,450,0.02517,0.99268,-0.07926139742670028,0.258145880863722,0.19529846001243248,0.01549672541632527,0.01795848191110494,0.6192246056192588,-2.245866867207734,2.242269552426825
143,catalog_quadratic_z_delta,STAM b=461.3626922 original,450,0.02517,0.99268,-0.09339738128103377,0.2635775473485655,0.19820012681375737,0.0017063335815010166,0.004641603132277794,0.6192246056192588,-2.245866867207734,2.242269552426825
143,catalog_quadratic_z_delta,STAM b=1335.412792 DES-style,450,0.02517,0.99268,-0.20612002357167647,0.326199101957003,0.24987247034540147,-0.10834249938506367,-0.10431066190403726,0.6192246056192588,-2.245866867207734,2.242269552426825
143,catalog_quadratic_z_delta,LCDM fixed H0=70 Om=0.3,450,0.02517,0.99268,-0.2182261170046995,0.3062135227521577,0.2483466934619772,-0.13257540102919144,-0.14332544586743268,0.6192246056192588,-2.245866867207734,2.242269552426825
143,raw_no_catalog_correction,STAM b=354.95 union-style,450,0.02517,0.99268,0.12949821967711098,0.19325167549674901,0.1542316193786286,0.19102679003304363,0.14076427460506835,,,
143,raw_no_catalog_correction,STAM b=461.3626922 original,450,0.02517,0.99268,0.1153622358227775,0.18417771152487028,0.1449002322390423,0.1772363981982194,0.12602586218901735,,,
143,raw_no_catalog_correction,STAM b=1335.412792 DES-style,450,0.02517,0.99268,0.0026395935321347976,0.14504300238020543,0.11028650090230856,0.0671875652316547,0.019686990233537927,,,
143,raw_no_catalog_correction,LCDM fixed H0=70 Om=0.3,450,0.02517,0.99268,-0.009466499900888232,0.1426107768669646,0.1100848612154697,0.04295466358752693,-0.004320768008174269,,,
144,catalog_bin_median_delta,STAM b=354.95 union-style,450,0.02534,0.97242,-0.06415327864883408,0.2928632065859415,0.20432938635952566,0.01945436737631149,0.031232027906781923,,,
144,catalog_bin_median_delta,STAM b=461.3626922 original,450,0.02534,0.97242,-0.07841104103295535,0.2969812116529355,0.20427457666488713,0.005670454257556199,0.01814570601563048,,,
144,catalog_bin_median_delta,STAM b=1335.412792 DES-style,450,0.02534,0.97242,-0.19207555656241476,0.3494918752189294,0.24217434608264474,-0.10432817258267899,-0.09234425655967726,,,
144,catalog_bin_median_delta,LCDM fixed H0=70 Om=0.3,450,0.02534,0.97242,-0.19964743648843955,0.3287035763762149,0.24129129656560688,-0.12873548180357927,-0.12262576309396067,,,
144,catalog_linear_z_delta,STAM b=354.95 union-style,450,0.02534,0.97242,-0.06864870662269147,0.23537958852163463,0.1890343731349389,0.029858833546601966,0.012569515955380695,0.45657907794066266,-0.627997106490916,
144,catalog_linear_z_delta,STAM b=461.3626922 original,450,0.02534,0.97242,-0.08290646900681276,0.24097823198254376,0.19395116346439498,0.016074920427846674,-0.0014849876877498502,0.45657907794066266,-0.627997106490916,
144,catalog_linear_z_delta,STAM b=1335.412792 DES-style,450,0.02534,0.97242,-0.19657098453627214,0.3064246787219471,0.253607215446429,-0.09392370641238851,-0.11229052324304689,0.45657907794066266,-0.627997106490916,
144,catalog_linear_z_delta,LCDM fixed H0=70 Om=0.3,450,0.02534,0.97242,-0.20414286446229699,0.28567294419764616,0.24665459505569956,-0.1183310156332888,-0.14961226691131913,0.45657907794066266,-0.627997106490916,
144,catalog_quadratic_z_delta,STAM b=354.95 union-style,450,0.02534,0.97242,-0.07509571052501525,0.27121114372387994,0.20950891006749656,0.024916542728371224,0.0376125158415519,0.6444876666064162,-2.4218890126843027,2.435739737995427
144,catalog_quadratic_z_delta,STAM b=461.3626922 original,450,0.02534,0.97242,-0.08935347290913653,0.27633960139226565,0.21100374806087677,0.011132629609615934,0.02333894783775392,0.6444876666064162,-2.4218890126843027,2.435739737995427
144,catalog_quadratic_z_delta,STAM b=1335.412792 DES-style,450,0.02534,0.97242,-0.20301798843859592,0.33662389487753325,0.25307287214926477,-0.09886599723061924,-0.08846306475145482,0.6444876666064162,-2.4218890126843027,2.435739737995427
144,catalog_quadratic_z_delta,LCDM fixed H0=70 Om=0.3,450,0.02534,0.97242,-0.2105898683646208,0.3099218947254239,0.2451817225284255,-0.12327330645151954,-0.12069159713117372,0.6444876666064162,-2.4218890126843027,2.435739737995427
144,raw_no_catalog_correction,STAM b=354.95 union-style,450,0.02534,0.97242,0.14600036414342607,0.20595519221434616,0.16710703003632324,0.19474563404297757,0.1638401975476036,,,
144,raw_no_catalog_correction,STAM b=461.3626922 original,450,0.02534,0.97242,0.1317426017593048,0.19625686253418434,0.1578706874265485,0.18096172092422225,0.14998713591370816,,,
144,raw_no_catalog_correction,STAM b=1335.412792 DES-style,450,0.02534,0.97242,0.0180780862298454,0.14861631386616372,0.11406864160379737,0.07096309408398709,0.04027137831073446,,,
144,raw_no_catalog_correction,LCDM fixed H0=70 Om=0.3,450,0.02534,0.97242,0.010506206303820573,0.14443609845063662,0.11140649849118965,0.04655578486308679,0.0155717512167044,,,
145,catalog_bin_median_delta,STAM b=354.95 union-style,450,0.02509,0.96689,-0.09784591879713946,0.29283987758075,0.20115186073440286,-0.006655667636744656,0.00927214434192436,,,
145,catalog_bin_median_delta,STAM b=461.3626922 original,450,0.02509,0.96689,-0.11216229058890491,0.2987019092945585,0.20389113809465487,-0.020460016600374647,-0.005696012199440048,,,
145,catalog_bin_median_delta,STAM b=1335.412792 DES-style,450,0.02509,0.96689,-0.22628010712503502,0.36270028569930163,0.2590148766153327,-0.13061690095255843,-0.11451242022811314,,,
145,catalog_bin_median_delta,LCDM fixed H0=70 Om=0.3,450,0.02509,0.96689,-0.23167283981820705,0.3400682309359506,0.2543261804279744,-0.15440711497965348,-0.14897220379472742,,,
145,catalog_linear_z_delta,STAM b=354.95 union-style,450,0.02509,0.96689,-0.10547292742081649,0.26558984004855635,0.21787966168498868,0.0013593227429149124,-0.009132289274514704,0.5024727716940165,-0.6959643455305798,
145,catalog_linear_z_delta,STAM b=461.3626922 original,450,0.02509,0.96689,-0.11978929921258197,0.2726430576408348,0.22365528120526063,-0.012445026220715078,-0.02241681484370517,0.5024727716940165,-0.6959643455305798,
145,catalog_linear_z_delta,STAM b=1335.412792 DES-style,450,0.02509,0.96689,-0.23390711574871206,0.34534543819129965,0.28714106931534217,-0.12260191057289888,-0.13138000501698954,0.5024727716940165,-0.6959643455305798,
145,catalog_linear_z_delta,LCDM fixed H0=70 Om=0.3,450,0.02509,0.96689,-0.2392998484418841,0.323476397167779,0.2779469190070671,-0.1463921245999939,-0.17464116913118843,0.5024727716940165,-0.6959643455305798,
145,catalog_quadratic_z_delta,STAM b=354.95 union-style,450,0.02509,0.96689,-0.1124654428364628,0.29099791026179805,0.22644251893208342,-0.0034254637424869987,0.011449527651610225,0.679655945815084,-2.3874647938406595,2.296712998459666
145,catalog_quadratic_z_delta,STAM b=461.3626922 original,450,0.02509,0.96689,-0.12678181462822824,0.2977341176815022,0.22974986800871022,-0.01722981270611699,-0.0019498490996525675,0.679655945815084,-2.3874647938406595,2.296712998459666
145,catalog_quadratic_z_delta,STAM b=1335.412792 DES-style,450,0.02509,0.96689,-0.24089963116435834,0.3673219534442768,0.28299276763748704,-0.12738669705830077,-0.11217355613831259,0.679655945815084,-2.3874647938406595,2.296712998459666
145,catalog_quadratic_z_delta,LCDM fixed H0=70 Om=0.3,450,0.02509,0.96689,-0.24629236385753042,0.3395921343885262,0.27397448139410074,-0.15117691108539583,-0.15249316249468237,0.679655945815084,-2.3874647938406595,2.296712998459666
145,raw_no_catalog_correction,STAM b=354.95 union-style,450,0.02509,0.96689,0.13562951828088146,0.20081318861949526,0.16371351840087392,0.1829930879188106,0.15819804170420682,,,
145,raw_no_catalog_correction,STAM b=461.3626922 original,450,0.02509,0.96689,0.12131314648911598,0.1916168753632693,0.15398478513037384,0.1691887389551806,0.14437527213954482,,,
145,raw_no_catalog_correction,STAM b=1335.412792 DES-style,450,0.02509,0.96689,0.007195329952985907,0.1507788162850963,0.11551894174093118,0.059031854602996835,0.030914536633318335,,,
145,raw_no_catalog_correction,LCDM fixed H0=70 Om=0.3,450,0.02509,0.96689,0.0018025972598138403,0.14763259451401853,0.11236864418828758,0.035241640575901775,0.009768284414249706,,,
146,catalog_bin_median_delta,STAM b=354.95 union-style,450,0.02557,0.97489,-0.08334395583273528,0.2924542573089778,0.20396044538760386,0.010834857022880978,0.022174386636802268,,,
146,catalog_bin_median_delta,STAM b=461.3626922 original,450,0.02557,0.97489,-0.09754529555114236,0.297566344996581,0.20590075782574518,-0.0029604327969998522,0.007733047387215919,,,
146,catalog_bin_median_delta,STAM b=1335.412792 DES-style,450,0.02557,0.97489,-0.21077405024932996,0.3564384518284032,0.2508509657737387,-0.11304727474661293,-0.09589275688106369,,,
146,catalog_bin_median_delta,LCDM fixed H0=70 Om=0.3,450,0.02557,0.97489,-0.220913139702053,0.3359053741503778,0.2487002162535933,-0.13719399232506824,-0.13459486053700687,,,
146,catalog_linear_z_delta,STAM b=354.95 union-style,450,0.02557,0.97489,-0.08137490069045088,0.25164100766034964,0.20361283954422288,0.022770304929263827,8.19224277712749e-05,0.4779746870686031,-0.6585405209501958,
146,catalog_linear_z_delta,STAM b=461.3626922 original,450,0.02557,0.97489,-0.09557624040885802,0.2576241249285888,0.2091726427649512,0.008975015109382995,-0.014216721598483417,0.4779746870686031,-0.6585405209501958,
146,catalog_linear_z_delta,STAM b=1335.412792 DES-style,450,0.02557,0.97489,-0.20880499510704556,0.32419935320406323,0.26927009444707045,-0.10111182684023008,-0.12074898906923792,0.4779746870686031,-0.6585405209501958,
146,catalog_linear_z_delta,LCDM fixed H0=70 Om=0.3,450,0.02557,0.97489,-0.21894408455976858,0.305810220654593,0.2636566567139106,-0.1252585444186854,-0.1619807291154558,0.4779746870686031,-0.6585405209501958,
146,catalog_quadratic_z_delta,STAM b=354.95 union-style,450,0.02557,0.97489,-0.08415973210130227,0.279343963798074,0.21134519705461696,0.01822738263408212,0.023754864816730503,0.6630046566210842,-2.42495134410752,2.3984260259690813
146,catalog_quadratic_z_delta,STAM b=461.3626922 original,450,0.02557,0.97489,-0.09836107181970938,0.28478932004184343,0.21364399989311667,0.004432092814201288,0.009497620264045992,0.6630046566210842,-2.42495134410752,2.3984260259690813
146,catalog_quadratic_z_delta,STAM b=1335.412792 DES-style,450,0.02557,0.97489,-0.21158982651789693,0.3464715831052278,0.26157785780007964,-0.10565474913541179,-0.10330198343215002,0.6630046566210842,-2.42495134410752,2.3984260259690813
146,catalog_quadratic_z_delta,LCDM fixed H0=70 Om=0.3,450,0.02557,0.97489,-0.22172891597062,0.32202676412777087,0.25557975338148736,-0.1298014667138671,-0.14081697497067225,0.6630046566210842,-2.42495134410752,2.3984260259690813
146,raw_no_catalog_correction,STAM b=354.95 union-style,450,0.02557,0.97489,0.13706825519691698,0.2036106849348994,0.16341800940978707,0.1961930792451022,0.1665443741222319,,,
146,raw_no_catalog_correction,STAM b=461.3626922 original,450,0.02557,0.97489,0.1228669154785099,0.19454393258051797,0.1545763309822336,0.1823977894252214,0.15321032318979633,,,
146,raw_no_catalog_correction,STAM b=1335.412792 DES-style,450,0.02557,0.97489,0.009638160780322327,0.15365678207742342,0.11981568102555212,0.0723109474756083,0.04747052753912584,,,
146,raw_no_catalog_correction,LCDM fixed H0=70 Om=0.3,450,0.02557,0.97489,-0.0005009286724007393,0.14772766187290529,0.11377314332354178,0.04816422989715299,0.01921965262073755,,,
147,catalog_bin_median_delta,STAM b=354.95 union-style,450,0.02509,0.98846,-0.0742861709386445,0.25513421769172984,0.18508925640687454,0.024323135247822213,0.02244294624059151,,,
147,catalog_bin_median_delta,STAM b=461.3626922 original,450,0.02509,0.98846,-0.08856101912132594,0.2604111776037284,0.1880596520672324,0.010527754973916644,0.008630447142831343,,,
147,catalog_bin_median_delta,STAM b=1335.412792 DES-style,450,0.02509,0.98846,-0.2023584210926594,0.32267277661735705,0.23914488914770454,-0.09956015345999848,-0.09806345204878752,,,
147,catalog_bin_median_delta,LCDM fixed H0=70 Om=0.3,450,0.02509,0.98846,-0.20985290538881238,0.3024488427367444,0.23390543403201003,-0.12398725696725148,-0.13527625654405284,,,
147,catalog_linear_z_delta,STAM b=354.95 union-style,450,0.02509,0.98846,-0.07407244309933059,0.2294399622980885,0.1888108257147011,0.0344039220710293,0.021908162426477418,0.42441680008571986,-0.5550330943178767,
147,catalog_linear_z_delta,STAM b=461.3626922 original,450,0.02509,0.98846,-0.08834729128201203,0.23542733403837546,0.19353223602445338,0.02060854179712373,0.008685374139204782,0.42441680008571986,-0.5550330943178767,
147,catalog_linear_z_delta,STAM b=1335.412792 DES-style,450,0.02509,0.98846,-0.20214469325334547,0.3036785143540211,0.25158077452148614,-0.08947936663679139,-0.10187411979988781,0.42441680008571986,-0.5550330943178767,
147,catalog_linear_z_delta,LCDM fixed H0=70 Om=0.3,450,0.02509,0.98846,-0.20963917754949846,0.2860651168424892,0.24454956248405646,-0.1139064701440444,-0.1372752809789759,0.42441680008571986,-0.5550330943178767,
147,catalog_quadratic_z_delta,STAM b=354.95 union-style,450,0.02509,0.98846,-0.07669927340043771,0.24978026300839443,0.1973451086214811,0.03248577316685326,0.0334768058780206,0.5824708789664346,-2.0639153378501476,2.048754681281807
147,catalog_quadratic_z_delta,STAM b=461.3626922 original,450,0.02509,0.98846,-0.09097412158311916,0.2553810556269016,0.20027385419178517,0.01869039289294769,0.020343193262323922,0.5824708789664346,-2.0639153378501476,2.048754681281807
147,catalog_quadratic_z_delta,STAM b=1335.412792 DES-style,450,0.02509,0.98846,-0.2047715235544526,0.3199692683677898,0.2499183810098252,-0.09139751554096742,-0.08877634842340854,0.5824708789664346,-2.0639153378501476,2.048754681281807
147,catalog_quadratic_z_delta,LCDM fixed H0=70 Om=0.3,450,0.02509,0.98846,-0.21226600785060554,0.2961619876541858,0.24191311889897146,-0.11582461904822043,-0.12524411900429655,0.5824708789664346,-2.0639153378501476,2.048754681281807
147,raw_no_catalog_correction,STAM b=354.95 union-style,450,0.02509,0.98846,0.13841344683009235,0.20234982595063314,0.16377478112360183,0.20232833524782154,0.16687406360955492,,,
147,raw_no_catalog_correction,STAM b=461.3626922 original,450,0.02509,0.98846,0.1241385986474109,0.19306725539879388,0.15504715643043643,0.18853295497391595,0.15321032318979633,,,
147,raw_no_catalog_correction,STAM b=1335.412792 DES-style,450,0.02509,0.98846,0.010341196676077443,0.15069847610887876,0.11770315180189138,0.07844504654000085,0.0448571631197332,,,
147,raw_no_catalog_correction,LCDM fixed H0=70 Om=0.3,450,0.02509,0.98846,0.0028467123799244655,0.14708057623191045,0.11547144681637678,0.05401794303274785,0.02173442997414199,,,
148,catalog_bin_median_delta,STAM b=354.95 union-style,450,0.0251,0.95791,-0.0917576058562816,0.282461611159209,0.195469515492543,0.005391010873245218,0.009322623409968145,,,
148,catalog_bin_median_delta,STAM b=461.3626922 original,450,0.0251,0.95791,-0.10599388091368589,0.28819318989098003,0.1983350255312682,-0.008400868859508772,-0.004459978313143154,,,
148,catalog_bin_median_delta,STAM b=1335.412792 DES-style,450,0.0251,0.95791,-0.2194926863550295,0.35164536237500693,0.25247818796433685,-0.1184613258155181,-0.11308427171917401,,,
148,catalog_bin_median_delta,LCDM fixed H0=70 Om=0.3,450,0.0251,0.95791,-0.22822829961778807,0.3291937360309158,0.25125332394473393,-0.14273820859008696,-0.14940902374046416,,,
148,catalog_linear_z_delta,STAM b=354.95 union-style,450,0.0251,0.95791,-0.09292175414434811,0.2546897997568578,0.2046393823581233,0.016029243134885053,0.010973782307093671,0.4957956837327338,-0.6945499445227454,
148,catalog_linear_z_delta,STAM b=461.3626922 original,450,0.0251,0.95791,-0.10715802920175242,0.2612630828888636,0.20980535610304424,0.002237363402131065,-0.0026623487303325533,0.4957956837327338,-0.6945499445227454,
148,catalog_linear_z_delta,STAM b=1335.412792 DES-style,450,0.0251,0.95791,-0.22065683464309602,0.33137244663154386,0.27150918164569227,-0.10782309355387827,-0.10917236874341896,0.4957956837327338,-0.6945499445227454,
148,catalog_linear_z_delta,LCDM fixed H0=70 Om=0.3,450,0.0251,0.95791,-0.2293924479058546,0.3122856486251637,0.26589386426913775,-0.1320999763284471,-0.15684687859018354,0.4957956837327338,-0.6945499445227454,
148,catalog_quadratic_z_delta,STAM b=354.95 union-style,450,0.0251,0.95791,-0.0965601727508044,0.2844697670708701,0.21585365354160824,0.012168597017165628,0.021206017616979267,0.6886784796125645,-2.5359287171995666,2.5002172281536965
148,catalog_quadratic_z_delta,STAM b=461.3626922 original,450,0.0251,0.95791,-0.11079644780820869,0.29047704745014463,0.21866663532478606,-0.0016232827155883613,0.007642782568417772,0.6886784796125645,-2.5359287171995666,2.5002172281536965
148,catalog_quadratic_z_delta,STAM b=1335.412792 DES-style,450,0.0251,0.95791,-0.22429525324955232,0.3555620406228742,0.26805510591302173,-0.1116837396715977,-0.10175524032169392,0.6886784796125645,-2.5359287171995666,2.5002172281536965
148,catalog_quadratic_z_delta,LCDM fixed H0=70 Om=0.3,450,0.0251,0.95791,-0.2330308665123109,0.33020463682127443,0.2624198719214893,-0.13596062244616652,-0.14271510052501313,0.6886784796125645,-2.5359287171995666,2.5002172281536965
148,raw_no_catalog_correction,STAM b=354.95 union-style,450,0.0251,0.95791,0.13311122663537076,0.19702347184777722,0.15810270026546858,0.19026649976213433,0.15291334202217044,,,
148,raw_no_catalog_correction,STAM b=461.3626922 original,450,0.0251,0.95791,0.11887495157796646,0.18785710976065959,0.14950483359705405,0.17647462002938033,0.13737816610520426,,,
148,raw_no_catalog_correction,STAM b=1335.412792 DES-style,450,0.0251,0.95791,0.0053761461366228416,0.14760125444309885,0.11224638792261775,0.066414163073371,0.02932005413542882,,,
148,raw_no_catalog_correction,LCDM fixed H0=70 Om=0.3,450,0.0251,0.95791,-0.0033594671261357317,0.1450761910078729,0.11240390803932901,0.04213728029880217,0.004423637044578044,,,
149,catalog_bin_median_delta,STAM b=354.95 union-style,450,0.02509,0.98846,-0.08653103781726386,0.31606028507191763,0.20682090573942793,0.0025094682079309727,0.02047492466165579,,,
149,catalog_bin_median_delta,STAM b=461.3626922 original,450,0.02509,0.98846,-0.10069227173400593,0.320981060463243,0.20850562909200102,-0.011288817733478503,0.006457427286882478,,,
149,catalog_bin_median_delta,STAM b=1335.412792 DES-style,450,0.02509,0.98846,-0.21360959135936997,0.37734890699990953,0.25556764528743736,-0.12139870032787459,-0.10601809481762814,,,
149,catalog_bin_median_delta,LCDM fixed H0=70 Om=0.3,450,0.02509,0.98846,-0.22429850490629075,0.35551422986180525,0.2544119114375898,-0.1453363529451429,-0.14032894576605415,,,
149,catalog_linear_z_delta,STAM b=354.95 union-style,450,0.02509,0.98846,-0.0839381522521062,0.2723626810582018,0.21904952464574728,0.015092144452984051,0.008166536132726776,0.5396836827273735,-0.7889670866915388,
149,catalog_linear_z_delta,STAM b=461.3626922 original,450,0.02509,0.98846,-0.09809938616884828,0.2781554451264477,0.2234064254390253,0.0012938585115745758,-0.005445115126111233,0.5396836827273735,-0.7889670866915388,
149,catalog_linear_z_delta,STAM b=1335.412792 DES-style,450,0.02509,0.98846,-0.2110167057942123,0.3422653304835824,0.27767741142547037,-0.1088160240828215,-0.10878601894868112,0.5396836827273735,-0.7889670866915388,
149,catalog_linear_z_delta,LCDM fixed H0=70 Om=0.3,450,0.02509,0.98846,-0.22170561934113311,0.321636412277129,0.27202788314299,-0.1327536767000898,-0.15406318161746668,0.5396836827273735,-0.7889670866915388,
149,catalog_quadratic_z_delta,STAM b=354.95 union-style,450,0.02509,0.98846,-0.09361654837582845,0.31250171728007414,0.23779697631897112,0.008991384187314095,0.03234654046701024,0.7558706592219686,-2.852822018026849,2.8022945264179753
149,catalog_quadratic_z_delta,STAM b=461.3626922 original,450,0.02509,0.98846,-0.10777778229257047,0.31786280480050094,0.24008146575002795,-0.004806901754095381,0.019486323738203026,0.7558706592219686,-2.852822018026849,2.8022945264179753
149,catalog_quadratic_z_delta,STAM b=1335.412792 DES-style,450,0.02509,0.98846,-0.22069510191793448,0.37727825004009624,0.2782118966489392,-0.11491678434849145,-0.09075269782965734,0.7558706592219686,-2.852822018026849,2.8022945264179753
149,catalog_quadratic_z_delta,LCDM fixed H0=70 Om=0.3,450,0.02509,0.98846,-0.23138401546485535,0.3511921392254298,0.2699986665382473,-0.13885443696575975,-0.12644927727922806,0.7558706592219686,-2.852822018026849,2.8022945264179753
149,raw_no_catalog_correction,STAM b=354.95 union-style,450,0.02509,0.98846,0.138799705334825,0.20590088209130103,0.1663231254037582,0.19021840154126388,0.16151080930433892,,,
149,raw_no_catalog_correction,STAM b=461.3626922 original,450,0.02509,0.98846,0.12463847141808294,0.1967702793614613,0.15718996466207416,0.1764201155998544,0.14769233241272417,,,
149,raw_no_catalog_correction,STAM b=1335.412792 DES-style,450,0.02509,0.98846,0.011721151792718914,0.1545247048711603,0.11932401484727492,0.06631023300545832,0.03802723849763723,,,
149,raw_no_catalog_correction,LCDM fixed H0=70 Om=0.3,450,0.02509,0.98846,0.0010322382457981164,0.15049407852931015,0.11477365022366705,0.04237258038819003,0.012639074855947285,,,
150,catalog_bin_median_delta,STAM b=354.95 union-style,450,0.02534,0.98024,-0.0776384609136023,0.28224451981699367,0.19280330603575926,0.00834433992030297,0.01559507085831413,,,
150,catalog_bin_median_delta,STAM b=461.3626922 original,450,0.02534,0.98024,-0.09177712914739822,0.2870861643456016,0.1945888405686999,-0.005436034430203292,0.002309702390448365,,,
150,catalog_bin_median_delta,STAM b=1335.412792 DES-style,450,0.02534,0.98024,-0.2045199324484658,0.34460317183599465,0.23956609649494107,-0.11540711564779564,-0.10518883936548207,,,
150,catalog_bin_median_delta,LCDM fixed H0=70 Om=0.3,450,0.02534,0.98024,-0.21608193752980825,0.32900163728281867,0.24800756474396216,-0.13981058892442041,-0.14517454197180157,,,
150,catalog_linear_z_delta,STAM b=354.95 union-style,450,0.02534,0.98024,-0.07163518797753662,0.2271741787882433,0.181076910821758,0.019138602973835205,-0.00846340961853187,0.45593330911508,-0.6184196358399665,
150,catalog_linear_z_delta,STAM b=461.3626922 original,450,0.02534,0.98024,-0.08577385621133254,0.2330208083128646,0.1856608201858896,0.005358228623328943,-0.021341039408476092,0.45593330911508,-0.6184196358399665,
150,catalog_linear_z_delta,STAM b=1335.412792 DES-style,450,0.02534,0.98024,-0.19851665951240013,0.30014758360930927,0.24526403177613,-0.10461285259426341,-0.12636394968880538,0.45593330911508,-0.6184196358399665,
150,catalog_linear_z_delta,LCDM fixed H0=70 Om=0.3,450,0.02534,0.98024,-0.21007866459374255,0.2848761023414475,0.2438485816017491,-0.12901632587088818,-0.16996122621225496,0.45593330911508,-0.6184196358399665,
150,catalog_quadratic_z_delta,STAM b=354.95 union-style,450,0.02534,0.98024,-0.0777547481239384,0.25900565969877487,0.19850358687306563,0.013197325342763138,0.014711758735938218,0.6439372995247676,-2.41322230623788,2.436976370234666
150,catalog_quadratic_z_delta,STAM b=461.3626922 original,450,0.02534,0.98024,-0.09189341635773433,0.26438651717061595,0.20119469338963578,-0.0005830490077431231,0.00036340659397993136,0.6439372995247676,-2.41322230623788,2.436976370234666
150,catalog_quadratic_z_delta,STAM b=1335.412792 DES-style,450,0.02534,0.98024,-0.20463621965880194,0.3266426182937161,0.2488251531872892,-0.11055413022533547,-0.10879460954963704,0.6439372995247676,-2.41322230623788,2.436976370234666
150,catalog_quadratic_z_delta,LCDM fixed H0=70 Om=0.3,450,0.02534,0.98024,-0.21619822474014438,0.3053653720142521,0.24560709274573836,-0.13495760350196026,-0.14759822045659376,0.6439372995247676,-2.41322230623788,2.436976370234666
150,raw_no_catalog_correction,STAM b=354.95 union-style,450,0.02534,0.98024,0.1336498233693681,0.19608439947608777,0.15757130087756835,0.18737153992030203,0.15025643431286184,,,
150,raw_no_catalog_correction,STAM b=461.3626922 original,450,0.02534,0.98024,0.11951115513557216,0.18682648397468887,0.14826153846720494,0.17359116556979576,0.13768420766683676,,,
150,raw_no_catalog_correction,STAM b=1335.412792 DES-style,450,0.02534,0.98024,0.006768351834504558,0.14516020762123727,0.11017581353361372,0.06362008435220341,0.023959977328406268,,,
150,raw_no_catalog_correction,LCDM fixed H0=70 Om=0.3,450,0.02534,0.98024,-0.004793653246837866,0.14511758834769659,0.11082016306100673,0.03921661107557864,0.0020697719548401494,,,
151,catalog_bin_median_delta,STAM b=354.95 union-style,450,0.02534,0.99268,-0.05730947539655393,0.27918850693454694,0.19024533707508148,0.01930195354958119,0.030284985115123675,,,
151,catalog_bin_median_delta,STAM b=461.3626922 original,450,0.02534,0.99268,-0.07151993636769446,0.2831036881473889,0.19063317557003154,0.005508828112217527,0.017079440694487857,,,
151,catalog_bin_median_delta,STAM b=1335.412792 DES-style,450,0.02534,0.99268,-0.184818695120975,0.3349542071978905,0.22630666945818909,-0.1045613305917734,-0.09048718281581003,,,
151,catalog_bin_median_delta,LCDM fixed H0=70 Om=0.3,450,0.02534,0.99268,-0.194219640162995,0.3181028111561325,0.23354618501164504,-0.12883467259863726,-0.13351902641476698,,,
151,catalog_linear_z_delta,STAM b=354.95 union-style,450,0.02534,0.99268,-0.06826521120482108,0.2349391341934448,0.19049412417065423,0.0284777036683397,0.025264952925052597,0.46130383945864695,-0.6385220164448355,
151,catalog_linear_z_delta,STAM b=461.3626922 original,450,0.02534,0.99268,-0.0824756721759616,0.2405333604875267,0.19429981655947628,0.014684578230976039,0.011878128908229257,0.46130383945864695,-0.6385220164448355,
151,catalog_linear_z_delta,STAM b=1335.412792 DES-style,450,0.02534,0.99268,-0.19577443092924218,0.305826195730344,0.24852440003958182,-0.09538558047301489,-0.0951579776985092,0.46130383945864695,-0.6385220164448355,
151,catalog_linear_z_delta,LCDM fixed H0=70 Om=0.3,450,0.02534,0.99268,-0.20517537597126215,0.28703001106144443,0.24238949919336797,-0.11965892247987875,-0.1403671096614758,0.46130383945864695,-0.6385220164448355,
151,catalog_quadratic_z_delta,STAM b=354.95 union-style,450,0.02534,0.99268,-0.07287147975331515,0.25722361933732946,0.19797609710571593,0.024516808900895404,0.035501793708906604,0.6408567353262296,-2.352645297969663,2.3274301970026556
151,catalog_quadratic_z_delta,STAM b=461.3626922 original,450,0.02534,0.99268,-0.0870819407244557,0.2625125647079362,0.20037421992221432,0.010723683463531744,0.02238787034650258,0.6408567353262296,-2.352645297969663,2.3274301970026556
151,catalog_quadratic_z_delta,STAM b=1335.412792 DES-style,450,0.02534,0.99268,-0.2003806994777363,0.32449533236456346,0.24479353096032289,-0.09934647524045918,-0.08547024126677272,0.6408567353262296,-2.352645297969663,2.3274301970026556
151,catalog_quadratic_z_delta,LCDM fixed H0=70 Om=0.3,450,0.02534,0.99268,-0.2097816445197562,0.2992609333953904,0.23865073397868475,-0.12361981724732304,-0.1283042976708728,0.6408567353262296,-2.352645297969663,2.3274301970026556
151,raw_no_catalog_correction,STAM b=354.95 union-style,450,0.02534,0.99268,0.14212470560324417,0.1971030689933083,0.162751985817239,0.19429675354958098,0.1647068731838779,,,
151,raw_no_catalog_correction,STAM b=461.3626922 original,450,0.02534,0.99268,0.12791424463210366,0.18730540148569783,0.15270574550635002,0.18050362811221735,0.15047670134169522,,,
151,raw_no_catalog_correction,STAM b=1335.412792 DES-style,450,0.02534,0.99268,0.01461548587882308,0.1400878425706078,0.10553376929746798,0.0704334694082264,0.03706618299453268,,,
151,raw_no_catalog_correction,LCDM fixed H0=70 Om=0.3,450,0.02534,0.99268,0.005214540836803131,0.1370258198595905,0.10729804907546771,0.04616012740136254,0.014830589468296296,,,
152,catalog_bin_median_delta,STAM b=354.95 union-style,450,0.02556,0.96689,-0.06985925213833034,0.26086852194183036,0.17673111142228903,-0.0045865441364982,0.013100269491506111,,,
152,catalog_bin_median_delta,STAM b=461.3626922 original,450,0.02556,0.96689,-0.08403140097650566,0.2656354265254933,0.17795653969531403,-0.018391248935255157,-0.0015075508759139211,,,
152,catalog_bin_median_delta,STAM b=1335.412792 DES-style,450,0.02556,0.96689,-0.19703418292348332,0.32403448199306445,0.22938274037520848,-0.12855143869294341,-0.11169677896473829,,,
152,catalog_bin_median_delta,LCDM fixed H0=70 Om=0.3,450,0.02556,0.96689,-0.20808982405770846,0.30886487772723903,0.23172458443235702,-0.15275138322109144,-0.14567497668802787,,,
152,catalog_linear_z_delta,STAM b=354.95 union-style,450,0.02556,0.96689,-0.07605498269511049,0.22403277892225265,0.18048242607233342,0.0030620241652832194,-0.02402016887492664,0.4245257618701292,-0.5486650352062473,
152,catalog_linear_z_delta,STAM b=461.3626922 original,450,0.02556,0.96689,-0.09022713153328582,0.23021274768646044,0.18550695016949326,-0.010742680633473738,-0.038585252648768886,0.4245257618701292,-0.5486650352062473,
152,catalog_linear_z_delta,STAM b=1335.412792 DES-style,450,0.02556,0.96689,-0.20322991348026348,0.29963900957096395,0.24781538895973124,-0.12090287039116199,-0.1464936591147783,0.4245257618701292,-0.5486650352062473,
152,catalog_linear_z_delta,LCDM fixed H0=70 Om=0.3,450,0.02556,0.96689,-0.2142855546144886,0.2847134297076935,0.24553639230332258,-0.14510281491931,-0.17524352730769266,0.4245257618701292,-0.5486650352062473,
152,catalog_quadratic_z_delta,STAM b=354.95 union-style,450,0.02556,0.96689,-0.07962226233495762,0.25160108644675433,0.18943260850130514,0.0014316427123004397,0.00755381699036306,0.5898368044246391,-2.126826753883305,2.1428220941816742
152,catalog_quadratic_z_delta,STAM b=461.3626922 original,450,0.02556,0.96689,-0.09379441117313292,0.2571942015311868,0.19246836501011794,-0.012373062086456518,-0.0071536998390300255,0.5898368044246391,-2.126826753883305,2.1428220941816742
152,catalog_quadratic_z_delta,STAM b=1335.412792 DES-style,450,0.02556,0.96689,-0.2067971931201106,0.32132354577286665,0.24560886822528388,-0.12253325184414476,-0.11502213867048283,0.5898368044246391,-2.126826753883305,2.1428220941816742
152,catalog_quadratic_z_delta,LCDM fixed H0=70 Om=0.3,450,0.02556,0.96689,-0.21785283425433571,0.30164389740685615,0.24357258353878788,-0.1467331963722928,-0.15214737087297792,0.5898368044246391,-2.126826753883305,2.1428220941816742
152,raw_no_catalog_correction,STAM b=354.95 union-style,450,0.02556,0.96689,0.1294703419015997,0.19283063512861645,0.1556001340009443,0.1749450336412805,0.15340530161041954,,,
152,raw_no_catalog_correction,STAM b=461.3626922 original,450,0.02556,0.96689,0.11529819306342436,0.18381628869996916,0.14626198225930678,0.16114032884252352,0.13913929596267138,,,
152,raw_no_catalog_correction,STAM b=1335.412792 DES-style,450,0.02556,0.96689,0.0022954111164467167,0.14562049767131988,0.111472794613641,0.050980139084835265,0.03057966861826955,,,
152,raw_no_catalog_correction,LCDM fixed H0=70 Om=0.3,450,0.02556,0.96689,-0.008760230017778384,0.13970972026563674,0.10517763714060228,0.02678019455668724,0.00447960392585145,,,
153,catalog_bin_median_delta,STAM b=354.95 union-style,450,0.0251,0.98,-0.077380665561665,0.2895267794665181,0.19407298675710163,-0.0033386430639837763,0.01066990946643287,,,
153,catalog_bin_median_delta,STAM b=461.3626922 original,450,0.0251,0.98,-0.09157867547166948,0.29423098771169587,0.1951453567088512,-0.01713517463397147,-0.004406322645280625,,,
153,catalog_bin_median_delta,STAM b=1335.412792 DES-style,450,0.0251,0.98,-0.2047824405339827,0.35062001199868054,0.23960907246681143,-0.1272317907388963,-0.1116004200001477,,,
153,catalog_bin_median_delta,LCDM fixed H0=70 Om=0.3,450,0.0251,0.98,-0.21560876493753198,0.33458207570710685,0.24291136660723464,-0.15147071959998995,-0.14509541201535825,,,
153,catalog_linear_z_delta,STAM b=354.95 union-style,450,0.0251,0.98,-0.09022363518611941,0.24244474276397696,0.19346801965565433,0.006127651063792664,-0.00802568299119244,0.4742121237584044,-0.6500143005325907,
153,catalog_linear_z_delta,STAM b=461.3626922 original,450,0.0251,0.98,-0.10442164509612388,0.24906563075637342,0.19867603071735584,-0.007668880506195026,-0.021473425562607673,0.4742121237584044,-0.6500143005325907,
153,catalog_linear_z_delta,STAM b=1335.412792 DES-style,450,0.0251,0.98,-0.21762541015843712,0.32003323227655595,0.2622594991639426,-0.11776549661111985,-0.12729363390786474,0.4742121237584044,-0.6500143005325907,
153,catalog_linear_z_delta,LCDM fixed H0=70 Om=0.3,450,0.0251,0.98,-0.22845173456198636,0.30391990276240854,0.26019167221414596,-0.1420044254722135,-0.1690023036283108,0.4742121237584044,-0.6500143005325907,
153,catalog_quadratic_z_delta,STAM b=354.95 union-style,450,0.0251,0.98,-0.08990609327449553,0.2789450557645647,0.2133601768814419,0.002895224065301502,0.01848701343170589,0.6689245009502053,-2.5088593909044716,2.5239329291607797
153,catalog_quadratic_z_delta,STAM b=461.3626922 original,450,0.0251,0.98,-0.10410410318449999,0.2845935563007579,0.21583474379714915,-0.01090130750468619,0.005141263824022246,0.6689245009502053,-2.5088593909044716,2.5239329291607797
153,catalog_quadratic_z_delta,STAM b=1335.412792 DES-style,450,0.0251,0.98,-0.2173078682468132,0.3475916849550457,0.25945753210456424,-0.12099792360961101,-0.10273609589099308,0.6689245009502053,-2.5088593909044716,2.5239329291607797
153,catalog_quadratic_z_delta,LCDM fixed H0=70 Om=0.3,450,0.0251,0.98,-0.22813419265036244,0.3258012825062984,0.2552586054158251,-0.14523685247070467,-0.14206042588302736,0.6689245009502053,-2.5088593909044716,2.5239329291607797
153,raw_no_catalog_correction,STAM b=354.95 union-style,450,0.0251,0.98,0.12781379407326426,0.19380053037949285,0.15849849359199886,0.179985890269348,0.15675962900883889,,,
153,raw_no_catalog_correction,STAM b=461.3626922 original,450,0.0251,0.98,0.1136157841632598,0.18489263414698098,0.14965908121358223,0.1661893586993603,0.1437069529646955,,,
153,raw_no_catalog_correction,STAM b=1335.412792 DES-style,450,0.0251,0.98,0.0004120191009465531,0.14775102472923146,0.11372011484951929,0.0560927425944355,0.03222934805425126,,,
153,raw_no_catalog_correction,LCDM fixed H0=70 Om=0.3,450,0.0251,0.98,-0.010414305302602686,0.14356881101206412,0.10768938983089642,0.03185381373334184,0.004638445298652982,,,
154,catalog_bin_median_delta,STAM b=354.95 union-style,450,0.02509,0.98536,-0.11156225225150065,0.2993763579306601,0.19610177355688546,-0.0194273236072746,-0.011790775048154956,,,
154,catalog_bin_median_delta,STAM b=461.3626922 original,450,0.02509,0.98536,-0.125770178775636,0.3057447110555708,0.2001901130333857,-0.033220201072079125,-0.02563739993415126,,,
154,catalog_bin_median_delta,STAM b=1335.412792 DES-style,450,0.02509,0.98536,-0.2390497365104244,0.3723779924395787,0.26562752383769944,-0.14328812989210918,-0.13502307702511018,,,
154,catalog_bin_median_delta,LCDM fixed H0=70 Om=0.3,450,0.02509,0.98536,-0.24884405738026077,0.35268411624701607,0.26678192629533004,-0.16732955860223647,-0.16804118691005598,,,
154,catalog_linear_z_delta,STAM b=354.95 union-style,450,0.02509,0.98536,-0.11056794218509435,0.2668662737765969,0.21703040003251522,-0.008730199620367833,-0.026788985225959294,0.5054804988777776,-0.7033222600771817,
154,catalog_linear_z_delta,STAM b=461.3626922 original,450,0.02509,0.98536,-0.12477586870922965,0.27409048032099587,0.22307747065236236,-0.02252307708517236,-0.03942280260565667,0.5054804988777776,-0.7033222600771817,
154,catalog_linear_z_delta,STAM b=1335.412792 DES-style,450,0.02509,0.98536,-0.23805542644401803,0.3474659712542832,0.2877762317663897,-0.1325910059052024,-0.14623124798276166,0.5054804988777776,-0.7033222600771817,
154,catalog_linear_z_delta,LCDM fixed H0=70 Om=0.3,450,0.02509,0.98536,-0.2478497473138544,0.3304392160683391,0.2841422598153645,-0.15663243461532972,-0.18981313546732181,0.5054804988777776,-0.7033222600771817,
154,catalog_quadratic_z_delta,STAM b=354.95 union-style,450,0.02509,0.98536,-0.11379046670984656,0.2873918071432392,0.21292201920630127,-0.014557275003020986,-0.013770408263727774,0.6867073175492996,-2.4334258466583183,2.3491281955925136
154,catalog_quadratic_z_delta,STAM b=461.3626922 original,450,0.02509,0.98536,-0.1279983932339819,0.29418406736262487,0.2176368683849927,-0.028350152467825514,-0.02753822522770122,0.6867073175492996,-2.4334258466583183,2.3491281955925136
154,catalog_quadratic_z_delta,STAM b=1335.412792 DES-style,450,0.02509,0.98536,-0.2412779509687703,0.3639926848683382,0.2757162431870231,-0.13841808128785554,-0.13350289791245018,0.6867073175492996,-2.4334258466583183,2.3491281955925136
154,catalog_quadratic_z_delta,LCDM fixed H0=70 Om=0.3,450,0.02509,0.98536,-0.2510722718386066,0.3405115087977842,0.2735121156333265,-0.16245950999798286,-0.17050824213949767,0.6867073175492996,-2.4334258466583183,2.3491281955925136
154,raw_no_catalog_correction,STAM b=354.95 union-style,450,0.02509,0.98536,0.11843922615553569,0.18610127485355346,0.14696712438059903,0.17105592083716986,0.13561191198610345,,,
154,raw_no_catalog_correction,STAM b=461.3626922 original,450,0.02509,0.98536,0.10423129963140033,0.17761813266285834,0.1387540719177728,0.15726304337236535,0.1221380688626148,,,
154,raw_no_catalog_correction,STAM b=1335.412792 DES-style,450,0.02509,0.98536,-0.00904825810338805,0.14665924197561403,0.11444852994427769,0.04719511455233533,0.009829012878501686,,,
154,raw_no_catalog_correction,LCDM fixed H0=70 Om=0.3,450,0.02509,0.98536,-0.018842578973224382,0.14446406427449715,0.11243879509837022,0.023153685842207998,-0.006613203288797109,,,
155,catalog_bin_median_delta,STAM b=354.95 union-style,450,0.0251,0.99268,-0.09387398133773639,0.3006335696100565,0.20136839807841891,-0.0061770039115525005,0.006479795258261589,,,
155,catalog_bin_median_delta,STAM b=461.3626922 original,450,0.0251,0.99268,-0.10812937275396836,0.30607271563406674,0.2034800402475295,-0.01996121221199543,-0.007610434158227264,,,
155,catalog_bin_median_delta,STAM b=1335.412792 DES-style,450,0.0251,0.99268,-0.22177481390023385,0.3668279394590629,0.2574329176214018,-0.1299616216300573,-0.11734729306328973,,,
155,catalog_bin_median_delta,LCDM fixed H0=70 Om=0.3,450,0.0251,0.99268,-0.228852624799675,0.3454398395150215,0.2535503628672024,-0.15396378247814352,-0.1521262781075059,,,
155,catalog_linear_z_delta,STAM b=354.95 union-style,450,0.0251,0.99268,-0.09585361225341965,0.2537458692240546,0.20572981890077102,0.0072247152511975485,-0.01544320560321566,0.4771168200872592,-0.6635637732320241,
155,catalog_linear_z_delta,STAM b=461.3626922 original,450,0.0251,0.99268,-0.11010900366965162,0.26050222783202875,0.21115879964734582,-0.00655949304924538,-0.029124716860874145,0.4771168200872592,-0.6635637732320241,
155,catalog_linear_z_delta,STAM b=1335.412792 DES-style,450,0.0251,0.99268,-0.22375444481591714,0.3318360167771371,0.2743618825939552,-0.11655990246730726,-0.13842208240849985,0.4771168200872592,-0.6635637732320241,
155,catalog_linear_z_delta,LCDM fixed H0=70 Om=0.3,450,0.0251,0.99268,-0.23083225571535823,0.31139385940307024,0.26758064203286136,-0.14056206331539348,-0.17776062056898212,0.4771168200872592,-0.6635637732320241,
155,catalog_quadratic_z_delta,STAM b=354.95 union-style,450,0.0251,0.99268,-0.1079011140692412,0.29636206919072056,0.2265493309320869,-0.0016593253433682441,0.011954963800057783,0.6690884986809909,-2.496244455328042,2.488406993211891
155,catalog_quadratic_z_delta,STAM b=461.3626922 original,450,0.0251,0.99268,-0.12215650548547317,0.3026068094068889,0.23003980498473295,-0.015443533643811173,-0.001487323603253543,0.6690884986809909,-2.496244455328042,2.488406993211891
155,catalog_quadratic_z_delta,STAM b=1335.412792 DES-style,450,0.0251,0.99268,-0.23580194663173867,0.3687182044796633,0.2820379833636401,-0.12544394306187304,-0.11044366272369999,0.6690884986809909,-2.496244455328042,2.488406993211891
155,catalog_quadratic_z_delta,LCDM fixed H0=70 Om=0.3,450,0.0251,0.99268,-0.2428797575311798,0.34366856945621926,0.2754390627181769,-0.14944610390995927,-0.1491423454588947,0.6690884986809909,-2.496244455328042,2.488406993211891
155,raw_no_catalog_correction,STAM b=354.95 union-style,450,0.0251,0.99268,0.12489487533456348,0.19558217760242408,0.1565432912580588,0.17583655164400325,0.14258447682315278,,,
155,raw_no_catalog_correction,STAM b=461.3626922 original,450,0.0251,0.99268,0.1106394839183315,0.18694275600218935,0.14824534555180852,0.16205234334356033,0.12706465120109556,,,
155,raw_no_catalog_correction,STAM b=1335.412792 DES-style,450,0.0251,0.99268,-0.003005957227934014,0.15253872294272025,0.11512513774517477,0.05205193392549844,0.007491234303472538,,,
155,raw_no_catalog_correction,LCDM fixed H0=70 Om=0.3,450,0.0251,0.99268,-0.010083768127375126,0.14841819671892162,0.11349917443669212,0.028049773077412223,-0.0061496985001738835,,,
156,catalog_bin_median_delta,STAM b=354.95 union-style,450,0.02509,0.98024,-0.09707157169370213,0.30730179333929913,0.2078123772786976,-0.007092222918036223,0.005257033153299062,,,
156,catalog_bin_median_delta,STAM b=461.3626922 original,450,0.02509,0.98024,-0.11130180143100685,0.3127635496886737,0.21000467795209488,-0.020895153836062975,-0.007701577400546,,,
156,catalog_bin_median_delta,STAM b=1335.412792 DES-style,450,0.02509,0.98024,-0.22475439451414328,0.37328030341716606,0.2570005593334749,-0.13104138873985477,-0.1188398130780044,,,
156,catalog_bin_median_delta,LCDM fixed H0=70 Om=0.3,450,0.02509,0.98024,-0.23411357839488084,0.35447508453327864,0.26183825309938724,-0.15512437776671612,-0.14881647216109783,,,
156,catalog_linear_z_delta,STAM b=354.95 union-style,450,0.02509,0.98024,-0.0989600065595059,0.2508415787536073,0.20272225313909045,0.0014438177062338297,-0.009630688794498354,0.48453947373997036,-0.661441859187998,
156,catalog_linear_z_delta,STAM b=461.3626922 original,450,0.02509,0.98024,-0.1131902362968106,0.2577863012239861,0.2082773363277162,-0.012359113211792921,-0.02284611111645063,0.48453947373997036,-0.661441859187998,
156,catalog_linear_z_delta,STAM b=1335.412792 DES-style,450,0.02509,0.98024,-0.22664282937994706,0.3303301864159291,0.27277105273117336,-0.12250534811558474,-0.12883736652314326,0.48453947373997036,-0.661441859187998,
156,catalog_linear_z_delta,LCDM fixed H0=70 Om=0.3,450,0.02509,0.98024,-0.2360020132606846,0.3130343276231927,0.26819626629097704,-0.14658833714244604,-0.17287832680774073,0.48453947373997036,-0.661441859187998,
156,catalog_quadratic_z_delta,STAM b=354.95 union-style,450,0.02509,0.98024,-0.10073611026122871,0.28588600223013455,0.21772905450387656,-0.0020483086169472467,0.007642367912520598,0.6709697516223464,-2.4412208939689126,2.416577333840584
156,catalog_quadratic_z_delta,STAM b=461.3626922 original,450,0.02509,0.98024,-0.1149663399985334,0.2919928270273062,0.22121604165048164,-0.015851239534974,-0.006043667130789743,0.6709697516223464,-2.4412208939689126,2.416577333840584
156,catalog_quadratic_z_delta,STAM b=1335.412792 DES-style,450,0.02509,0.98024,-0.2284189330816699,0.3576329314239499,0.2730483135938798,-0.1259974744387658,-0.1153742315289783,0.6709697516223464,-2.4412208939689126,2.416577333840584
156,catalog_quadratic_z_delta,LCDM fixed H0=70 Om=0.3,450,0.02509,0.98024,-0.23777811696240747,0.33409405997476477,0.2674865927533425,-0.15008046346562715,-0.1527845148221516,0.6709697516223464,-2.4412208939689126,2.416577333840584
156,raw_no_catalog_correction,STAM b=354.95 union-style,450,0.02509,0.98024,0.12825111405251322,0.1948175360637219,0.1575017952472272,0.1810692215264081,0.1498941204844897,,,
156,raw_no_catalog_correction,STAM b=461.3626922 original,450,0.02509,0.98024,0.11402088431520847,0.18592055135964553,0.14884569041943455,0.16726629060838136,0.1343995383236951,,,
156,raw_no_catalog_correction,STAM b=1335.412792 DES-style,450,0.02509,0.98024,0.0005682912320720632,0.14888600992858872,0.11515168646563302,0.05712005570458954,0.02212031204592435,,,
156,raw_no_catalog_correction,LCDM fixed H0=70 Om=0.3,450,0.02509,0.98024,-0.008790892648665519,0.14514319409402113,0.11564953279326486,0.033037066677728225,0.004941560838659598,,,
157,catalog_bin_median_delta,STAM b=354.95 union-style,450,0.0251,0.98024,-0.08042898891504974,0.30018448211233356,0.20095298221217656,0.009079100322282664,0.015373047836849452,,,
157,catalog_bin_median_delta,STAM b=461.3626922 original,450,0.0251,0.98024,-0.09469924610412864,0.30499644062214015,0.2023220761351776,-0.004715255213884275,0.00222285886863105,,,
157,catalog_bin_median_delta,STAM b=1335.412792 DES-style,450,0.0251,0.98024,-0.2084611825662493,0.36171677584146583,0.2443892359029373,-0.11479486605132175,-0.10416378206490151,,,
157,catalog_bin_median_delta,LCDM fixed H0=70 Om=0.3,450,0.0251,0.98024,-0.21616355123922032,0.3414553925935007,0.24679266541691716,-0.1389813032929346,-0.14179376678158206,,,
157,catalog_linear_z_delta,STAM b=354.95 union-style,450,0.0251,0.98024,-0.09195677621718859,0.2508924116272801,0.20523010760237237,0.01894006699860215,0.005216655812517956,0.47596778869228096,-0.6617001159195023,
157,catalog_linear_z_delta,STAM b=461.3626922 original,450,0.0251,0.98024,-0.10622703340626748,0.25752041771604883,0.21055060366432227,0.0051457114624352115,-0.008634046635943804,0.47596778869228096,-0.6617001159195023,
157,catalog_linear_z_delta,STAM b=1335.412792 DES-style,450,0.0251,0.98024,-0.21998896986838817,0.3282658044026311,0.2714308394166388,-0.10493389937500225,-0.11636896172853284,0.47596778869228096,-0.6617001159195023,
157,catalog_linear_z_delta,LCDM fixed H0=70 Om=0.3,450,0.0251,0.98024,-0.2276913385413592,0.30758418048819575,0.26462962287405306,-0.1291203366166151,-0.15812703679788243,0.47596778869228096,-0.6617001159195023,
157,catalog_quadratic_z_delta,STAM b=354.95 union-style,450,0.0251,0.98024,-0.09462145126601508,0.2861056320296973,0.22139787953650564,0.01472744860975322,0.030171261072609923,0.6703724878474279,-2.5176079209677806,2.5199446941061323
157,catalog_quadratic_z_delta,STAM b=461.3626922 original,450,0.0251,0.98024,-0.10889170845509402,0.29200995959308856,0.2242050750483916,0.0009330930735862826,0.015592093404094953,0.6703724878474279,-2.5176079209677806,2.5199446941061323
157,catalog_quadratic_z_delta,STAM b=1335.412792 DES-style,450,0.0251,0.98024,-0.22265364491721468,0.35645213285519284,0.2711137498603033,-0.10914651776385119,-0.09507752787219914,0.6703724878474279,-2.5176079209677806,2.5199446941061323
157,catalog_quadratic_z_delta,LCDM fixed H0=70 Om=0.3,450,0.0251,0.98024,-0.2303560135901857,0.32935785982221283,0.2629082289561964,-0.13333295500546402,-0.13269507928389146,0.6703724878474279,-2.5176079209677806,2.5199446941061323
157,raw_no_catalog_correction,STAM b=354.95 union-style,450,0.0251,0.98024,0.13088593596971426,0.19295807279955776,0.1538676920971011,0.1888192336556145,0.15355683628828842,,,
157,raw_no_catalog_correction,STAM b=461.3626922 original,450,0.0251,0.98024,0.11661567878063539,0.18379945600674918,0.14470583553485789,0.17502487811944756,0.13981410614866618,,,
157,raw_no_catalog_correction,STAM b=1335.412792 DES-style,450,0.0251,0.98024,0.0028537423185146836,0.1447719885702456,0.10917884167219394,0.06494526728201011,0.025032172746989545,,,
157,raw_no_catalog_correction,LCDM fixed H0=70 Om=0.3,450,0.0251,0.98024,-0.004848626354456333,0.13885463872642986,0.1040659793834829,0.04075883004039726,0.003961281498721547,,,
158,catalog_bin_median_delta,STAM b=354.95 union-style,450,0.02509,0.99268,-0.09624533691377224,0.2945468610466788,0.20138724773283675,0.007112643030492084,0.005223610079418961,,,
158,catalog_bin_median_delta,STAM b=461.3626922 original,450,0.02509,0.99268,-0.1104593921780309,0.30022680464531465,0.20448938023923738,-0.006677928666339091,-0.007487329358639272,,,
158,catalog_bin_median_delta,STAM b=1335.412792 DES-style,450,0.02509,0.99268,-0.22378540097940927,0.3627081547716473,0.25967384858912196,-0.11672804066086809,-0.11790006686313248,,,
158,catalog_bin_median_delta,LCDM fixed H0=70 Om=0.3,450,0.02509,0.99268,-0.2326295577187011,0.34330316023367435,0.2621547558207639,-0.1408739508980931,-0.15628206330651295,,,
158,catalog_linear_z_delta,STAM b=354.95 union-style,450,0.02509,0.99268,-0.09522815995077262,0.25329569890583253,0.20887130753247476,0.014194076601947027,-0.006644918794062704,0.4852652022740097,-0.6705141042644143,
158,catalog_linear_z_delta,STAM b=461.3626922 original,450,0.02509,0.99268,-0.10944221521503128,0.2600137402245194,0.213960890707493,0.00040350490511585234,-0.018919493727882042,0.4852652022740097,-0.6705141042644143,
158,catalog_linear_z_delta,STAM b=1335.412792 DES-style,450,0.02509,0.99268,-0.2227682240164097,0.3310157062309059,0.2757295193766992,-0.10964660708941314,-0.12500094868912015,0.4852652022740097,-0.6705141042644143,
158,catalog_linear_z_delta,LCDM fixed H0=70 Om=0.3,450,0.02509,0.99268,-0.23161238075570148,0.31270799472793037,0.2698268095613712,-0.13379251732663813,-0.17023930092539175,0.4852652022740097,-0.6705141042644143,
158,catalog_quadratic_z_delta,STAM b=354.95 union-style,450,0.02509,0.99268,-0.10294306863061538,0.2785994188151282,0.2111119561865482,0.009086753484060526,0.00137509073420361,0.6622228649563708,-2.3598616805449493,2.2937898368493834
158,catalog_quadratic_z_delta,STAM b=461.3626922 original,450,0.02509,0.99268,-0.11715712389487408,0.28501238602190776,0.21537899889013287,-0.0047038182127706486,-0.012621317872650195,0.6622228649563708,-2.3598616805449493,2.2937898368493834
158,catalog_quadratic_z_delta,STAM b=1335.412792 DES-style,450,0.02509,0.99268,-0.23048313269625242,0.3528793092492723,0.2716412505446038,-0.11475393020729964,-0.12259632547028687,0.6622228649563708,-2.3598616805449493,2.2937898368493834
158,catalog_quadratic_z_delta,LCDM fixed H0=70 Om=0.3,450,0.02509,0.99268,-0.2393272894355442,0.3291044720021359,0.26694564134646664,-0.13889984044452464,-0.16032834194714596,0.6622228649563708,-2.3598616805449493,2.2937898368493834
158,raw_no_catalog_correction,STAM b=354.95 union-style,450,0.02509,0.99268,0.12662778030927224,0.19297366923903342,0.15356292885315104,0.188735309697158,0.14579074482841392,,,
158,raw_no_catalog_correction,STAM b=461.3626922 original,450,0.02509,0.99268,0.11241372504501361,0.1841237412679446,0.14505799343883533,0.1749447380003268,0.13066637163777628,,,
158,raw_no_catalog_correction,STAM b=1335.412792 DES-style,450,0.02509,0.99268,-0.0009122837563648197,0.14790265008347037,0.11478204612946208,0.06489462600579782,0.023003021135249213,,,
158,raw_no_catalog_correction,LCDM fixed H0=70 Om=0.3,450,0.02509,0.99268,-0.009756440495656602,0.1458074917549811,0.11302201491112433,0.040748715768572814,-0.002179067290022374,,,
159,catalog_bin_median_delta,STAM b=354.95 union-style,450,0.02534,0.99268,-0.08148792001329057,0.2833676456192683,0.1998725647118591,-0.004318593963807871,0.004917305369868785,,,
159,catalog_bin_median_delta,STAM b=461.3626922 original,450,0.02534,0.99268,-0.09573255047508025,0.2883891774615832,0.20206775904741908,-0.018122021809500413,-0.00874898388893186,,,
159,catalog_bin_median_delta,STAM b=1335.412792 DES-style,450,0.02534,0.99268,-0.20929615120725134,0.3473089512508607,0.24888119474395237,-0.12827218609744592,-0.11684191225360863,,,
159,catalog_bin_median_delta,LCDM fixed H0=70 Om=0.3,450,0.02534,0.99268,-0.2178485657117484,0.3309107816005715,0.2550661774588758,-0.152420044633077,-0.15617749119932256,,,
159,catalog_linear_z_delta,STAM b=354.95 union-style,450,0.02534,0.99268,-0.08581914660107728,0.2308646597205289,0.18765146372067845,0.0034344945950008014,-0.013805509430728335,0.4709003292431239,-0.636653799656062,
159,catalog_linear_z_delta,STAM b=461.3626922 original,450,0.02534,0.99268,-0.10006377706286694,0.23747465995535175,0.1931610823130487,-0.010368933250691742,-0.027604455419883323,0.4709003292431239,-0.636653799656062,
159,catalog_linear_z_delta,STAM b=1335.412792 DES-style,450,0.02534,0.99268,-0.21362737779503807,0.3092306021213239,0.2582438164825218,-0.12051909753863724,-0.13275380041451967,0.4709003292431239,-0.636653799656062,
159,catalog_linear_z_delta,LCDM fixed H0=70 Om=0.3,450,0.02534,0.99268,-0.22217979229953513,0.2939137240694276,0.2531864850336279,-0.14466695607426833,-0.17132882716993691,0.4709003292431239,-0.636653799656062,
159,catalog_quadratic_z_delta,STAM b=354.95 union-style,450,0.02534,0.99268,-0.08882046679055954,0.26293129139355403,0.20448282891921865,0.001819161624944267,0.00850269944700699,0.6520066312706911,-2.3656068596237683,2.347566014848914
159,catalog_quadratic_z_delta,STAM b=461.3626922 original,450,0.02534,0.99268,-0.10306509725234919,0.268837090426058,0.20798468622212174,-0.011984266220748276,-0.005209533024657986,0.6520066312706911,-2.3656068596237683,2.347566014848914
159,catalog_quadratic_z_delta,STAM b=1335.412792 DES-style,450,0.02534,0.99268,-0.2166286979845203,0.3344561339298372,0.26097199289322676,-0.12213443050869377,-0.11239068973497623,0.6520066312706911,-2.3656068596237683,2.347566014848914
159,catalog_quadratic_z_delta,LCDM fixed H0=70 Om=0.3,450,0.02534,0.99268,-0.2251811124890174,0.31247835728662876,0.2543199738854844,-0.14628228904432486,-0.15074727936948307,0.6520066312706911,-2.3656068596237683,2.347566014848914
159,raw_no_catalog_correction,STAM b=354.95 union-style,450,0.02534,0.99268,0.1387596476982106,0.20246188570851167,0.16616759992596156,0.18101029492508,0.15243823135526569,,,
159,raw_no_catalog_correction,STAM b=461.3626922 original,450,0.02534,0.99268,0.12451501723642096,0.19299270080352993,0.15658739252891263,0.16720686707938745,0.13895220587101775,,,
159,raw_no_catalog_correction,STAM b=1335.412792 DES-style,450,0.02534,0.99268,0.010951416504249849,0.14847195573099753,0.11274928115637729,0.057056702791441975,0.029698266237421223,,,
159,raw_no_catalog_correction,LCDM fixed H0=70 Om=0.3,450,0.02534,0.99268,0.002399001999752752,0.15202097100349363,0.11875517627628693,0.03290884425581088,0.007983033326397049,,,
160,catalog_bin_median_delta,STAM b=354.95 union-style,450,0.02509,0.99268,-0.08185641247993986,0.27491693717384624,0.19441396621935325,0.019736809429196252,0.014872145887078858,,,
160,catalog_bin_median_delta,STAM b=461.3626922 original,450,0.02509,0.99268,-0.09609388199000633,0.28019964989966134,0.19675082356076445,0.005937510851000493,0.0012990750971653142,,,
160,catalog_bin_median_delta,STAM b=1335.412792 DES-style,450,0.02509,0.99268,-0.2096027301611759,0.34121510481505213,0.24910761976990264,-0.1041802229403145,-0.10961639475446106,,,
160,catalog_bin_median_delta,LCDM fixed H0=70 Om=0.3,450,0.02509,0.99268,-0.21888506091527837,0.3220542335890094,0.24713384053492937,-0.1280929504481695,-0.14637748581609245,,,
160,catalog_linear_z_delta,STAM b=354.95 union-style,450,0.02509,0.99268,-0.09081377782724981,0.24932961296239525,0.20038061119499406,0.028514996113823576,0.00806144767252448,0.48965480463713834,-0.6731852488344089,
160,catalog_linear_z_delta,STAM b=461.3626922 original,450,0.02509,0.99268,-0.10505124733731627,0.25585049285252676,0.20551163143105447,0.014715697535627818,-0.005667981658366017,0.48965480463713834,-0.6731852488344089,
160,catalog_linear_z_delta,STAM b=1335.412792 DES-style,450,0.02509,0.99268,-0.21856009550848587,0.3259467511511114,0.2699495479184173,-0.09540203625568718,-0.11241392555479024,0.48965480463713834,-0.6731852488344089,
160,catalog_linear_z_delta,LCDM fixed H0=70 Om=0.3,450,0.02509,0.99268,-0.22784242626258835,0.30899384875650876,0.26669107669719966,-0.11931476376354219,-0.15819770852004567,0.48965480463713834,-0.6731852488344089,
160,catalog_quadratic_z_delta,STAM b=354.95 union-style,450,0.02509,0.99268,-0.09159366204583222,0.27823559082879634,0.2150606680081423,0.023364487235361147,0.014951688965730625,0.6727115793710895,-2.420758730710862,2.3728487542518795
160,catalog_quadratic_z_delta,STAM b=461.3626922 original,450,0.02509,0.99268,-0.1058311315558987,0.28404177503356925,0.21831648569119394,0.009565188657165385,0.0006503536375781493,0.6727115793710895,-2.420758730710862,2.3728487542518795
160,catalog_quadratic_z_delta,STAM b=1335.412792 DES-style,450,0.02509,0.99268,-0.21933997972706828,0.34818012020741046,0.26646308634994836,-0.1005525451341496,-0.11172403664744834,0.6727115793710895,-2.420758730710862,2.3728487542518795
160,catalog_quadratic_z_delta,LCDM fixed H0=70 Om=0.3,450,0.02509,0.99268,-0.22862231048117077,0.3249034125142769,0.259827822371613,-0.12446527264200463,-0.14596111716856797,0.6727115793710895,-2.420758730710862,2.3728487542518795
160,raw_no_catalog_correction,STAM b=354.95 union-style,450,0.02509,0.99268,0.13787699578059548,0.20424319634845126,0.16519426481554714,0.2072302316514182,0.16710084293226402,,,
160,raw_no_catalog_correction,STAM b=461.3626922 original,450,0.02509,0.99268,0.12363952627052899,0.19503594193913137,0.15633816286764288,0.19343093307322248,0.15375157808749407,,,
160,raw_no_catalog_correction,STAM b=1335.412792 DES-style,450,0.02509,0.99268,0.010130678099359398,0.15282075260543648,0.1178454368316351,0.08331319928190749,0.04257583936844611,,,
160,raw_no_catalog_correction,LCDM fixed H0=70 Om=0.3,450,0.02509,0.99268,0.0008483473452569349,0.1509488266075416,0.1183572733376613,0.059400471774052464,0.011573898305442754,,,
161,catalog_bin_median_delta,STAM b=354.95 union-style,450,0.02519,0.98158,-0.07705269497530141,0.2814226310465004,0.1918673165250633,-0.0050462135230514744,0.015056703120094994,,,
161,catalog_bin_median_delta,STAM b=461.3626922 original,450,0.02519,0.98158,-0.09130845055157477,0.28637064656430145,0.19293849358012308,-0.018834702054759272,0.0017634538679089928,,,
161,catalog_bin_median_delta,STAM b=1335.412792 DES-style,450,0.02519,0.98158,-0.20495907967027152,0.34492710158419243,0.23917917748913078,-0.1288689164283683,-0.10736911986365527,,,
161,catalog_bin_median_delta,LCDM fixed H0=70 Om=0.3,450,0.02519,0.98158,-0.2138366965870677,0.3244015648358646,0.2386359003013449,-0.15325884127478523,-0.13846544594863985,,,
161,catalog_linear_z_delta,STAM b=354.95 union-style,450,0.02519,0.98158,-0.07959697372146396,0.2339132133856002,0.19132593494284392,0.007125268721404138,0.0020212082135238063,0.4650683046488501,-0.6415128952398355,
161,catalog_linear_z_delta,STAM b=461.3626922 original,450,0.02519,0.98158,-0.09385272929773734,0.24014845941835622,0.19637024210780193,-0.00666321981030366,-0.011564194972006447,0.4650683046488501,-0.6415128952398355,
161,catalog_linear_z_delta,STAM b=1335.412792 DES-style,450,0.02519,0.98158,-0.2075033584164341,0.3095086706192936,0.2570254652883163,-0.1166974341839127,-0.11761869598043617,0.4650683046488501,-0.6415128952398355,
161,catalog_linear_z_delta,LCDM fixed H0=70 Om=0.3,450,0.02519,0.98158,-0.21638097533323028,0.29199118549837605,0.2516421033085361,-0.1410873590303296,-0.15947918928232596,0.4650683046488501,-0.6415128952398355,
161,catalog_quadratic_z_delta,STAM b=354.95 union-style,450,0.02519,0.98158,-0.07823701944963134,0.26413646770379656,0.20187734054913073,0.003157593402444974,0.017352400575163074,0.6541689843036321,-2.4467852412090103,2.451192056667498
161,catalog_quadratic_z_delta,STAM b=461.3626922 original,450,0.02519,0.98158,-0.09249277502590468,0.2695355363087827,0.20439734935758871,-0.010630895129262826,0.004398114489760019,0.6541689843036321,-2.4467852412090103,2.451192056667498
161,catalog_quadratic_z_delta,STAM b=1335.412792 DES-style,450,0.02519,0.98158,-0.20614340414460147,0.33193256992799847,0.25180458073384626,-0.12066510950287186,-0.10439424405671005,0.6541689843036321,-2.4467852412090103,2.451192056667498
161,catalog_quadratic_z_delta,LCDM fixed H0=70 Om=0.3,450,0.02519,0.98158,-0.21502102106139764,0.3072831658158289,0.24528089009655363,-0.14505503434928876,-0.14748446150591477,0.6541689843036321,-2.4467852412090103,2.451192056667498
161,raw_no_catalog_correction,STAM b=354.95 union-style,450,0.02519,0.98158,0.13893761004292743,0.19737942710833095,0.1623137815215039,0.17481505314361398,0.15773430043173065,,,
161,raw_no_catalog_correction,STAM b=461.3626922 original,450,0.02519,0.98158,0.12468185446665407,0.18775180975287348,0.15282787253091776,0.16102656461190618,0.1445050162008492,,,
161,raw_no_catalog_correction,STAM b=1335.412792 DES-style,450,0.02519,0.98158,0.011031225347957328,0.14265270037786298,0.10898209303172972,0.050992350238297145,0.03174028696730957,,,
161,raw_no_catalog_correction,LCDM fixed H0=70 Om=0.3,450,0.02519,0.98158,0.0021536084311611736,0.1408538592962561,0.10881747132292681,0.026602425391880236,0.007712691285025386,,,
162,catalog_bin_median_delta,STAM b=354.95 union-style,450,0.02519,0.98536,-0.09455721659001548,0.2766160380568552,0.1844066371381242,0.006175927259990712,0.009158645300985313,,,
162,catalog_bin_median_delta,STAM b=461.3626922 original,450,0.02519,0.98536,-0.10876910821241441,0.28250555665285304,0.18706657334593105,-0.007627658930592405,-0.005081201191153184,,,
162,catalog_bin_median_delta,STAM b=1335.412792 DES-style,450,0.02519,0.98536,-0.22207930321932542,0.34720224674087957,0.24714330870118295,-0.1177791879754694,-0.11908345645466767,,,
162,catalog_bin_median_delta,LCDM fixed H0=70 Om=0.3,450,0.02519,0.98536,-0.23170842019813517,0.32750368951495884,0.2484147923985053,-0.1420200797077931,-0.1547730472204769,,,
162,catalog_linear_z_delta,STAM b=354.95 union-style,450,0.02519,0.98536,-0.08911545856445652,0.2297433536154463,0.1796412351787484,0.013754566943437397,-0.0045137313638896615,0.4481275215351823,-0.5956410343107835,
162,catalog_linear_z_delta,STAM b=461.3626922 original,450,0.02519,0.98536,-0.1033273501868554,0.2365975750706157,0.18451139581523837,-4.901924714572045e-05,-0.018607345746804782,0.4481275215351823,-0.5956410343107835,
162,catalog_linear_z_delta,STAM b=1335.412792 DES-style,450,0.02519,0.98536,-0.21663754519376643,0.3097452372223532,0.25296636245904053,-0.11020054829202271,-0.12660688828792033,0.4481275215351823,-0.5956410343107835,
162,catalog_linear_z_delta,LCDM fixed H0=70 Om=0.3,450,0.02519,0.98536,-0.22626666217257618,0.29308583932449833,0.25124776760704876,-0.1344414400243464,-0.16414083839432791,0.4481275215351823,-0.5956410343107835,
162,catalog_quadratic_z_delta,STAM b=354.95 union-style,450,0.02519,0.98536,-0.09196657686650474,0.26735880792391975,0.1965403201431278,0.012347188513412245,0.008602119149966114,0.6212450549934356,-2.248328355821821,2.2440126796868958
162,catalog_quadratic_z_delta,STAM b=461.3626922 original,450,0.02519,0.98536,-0.10617846848890362,0.2733470127526993,0.2000838257795291,-0.0014563976771708711,-0.004980285127338391,0.6212450549934356,-2.248328355821821,2.2440126796868958
162,catalog_quadratic_z_delta,STAM b=1335.412792 DES-style,450,0.02519,0.98536,-0.21948866349581467,0.33913721299890254,0.2550002562245163,-0.11160792672204786,-0.11319619571182216,0.6212450549934356,-2.248328355821821,2.2440126796868958
162,catalog_quadratic_z_delta,LCDM fixed H0=70 Om=0.3,450,0.02519,0.98536,-0.22911778047462447,0.31668190904018795,0.2522728922683096,-0.13584881845437158,-0.14988875847457095,0.6212450549934356,-2.248328355821821,2.2440126796868958
162,raw_no_catalog_correction,STAM b=354.95 union-style,450,0.02519,0.98536,0.1252632601906661,0.18841577895054093,0.15099399702923197,0.1875114161488788,0.141428632859256,,,
162,raw_no_catalog_correction,STAM b=461.3626922 original,450,0.02519,0.98536,0.11105136856826715,0.17941985491327006,0.14244760631532008,0.17370782995829567,0.12735191394249057,,,
162,raw_no_catalog_correction,STAM b=1335.412792 DES-style,450,0.02519,0.98536,-0.0022588264386438493,0.14277067966925924,0.10816006822972742,0.0635563009134187,0.015250872885669509,,,
162,raw_no_catalog_correction,LCDM fixed H0=70 Om=0.3,450,0.02519,0.98536,-0.011887943417453624,0.13917289094740057,0.10668330689777479,0.03931540918109499,-0.006780037205125211,,,
163,catalog_bin_median_delta,STAM b=354.95 union-style,450,0.02509,0.99268,-0.07594680647123739,0.2667625846535904,0.18585940000480625,0.006175770463062662,0.019553086885622406,,,
163,catalog_bin_median_delta,STAM b=461.3626922 original,450,0.02509,0.99268,-0.09021469474261613,0.2718458394884178,0.1873311329951972,-0.007616718021839435,0.0053319834349672135,,,
163,catalog_bin_median_delta,STAM b=1335.412792 DES-style,450,0.02509,0.99268,-0.2039591116418557,0.3321605811888536,0.23562727991341645,-0.11768222755924895,-0.10464567644570977,,,
163,catalog_bin_median_delta,LCDM fixed H0=70 Om=0.3,450,0.02509,0.99268,-0.2123457113637724,0.3130887582761459,0.2349660579797243,-0.14219774535950974,-0.1364543669845375,,,
163,catalog_linear_z_delta,STAM b=354.95 union-style,450,0.02509,0.99268,-0.07980841531436958,0.22565850197356976,0.1827352400215295,0.0172390187167959,-0.005288993295739175,0.4315846413149749,-0.5755859925906393,
163,catalog_linear_z_delta,STAM b=461.3626922 original,450,0.02509,0.99268,-0.0940763035857483,0.23205297051261434,0.188074736527627,0.003446530231893803,-0.01970160394420617,0.4315846413149749,-0.5755859925906393,
163,catalog_linear_z_delta,STAM b=1335.412792 DES-style,450,0.02509,0.99268,-0.20782072048498793,0.3029411371053114,0.25153964459087574,-0.10661897930551571,-0.1283292842236996,0.4315846413149749,-0.5755859925906393,
163,catalog_linear_z_delta,LCDM fixed H0=70 Om=0.3,450,0.02509,0.99268,-0.21620732020690453,0.285760876929628,0.24694370177732278,-0.13113449710577652,-0.16617736723905097,0.4315846413149749,-0.5755859925906393,
163,catalog_quadratic_z_delta,STAM b=354.95 union-style,450,0.02509,0.99268,-0.07895893789658405,0.25677182261517395,0.19867783225124258,0.015463375500406534,0.018396831631836363,0.6022176220581438,-2.2045542332563137,2.2118070002006838
163,catalog_quadratic_z_delta,STAM b=461.3626922 original,450,0.02509,0.99268,-0.09322682616796277,0.2623070625260527,0.20118836917817495,0.001670887015504437,0.004051123070883733,0.6022176220581438,-2.2045542332563137,2.2118070002006838
163,catalog_quadratic_z_delta,STAM b=1335.412792 DES-style,450,0.02509,0.99268,-0.20697124306720233,0.326039980251078,0.24844406108751982,-0.10839462252190508,-0.10486324544391934,0.6022176220581438,-2.2045542332563137,2.2118070002006838
163,catalog_quadratic_z_delta,LCDM fixed H0=70 Om=0.3,450,0.02509,0.99268,-0.215357842789119,0.30277115531394105,0.24267934429900878,-0.1329101403221659,-0.1408833806804246,0.6022176220581438,-2.2045542332563137,2.2118070002006838
163,raw_no_catalog_correction,STAM b=354.95 union-style,450,0.02509,0.99268,0.13170857768860048,0.19504103058592392,0.1594319090825716,0.18256199268528417,0.1496102074187462,,,
163,raw_no_catalog_correction,STAM b=461.3626922 original,450,0.02509,0.99268,0.11744068941722174,0.18585368445817624,0.15020082313195002,0.1687695042003821,0.135635193768465,,,
163,raw_no_catalog_correction,STAM b=1335.412792 DES-style,450,0.02509,0.99268,0.0036962725179821515,0.14603537212271842,0.1112052322925507,0.058703994662972575,0.02198140865993281,,,
163,raw_no_catalog_correction,LCDM fixed H0=70 Om=0.3,450,0.02509,0.99268,-0.004690327203934514,0.14226319477732066,0.10883461973250749,0.03418847686271178,0.006324402813177699,,,
164,catalog_bin_median_delta,STAM b=354.95 union-style,450,0.0251,0.98158,-0.08874644228784109,0.313088818218556,0.21061341184452695,-0.0009922269791037604,0.01319964688094899,,,
164,catalog_bin_median_delta,STAM b=461.3626922 original,450,0.0251,0.98158,-0.10294198366753213,0.3180773474274663,0.21277366307055948,-0.01477989431540981,-0.00037416028765591136,,,
164,catalog_bin_median_delta,STAM b=1335.412792 DES-style,450,0.0251,0.98158,-0.21612602196808472,0.37512975243014995,0.26386386739884066,-0.12480748462537061,-0.11087473662738745,,,
164,catalog_bin_median_delta,LCDM fixed H0=70 Om=0.3,450,0.0251,0.98158,-0.2265853942062357,0.3554273875405479,0.2648751682206214,-0.1490191927527682,-0.1478343597661862,,,
164,catalog_linear_z_delta,STAM b=354.95 union-style,450,0.0251,0.98158,-0.08611433045835593,0.24974828621081507,0.1946560452856617,0.01381437360472783,-0.006984713735683101,0.48428153365825355,-0.680995466126391,
164,catalog_linear_z_delta,STAM b=461.3626922 original,450,0.0251,0.98158,-0.10030987183804697,0.2560005765637293,0.19977842033015844,2.6706268421779417e-05,-0.020813147819833233,0.48428153365825355,-0.680995466126391,
164,catalog_linear_z_delta,STAM b=1335.412792 DES-style,450,0.0251,0.98158,-0.2134939101385996,0.3243154613168505,0.26237984330705805,-0.11000088404153903,-0.1301158775176745,0.48428153365825355,-0.680995466126391,
164,catalog_linear_z_delta,LCDM fixed H0=70 Om=0.3,450,0.0251,0.98158,-0.22395328237675055,0.3063431536057118,0.2592831624773782,-0.1342125921689366,-0.16482203767319703,0.48428153365825355,-0.680995466126391,
164,catalog_quadratic_z_delta,STAM b=354.95 union-style,450,0.0251,0.98158,-0.08785703673222864,0.2909351772183928,0.21798347507054894,0.007939987912979535,0.029889801255144732,0.6853004463938843,-2.600046655370745,2.6056805456069383
164,catalog_quadratic_z_delta,STAM b=461.3626922 original,450,0.0251,0.98158,-0.10205257811191971,0.2963163512327745,0.21959374148123728,-0.005847679423326516,0.017082471168961888,0.6853004463938843,-2.600046655370745,2.6056805456069383
164,catalog_quadratic_z_delta,STAM b=1335.412792 DES-style,450,0.0251,0.98158,-0.21523661641247235,0.3569797608775603,0.26308362949182373,-0.11587526973328732,-0.09182115587968909,0.6853004463938843,-2.600046655370745,2.6056805456069383
164,catalog_quadratic_z_delta,LCDM fixed H0=70 Om=0.3,450,0.0251,0.98158,-0.2256959886506233,0.3329283089519919,0.258286424449384,-0.14008697786068489,-0.1263420345727191,0.6853004463938843,-2.600046655370745,2.6056805456069383
164,raw_no_catalog_correction,STAM b=354.95 union-style,450,0.0251,0.98158,0.12922784212658894,0.19923696838281935,0.16070993062432745,0.1821646619097833,0.15297017079356223,,,
164,raw_no_catalog_correction,STAM b=461.3626922 original,450,0.0251,0.98158,0.1150323007468979,0.1904709274966927,0.15218252544825472,0.16837699457347724,0.1384915537874889,,,
164,raw_no_catalog_correction,STAM b=1335.412792 DES-style,450,0.0251,0.98158,0.001848262446345255,0.15356100007819398,0.1177925567114449,0.05834940426351644,0.028327158518113293,,,
164,raw_no_catalog_correction,LCDM fixed H0=70 Om=0.3,450,0.0251,0.98158,-0.008611109791805701,0.14983978863014233,0.11352370506910567,0.034137696136118875,0.0019917202277852653,,,
165,catalog_bin_median_delta,STAM b=354.95 union-style,450,0.02519,0.98158,-0.08762081317205239,0.28472074315640794,0.1931219899045302,-0.0059211148294627475,-0.0005833948514712972,,,
165,catalog_bin_median_delta,STAM b=461.3626922 original,450,0.02519,0.98158,-0.10185728220481446,0.2900016786995177,0.19569237553369845,-0.01971589614557224,-0.013590419432567558,,,
165,catalog_bin_median_delta,STAM b=1335.412792 DES-style,450,0.02519,0.98158,-0.21535784929863014,0.3504990514025695,0.24743962016341153,-0.1297985315112799,-0.1232780535943725,,,
165,catalog_bin_median_delta,LCDM fixed H0=70 Om=0.3,450,0.02519,0.98158,-0.22427094942133777,0.3356074745364935,0.25473213778822024,-0.15375692571253113,-0.16365537410637998,,,
165,catalog_linear_z_delta,STAM b=354.95 union-style,450,0.02519,0.98158,-0.10122170956958218,0.24126551985752365,0.19574542698605785,0.0021794128269513003,-0.015992704248809275,0.469809554632595,-0.6333857668187854,
165,catalog_linear_z_delta,STAM b=461.3626922 original,450,0.02519,0.98158,-0.11545817860234425,0.24854464425032816,0.2016003615383266,-0.011615368489158189,-0.028168779299900137,0.469809554632595,-0.6333857668187854,
165,catalog_linear_z_delta,STAM b=1335.412792 DES-style,450,0.02519,0.98158,-0.22895874569615993,0.3236106368851368,0.27056293787234276,-0.12169800385486584,-0.12880109430855669,0.469809554632595,-0.6333857668187854,
165,catalog_linear_z_delta,LCDM fixed H0=70 Om=0.3,450,0.02519,0.98158,-0.2378718458188676,0.3075818117860074,0.2679289393828442,-0.14565639805611708,-0.17402585869123754,0.469809554632595,-0.6333857668187854,
165,catalog_quadratic_z_delta,STAM b=354.95 union-style,450,0.02519,0.98158,-0.10415020235279214,0.27211650269052107,0.2070707463246847,-0.0034020457602113967,0.007025866190076613,0.6453639269674665,-2.3093366632866763,2.2755998749769875
165,catalog_quadratic_z_delta,STAM b=461.3626922 original,450,0.02519,0.98158,-0.11838667138555423,0.27865326497408077,0.2107213930274001,-0.017196827076320885,-0.0068409453442122015,0.6453639269674665,-2.3093366632866763,2.2755998749769875
165,catalog_quadratic_z_delta,STAM b=1335.412792 DES-style,450,0.02519,0.98158,-0.23188723847936984,0.3476751781993856,0.2670986162089163,-0.12727946244202853,-0.11405123885752033,0.6453639269674665,-2.3093366632866763,2.2755998749769875
165,catalog_quadratic_z_delta,LCDM fixed H0=70 Om=0.3,450,0.02519,0.98158,-0.24080033860207756,0.3258178155251399,0.2642187442782945,-0.1512378566432798,-0.15463638085968157,0.6453639269674665,-2.3093366632866763,2.2755998749769875
165,raw_no_catalog_correction,STAM b=354.95 union-style,450,0.02519,0.98158,0.12269033746723029,0.18812980480968966,0.15020099941163534,0.17887864072609275,0.14054820074792929,,,
165,raw_no_catalog_correction,STAM b=461.3626922 original,450,0.02519,0.98158,0.10845386843446822,0.17928791611624686,0.14104423955153983,0.16508385940998327,0.125860059634622,,,
165,raw_no_catalog_correction,STAM b=1335.412792 DES-style,450,0.02519,0.98158,-0.005046698659347425,0.14446326695167083,0.11010798176436497,0.055001224044275605,0.016546095052728305,,,
165,raw_no_catalog_correction,LCDM fixed H0=70 Om=0.3,450,0.02519,0.98158,-0.013959798782055112,0.1435837075231879,0.10926360582991414,0.031042829843024373,-0.00159329248354112,,,
166,catalog_bin_median_delta,STAM b=354.95 union-style,450,0.02509,0.98846,-0.055074390717546794,0.2781133515105984,0.1909583124230435,0.027625003256119243,0.03985266311732971,,,
166,catalog_bin_median_delta,STAM b=461.3626922 original,450,0.02509,0.98846,-0.06927756872990379,0.28190626501005916,0.19106516175415136,0.013843287517465701,0.026774671649352655,,,
166,catalog_bin_median_delta,STAM b=1335.412792 DES-style,450,0.02509,0.98846,-0.18251993884506798,0.3329998983506529,0.22414435626432602,-0.09613788137372575,-0.08305184249112685,,,
166,catalog_bin_median_delta,LCDM fixed H0=70 Om=0.3,450,0.02509,0.98846,-0.1921417971168725,0.31595459458251957,0.22865132947399144,-0.12026700950367351,-0.11863325459039586,,,
166,catalog_linear_z_delta,STAM b=354.95 union-style,450,0.02509,0.98846,-0.05726450100981438,0.22134272628362942,0.18167511583011559,0.04023000665831347,0.018416282979451637,0.4379286051886147,-0.5970106694648887,
166,catalog_linear_z_delta,STAM b=461.3626922 original,450,0.02509,0.98846,-0.07146767902217137,0.2264788539234903,0.18583757316625815,0.02644829091965993,0.004719209013646974,0.4379286051886147,-0.5970106694648887,
166,catalog_linear_z_delta,STAM b=1335.412792 DES-style,450,0.02509,0.98846,-0.18471004913733552,0.28998856214071156,0.23979227014740406,-0.08353287797153153,-0.10312890001677744,0.4379286051886147,-0.5970106694648887,
166,catalog_linear_z_delta,LCDM fixed H0=70 Om=0.3,450,0.02509,0.98846,-0.19433190740914008,0.27230938120255865,0.2331791069763316,-0.10766200610147929,-0.14511677804623702,0.4379286051886147,-0.5970106694648887,
166,catalog_quadratic_z_delta,STAM b=354.95 union-style,450,0.02509,0.98846,-0.062234532569931625,0.24666884363039845,0.1884785132066031,0.03267264894063784,0.03677769586792223,0.6166542705981358,-2.303236696086095,2.3167073337557578
166,catalog_quadratic_z_delta,STAM b=461.3626922 original,450,0.02509,0.98846,-0.07643771058228861,0.2514761872461404,0.1906764843134389,0.0188909332019843,0.022781376128339303,0.6166542705981358,-2.303236696086095,2.3167073337557578
166,catalog_quadratic_z_delta,STAM b=1335.412792 DES-style,450,0.02509,0.98846,-0.1896800806974528,0.31112501551958743,0.23754777273000927,-0.09109023568920716,-0.08798409791677742,0.6166542705981358,-2.303236696086095,2.3167073337557578
166,catalog_quadratic_z_delta,LCDM fixed H0=70 Om=0.3,450,0.02509,0.98846,-0.19930193896925735,0.2871367498372917,0.23172321559545067,-0.11521936381915492,-0.12485634297246406,0.6166542705981358,-2.303236696086095,2.3167073337557578
166,raw_no_catalog_correction,STAM b=354.95 union-style,450,0.02509,0.98846,0.14530370903347092,0.2008111183966818,0.16352626593885214,0.20038944770056427,0.16784597463173156,,,
166,raw_no_catalog_correction,STAM b=461.3626922 original,450,0.02509,0.98846,0.1311005310211139,0.1909268059296676,0.1532857347547447,0.18660773196191072,0.1540563659309946,,,
166,raw_no_catalog_correction,STAM b=1335.412792 DES-style,450,0.02509,0.98846,0.017858160905949733,0.14191524740027642,0.10910269069398355,0.07662656307071926,0.04353096857269989,,,
166,raw_no_catalog_correction,LCDM fixed H0=70 Om=0.3,450,0.02509,0.98846,0.00823630263414517,0.13981322579656477,0.10891055362971011,0.0524974349407715,0.022045307303969253,,,
167,catalog_bin_median_delta,STAM b=354.95 union-style,450,0.0251,0.98846,-0.09706339439122746,0.2937799963874697,0.19769614269423005,-0.025359255155888813,-0.0118489570220639,,,
167,catalog_bin_median_delta,STAM b=461.3626922 original,450,0.0251,0.98846,-0.11126312768928591,0.2994253791395567,0.20070787038483978,-0.03915946140011412,-0.025927768045637123,,,
167,catalog_bin_median_delta,STAM b=1335.412792 DES-style,450,0.0251,0.98846,-0.22447907525134328,0.3616938995943759,0.2572100260031194,-0.14928440221459266,-0.13304404437818107,,,
167,catalog_bin_median_delta,LCDM fixed H0=70 Om=0.3,450,0.0251,0.98846,-0.23438067888772346,0.3450202308377925,0.2604120786610056,-0.17331267828742647,-0.16354363744691014,,,
167,catalog_linear_z_delta,STAM b=354.95 union-style,450,0.0251,0.98846,-0.10938483976872367,0.26099687163376367,0.21388015329251098,-0.018241508725274178,-0.019664948202340327,0.48450208646897963,-0.6577267491020953,
167,catalog_linear_z_delta,STAM b=461.3626922 original,450,0.0251,0.98846,-0.12358457306678208,0.2682665318880507,0.2195599611706026,-0.03204171496949949,-0.033613834974396184,0.48450208646897963,-0.6577267491020953,
167,catalog_linear_z_delta,STAM b=1335.412792 DES-style,450,0.0251,0.98846,-0.23680052062883944,0.34217270811380107,0.281739501524491,-0.14216665578397802,-0.14320646177376517,0.48450208646897963,-0.6577267491020953,
167,catalog_linear_z_delta,LCDM fixed H0=70 Om=0.3,450,0.0251,0.98846,-0.24670212426521965,0.3252515154775041,0.278517532318701,-0.16619493185681183,-0.1823179272184241,0.48450208646897963,-0.6577267491020953,
167,catalog_quadratic_z_delta,STAM b=354.95 union-style,450,0.0251,0.98846,-0.11428029374031573,0.2886366924002476,0.22257726420017346,-0.021789825165564908,-0.018114000647742046,0.6668183365963588,-2.3982307238980094,2.3632498039111924
167,catalog_quadratic_z_delta,STAM b=461.3626922 original,450,0.0251,0.98846,-0.1284800270383742,0.295359099874173,0.2274081737946958,-0.035590031409790224,-0.0320131118299507,0.6668183365963588,-2.3982307238980094,2.3632498039111924
167,catalog_quadratic_z_delta,STAM b=1335.412792 DES-style,450,0.0251,0.98846,-0.24169597460043155,0.3646672470279832,0.28337124392776486,-0.14571497222426874,-0.14118252891578464,0.6668183365963588,-2.3982307238980094,2.3632498039111924
167,catalog_quadratic_z_delta,LCDM fixed H0=70 Om=0.3,450,0.0251,0.98846,-0.2515975782368117,0.3426397692007521,0.2795926969940241,-0.16974324829710258,-0.1801514092714882,0.6668183365963588,-2.3982307238980094,2.3632498039111924
167,raw_no_catalog_correction,STAM b=354.95 union-style,450,0.0251,0.98846,0.11551095751083264,0.18781278296416692,0.14733345693399497,0.16269061151077815,0.13169098091587728,,,
167,raw_no_catalog_correction,STAM b=461.3626922 original,450,0.0251,0.98846,0.1013112242127742,0.17965581182958298,0.13974263529517103,0.14889040526655287,0.11836841585262547,,,
167,raw_no_catalog_correction,STAM b=1335.412792 DES-style,450,0.0251,0.98846,-0.011904723349283183,0.15139800241211876,0.118443306336589,0.038765464452074336,0.004265910559098529,,,
167,raw_no_catalog_correction,LCDM fixed H0=70 Om=0.3,450,0.0251,0.98846,-0.021806326985663347,0.14644090003286553,0.1137970787653069,0.01473718837924052,-0.011762964189095726,,,
168,catalog_bin_median_delta,STAM b=354.95 union-style,450,0.02517,0.9569,-0.08429830020440679,0.2926317919610588,0.19730396174127132,0.007322726567164624,0.009876249030874362,,,
168,catalog_bin_median_delta,STAM b=461.3626922 original,450,0.02517,0.9569,-0.09853586727572211,0.2978218892412086,0.1992680410233754,-0.006474264796929595,-0.00270539584365892,,,
168,catalog_bin_median_delta,STAM b=1335.412792 DES-style,450,0.02517,0.9569,-0.21204498209695197,0.3572861874666711,0.2506265352063929,-0.1165745927906553,-0.11339806857050405,,,
168,catalog_bin_median_delta,LCDM fixed H0=70 Om=0.3,450,0.02517,0.9569,-0.22097743491286215,0.3356443339753589,0.24849400573288408,-0.1409195627692035,-0.14091411915806873,,,
168,catalog_linear_z_delta,STAM b=354.95 union-style,450,0.02517,0.9569,-0.08306148502385306,0.25263988239109836,0.2018244534191893,0.016251804220826928,-0.006588352873404091,0.4934793560064024,-0.6910004006077846,
168,catalog_linear_z_delta,STAM b=461.3626922 original,450,0.02517,0.9569,-0.09729905209516841,0.25871641257638345,0.20724716101743787,0.0024548128567327076,-0.019596612654869006,0.4934793560064024,-0.6910004006077846,
168,catalog_linear_z_delta,STAM b=1335.412792 DES-style,450,0.02517,0.9569,-0.21080816691639825,0.325913657814135,0.2694397271047056,-0.107645515136993,-0.12682862820337704,0.4934793560064024,-0.6910004006077846,
168,catalog_linear_z_delta,LCDM fixed H0=70 Om=0.3,450,0.02517,0.9569,-0.21974061973230843,0.3066565472845241,0.26283729187605154,-0.1319904851155412,-0.16829737848795645,0.4934793560064024,-0.6910004006077846,
168,catalog_quadratic_z_delta,STAM b=354.95 union-style,450,0.02517,0.9569,-0.08458205356379114,0.27597174403002156,0.20355095960879266,0.014421841722518139,0.011608223309057308,0.6808709141314327,-2.4799564126579403,2.4290377993414314
168,catalog_quadratic_z_delta,STAM b=461.3626922 original,450,0.02517,0.9569,-0.09881962063510645,0.2815692453484226,0.2066555634957278,0.0006248503584239195,-0.0021320642066591233,0.6808709141314327,-2.4799564126579403,2.4290377993414314
168,catalog_quadratic_z_delta,STAM b=1335.412792 DES-style,450,0.02517,0.9569,-0.21232873545633632,0.3444908226020506,0.25973883511019413,-0.10947547763530178,-0.11455997031690401,0.6808709141314327,-2.4799564126579403,2.4290377993414314
168,catalog_quadratic_z_delta,LCDM fixed H0=70 Om=0.3,450,0.02517,0.9569,-0.2212611882722465,0.31862897813210583,0.25431704226099167,-0.13382044761384998,-0.14849501022700196,0.6808709141314327,-2.4799564126579403,2.4290377993414314
168,raw_no_catalog_correction,STAM b=354.95 union-style,450,0.02517,0.9569,0.14237865170658726,0.20512377752767633,0.16397573656594053,0.19060139323382955,0.15168542954920383,,,
168,raw_no_catalog_correction,STAM b=461.3626922 original,450,0.02517,0.9569,0.1281410846352719,0.19567266598558908,0.15434914852114195,0.1768044018697353,0.1369585692793187,,,
168,raw_no_catalog_correction,STAM b=1335.412792 DES-style,450,0.02517,0.9569,0.014631969814042056,0.15070260220825613,0.11316547009381712,0.0667040738760096,0.02685554789864497,,,
168,raw_no_catalog_correction,LCDM fixed H0=70 Om=0.3,450,0.02517,0.9569,0.005699516998131877,0.14798047379775037,0.11358811622126966,0.0423591038974614,0.005319550706818887,,,
169,catalog_bin_median_delta,STAM b=354.95 union-style,450,0.02512,0.98846,-0.11208291725467723,0.2984232901515706,0.20351278234818995,-0.0035010613018283403,0.0008393736600744717,,,
169,catalog_bin_median_delta,STAM b=461.3626922 original,450,0.02512,0.98846,-0.12635369550722045,0.30479855781933585,0.2072799693436594,-0.017294727383924357,-0.012889812177096616,,,
169,catalog_bin_median_delta,STAM b=1335.412792 DES-style,450,0.02512,0.98846,-0.240119326593828,0.37169433307981176,0.2678731660472985,-0.12736867092338255,-0.12278732466803532,,,
169,catalog_bin_median_delta,LCDM fixed H0=70 Om=0.3,450,0.02512,0.98846,-0.24753538294083632,0.35147617468610465,0.26607334895779783,-0.15131480575027875,-0.15558268202615366,,,
169,catalog_linear_z_delta,STAM b=354.95 union-style,450,0.02512,0.98846,-0.11379913824157799,0.2615137200611668,0.21194031434030997,0.006160882327090415,-0.017841952044950204,0.4883458243674927,-0.6588024460000177,
169,catalog_linear_z_delta,STAM b=461.3626922 original,450,0.02512,0.98846,-0.1280699164941212,0.2690274564593243,0.21810908593166467,-0.007632783755005603,-0.031034293736851737,0.4883458243674927,-0.6588024460000177,
169,catalog_linear_z_delta,STAM b=1335.412792 DES-style,450,0.02512,0.98846,-0.24183554758072878,0.34458268877959,0.28785392750768546,-0.11770672729446381,-0.13889615326622362,0.4883458243674927,-0.6588024460000177,
169,catalog_linear_z_delta,LCDM fixed H0=70 Om=0.3,450,0.02512,0.98846,-0.24925160392773704,0.3261216089759982,0.282763677745039,-0.14165286212136,-0.181843288065636,0.4883458243674927,-0.6588024460000177,
169,catalog_quadratic_z_delta,STAM b=354.95 union-style,450,0.02512,0.98846,-0.11873130821402766,0.2890017172248116,0.219943772363594,-0.00019986055445861615,-0.004194714762963514,0.6689517324241474,-2.38297843483595,2.3410797254873748
169,catalog_quadratic_z_delta,STAM b=461.3626922 original,450,0.02512,0.98846,-0.13300208646657088,0.29597871020937666,0.2243535217534063,-0.013993526636554635,-0.018507477898978664,0.6689517324241474,-2.38297843483595,2.3410797254873748
169,catalog_quadratic_z_delta,STAM b=1335.412792 DES-style,450,0.02512,0.98846,-0.24676771755317845,0.36704880045495086,0.2817354860283464,-0.12406747017601284,-0.12979802309836685,0.6689517324241474,-2.38297843483595,2.3410797254873748
169,catalog_quadratic_z_delta,LCDM fixed H0=70 Om=0.3,450,0.02512,0.98846,-0.25418377390018676,0.3428210011454923,0.27708957013845154,-0.14801360500290903,-0.16410149158989995,0.6689517324241474,-2.38297843483595,2.3410797254873748
169,raw_no_catalog_correction,STAM b=354.95 union-style,450,0.02512,0.98846,0.122365903673115,0.19236996982276455,0.1524812895309733,0.1894630498092827,0.15795226374413218,,,
169,raw_no_catalog_correction,STAM b=461.3626922 original,450,0.02512,0.98846,0.10809512542057179,0.18381346734337065,0.14428640887979072,0.17566938372718668,0.14499684440134786,,,
169,raw_no_catalog_correction,STAM b=1335.412792 DES-style,450,0.02512,0.98846,-0.005670505666035794,0.15105290849385292,0.11810068652356132,0.06559544018772848,0.03763048224463006,,,
169,raw_no_catalog_correction,LCDM fixed H0=70 Om=0.3,450,0.02512,0.98846,-0.013086562013044086,0.14737773021715164,0.11255644300774106,0.0416493053608323,0.0016718615294877281,,,
170,catalog_bin_median_delta,STAM b=354.95 union-style,450,0.02509,0.97242,-0.07819776528088612,0.29288502765878927,0.19214673319079711,0.021597491219176465,0.02760154590713526,,,
170,catalog_bin_median_delta,STAM b=461.3626922 original,450,0.02509,0.97242,-0.09236462555990693,0.29764505157521626,0.19316910578322238,0.0077985620297788055,0.01442691510642291,,,
170,catalog_bin_median_delta,STAM b=1335.412792 DES-style,450,0.02509,0.97242,-0.20532723386524307,0.3541192727992624,0.23851896732345773,-0.10231687916635675,-0.09748603713754633,,,
170,catalog_bin_median_delta,LCDM fixed H0=70 Om=0.3,450,0.02509,0.97242,-0.2171561609708384,0.3371742238094903,0.24256327919464776,-0.1266898477619383,-0.1327639886163503,,,
170,catalog_linear_z_delta,STAM b=354.95 union-style,450,0.02509,0.97242,-0.08525993414437995,0.24515322363510825,0.19649959232814157,0.03112986032818079,-0.00643578600268313,0.4822494907519076,-0.6690066346291208,
170,catalog_linear_z_delta,STAM b=461.3626922 original,450,0.02509,0.97242,-0.09942679442340079,0.25145681307391493,0.20182983160245285,0.01733093113878313,-0.020276707764001145,0.4822494907519076,-0.6690066346291208,
170,catalog_linear_z_delta,STAM b=1335.412792 DES-style,450,0.02509,0.97242,-0.21238940272873688,0.3202577742055649,0.26244389543474617,-0.09278451005735243,-0.12867954778726443,0.4822494907519076,-0.6690066346291208,
170,catalog_linear_z_delta,LCDM fixed H0=70 Om=0.3,450,0.02509,0.97242,-0.22421832983433226,0.30386353017011253,0.25983154634317496,-0.11715747865293398,-0.16642892707647405,0.4822494907519076,-0.6690066346291208,
170,catalog_quadratic_z_delta,STAM b=354.95 union-style,450,0.02509,0.97242,-0.08409182990067893,0.2723113010733269,0.19952898936184077,0.030160370808946055,0.029717471414471675,0.6731802332810752,-2.4917498955867803,2.474913999862444
170,catalog_quadratic_z_delta,STAM b=461.3626922 original,450,0.02509,0.97242,-0.09825869017969975,0.27785810280682594,0.2024962636523522,0.016361441619548396,0.015848317436777393,0.6731802332810752,-2.4917498955867803,2.474913999862444
170,catalog_quadratic_z_delta,STAM b=1335.412792 DES-style,450,0.02509,0.97242,-0.21122129848503587,0.34046176415414214,0.25356889653533904,-0.09375399957658716,-0.09416767900128775,0.6731802332810752,-2.4917498955867803,2.474913999862444
170,catalog_quadratic_z_delta,LCDM fixed H0=70 Om=0.3,450,0.02509,0.97242,-0.22305022559063123,0.317725935934596,0.2513202810938661,-0.11812696817216871,-0.13318298406148088,0.6731802332810752,-2.4917498955867803,2.474913999862444
170,raw_no_catalog_correction,STAM b=354.95 union-style,450,0.02509,0.97242,0.12983831679989222,0.19239113506236283,0.15591733591848297,0.20470431344139803,0.15863779269754374,,,
170,raw_no_catalog_correction,STAM b=461.3626922 original,450,0.02509,0.97242,0.11567145652087142,0.18331582510846933,0.14732670712639356,0.19090538425200038,0.1454311678677982,,,
170,raw_no_catalog_correction,STAM b=1335.412792 DES-style,450,0.02509,0.97242,0.0027088482155353064,0.14454702468674235,0.11061904962195256,0.08078994305586482,0.032615978702651205,,,
170,raw_no_catalog_correction,LCDM fixed H0=70 Om=0.3,450,0.02509,0.97242,-0.009120078890060033,0.14025856247593696,0.10829175547929012,0.056416974460283265,0.012370764062566764,,,
171,catalog_bin_median_delta,STAM b=354.95 union-style,450,0.02512,0.98846,-0.06699382600530784,0.2900841728609343,0.20225911371127786,0.01306984045178254,0.02726401293849534,,,
171,catalog_bin_median_delta,STAM b=461.3626922 original,450,0.02512,0.98846,-0.08122654618801779,0.2944225425438494,0.20298281126998124,-0.0007200817012391446,0.013467209145463954,,,
171,catalog_bin_median_delta,STAM b=1335.412792 DES-style,450,0.02512,0.98846,-0.1946982160521237,0.3484603807547148,0.23999266337994263,-0.11076517881978894,-0.08977391855030348,,,
171,catalog_bin_median_delta,LCDM fixed H0=70 Om=0.3,450,0.02512,0.98846,-0.2038378791648736,0.32904792534529687,0.2415269659972824,-0.13493778864783157,-0.12553791885081012,,,
171,catalog_linear_z_delta,STAM b=354.95 union-style,450,0.02512,0.98846,-0.07628723878848619,0.2547113664353203,0.20765782267256008,0.021694648209858402,0.005885735738530684,0.46401295529655623,-0.6509154664886738,
171,catalog_linear_z_delta,STAM b=461.3626922 original,450,0.02512,0.98846,-0.09051995897119616,0.26037204919666157,0.21249453410639474,0.007904726056836718,-0.00768531436451525,0.46401295529655623,-0.6509154664886738,
171,catalog_linear_z_delta,STAM b=1335.412792 DES-style,450,0.02512,0.98846,-0.2039916288353021,0.3248726972295786,0.2705928159723571,-0.10214037106171307,-0.11311098281498744,0.46401295529655623,-0.6509154664886738,
171,catalog_linear_z_delta,LCDM fixed H0=70 Om=0.3,450,0.02512,0.98846,-0.21313129194805197,0.3060629259546065,0.2630971690970037,-0.1263129808897557,-0.1582234610885287,0.46401295529655623,-0.6509154664886738,
171,catalog_quadratic_z_delta,STAM b=354.95 union-style,450,0.02512,0.98846,-0.07791132413010801,0.2732740292690487,0.21305963038710157,0.016298156595598037,0.036790867281691675,0.6431546950730747,-2.361113597017587,2.322100641623442
171,catalog_quadratic_z_delta,STAM b=461.3626922 original,450,0.02512,0.98846,-0.09214404431281796,0.2785751040374737,0.21548178171087728,0.002508234442576354,0.02352822164576196,0.6431546950730747,-2.361113597017587,2.322100641623442
171,catalog_quadratic_z_delta,STAM b=1335.412792 DES-style,450,0.02512,0.98846,-0.20561571417692392,0.3397503124901175,0.2572320317690512,-0.10753686267597344,-0.0819561289988826,0.6431546950730747,-2.361113597017587,2.322100641623442
171,catalog_quadratic_z_delta,LCDM fixed H0=70 Om=0.3,450,0.02512,0.98846,-0.21475537728967378,0.31411829314405676,0.2497643866964628,-0.13170947250401605,-0.12957473694621413,0.6431546950730747,-2.361113597017587,2.322100641623442
171,raw_no_catalog_correction,STAM b=354.95 union-style,450,0.02512,0.98846,0.13471488943605736,0.20506152584703072,0.16487160951483035,0.18398624045178255,0.16389779065330146,,,
171,raw_no_catalog_correction,STAM b=461.3626922 original,450,0.02512,0.98846,0.12048216925334743,0.1962450363484207,0.15639213114420156,0.17019631829876086,0.14998713591370816,,,
171,raw_no_catalog_correction,STAM b=1335.412792 DES-style,450,0.02512,0.98846,0.00701049938924145,0.15783100655866633,0.12304433649615802,0.06015122118021106,0.03940530466571346,,,
171,raw_no_catalog_correction,LCDM fixed H0=70 Om=0.3,450,0.02512,0.98846,-0.0021291637235084037,0.1534396017117129,0.11922673224642232,0.03597861135216844,0.014735078086239639,,,
172,catalog_bin_median_delta,STAM b=354.95 union-style,450,0.02519,0.99268,-0.08235119336575962,0.28179902068088064,0.19320125590273785,0.012915178866312008,0.02477780473247293,,,
172,catalog_bin_median_delta,STAM b=461.3626922 original,450,0.02519,0.99268,-0.09655982585301634,0.28701478549754283,0.19536644220897842,-0.0008823403330003998,0.010640986296525767,,,
172,catalog_bin_median_delta,STAM b=1335.412792 DES-style,450,0.02519,0.99268,-0.2098444548656749,0.34714257914038593,0.2453426780948033,-0.11098648436450434,-0.09909405879541922,,,
172,catalog_bin_median_delta,LCDM fixed H0=70 Om=0.3,450,0.02519,0.99268,-0.21931933921093666,0.3269293373011176,0.24395795952781843,-0.13509773189938357,-0.13703625110884587,,,
172,catalog_linear_z_delta,STAM b=354.95 union-style,450,0.02519,0.99268,-0.07836602746609977,0.24556712736734612,0.19788832032704576,0.024356754955143254,0.019281988941422412,0.46917545006433425,-0.6481179487154914,
172,catalog_linear_z_delta,STAM b=461.3626922 original,450,0.02519,0.99268,-0.0925746599533565,0.2514943281257123,0.20176196874835092,0.010559235755830846,0.005617607764186516,0.46917545006433425,-0.6481179487154914,
172,catalog_linear_z_delta,STAM b=1335.412792 DES-style,450,0.02519,0.99268,-0.2058592889660151,0.3181208496342766,0.25811083183531275,-0.0995449082756731,-0.1026238285117671,0.46917545006433425,-0.6481179487154914,
172,catalog_linear_z_delta,LCDM fixed H0=70 Om=0.3,450,0.02519,0.99268,-0.21533417331127683,0.29940618425468485,0.2526036934215624,-0.12365615581055232,-0.13798977852361105,0.46917545006433425,-0.6481179487154914,
172,catalog_quadratic_z_delta,STAM b=354.95 union-style,450,0.02519,0.99268,-0.08318594955722093,0.2772412550832571,0.21375904203524249,0.020175653866563104,0.04120130355816087,0.6552545389150272,-2.4245443152338537,2.412025093381044
172,catalog_quadratic_z_delta,STAM b=461.3626922 original,450,0.02519,0.99268,-0.09739458204447764,0.2826665210453984,0.21683513553023437,0.006378134667250698,0.027698010397447348,0.6552545389150272,-2.4245443152338537,2.412025093381044
172,catalog_quadratic_z_delta,STAM b=1335.412792 DES-style,450,0.02519,0.99268,-0.21067921105713627,0.34435953568503064,0.2617048440886006,-0.10372600936425323,-0.07969299783198736,0.6552545389150272,-2.4245443152338537,2.412025093381044
172,catalog_quadratic_z_delta,LCDM fixed H0=70 Om=0.3,450,0.02519,0.99268,-0.22015409540239797,0.31998962736560177,0.25407834928117,-0.12783725689913247,-0.12573763974981134,0.6552545389150272,-2.4245443152338537,2.412025093381044
172,raw_no_catalog_correction,STAM b=354.95 union-style,450,0.02519,0.99268,0.13592692557049732,0.2028219865399069,0.16518379818634252,0.19407740108853327,0.16773565456400874,,,
172,raw_no_catalog_correction,STAM b=461.3626922 original,450,0.02519,0.99268,0.12171829308324059,0.19375260735183678,0.15633270517440395,0.18027988188922087,0.1544550033152241,,,
172,raw_no_catalog_correction,STAM b=1335.412792 DES-style,450,0.02519,0.99268,0.008433664070581945,0.15307058047046984,0.11842244658150841,0.07017573785771693,0.04468965937965308,,,
172,raw_no_catalog_correction,LCDM fixed H0=70 Om=0.3,450,0.02519,0.99268,-0.0010412202746797618,0.14908931693605584,0.11536167914787263,0.046064490322837694,0.01614574023134807,,,
173,catalog_bin_median_delta,STAM b=354.95 union-style,450,0.02534,0.97242,-0.07761179668009797,0.28235764962258203,0.19374046328997907,0.0028844404788966925,0.01066990946643287,,,
173,catalog_bin_median_delta,STAM b=461.3626922 original,450,0.02534,0.97242,-0.0918983148437474,0.28724537563261027,0.19527913431224625,-0.010910727644467247,-0.004406322645280625,,,
173,catalog_bin_median_delta,STAM b=1335.412792 DES-style,450,0.02534,0.97242,-0.20578762319081484,0.34546256862723473,0.23972659325223694,-0.1209965866883288,-0.11353949672700026,,,
173,catalog_bin_median_delta,LCDM fixed H0=70 Om=0.3,450,0.02534,0.97242,-0.21407823678683985,0.32844937963314474,0.24516895290612997,-0.14512329099249763,-0.14127176551176746,,,
173,catalog_linear_z_delta,STAM b=354.95 union-style,450,0.02534,0.97242,-0.0996585487558063,0.24465727853547556,0.1997753554019462,0.009298771506747983,-0.02070448336124997,0.4851601610534235,-0.6622804998063028,
173,catalog_linear_z_delta,STAM b=461.3626922 original,450,0.02534,0.97242,-0.11394506691945576,0.2517925015253191,0.20567099035432074,-0.004496396616615957,-0.0343650809865963,0.4851601610534235,-0.6622804998063028,
173,catalog_linear_z_delta,STAM b=1335.412792 DES-style,450,0.02534,0.97242,-0.2278343752665232,0.3259678184088332,0.2715939401737219,-0.1145822556604775,-0.14811884634079675,0.4851601610534235,-0.6622804998063028,
173,catalog_linear_z_delta,LCDM fixed H0=70 Om=0.3,450,0.02534,0.97242,-0.23612498886254824,0.3094661116895188,0.26708593781834705,-0.13870895996464636,-0.17954520615477776,0.4851601610534235,-0.6622804998063028,
173,catalog_quadratic_z_delta,STAM b=354.95 union-style,450,0.02534,0.97242,-0.09594012484646085,0.2657899849330672,0.2035272598144384,0.005214765065587967,0.00030036402191058187,0.6655555251680478,-2.384446505617039,2.3383505780341407
173,catalog_quadratic_z_delta,STAM b=461.3626922 original,450,0.02534,0.97242,-0.11022664301011026,0.2721174282138586,0.2076018583121717,-0.008580403057775972,-0.014096755747814882,0.6655555251680478,-2.384446505617039,2.3383505780341407
173,catalog_quadratic_z_delta,STAM b=1335.412792 DES-style,450,0.02534,0.97242,-0.22411595135717768,0.3402902667412485,0.2618706231153016,-0.11866626210163753,-0.12381859964641251,0.6655555251680478,-2.384446505617039,2.3383505780341407
173,catalog_quadratic_z_delta,LCDM fixed H0=70 Om=0.3,450,0.02534,0.97242,-0.23240656495320272,0.3168737217855575,0.2567770288562277,-0.14279296640580635,-0.1613219492810316,0.6655555251680478,-2.384446505617039,2.3383505780341407
173,raw_no_catalog_correction,STAM b=354.95 union-style,450,0.02534,0.97242,0.13471218578412775,0.1945080216652022,0.15854267678676467,0.1881695515900075,0.15240971054770114,,,
173,raw_no_catalog_correction,STAM b=461.3626922 original,450,0.02534,0.97242,0.12042566762047835,0.1850370726119171,0.14865458190395842,0.17437438346664358,0.13736874589120163,,,
173,raw_no_catalog_correction,STAM b=1335.412792 DES-style,450,0.02534,0.97242,0.006536359273410889,0.14248399982831053,0.10777915680060886,0.06428852442278203,0.023388558278622185,,,
173,raw_no_catalog_correction,LCDM fixed H0=70 Om=0.3,450,0.02534,0.97242,-0.0017542543226141158,0.14164581467237067,0.1079638489914413,0.040161820118613197,0.006240729107879872,,,
174,catalog_bin_median_delta,STAM b=354.95 union-style,450,0.02509,0.95791,-0.10168571038270571,0.2839475583096348,0.19299519334977525,-0.02285651143859064,-0.005710241069369459,,,
174,catalog_bin_median_delta,STAM b=461.3626922 original,450,0.02509,0.95791,-0.11585988508700788,0.29001809060290545,0.19646107870906784,-0.03665635915175902,-0.01846960795621655,,,
174,catalog_bin_median_delta,STAM b=1335.412792 DES-style,450,0.02509,0.95791,-0.2288783600574379,0.3553915787241776,0.25594155664704893,-0.1467786052407694,-0.12945437710778407,,,
174,catalog_bin_median_delta,LCDM fixed H0=70 Om=0.3,450,0.02509,0.95791,-0.23990403674011274,0.3385397883953216,0.25762922109691333,-0.17087949849922568,-0.16062734402834167,,,
174,catalog_linear_z_delta,STAM b=354.95 union-style,450,0.02509,0.95791,-0.1007541570042226,0.24594701558112428,0.19672573772487525,-0.012326871110697243,-0.03781415316569792,0.4827264964599551,-0.6508334254783481,
174,catalog_linear_z_delta,STAM b=461.3626922 original,450,0.02509,0.95791,-0.11492833170852482,0.25306004224988216,0.20282047737563613,-0.02612671882386563,-0.05231708972319993,0.4827264964599551,-0.6508334254783481,
174,catalog_linear_z_delta,STAM b=1335.412792 DES-style,450,0.02509,0.95791,-0.22794680667895476,0.32670725684786533,0.2716884408943762,-0.13624896491287602,-0.16124278317327523,0.4827264964599551,-0.6508334254783481,
174,catalog_linear_z_delta,LCDM fixed H0=70 Om=0.3,450,0.02509,0.95791,-0.23897248336162963,0.31219540812922797,0.2708054319211995,-0.1603498581713323,-0.19603875481426059,0.4827264964599551,-0.6508334254783481,
174,catalog_quadratic_z_delta,STAM b=354.95 union-style,450,0.02509,0.95791,-0.10305891520631467,0.27146755794217886,0.20105233740935588,-0.015528555220912352,0.0017639422977708819,0.6686549161172093,-2.4258214104488447,2.410072064281331
174,catalog_quadratic_z_delta,STAM b=461.3626922 original,450,0.02509,0.95791,-0.11723308991061684,0.27796340587073226,0.2051376748107289,-0.02932840293408074,-0.012509226905955018,0.6686549161172093,-2.4258214104488447,2.410072064281331
174,catalog_quadratic_z_delta,STAM b=1335.412792 DES-style,450,0.02509,0.95791,-0.2302515648810468,0.3465841824522782,0.26416833428456743,-0.13945064902309115,-0.12440437307405006,0.6686549161172093,-2.4258214104488447,2.410072064281331
174,catalog_quadratic_z_delta,LCDM fixed H0=70 Om=0.3,450,0.02509,0.95791,-0.24127724156372174,0.32607924795314147,0.26343833267810035,-0.16355154228154736,-0.15900529241458727,0.6686549161172093,-2.4258214104488447,2.410072064281331
174,raw_no_catalog_correction,STAM b=354.95 union-style,450,0.02509,0.95791,0.12250733515157404,0.1891428097624564,0.152258595798228,0.1700141107836312,0.13881219444231263,,,
174,raw_no_catalog_correction,STAM b=461.3626922 original,450,0.02509,0.95791,0.10833316044727186,0.1804180020447152,0.1431386027729627,0.15621426307046282,0.1241866109108507,,,
174,raw_no_catalog_correction,STAM b=1335.412792 DES-style,450,0.02509,0.95791,-0.004685314523158116,0.14608521706372385,0.11065811242790155,0.04609201698145242,0.00904716237087655,,,
174,raw_no_catalog_correction,LCDM fixed H0=70 Om=0.3,450,0.02509,0.95791,-0.01571099120583298,0.1457299465419522,0.11319222687239995,0.02199112372299617,-0.00619602208139014,,,
175,catalog_bin_median_delta,STAM b=354.95 union-style,450,0.0251,0.98024,-0.0730656092051419,0.2678688435642899,0.18392084040774617,0.021943928435320604,0.013625164752809837,,,
175,catalog_bin_median_delta,STAM b=461.3626922 original,450,0.0251,0.98024,-0.08721426210564141,0.2727875999305364,0.18622732742113096,0.00815803887477655,0.00011636844673290625,,,
175,catalog_bin_median_delta,STAM b=1335.412792 DES-style,450,0.0251,0.98024,-0.2000345738085649,0.3316366294890183,0.23836182247638288,-0.10185577365440511,-0.1078746826891539,,,
175,catalog_bin_median_delta,LCDM fixed H0=70 Om=0.3,450,0.0251,0.98024,-0.2114193109329545,0.3133035114076213,0.23883731558883947,-0.12611239448154032,-0.1412388192374081,,,
175,catalog_linear_z_delta,STAM b=354.95 union-style,450,0.0251,0.98024,-0.07044851895349369,0.2380649367400919,0.19343380788539755,0.03347986039059104,0.01167195232252638,0.4762217232019297,-0.6605509345585097,
175,catalog_linear_z_delta,STAM b=461.3626922 original,450,0.0251,0.98024,-0.0845971718539932,0.2436652308139491,0.19749186182102912,0.019693970830046984,-0.0012552763364617192,0.4762217232019297,-0.6605509345585097,
175,catalog_linear_z_delta,STAM b=1335.412792 DES-style,450,0.0251,0.98024,-0.19741748355691666,0.30859397405613254,0.25285869085318197,-0.09031984169913468,-0.10936383090058044,0.4762217232019297,-0.6605509345585097,
175,catalog_linear_z_delta,LCDM fixed H0=70 Om=0.3,450,0.0251,0.98024,-0.20880222068130627,0.2916929366605763,0.24870633485723903,-0.11457646252626988,-0.1521270715748706,0.4762217232019297,-0.6605509345585097,
175,catalog_quadratic_z_delta,STAM b=354.95 union-style,450,0.0251,0.98024,-0.07664899026059498,0.26861663544004527,0.20514658699345892,0.02787295525717588,0.027459788775590965,0.663986754238629,-2.4530723506073993,2.433878891589933
175,catalog_quadratic_z_delta,STAM b=461.3626922 original,450,0.0251,0.98024,-0.09079764316109448,0.27379677323378815,0.20828423624247866,0.014087065696631826,0.01332159903551755,0.663986754238629,-2.4530723506073993,2.433878891589933
175,catalog_quadratic_z_delta,STAM b=1335.412792 DES-style,450,0.0251,0.98024,-0.20361795486401796,0.3342471243415447,0.25658162286763575,-0.09592674683254984,-0.10047911071646709,0.663986754238629,-2.4530723506073993,2.433878891589933
175,catalog_quadratic_z_delta,LCDM fixed H0=70 Om=0.3,450,0.0251,0.98024,-0.21500269198840757,0.3119884149688675,0.2528789970832018,-0.12018336765968504,-0.13809344158653758,0.663986754238629,-2.4530723506073993,2.433878891589933
175,raw_no_catalog_correction,STAM b=354.95 union-style,450,0.0251,0.98024,0.13921860515956344,0.20165517086427306,0.16188752751904512,0.20304586176865458,0.16027767730245301,,,
175,raw_no_catalog_correction,STAM b=461.3626922 original,450,0.0251,0.98024,0.12506995225906392,0.19227641736916098,0.15289998262889243,0.18925997220811053,0.1472858054201147,,,
175,raw_no_catalog_correction,STAM b=1335.412792 DES-style,450,0.0251,0.98024,0.012249640556140431,0.14819405404743116,0.11095927914309017,0.07924615967892887,0.03717466390946811,,,
175,raw_no_catalog_correction,LCDM fixed H0=70 Om=0.3,450,0.0251,0.98024,0.0008649034317508472,0.1460500348702987,0.11194177438465591,0.054989538851793675,0.014244050548576581,,,
176,catalog_bin_median_delta,STAM b=354.95 union-style,450,0.02509,0.98536,-0.06372639537531656,0.27785031272829047,0.19574577599885115,0.04131283315580848,0.0339203158344219,,,
176,catalog_bin_median_delta,STAM b=461.3626922 original,450,0.02509,0.98536,-0.07786778486046252,0.2821615651957995,0.19645717822960385,0.02751592167756213,0.01987085562678459,,,
176,catalog_bin_median_delta,STAM b=1335.412792 DES-style,450,0.02509,0.98536,-0.19063255762005937,0.3364647968285163,0.24094555023728062,-0.08258348630539487,-0.09160962841932374,,,
176,catalog_bin_median_delta,LCDM fixed H0=70 Om=0.3,450,0.02509,0.98536,-0.2027526412329368,0.31626129972541217,0.2385594816787294,-0.1066830866774497,-0.12669391702293709,,,
176,catalog_linear_z_delta,STAM b=354.95 union-style,450,0.02509,0.98536,-0.0595296863701946,0.238050745737683,0.19263812438834305,0.05028879620691288,0.03486895346860308,0.44962191487267217,-0.6144880126124844,
176,catalog_linear_z_delta,STAM b=461.3626922 original,450,0.02509,0.98536,-0.07367107585534055,0.24300406069418268,0.19575121265866322,0.03649188472866653,0.02099516367527343,0.44962191487267217,-0.6144880126124844,
176,catalog_linear_z_delta,STAM b=1335.412792 DES-style,450,0.02509,0.98536,-0.1864358486149374,0.3039404828642422,0.24517796209468726,-0.07360752325429047,-0.08875585591009738,0.44962191487267217,-0.6144880126124844,
176,catalog_linear_z_delta,LCDM fixed H0=70 Om=0.3,450,0.02509,0.98536,-0.1985559322278148,0.2858523976325057,0.24079666853380247,-0.0977071236263453,-0.1317342346721233,0.44962191487267217,-0.6144880126124844,
176,catalog_quadratic_z_delta,STAM b=354.95 union-style,450,0.02509,0.98536,-0.06353282419000175,0.2750743980295774,0.21307151700936589,0.04568306260077967,0.04835356492978704,0.6264333997979719,-2.302440085381874,2.29189502738797
176,catalog_quadratic_z_delta,STAM b=461.3626922 original,450,0.02509,0.98536,-0.0776742136751477,0.2794370151467099,0.2154180388959132,0.031886151122533325,0.03419443599293004,0.6264333997979719,-2.302440085381874,2.29189502738797
176,catalog_quadratic_z_delta,STAM b=1335.412792 DES-style,450,0.02509,0.98536,-0.19043898643474447,0.3342342878127465,0.25136946344075733,-0.07821325686042369,-0.07563911949023705,0.6264333997979719,-2.302440085381874,2.29189502738797
176,catalog_quadratic_z_delta,LCDM fixed H0=70 Om=0.3,450,0.02509,0.98536,-0.20255907004762191,0.31137437952638575,0.24497935724059652,-0.1023128572324785,-0.11521169985014268,0.6264333997979719,-2.302440085381874,2.29189502738797
176,raw_no_catalog_correction,STAM b=354.95 union-style,450,0.02509,0.98536,0.14163856306248143,0.20923144147058073,0.16689265471212728,0.2158912109335859,0.1689971238420256,,,
176,raw_no_catalog_correction,STAM b=461.3626922 original,450,0.02509,0.98536,0.1274971735773355,0.2001296411948439,0.15761534734399565,0.20209429945533955,0.15499007339444404,,,
176,raw_no_catalog_correction,STAM b=1335.412792 DES-style,450,0.02509,0.98536,0.01473240081773864,0.1573716402383571,0.12157921602716366,0.09199489147238255,0.04536338912760485,,,
176,raw_no_catalog_correction,LCDM fixed H0=70 Om=0.3,450,0.02509,0.98536,0.00261231720486123,0.14815759148085184,0.11246151158243096,0.06789529110032773,0.014830589468296296,,,
177,catalog_bin_median_delta,STAM b=354.95 union-style,450,0.0251,0.97489,-0.07658638752357196,0.2849320839082302,0.19650482291714622,0.011671093576965271,0.02829155948565898,,,
177,catalog_bin_median_delta,STAM b=461.3626922 original,450,0.0251,0.97489,-0.09075383858270485,0.2898242021610159,0.19795153234563845,-0.0021161709428553386,0.014755726684793302,,,
177,catalog_bin_median_delta,STAM b=1335.412792 DES-style,450,0.0251,0.97489,-0.20371955441601838,0.3475743927399315,0.24134404360061643,-0.11214037788855621,-0.09169019518335375,,,
177,catalog_bin_median_delta,LCDM fixed H0=70 Om=0.3,450,0.0251,0.97489,-0.21442016195582797,0.32640333447223757,0.24070448681038478,-0.13615664726504506,-0.13266840646627998,,,
177,catalog_linear_z_delta,STAM b=354.95 union-style,450,0.0251,0.97489,-0.06872574817955382,0.2423544501306223,0.19196008579268922,0.022698251671555297,0.014764040450192084,0.48622656150178,-0.6806689767386268,
177,catalog_linear_z_delta,STAM b=461.3626922 original,450,0.0251,0.97489,-0.0828931992386867,0.24779230124405796,0.19607124617562197,0.008910987151734686,0.001611295272997637,0.48622656150178,-0.6806689767386268,
177,catalog_linear_z_delta,STAM b=1335.412792 DES-style,450,0.0251,0.97489,-0.19585891507200026,0.3115018979164065,0.2503771805841602,-0.10111321979396619,-0.10454872646494806,0.48622656150178,-0.6806689767386268,
177,catalog_linear_z_delta,LCDM fixed H0=70 Om=0.3,450,0.0251,0.97489,-0.2065595226118098,0.2932928787293234,0.24626757059940213,-0.12512948917045505,-0.14559657825348893,0.48622656150178,-0.6806689767386268,
177,catalog_quadratic_z_delta,STAM b=354.95 union-style,450,0.0251,0.97489,-0.07528916399703355,0.2769024607320438,0.2095632403012493,0.015140815347896613,0.038879584546183565,0.6765558686890568,-2.4976705629831857,2.4671179753566967
177,catalog_quadratic_z_delta,STAM b=461.3626922 original,450,0.0251,0.97489,-0.08945661505616642,0.28189265301504174,0.21092260873362467,0.0013535508280760034,0.025765089487567394,0.6765558686890568,-2.4976705629831857,2.4671179753566967
177,catalog_quadratic_z_delta,STAM b=1335.412792 DES-style,450,0.0251,0.97489,-0.20242233088947995,0.34070982521764814,0.25078231734333384,-0.10867065611762487,-0.08411354587299513,0.6765558686890568,-2.4976705629831857,2.4671179753566967
177,catalog_quadratic_z_delta,LCDM fixed H0=70 Om=0.3,450,0.0251,0.97489,-0.21312293842928953,0.3165527255712928,0.24478769585870852,-0.13268692549411373,-0.12273751238263486,0.6765558686890568,-2.4976705629831857,2.4671179753566967
177,raw_no_catalog_correction,STAM b=354.95 union-style,450,0.0251,0.97489,0.1449547777513271,0.20783905748333117,0.17153798078970958,0.19292284913251992,0.17122777164742686,,,
177,raw_no_catalog_correction,STAM b=461.3626922 original,450,0.0251,0.97489,0.1307873266921942,0.19832197029296245,0.16232310467355082,0.17913558461269932,0.15776206871392162,,,
177,raw_no_catalog_correction,STAM b=1335.412792 DES-style,450,0.0251,0.97489,0.017821610858880645,0.15165797765891822,0.1178231600434493,0.06911137766699844,0.04932055873489816,,,
177,raw_no_catalog_correction,LCDM fixed H0=70 Om=0.3,450,0.0251,0.97489,0.007121003319071096,0.1493667162054764,0.11568199227583824,0.04509510829050959,0.020906636107540066,,,
178,catalog_bin_median_delta,STAM b=354.95 union-style,450,0.02517,0.98158,-0.08782080357395364,0.284558625158543,0.19321030080836968,0.0013998080280639789,0.010391747474525204,,,
178,catalog_bin_median_delta,STAM b=461.3626922 original,450,0.02517,0.98158,-0.10200731495630755,0.2898737143479637,0.19570820389683502,-0.012393577212171701,-0.003961646869104385,,,
178,catalog_bin_median_delta,STAM b=1335.412792 DES-style,450,0.02517,0.98158,-0.2151208454712234,0.3504522188389018,0.24729266292438576,-0.12246565046455331,-0.10888517832550448,,,
178,catalog_bin_median_delta,LCDM fixed H0=70 Om=0.3,450,0.02517,0.98158,-0.22540568742262054,0.3338692908283542,0.2519254955970311,-0.1466546024712736,-0.14749485594711942,,,
178,catalog_linear_z_delta,STAM b=354.95 union-style,450,0.02517,0.98158,-0.09088665569147472,0.23941869453792708,0.1892128408717812,0.009689575044172788,-0.005352819463734448,0.47233606924164356,-0.638418609656826,
178,catalog_linear_z_delta,STAM b=461.3626922 original,450,0.02517,0.98158,-0.10507316707382862,0.24613117855991537,0.19414219762622678,-0.004103810196062894,-0.018663702506930946,0.47233606924164356,-0.638418609656826,
178,catalog_linear_z_delta,STAM b=1335.412792 DES-style,450,0.02517,0.98158,-0.2181866975887445,0.31779390133645474,0.26005015843069484,-0.1141758834484445,-0.12906887762472508,0.47233606924164356,-0.638418609656826,
178,catalog_linear_z_delta,LCDM fixed H0=70 Om=0.3,450,0.02517,0.98158,-0.2284715395401416,0.3017459017533786,0.2574861213881787,-0.13836483545516476,-0.16434126988430364,0.47233606924164356,-0.638418609656826,
178,catalog_quadratic_z_delta,STAM b=354.95 union-style,450,0.02517,0.98158,-0.09584501262641093,0.2764895518364908,0.20873116336825043,0.004999991310060225,0.017415342397274713,0.6571134493945059,-2.4024180577791725,2.3951518699423855
178,catalog_quadratic_z_delta,STAM b=461.3626922 original,450,0.02517,0.98158,-0.11003152400876483,0.2824702389984186,0.21219308490900754,-0.008793393930175454,0.00349237897718524,0.6571134493945059,-2.4024180577791725,2.3951518699423855
178,catalog_quadratic_z_delta,STAM b=1335.412792 DES-style,450,0.02517,0.98158,-0.2231450545236807,0.34766960136681524,0.26459838556461596,-0.11886546718255706,-0.10374917449567889,0.6571134493945059,-2.4024180577791725,2.3951518699423855
178,catalog_quadratic_z_delta,LCDM fixed H0=70 Om=0.3,450,0.02517,0.98158,-0.23342989647507784,0.32628738130932333,0.2618638846081615,-0.14305441918927733,-0.13958080841109677,0.6571134493945059,-2.4024180577791725,2.3951518699423855
178,raw_no_catalog_correction,STAM b=354.95 union-style,450,0.02517,0.98158,0.12801861571020084,0.19560644381584785,0.1543097727240035,0.18655965247250858,0.15556768697185674,,,
178,raw_no_catalog_correction,STAM b=461.3626922 original,450,0.02517,0.98158,0.11383210432784695,0.18672423232822769,0.1455710363688671,0.1727662672322729,0.14263150951235914,,,
178,raw_no_catalog_correction,STAM b=1335.412792 DES-style,450,0.02517,0.98158,0.0007185738129310868,0.14938945213491608,0.11369013157314259,0.06269419397989132,0.030117802809368044,,,
178,raw_no_catalog_correction,LCDM fixed H0=70 Om=0.3,450,0.02517,0.98158,-0.009566268138466035,0.14762720901522547,0.1117019609156063,0.038505241973171046,0.004505267166219795,,,
179,catalog_bin_median_delta,STAM b=354.95 union-style,450,0.0251,0.99268,-0.08092246888650503,0.2816946730227945,0.1861949098900592,-0.01837882284417047,0.002197871317061839,,,
179,catalog_bin_median_delta,STAM b=461.3626922 original,450,0.0251,0.99268,-0.09514241513255685,0.2867402475875115,0.1889520413523853,-0.03218332058969152,-0.011700730548838578,,,
179,catalog_bin_median_delta,STAM b=1335.412792 DES-style,450,0.0251,0.99268,-0.2085146124718623,0.3458335197382505,0.2399837919541235,-0.1423415215679639,-0.124509056304273,,,
179,catalog_bin_median_delta,LCDM fixed H0=70 Om=0.3,450,0.0251,0.99268,-0.21760965525068102,0.329713460701026,0.24623183377842983,-0.16625695181587866,-0.1555870185769379,,,
179,catalog_linear_z_delta,STAM b=354.95 union-style,450,0.0251,0.99268,-0.09747401586674924,0.2503425724155204,0.2047189077474172,-0.010415988812032456,-0.030389098641311563,0.48863156895119897,-0.6691792416091512,
179,catalog_linear_z_delta,STAM b=461.3626922 original,450,0.0251,0.99268,-0.11169396211280107,0.25724090900158564,0.21038522998602624,-0.024220486557553503,-0.044722823639212095,0.48863156895119897,-0.6691792416091512,
179,catalog_linear_z_delta,STAM b=1335.412792 DES-style,450,0.0251,0.99268,-0.22506615945210653,0.3295028091251182,0.275741611630173,-0.13437868753582588,-0.15021985175699726,0.48863156895119897,-0.6691792416091512,
179,catalog_linear_z_delta,LCDM fixed H0=70 Om=0.3,450,0.0251,0.99268,-0.2341612022309252,0.31196703800903774,0.2706068931636077,-0.15829411778374064,-0.18391447989641563,0.48863156895119897,-0.6691792416091512,
179,catalog_quadratic_z_delta,STAM b=354.95 union-style,450,0.0251,0.99268,-0.10268942477063706,0.27689182639300247,0.2073416334232798,-0.014197286409573767,-0.0037932182273685555,0.6708585206998008,-2.408830718708911,2.3620922857196542
179,catalog_quadratic_z_delta,STAM b=461.3626922 original,450,0.0251,0.99268,-0.11690937101668888,0.28331395771122525,0.21187050825346743,-0.028001784155094814,-0.017243705175424395,0.6708585206998008,-2.408830718708911,2.3620922857196542
179,catalog_quadratic_z_delta,STAM b=1335.412792 DES-style,450,0.0251,0.99268,-0.23028156835599425,0.35133593117835793,0.27034731545152796,-0.1381599851333672,-0.1251910086675423,0.6708585206998008,-2.408830718708911,2.3620922857196542
179,catalog_quadratic_z_delta,LCDM fixed H0=70 Om=0.3,450,0.0251,0.99268,-0.23937661113481304,0.32800672257751445,0.26651941809316193,-0.16207541538128195,-0.16200615621807302,0.6708585206998008,-2.408830718708911,2.3620922857196542
179,raw_no_catalog_correction,STAM b=354.95 union-style,450,0.0251,0.99268,0.1292463788797458,0.19209791962354536,0.15279740560170957,0.16984764382249667,0.1415508428555441,,,
179,raw_no_catalog_correction,STAM b=461.3626922 original,450,0.0251,0.99268,0.115026432633694,0.1829910199937127,0.1434887983168573,0.15604314607697561,0.12724120119894522,,,
179,raw_no_catalog_correction,STAM b=1335.412792 DES-style,450,0.0251,0.99268,0.001654235294388541,0.14437047825867355,0.10992075001035333,0.04588494509870325,0.02087868124039005,,,
179,raw_no_catalog_correction,LCDM fixed H0=70 Om=0.3,450,0.0251,0.99268,-0.007440807484430185,0.14242040040802176,0.11120470036052611,0.021969514850788494,0.0022496157032243502,,,
180,catalog_bin_median_delta,STAM b=354.95 union-style,450,0.02509,0.99268,-0.07535616930159418,0.2910280793221613,0.19585420599978423,0.013143028786963747,0.02428899609678581,,,
180,catalog_bin_median_delta,STAM b=461.3626922 original,450,0.02509,0.99268,-0.08960631340227279,0.2957958184666578,0.1971956087763308,-0.0006548402307858699,0.01094079668714798,,,
180,catalog_bin_median_delta,STAM b=1335.412792 DES-style,450,0.02509,0.99268,-0.20321351520239744,0.35263180387511817,0.2418404418448986,-0.11076163354016397,-0.09568949816723915,,,
180,catalog_bin_median_delta,LCDM fixed H0=70 Om=0.3,450,0.02509,0.99268,-0.2122573311341289,0.3305977608159551,0.23995630793449096,-0.13481179812954025,-0.13809852654585342,,,
180,catalog_linear_z_delta,STAM b=354.95 union-style,450,0.02509,0.99268,-0.08195590165845956,0.2517032084672943,0.20524646110452685,0.025496434258581138,0.007670605148302201,0.4694609057677271,-0.6637130175381049,
180,catalog_linear_z_delta,STAM b=461.3626922 original,450,0.02509,0.99268,-0.09620604575913816,0.2577573577493871,0.2103349509552384,0.01169856524083152,-0.006276620579154013,0.4694609057677271,-0.6637130175381049,
180,catalog_linear_z_delta,STAM b=1335.412792 DES-style,450,0.02509,0.99268,-0.20981324755926284,0.324902794385776,0.2676063686563576,-0.09840822806854657,-0.11362333940516578,0.4694609057677271,-0.6637130175381049,
180,catalog_linear_z_delta,LCDM fixed H0=70 Om=0.3,450,0.02509,0.99268,-0.2188570634909943,0.30497937006973846,0.26128203225832103,-0.12245839265792285,-0.15593330424827556,0.4694609057677271,-0.6637130175381049,
180,catalog_quadratic_z_delta,STAM b=354.95 union-style,450,0.02509,0.99268,-0.08200639021083678,0.282140502471351,0.21493386273185436,0.0205335727988682,0.029436854850839467,0.659316528251247,-2.476192515877101,2.4609779012684774
180,catalog_quadratic_z_delta,STAM b=461.3626922 original,450,0.02509,0.99268,-0.09625653431151542,0.28745642195596216,0.21712770185566713,0.006735703781118585,0.01559533172633465,0.659316528251247,-2.476192515877101,2.4609779012684774
180,catalog_quadratic_z_delta,STAM b=1335.412792 DES-style,450,0.02509,0.99268,-0.2098637361116401,0.34829448509398836,0.2607718923354931,-0.1033710895282595,-0.092548955136742,0.659316528251247,-2.476192515877101,2.4609779012684774
180,catalog_quadratic_z_delta,LCDM fixed H0=70 Om=0.3,450,0.02509,0.99268,-0.21890755204337148,0.3225143901499129,0.2533490685051617,-0.1274212541176358,-0.12894134771725874,0.659316528251247,-2.476192515877101,2.4609779012684774
180,raw_no_catalog_correction,STAM b=354.95 union-style,450,0.02509,0.99268,0.13173740753590796,0.19586093363196466,0.15680523519177242,0.18828549545363027,0.15878821104238838,,,
180,raw_no_catalog_correction,STAM b=461.3626922 original,450,0.02509,0.99268,0.11748726343522932,0.18683069856771314,0.14782356643810443,0.17448762643588067,0.14456509700151798,,,
180,raw_no_catalog_correction,STAM b=1335.412792 DES-style,450,0.02509,0.99268,0.0038800616351046652,0.1482967093318701,0.1144069598999224,0.06438083312650257,0.03291644584802356,,,
180,raw_no_catalog_correction,LCDM fixed H0=70 Om=0.3,450,0.02509,0.99268,-0.005163754296626772,0.14013317385407517,0.10606113486466585,0.04033066853712629,0.004686055204185635,,,
181,catalog_bin_median_delta,STAM b=354.95 union-style,450,0.02512,0.99268,-0.09003373788729699,0.29402125485257885,0.20347172182778836,0.005678086023843699,0.013857595136286704,,,
181,catalog_bin_median_delta,STAM b=461.3626922 original,450,0.02512,0.99268,-0.10428130039329134,0.2993401633336849,0.20551055506798893,-0.008118015148782753,-1.980652904265412e-05,,,
181,catalog_bin_median_delta,STAM b=1335.412792 DES-style,450,0.02512,0.99268,-0.21786754438288225,0.3596211827441306,0.2536500116399555,-0.11821128861319426,-0.11057209874208951,,,
181,catalog_bin_median_delta,LCDM fixed H0=70 Om=0.3,450,0.02512,0.99268,-0.22626850357656603,0.34145757623632533,0.2566500506566938,-0.1424465736434111,-0.1498276556850655,,,
181,catalog_linear_z_delta,STAM b=354.95 union-style,450,0.02512,0.99268,-0.09856950261033193,0.24559085646526285,0.20414731531086552,0.012794800619382048,-0.020705474077381325,0.4723550390628315,-0.639075496496883,
181,catalog_linear_z_delta,STAM b=461.3626922 original,450,0.02512,0.99268,-0.11281706511632626,0.2526335202196255,0.21031316002300235,-0.001001300553244404,-0.03534242853540803,0.4723550390628315,-0.639075496496883,
181,catalog_linear_z_delta,STAM b=1335.412792 DES-style,450,0.02512,0.99268,-0.22640330910591716,0.3260990013110565,0.27534669887837926,-0.1110945740176559,-0.14191677225701227,0.4723550390628315,-0.639075496496883,
181,catalog_linear_z_delta,LCDM fixed H0=70 Om=0.3,450,0.02512,0.99268,-0.23480426829960097,0.3087109477570056,0.26982110787701225,-0.13532985904787276,-0.18157567030775468,0.4723550390628315,-0.639075496496883,
181,catalog_quadratic_z_delta,STAM b=354.95 union-style,450,0.02512,0.99268,-0.10265690030452086,0.27744857885171487,0.21162666429093394,0.009204963755384309,-0.005046984298537893,0.6465415333505375,-2.301967780929567,2.257868940271611
181,catalog_quadratic_z_delta,STAM b=461.3626922 original,450,0.02512,0.99268,-0.11690446281051521,0.2838112428589991,0.21654407194548375,-0.004591137417242142,-0.019092908613096427,0.6465415333505375,-2.301967780929567,2.257868940271611
181,catalog_quadratic_z_delta,STAM b=1335.412792 DES-style,450,0.02512,0.99268,-0.2304907068001061,0.35152005161624145,0.27436204976516787,-0.11468441088165365,-0.12745498565134383,0.6465415333505375,-2.301967780929567,2.257868940271611
181,catalog_quadratic_z_delta,LCDM fixed H0=70 Om=0.3,450,0.02512,0.99268,-0.23889166599378991,0.32857348885200277,0.2688323548394355,-0.13891969591187048,-0.16303624409677653,0.6465415333505375,-2.301967780929567,2.257868940271611
181,raw_no_catalog_correction,STAM b=354.95 union-style,450,0.02512,0.99268,0.12676547247096892,0.19369299577866714,0.15504906358146903,0.18976519713495374,0.14760199452579315,,,
181,raw_no_catalog_correction,STAM b=461.3626922 original,450,0.02512,0.99268,0.11251790996497459,0.1848202408561597,0.1462673566242423,0.17596909596232732,0.1333585142802356,,,
181,raw_no_catalog_correction,STAM b=1335.412792 DES-style,450,0.02512,0.99268,-0.001068334024616326,0.14842516366128278,0.11301317618308032,0.0658758224979158,0.01782663285421293,,,
181,raw_no_catalog_correction,LCDM fixed H0=70 Om=0.3,450,0.02512,0.99268,-0.009469293218300137,0.14566566979625922,0.11357490835699624,0.04164053746769896,0.006963186152443512,,,
182,catalog_bin_median_delta,STAM b=354.95 union-style,450,0.0251,0.98846,-0.09224007245896561,0.2948904963573268,0.20154741045216182,0.0074387967356409805,0.014149646880948552,,,
182,catalog_bin_median_delta,STAM b=461.3626922 original,450,0.0251,0.98846,-0.10640341103152919,0.30035989326784357,0.20428634620907662,-0.00634772015761565,0.0003420546070600494,,,
182,catalog_bin_median_delta,STAM b=1335.412792 DES-style,450,0.0251,0.98846,-0.21933817020852076,0.36132356412022815,0.25711736004027697,-0.11636636055042086,-0.10819977731253161,,,
182,catalog_bin_median_delta,LCDM fixed H0=70 Om=0.3,450,0.0251,0.98846,-0.23082883054150652,0.3431235916514659,0.26022809864811375,-0.14057164527808966,-0.14492424920545588,,,
182,catalog_linear_z_delta,STAM b=354.95 union-style,450,0.0251,0.98846,-0.0900724230546713,0.25376332722032946,0.20677500098762855,0.01483627881759315,-0.009662996965253967,0.4779645277869105,-0.6547393168579781,
182,catalog_linear_z_delta,STAM b=461.3626922 original,450,0.0251,0.98846,-0.10423576162723486,0.2601428094500303,0.21215890547703173,0.0010497619243365205,-0.021859604672243904,0.4779645277869105,-0.6547393168579781,
182,catalog_linear_z_delta,STAM b=1335.412792 DES-style,450,0.0251,0.98846,-0.2171705208042264,0.3289105030313922,0.27205036401337457,-0.10896887846846869,-0.12492455413215708,0.4779645277869105,-0.6547393168579781,
182,catalog_linear_z_delta,LCDM fixed H0=70 Om=0.3,450,0.0251,0.98846,-0.22866118113721223,0.31283496378410397,0.26768647155980224,-0.13317416319613748,-0.1669506042353035,0.4779645277869105,-0.6547393168579781,
182,catalog_quadratic_z_delta,STAM b=354.95 union-style,450,0.0251,0.98846,-0.09244210272219953,0.27778477317117806,0.21357713201204934,0.008717236759111194,0.009301792771239548,0.6543817357628273,-2.3389273773844,2.286784265606368
182,catalog_quadratic_z_delta,STAM b=461.3626922 original,450,0.0251,0.98846,-0.10660544129476313,0.2836407492537767,0.21708756671201554,-0.005069280134145436,-0.004413408544948538,0.6543817357628273,-2.3389273773844,2.286784265606368
182,catalog_quadratic_z_delta,STAM b=1335.412792 DES-style,450,0.0251,0.98846,-0.21954020047175468,0.34790604726722446,0.2686083312015566,-0.11508792052695065,-0.11357475523919547,0.6543817357628273,-2.3389273773844,2.286784265606368
182,catalog_quadratic_z_delta,LCDM fixed H0=70 Om=0.3,450,0.0251,0.98846,-0.23103086080474042,0.32592726264346755,0.26520581501674356,-0.13929320525461944,-0.15074477158685795,0.6543817357628273,-2.3389273773844,2.286784265606368
182,raw_no_catalog_correction,STAM b=354.95 union-style,450,0.0251,0.98846,0.1257078801918465,0.1964124737308675,0.1550903018984809,0.18886128562452933,0.15267497271594266,,,
182,raw_no_catalog_correction,STAM b=461.3626922 original,450,0.0251,0.98846,0.11154454161928291,0.18787918439061824,0.14660921859446335,0.17507476873127267,0.13842545428365582,,,
182,raw_no_catalog_correction,STAM b=1335.412792 DES-style,450,0.0251,0.98846,-0.00139021755770864,0.15368788069002146,0.11894873613116955,0.06505612833846747,0.02692964124987185,,,
182,raw_no_catalog_correction,LCDM fixed H0=70 Om=0.3,450,0.0251,0.98846,-0.012880877890694394,0.14906920618957725,0.11509913920542782,0.040850843610798666,0.005819536086445254,,,
183,catalog_bin_median_delta,STAM b=354.95 union-style,450,0.02517,0.98846,-0.07835796651441415,0.2768167904256424,0.18808846444342914,0.005023736641820165,0.008080757073226863,,,
183,catalog_bin_median_delta,STAM b=461.3626922 original,450,0.02517,0.98846,-0.0925843073091456,0.2818162930955481,0.19035661586784444,-0.008772306371691328,-0.006318657604300171,,,
183,catalog_bin_median_delta,STAM b=1335.412792 DES-style,450,0.02517,0.98846,-0.20600571895717143,0.3409051620704991,0.24212411002519812,-0.11886488812368684,-0.11495312228526089,,,
183,catalog_bin_median_delta,LCDM fixed H0=70 Om=0.3,450,0.02517,0.98846,-0.21467730545110225,0.3244902490376441,0.2472809887193219,-0.1429215956676233,-0.14583673710181344,,,
183,catalog_linear_z_delta,STAM b=354.95 union-style,450,0.02517,0.98846,-0.08644814761355715,0.24018436961112877,0.19636766284075624,0.012898487119679818,-0.015942109100638646,0.46344998421219896,-0.6262132046255077,
183,catalog_linear_z_delta,STAM b=461.3626922 original,450,0.02517,0.98846,-0.10067448840828863,0.2466579483255184,0.20213853650141222,-0.0008975558938316731,-0.02867376063217364,0.46344998421219896,-0.6262132046255077,
183,catalog_linear_z_delta,STAM b=1335.412792 DES-style,450,0.02517,0.98846,-0.2140959000563144,0.3169740182919875,0.26633224428051994,-0.11099013764582719,-0.13294996296778905,0.46344998421219896,-0.6262132046255077,
183,catalog_linear_z_delta,LCDM fixed H0=70 Om=0.3,450,0.02517,0.98846,-0.22276748655024528,0.30043710745496877,0.26153977303983766,-0.13504684518976365,-0.17398066184381378,0.46344998421219896,-0.6262132046255077,
183,catalog_quadratic_z_delta,STAM b=354.95 union-style,450,0.02517,0.98846,-0.09276596466393067,0.2634319808566107,0.20206402366363088,0.008449557666511806,0.00845784118738635,0.6381031744555639,-2.293560858040813,2.263918423655161
183,catalog_quadratic_z_delta,STAM b=461.3626922 original,450,0.02517,0.98846,-0.10699230545866215,0.269584473249169,0.20624799762910234,-0.005346485346999686,-0.005059086122390255,0.6381031744555639,-2.293560858040813,2.263918423655161
183,catalog_quadratic_z_delta,STAM b=1335.412792 DES-style,450,0.02517,0.98846,-0.2204137171066879,0.3366463985459017,0.26367017030574785,-0.1154390670989952,-0.1122763322935647,0.6381031744555639,-2.293560858040813,2.263918423655161
183,catalog_quadratic_z_delta,LCDM fixed H0=70 Om=0.3,450,0.02517,0.98846,-0.2290853036006188,0.31430239076460875,0.25815244401811344,-0.13949577464293167,-0.15302856176210256,0.6381031744555639,-2.293560858040813,2.263918423655161
183,raw_no_catalog_correction,STAM b=354.95 union-style,450,0.02517,0.98846,0.1324425656215234,0.19846948628951813,0.15708117897749144,0.18679380330848622,0.14481820314357208,,,
183,raw_no_catalog_correction,STAM b=461.3626922 original,450,0.02517,0.98846,0.11821622482679195,0.18939372135560337,0.1479063526262337,0.17299776029497474,0.12970964649451489,,,
183,raw_no_catalog_correction,STAM b=1335.412792 DES-style,450,0.02517,0.98846,0.004794813178766156,0.14971062830583914,0.11386212226721097,0.06290517854297921,0.01895358256100721,,,
183,raw_no_catalog_correction,LCDM fixed H0=70 Om=0.3,450,0.02517,0.98846,-0.003876773315164722,0.1496217297270516,0.1149354026204181,0.03884847099904274,-0.000568214802498801,,,
184,catalog_bin_median_delta,STAM b=354.95 union-style,450,0.0251,0.98024,-0.07230375028345175,0.2803499804802984,0.19093919164154002,0.00427659545431142,0.004149912540984957,,,
184,catalog_bin_median_delta,STAM b=461.3626922 original,450,0.0251,0.98024,-0.08651156996220201,0.28497392780710057,0.1924714809802568,-0.009520452505137611,-0.01010421575555398,,,
184,catalog_bin_median_delta,STAM b=1335.412792 DES-style,450,0.0251,0.98024,-0.19979154435393562,0.34137387159363497,0.23808128338882673,-0.11962106190430744,-0.12515727589653025,,,
184,catalog_bin_median_delta,LCDM fixed H0=70 Om=0.3,450,0.0251,0.98024,-0.21052885464063717,0.32534704868955505,0.24280895602384722,-0.1438322206529001,-0.1573111688233766,,,
184,catalog_linear_z_delta,STAM b=354.95 union-style,450,0.0251,0.98024,-0.08097956826288334,0.23264805468651042,0.18562815285518922,0.013612252943741635,-0.012294148329420551,0.4655290956657979,-0.62611926606228,
184,catalog_linear_z_delta,STAM b=461.3626922 original,450,0.0251,0.98024,-0.0951873879416336,0.23893526471770027,0.19107365801537982,-0.00018479501570739545,-0.025469756842468882,0.4655290956657979,-0.62611926606228,
184,catalog_linear_z_delta,STAM b=1335.412792 DES-style,450,0.0251,0.98024,-0.2084673623333672,0.3085387701444256,0.25576924959269237,-0.11028540441487722,-0.13184992766948866,0.4655290956657979,-0.62611926606228,
184,catalog_linear_z_delta,LCDM fixed H0=70 Om=0.3,450,0.0251,0.98024,-0.21920467262006876,0.29357334541107794,0.2535881726560664,-0.1344965631634699,-0.1702178968034076,0.4655290956657979,-0.62611926606228,
184,catalog_quadratic_z_delta,STAM b=354.95 union-style,450,0.0251,0.98024,-0.07821503885348827,0.26024770735433794,0.19715638225780283,0.010072850879714221,0.018107312001809817,0.6449208192576487,-2.338703897102894,2.3253410231152296
184,catalog_quadratic_z_delta,STAM b=461.3626922 original,450,0.0251,0.98024,-0.09242285853223854,0.2656629123482128,0.1996126957834716,-0.0037241970797348106,0.0042017720455511665,0.6449208192576487,-2.338703897102894,2.3253410231152296
184,catalog_quadratic_z_delta,STAM b=1335.412792 DES-style,450,0.0251,0.98024,-0.20570283292397215,0.3282539334399861,0.2480746568656724,-0.11382480647890464,-0.10416324679972178,0.6449208192576487,-2.338703897102894,2.3253410231152296
184,catalog_quadratic_z_delta,LCDM fixed H0=70 Om=0.3,450,0.0251,0.98024,-0.2164401432106737,0.3062385550867903,0.24508104936962682,-0.1380359652274973,-0.1449238456077211,0.6449208192576487,-2.338703897102894,2.3253410231152296
184,raw_no_catalog_correction,STAM b=354.95 union-style,450,0.0251,0.98024,0.13903251248301923,0.20043019638454349,0.1606206550739799,0.18985435100986686,0.14362937049383362,,,
184,raw_no_catalog_correction,STAM b=461.3626922 original,450,0.0251,0.98024,0.12482469280426899,0.19097211776950648,0.15129455712919804,0.17605730305041786,0.12923066706603592,,,
184,raw_no_catalog_correction,STAM b=1335.412792 DES-style,450,0.0251,0.98024,0.011544718412535349,0.1466879810199229,0.11153420951083762,0.06595669365124802,0.016808769407621327,,,
184,raw_no_catalog_correction,LCDM fixed H0=70 Om=0.3,450,0.0251,0.98024,0.0008074081258338278,0.14497179495484028,0.11115667167278438,0.04174553490265536,0.004908144325156627,,,
185,catalog_bin_median_delta,STAM b=354.95 union-style,450,0.0251,0.98846,-0.08386394315111038,0.29139973710928074,0.20517644827855006,0.01892297118743021,0.022767889778258166,,,
185,catalog_bin_median_delta,STAM b=461.3626922 original,450,0.0251,0.98846,-0.09807897415217967,0.2965634763223412,0.20703300244446157,0.005134422311633086,0.009269143249742484,,,
185,catalog_bin_median_delta,STAM b=1335.412792 DES-style,450,0.0251,0.98846,-0.21141340912157444,0.3558624528229218,0.25330666530820634,-0.10489974754105677,-0.09864125244804356,,,
185,catalog_bin_median_delta,LCDM fixed H0=70 Om=0.3,450,0.0251,0.98846,-0.2208842471201766,0.3346696360320826,0.25176693855854626,-0.12888592239192645,-0.1309839858287134,,,
185,catalog_linear_z_delta,STAM b=354.95 union-style,450,0.0251,0.98846,-0.0768629943700706,0.2463900053034585,0.2007561225864075,0.030906583957788218,0.013501455756948388,0.47621154054537485,-0.6636287619593263,
185,catalog_linear_z_delta,STAM b=461.3626922 original,450,0.0251,0.98846,-0.09107802537113993,0.25220630550407264,0.20597151451291545,0.017118035081991095,0.0007578332794508924,0.47621154054537485,-0.6636287619593263,
185,catalog_linear_z_delta,STAM b=1335.412792 DES-style,450,0.0251,0.98846,-0.20441246034053473,0.3181257871128762,0.26500636666038146,-0.09291613477069877,-0.10642786518379665,0.47621154054537485,-0.6636287619593263,
185,catalog_linear_z_delta,LCDM fixed H0=70 Om=0.3,450,0.0251,0.98846,-0.21388329833913686,0.3000769210707259,0.25866765816365145,-0.11690230962156845,-0.15231823201299477,0.47621154054537485,-0.6636287619593263,
185,catalog_quadratic_z_delta,STAM b=354.95 union-style,450,0.0251,0.98846,-0.08081344092735647,0.27482083999844703,0.21092523038065136,0.02344947738395291,0.023854335318389985,0.6588612579250755,-2.4073162219230424,2.36757232819583
185,catalog_quadratic_z_delta,STAM b=461.3626922 original,450,0.0251,0.98846,-0.09502847192842574,0.28015468321629666,0.21392292222892523,0.009660928508155786,0.009962314282830675,0.6588612579250755,-2.4073162219230424,2.36757232819583
185,catalog_quadratic_z_delta,STAM b=1335.412792 DES-style,450,0.0251,0.98846,-0.20836290689782055,0.34141733267107877,0.25944934094514593,-0.10037324134453407,-0.10131414790953386,0.6588612579250755,-2.4073162219230424,2.36757232819583
185,catalog_quadratic_z_delta,LCDM fixed H0=70 Om=0.3,450,0.0251,0.98846,-0.21783374489642268,0.3171798619089204,0.2533355932508441,-0.12435941619540376,-0.1390963170442845,0.6588612579250755,-2.4073162219230424,2.36757232819583
185,raw_no_catalog_correction,STAM b=354.95 union-style,450,0.0251,0.98846,0.139205055517875,0.20666845809076845,0.16819987966369754,0.19916694896520795,0.1689971238420256,,,
185,raw_no_catalog_correction,STAM b=461.3626922 original,450,0.0251,0.98846,0.12499002451680567,0.19750422829960015,0.1594877402305546,0.18537840008941084,0.15559526875236784,,,
185,raw_no_catalog_correction,STAM b=1335.412792 DES-style,450,0.0251,0.98846,0.011655589547410895,0.15510779003575575,0.11919543364653246,0.07534423023672096,0.04117076038091483,,,
185,raw_no_catalog_correction,LCDM fixed H0=70 Om=0.3,450,0.0251,0.98846,0.002184751548808741,0.15282639288191371,0.12127152219825396,0.05135805538585128,0.020184772071541346,,,
186,catalog_bin_median_delta,STAM b=354.95 union-style,450,0.02509,0.98846,-0.07025476701006407,0.2615136107254448,0.1839717248353924,0.01873518772556693,0.019362244880532842,,,
186,catalog_bin_median_delta,STAM b=461.3626922 original,450,0.02509,0.98846,-0.0844591286659646,0.26645890368394815,0.18572035329790865,0.0049411403719643,0.006539003731528936,,,
186,catalog_bin_median_delta,STAM b=1335.412792 DES-style,450,0.02509,0.98846,-0.19771083285633045,0.32601913427559664,0.2334233860355386,-0.10513585622739179,-0.0987806425273341,,,
186,catalog_bin_median_delta,LCDM fixed H0=70 Om=0.3,450,0.02509,0.98846,-0.20742406407213718,0.30590054386435384,0.2325158382336453,-0.12914955839463893,-0.14081025007134684,,,
186,catalog_linear_z_delta,STAM b=354.95 union-style,450,0.02509,0.98846,-0.06525440298871998,0.22899505779045068,0.18785950268897475,0.028895225213551597,0.009017132248807513,0.4450345668755856,-0.605383119216139,
186,catalog_linear_z_delta,STAM b=461.3626922 original,450,0.02509,0.98846,-0.07945876464462052,0.23446889910566518,0.1924559275987869,0.015101177859948965,-0.005028541733725689,0.4450345668755856,-0.605383119216139,
186,catalog_linear_z_delta,STAM b=1335.412792 DES-style,450,0.02509,0.98846,-0.19271046883498638,0.2994396273287384,0.24771032662051817,-0.09497581873940712,-0.11432513657301513,0.4450345668755856,-0.605383119216139,
186,catalog_linear_z_delta,LCDM fixed H0=70 Om=0.3,450,0.02509,0.98846,-0.2024237000507931,0.28199450626228534,0.2409704311369369,-0.11898952090665425,-0.15206774957291103,0.4450345668755856,-0.605383119216139,
186,catalog_quadratic_z_delta,STAM b=354.95 union-style,450,0.02509,0.98846,-0.06931664232073773,0.2532591575200705,0.19544227965983804,0.02375811428941489,0.02144659876536892,0.6086697130830439,-2.1675456921705782,2.1210985138053866
186,catalog_quadratic_z_delta,STAM b=461.3626922 original,450,0.02509,0.98846,-0.08352100397663827,0.2583525417197773,0.19815120162302527,0.00996406693581226,0.007183745462612023,0.6086697130830439,-2.1675456921705782,2.1210985138053866
186,catalog_quadratic_z_delta,STAM b=1335.412792 DES-style,450,0.02509,0.98846,-0.1967727081670041,0.3193537123531249,0.24200953210390008,-0.10011292966354383,-0.10173932255775497,0.6086697130830439,-2.1675456921705782,2.1210985138053866
186,catalog_quadratic_z_delta,LCDM fixed H0=70 Om=0.3,450,0.02509,0.98846,-0.20648593938281085,0.2957307479253333,0.23559862139335155,-0.12412663183079096,-0.13657458363659813,0.6086697130830439,-2.1675456921705782,2.1210985138053866
186,raw_no_catalog_correction,STAM b=354.95 union-style,450,0.02509,0.98846,0.14131387504210866,0.20145411062177293,0.16532600153742252,0.19371860994778886,0.16773565456400874,,,
186,raw_no_catalog_correction,STAM b=461.3626922 original,450,0.02509,0.98846,0.12710951338620813,0.19191299097732256,0.15591403211387592,0.1799245625941862,0.1537368166472568,,,
186,raw_no_catalog_correction,STAM b=1335.412792 DES-style,450,0.02509,0.98846,0.013857809195842286,0.1465114085814843,0.11671254057031835,0.06984756599483012,0.04532194410488799,,,
186,raw_no_catalog_correction,LCDM fixed H0=70 Om=0.3,450,0.02509,0.98846,0.004144577980035543,0.14364552212025417,0.11277979457047133,0.045833863827583,0.01753956396705192,,,
187,catalog_bin_median_delta,STAM b=354.95 union-style,450,0.02509,0.98536,-0.09296656921461939,0.29003152418147576,0.19684557141395576,-0.00531694732487943,0.008360717446361576,,,
187,catalog_bin_median_delta,STAM b=461.3626922 original,450,0.02509,0.98536,-0.10720407211257398,0.29566763603872875,0.19975606199516388,-0.019115696343524273,-0.00577783396722964,,,
187,catalog_bin_median_delta,STAM b=1335.412792 DES-style,450,0.02509,0.98536,-0.22071133859425265,0.35814559128687545,0.25486122918302534,-0.1292294184347514,-0.11375023125609474,,,
187,catalog_bin_median_delta,LCDM fixed H0=70 Om=0.3,450,0.02509,0.98536,-0.22861144994506424,0.3365110929096364,0.25137705661153614,-0.15334707672976403,-0.14701963139323126,,,
187,catalog_linear_z_delta,STAM b=354.95 union-style,450,0.02509,0.98536,-0.09237616147606684,0.2521800179980873,0.20578022137428073,0.004860788471269062,-0.003036454082838702,0.4899484127169334,-0.6802488053036134,
187,catalog_linear_z_delta,STAM b=461.3626922 original,450,0.02509,0.98536,-0.10661366437402141,0.2588094236726456,0.21086106619998582,-0.00893796054737578,-0.016120148978092885,0.4899484127169334,-0.6802488053036134,
187,catalog_linear_z_delta,STAM b=1335.412792 DES-style,450,0.02509,0.98536,-0.2201209308557001,0.3293996073394302,0.27285846971483463,-0.11905168263860288,-0.12351069461858444,0.4899484127169334,-0.6802488053036134,
187,catalog_linear_z_delta,LCDM fixed H0=70 Om=0.3,450,0.02509,0.98536,-0.22802104220651173,0.3091347398786117,0.2657339128561568,-0.14316934093361555,-0.16527977116382075,0.4899484127169334,-0.6802488053036134,
187,catalog_quadratic_z_delta,STAM b=354.95 union-style,450,0.02509,0.98536,-0.10153165207667159,0.28334369138086896,0.21759740561388569,0.0011906329193492441,0.020877758252115797,0.6778414880692595,-2.47399261178749,2.43553864876235
187,catalog_quadratic_z_delta,STAM b=461.3626922 original,450,0.02509,0.98536,-0.11576915497462618,0.28961526794947107,0.22064283238818266,-0.012608116099295599,0.006545791153470759,0.6778414880692595,-2.47399261178749,2.43553864876235
187,catalog_quadratic_z_delta,STAM b=1335.412792 DES-style,450,0.02509,0.98536,-0.2292764214563049,0.3564315755563074,0.27085904943390404,-0.1227218381905227,-0.10389702340043172,0.6778414880692595,-2.47399261178749,2.43553864876235
187,catalog_quadratic_z_delta,LCDM fixed H0=70 Om=0.3,450,0.02509,0.98536,-0.23717653280711648,0.3307323139293947,0.2654016623259208,-0.14683949648553535,-0.13932723445100237,0.6778414880692595,-2.47399261178749,2.43553864876235
187,raw_no_catalog_correction,STAM b=354.95 union-style,450,0.02509,0.98536,0.1329186819680886,0.19341951415701622,0.15579433789185335,0.18069338600845375,0.1508603780359472,,,
187,raw_no_catalog_correction,STAM b=461.3626922 original,450,0.02509,0.98536,0.118681179070134,0.18410012030611916,0.14623305191790817,0.1668946369898089,0.13688676531743482,,,
187,raw_no_catalog_correction,STAM b=1335.412792 DES-style,450,0.02509,0.98536,0.005173912588455274,0.14308006402095838,0.1081402331957592,0.05678091489858179,0.02410989827001231,,,
187,raw_no_catalog_correction,LCDM fixed H0=70 Om=0.3,450,0.02509,0.98536,-0.002726198762356337,0.13959036321073548,0.10480629522363161,0.03266325660356914,0.008154074282302304,,,
188,catalog_bin_median_delta,STAM b=354.95 union-style,450,0.0251,0.95791,-0.10070133349676648,0.284732700206861,0.19062679539216182,-0.014474262884408501,-0.0028522287333174745,,,
188,catalog_bin_median_delta,STAM b=461.3626922 original,450,0.0251,0.95791,-0.11492844754301433,0.2908381271826273,0.19441134565781612,-0.028272380835407045,-0.017186285944422508,,,
188,catalog_bin_median_delta,STAM b=1335.412792 DES-style,450,0.0251,0.95791,-0.22835692828914655,0.3565243145094018,0.25707354864759707,-0.13838126234808926,-0.12458543374964393,,,
188,catalog_bin_median_delta,LCDM fixed H0=70 Om=0.3,450,0.0251,0.95791,-0.23783896825779788,0.3372108679390185,0.2574069312332627,-0.16256084646544386,-0.1636508174882536,,,
188,catalog_linear_z_delta,STAM b=354.95 union-style,450,0.0251,0.95791,-0.1073730177745347,0.2620196107710751,0.2106009368684607,-0.006002753141791667,-0.025788785437793393,0.4965306935280498,-0.6837283413032909,
188,catalog_linear_z_delta,STAM b=461.3626922 original,450,0.0251,0.95791,-0.12160013182078254,0.26919226727251816,0.21616772128933254,-0.019800871092790214,-0.03930168019374847,0.4965306935280498,-0.6837283413032909,
188,catalog_linear_z_delta,STAM b=1335.412792 DES-style,450,0.0251,0.95791,-0.23502861256691474,0.3425340563090271,0.282154705149492,-0.1299097526054724,-0.14811083110344825,0.4965306935280498,-0.6837283413032909,
188,catalog_linear_z_delta,LCDM fixed H0=70 Om=0.3,450,0.0251,0.95791,-0.24451065253556606,0.3245607999333252,0.2792380106030477,-0.15408933672282704,-0.18820880925587957,0.4965306935280498,-0.6837283413032909,
188,catalog_quadratic_z_delta,STAM b=354.95 union-style,450,0.0251,0.95791,-0.10761266533517212,0.2836943053136892,0.21138995784511028,-0.008779278576843947,0.008853416084356525,0.6774709928055828,-2.411096636083803,2.3454142265898157
188,catalog_quadratic_z_delta,STAM b=461.3626922 original,450,0.0251,0.95791,-0.12183977938142003,0.2902950466158544,0.21535238791873018,-0.02257739652784249,-0.005004251271042648,0.6774709928055828,-2.411096636083803,2.3454142265898157
188,catalog_quadratic_z_delta,STAM b=1335.412792 DES-style,450,0.0251,0.95791,-0.2352682601275522,0.3591160919493018,0.2720189968973051,-0.13268627804052469,-0.11563379215633773,0.6774709928055828,-2.411096636083803,2.3454142265898157
188,catalog_quadratic_z_delta,LCDM fixed H0=70 Om=0.3,450,0.0251,0.95791,-0.24475030009620358,0.3349487880850871,0.26801493517415015,-0.1568658621578793,-0.15688240175396828,0.6774709928055828,-2.411096636083803,2.3454142265898157
188,raw_no_catalog_correction,STAM b=354.95 union-style,450,0.0251,0.95791,0.12287554343939877,0.18822987170159639,0.15049009911451094,0.17478591489336773,0.1469511439837099,,,
188,raw_no_catalog_correction,STAM b=461.3626922 original,450,0.0251,0.95791,0.10864842939315088,0.17950787599174467,0.1423257361148876,0.1609877969423692,0.13349749862818427,,,
188,raw_no_catalog_correction,STAM b=1335.412792 DES-style,450,0.0251,0.95791,-0.004780051352981328,0.1457637464234508,0.1112747923793586,0.05087891542968699,0.020121632647029486,,,
188,raw_no_catalog_correction,LCDM fixed H0=70 Om=0.3,450,0.0251,0.95791,-0.014262091321632642,0.14128981254989384,0.10996191947370437,0.026699331312332392,-0.006258768675216686,,,
189,catalog_bin_median_delta,STAM b=354.95 union-style,450,0.0251,0.97489,-0.07539225831068229,0.29002025951090254,0.1984551750165222,-0.0012836161912397554,0.01775574355113818,,,
189,catalog_bin_median_delta,STAM b=461.3626922 original,450,0.0251,0.97489,-0.08962631172945298,0.2946926918668073,0.1994089037312243,-0.0150814681428521,0.004356518388263453,,,
189,catalog_bin_median_delta,STAM b=1335.412792 DES-style,450,0.0251,0.97489,-0.20310852055219994,0.3509398716989791,0.24025600653929718,-0.125188490578304,-0.10528888265732306,,,
189,catalog_bin_median_delta,LCDM fixed H0=70 Om=0.3,450,0.0251,0.97489,-0.2123549752645821,0.33264071387485045,0.24641599444319165,-0.14952558123663848,-0.14564424853369928,,,
189,catalog_linear_z_delta,STAM b=354.95 union-style,450,0.0251,0.97489,-0.076845176915499,0.22816931151067724,0.1847697183179271,0.008058678297254795,-0.016938979747468608,0.45373499833531733,-0.6137628634131042,
189,catalog_linear_z_delta,STAM b=461.3626922 original,450,0.0251,0.97489,-0.09107923033426968,0.23435694589441455,0.19015152001094832,-0.005739173654357551,-0.030812848510617386,0.45373499833531733,-0.6137628634131042,
189,catalog_linear_z_delta,STAM b=1335.412792 DES-style,450,0.0251,0.97489,-0.20456143915701666,0.3037443171829344,0.25283820306947313,-0.11584619608980944,-0.1373295658223057,0.45373499833531733,-0.6137628634131042,
189,catalog_linear_z_delta,LCDM fixed H0=70 Om=0.3,450,0.0251,0.97489,-0.21380789386939886,0.2869096022049728,0.24875204383518895,-0.14018328674814393,-0.17560959731075698,0.45373499833531733,-0.6137628634131042,
189,catalog_quadratic_z_delta,STAM b=354.95 union-style,450,0.0251,0.97489,-0.07829685756691142,0.25670452276338573,0.19599765799305252,0.006089905138726819,0.0157757351139729,0.6360435928849462,-2.354193753316724,2.363150569517084
189,catalog_quadratic_z_delta,STAM b=461.3626922 original,450,0.0251,0.97489,-0.0925309109856821,0.26220702181474487,0.19850593961924093,-0.007707946812885527,0.002278687620947295,0.6360435928849462,-2.354193753316724,2.363150569517084
189,catalog_quadratic_z_delta,STAM b=1335.412792 DES-style,450,0.0251,0.97489,-0.20601311980842904,0.32563788952413025,0.2475083684412662,-0.11781496924833741,-0.10747001537993128,0.6360435928849462,-2.354193753316724,2.363150569517084
189,catalog_quadratic_z_delta,LCDM fixed H0=70 Om=0.3,450,0.0251,0.97489,-0.21525957452081124,0.30248626753222274,0.24253134867115683,-0.1421520599066719,-0.14015566227671172,0.6360435928849462,-2.354193753316724,2.363150569517084
189,raw_no_catalog_correction,STAM b=354.95 union-style,450,0.0251,0.97489,0.13852067194901113,0.1959296799576617,0.16030549918122936,0.17842427269764918,0.1539745458807218,,,
189,raw_no_catalog_correction,STAM b=461.3626922 original,450,0.0251,0.97489,0.12428661853024048,0.1862766714576062,0.15073389263834022,0.16462642074603684,0.14021047632966344,,,
189,raw_no_catalog_correction,STAM b=1335.412792 DES-style,450,0.0251,0.97489,0.010804409707493499,0.14107459519582322,0.10765497980266545,0.054519398310584964,0.027100507341305757,,,
189,raw_no_catalog_correction,LCDM fixed H0=70 Om=0.3,450,0.0251,0.97489,0.0015579549951113025,0.13876486439721236,0.10769955651047322,0.030182307652250478,0.004940253945722617,,,
190,catalog_bin_median_delta,STAM b=354.95 union-style,450,0.02517,0.98024,-0.0683159883873026,0.2850070324843498,0.19430815811015595,0.011727841427779613,0.02117425982018517,,,
190,catalog_bin_median_delta,STAM b=461.3626922 original,450,0.02517,0.98024,-0.08259144968482592,0.2893704656427061,0.1947377360797899,-0.002063623023834964,0.007454044814473093,,,
190,catalog_bin_median_delta,STAM b=1335.412792 DES-style,450,0.02517,0.98024,-0.19639365604840323,0.3440068181499744,0.23670274462172247,-0.1121206828002736,-0.10339929126354264,,,
190,catalog_bin_median_delta,LCDM fixed H0=70 Om=0.3,450,0.02517,0.98024,-0.2039124838887846,0.3255640293263319,0.23895372495349199,-0.13626804620275418,-0.1374788237170499,,,
190,catalog_linear_z_delta,STAM b=354.95 union-style,450,0.02517,0.98024,-0.0828318358157181,0.2331801439198362,0.1868224811464383,0.020734767043415887,-0.0009182966263878711,0.4547716006104048,-0.622388501754919,
190,catalog_linear_z_delta,STAM b=461.3626922 original,450,0.02517,0.98024,-0.09710729711324141,0.2396231791463792,0.1922487161878796,0.0069433025918013095,-0.01467988525347863,0.4547716006104048,-0.622388501754919,
190,catalog_linear_z_delta,STAM b=1335.412792 DES-style,450,0.02517,0.98024,-0.21090950347681872,0.31033419472347046,0.2591736441236629,-0.10311375718463732,-0.12029704556454135,0.4547716006104048,-0.622388501754919,
190,catalog_linear_z_delta,LCDM fixed H0=70 Om=0.3,450,0.02517,0.98024,-0.21842833131720008,0.29162048334218427,0.25378287262498944,-0.12726112058711792,-0.16094076369348542,0.4547716006104048,-0.622388501754919,
190,catalog_quadratic_z_delta,STAM b=354.95 union-style,450,0.02517,0.98024,-0.08571721694657641,0.26979684397348946,0.20547077574448297,0.015794600875237833,0.025550975792310027,0.6387580305583531,-2.3788370487669317,2.3848992845839168
190,catalog_quadratic_z_delta,STAM b=461.3626922 original,450,0.02517,0.98024,-0.09999267824409974,0.27546948837725616,0.2075499731157977,0.002003136423623254,0.011736075161753234,0.6387580305583531,-2.3788370487669317,2.3848992845839168
190,catalog_quadratic_z_delta,STAM b=1335.412792 DES-style,450,0.02517,0.98024,-0.21379488460767704,0.3393295393099726,0.25742078411903985,-0.10805392335281537,-0.09803515384578176,0.6387580305583531,-2.3788370487669317,2.3848992845839168
190,catalog_quadratic_z_delta,LCDM fixed H0=70 Om=0.3,450,0.02517,0.98024,-0.22131371244805845,0.31422730048579517,0.2506945145963993,-0.13220128675529597,-0.13829114152554212,0.6387580305583531,-2.3788370487669317,2.3848992845839168
190,raw_no_catalog_correction,STAM b=354.95 union-style,450,0.02517,0.98024,0.13438012668583732,0.1965411381242679,0.15735049357273323,0.18720541920555672,0.14411762449676857,,,
190,raw_no_catalog_correction,STAM b=461.3626922 original,450,0.02517,0.98024,0.12010466538831403,0.18718809105899956,0.1474223442143463,0.17341395475394217,0.12893162515977963,,,
190,raw_no_catalog_correction,STAM b=1335.412792 DES-style,450,0.02517,0.98024,0.0063024590247366865,0.14536733608548968,0.1101629640232591,0.06335689497750353,0.019504027881499297,,,
190,raw_no_catalog_correction,LCDM fixed H0=70 Om=0.3,450,0.02517,0.98024,-0.0012163688156446811,0.1434295527222613,0.10892204668474463,0.03920953157502293,0.0013191280112643256,,,
191,catalog_bin_median_delta,STAM b=354.95 union-style,450,0.02512,0.99268,-0.09724361751627773,0.3054311952419083,0.2078968505008736,0.02045069265865632,0.018580868419491026,,,
191,catalog_bin_median_delta,STAM b=461.3626922 original,450,0.02512,0.99268,-0.11144793575972525,0.3110403544423056,0.2100042260881271,0.0066556408665801176,0.005108506746516639,,,
191,catalog_bin_median_delta,STAM b=1335.412792 DES-style,450,0.02512,0.99268,-0.22469818395777333,0.37251951268933664,0.261502303286078,-0.10342908074570686,-0.1026620931521478,,,
191,catalog_bin_median_delta,LCDM fixed H0=70 Om=0.3,450,0.02512,0.99268,-0.23356482097023068,0.3499642347644798,0.2598527512139711,-0.1273750889777406,-0.13879506666243202,,,
191,catalog_linear_z_delta,STAM b=354.95 union-style,450,0.02512,0.99268,-0.09240492585619421,0.26706204557906577,0.21715855251432864,0.029082336100033045,0.012537124229414331,0.5238804809558034,-0.7452497643344593,
191,catalog_linear_z_delta,STAM b=461.3626922 original,450,0.02512,0.99268,-0.10660924409964173,0.273404574036772,0.2214414290818219,0.015287284307956842,-0.0018662513766649624,0.5238804809558034,-0.7452497643344593,
191,catalog_linear_z_delta,STAM b=1335.412792 DES-style,450,0.02512,0.99268,-0.2198594922976898,0.3413482890329743,0.2791941983523839,-0.09479743730433014,-0.10887857709754911,0.5238804809558034,-0.7452497643344593,
191,catalog_linear_z_delta,LCDM fixed H0=70 Om=0.3,450,0.02512,0.99268,-0.2287261293101471,0.3201330564501701,0.2718191622409856,-0.11874344553636387,-0.14973266703342603,0.5238804809558034,-0.7452497643344593,
191,catalog_quadratic_z_delta,STAM b=354.95 union-style,450,0.02512,0.99268,-0.10309803620815035,0.30097977792690533,0.22996503038234317,0.022884175922246407,0.01976687844279823,0.7196945424747874,-2.6146122164285828,2.5382133636715167
191,catalog_quadratic_z_delta,STAM b=461.3626922 original,450,0.02512,0.99268,-0.11730235445159791,0.3070111017094128,0.23323838013109363,0.009089124130170205,0.006265043966845241,0.7196945424747874,-2.6146122164285828,2.5382133636715167
191,catalog_quadratic_z_delta,STAM b=1335.412792 DES-style,450,0.02512,0.99268,-0.23055260264964592,0.3713972429492723,0.27881688371645086,-0.10099559748211678,-0.10298346579911666,0.7196945424747874,-2.6146122164285828,2.5382133636715167
191,catalog_quadratic_z_delta,LCDM fixed H0=70 Om=0.3,450,0.02512,0.99268,-0.23941923966210327,0.3448324464789349,0.27126208422332004,-0.12494160571415051,-0.14244415586717807,0.7196945424747874,-2.6146122164285828,2.5382133636715167
191,raw_no_catalog_correction,STAM b=354.95 union-style,450,0.02512,0.99268,0.13724297061357696,0.20021703771242805,0.16129013796151684,0.20812051488087793,0.15448376674066466,,,
191,raw_no_catalog_correction,STAM b=461.3626922 original,450,0.02512,0.99268,0.12303865237012941,0.19092589397534032,0.15187893145956433,0.19432546308880175,0.14133127850866956,,,
191,raw_no_catalog_correction,STAM b=1335.412792 DES-style,450,0.02512,0.99268,0.00978840417208132,0.14845876323991966,0.11489405702978069,0.08424074147651475,0.03254414919852877,,,
191,raw_no_catalog_correction,LCDM fixed H0=70 Om=0.3,450,0.02512,0.99268,0.0009217671596240294,0.14434931154248906,0.11176236313164054,0.06029473324448102,0.007897365831993852,,,
192,catalog_bin_median_delta,STAM b=354.95 union-style,450,0.0251,0.98,-0.09043073773677923,0.29307125810751117,0.1950454873054622,0.0007766895628813744,0.007676243683143014,,,
192,catalog_bin_median_delta,STAM b=461.3626922 original,450,0.0251,0.98,-0.1046800935679447,0.29850143529009093,0.19746540614934807,-0.013018036033076028,-0.0053482812724112705,,,
192,catalog_bin_median_delta,STAM b=1335.412792 DES-style,450,0.0251,0.98,-0.21828135786269248,0.3595318415889536,0.24796377430148542,-0.12310019051625404,-0.11635152313746389,,,
192,catalog_bin_median_delta,LCDM fixed H0=70 Om=0.3,450,0.0251,0.98,-0.22747809177601314,0.33923519599480684,0.2485990471204988,-0.1470200056712123,-0.1484927128883946,,,
192,catalog_linear_z_delta,STAM b=354.95 union-style,450,0.0251,0.98,-0.10245143805716204,0.25878258706204144,0.21133764044497647,0.012577512681675356,-0.0008765787916402701,0.5016539099984776,-0.7076930244669963,
192,catalog_linear_z_delta,STAM b=461.3626922 original,450,0.0251,0.98,-0.11670079388832746,0.26577330788781905,0.21672661135250745,-0.001217212914282047,-0.014053799216149798,0.5016539099984776,-0.7076930244669963,
192,catalog_linear_z_delta,STAM b=1335.412792 DES-style,450,0.0251,0.98,-0.23030205818307534,0.33823377478341154,0.2782878836823201,-0.11129936739746005,-0.12060049458606414,0.5016539099984776,-0.7076930244669963,
192,catalog_linear_z_delta,LCDM fixed H0=70 Om=0.3,450,0.0251,0.98,-0.23949879209639596,0.3202742298748637,0.27346000837726486,-0.13521918255241833,-0.16629079830312676,0.5016539099984776,-0.7076930244669963,
192,catalog_quadratic_z_delta,STAM b=354.95 union-style,450,0.0251,0.98,-0.10162689942981488,0.2884370888529628,0.21589758043252147,0.0057449803680289175,0.018218061246056294,0.6983340955409052,-2.5853240335570917,2.549440379514244
192,catalog_quadratic_z_delta,STAM b=461.3626922 original,450,0.0251,0.98,-0.11587625526098029,0.29458513220998594,0.2192098362942324,-0.008049745227928484,0.00507146882365106,0.6983340955409052,-2.5853240335570917,2.549440379514244
192,catalog_quadratic_z_delta,STAM b=1335.412792 DES-style,450,0.0251,0.98,-0.22947751955572812,0.3604066985963217,0.27195214182363986,-0.11813189971110649,-0.10225341129215693,0.6983340955409052,-2.5853240335570917,2.549440379514244
192,catalog_quadratic_z_delta,LCDM fixed H0=70 Om=0.3,450,0.0251,0.98,-0.23867425346904875,0.3359146009083285,0.26707600081209293,-0.14205171486606477,-0.14736685803702443,0.6983340955409052,-2.5853240335570917,2.549440379514244
192,raw_no_catalog_correction,STAM b=354.95 union-style,450,0.0251,0.98,0.12648940168136225,0.1899214739687196,0.15317042818842766,0.1866850006739916,0.14700775582106118,,,
192,raw_no_catalog_correction,STAM b=461.3626922 original,450,0.0251,0.98,0.1122400458501968,0.1809304919025064,0.14390223300057067,0.1728902750780342,0.1331015896187786,,,
192,raw_no_catalog_correction,STAM b=1335.412792 DES-style,450,0.0251,0.98,-0.0013612184445510023,0.14420456465397538,0.10832631533243832,0.06280812059485621,0.01895358256100721,,,
192,raw_no_catalog_correction,LCDM fixed H0=70 Om=0.3,450,0.0251,0.98,-0.01055795235787162,0.14032236031012943,0.10523479913816723,0.03888830543989794,0.0022496157032243502,,,
193,catalog_bin_median_delta,STAM b=354.95 union-style,450,0.0251,0.98536,-0.07609903440751785,0.28929423676716,0.19349173992525898,0.011361086861174607,0.02498468928498454,,,
193,catalog_bin_median_delta,STAM b=461.3626922 original,450,0.0251,0.98536,-0.09026812578399286,0.2940509963310594,0.19458466516134065,-0.002434374000451827,0.011670610392293668,,,
193,catalog_bin_median_delta,STAM b=1335.412792 DES-style,450,0.0251,0.98536,-0.2032454036740349,0.35070644480670954,0.23968638874211748,-0.11252233575018535,-0.09568680672628815,,,
193,catalog_bin_median_delta,LCDM fixed H0=70 Om=0.3,450,0.0251,0.98536,-0.21303496552125156,0.3309178313434732,0.2411254807757428,-0.13651122549648054,-0.13458783985747047,,,
193,catalog_linear_z_delta,STAM b=354.95 union-style,450,0.0251,0.98536,-0.07989968463637,0.2530317682314059,0.2055603342464569,0.01946286170853581,0.009672818718840404,0.49245643346543294,-0.6989838707861996,
193,catalog_linear_z_delta,STAM b=461.3626922 original,450,0.0251,0.98536,-0.09406877601284504,0.25896934909803565,0.20947008565263997,0.005667400846909376,-0.003863515105969384,0.49245643346543294,-0.6989838707861996,
193,catalog_linear_z_delta,STAM b=1335.412792 DES-style,450,0.0251,0.98536,-0.20704605390288705,0.3250833737413771,0.26196675087771604,-0.10442056090282414,-0.10966052154150674,0.49245643346543294,-0.6989838707861996,
193,catalog_linear_z_delta,LCDM fixed H0=70 Om=0.3,450,0.0251,0.98536,-0.21683561575010374,0.30403912759932766,0.2555602540582195,-0.12840945064911932,-0.1549747163904449,0.49245643346543294,-0.6989838707861996,
193,catalog_quadratic_z_delta,STAM b=354.95 union-style,450,0.0251,0.98536,-0.09221646921303209,0.29159024936540956,0.22318573436875133,0.013727931963546797,0.027883604586662614,0.6863658960754461,-2.5501638406872127,2.5135252571806816
193,catalog_quadratic_z_delta,STAM b=461.3626922 original,450,0.0251,0.98536,-0.10638556058950709,0.297228895012328,0.22589450927946422,-6.752889807963748e-05,0.013840904666135856,0.6863658960754461,-2.5501638406872127,2.5135252571806816
193,catalog_quadratic_z_delta,STAM b=1335.412792 DES-style,450,0.0251,0.98536,-0.21936283847954904,0.3594427982336919,0.2720956494255071,-0.11015549064781316,-0.09943544166333496,0.6863658960754461,-2.5501638406872127,2.5135252571806816
193,catalog_quadratic_z_delta,LCDM fixed H0=70 Om=0.3,450,0.0251,0.98536,-0.2291524003267658,0.3336553269449519,0.2641283988129674,-0.13414438039410834,-0.13411008830297533,0.6863658960754461,-2.5501638406872127,2.5135252571806816
193,raw_no_catalog_correction,STAM b=354.95 union-style,450,0.0251,0.98536,0.13224850456008913,0.19389965433340328,0.15499702886440156,0.18857602019450767,0.1549236694811995,,,
193,raw_no_catalog_correction,STAM b=461.3626922 original,450,0.0251,0.98536,0.11807941318361413,0.1847117324653518,0.14656622414429357,0.17478055933288122,0.14120618089316395,,,
193,raw_no_catalog_correction,STAM b=1335.412792 DES-style,450,0.0251,0.98536,0.005102135293572095,0.14447466754870614,0.1125592178654752,0.06469259758314772,0.023853082899439215,,,
193,raw_no_catalog_correction,LCDM fixed H0=70 Om=0.3,450,0.0251,0.98536,-0.004687426553644585,0.13895771504831675,0.10966796343173493,0.04070370783685252,0.006072029818078306,,,
194,catalog_bin_median_delta,STAM b=354.95 union-style,450,0.02509,0.97489,-0.10171128380797753,0.3001774129326794,0.1965873274692719,-0.008665402217908074,-0.0010827328100759814,,,
194,catalog_bin_median_delta,STAM b=461.3626922 original,450,0.02509,0.97489,-0.11592721437277455,0.3060020708095369,0.19975158571898277,-0.022457048214013405,-0.01457550001458685,,,
194,catalog_bin_median_delta,STAM b=1335.412792 DES-style,450,0.02509,0.97489,-0.22926824197281137,0.3691552299457141,0.2580453657146551,-0.1325157403006133,-0.12685511142107941,,,
194,catalog_bin_median_delta,LCDM fixed H0=70 Om=0.3,450,0.02509,0.97489,-0.2384505537248697,0.3494618846149323,0.260666527361572,-0.15683933617800133,-0.15889253099637557,,,
194,catalog_linear_z_delta,STAM b=354.95 union-style,450,0.02509,0.97489,-0.10530764987963505,0.25633371521780424,0.20401188496858105,0.0004365926705206707,-0.01571129997021714,0.49217892622723614,-0.6711792782828073,
194,catalog_linear_z_delta,STAM b=461.3626922 original,450,0.02509,0.97489,-0.11952358044443205,0.26353541179713846,0.21002334928357036,-0.01335505332558466,-0.0290412490166716,0.49217892622723614,-0.6711792782828073,
194,catalog_linear_z_delta,STAM b=1335.412792 DES-style,450,0.02509,0.97489,-0.2328646080444689,0.3372981063812804,0.27668544095800907,-0.12341374541218457,-0.13881139231806472,0.49217892622723614,-0.6711792782828073,
194,catalog_linear_z_delta,LCDM fixed H0=70 Om=0.3,450,0.02509,0.97489,-0.2420469197965272,0.3184427490642396,0.272568602123058,-0.1477373412895726,-0.18122598774381515,0.49217892622723614,-0.6711792782828073,
194,catalog_quadratic_z_delta,STAM b=354.95 union-style,450,0.02509,0.97489,-0.10977539973163081,0.28883809153339013,0.2138668725665428,-0.0027262300481410763,0.009270571230221236,0.6845773186479802,-2.5079336351691777,2.4939382136451154
194,catalog_quadratic_z_delta,STAM b=461.3626922 original,450,0.02509,0.97489,-0.1239913302964278,0.2954074226522722,0.21742028261862176,-0.016517876044246406,-0.004138446028822074,0.6845773186479802,-2.5079336351691777,2.4939382136451154
194,catalog_quadratic_z_delta,STAM b=1335.412792 DES-style,450,0.02509,0.97489,-0.2373323578964646,0.36377850882107365,0.2740671035564909,-0.1265765681308463,-0.11202337727122114,0.6845773186479802,-2.5079336351691777,2.4939382136451154
194,catalog_quadratic_z_delta,LCDM fixed H0=70 Om=0.3,450,0.02509,0.97489,-0.246514669648523,0.338978226004341,0.27078720219142777,-0.15090016400823433,-0.1515309240807916,0.6845773186479802,-2.5079336351691777,2.4939382136451154
194,raw_no_catalog_correction,STAM b=354.95 union-style,450,0.02509,0.97489,0.12375015928941557,0.1867177312808647,0.14682872694220273,0.18189635333764734,0.13926993131456555,,,
194,raw_no_catalog_correction,STAM b=461.3626922 original,450,0.02509,0.97489,0.10953422872461858,0.17783449430826032,0.13815513478454072,0.168104707341542,0.12479816032369584,,,
194,raw_no_catalog_correction,STAM b=1335.412792 DES-style,450,0.02509,0.97489,-0.0038067988754182706,0.14277372003265903,0.10957885332781053,0.058046015254942095,0.015273939586400331,,,
194,raw_no_catalog_correction,LCDM fixed H0=70 Om=0.3,450,0.02509,0.97489,-0.01298911062747661,0.1378619004748937,0.10414208093144524,0.03372241937755406,-0.00480948527904701,,,
195,catalog_bin_median_delta,STAM b=354.95 union-style,450,0.02509,0.99268,-0.08356078988533988,0.2876835607311305,0.19836510015696754,-0.008280070597222708,0.008147506708937158,,,
195,catalog_bin_median_delta,STAM b=461.3626922 original,450,0.02509,0.99268,-0.09780927906328475,0.2927184420492847,0.19982491329619076,-0.02207463362862975,-0.005941217003936572,,,
195,catalog_bin_median_delta,STAM b=1335.412792 DES-style,450,0.02509,0.99268,-0.2114024579821635,0.3515082254797648,0.24617625920123973,-0.13215598308834886,-0.11494480140951069,,,
195,catalog_bin_median_delta,LCDM fixed H0=70 Om=0.3,450,0.02509,0.99268,-0.21960120338136524,0.3357414763089758,0.25162054777926623,-0.15643627413165076,-0.15570952493130363,,,
195,catalog_linear_z_delta,STAM b=354.95 union-style,450,0.02509,0.99268,-0.09620064313169463,0.23840088469518422,0.19835243895096813,0.0007290363499162172,-0.02459245831563095,0.4640100184176068,-0.6260579619519199,
195,catalog_linear_z_delta,STAM b=461.3626922 original,450,0.02509,0.99268,-0.11044913230963951,0.24546316026283546,0.20447549226859663,-0.013065526681490825,-0.03804301225419238,0.4640100184176068,-0.6260579619519199,
195,catalog_linear_z_delta,STAM b=1335.412792 DES-style,450,0.02509,0.99268,-0.22404231122851823,0.31944803758725504,0.2689796309651258,-0.12314687614120993,-0.14828552537807482,0.4640100184176068,-0.6260579619519199,
195,catalog_linear_z_delta,LCDM fixed H0=70 Om=0.3,450,0.02509,0.99268,-0.2322410566277199,0.3031095116702683,0.26339816236601477,-0.14742716718451182,-0.18612188267882246,0.4640100184176068,-0.6260579619519199,
195,catalog_quadratic_z_delta,STAM b=354.95 union-style,450,0.02509,0.99268,-0.10087034380769855,0.26847498225411404,0.20864425282649318,-0.002382874993595405,0.012311159174416275,0.6433153784927351,-2.337818113309414,2.324221547677266
195,catalog_quadratic_z_delta,STAM b=461.3626922 original,450,0.02509,0.99268,-0.1151188329856434,0.2749227072797146,0.21230555838042253,-0.016177438025002447,-0.0009054225462215015,0.6433153784927351,-2.337818113309414,2.324221547677266
195,catalog_quadratic_z_delta,STAM b=1335.412792 DES-style,450,0.02509,0.99268,-0.22871201190452214,0.34361266118718525,0.26894589631188454,-0.12625878748472155,-0.11088650779376863,0.6433153784927351,-2.337818113309414,2.324221547677266
195,catalog_quadratic_z_delta,LCDM fixed H0=70 Om=0.3,450,0.02509,0.99268,-0.23691075730372388,0.32147594272411895,0.2643302364555257,-0.15053907852802348,-0.14690935525474558,0.6433153784927351,-2.337818113309414,2.324221547677266
195,raw_no_catalog_correction,STAM b=354.95 union-style,450,0.02509,0.99268,0.12583179124884764,0.19213873383656577,0.1545962313548699,0.17523086273610944,0.14725746511569682,,,
195,raw_no_catalog_correction,STAM b=461.3626922 original,450,0.02509,0.99268,0.11158330207090274,0.18321421339106894,0.14557089025605052,0.16143629970470239,0.13376308761050026,,,
195,raw_no_catalog_correction,STAM b=1335.412792 DES-style,450,0.02509,0.99268,-0.002009876847975986,0.1466803401652451,0.1119772693557308,0.05135495024498326,0.022761379721558228,,,
195,raw_no_catalog_correction,LCDM fixed H0=70 Om=0.3,450,0.02509,0.99268,-0.010208622247177673,0.14715678372174035,0.11099058229121196,0.02707465920168136,-0.0005085799234976207,,,
196,catalog_bin_median_delta,STAM b=354.95 union-style,450,0.02512,0.98846,-0.08776967754176548,0.2797518589587492,0.19875980528560186,0.007541112597553258,0.019387740524681618,,,
196,catalog_bin_median_delta,STAM b=461.3626922 original,450,0.02512,0.98846,-0.10204042555265186,0.28534955956439456,0.20107259432078617,-0.00625401223983461,0.005663182637505315,,,
196,catalog_bin_median_delta,STAM b=1335.412792 DES-style,450,0.02512,0.98846,-0.2158059374329068,0.3481892277122775,0.25441285701558847,-0.11633977888053819,-0.10220021128474954,,,
196,catalog_bin_median_delta,LCDM fixed H0=70 Om=0.3,450,0.02512,0.98846,-0.2233279779780204,0.3258791855882801,0.24958855399329513,-0.14065679083616955,-0.13804912401792535,,,
196,catalog_linear_z_delta,STAM b=354.95 union-style,450,0.02512,0.98846,-0.09073077930786752,0.2548525253132628,0.2079848451330049,0.014354443401823621,0.009503981072629841,0.47432963866923866,-0.6451812923118715,
196,catalog_linear_z_delta,STAM b=461.3626922 original,450,0.02512,0.98846,-0.10500152731875392,0.2612995389819169,0.2130892347447095,0.000559318564435753,-0.004057164209552155,0.47432963866923866,-0.6451812923118715,
196,catalog_linear_z_delta,STAM b=1335.412792 DES-style,450,0.02512,0.98846,-0.2187670391990089,0.3307372486194034,0.27407968797268106,-0.10952644807626782,-0.11196895677148433,0.47432963866923866,-0.6451812923118715,
196,catalog_linear_z_delta,LCDM fixed H0=70 Om=0.3,450,0.02512,0.98846,-0.2262890797441225,0.3108419669678131,0.2669436613305052,-0.1338434600318992,-0.1563769573131637,0.47432963866923866,-0.6451812923118715,
196,catalog_quadratic_z_delta,STAM b=354.95 union-style,450,0.02512,0.98846,-0.09382573441428847,0.2799741164522889,0.2167050841992815,0.011927949932828849,0.019868811208741732,0.6443809116683232,-2.268596190145841,2.2042666920209117
196,catalog_quadratic_z_delta,STAM b=461.3626922 original,450,0.02512,0.98846,-0.10809648242517488,0.28596322187436257,0.220170750944024,-0.0018671749045590187,0.006555749069093508,0.6443809116683232,-2.268596190145841,2.2042666920209117
196,catalog_quadratic_z_delta,STAM b=1335.412792 DES-style,450,0.02512,0.98846,-0.22186199430542985,0.3512491995333368,0.2708910147434255,-0.1119529415452626,-0.1044067045179311,0.6443809116683232,-2.268596190145841,2.2042666920209117
196,catalog_quadratic_z_delta,LCDM fixed H0=70 Om=0.3,450,0.02512,0.98846,-0.22938403485054343,0.32521326211897666,0.26303252366128477,-0.13626995350089396,-0.14037508997421355,0.6443809116683232,-2.268596190145841,2.2042666920209117
196,raw_no_catalog_correction,STAM b=354.95 union-style,450,0.02512,0.98846,0.1367461306675556,0.2050835166788582,0.1658080718988666,0.190440757041996,0.16754410823424948,,,
196,raw_no_catalog_correction,STAM b=461.3626922 original,450,0.02512,0.98846,0.12247538265666923,0.19606802712845905,0.1569306439341351,0.17664563220460813,0.1540563659309946,,,
196,raw_no_catalog_correction,STAM b=1335.412792 DES-style,450,0.02512,0.98846,0.008709870776414245,0.1558783618482041,0.12060011391552841,0.06655986556390456,0.045301303561458894,,,
196,raw_no_catalog_correction,LCDM fixed H0=70 Om=0.3,450,0.02512,0.98846,0.0011878302313006665,0.150959282455298,0.1165924445654975,0.042242853608273186,0.013629933299075248,,,
197,catalog_bin_median_delta,STAM b=354.95 union-style,450,0.02509,0.98846,-0.08366185998572792,0.2974187874382136,0.20260937852146169,0.004236911191874463,0.02110089590098596,,,
197,catalog_bin_median_delta,STAM b=461.3626922 original,450,0.02509,0.98846,-0.09785762944947836,0.30251447606897336,0.20440444289379653,-0.00954911784216634,0.006695785308433955,,,
197,catalog_bin_median_delta,STAM b=1335.412792 DES-style,450,0.02509,0.98846,-0.21104351411057065,0.3610041563474339,0.2538089803487594,-0.11956390801094208,-0.10247613392366617,,,
197,catalog_bin_median_delta,LCDM fixed H0=70 Om=0.3,450,0.02509,0.98846,-0.22154617351515488,0.33964627733932784,0.2519448352177809,-0.14373518039809513,-0.13869392654618196,,,
197,catalog_linear_z_delta,STAM b=354.95 union-style,450,0.02509,0.98846,-0.08671900822961257,0.2666809423082562,0.21470611242860202,0.014314660999555728,0.0005439213395135312,0.4903804209979114,-0.6848809882960385,
197,catalog_linear_z_delta,STAM b=461.3626922 original,450,0.02509,0.98846,-0.10091477769336296,0.27269306840058,0.21962759598319295,0.0005286319655149265,-0.012620179029305234,0.4903804209979114,-0.6848809882960385,
197,catalog_linear_z_delta,STAM b=1335.412792 DES-style,450,0.02509,0.98846,-0.2141006623544552,0.33857827722229034,0.2781596977263381,-0.10948615820326081,-0.12128093151682506,0.4903804209979114,-0.6848809882960385,
197,catalog_linear_z_delta,LCDM fixed H0=70 Om=0.3,450,0.02509,0.98846,-0.22460332175903946,0.31905447479716303,0.27249759800797024,-0.13365743059041385,-0.16503682019007115,0.4903804209979114,-0.6848809882960385,
197,catalog_quadratic_z_delta,STAM b=354.95 union-style,450,0.02509,0.98846,-0.08843122432910655,0.2904315523639346,0.21977095037382866,0.008207143929203669,0.02547519212977889,0.6721113903712462,-2.419797510091609,2.3556631810716944
197,catalog_quadratic_z_delta,STAM b=461.3626922 original,450,0.02509,0.98846,-0.102626993792857,0.2959536062202249,0.22235135118782787,-0.005578885104837133,0.011950631472810613,0.6721113903712462,-2.419797510091609,2.3556631810716944
197,catalog_quadratic_z_delta,STAM b=1335.412792 DES-style,450,0.02509,0.98846,-0.21581287845394925,0.3575314450489884,0.26575002315597773,-0.11559367527361288,-0.0958929742544683,0.6721113903712462,-2.419797510091609,2.3556631810716944
197,catalog_quadratic_z_delta,LCDM fixed H0=70 Om=0.3,450,0.02509,0.98846,-0.22631553785853345,0.3324646258370083,0.2601832764918947,-0.13976494766076591,-0.13774512951135165,0.6721113903712462,-2.419797510091609,2.3556631810716944
197,raw_no_catalog_correction,STAM b=354.95 union-style,450,0.02509,0.98846,0.13322639016691243,0.20388070587147486,0.1628029449142133,0.18669362230298595,0.15679385234058785,,,
197,raw_no_catalog_correction,STAM b=461.3626922 original,450,0.02509,0.98846,0.119030620703162,0.19518897582388828,0.15490479432762266,0.17290759326894517,0.14275725484174728,,,
197,raw_no_catalog_correction,STAM b=1335.412792 DES-style,450,0.02509,0.98846,0.005844736042069727,0.15801613274573434,0.12234524171256023,0.06289280310016943,0.035344742942953644,,,
197,raw_no_catalog_correction,LCDM fixed H0=70 Om=0.3,450,0.02509,0.98846,-0.00465792336251449,0.14881403760190257,0.11354084254917284,0.03872153071301638,0.007922493197590086,,,
198,catalog_bin_median_delta,STAM b=354.95 union-style,450,0.02509,0.98158,-0.07695497501843558,0.2977596396360923,0.20837667954033304,-0.004378829989710545,0.009929073910903696,,,
198,catalog_bin_median_delta,STAM b=461.3626922 original,450,0.02509,0.98158,-0.09119179812576093,0.30228893993905154,0.2099704873966804,-0.018182476792741115,-0.004406322645280625,,,
198,catalog_bin_median_delta,STAM b=1335.412792 DES-style,450,0.02509,0.98158,-0.20469425591733922,0.35721694918820546,0.25312142703076884,-0.1283344371448696,-0.11758912767988505,,,
198,catalog_bin_median_delta,LCDM fixed H0=70 Om=0.3,450,0.02509,0.98158,-0.21294858970653419,0.3414735470979001,0.259261110164134,-0.15254529758242008,-0.1511874750494009,,,
198,catalog_linear_z_delta,STAM b=354.95 union-style,450,0.02509,0.98158,-0.09564758485760913,0.2431909815694206,0.19575542226061582,0.0014443596358378683,-0.015374558731696908,0.4729251189222732,-0.647812251073958,
198,catalog_linear_z_delta,STAM b=461.3626922 original,450,0.02509,0.98158,-0.10988440796493448,0.25012472984656187,0.20169682516756032,-0.012359287167192702,-0.027875838577944734,0.4729251189222732,-0.647812251073958,
198,catalog_linear_z_delta,STAM b=1335.412792 DES-style,450,0.02509,0.98158,-0.22338686575651281,0.32304382213803845,0.2670221347619282,-0.1225112475193212,-0.13595705361187882,0.4729251189222732,-0.647812251073958,
198,catalog_linear_z_delta,LCDM fixed H0=70 Om=0.3,450,0.02509,0.98158,-0.2316411995457077,0.3051516169049545,0.2623988950578896,-0.14672210795687168,-0.1758744517072941,0.4729251189222732,-0.647812251073958,
198,catalog_quadratic_z_delta,STAM b=354.95 union-style,450,0.02509,0.98158,-0.10313637579841933,0.2823351831957844,0.21750221120211755,-0.00023458766587732308,0.010986377340199027,0.6589452539456574,-2.423675807800606,2.4112609123454543
198,catalog_quadratic_z_delta,STAM b=461.3626922 original,450,0.02509,0.98158,-0.11737319890574469,0.28859342217300854,0.22091892001664631,-0.014038234468907894,-0.0029221076681515967,0.6589452539456574,-2.423675807800606,2.4112609123454543
198,catalog_quadratic_z_delta,STAM b=1335.412792 DES-style,450,0.02509,0.98158,-0.230875656697323,0.3553899899808989,0.2733804596945587,-0.1241901948210364,-0.11432652467767213,0.6589452539456574,-2.423675807800606,2.4112609123454543
198,catalog_quadratic_z_delta,LCDM fixed H0=70 Om=0.3,450,0.02509,0.98158,-0.2391299904865179,0.3323987562605103,0.2677410674353938,-0.14840105525858682,-0.1540027966717652,0.6589452539456574,-2.423675807800606,2.4112609123454543
198,raw_no_catalog_correction,STAM b=354.95 union-style,450,0.02509,0.98158,0.1253685009687237,0.19345571924818053,0.15521582959964486,0.1759556144547326,0.13780009196672438,,,
198,raw_no_catalog_correction,STAM b=461.3626922 original,450,0.02509,0.98158,0.11113167786139834,0.18463768968011468,0.1473147300809668,0.162151967651702,0.12339270303165861,,,
198,raw_no_catalog_correction,STAM b=1335.412792 DES-style,450,0.02509,0.98158,-0.0023707799301799543,0.1488015051954101,0.11657642899309625,0.05200000729957351,0.013368925451757718,,,
198,raw_no_catalog_correction,LCDM fixed H0=70 Om=0.3,450,0.02509,0.98158,-0.010625113719374892,0.14734442350476562,0.11803518553566542,0.02778914686202305,-0.0026487381953863576,,,
199,catalog_bin_median_delta,STAM b=354.95 union-style,450,0.0251,0.96296,-0.10482962495964276,0.3062922093180451,0.20554122542006154,-0.005425446281695309,-0.0014034055204703577,,,
199,catalog_bin_median_delta,STAM b=461.3626922 original,450,0.0251,0.96296,-0.11909971316708175,0.3122014160198423,0.20831481387452438,-0.019219322680381356,-0.014926245072757638,,,
199,catalog_bin_median_delta,STAM b=1335.412792 DES-style,450,0.0251,0.96296,-0.23285994196017681,0.3757614145081198,0.26479846820941805,-0.12929522391288079,-0.13018830841249596,,,
199,catalog_bin_median_delta,LCDM fixed H0=70 Om=0.3,450,0.0251,0.96296,-0.24026539035454722,0.3538992350911889,0.2639157912642154,-0.1534962362129627,-0.1578792607678281,,,
199,catalog_linear_z_delta,STAM b=354.95 union-style,450,0.0251,0.96296,-0.10630550903245105,0.2636566969197622,0.21466627053857612,0.005038915671791086,-0.014715634293423818,0.5045218366989566,-0.7070234361209918,
199,catalog_linear_z_delta,STAM b=461.3626922 original,450,0.0251,0.96296,-0.12057559723989007,0.2707524372060584,0.2204577401963831,-0.00875496072689496,-0.02861213788167305,0.5045218366989566,-0.7070234361209918,
199,catalog_linear_z_delta,STAM b=1335.412792 DES-style,450,0.0251,0.96296,-0.23433582603298517,0.34367594557634135,0.2854673034902076,-0.11883086195939438,-0.13520878254711732,0.5045218366989566,-0.7070234361209918,
199,catalog_linear_z_delta,LCDM fixed H0=70 Om=0.3,450,0.0251,0.96296,-0.24174127442735557,0.32350670193623726,0.2788235350186284,-0.1430318742594763,-0.18125542188690247,0.5045218366989566,-0.7070234361209918,
199,catalog_quadratic_z_delta,STAM b=354.95 union-style,450,0.0251,0.96296,-0.11099294872019866,0.29827976596984773,0.2288603854979961,0.0008540972240873006,-0.006262454181669597,0.7018304900589378,-2.590654188699224,2.5575868088399893
199,catalog_quadratic_z_delta,STAM b=461.3626922 original,450,0.0251,0.96296,-0.12526303692763768,0.30473340117005604,0.23322854746655247,-0.012939779174598745,-0.020518829615696177,0.7018304900589378,-2.590654188699224,2.5575868088399893
199,catalog_quadratic_z_delta,STAM b=1335.412792 DES-style,450,0.0251,0.96296,-0.23902326572073276,0.37210496369365337,0.28520550573568926,-0.12301568040709816,-0.1308846930450862,0.7018304900589378,-2.590654188699224,2.5575868088399893
199,catalog_quadratic_z_delta,LCDM fixed H0=70 Om=0.3,450,0.0251,0.96296,-0.24642871411510317,0.3460311661323816,0.27767660087760176,-0.14721669270718007,-0.16621335302069085,0.7018304900589378,-2.590654188699224,2.5575868088399893
199,raw_no_catalog_correction,STAM b=354.95 union-style,450,0.0251,0.96296,0.1275116407906566,0.19616598541239558,0.15705545932584647,0.18245106482941606,0.13761058649113167,,,
199,raw_no_catalog_correction,STAM b=461.3626922 original,450,0.0251,0.96296,0.11324155258321758,0.18735474498125382,0.1485375647274891,0.16865718843073,0.12300618362091598,,,
199,raw_no_catalog_correction,STAM b=1335.412792 DES-style,450,0.0251,0.96296,-0.0005186762098774835,0.15117533060405997,0.11680536851061174,0.05858128719823059,0.006508543210657081,,,
199,raw_no_catalog_correction,LCDM fixed H0=70 Om=0.3,450,0.0251,0.96296,-0.007924124604247905,0.14847490527047508,0.11516023389022008,0.03438027489814865,-0.002786315159127639,,,
200,catalog_bin_median_delta,STAM b=354.95 union-style,450,0.02534,0.98846,-0.11326841326052453,0.30270487191385625,0.20767438051429715,-0.01571885469297271,-0.008372843874404623,,,
200,catalog_bin_median_delta,STAM b=461.3626922 original,450,0.02534,0.98846,-0.12759236631646606,0.3091145334581885,0.21221436937310076,-0.02951689695735774,-0.023142435327670796,,,
200,catalog_bin_median_delta,STAM b=1335.412792 DES-style,450,0.02534,0.98846,-0.2417702852911645,0.376171023712508,0.2757869119549555,-0.13962504383933885,-0.13370036910431793,,,
200,catalog_bin_median_delta,LCDM fixed H0=70 Om=0.3,450,0.02534,0.98846,-0.24797144082626763,0.35366211262694014,0.2724918419455122,-0.1636802675968388,-0.16364196723843705,,,
200,catalog_linear_z_delta,STAM b=354.95 union-style,450,0.02534,0.98846,-0.12057653283393754,0.27023643632191374,0.22020490494427114,-0.006581566688656848,-0.03749871137205574,0.49830347595874275,-0.6833828803338594,
200,catalog_linear_z_delta,STAM b=461.3626922 original,450,0.02534,0.98846,-0.13490048588987905,0.277913694132658,0.22698716099211455,-0.02037960895304187,-0.0521467738989152,0.49830347595874275,-0.6833828803338594,
200,catalog_linear_z_delta,STAM b=1335.412792 DES-style,450,0.02534,0.98846,-0.24907840486457752,0.35420911881211303,0.2979991348707369,-0.13048775583502298,-0.15666313330861925,0.49830347595874275,-0.6833828803338594,
200,catalog_linear_z_delta,LCDM fixed H0=70 Om=0.3,450,0.02534,0.98846,-0.2552795603996807,0.3349865645467124,0.29187487635076315,-0.15454297959252294,-0.2000663834358818,0.49830347595874275,-0.6833828803338594,
200,catalog_quadratic_z_delta,STAM b=354.95 union-style,450,0.02534,0.98846,-0.12218007375879124,0.29742858434488106,0.22246752874224818,-0.011274989677868016,-0.004565156624828148,0.680063518305865,-2.41857695076484,2.3560400355734403
200,catalog_quadratic_z_delta,STAM b=461.3626922 original,450,0.02534,0.98846,-0.13650402681473273,0.30443112148769247,0.2272415880927507,-0.025073031942253042,-0.017999865604181764,0.680063518305865,-2.41857695076484,2.3560400355734403
200,catalog_quadratic_z_delta,STAM b=1335.412792 DES-style,450,0.02534,0.98846,-0.25068194578943115,0.37544194765954,0.28978946410002987,-0.13518117882423417,-0.12237680916120652,0.680063518305865,-2.41857695076484,2.3560400355734403
200,catalog_quadratic_z_delta,LCDM fixed H0=70 Om=0.3,450,0.02534,0.98846,-0.2568831013245343,0.3498356336416551,0.284119591534192,-0.1592364025817341,-0.16161409699374119,0.680063518305865,-2.41857695076484,2.3560400355734403
200,raw_no_catalog_correction,STAM b=354.95 union-style,450,0.02534,0.98846,0.12266284873374927,0.1940178841259839,0.15503913630764146,0.1759899675292501,0.1402667081503317,,,
200,raw_no_catalog_correction,STAM b=461.3626922 original,450,0.02534,0.98846,0.10833889567780776,0.18550012002863533,0.14654092515562236,0.1621919252648651,0.125860059634622,,,
200,raw_no_catalog_correction,STAM b=1335.412792 DES-style,450,0.02534,0.98846,-0.005839023296890675,0.15308359353335366,0.11488329600651878,0.05208377838288396,0.0125995357163049,,,
200,raw_no_catalog_correction,LCDM fixed H0=70 Om=0.3,450,0.02534,0.98846,-0.012040178831993797,0.14941507647862526,0.11514555004877135,0.028028554625384016,-0.0029612899955608896,,,
201,catalog_bin_median_delta,STAM b=354.95 union-style,450,0.02534,0.98846,-0.10165384151972352,0.296967203720807,0.20203510661978694,-0.006978106017817728,0.003446304851166815,,,
201,catalog_bin_median_delta,STAM b=461.3626922 original,450,0.02534,0.98846,-0.11591161852843136,0.30288559461764425,0.20510310229184997,-0.020769354354560995,-0.010545716474098299,,,
201,catalog_bin_median_delta,STAM b=1335.412792 DES-style,450,0.02534,0.98846,-0.22957668481492843,0.3668935818957704,0.2615101976701863,-0.1308247271954204,-0.12306227441153084,,,
201,catalog_bin_median_delta,LCDM fixed H0=70 Om=0.3,450,0.02534,0.98846,-0.23748916144331278,0.34580299872916115,0.2610075653332853,-0.1549612481613343,-0.15235521732267188,,,
201,catalog_linear_z_delta,STAM b=354.95 union-style,450,0.02534,0.98846,-0.0993927388185952,0.2524461926656364,0.20489375066602195,0.004770055746390606,0.0027912411138544257,0.497014770533961,-0.6974977225645381,
201,catalog_linear_z_delta,STAM b=461.3626922 original,450,0.02534,0.98846,-0.11365051582730304,0.2593985773780803,0.21022522087187245,-0.009021192590352662,-0.010795570774565277,0.497014770533961,-0.6974977225645381,
201,catalog_linear_z_delta,STAM b=1335.412792 DES-style,450,0.02534,0.98846,-0.2273155821138001,0.33198825355770245,0.2743219516697282,-0.11907656543121206,-0.11906378372001925,0.497014770533961,-0.6974977225645381,
201,catalog_linear_z_delta,LCDM fixed H0=70 Om=0.3,450,0.02534,0.98846,-0.2352280587421844,0.31360240554167285,0.26960701338082704,-0.143213086397126,-0.15809095976163334,0.497014770533961,-0.6974977225645381,
201,catalog_quadratic_z_delta,STAM b=354.95 union-style,450,0.02534,0.98846,-0.10324209254547559,0.28432844981651323,0.21399077142634668,-0.0010333571692533244,-0.0005433904633989073,0.6900865080931969,-2.5406802496723557,2.5026663591910765
201,catalog_quadratic_z_delta,STAM b=461.3626922 original,450,0.02534,0.98846,-0.11749986955418343,0.2906514982702243,0.21831672973432698,-0.014824605505996591,-0.014584287769590532,0.6900865080931969,-2.5406802496723557,2.5026663591910765
201,catalog_quadratic_z_delta,STAM b=1335.412792 DES-style,450,0.02534,0.98846,-0.2311649358406805,0.3577990650513084,0.2734413319618139,-0.12487997834685599,-0.1261180053353108,0.6900865080931969,-2.5406802496723557,2.5026663591910765
201,catalog_quadratic_z_delta,LCDM fixed H0=70 Om=0.3,450,0.02534,0.98846,-0.23907741246906478,0.3325693582817439,0.2668863696183537,-0.14901649931276995,-0.1587578778220191,0.6900865080931969,-2.5406802496723557,2.5026663591910765
201,raw_no_catalog_correction,STAM b=354.95 union-style,450,0.02534,0.98846,0.12919348578598353,0.19526808571878584,0.1572653200999723,0.17863093842662667,0.14273574854443538,,,
201,raw_no_catalog_correction,STAM b=461.3626922 original,450,0.02534,0.98846,0.11493570877727569,0.1862292960897861,0.14839129584290184,0.16483969008988342,0.12774130474684497,,,
201,raw_no_catalog_correction,STAM b=1335.412792 DES-style,450,0.02534,0.98846,0.001270642490778609,0.14786393681821194,0.11178810567742223,0.05478431724902401,0.016400163751747243,,,
201,raw_no_catalog_correction,LCDM fixed H0=70 Om=0.3,450,0.02534,0.98846,-0.006641834137605688,0.14904889843501465,0.11364130112967621,0.030647796283110075,-0.0001096770254207513,,,
202,catalog_bin_median_delta,STAM b=354.95 union-style,450,0.0251,0.97489,-0.08691786007477273,0.2895287408284852,0.19179682974039625,0.000644868072164668,0.012444682070039903,,,
202,catalog_bin_median_delta,STAM b=461.3626922 original,450,0.0251,0.97489,-0.10109836600205467,0.2948646993231168,0.1948229590834717,-0.013148232078868966,-0.0006281959829728123,,,
202,catalog_bin_median_delta,STAM b=1335.412792 DES-style,450,0.0251,0.97489,-0.2141654556213332,0.3552755932145192,0.2485468184679089,-0.12321804154622071,-0.10789712009223251,,,
202,catalog_bin_median_delta,LCDM fixed H0=70 Om=0.3,450,0.0251,0.97489,-0.22469259015630044,0.3341518321263669,0.24791275489702097,-0.1473800525540052,-0.14383843877454083,,,
202,catalog_linear_z_delta,STAM b=354.95 union-style,450,0.0251,0.97489,-0.08938722175002173,0.26071123098703947,0.2093721445248364,0.011171770626269444,-0.0015275823848988068,0.5211627238496285,-0.7387247985457254,
202,catalog_linear_z_delta,STAM b=461.3626922 original,450,0.0251,0.97489,-0.10356772767730368,0.266991353926473,0.21413719509391624,-0.002621329524764191,-0.015667859125173322,0.5211627238496285,-0.7387247985457254,
202,catalog_linear_z_delta,STAM b=1335.412792 DES-style,450,0.0251,0.97489,-0.21663481729658224,0.3348116271580747,0.27269987758807906,-0.11269113899211593,-0.12578017723822654,0.5211627238496285,-0.7387247985457254,
202,catalog_linear_z_delta,LCDM fixed H0=70 Om=0.3,450,0.0251,0.97489,-0.2271619518315494,0.3147886991378354,0.26712336540922965,-0.13685314999990042,-0.16824706935006262,0.5211627238496285,-0.7387247985457254,
202,catalog_quadratic_z_delta,STAM b=354.95 union-style,450,0.0251,0.97489,-0.09374028997420784,0.2961755742190499,0.22162304176801895,0.006198734208128071,0.021016914309388568,0.7233159082481558,-2.668604448425875,2.620383389061923
202,catalog_quadratic_z_delta,STAM b=461.3626922 original,450,0.0251,0.97489,-0.10792079590148976,0.3018409055543283,0.22483117270700922,-0.007594365942905562,0.007442896072884508,0.7233159082481558,-2.668604448425875,2.620383389061923
202,catalog_quadratic_z_delta,STAM b=1335.412792 DES-style,450,0.0251,0.97489,-0.2209878855207683,0.36402518635110737,0.2718027475931532,-0.1176641754102573,-0.10462028475769358,0.7233159082481558,-2.668604448425875,2.620383389061923
202,catalog_quadratic_z_delta,LCDM fixed H0=70 Om=0.3,450,0.0251,0.97489,-0.23151502005573557,0.3382022033164758,0.265904915729826,-0.1418261864180418,-0.14070047982556133,0.7233159082481558,-2.668604448425875,2.620383389061923
202,raw_no_catalog_correction,STAM b=354.95 union-style,450,0.0251,0.97489,0.1378478092064789,0.19811631565352464,0.15765602833615944,0.19040211251660916,0.15286215216231724,,,
202,raw_no_catalog_correction,STAM b=461.3626922 original,450,0.0251,0.97489,0.123667303279197,0.18870104445138391,0.1481300174789914,0.1766090123655755,0.1389573859547646,,,
202,raw_no_catalog_correction,STAM b=1335.412792 DES-style,450,0.0251,0.97489,0.010600213659918454,0.14518228956358253,0.11071030092951463,0.06653920289822378,0.02828513098869223,,,
202,raw_no_catalog_correction,LCDM fixed H0=70 Om=0.3,450,0.0251,0.97489,7.307912495123023e-05,0.13979257660828398,0.10756504294265565,0.04237719189043929,0.00627326444559273,,,
203,catalog_bin_median_delta,STAM b=354.95 union-style,450,0.02713,0.97242,-0.08276585248077267,0.2747103767443021,0.18573411967600315,-0.0033112858528446527,0.0018391785996278998,,,
203,catalog_bin_median_delta,STAM b=461.3626922 original,450,0.02713,0.97242,-0.09696297198607415,0.2800440156591298,0.18923535797774174,-0.017103584337164617,-0.012119397076183702,,,
203,catalog_bin_median_delta,STAM b=1335.412792 DES-style,450,0.02713,0.97242,-0.21015884967359452,0.3412797590025588,0.24482887530644046,-0.12716720980603954,-0.11993659410139657,,,
203,catalog_bin_median_delta,LCDM fixed H0=70 Om=0.3,450,0.02713,0.97242,-0.2202805555203954,0.3219115129274892,0.24452135186700433,-0.15137138041143228,-0.15026041456996708,,,
203,catalog_linear_z_delta,STAM b=354.95 union-style,450,0.02713,0.97242,-0.0881542103667835,0.24601404747707642,0.19921709715774968,0.007914315123972624,0.00717863772433347,0.47953551777767495,-0.659017466215604,
203,catalog_linear_z_delta,STAM b=461.3626922 original,450,0.02713,0.97242,-0.10235132987208496,0.2524863685399984,0.20410881297374356,-0.00587798336034734,-0.005688512205427543,0.47953551777767495,-0.659017466215604,
203,catalog_linear_z_delta,STAM b=1335.412792 DES-style,450,0.02713,0.97242,-0.2155472075596053,0.32235151678313007,0.2645113158457355,-0.11594160882922226,-0.11168440109480926,0.47953551777767495,-0.659017466215604,
203,catalog_linear_z_delta,LCDM fixed H0=70 Om=0.3,450,0.02713,0.97242,-0.22566891340640627,0.3044392644380978,0.2602970993992254,-0.140145779434615,-0.158079171804399,0.47953551777767495,-0.659017466215604,
203,catalog_quadratic_z_delta,STAM b=354.95 union-style,450,0.02713,0.97242,-0.09157812552241305,0.27691576968765047,0.2050901366065875,0.003459380643992805,0.010242996830449158,0.6667492554368794,-2.4462758938356606,2.426732825535194
203,catalog_quadratic_z_delta,STAM b=461.3626922 original,450,0.02713,0.97242,-0.1057752450277145,0.2827667795298816,0.20895065655768946,-0.010332917840327159,-0.004066311527637367,0.6667492554368794,-2.4462758938356606,2.426732825535194
203,catalog_quadratic_z_delta,STAM b=1335.412792 DES-style,450,0.02713,0.97242,-0.21897112271523486,0.3471398224976933,0.2637965778406642,-0.12039654330920208,-0.11408633030215753,0.6667492554368794,-2.4462758938356606,2.426732825535194
203,catalog_quadratic_z_delta,LCDM fixed H0=70 Om=0.3,450,0.02713,0.97242,-0.2290928285620358,0.3235568345366551,0.25973544458907644,-0.14460071391459484,-0.14874390183357278,0.6667492554368794,-2.4462758938356606,2.426732825535194
203,raw_no_catalog_correction,STAM b=354.95 union-style,450,0.02713,0.97242,0.13110046470957018,0.193713125621847,0.15442086791205162,0.1823345141471554,0.15271407192776465,,,
203,raw_no_catalog_correction,STAM b=461.3626922 original,450,0.02713,0.97242,0.1169033452042687,0.18458184620657345,0.14512726673903906,0.16854221566283542,0.1389573859547646,,,
203,raw_no_catalog_correction,STAM b=1335.412792 DES-style,450,0.02713,0.97242,0.00370746751674836,0.14515564668332817,0.10924895414690089,0.0584785901939605,0.02897695832887237,,,
203,raw_no_catalog_correction,LCDM fixed H0=70 Om=0.3,450,0.02713,0.97242,-0.006414238330052573,0.14071767159310705,0.1061391680259143,0.03427441958856774,0.0017542579622222831,,,
204,catalog_bin_median_delta,STAM b=354.95 union-style,450,0.02534,0.97489,-0.0826540041564507,0.2890566386207913,0.1940778947807242,0.013986134664889344,0.025389703403000397,,,
204,catalog_bin_median_delta,STAM b=461.3626922 original,450,0.02534,0.97489,-0.0968372515361628,0.2941733179481522,0.19580576711315922,0.00019906148402933847,0.011636995060911204,,,
204,catalog_bin_median_delta,STAM b=1335.412792 DES-style,450,0.02534,0.97489,-0.20992572903286486,0.35320249960307776,0.24690537787194167,-0.10982416572927636,-0.09973220321424847,,,
204,catalog_bin_median_delta,LCDM fixed H0=70 Om=0.3,450,0.02534,0.97489,-0.2204972298333113,0.33231220769225556,0.2455535356329063,-0.1342378102820846,-0.13517431798648616,,,
204,catalog_linear_z_delta,STAM b=354.95 union-style,450,0.02534,0.97489,-0.07558112280912957,0.2416627772357792,0.1926827728454105,0.02655127457057849,0.0067983216190796725,0.47158072031357395,-0.6514676335195396,
204,catalog_linear_z_delta,STAM b=461.3626922 original,450,0.02534,0.97489,-0.08976437018884166,0.24750840021319204,0.19687423529351925,0.012764201389718484,-0.006428555083459742,0.47158072031357395,-0.6514676335195396,
204,catalog_linear_z_delta,STAM b=1335.412792 DES-style,450,0.02534,0.97489,-0.20285284768554374,0.3137992595031492,0.2553061435661185,-0.09725902582358721,-0.11176672976355206,0.47158072031357395,-0.6514676335195396,
204,catalog_linear_z_delta,LCDM fixed H0=70 Om=0.3,450,0.02534,0.97489,-0.21342434848599012,0.29506321897800736,0.25093922282161335,-0.12167267037639545,-0.15332167011876408,0.47158072031357395,-0.6514676335195396,
204,catalog_quadratic_z_delta,STAM b=354.95 union-style,450,0.02534,0.97489,-0.07823629620362552,0.276185327160954,0.20816590041942964,0.02248046346909419,0.030233867438678175,0.6652918729278918,-2.5007544132331265,2.510954690606867
204,catalog_quadratic_z_delta,STAM b=461.3626922 original,450,0.02534,0.97489,-0.09241954358333763,0.2813855307580678,0.21024007059218142,0.008693390288234184,0.017031539330687906,0.6652918729278918,-2.5007544132331265,2.510954690606867
204,catalog_quadratic_z_delta,STAM b=1335.412792 DES-style,450,0.02534,0.97489,-0.20550802108003968,0.3416231414070002,0.2550871085061801,-0.10132983692507151,-0.09362840316215326,0.6652918729278918,-2.5007544132331265,2.510954690606867
204,catalog_quadratic_z_delta,LCDM fixed H0=70 Om=0.3,450,0.02534,0.97489,-0.21607952188048607,0.3169980438939948,0.24994060283191033,-0.12574348147787975,-0.12846575665938076,0.6652918729278918,-2.5007544132331265,2.510954690606867
204,raw_no_catalog_correction,STAM b=354.95 union-style,450,0.02534,0.97489,0.13720849440008331,0.20014016126368261,0.1620157673371277,0.19597311244266608,0.16160767935543774,,,
204,raw_no_catalog_correction,STAM b=461.3626922 original,450,0.02534,0.97489,0.12302524702037121,0.1908705729000502,0.15290189888301353,0.18218603926180607,0.1476944998818972,,,
204,raw_no_catalog_correction,STAM b=1335.412792 DES-style,450,0.02534,0.97489,0.00993676952366915,0.14847798318463087,0.11097126100192481,0.07216281204850036,0.03387306185967631,,,
204,raw_no_catalog_correction,LCDM fixed H0=70 Om=0.3,450,0.02534,0.97489,-0.0006347312767772527,0.14332583061248555,0.10777331314033045,0.047749167495692114,0.010020307644484916,,,
205,catalog_bin_median_delta,STAM b=354.95 union-style,450,0.02509,0.98536,-0.1140505042429324,0.3298951016772639,0.2216609668827569,-0.012404016351539218,0.0026641866778831513,,,
205,catalog_bin_median_delta,STAM b=461.3626922 original,450,0.02509,0.98536,-0.12827773149179508,0.33583612385948597,0.22518551269085516,-0.026203294601108082,-0.011366283825758217,,,
205,catalog_bin_median_delta,STAM b=1335.412792 DES-style,450,0.02509,0.98536,-0.2417065348044063,0.39850995823763785,0.27900889483764196,-0.13632100335734942,-0.11847706739106911,,,
205,catalog_bin_median_delta,LCDM fixed H0=70 Om=0.3,450,0.02509,0.98536,-0.25074044072491863,0.37602251845350765,0.2769616708005301,-0.16033720433326912,-0.15196309650461615,,,
205,catalog_linear_z_delta,STAM b=354.95 union-style,450,0.02509,0.98536,-0.11250980946763055,0.27648164153003024,0.2213125642534199,-0.0009767483167893293,-0.012351508982934689,0.509499837973942,-0.7152195546914798,
205,catalog_linear_z_delta,STAM b=461.3626922 original,450,0.02509,0.98536,-0.12673703671649325,0.2836203414634089,0.22708617957835048,-0.014776026566358192,-0.025358475499203337,0.509499837973942,-0.7152195546914798,
205,catalog_linear_z_delta,STAM b=1335.412792 DES-style,450,0.02509,0.98536,-0.2401658400291044,0.3560874617626031,0.2928682852038911,-0.12489373532259954,-0.13022566431559213,0.509499837973942,-0.7152195546914798,
205,catalog_linear_z_delta,LCDM fixed H0=70 Om=0.3,450,0.02509,0.98536,-0.2491997459496168,0.336203433159365,0.2879409192422909,-0.1489099362985192,-0.17556528277142291,0.509499837973942,-0.7152195546914798,
205,catalog_quadratic_z_delta,STAM b=354.95 union-style,450,0.02509,0.98536,-0.11782749611096129,0.313245483326764,0.2371635578004738,-0.005773939840797987,0.02376308357063195,0.7117085018541935,-2.6456288461060113,2.621102534361445
205,catalog_quadratic_z_delta,STAM b=461.3626922 original,450,0.02509,0.98536,-0.13205472335982404,0.3196921874774876,0.24065786989601218,-0.01957321809036685,0.009357924388467609,0.7117085018541935,-2.6456288461060113,2.621102534361445
205,catalog_quadratic_z_delta,STAM b=1335.412792 DES-style,450,0.02509,0.98536,-0.24548352667243514,0.38629070676171723,0.29038296461359997,-0.12969092684660818,-0.10303449426659839,0.7117085018541935,-2.6456288461060113,2.621102534361445
205,catalog_quadratic_z_delta,LCDM fixed H0=70 Om=0.3,450,0.02509,0.98536,-0.25451743259294757,0.36093777706066815,0.28462394937061297,-0.15370712782252788,-0.13573038122771663,0.7117085018541935,-2.6456288461060113,2.621102534361445
205,raw_no_catalog_correction,STAM b=354.95 union-style,450,0.02509,0.98536,0.11803851079102602,0.19115311520079836,0.14940412301692427,0.17825067253734883,0.14693553574111817,,,
205,raw_no_catalog_correction,STAM b=461.3626922 original,450,0.02509,0.98536,0.10381128354216329,0.18297087018396205,0.14127958017682019,0.16445139428777994,0.13249638396335328,,,
205,raw_no_catalog_correction,STAM b=1335.412792 DES-style,450,0.02509,0.98536,-0.009617519770447867,0.15384305925563252,0.11951371818615476,0.054333685531538625,0.02073535880628441,,,
205,raw_no_catalog_correction,LCDM fixed H0=70 Om=0.3,450,0.02509,0.98536,-0.01865142569096026,0.14595666310569094,0.1128244585280091,0.03031748455561896,-0.006383789525806094,,,
206,catalog_bin_median_delta,STAM b=354.95 union-style,450,0.0251,0.97242,-0.08356031307384372,0.2936235618502701,0.1961756411144274,0.0035066325727330316,0.00961850396335251,,,
206,catalog_bin_median_delta,STAM b=461.3626922 original,450,0.0251,0.97242,-0.0977973749480002,0.29867985524551066,0.19779410932057467,-0.01028842738279443,-0.0035181763800373744,,,
206,catalog_bin_median_delta,STAM b=1335.412792 DES-style,450,0.0251,0.97242,-0.21130187095029587,0.35724496912242104,0.24656895592697214,-0.12037355236693413,-0.11188431999730852,,,
206,catalog_bin_median_delta,LCDM fixed H0=70 Om=0.3,450,0.0251,0.97242,-0.21969800815701704,0.3386944329972978,0.25197991010344406,-0.14457435664429807,-0.15032968759370746,,,
206,catalog_linear_z_delta,STAM b=354.95 union-style,450,0.0251,0.97242,-0.08665377870200608,0.23842560198901064,0.1922841381759284,0.011753427975217284,-0.013884269702550966,0.46673072888925926,-0.6331673538039467,
206,catalog_linear_z_delta,STAM b=461.3626922 original,450,0.0251,0.97242,-0.10089084057616256,0.24500747833985184,0.1980660702834104,-0.0020416319803101776,-0.026559574700637967,0.46673072888925926,-0.6331673538039467,
206,catalog_linear_z_delta,STAM b=1335.412792 DES-style,450,0.0251,0.97242,-0.2143953365784582,0.31609769757606615,0.2644612718928694,-0.11212675696444988,-0.13116294623027258,0.46673072888925926,-0.6331673538039467,
206,catalog_linear_z_delta,LCDM fixed H0=70 Om=0.3,450,0.0251,0.97242,-0.2227914737851794,0.29793002713262773,0.25906011065434864,-0.1363275612418138,-0.17041543360877753,0.46673072888925926,-0.6331673538039467,
206,catalog_quadratic_z_delta,STAM b=354.95 union-style,450,0.0251,0.97242,-0.09239910024234547,0.261510997215661,0.19686812699616346,0.0078114109350640604,0.009415536169818495,0.639639047141596,-2.2838573772286566,2.241300755796335
206,catalog_quadratic_z_delta,STAM b=461.3626922 original,450,0.0251,0.97242,-0.10663616211650197,0.2677381578395396,0.20062752158402775,-0.0059836490204634015,-0.004357210426011449,0.639639047141596,-2.2838573772286566,2.241300755796335
206,catalog_quadratic_z_delta,STAM b=1335.412792 DES-style,450,0.0251,0.97242,-0.2201406581187976,0.3353860671885236,0.25737818698110443,-0.11606877400460311,-0.11612177836217796,0.639639047141596,-2.2838573772286566,2.241300755796335
206,catalog_quadratic_z_delta,LCDM fixed H0=70 Om=0.3,450,0.0251,0.97242,-0.22853679532551882,0.3114237811310489,0.25372306136682005,-0.14026957828196704,-0.15316065816786306,0.639639047141596,-2.2838573772286566,2.241300755796335
206,raw_no_catalog_correction,STAM b=354.95 union-style,450,0.0251,0.97242,0.13400253427266193,0.19102975209453746,0.15305759116732784,0.1856732547949553,0.15240971054770114,,,
206,raw_no_catalog_correction,STAM b=461.3626922 original,450,0.0251,0.97242,0.11976547239850545,0.18150346216137414,0.14358653885403708,0.17187819483942784,0.13800941505603248,,,
206,raw_no_catalog_correction,STAM b=1335.412792 DES-style,450,0.0251,0.97242,0.006260976396209802,0.13883525044423192,0.10501924132976134,0.06179306985528814,0.02835371009455301,,,
206,raw_no_catalog_correction,LCDM fixed H0=70 Om=0.3,450,0.0251,0.97242,-0.002135160810511399,0.1361936183678653,0.1035871673537805,0.037592265577924215,0.005319550706818887,,,
207,catalog_bin_median_delta,STAM b=354.95 union-style,450,0.0251,0.97242,-0.08145785675266728,0.24314573870037362,0.17482891432490136,0.0010315489170634844,-0.0034540647884639952,,,
207,catalog_bin_median_delta,STAM b=461.3626922 original,450,0.0251,0.97242,-0.09567460152335036,0.2489091852147572,0.17854987440090558,-0.01276974317571488,-0.017553432807599023,,,
207,catalog_bin_median_delta,STAM b=1335.412792 DES-style,450,0.0251,0.97242,-0.2090231347212519,0.3147704843551551,0.23846335891831322,-0.1229034764322847,-0.13025291221605784,,,
207,catalog_bin_median_delta,LCDM fixed H0=70 Om=0.3,450,0.0251,0.97242,-0.21907295003125773,0.30006622130439553,0.2394144881144886,-0.14719878861414876,-0.1671067431912725,,,
207,catalog_linear_z_delta,STAM b=354.95 union-style,450,0.0251,0.97242,-0.07940898037524478,0.21491725536303974,0.17429016722720111,0.010554928108772732,-0.027820715621846404,0.41340595408877806,-0.5222502726486565,
207,catalog_linear_z_delta,STAM b=461.3626922 original,450,0.0251,0.97242,-0.09362572514592783,0.22142918851181803,0.17997035180648302,-0.003246363984005632,-0.04087666870917772,0.41340595408877806,-0.5222502726486565,
207,catalog_linear_z_delta,STAM b=1335.412792 DES-style,450,0.0251,0.97242,-0.20697425834382938,0.2935828583565245,0.24620452383202135,-0.11338009724057546,-0.14986521752599558,0.41340595408877806,-0.5222502726486565,
207,catalog_linear_z_delta,LCDM fixed H0=70 Om=0.3,450,0.0251,0.97242,-0.21702407365383522,0.28212661722947396,0.2450437248955203,-0.1376754094224395,-0.1859220824038843,0.41340595408877806,-0.5222502726486565,
207,catalog_quadratic_z_delta,STAM b=354.95 union-style,450,0.0251,0.97242,-0.07893578670581981,0.2373449476649343,0.1826950179092798,0.009651341267269232,-0.007848622131977123,0.5710370811171875,-2.0270947555338656,2.043272224938363
207,catalog_quadratic_z_delta,STAM b=461.3626922 original,450,0.0251,0.97242,-0.09315253147650289,0.2431622214072743,0.18717786012183563,-0.004149950825509134,-0.020908908447204055,0.5710370811171875,-2.0270947555338656,2.043272224938363
207,catalog_quadratic_z_delta,STAM b=1335.412792 DES-style,450,0.0251,0.97242,-0.2065010646744044,0.30970975738880036,0.24359835391176307,-0.11428368408207895,-0.13223671580463403,0.5710370811171875,-2.0270947555338656,2.043272224938363
207,catalog_quadratic_z_delta,LCDM fixed H0=70 Om=0.3,450,0.0251,0.97242,-0.21655087998441028,0.2918540593099909,0.2408370490410488,-0.138578996263943,-0.16840025715150375,0.5710370811171875,-2.0270947555338656,2.043272224938363
207,raw_no_catalog_correction,STAM b=354.95 union-style,450,0.0251,0.97242,0.12978886469155582,0.19685878568694912,0.15633829647143785,0.1832024155837285,0.1506215944795315,,,
207,raw_no_catalog_correction,STAM b=461.3626922 original,450,0.0251,0.97242,0.11557211992087274,0.1878669816943613,0.1474996473892758,0.16940112349095013,0.13746827838636833,,,
207,raw_no_catalog_correction,STAM b=1335.412792 DES-style,450,0.0251,0.97242,0.0022235867229712025,0.14933133751902952,0.1165487291327711,0.059267390234380296,0.025921184490584892,,,
207,raw_no_catalog_correction,LCDM fixed H0=70 Om=0.3,450,0.0251,0.97242,-0.007826228587034644,0.1508850593406204,0.11737061594435205,0.03497207805251626,-0.0003089756429197621,,,
208,catalog_bin_median_delta,STAM b=354.95 union-style,450,0.02669,0.98,-0.08762922011705755,0.2959273827920326,0.20186165567970601,-0.005072078198399844,0.011914306736034774,,,
208,catalog_bin_median_delta,STAM b=461.3626922 original,450,0.02669,0.98,-0.10184784820061997,0.30118751538838623,0.2040347700585726,-0.018865388154356583,-0.0013114326952212707,,,
208,catalog_bin_median_delta,STAM b=1335.412792 DES-style,450,0.02669,0.98,-0.2152105274481473,0.36089300547287695,0.25556419690002935,-0.12893691778634045,-0.1128727262905187,,,
208,catalog_bin_median_delta,LCDM fixed H0=70 Om=0.3,450,0.02669,0.98,-0.22486376061547464,0.3401255510980648,0.2540317456125919,-0.1531642897472114,-0.14691447378421074,,,
208,catalog_linear_z_delta,STAM b=354.95 union-style,450,0.02669,0.98,-0.08917216834838705,0.26135339557069054,0.21515406369820406,0.007735311914878259,0.012761605060777725,0.49518717517129646,-0.6940686040412404,
208,catalog_linear_z_delta,STAM b=461.3626922 original,450,0.02669,0.98,-0.10339079643194946,0.2675622815875483,0.2196024506336869,-0.0060579980410784785,-0.000637979342741346,0.49518717517129646,-0.6940686040412404,
208,catalog_linear_z_delta,STAM b=1335.412792 DES-style,450,0.02669,0.98,-0.2167534756794768,0.3350298899962585,0.27701035639474497,-0.11612952767306234,-0.10801921220004829,0.49518717517129646,-0.6940686040412404,
208,catalog_linear_z_delta,LCDM fixed H0=70 Om=0.3,450,0.02669,0.98,-0.22640670884680414,0.31695511953857947,0.26996566187295373,-0.1403568996339333,-0.15233618467581067,0.49518717517129646,-0.6940686040412404,
208,catalog_quadratic_z_delta,STAM b=354.95 union-style,450,0.02669,0.98,-0.09165050121063181,0.2939596640449322,0.22677492825455656,0.0033427617658045644,0.025999782270382354,0.6928127916705037,-2.580725283289757,2.561695400784479
208,catalog_quadratic_z_delta,STAM b=461.3626922 original,450,0.02669,0.98,-0.10586912929419419,0.29951411926205385,0.22913168614711785,-0.010450548190152172,0.011928823801422794,0.6928127916705037,-2.580725283289757,2.561695400784479
208,catalog_quadratic_z_delta,STAM b=1335.412792 DES-style,450,0.02669,0.98,-0.2192318085417215,0.361202624115275,0.27422130890803975,-0.12052207782213603,-0.09828751740568364,0.6928127916705037,-2.580725283289757,2.561695400784479
208,catalog_quadratic_z_delta,LCDM fixed H0=70 Om=0.3,450,0.02669,0.98,-0.2288850417090489,0.33671697725368493,0.2667530208654235,-0.14474944978300697,-0.13864216582485867,0.6928127916705037,-2.580725283289757,2.561695400784479
208,raw_no_catalog_correction,STAM b=354.95 union-style,450,0.02669,0.98,0.1345682158509028,0.20619425412677259,0.1662463083057349,0.1817358551349335,0.15879296869654524,,,
208,raw_no_catalog_correction,STAM b=461.3626922 original,450,0.02669,0.98,0.12034958776734037,0.19738513034128036,0.15699415001495434,0.16794254517897678,0.1450434475748672,,,
208,raw_no_catalog_correction,STAM b=1335.412792 DES-style,450,0.02669,0.98,0.006986908519813044,0.15874205012483034,0.12128618309086873,0.05787101554699291,0.031774147733845126,,,
208,raw_no_catalog_correction,LCDM fixed H0=70 Om=0.3,450,0.02669,0.98,-0.002666324647514281,0.15520924589247928,0.11967440988586042,0.033643643586121944,0.009962685660262594,,,
209,catalog_bin_median_delta,STAM b=354.95 union-style,450,0.02556,0.98846,-0.08370848799691565,0.2883706048261245,0.1964715840081628,0.01106435366277438,0.013504386017881842,,,
209,catalog_bin_median_delta,STAM b=461.3626922 original,450,0.02556,0.98846,-0.09796093845705955,0.2936122401374268,0.1988663922119584,-0.002728255245952561,-0.0004056800398046789,,,
209,catalog_bin_median_delta,STAM b=1335.412792 DES-style,450,0.02556,0.98846,-0.21158525567026218,0.3536681600799746,0.25078207687786813,-0.11279412561985956,-0.11146100118385505,,,
209,catalog_bin_median_delta,LCDM fixed H0=70 Om=0.3,450,0.02556,0.98846,-0.22001782179697812,0.3311175749729573,0.24856894505840635,-0.13686422997647016,-0.14050433360900882,,,
209,catalog_linear_z_delta,STAM b=354.95 union-style,450,0.02556,0.98846,-0.07940369823310878,0.2454038108322307,0.19912592791219835,0.02233569665191895,0.002856353928471833,0.47265746449643237,-0.6520974931688808,
209,catalog_linear_z_delta,STAM b=461.3626922 original,450,0.02556,0.98846,-0.09365614869325263,0.25141777079754113,0.2047537678977667,0.008543087743192011,-0.010899041733505754,0.47265746449643237,-0.6520974931688808,
209,catalog_linear_z_delta,STAM b=1335.412792 DES-style,450,0.02556,0.98846,-0.20728046590645524,0.3187127389289794,0.2667951546459634,-0.10152278263071499,-0.11926690639539217,0.47265746449643237,-0.6520974931688808,
209,catalog_linear_z_delta,LCDM fixed H0=70 Om=0.3,450,0.02556,0.98846,-0.21571303203317124,0.29951225216101174,0.2605702021598981,-0.1255928869873256,-0.16288645892387166,0.47265746449643237,-0.6520974931688808,
209,catalog_quadratic_z_delta,STAM b=354.95 union-style,450,0.02556,0.98846,-0.08175486825232008,0.27267978595041814,0.20773890166674988,0.016906655561610175,0.02675808092110188,0.6561199977741099,-2.4035445977074374,2.378108344651673
209,catalog_quadratic_z_delta,STAM b=461.3626922 original,450,0.02556,0.98846,-0.09600731871246401,0.2781485251837537,0.20994880719625933,0.0031140466528832337,0.012712398079870013,0.6561199977741099,-2.4035445977074374,2.378108344651673
209,catalog_quadratic_z_delta,STAM b=1335.412792 DES-style,450,0.02556,0.98846,-0.20963163592566658,0.34048511183740365,0.25983206957231253,-0.10695182372102377,-0.09713716441164166,0.6561199977741099,-2.4035445977074374,2.378108344651673
209,catalog_quadratic_z_delta,LCDM fixed H0=70 Om=0.3,450,0.02556,0.98846,-0.21806420205238264,0.3148785134986835,0.25293200420271683,-0.13102192807763435,-0.13658453101872325,0.6561199977741099,-2.4035445977074374,2.378108344651673
209,raw_no_catalog_correction,STAM b=354.95 union-style,450,0.02556,0.98846,0.14190313540687596,0.2039790585831293,0.16350513228739882,0.19301870921832928,0.1518395909370156,,,
209,raw_no_catalog_correction,STAM b=461.3626922 original,450,0.02556,0.98846,0.1276506849467321,0.19451476642109788,0.15350697128667168,0.17922610030960232,0.13758987440560944,,,
209,raw_no_catalog_correction,STAM b=1335.412792 DES-style,450,0.02556,0.98846,0.014026367733529502,0.1497329853433459,0.11231377817733254,0.06916022993569532,0.02897695832887237,,,
209,raw_no_catalog_correction,LCDM fixed H0=70 Om=0.3,450,0.02556,0.98846,0.005593801606813495,0.14560601259355677,0.11115136604925341,0.04509012557908472,0.0024543915278769646,,,
210,catalog_bin_median_delta,STAM b=354.95 union-style,450,0.02509,0.98024,-0.08806189559144413,0.2967212763658235,0.20545578265431377,0.0168096633786929,0.020686485665176946,,,
210,catalog_bin_median_delta,STAM b=461.3626922 original,450,0.02509,0.98024,-0.10230953636539313,0.301955502920655,0.206565972118145,0.0030108444890614154,0.008349540184163118,,,
210,catalog_bin_median_delta,STAM b=1335.412792 DES-style,450,0.02509,0.98024,-0.21589519170623636,0.3615504753975641,0.2516669939823096,-0.10710357469960567,-0.09821134316425884,,,
210,catalog_bin_median_delta,LCDM fixed H0=70 Om=0.3,450,0.02509,0.98024,-0.22341515211064375,0.3419811986745495,0.2517518591054334,-0.1313392763946405,-0.13199403152695055,,,
210,catalog_linear_z_delta,STAM b=354.95 union-style,450,0.02509,0.98024,-0.0874218683948818,0.2476937262458567,0.2018418375186552,0.0259446654772363,-0.00828841807984304,0.45658333634801485,-0.6199898112117587,
210,catalog_linear_z_delta,STAM b=461.3626922 original,450,0.02509,0.98024,-0.1016695091688308,0.2541112456496338,0.2075205095470667,0.012145846587604817,-0.02164149783258651,0.45658333634801485,-0.6199898112117587,
210,catalog_linear_z_delta,STAM b=1335.412792 DES-style,450,0.02509,0.98024,-0.21525516450967405,0.32370919085753697,0.26876270925554224,-0.09796857260106227,-0.1326072702436356,0.45658333634801485,-0.6199898112117587,
210,catalog_linear_z_delta,LCDM fixed H0=70 Om=0.3,450,0.02509,0.98024,-0.22277512491408144,0.303890454078245,0.2609121572276801,-0.12220427429609709,-0.1692457022826659,0.45658333634801485,-0.6199898112117587,
210,catalog_quadratic_z_delta,STAM b=354.95 union-style,450,0.02509,0.98024,-0.09545792283938703,0.27470924182879136,0.21356883830229154,0.023348064410375933,0.01876296493437124,0.6344752688103363,-2.3182565061359526,2.305900182870374
210,catalog_quadratic_z_delta,STAM b=461.3626922 original,450,0.02509,0.98024,-0.10970556361333603,0.2808525589661198,0.21685982188514297,0.009549245520744449,0.005504021541494097,0.6344752688103363,-2.3182565061359526,2.305900182870374
210,catalog_quadratic_z_delta,STAM b=1335.412792 DES-style,450,0.02509,0.98024,-0.22329121895417928,0.3473180781274207,0.2683913415734736,-0.10056517366792264,-0.10361503187460386,0.6344752688103363,-2.3182565061359526,2.305900182870374
210,catalog_quadratic_z_delta,LCDM fixed H0=70 Om=0.3,450,0.02509,0.98024,-0.23081117935858667,0.321969022612469,0.2614867362943385,-0.12480087536295746,-0.13986675358547274,0.6344752688103363,-2.3182565061359526,2.305900182870374
210,raw_no_catalog_correction,STAM b=354.95 union-style,450,0.02509,0.98024,0.12902422336860694,0.1971636004786476,0.1578535211523746,0.19632935226758258,0.15708412101932012,,,
210,raw_no_catalog_correction,STAM b=461.3626922 original,450,0.02509,0.98024,0.11477658259465794,0.18835819302179113,0.14903678556263567,0.18253053337795108,0.14278731349345364,,,
210,raw_no_catalog_correction,STAM b=1335.412792 DES-style,450,0.02509,0.98024,0.0011909272538147104,0.15185816208715816,0.11479799670652133,0.07241611418928401,0.029023651181223187,,,
210,raw_no_catalog_correction,LCDM fixed H0=70 Om=0.3,450,0.02509,0.98024,-0.006329033150592688,0.14754154096213218,0.11229668453566205,0.048180412494249175,0.01029953350010615,,,
211,catalog_bin_median_delta,STAM b=354.95 union-style,450,0.02509,0.98158,-0.07635274006447731,0.29006501444995947,0.20178093826937654,-0.005187722082042414,0.01591482890518492,,,
211,catalog_bin_median_delta,STAM b=461.3626922 original,450,0.02509,0.98158,-0.09057119504308504,0.29482130151586133,0.2031428302871412,-0.01897935333780031,0.0026421069105353467,,,
211,catalog_bin_median_delta,STAM b=1335.412792 DES-style,450,0.02509,0.98158,-0.2039334539179261,0.3515566237280546,0.24765235153214984,-0.12903767048754247,-0.10601399231194719,,,
211,catalog_bin_median_delta,LCDM fixed H0=70 Om=0.3,450,0.02509,0.98158,-0.21429111118367117,0.3322590363230332,0.24810184320241055,-0.15315266745417824,-0.14403604631212374,,,
211,catalog_linear_z_delta,STAM b=354.95 union-style,450,0.02509,0.98158,-0.0786162483590459,0.23962607821773235,0.1902904351032456,0.008738823184846988,-0.007654698209069721,0.4603652196941875,-0.6365225345955544,
211,catalog_linear_z_delta,STAM b=461.3626922 original,450,0.02509,0.98158,-0.09283470333765365,0.24565700747113384,0.19565590695257346,-0.005052808070910907,-0.020185314158414513,0.4603652196941875,-0.6365225345955544,
211,catalog_linear_z_delta,STAM b=1335.412792 DES-style,450,0.02509,0.98158,-0.20619696221249467,0.313309643062521,0.25755422675196943,-0.11511112522065307,-0.1248697361379385,0.4603652196941875,-0.6365225345955544,
211,catalog_linear_z_delta,LCDM fixed H0=70 Om=0.3,450,0.02509,0.98158,-0.21655461947823978,0.2962225245982629,0.2538786618833086,-0.13922612218728886,-0.16962188556890112,0.4603652196941875,-0.6365225345955544,
211,catalog_quadratic_z_delta,STAM b=354.95 union-style,450,0.02509,0.98158,-0.07601044671992573,0.2702498516309727,0.20457250779622413,0.00346615699877456,0.02479057056481082,0.6467520577704104,-2.415886866050675,2.416014251211899
211,catalog_quadratic_z_delta,STAM b=461.3626922 original,450,0.02509,0.98158,-0.09022890169853345,0.2754033092918462,0.20601714584652606,-0.010325474256983335,0.011024119298841839,0.6467520577704104,-2.415886866050675,2.416014251211899
211,catalog_quadratic_z_delta,STAM b=1335.412792 DES-style,450,0.02509,0.98158,-0.20359116057337454,0.33578151829633895,0.2495815768199154,-0.12038379140672549,-0.09753163002609,0.6467520577704104,-2.415886866050675,2.416014251211899
211,catalog_quadratic_z_delta,LCDM fixed H0=70 Om=0.3,450,0.02509,0.98158,-0.21394881783911962,0.31206425784196784,0.24508077788841798,-0.14449878837336128,-0.1383889469559918,0.6467520577704104,-2.415886866050675,2.416014251211899
211,raw_no_catalog_correction,STAM b=354.95 union-style,450,0.02509,0.98158,0.13327201878980094,0.19888573264868833,0.15927391752261194,0.17425196680684496,0.15324060358546632,,,
211,raw_no_catalog_correction,STAM b=461.3626922 original,450,0.02509,0.98158,0.11905356381119322,0.18982477652845922,0.15070602422849738,0.16046033555108705,0.13871754860582186,,,
211,raw_no_catalog_correction,STAM b=1335.412792 DES-style,450,0.02509,0.98158,0.005691304936352135,0.15010487886816556,0.11623405755718832,0.05040201840134491,0.02904207623167565,,,
211,raw_no_catalog_correction,LCDM fixed H0=70 Om=0.3,450,0.02509,0.98158,-0.004666352329392935,0.14561350240160958,0.11328295569251554,0.026287021434709127,0.007774868162481852,,,
212,catalog_bin_median_delta,STAM b=354.95 union-style,450,0.02509,0.97489,-0.07717140494225692,0.31105516046464066,0.20376481084674491,0.016871446630205185,0.02302635247198026,,,
212,catalog_bin_median_delta,STAM b=461.3626922 original,450,0.02509,0.97489,-0.09126193421248603,0.31556416203345994,0.20522945554300728,0.0030790758586494997,0.009350456366110649,,,
212,catalog_bin_median_delta,STAM b=1335.412792 DES-style,450,0.02509,0.97489,-0.20363184142682816,0.3692540463167336,0.24558933425374238,-0.10698475213936967,-0.09899567644571405,,,
212,catalog_bin_median_delta,LCDM fixed H0=70 Om=0.3,450,0.02509,0.97489,-0.21653303414023972,0.3509443358025493,0.24903569352674046,-0.13091410150656835,-0.13438426784891178,,,
212,catalog_linear_z_delta,STAM b=354.95 union-style,450,0.02509,0.97489,-0.07703542386224654,0.2721646152624446,0.22291805828997943,0.028775751949874875,0.012525296063124358,0.5251505394404968,-0.7645229818357728,
212,catalog_linear_z_delta,STAM b=461.3626922 original,450,0.02509,0.97489,-0.09112595313247564,0.27759316955963464,0.22647388641967894,0.01498338117831919,-0.00042267554816532993,0.5251505394404968,-0.7645229818357728,
212,catalog_linear_z_delta,STAM b=1335.412792 DES-style,450,0.02509,0.97489,-0.20349586034681785,0.3392096603968446,0.27388964644358205,-0.09508044681969997,-0.10693672259422726,0.5251505394404968,-0.7645229818357728,
212,catalog_linear_z_delta,LCDM fixed H0=70 Om=0.3,450,0.02509,0.97489,-0.21639705306022936,0.3201122522882889,0.2673311443289132,-0.11900979618689866,-0.14562422161565536,0.5251505394404968,-0.7645229818357728,
212,catalog_quadratic_z_delta,STAM b=354.95 union-style,450,0.02509,0.97489,-0.08728962100868672,0.3007345012364143,0.22329219284483667,0.02154874993603212,0.02719584300216482,0.7345066440472341,-2.7631661744268325,2.7137502708277923
212,catalog_quadratic_z_delta,STAM b=461.3626922 original,450,0.02509,0.97489,-0.10138015027891581,0.305991470931163,0.22574987762229404,0.007756379164476436,0.014459136874553025,0.7345066440472341,-2.7631661744268325,2.7137502708277923
212,catalog_quadratic_z_delta,STAM b=1335.412792 DES-style,450,0.02509,0.97489,-0.21375005749325798,0.3650778959357475,0.2716518013308153,-0.10230744883354273,-0.0938419106865993,0.7345066440472341,-2.7631661744268325,2.7137502708277923
212,catalog_quadratic_z_delta,LCDM fixed H0=70 Om=0.3,450,0.02509,0.97489,-0.2266512502066695,0.3409242043965001,0.26706417847209657,-0.1262367982007414,-0.1364369045966427,0.7345066440472341,-2.7631661744268325,2.7137502708277923
212,raw_no_catalog_correction,STAM b=354.95 union-style,450,0.02509,0.97489,0.13175581299207687,0.20122411631184142,0.1610779393030221,0.19974282440798227,0.142016685969665,,,
212,raw_no_catalog_correction,STAM b=461.3626922 original,450,0.02509,0.97489,0.11766528372184776,0.19250380057766298,0.1523044098201047,0.18595045363642657,0.12735191394249057,,,
212,raw_no_catalog_correction,STAM b=1335.412792 DES-style,450,0.02509,0.97489,0.005295376507505608,0.15493756178281767,0.11903016652508355,0.0758866256384074,0.019112896035110793,,,
212,raw_no_catalog_correction,LCDM fixed H0=70 Om=0.3,450,0.02509,0.97489,-0.007605816205905925,0.14972508162767684,0.11590705162153883,0.05195727627120871,0.0022947378486648518,,,
213,catalog_bin_median_delta,STAM b=354.95 union-style,450,0.02534,0.98846,-0.1084927263721548,0.29890085263139804,0.20689168721277593,-0.006239106178475219,0.004962089760560673,,,
213,catalog_bin_median_delta,STAM b=461.3626922 original,450,0.02534,0.98846,-0.12277324337981543,0.3051156931762511,0.2096255401038877,-0.02004363460074204,-0.009174003531366992,,,
213,catalog_bin_median_delta,STAM b=1335.412792 DES-style,450,0.02534,0.98846,-0.23661549985576583,0.37098389844028307,0.26557969497887085,-0.13020236093279755,-0.1200309242025277,,,
213,catalog_bin_median_delta,LCDM fixed H0=70 Om=0.3,450,0.02534,0.98846,-0.24465628753526888,0.34940356236584713,0.2644548547964483,-0.15434306660201766,-0.15758003260181752,,,
213,catalog_linear_z_delta,STAM b=354.95 union-style,450,0.02534,0.98846,-0.10891605649953087,0.2532792761134855,0.20633166827043486,0.002011237878597159,-0.035045943808011515,0.4991694947562515,-0.6838627202856755,
213,catalog_linear_z_delta,STAM b=461.3626922 original,450,0.02534,0.98846,-0.12319657350719145,0.2607135214122735,0.21313595135380367,-0.011793290543669663,-0.04757867912695346,0.4991694947562515,-0.6838627202856755,
213,catalog_linear_z_delta,STAM b=1335.412792 DES-style,450,0.02534,0.98846,-0.2370388299831419,0.33620899702920354,0.28236682134821883,-0.12195201687572516,-0.15414398719607547,0.4991694947562515,-0.6838627202856755,
213,catalog_linear_z_delta,LCDM fixed H0=70 Om=0.3,450,0.02534,0.98846,-0.24507961766264488,0.3187672475851199,0.2780341361279556,-0.14609272254494526,-0.19174328220297454,0.4991694947562515,-0.6838627202856755,
213,catalog_quadratic_z_delta,STAM b=354.95 union-style,450,0.02534,0.98846,-0.10769713444370976,0.2837138794412075,0.2117090950792019,0.0003198187005643484,0.0072295193145066605,0.685971155670434,-2.467187207776257,2.421391336303221
213,catalog_quadratic_z_delta,STAM b=461.3626922 original,450,0.02534,0.98846,-0.12197765145137034,0.29025088347012873,0.21587054235262057,-0.013484709721702473,-0.0071565225281169376,0.685971155670434,-2.467187207776257,2.421391336303221
213,catalog_quadratic_z_delta,STAM b=1335.412792 DES-style,450,0.02534,0.98846,-0.23581990792732077,0.35882986887802276,0.27468496892641076,-0.12364343605375797,-0.11712807751052878,0.685971155670434,-2.467187207776257,2.421391336303221
213,catalog_quadratic_z_delta,LCDM fixed H0=70 Om=0.3,450,0.02534,0.98846,-0.24386069560682383,0.3347415278651168,0.2704282954467178,-0.14778414172297807,-0.1571691814276477,0.685971155670434,-2.467187207776257,2.421391336303221
213,raw_no_catalog_correction,STAM b=354.95 union-style,450,0.02534,0.98846,0.13029207853454097,0.19465254992814046,0.15685758720068743,0.18624351604374598,0.15042542051685004,,,
213,raw_no_catalog_correction,STAM b=461.3626922 original,450,0.02534,0.98846,0.11601156152688037,0.18551447603347376,0.14761371743439824,0.1724389876214792,0.13679364494601387,,,
213,raw_no_catalog_correction,STAM b=1335.412792 DES-style,450,0.02534,0.98846,0.0021693050509299628,0.14639577113061789,0.1117819227431543,0.06228026128942368,0.021593338829998032,,,
213,raw_no_catalog_correction,LCDM fixed H0=70 Om=0.3,450,0.02534,0.98846,-0.005871482628573063,0.1451410983545588,0.11228165525291105,0.03813955562020357,0.00012223688344903394,,,
214,catalog_bin_median_delta,STAM b=354.95 union-style,450,0.02519,0.98024,-0.08406807965420819,0.2902739912572958,0.19395340152735474,0.00847659707589009,0.018584612798754563,,,
214,catalog_bin_median_delta,STAM b=461.3626922 original,450,0.02519,0.98024,-0.09829347443585755,0.2954066541047024,0.19588652171414023,-0.005313341432160538,0.005205087004469533,,,
214,catalog_bin_median_delta,STAM b=1335.412792 DES-style,450,0.02519,0.98024,-0.2117075755636231,0.3546063870918598,0.24643611339856747,-0.11535863663255679,-0.10455935982983533,,,
214,catalog_bin_median_delta,LCDM fixed H0=70 Om=0.3,450,0.02519,0.98024,-0.22041934439142524,0.33493809967501115,0.24805721135278597,-0.13959532515156545,-0.1382455023100988,,,
214,catalog_linear_z_delta,STAM b=354.95 union-style,450,0.02519,0.98024,-0.08578664826019468,0.24515612532135925,0.20165782969097043,0.019149082151719152,0.0004518937804931511,0.46270458244943247,-0.6362355152926114,
214,catalog_linear_z_delta,STAM b=461.3626922 original,450,0.02519,0.98024,-0.10001204304184406,0.25153203423709286,0.20698974858630598,0.005359143643668523,-0.013231201083364397,0.46270458244943247,-0.6362355152926114,
214,catalog_linear_z_delta,STAM b=1335.412792 DES-style,450,0.02519,0.98024,-0.21342614416960964,0.3209546546672445,0.2673554145489194,-0.10468615155672772,-0.11756863944008344,0.46270458244943247,-0.6362355152926114,
214,catalog_linear_z_delta,LCDM fixed H0=70 Om=0.3,450,0.02519,0.98024,-0.22213791299741173,0.3022900862434121,0.2602595112693734,-0.1289228400757364,-0.16160738263361907,0.46270458244943247,-0.6362355152926114,
214,catalog_quadratic_z_delta,STAM b=354.95 union-style,450,0.02519,0.98024,-0.09257499512500623,0.27640582480107223,0.21134339287164583,0.014656465255622572,0.026232525528499195,0.6525692389137491,-2.4488012576141034,2.4610950030261707
214,catalog_quadratic_z_delta,STAM b=461.3626922 original,450,0.02519,0.98024,-0.10680038990665558,0.2823191674231225,0.21409632768955145,0.0008665267475719436,0.011576599476125438,0.6525692389137491,-2.4488012576141034,2.4610950030261707
214,catalog_quadratic_z_delta,STAM b=1335.412792 DES-style,450,0.02519,0.98024,-0.22021449103442112,0.34719578808682866,0.2657317496788681,-0.10917876845282432,-0.09747051959276831,0.6525692389137491,-2.4488012576141034,2.4610950030261707
214,catalog_quadratic_z_delta,LCDM fixed H0=70 Om=0.3,450,0.02519,0.98024,-0.22892625986222329,0.32285147795941965,0.26039126331567813,-0.13341545697183296,-0.13421140538369158,0.6525692389137491,-2.4488012576141034,2.4610950030261707
214,raw_no_catalog_correction,STAM b=354.95 union-style,450,0.02519,0.98024,0.12834946272903267,0.19310578605531953,0.15529185117963074,0.18701430818700102,0.15244527569846156,,,
214,raw_no_catalog_correction,STAM b=461.3626922 original,450,0.02519,0.98024,0.11412406794738329,0.18415684882150493,0.14688072314955686,0.17322436967895039,0.13800941505603248,,,
214,raw_no_catalog_correction,STAM b=1335.412792 DES-style,450,0.02519,0.98024,0.0007099668196177434,0.14695840836484864,0.11197352853601507,0.06317907447855411,0.029319672009638253,,,
214,raw_no_catalog_correction,LCDM fixed H0=70 Om=0.3,450,0.02519,0.98024,-0.008001802008184379,0.14294265963216313,0.11087082714398949,0.03894238595954546,0.0054902258303641815,,,
215,catalog_bin_median_delta,STAM b=354.95 union-style,450,0.0251,0.98158,-0.08913348028901621,0.2962648129449644,0.20498121165142727,0.003840873241049394,0.005792779562025174,,,
215,catalog_bin_median_delta,STAM b=461.3626922 original,450,0.0251,0.98158,-0.10331430786212471,0.3015102447914137,0.20737732566747744,-0.009948464270110391,-0.008523672543070404,,,
215,catalog_bin_median_delta,STAM b=1335.412792 DES-style,450,0.0251,0.98158,-0.21638347835187405,0.3610192375828219,0.25602413204713553,-0.11998916474927147,-0.11852769449224354,,,
215,catalog_bin_median_delta,LCDM fixed H0=70 Om=0.3,450,0.0251,0.98158,-0.2265728220030638,0.34244014122303756,0.2559009627095342,-0.14428281053524275,-0.14808633871449217,,,
215,catalog_linear_z_delta,STAM b=354.95 union-style,450,0.0251,0.98158,-0.08851275571667881,0.2508288434329125,0.20450634071086113,0.01189513530966571,-0.022008657999727177,0.4653785904326715,-0.6357113936026099,
215,catalog_linear_z_delta,STAM b=461.3626922 original,450,0.0251,0.98158,-0.1026935832897873,0.257169108538769,0.20981724879300045,-0.0018942022014940738,-0.03611748557306527,0.4653785904326715,-0.6357113936026099,
215,catalog_linear_z_delta,STAM b=1335.412792 DES-style,450,0.0251,0.98158,-0.21576275377953663,0.3259227749937583,0.26979462771267376,-0.11193490268065516,-0.14823197948029332,0.4653785904326715,-0.6357113936026099,
215,catalog_linear_z_delta,LCDM fixed H0=70 Om=0.3,450,0.0251,0.98158,-0.22595209743072633,0.30882495079781225,0.2645058077822743,-0.13622854846662646,-0.18256950785075432,0.4653785904326715,-0.6357113936026099,
215,catalog_quadratic_z_delta,STAM b=354.95 union-style,450,0.0251,0.98158,-0.09570865016335155,0.2861078263126882,0.21966483125434505,0.0072481578949374,0.0053950830379960735,0.6503692129268649,-2.401746585343105,2.397915995032629
215,catalog_quadratic_z_delta,STAM b=461.3626922 original,450,0.0251,0.98158,-0.10988947773646003,0.2919173605966191,0.22301768265862545,-0.006541179616222384,-0.00840316383390416,0.6503692129268649,-2.401746585343105,2.397915995032629
215,catalog_quadratic_z_delta,STAM b=1335.412792 DES-style,450,0.0251,0.98158,-0.22295864822620937,0.3555365210981219,0.27376264008231743,-0.11658188009538346,-0.11886010190922747,0.6503692129268649,-2.401746585343105,2.397915995032629
215,catalog_quadratic_z_delta,LCDM fixed H0=70 Om=0.3,450,0.0251,0.98158,-0.23314799187739912,0.33336504975977305,0.26865867893364753,-0.14087552588135477,-0.15500819526419463,0.6503692129268649,-2.401746585343105,2.397915995032629
215,raw_no_catalog_correction,STAM b=354.95 union-style,450,0.0251,0.98158,0.12369313828248764,0.20042183738593278,0.15842424314099454,0.18261691768549357,0.14000395658228726,,,
215,raw_no_catalog_correction,STAM b=461.3626922 original,450,0.0251,0.98158,0.10951231070937914,0.19215500841292737,0.15058614764660275,0.16882758017433377,0.1250353535155817,,,
215,raw_no_catalog_correction,STAM b=1335.412792 DES-style,450,0.0251,0.98158,-0.0035568597803702076,0.15987229344562257,0.1250257177067256,0.0587868796951727,0.016109454579119387,,,
215,raw_no_catalog_correction,LCDM fixed H0=70 Om=0.3,450,0.0251,0.98158,-0.013746203431559922,0.1558198625780712,0.12155171136143057,0.03449323390920139,-0.00480948527904701,,,
216,catalog_bin_median_delta,STAM b=354.95 union-style,450,0.02591,0.98024,-0.07967663374801631,0.2793164014361636,0.196423376887259,0.01016434946009803,0.021161071959522104,,,
216,catalog_bin_median_delta,STAM b=461.3626922 original,450,0.02591,0.98024,-0.09391383512985597,0.2843415677376095,0.19813632649231044,-0.0036285414461556006,0.007247794375928152,,,
216,catalog_bin_median_delta,STAM b=1335.412792 DES-style,450,0.02591,0.98024,-0.20742001485926306,0.3434804633754908,0.24556058690776947,-0.1136969207231611,-0.09937107713319193,,,
216,catalog_bin_median_delta,LCDM fixed H0=70 Om=0.3,450,0.02591,0.98024,-0.21627579813273634,0.3258292509219071,0.250530967782909,-0.138011454386333,-0.14121150220005774,,,
216,catalog_linear_z_delta,STAM b=354.95 union-style,450,0.02591,0.98024,-0.08139515743256699,0.23012073441673572,0.18566415203585046,0.018727565587494627,-0.003544583244298849,0.4339159447002286,-0.5741504119320676,
216,catalog_linear_z_delta,STAM b=461.3626922 original,450,0.02591,0.98024,-0.09563235881440667,0.23649058122245775,0.19136425693733866,0.004934674681240997,-0.016174074756843737,0.4339159447002286,-0.5741504119320676,
216,catalog_linear_z_delta,STAM b=1335.412792 DES-style,450,0.02591,0.98024,-0.20913853854381373,0.3068492956833701,0.2565644399683883,-0.1051337045957645,-0.12247320249981186,0.4339159447002286,-0.5741504119320676,
216,catalog_linear_z_delta,LCDM fixed H0=70 Om=0.3,450,0.02591,0.98024,-0.21799432181728703,0.29066371544053443,0.25210878539093984,-0.1294482382589364,-0.16291284756479385,0.4339159447002286,-0.5741504119320676,
216,catalog_quadratic_z_delta,STAM b=354.95 union-style,450,0.02591,0.98024,-0.08395091157655377,0.26178202335011547,0.2018850547727347,0.015522584403901949,0.018942161285874448,0.6109124197478527,-2.263868515118265,2.2942929368996166
216,catalog_quadratic_z_delta,STAM b=461.3626922 original,450,0.02591,0.98024,-0.09818811295839346,0.26746233392269414,0.20537432789544388,0.0017296934976483178,0.005323499916841001,0.6109124197478527,-2.263868515118265,2.2942929368996166
216,catalog_quadratic_z_delta,STAM b=1335.412792 DES-style,450,0.02591,0.98024,-0.2116942926878005,0.33171866266299393,0.2579506686446754,-0.10833868577935718,-0.10486069365411765,0.6109124197478527,-2.263868515118265,2.2942929368996166
216,catalog_quadratic_z_delta,LCDM fixed H0=70 Om=0.3,450,0.02591,0.98024,-0.22055007596127382,0.3094327829963335,0.2524873863528219,-0.13265321944252909,-0.1463706312132267,0.6109124197478527,-2.263868515118265,2.2942929368996166
216,raw_no_catalog_correction,STAM b=354.95 union-style,450,0.02591,0.98024,0.12969526643800747,0.19728984994531149,0.15685935879455773,0.1869639939045418,0.15281600940575046,,,
216,raw_no_catalog_correction,STAM b=461.3626922 original,450,0.02591,0.98024,0.11545806505616778,0.18838082359187547,0.14833192383707197,0.1731711029982882,0.13864448211329972,,,
216,raw_no_catalog_correction,STAM b=1335.412792 DES-style,450,0.02591,0.98024,0.0019518853267607272,0.15072707361365134,0.11468082883830084,0.06310272372128267,0.026276921281326082,,,
216,raw_no_catalog_correction,LCDM fixed H0=70 Om=0.3,450,0.02591,0.98024,-0.00690389794671258,0.14837415522322492,0.11607373393100362,0.038788190058110766,0.006324402813177699,,,
217,catalog_bin_median_delta,STAM b=354.95 union-style,450,0.02509,0.98536,-0.08689212877202364,0.29325580256225914,0.20477356657117654,0.003888160054515137,0.0354369383898252,,,
217,catalog_bin_median_delta,STAM b=461.3626922 original,450,0.02509,0.98536,-0.1011876325217147,0.29858577306659123,0.20576081469135418,-0.009902988599004613,0.022530326152988778,,,
217,catalog_bin_median_delta,STAM b=1335.412792 DES-style,450,0.02509,0.98536,-0.2151453572632984,0.35907842683222746,0.2472335277087937,-0.11995760089069525,-0.08640774155287545,,,
217,catalog_bin_median_delta,LCDM fixed H0=70 Om=0.3,450,0.02509,0.98536,-0.22229716521373058,0.3354991162483456,0.24477730903697648,-0.14411008213366452,-0.12612994280628698,,,
217,catalog_linear_z_delta,STAM b=354.95 union-style,450,0.02509,0.98536,-0.08671184476587605,0.24693823419352554,0.20208121584572214,0.01465242854837797,0.015160169723859696,0.48429418285672204,-0.6797088283243151,
217,catalog_linear_z_delta,STAM b=461.3626922 original,450,0.02509,0.98536,-0.10100734851556716,0.2533416612058509,0.20681581798389922,0.0008612798948582186,0.0012899706936266853,0.48429418285672204,-0.6797088283243151,
217,catalog_linear_z_delta,STAM b=1335.412792 DES-style,450,0.02509,0.98536,-0.21496507325715078,0.323035191938977,0.2652121794778483,-0.10919333239683242,-0.10956882503655763,0.48429418285672204,-0.6797088283243151,
217,catalog_linear_z_delta,LCDM fixed H0=70 Om=0.3,450,0.02509,0.98536,-0.222116881207583,0.30331381676292324,0.25658501771737047,-0.1333458136398017,-0.14588013369700548,0.48429418285672204,-0.6797088283243151,
217,catalog_quadratic_z_delta,STAM b=354.95 union-style,450,0.02509,0.98536,-0.08782458491911081,0.27833630883386196,0.21518867635982328,0.00937572473626269,0.02924022110192226,0.670972750899686,-2.461858194938535,2.419795761561164
217,catalog_quadratic_z_delta,STAM b=461.3626922 original,450,0.02509,0.98536,-0.10212008866880187,0.28402853662365624,0.21762060893328347,-0.00441542391725706,0.01457194819889196,0.670972750899686,-2.461858194938535,2.419795761561164
217,catalog_quadratic_z_delta,STAM b=1335.412792 DES-style,450,0.02509,0.98536,-0.21607781341038554,0.3475945549579057,0.2606330176564042,-0.1144700362089477,-0.09159554248524415,0.670972750899686,-2.461858194938535,2.419795761561164
217,catalog_quadratic_z_delta,LCDM fixed H0=70 Om=0.3,450,0.02509,0.98536,-0.2232296213608177,0.3208554665908133,0.25060759044141084,-0.13862251745191698,-0.12966334420981696,0.670972750899686,-2.461858194938535,2.419795761561164
217,raw_no_catalog_correction,STAM b=354.95 union-style,450,0.02509,0.98536,0.14065270626988477,0.20162546775526133,0.16632795256724686,0.18404391561007166,0.16935537542133616,,,
217,raw_no_catalog_correction,STAM b=461.3626922 original,450,0.02509,0.98536,0.1263572025201937,0.1920605524856918,0.15722778851351213,0.17025276695655192,0.1544550033152241,,,
217,raw_no_catalog_correction,STAM b=1335.412792 DES-style,450,0.02509,0.98536,0.012399477778610054,0.14700550890613326,0.11722137174357188,0.0601981546648613,0.04436575288423228,,,
217,raw_no_catalog_correction,LCDM fixed H0=70 Om=0.3,450,0.02509,0.98536,0.005247669828177862,0.14538226443396154,0.11358019374612519,0.03604567342189202,0.019133921857942937,,,
218,catalog_bin_median_delta,STAM b=354.95 union-style,450,0.02509,0.99268,-0.0902895779030581,0.2798465165332522,0.18715922129890775,-0.018656592354947352,-0.006973296271397089,,,
218,catalog_bin_median_delta,STAM b=461.3626922 original,450,0.02509,0.99268,-0.10449644996905669,0.2854845806107884,0.1905596249247875,-0.032450791902814725,-0.01945051262954678,,,
218,catalog_bin_median_delta,STAM b=1335.412792 DES-style,450,0.02509,0.99268,-0.21776771945244933,0.3484069428171792,0.2487821468459698,-0.14252899073142852,-0.12817540154994234,,,
218,catalog_bin_median_delta,LCDM fixed H0=70 Om=0.3,450,0.02509,0.99268,-0.2274777431309644,0.3291292035030535,0.2503092212788863,-0.16655740588275517,-0.16272871269056566,,,
218,catalog_linear_z_delta,STAM b=354.95 union-style,450,0.02509,0.99268,-0.09337561176634324,0.24857953822983264,0.20247219333984404,-0.009125261525641026,-0.024684844195061117,0.4894496024951837,-0.6759944096443172,
218,catalog_linear_z_delta,STAM b=461.3626922 original,450,0.02509,0.99268,-0.10758248383234184,0.25528382610960104,0.20800300924574686,-0.022919461073508403,-0.03861889554709208,0.4894496024951837,-0.6759944096443172,
218,catalog_linear_z_delta,STAM b=1335.412792 DES-style,450,0.02509,0.99268,-0.22085375331573445,0.3264339826618313,0.2702935095663052,-0.1329976599021222,-0.1471125905566666,0.4894496024951837,-0.6759944096443172,
218,catalog_linear_z_delta,LCDM fixed H0=70 Om=0.3,450,0.02509,0.99268,-0.2305637769942495,0.30905309034267825,0.2663972280754628,-0.15702607505344884,-0.1850422636964666,0.4894496024951837,-0.6759944096443172,
218,catalog_quadratic_z_delta,STAM b=354.95 union-style,450,0.02509,0.99268,-0.09848228910035171,0.2777080056730556,0.20748786527314256,-0.014513057808230548,-0.007219131341681617,0.6668126285840198,-2.3692118363617385,2.2990443053358516
218,catalog_quadratic_z_delta,STAM b=461.3626922 original,450,0.02509,0.99268,-0.1126891611663503,0.28385790228907465,0.21161012380617497,-0.028307257356097924,-0.020570776794865964,0.6668126285840198,-2.3692118363617385,2.2990443053358516
218,catalog_quadratic_z_delta,STAM b=1335.412792 DES-style,450,0.02509,0.99268,-0.22596043064974292,0.35010573000818695,0.2662238963428263,-0.13838545618471174,-0.1270823009915958,0.6668126285840198,-2.3692118363617385,2.2990443053358516
218,catalog_quadratic_z_delta,LCDM fixed H0=70 Om=0.3,450,0.02509,0.99268,-0.235670454328258,0.32723429522072145,0.26259716590557547,-0.16241387133603838,-0.1658462858843599,0.6668126285840198,-2.3692118363617385,2.2990443053358516
218,raw_no_catalog_correction,STAM b=354.95 union-style,450,0.02509,0.99268,0.13007686541342953,0.19341877051120362,0.1540710985638714,0.16746431875616385,0.13582513099335713,,,
218,raw_no_catalog_correction,STAM b=461.3626922 original,450,0.02509,0.99268,0.11586999334743092,0.1843055327368015,0.1455263992118143,0.15367011920829649,0.1216095416608205,,,
218,raw_no_catalog_correction,STAM b=1335.412792 DES-style,450,0.02509,0.99268,0.0025987238640382926,0.14521681039941242,0.1130783016357012,0.043591920379682673,0.009524271632958659,,,
218,raw_no_catalog_correction,LCDM fixed H0=70 Om=0.3,450,0.02509,0.99268,-0.007111299814476783,0.14221865269919992,0.1122548046096775,0.019563505228356048,-0.010880720425717527,,,
219,catalog_bin_median_delta,STAM b=354.95 union-style,450,0.02519,0.96859,-0.09114514995687933,0.27459197930740603,0.19080119719777233,0.007727562339656815,-0.0016705126781317858,,,
219,catalog_bin_median_delta,STAM b=461.3626922 original,450,0.02519,0.96859,-0.10535710987127328,0.2803649973483211,0.19386606995692318,-0.006072358551615037,-0.014787983244779923,,,
219,catalog_bin_median_delta,STAM b=1335.412792 DES-style,450,0.02519,0.96859,-0.2186680733572887,0.34442918711845805,0.24992610226831627,-0.11619548330499417,-0.12483319361905387,,,
219,catalog_bin_median_delta,LCDM fixed H0=70 Om=0.3,450,0.02519,0.96859,-0.22849529111468,0.32490981391716056,0.2504396626277318,-0.14053391561657513,-0.15886248744796916,,,
219,catalog_linear_z_delta,STAM b=354.95 union-style,450,0.02519,0.96859,-0.08775274006251071,0.23324339127714158,0.1891475359132628,0.01726160007260126,-0.01558723586398969,0.4615204865800404,-0.6252145192845809,
219,catalog_linear_z_delta,STAM b=461.3626922 original,450,0.02519,0.96859,-0.10196469997690465,0.23995918528250829,0.1943597260015122,0.0034616791813294077,-0.028104929254698874,0.4615204865800404,-0.6252145192845809,
219,catalog_linear_z_delta,STAM b=1335.412792 DES-style,450,0.02519,0.96859,-0.21527566346292012,0.3120761202228184,0.2570525356065166,-0.10666144557204973,-0.13012972554793478,0.4615204865800404,-0.6252145192845809,
219,catalog_linear_z_delta,LCDM fixed H0=70 Om=0.3,450,0.02519,0.96859,-0.2251028812203114,0.2948452078362399,0.25390504042683293,-0.13099987788363068,-0.1691293925733106,0.4615204865800404,-0.6252145192845809,
219,catalog_quadratic_z_delta,STAM b=354.95 union-style,450,0.02519,0.96859,-0.08835643351115968,0.2666032874051101,0.20085643061820696,0.015871337539511438,0.007282603979000157,0.6406348346596693,-2.335151151689881,2.3217455804467355
219,catalog_quadratic_z_delta,STAM b=461.3626922 original,450,0.02519,0.96859,-0.10256839342555368,0.27249181224505814,0.20430275151522223,0.002071416648239585,-0.0065759696385399025,0.6406348346596693,-2.335151151689881,2.3217455804467355
219,catalog_quadratic_z_delta,STAM b=1335.412792 DES-style,450,0.02519,0.96859,-0.2158793569115691,0.33768694967643953,0.2562392936077598,-0.10805170810513955,-0.11991589223888965,0.6406348346596693,-2.335151151689881,2.3217455804467355
219,catalog_quadratic_z_delta,LCDM fixed H0=70 Om=0.3,450,0.02519,0.96859,-0.22570657466896038,0.31379680599973975,0.25216275317339626,-0.1323901404167205,-0.15775378763929737,0.6406348346596693,-2.335151151689881,2.3217455804467355
219,raw_no_catalog_correction,STAM b=354.95 union-style,450,0.02519,0.96859,0.12860133741067387,0.18821427578678765,0.15053179156391394,0.1903952067841005,0.13896286943890956,,,
219,raw_no_catalog_correction,STAM b=461.3626922 original,450,0.02519,0.96859,0.11438937749627989,0.17895703942740135,0.14125336294173751,0.17659528589282866,0.1246408056509054,,,
219,raw_no_catalog_correction,STAM b=1335.412792 DES-style,450,0.02519,0.96859,0.0010784140102644889,0.13963824517489637,0.10751453944603825,0.06647216113944951,0.011886888289399877,,,
219,raw_no_catalog_correction,LCDM fixed H0=70 Om=0.3,450,0.02519,0.96859,-0.008748803747126844,0.1369786984037002,0.1056788166024559,0.042133728827868554,-0.0020071690445249146,,,
220,catalog_bin_median_delta,STAM b=354.95 union-style,450,0.0251,0.97242,-0.09777412342357625,0.2979719869806708,0.20363867826605417,-0.006579707161307056,0.009344548030384203,,,
220,catalog_bin_median_delta,STAM b=461.3626922 original,450,0.0251,0.97242,-0.11203734710606904,0.30371109471432617,0.20641250118097437,-0.02036992431775624,-0.004178875142155647,,,
220,catalog_bin_median_delta,STAM b=1335.412792 DES-style,450,0.0251,0.97242,-0.2257440428291248,0.3665354590806682,0.2605927053614887,-0.13041704674217147,-0.11422986468099339,,,
220,catalog_bin_median_delta,LCDM fixed H0=70 Om=0.3,450,0.0251,0.97242,-0.2330599987260397,0.344685425134689,0.2582515962470381,-0.1543825650665863,-0.14595862402085302,,,
220,catalog_linear_z_delta,STAM b=354.95 union-style,450,0.0251,0.97242,-0.1027676205903629,0.2685731738512981,0.21897970491494717,0.0032417381162525454,-0.009240176905432662,0.5048607003741573,-0.699292253454126,
220,catalog_linear_z_delta,STAM b=461.3626922 original,450,0.0251,0.97242,-0.11703084427285568,0.27539252729120867,0.22458450161665408,-0.010548479040196635,-0.022597987695981203,0.5048607003741573,-0.699292253454126,
220,catalog_linear_z_delta,STAM b=1335.412792 DES-style,450,0.0251,0.97242,-0.23073753999591146,0.34637206463545883,0.2863984986369709,-0.12059560146461189,-0.13154157138494327,0.5048607003741573,-0.699292253454126,
220,catalog_linear_z_delta,LCDM fixed H0=70 Om=0.3,450,0.0251,0.97242,-0.2380534958928264,0.3260408236308471,0.2786653624280548,-0.14456111978902672,-0.17433105015665618,0.5048607003741573,-0.699292253454126,
220,catalog_quadratic_z_delta,STAM b=354.95 union-style,450,0.0251,0.97242,-0.11017396251983139,0.2969060438933032,0.22985579386128605,-0.003845712727058523,0.006746354929351384,0.6924084560176241,-2.489739423870593,2.4310624886083416
220,catalog_quadratic_z_delta,STAM b=461.3626922 original,450,0.0251,0.97242,-0.12443718620232419,0.30335226208173677,0.2337703506662136,-0.017635929883507706,-0.006393590591979859,0.6924084560176241,-2.489739423870593,2.4310624886083416
220,catalog_quadratic_z_delta,STAM b=1335.412792 DES-style,450,0.0251,0.97242,-0.2381438819253799,0.3707195288310943,0.28483737750943594,-0.12768305230792296,-0.11312634321856052,0.6924084560176241,-2.489739423870593,2.4310624886083416
220,catalog_quadratic_z_delta,LCDM fixed H0=70 Om=0.3,450,0.0251,0.97242,-0.24545983782229486,0.34474950858212333,0.27659359193109834,-0.15164857063233778,-0.15471058784041247,0.6924084560176241,-2.489739423870593,2.4310624886083416
220,raw_no_catalog_correction,STAM b=354.95 union-style,450,0.0251,0.97242,0.1332643136662162,0.2029157808373944,0.16389196120878893,0.18383947061647032,0.15594478919735266,,,
220,raw_no_catalog_correction,STAM b=461.3626922 original,450,0.0251,0.97242,0.11900108998372341,0.1940386514000178,0.15534145907128447,0.17004925346002112,0.14328845654271305,,,
220,raw_no_catalog_correction,STAM b=1335.412792 DES-style,450,0.0251,0.97242,0.005294394260667634,0.15567535467735558,0.12011150487298244,0.06000213103560587,0.033715899882956535,,,
220,raw_no_catalog_correction,LCDM fixed H0=70 Om=0.3,450,0.0251,0.97242,-0.002021561636247281,0.15160095750318936,0.11743027593019338,0.03603661271119105,0.008006229910442642,,,
221,catalog_bin_median_delta,STAM b=354.95 union-style,450,0.02517,0.99268,-0.06742101267760589,0.2718187301635645,0.18680846472112914,0.005868327624263306,0.02314721715487522,,,
221,catalog_bin_median_delta,STAM b=461.3626922 original,450,0.02517,0.99268,-0.08162857910057456,0.27639459077306217,0.18776659319370173,-0.00792379521045485,0.009587125090185111,,,
221,catalog_bin_median_delta,STAM b=1335.412792 DES-style,450,0.02517,0.99268,-0.19490573746703294,0.3329766756771344,0.2319492645062766,-0.11798585950125513,-0.09613691679200898,,,
221,catalog_bin_median_delta,LCDM fixed H0=70 Om=0.3,450,0.02517,0.99268,-0.20498643922294238,0.31341254895266335,0.23196303702355384,-0.14202675521761468,-0.13535066532278606,,,
221,catalog_linear_z_delta,STAM b=354.95 union-style,450,0.02517,0.99268,-0.06907282979166217,0.23523352727544092,0.18970640411881906,0.018459920517402712,0.0006767205003903598,0.4711058167579324,-0.6598771030889283,
221,catalog_linear_z_delta,STAM b=461.3626922 original,450,0.02517,0.99268,-0.08328039621463086,0.24081598713447752,0.19462893454722052,0.004667797682684554,-0.012997267831451609,0.4711058167579324,-0.6598771030889283,
221,catalog_linear_z_delta,STAM b=1335.412792 DES-style,450,0.02517,0.99268,-0.19655755458108923,0.30601182211670863,0.25079722178776054,-0.10539426660811572,-0.12182865307318025,0.4711058167579324,-0.6598771030889283,
221,catalog_linear_z_delta,LCDM fixed H0=70 Om=0.3,450,0.02517,0.99268,-0.20663825633699867,0.28842840416597826,0.24487001865503188,-0.12943516232447527,-0.16297739810460854,0.4711058167579324,-0.6598771030889283,
221,catalog_quadratic_z_delta,STAM b=354.95 union-style,450,0.02517,0.99268,-0.07161261087721842,0.2698828938246576,0.20631690212440706,0.011663090286707261,0.02468399712727276,0.6585285642922167,-2.4491308685798217,2.429442087852475
221,catalog_quadratic_z_delta,STAM b=461.3626922 original,450,0.02517,0.99268,-0.08582017730018712,0.27477548946554325,0.2086290419786544,-0.002129032548010896,0.011336694682519521,0.6585285642922167,-2.4491308685798217,2.429442087852475
221,catalog_quadratic_z_delta,STAM b=1335.412792 DES-style,450,0.02517,0.99268,-0.19909733566664542,0.33349104918011707,0.2519352410377939,-0.11219109683881118,-0.09621775552994549,0.6585285642922167,-2.4491308685798217,2.429442087852475
221,catalog_quadratic_z_delta,LCDM fixed H0=70 Om=0.3,450,0.02517,0.99268,-0.2091780374225549,0.30972130634753087,0.24544530430547298,-0.13623199255517074,-0.13303016266735668,0.6585285642922167,-2.4491308685798217,2.429442087852475
221,raw_no_catalog_correction,STAM b=354.95 union-style,450,0.02517,0.99268,0.14274080335985873,0.2035792004860134,0.16509506559215764,0.1838626387353741,0.16151771664917902,,,
221,raw_no_catalog_correction,STAM b=461.3626922 original,450,0.02517,0.99268,0.1285332369368901,0.19398811659227036,0.15594808070102273,0.17007051590065594,0.14805069298328632,,,
221,raw_no_catalog_correction,STAM b=1335.412792 DES-style,450,0.02517,0.99268,0.015256078570431727,0.14763511369219667,0.11490342727439243,0.06000845160985568,0.0406088777374336,,,
221,raw_no_catalog_correction,LCDM fixed H0=70 Om=0.3,450,0.02517,0.99268,0.005175376814522276,0.14529781483586007,0.11356865413366898,0.03596755589349612,0.008516437869044324,,,
222,catalog_bin_median_delta,STAM b=354.95 union-style,450,0.02512,0.98846,-0.09767123530858743,0.3015990802841645,0.20754801080376234,0.011856731592746854,0.018243713094719283,,,
222,catalog_bin_median_delta,STAM b=461.3626922 original,450,0.02512,0.98846,-0.11180944955448842,0.3072610604526245,0.2103486989263624,-0.0019375230798039272,0.004887395398377237,,,
222,catalog_bin_median_delta,STAM b=1335.412792 DES-style,450,0.02512,0.98846,-0.22454791331014165,0.3690844039110506,0.2623654820647657,-0.11201629069442146,-0.10393970787340834,,,
222,catalog_bin_median_delta,LCDM fixed H0=70 Om=0.3,450,0.02512,0.98846,-0.2354880376251144,0.34779628938933754,0.2608100432141602,-0.13616519100291422,-0.13959707360872642,,,
222,catalog_linear_z_delta,STAM b=354.95 union-style,450,0.02512,0.98846,-0.08497937770185936,0.26699099952480454,0.2138210875185162,0.02298149288024468,0.02123042751950166,0.4996252211281755,-0.6990554530704041,
222,catalog_linear_z_delta,STAM b=461.3626922 original,450,0.02512,0.98846,-0.09911759194776039,0.27289384944167266,0.21761721701308784,0.009187238207693897,0.007700230843667555,0.4996252211281755,-0.6990554530704041,
222,catalog_linear_z_delta,STAM b=1335.412792 DES-style,450,0.02512,0.98846,-0.21185605570341356,0.33792432843172004,0.2698944913070381,-0.10089152940692363,-0.10066903494993085,0.4996252211281755,-0.6990554530704041,
222,catalog_linear_z_delta,LCDM fixed H0=70 Om=0.3,450,0.02512,0.98846,-0.2227961800183863,0.31855833982387366,0.2639773049201308,-0.1250404297154164,-0.1437043426124589,0.4996252211281755,-0.6990554530704041,
222,catalog_quadratic_z_delta,STAM b=354.95 union-style,450,0.02512,0.98846,-0.09679101128622083,0.3018429909292421,0.23217797286622238,0.018913661550641826,0.034824015728005975,0.6996101460351565,-2.608235553344916,2.592277617828446
222,catalog_quadratic_z_delta,STAM b=461.3626922 original,450,0.02512,0.98846,-0.11092922553212187,0.3075048530151888,0.2348593439686501,0.005119406878091044,0.021374584380208006,0.6996101460351565,-2.608235553344916,2.592277617828446
222,catalog_quadratic_z_delta,STAM b=1335.412792 DES-style,450,0.02512,0.98846,-0.22366768928777506,0.369305900369189,0.27709415144884564,-0.10495936073652648,-0.08249660229015987,0.6996101460351565,-2.608235553344916,2.592277617828446
222,catalog_quadratic_z_delta,LCDM fixed H0=70 Om=0.3,450,0.02512,0.98846,-0.23460781360274782,0.34515827628376256,0.2705381551285089,-0.12910826104501924,-0.12281782616818049,0.6996101460351565,-2.608235553344916,2.592277617828446
222,raw_no_catalog_correction,STAM b=354.95 union-style,450,0.02512,0.98846,0.13075610728813314,0.20507156728170345,0.16555065005045871,0.199219420481636,0.1632647582863811,,,
222,raw_no_catalog_correction,STAM b=461.3626922 original,450,0.02512,0.98846,0.11661789304223212,0.19657045336135076,0.1569883334389589,0.1854251658090852,0.14960621939985685,,,
222,raw_no_catalog_correction,STAM b=1335.412792 DES-style,450,0.02512,0.98846,0.003879429286578886,0.16074598942865892,0.12508684898866634,0.07534639819446767,0.03974753831739619,,,
222,raw_no_catalog_correction,LCDM fixed H0=70 Om=0.3,450,0.02512,0.98846,-0.007060695028393841,0.15497910549303365,0.11984727408029869,0.0511974978859749,0.012887528982460594,,,
223,catalog_bin_median_delta,STAM b=354.95 union-style,450,0.02517,0.98846,-0.10717083695770531,0.28213519968925155,0.20215012053883807,-0.011916670270042179,-0.008480574114106076,,,
223,catalog_bin_median_delta,STAM b=461.3626922 original,450,0.02517,0.98846,-0.12138730583009934,0.28855551359724885,0.20597006234197487,-0.02571322821446976,-0.022112582977474204,,,
223,catalog_bin_median_delta,STAM b=1335.412792 DES-style,450,0.02517,0.98846,-0.23473235159675968,0.3563321491381116,0.2652193040343361,-0.13580981462275454,-0.12978210107899812,,,
223,catalog_bin_median_delta,LCDM fixed H0=70 Om=0.3,450,0.02517,0.98846,-0.2437550935169951,0.3380777699029574,0.2651796690924457,-0.1598566252152245,-0.1627064735877184,,,
223,catalog_linear_z_delta,STAM b=354.95 union-style,450,0.02517,0.98846,-0.10493318256103439,0.251630611889653,0.20630800339325917,-0.004814998680130947,-0.03314952972821317,0.47808024643177177,-0.642010919814256,
223,catalog_linear_z_delta,STAM b=461.3626922 original,450,0.02517,0.98846,-0.11914965143342841,0.2588423002524799,0.21233847907358994,-0.018611556624558528,-0.04663034540736888,0.47808024643177177,-0.642010919814256,
223,catalog_linear_z_delta,STAM b=1335.412792 DES-style,450,0.02517,0.98846,-0.23249469720008867,0.3329175115048182,0.27667683304067103,-0.12870814303284334,-0.15458527329294114,0.47808024643177177,-0.642010919814256,
223,catalog_linear_z_delta,LCDM fixed H0=70 Om=0.3,450,0.02517,0.98846,-0.24151743912032417,0.31720619309948783,0.2730527015394308,-0.1527549536253133,-0.19332187072504325,0.47808024643177177,-0.642010919814256,
223,catalog_quadratic_z_delta,STAM b=354.95 union-style,450,0.02517,0.98846,-0.11136845782863654,0.2783871500418125,0.21490608023699062,-0.009492122142518298,-0.007127430434312743,0.64241794379025,-2.210880481695866,2.130205238349828
223,catalog_quadratic_z_delta,STAM b=461.3626922 original,450,0.02517,0.98846,-0.12558492670103055,0.2851371448033197,0.21950748328836928,-0.023288680086945877,-0.0204064492500855,0.64241794379025,-2.210880481695866,2.130205238349828
223,catalog_quadratic_z_delta,STAM b=1335.412792 DES-style,450,0.02517,0.98846,-0.23892997246769082,0.35513313059845525,0.275674880333181,-0.13338526649523066,-0.1276504347098566,0.64241794379025,-2.210880481695866,2.130205238349828
223,catalog_quadratic_z_delta,LCDM fixed H0=70 Om=0.3,450,0.02517,0.98846,-0.24795271438792632,0.3340242074144139,0.27194121908586577,-0.15743207708770063,-0.17019150969535346,0.64241794379025,-2.210880481695866,2.130205238349828
223,raw_no_catalog_correction,STAM b=354.95 union-style,450,0.02517,0.98846,0.12133598027030991,0.1953067866969213,0.15731280450067295,0.17644188528551139,0.141419081743539,,,
223,raw_no_catalog_correction,STAM b=461.3626922 original,450,0.02517,0.98846,0.10711951139791594,0.18691705450032223,0.14866696262448817,0.1626453273410838,0.12746294570559868,,,
223,raw_no_catalog_correction,STAM b=1335.412792 DES-style,450,0.02517,0.98846,-0.006225534368744403,0.15478983544635383,0.11946659299803551,0.05254874093279903,0.01888764601063997,,,
223,raw_no_catalog_correction,LCDM fixed H0=70 Om=0.3,450,0.02517,0.98846,-0.015248276288979862,0.15427439909014998,0.1182059329307906,0.028501930340329062,-0.0026827660236499185,,,
224,catalog_bin_median_delta,STAM b=354.95 union-style,450,0.02509,0.98024,-0.07094675450218946,0.2942204997383837,0.20641239246805052,0.016712564024278845,0.03396119652767382,,,
224,catalog_bin_median_delta,STAM b=461.3626922 original,450,0.02509,0.98024,-0.08523515253973761,0.2987022839501326,0.2074018843028791,0.0029228284215378625,0.019443286512732527,,,
224,catalog_bin_median_delta,STAM b=1335.412792 DES-style,450,0.02509,0.98024,-0.19913825770641222,0.35360782681441016,0.24386987210671804,-0.10712095921258073,-0.09245993294689825,,,
224,catalog_bin_median_delta,LCDM fixed H0=70 Om=0.3,450,0.02509,0.98024,-0.20680555918639923,0.33244114749234616,0.2446184451494249,-0.13140483161391736,-0.12990483517859275,,,
224,catalog_linear_z_delta,STAM b=354.95 union-style,450,0.02509,0.98024,-0.07981112126971258,0.2457352668503209,0.200825176354687,0.025437979907343332,-0.000279612536864704,0.4658674866946139,-0.6437816048129301,
224,catalog_linear_z_delta,STAM b=461.3626922 original,450,0.02509,0.98024,-0.09409951930726075,0.2517726479558837,0.2063136338420948,0.011648244304602349,-0.013911703225431893,0.4658674866946139,-0.6437816048129301,
224,catalog_linear_z_delta,STAM b=1335.412792 DES-style,450,0.02509,0.98024,-0.20800262447393533,0.31929732773097025,0.2661151033684242,-0.09839554332951625,-0.1243801090825869,0.4658674866946139,-0.6437816048129301,
224,catalog_linear_z_delta,LCDM fixed H0=70 Om=0.3,450,0.02509,0.98024,-0.21566992595392237,0.29940192604107246,0.2587979147567347,-0.12267941573085288,-0.16335060119217104,0.4658674866946139,-0.6437816048129301,
224,catalog_quadratic_z_delta,STAM b=354.95 union-style,450,0.02509,0.98024,-0.07916106075933546,0.27169581158460926,0.2090413698961115,0.020860746621040295,0.025712099170753788,0.6483863784269942,-2.386220122024657,2.365876518386443
224,catalog_quadratic_z_delta,STAM b=461.3626922 original,450,0.02509,0.98024,-0.09344945879688364,0.27707904770110453,0.21211863251486482,0.007071011018299313,0.011498130282980412,0.6483863784269942,-2.386220122024657,2.365876518386443
224,catalog_quadratic_z_delta,STAM b=1335.412792 DES-style,450,0.02509,0.98024,-0.20735256396355825,0.3390266098777218,0.25999294999526806,-0.10297277661581929,-0.10051850207293,0.6483863784269942,-2.386220122024657,2.365876518386443
224,catalog_quadratic_z_delta,LCDM fixed H0=70 Om=0.3,450,0.02509,0.98024,-0.21501986544354532,0.31243892696877246,0.2510563480076223,-0.12725664901715592,-0.1370243627734382,0.6483863784269942,-2.386220122024657,2.365876518386443
224,raw_no_catalog_correction,STAM b=354.95 union-style,450,0.02509,0.98024,0.1421186910339695,0.20451633329737756,0.16291030433181872,0.19295236402427854,0.1632647582863811,,,
224,raw_no_catalog_correction,STAM b=461.3626922 original,450,0.02509,0.98024,0.12783029299642135,0.1950648465157492,0.15315885018567332,0.17916262842153755,0.14994142924683374,,,
224,raw_no_catalog_correction,STAM b=1335.412792 DES-style,450,0.02509,0.98024,0.013927187829746744,0.15054016898466016,0.11391777150892617,0.06911884078741895,0.03740077738432035,,,
224,raw_no_catalog_correction,LCDM fixed H0=70 Om=0.3,450,0.02509,0.98024,0.006259886349759696,0.14523064105847722,0.11053482938997007,0.04483496838608232,0.01616249396085223,,,
225,catalog_bin_median_delta,STAM b=354.95 union-style,450,0.02509,0.98024,-0.08551980782841931,0.2856356384745034,0.18901651465551886,0.014569403155822521,0.01784326526697555,,,
225,catalog_bin_median_delta,STAM b=461.3626922 original,450,0.02509,0.98024,-0.09969367612442451,0.29093059112202957,0.1912258174952705,0.0007791059489416183,0.004664960023944786,,,
225,catalog_bin_median_delta,STAM b=1335.412792 DES-style,450,0.02509,0.98024,-0.21270894009497182,0.35127002294850534,0.24344846222522695,-0.10926882295969209,-0.10360586778652348,,,
225,catalog_bin_median_delta,LCDM fixed H0=70 Om=0.3,450,0.02509,0.98024,-0.22310081306797228,0.3326012569036117,0.24524686326602066,-0.1333785333776421,-0.14441497707868578,,,
225,catalog_linear_z_delta,STAM b=354.95 union-style,450,0.02509,0.98024,-0.08781570290584245,0.2558985455454416,0.20571554383340615,0.026994813357588816,0.006928401003065687,0.4863959312418608,-0.6806833557051876,
225,catalog_linear_z_delta,STAM b=461.3626922 original,450,0.02509,0.98024,-0.10198957120184765,0.2621702960682338,0.2102964787951864,0.013204516150707914,-0.0065096528398065345,0.4863959312418608,-0.6806833557051876,
225,catalog_linear_z_delta,STAM b=1335.412792 DES-style,450,0.02509,0.98024,-0.21500483517239496,0.3301888093490093,0.2667784879191767,-0.0968434127579258,-0.11315465532423374,0.4863959312418608,-0.6806833557051876,
225,catalog_linear_z_delta,LCDM fixed H0=70 Om=0.3,450,0.02509,0.98024,-0.22539670814539542,0.31150759461887856,0.2620274020221814,-0.1209531231758758,-0.156537893691727,0.4863959312418608,-0.6806833557051876,
225,catalog_quadratic_z_delta,STAM b=354.95 union-style,450,0.02509,0.98024,-0.09459985395719275,0.27957650721583066,0.2086933212460029,0.02136723556155674,0.025654921277492804,0.669847191507672,-2.432022841082273,2.377962219755709
225,catalog_quadratic_z_delta,STAM b=461.3626922 original,450,0.02509,0.98024,-0.10877372225319792,0.28556513670168454,0.2121492293425285,0.007576938354675838,0.011273252445295867,0.669847191507672,-2.432022841082273,2.377962219755709
225,catalog_quadratic_z_delta,STAM b=1335.412792 DES-style,450,0.02509,0.98024,-0.22178898622374524,0.3506029163295988,0.26355019706443067,-0.10247099055395786,-0.09915914367742928,0.669847191507672,-2.432022841082273,2.377962219755709
225,catalog_quadratic_z_delta,LCDM fixed H0=70 Om=0.3,450,0.02509,0.98024,-0.2321808591967457,0.3269705628228219,0.25946629799272874,-0.12658070097190788,-0.13171419584700672,0.669847191507672,-2.432022841082273,2.377962219755709
225,raw_no_catalog_correction,STAM b=354.95 union-style,450,0.02509,0.98024,0.12669919831053392,0.19286378182407132,0.15618371105816364,0.19788795871137785,0.1632503101310796,,,
225,raw_no_catalog_correction,STAM b=461.3626922 original,450,0.02509,0.98024,0.11252533001452873,0.1840813088918174,0.1481941168722826,0.18409766150449694,0.14901562725490436,,,
225,raw_no_catalog_correction,STAM b=1335.412792 DES-style,450,0.02509,0.98024,-0.0004899339560185956,0.14827111076035476,0.11389237170267166,0.07404973259586323,0.039170542157517474,,,
225,raw_no_catalog_correction,LCDM fixed H0=70 Om=0.3,450,0.02509,0.98024,-0.010881806929019045,0.1432552630647045,0.11035739354799227,0.049940022177913226,0.010371231991804564,,,
226,catalog_bin_median_delta,STAM b=354.95 union-style,450,0.0251,0.98846,-0.10637715271840537,0.31709856258633073,0.21745262380368016,-0.026358371710454378,-0.01795690819681539,,,
226,catalog_bin_median_delta,STAM b=461.3626922 original,450,0.0251,0.98846,-0.1205671555881073,0.32280688167698474,0.2213938070792841,-0.04015794671532944,-0.031384668379683234,,,
226,catalog_bin_median_delta,STAM b=1335.412792 DES-style,450,0.0251,0.98846,-0.23370723717890082,0.38440429181162394,0.2761339342509611,-0.1502780969847234,-0.13874696150541865,,,
226,catalog_bin_median_delta,LCDM fixed H0=70 Om=0.3,450,0.0251,0.98846,-0.24353206257043533,0.3660603323202402,0.2768311029866034,-0.17439822793912801,-0.1671753771805271,,,
226,catalog_linear_z_delta,STAM b=354.95 union-style,450,0.0251,0.98846,-0.09860426228316911,0.2527897219490334,0.2045787388123977,-0.013989403341218478,-0.030363087111584974,0.4741507331789816,-0.6440390849320464,
226,catalog_linear_z_delta,STAM b=461.3626922 original,450,0.0251,0.98846,-0.11279426515287105,0.25964576220981145,0.20959741376335358,-0.027788978346093545,-0.044009014924313306,0.4741507331789816,-0.6440390849320464,
226,catalog_linear_z_delta,STAM b=1335.412792 DES-style,450,0.0251,0.98846,-0.22593434674366458,0.3314433417145708,0.2741386491117398,-0.13790912861548751,-0.14950322034550112,0.4741507331789816,-0.6440390849320464,
226,catalog_linear_z_delta,LCDM fixed H0=70 Om=0.3,450,0.0251,0.98846,-0.2357591721351991,0.3145733112298274,0.2707689597459024,-0.1620292595698921,-0.1871395447355937,0.4741507331789816,-0.6440390849320464,
226,catalog_quadratic_z_delta,STAM b=354.95 union-style,450,0.0251,0.98846,-0.10531320009237784,0.28595962512615664,0.21782295250212164,-0.017445393132633928,-0.0009380034729034037,0.6684390891628402,-2.4988362059248646,2.5184366114391095
226,catalog_quadratic_z_delta,STAM b=461.3626922 original,450,0.0251,0.98846,-0.11950320296207977,0.2922802582532898,0.22189340560040943,-0.031244968137508995,-0.014461162368391456,0.6684390891628402,-2.4988362059248646,2.5184366114391095
226,catalog_quadratic_z_delta,STAM b=1335.412792 DES-style,450,0.0251,0.98846,-0.2326432845528733,0.3591630243504746,0.2765998805629262,-0.14136511840690297,-0.1228078434769948,0.6684390891628402,-2.4988362059248646,2.5184366114391095
226,catalog_quadratic_z_delta,LCDM fixed H0=70 Om=0.3,450,0.0251,0.98846,-0.2424681099444078,0.33669319305420414,0.2721741537991174,-0.16548524936130757,-0.1610493112160718,0.6684390891628402,-2.4988362059248646,2.5184366114391095
226,raw_no_catalog_correction,STAM b=354.95 union-style,450,0.0251,0.98846,0.12006680798459848,0.19426221644538602,0.15463395566719576,0.16288260606732302,0.1326746052983374,,,
226,raw_no_catalog_correction,STAM b=461.3626922 original,450,0.0251,0.98846,0.10587680511489655,0.18598716580735236,0.14650597216273906,0.1490830310624479,0.11908444650324768,,,
226,raw_no_catalog_correction,STAM b=1335.412792 DES-style,450,0.0251,0.98846,-0.0072632764758969945,0.15503122839475175,0.11977599183548265,0.038962880793053975,0.006673852921803558,,,
226,raw_no_catalog_correction,LCDM fixed H0=70 Om=0.3,450,0.0251,0.98846,-0.017088101867431482,0.15253729198887128,0.11892387752616405,0.01484274983864937,-0.013074579004150877,,,
227,catalog_bin_median_delta,STAM b=354.95 union-style,450,0.0251,0.98024,-0.07992130696244708,0.2885247081430905,0.19588695481743246,0.005606910384862702,0.01214569794341358,,,
227,catalog_bin_median_delta,STAM b=461.3626922 original,450,0.0251,0.98024,-0.09418340599402217,0.2934429243433284,0.19740778624837138,-0.00818368944445505,-0.002256589163646794,,,
227,catalog_bin_median_delta,STAM b=1335.412792 DES-style,450,0.0251,0.98024,-0.20788257022921486,0.35145178795885756,0.24271836608814304,-0.11823421771431082,-0.11442523721067488,,,
227,catalog_bin_median_delta,LCDM fixed H0=70 Om=0.3,450,0.0251,0.98024,-0.2161469148784483,0.3331887368882003,0.24548370266104905,-0.14253371369179446,-0.1428956435316735,,,
227,catalog_linear_z_delta,STAM b=354.95 union-style,450,0.0251,0.98024,-0.08619170930336081,0.23493115349904178,0.1886815649317897,0.01572529987511244,-0.011224784514361374,0.4590991077477808,-0.6297846113026524,
227,catalog_linear_z_delta,STAM b=461.3626922 original,450,0.0251,0.98024,-0.10045380833493589,0.24152139815302823,0.19429318684646096,0.0019347000457946863,-0.024882966232148362,0.4590991077477808,-0.6297846113026524,
227,catalog_linear_z_delta,STAM b=1335.412792 DES-style,450,0.0251,0.98024,-0.21415297257012852,0.3129526267181001,0.2596121599254428,-0.10811582822406109,-0.1304470981526542,0.4590991077477808,-0.6297846113026524,
227,catalog_linear_z_delta,LCDM fixed H0=70 Om=0.3,450,0.0251,0.98024,-0.222417317219362,0.29490135987379584,0.25485676329035606,-0.1324153242015447,-0.1730189316149442,0.4590991077477808,-0.6297846113026524,
227,catalog_quadratic_z_delta,STAM b=354.95 union-style,450,0.0251,0.98024,-0.08616762752485399,0.26681711721817125,0.20399687703711372,0.011822654546040165,0.020996064437753148,0.6390476052299991,-2.3476845511463518,2.332558129578943
227,catalog_quadratic_z_delta,STAM b=461.3626922 original,450,0.0251,0.98024,-0.10042972655642905,0.27260638557159006,0.20649528074187207,-0.001967945283277588,0.00726818817214081,0.6390476052299991,-2.3476845511463518,2.332558129578943
227,catalog_quadratic_z_delta,STAM b=1335.412792 DES-style,450,0.0251,0.98024,-0.21412889079162173,0.3373145731623637,0.2548338436754019,-0.11201847355313337,-0.1027897808981244,0.6390476052299991,-2.3476845511463518,2.332558129578943
227,catalog_quadratic_z_delta,LCDM fixed H0=70 Om=0.3,450,0.0251,0.98024,-0.22239323544085524,0.31241375260149595,0.24905009299725256,-0.13631796953061698,-0.14298211080127032,0.6390476052299991,-2.3476845511463518,2.332558129578943
227,raw_no_catalog_correction,STAM b=354.95 union-style,450,0.0251,0.98024,0.1313462958648386,0.19375394431528117,0.15616907081437933,0.18309373260708525,0.1460741771416032,,,
227,raw_no_catalog_correction,STAM b=461.3626922 original,450,0.0251,0.98024,0.11708419683326353,0.18451030286625605,0.14665197035704242,0.16930313277776748,0.13232458147675175,,,
227,raw_no_catalog_correction,STAM b=1335.412792 DES-style,450,0.0251,0.98024,0.003385032598070841,0.14437512580343956,0.11081352373563981,0.05925260450791171,0.020908817019588355,,,
227,raw_no_catalog_correction,LCDM fixed H0=70 Om=0.3,450,0.0251,0.98024,-0.004879312051162636,0.14302293041200365,0.10762607948818954,0.034953108530428094,0.004423637044578044,,,
228,catalog_bin_median_delta,STAM b=354.95 union-style,450,0.02509,0.98024,-0.09105536119220153,0.2787648109006087,0.19649681577215436,-0.003956484722635152,0.0015426638999507247,,,
228,catalog_bin_median_delta,STAM b=461.3626922 original,450,0.02509,0.98024,-0.10522933020299903,0.28438681460497606,0.19954683008594737,-0.017750339049065453,-0.01203798503741993,,,
228,catalog_bin_median_delta,STAM b=1335.412792 DES-style,450,0.02509,0.98024,-0.21824637813610892,0.34718060914515025,0.2574326962799484,-0.12782608764078596,-0.122628983832481,,,
228,catalog_bin_median_delta,LCDM fixed H0=70 Om=0.3,450,0.02509,0.98024,-0.22939030146086745,0.3308971434952084,0.25965888234332996,-0.15203132759768498,-0.1597404784538483,,,
228,catalog_linear_z_delta,STAM b=354.95 union-style,450,0.02509,0.98024,-0.08786852538167465,0.23529229726175674,0.19074144714005326,0.0032750837210880944,-0.017249834870867176,0.43336802146571085,-0.5651151517519548,
228,catalog_linear_z_delta,STAM b=461.3626922 original,450,0.02509,0.98024,-0.10204249439247215,0.24188543014195474,0.19634357588041168,-0.010518770605342209,-0.030661912931485347,0.43336802146571085,-0.5651151517519548,
228,catalog_linear_z_delta,STAM b=1335.412792 DES-style,450,0.02509,0.98024,-0.21505954232558203,0.3130466685652651,0.2595638283442048,-0.12059451919706272,-0.13765863717364724,0.43336802146571085,-0.5651151517519548,
228,catalog_linear_z_delta,LCDM fixed H0=70 Om=0.3,450,0.02509,0.98024,-0.22620346565034047,0.29919763090472634,0.2578908349667384,-0.14479975915396173,-0.17442730963183095,0.43336802146571085,-0.5651151517519548,
228,catalog_quadratic_z_delta,STAM b=354.95 union-style,450,0.02509,0.98024,-0.09005037029118658,0.2610085705584647,0.20218483425961556,-0.0007813714426455299,-0.0036283054384469438,0.5962648093409406,-2.120228898224007,2.1115276435037225
228,catalog_quadratic_z_delta,STAM b=461.3626922 original,450,0.02509,0.98024,-0.10422433930198409,0.2669840410521665,0.20622188808783773,-0.014575225769075833,-0.01749213868287569,0.5962648093409406,-2.120228898224007,2.1115276435037225
228,catalog_quadratic_z_delta,STAM b=1335.412792 DES-style,450,0.02509,0.98024,-0.21724138723509398,0.33293528115551846,0.2612499054569826,-0.12465097436079635,-0.128118027164831,0.5962648093409406,-2.120228898224007,2.1115276435037225
228,catalog_quadratic_z_delta,LCDM fixed H0=70 Om=0.3,450,0.02509,0.98024,-0.22838531055985242,0.3136382637398749,0.25937801590528003,-0.14885621431769536,-0.16873587430677617,0.5962648093409406,-2.120228898224007,2.1115276435037225
228,raw_no_catalog_correction,STAM b=354.95 union-style,450,0.02509,0.98024,0.12021969032594891,0.1933378005468589,0.1501131765369733,0.17516173749958605,0.14068151375151672,,,
228,raw_no_catalog_correction,STAM b=461.3626922 original,450,0.02509,0.98024,0.1060457213151514,0.18504463173476823,0.14234397101468582,0.16136788317315576,0.12586552876321377,,,
228,raw_no_catalog_correction,STAM b=1335.412792 DES-style,450,0.02509,0.98024,-0.006971326617958512,0.15399267063823738,0.12075433486141705,0.051292134581435264,0.011053797816707345,,,
228,raw_no_catalog_correction,LCDM fixed H0=70 Om=0.3,450,0.02509,0.98024,-0.018115249942716988,0.15032105399838594,0.11676952342122518,0.027086894624536263,-0.00723605755547041,,,
229,catalog_bin_median_delta,STAM b=354.95 union-style,450,0.0251,0.97242,-0.09994392447142905,0.2960530756992439,0.2031277518589636,-0.02135657479876716,-0.0015316974249905968,,,
229,catalog_bin_median_delta,STAM b=461.3626922 original,450,0.0251,0.97242,-0.11416635721932797,0.30193158150109045,0.20690770901876043,-0.03515255311337032,-0.01579449719734427,,,
229,catalog_bin_median_delta,STAM b=1335.412792 DES-style,450,0.0251,0.97242,-0.22755802186659768,0.365624138334771,0.26564213207885856,-0.1452446409875133,-0.1294572473436162,,,
229,catalog_bin_median_delta,LCDM fixed H0=70 Om=0.3,450,0.0251,0.97242,-0.23674614249158915,0.34418537209018685,0.2640732529820416,-0.16930793397325103,-0.1592972919026998,,,
229,catalog_linear_z_delta,STAM b=354.95 union-style,450,0.0251,0.97242,-0.09603700539344077,0.26142529974319517,0.20932407669000455,-0.011494511796556297,-0.011318639484269255,0.48664397960129346,-0.6678526414920681,
229,catalog_linear_z_delta,STAM b=461.3626922 original,450,0.0251,0.97242,-0.11025943814133966,0.26798675477655026,0.21459705751118782,-0.02529049011115946,-0.025414738715589635,0.48664397960129346,-0.6678526414920681,
229,catalog_linear_z_delta,STAM b=1335.412792 DES-style,450,0.0251,0.97242,-0.2236511027886094,0.3376316576643409,0.2777684411539455,-0.13538257798530245,-0.1316468500616601,0.48664397960129346,-0.6678526414920681,
229,catalog_linear_z_delta,LCDM fixed H0=70 Om=0.3,450,0.0251,0.97242,-0.2328392234136009,0.31920258757031733,0.27315377016077025,-0.15944587097104018,-0.17923185292332278,0.48664397960129346,-0.6678526414920681,
229,catalog_quadratic_z_delta,STAM b=354.95 union-style,450,0.0251,0.97242,-0.09979626572608152,0.2907465914068685,0.22164974185743008,-0.016187065651767828,0.005105779506635599,0.6675940248338066,-2.3953139772021137,2.3455405572168395
229,catalog_quadratic_z_delta,STAM b=461.3626922 original,450,0.0251,0.97242,-0.11401869847398043,0.2967645182222299,0.22470310091234813,-0.029983043966370988,-0.009500139710297617,0.6675940248338066,-2.3953139772021137,2.3455405572168395
229,catalog_quadratic_z_delta,STAM b=1335.412792 DES-style,450,0.0251,0.97242,-0.22741036312125015,0.36158378419801346,0.27455252309450556,-0.14007513184051398,-0.11785438528949044,0.6675940248338066,-2.3953139772021137,2.3455405572168395
229,catalog_quadratic_z_delta,LCDM fixed H0=70 Om=0.3,450,0.0251,0.97242,-0.23659848374624165,0.3372993011306075,0.26911919670609225,-0.1641384248262517,-0.15713757567611353,0.6675940248338066,-2.3953139772021137,2.3455405572168395
229,raw_no_catalog_correction,STAM b=354.95 union-style,450,0.0251,0.97242,0.12963494026268352,0.20397989896705046,0.16321771587577613,0.16633249186789928,0.14698040435573034,,,
229,raw_no_catalog_correction,STAM b=461.3626922 original,450,0.0251,0.97242,0.11541250751478459,0.19544195937577732,0.15492367808489446,0.15253651355329614,0.1331685377420868,,,
229,raw_no_catalog_correction,STAM b=1335.412792 DES-style,450,0.0251,0.97242,0.0020208428675148682,0.15999822483213313,0.12212088322375214,0.042444425679153144,0.022692004099621244,,,
229,raw_no_catalog_correction,LCDM fixed H0=70 Om=0.3,450,0.0251,0.97242,-0.007167277757476612,0.1553540875705546,0.11967078674921411,0.018381132693415417,-0.004607825752778183,,,
230,catalog_bin_median_delta,STAM b=354.95 union-style,450,0.02512,0.98536,-0.10817841788244333,0.2944398795354008,0.19788091854507758,-0.010164200035917316,-0.00813469944466405,,,
230,catalog_bin_median_delta,STAM b=461.3626922 original,450,0.02512,0.98536,-0.12242702177929282,0.3006905678208619,0.20143740565607182,-0.0239600762411237,-0.021978840014263312,,,
230,catalog_bin_median_delta,STAM b=1335.412792 DES-style,450,0.02512,0.98536,-0.23602056340174898,0.3669163529857673,0.2619724801264264,-0.13405163349057425,-0.13236830715061032,,,
230,catalog_bin_median_delta,LCDM fixed H0=70 Om=0.3,450,0.02512,0.98536,-0.24381210052382507,0.3468470069995636,0.2622014709544912,-0.1583115685601742,-0.1664146714389716,,,
230,catalog_linear_z_delta,STAM b=354.95 union-style,450,0.02512,0.98536,-0.10365321637593124,0.24716212899824858,0.20100238244688484,0.00023125215752593754,-0.009246639550219982,0.4765427585846085,-0.649583985945107,
230,catalog_linear_z_delta,STAM b=461.3626922 original,450,0.02512,0.98536,-0.11790182027278076,0.2544789219558354,0.20674346889955159,-0.013564624047680445,-0.022208421036200576,0.4765427585846085,-0.649583985945107,
230,catalog_linear_z_delta,STAM b=1335.412792 DES-style,450,0.02512,0.98536,-0.23149536189523692,0.3294938171578281,0.27371261782656264,-0.12365618129713099,-0.13029873209126208,0.4765427585846085,-0.649583985945107,
230,catalog_linear_z_delta,LCDM fixed H0=70 Om=0.3,450,0.02512,0.98536,-0.23928689901731306,0.3117304513557264,0.26970995064136793,-0.14791611636673094,-0.17225138999589618,0.4765427585846085,-0.649583985945107,
230,catalog_quadratic_z_delta,STAM b=354.95 union-style,450,0.02512,0.98536,-0.1114619038841659,0.2783550099431915,0.21174107395637945,-0.0034728462437722857,0.00043700292647841366,0.6583930060530928,-2.3856392103992095,2.357209307293443
230,catalog_quadratic_z_delta,STAM b=461.3626922 original,450,0.02512,0.98536,-0.12571050778101542,0.2851562664478817,0.21606448038744602,-0.01726872244897867,-0.014106714915403273,0.6583930060530928,-2.3856392103992095,2.357209307293443
230,catalog_quadratic_z_delta,STAM b=1335.412792 DES-style,450,0.02512,0.98536,-0.23930404940347158,0.35555425656329553,0.27382812403904777,-0.1273602796984292,-0.12245495279722363,0.6583930060530928,-2.3856392103992095,2.357209307293443
230,catalog_quadratic_z_delta,LCDM fixed H0=70 Om=0.3,450,0.02512,0.98536,-0.24709558652554767,0.33224831097246965,0.2702481838316618,-0.15162021476802917,-0.15958612921087223,0.6583930060530928,-2.3856392103992095,2.357209307293443
230,raw_no_catalog_correction,STAM b=354.95 union-style,450,0.02512,0.98536,0.1215343518466362,0.1855840859143018,0.14949037167503504,0.17651586663074795,0.14232114879461477,,,
230,raw_no_catalog_correction,STAM b=461.3626922 original,450,0.02512,0.98536,0.10728574794978665,0.17671974158316922,0.14108136924862144,0.16271999042554158,0.12717568296420367,,,
230,raw_no_catalog_correction,STAM b=1335.412792 DES-style,450,0.02512,0.98536,-0.006307793672669461,0.14240289898089362,0.11000682329089363,0.05262843317609105,0.01469265589249602,,,
230,raw_no_catalog_correction,LCDM fixed H0=70 Om=0.3,450,0.02512,0.98536,-0.014099330794745572,0.14123848277663487,0.10980156301912664,0.028368498106491082,-0.007181824933450542,,,
231,catalog_bin_median_delta,STAM b=354.95 union-style,450,0.02534,0.98158,-0.09135856832092375,0.31790378561693927,0.21201649297773775,0.011287182344777623,0.03369097131119858,,,
231,catalog_bin_median_delta,STAM b=461.3626922 original,450,0.02534,0.98158,-0.10562347783650812,0.3230403441565521,0.2128717461346693,-0.002509365950154761,0.02018179872285586,,,
231,catalog_bin_median_delta,STAM b=1335.412792 DES-style,450,0.02534,0.98158,-0.21934348543377846,0.38102087786259176,0.25568913027264784,-0.11260588642515895,-0.09009875998445693,,,
231,catalog_bin_median_delta,LCDM fixed H0=70 Om=0.3,450,0.02534,0.98158,-0.22681747209493155,0.3584580454851774,0.2582677942392657,-0.13665906517702173,-0.12662010869402707,,,
231,catalog_linear_z_delta,STAM b=354.95 union-style,450,0.02534,0.98158,-0.09028349125600511,0.2562468063107851,0.20716050351834733,0.020023023827845477,0.010190010570838126,0.47841394795080006,-0.6710421013753182,
231,catalog_linear_z_delta,STAM b=461.3626922 original,450,0.02534,0.98158,-0.1045484007715895,0.2626868105598834,0.21215798955726156,0.0062264755329130925,-0.0037913388034382933,0.47841394795080006,-0.6710421013753182,
231,catalog_linear_z_delta,STAM b=1335.412792 DES-style,450,0.02534,0.98158,-0.21826840836885972,0.33198073677176015,0.2736178342535014,-0.1038700449420911,-0.11518758224102044,0.47841394795080006,-0.6710421013753182,
231,catalog_linear_z_delta,LCDM fixed H0=70 Om=0.3,450,0.02534,0.98158,-0.22574239503001292,0.3106453013351122,0.2665586951297268,-0.12792322369395387,-0.15532224305538023,0.47841394795080006,-0.6710421013753182,
231,catalog_quadratic_z_delta,STAM b=354.95 union-style,450,0.02534,0.98158,-0.09579456994670017,0.2915805683238197,0.22027103318353244,0.014595181638006285,0.025759667543226783,0.6682982165737186,-2.483795073523977,2.461349222987024
231,catalog_quadratic_z_delta,STAM b=461.3626922 original,450,0.02534,0.98158,-0.11005947946228459,0.2974514028845514,0.2223927985811907,0.0007986333430739023,0.012130374423115597,0.6682982165737186,-2.483795073523977,2.461349222987024
231,catalog_quadratic_z_delta,STAM b=1335.412792 DES-style,450,0.02534,0.98158,-0.2237794870595548,0.3614007621493139,0.2709525028925788,-0.1092978871319303,-0.09638675775909533,0.6682982165737186,-2.483795073523977,2.461349222987024
231,catalog_quadratic_z_delta,LCDM fixed H0=70 Om=0.3,450,0.02534,0.98158,-0.23125347372070795,0.33351793637969906,0.26230478353238934,-0.13335106588379306,-0.1361331602523279,0.6682982165737186,-2.483795073523977,2.461349222987024
231,raw_no_catalog_correction,STAM b=354.95 union-style,450,0.02534,0.98158,0.13053388312067005,0.19492220616716058,0.15610149118804523,0.18819204901144398,0.15319986781104333,,,
231,raw_no_catalog_correction,STAM b=461.3626922 original,450,0.02534,0.98158,0.11626897360508565,0.1859081743853911,0.14685559654909533,0.17439550071651158,0.1392198844293837,,,
231,raw_no_catalog_correction,STAM b=1335.412792 DES-style,450,0.02534,0.98158,0.002548966007815408,0.14788546250397624,0.11202432496623262,0.06429898024150739,0.028645439079230783,,,
231,raw_no_catalog_correction,LCDM fixed H0=70 Om=0.3,450,0.02534,0.98158,-0.004925020653337773,0.14193020438478027,0.10748418733058424,0.04024580148964462,0.007190501756618062,,,
232,catalog_bin_median_delta,STAM b=354.95 union-style,450,0.02512,0.98846,-0.09577502531447542,0.2709980080199332,0.18662230014517378,-0.011908958155673225,-0.006972336100048437,,,
232,catalog_bin_median_delta,STAM b=461.3626922 original,450,0.02512,0.98846,-0.11000035350972621,0.2770245849460368,0.19071299556677979,-0.02570251674328309,-0.02038996343781818,,,
232,catalog_bin_median_delta,STAM b=1335.412792 DES-style,450,0.02512,0.98846,-0.22341397370368535,0.3429240552023539,0.25400297165716174,-0.13577564689016566,-0.13312935946483861,,,
232,catalog_bin_median_delta,LCDM fixed H0=70 Om=0.3,450,0.02512,0.98846,-0.23215791373354927,0.32566305801589607,0.2533962200026359,-0.15974428146010866,-0.16128974321489054,,,
232,catalog_linear_z_delta,STAM b=354.95 union-style,450,0.02512,0.98846,-0.09561647300981412,0.23967034054968903,0.19652318788816156,-0.0006390643042828812,-0.03657655401590176,0.4493938183710269,-0.602774196323303,
232,catalog_linear_z_delta,STAM b=461.3626922 original,450,0.02512,0.98846,-0.10984180120506488,0.24665471909373227,0.20166420212946917,-0.014432622891892745,-0.0511896038797488,0.4493938183710269,-0.602774196323303,
232,catalog_linear_z_delta,STAM b=1335.412792 DES-style,450,0.02512,0.98846,-0.22325542139902413,0.3200398342055488,0.26680865156240746,-0.12450575303877531,-0.15926513259166697,0.4493938183710269,-0.602774196323303,
232,catalog_linear_z_delta,LCDM fixed H0=70 Om=0.3,450,0.02512,0.98846,-0.23199936142888797,0.303933160580223,0.26327875773258264,-0.1484743876087183,-0.19692250664621724,0.4493938183710269,-0.602774196323303,
232,catalog_quadratic_z_delta,STAM b=354.95 union-style,450,0.02512,0.98846,-0.10128179655745458,0.26717142654483467,0.20278706974065877,-0.006092327526325631,-0.010447750536911826,0.6184247515090829,-2.2164482971492054,2.1910406741820543
232,catalog_quadratic_z_delta,STAM b=461.3626922 original,450,0.02512,0.98846,-0.11550712475270536,0.2736642301892192,0.20774808034830147,-0.019885886113935495,-0.024145680453997898,0.6184247515090829,-2.2164482971492054,2.1910406741820543
232,catalog_quadratic_z_delta,STAM b=1335.412792 DES-style,450,0.02512,0.98846,-0.2289207449466645,0.3426336682178762,0.26744473140673164,-0.12995901626081807,-0.13447869146208902,0.6184247515090829,-2.2164482971492054,2.1910406741820543
232,catalog_quadratic_z_delta,LCDM fixed H0=70 Om=0.3,450,0.02512,0.98846,-0.23766468497652843,0.3210764653704278,0.2641702504212729,-0.15392765083076104,-0.16882080888504092,0.6184247515090829,-2.2164482971492054,2.1910406741820543
232,raw_no_catalog_correction,STAM b=354.95 union-style,450,0.02512,0.98846,0.11830360457677935,0.1897342957515207,0.15177904689951008,0.16967093073321532,0.13530689510752225,,,
232,raw_no_catalog_correction,STAM b=461.3626922 original,450,0.02512,0.98846,0.10407827638152858,0.1813381774960595,0.14381272344312285,0.1558773721456055,0.1216095416608205,,,
232,raw_no_catalog_correction,STAM b=1335.412792 DES-style,450,0.02512,0.98846,-0.009335343812430622,0.15049609148862234,0.11314795799283119,0.045804241998722905,0.007641670807501555,,,
232,raw_no_catalog_correction,LCDM fixed H0=70 Om=0.3,450,0.02512,0.98846,-0.0180792838422945,0.1494911997648629,0.11506690716335868,0.021835607428779914,-0.008660342709788438,,,
233,catalog_bin_median_delta,STAM b=354.95 union-style,450,0.02512,0.98846,-0.08735048594414763,0.29067125439173286,0.19591679174173163,-0.002239920004200384,0.00875290683849883,,,
233,catalog_bin_median_delta,STAM b=461.3626922 original,450,0.02512,0.98846,-0.10157766876752089,0.29594531155212933,0.1977801486729356,-0.01603340508705243,-0.004754959342605503,,,
233,catalog_bin_median_delta,STAM b=1335.412792 DES-style,450,0.02512,0.98846,-0.21500588252084998,0.35604337921904444,0.2457907615331983,-0.1261065083439664,-0.11469149274285328,,,
233,catalog_bin_median_delta,LCDM fixed H0=70 Om=0.3,450,0.02512,0.98846,-0.22389066083655318,0.3362007111837876,0.2472239916750275,-0.15049195851705413,-0.14977843877453978,,,
233,catalog_linear_z_delta,STAM b=354.95 union-style,450,0.02512,0.98846,-0.08588430288932603,0.23807595419358019,0.19205935068430738,0.008419241057102608,0.0031943004732468694,0.44534940875874685,-0.5953438718667394,
233,catalog_linear_z_delta,STAM b=461.3626922 original,450,0.02512,0.98846,-0.10011148571269929,0.24458121401771526,0.19677877342587832,-0.005374244025749435,-0.010816154480277618,0.44534940875874685,-0.5953438718667394,
233,catalog_linear_z_delta,STAM b=1335.412792 DES-style,450,0.02512,0.98846,-0.21353969946602835,0.315208159788753,0.2570674158447901,-0.11544734728266341,-0.11713218750488252,0.44534940875874685,-0.5953438718667394,
233,catalog_linear_z_delta,LCDM fixed H0=70 Om=0.3,450,0.02512,0.98846,-0.22242447778173152,0.29645035292222055,0.25206275324418276,-0.1398327974557511,-0.15538889246301224,0.44534940875874685,-0.5953438718667394,
233,catalog_quadratic_z_delta,STAM b=354.95 union-style,450,0.02512,0.98846,-0.08956705712906372,0.2775853518611098,0.21464779601900502,0.005382287707031013,0.013964209932108673,0.634017325725464,-2.3964847968671648,2.4455824286886725
233,catalog_quadratic_z_delta,STAM b=461.3626922 original,450,0.02512,0.98846,-0.10379423995243704,0.28332090708200824,0.217345869313417,-0.008411197375821031,0.0004240552346033155,0.634017325725464,-2.3964847968671648,2.4455824286886725
233,catalog_quadratic_z_delta,STAM b=1335.412792 DES-style,450,0.02512,0.98846,-0.2172224537057661,0.34701819510465887,0.2639728354205302,-0.118484300632735,-0.10674842163363962,0.634017325725464,-2.3964847968671648,2.4455824286886725
233,catalog_quadratic_z_delta,LCDM fixed H0=70 Om=0.3,450,0.02512,0.98846,-0.22610723202146926,0.3222833311326106,0.25653397845368076,-0.1428697508058227,-0.14339411296001003,0.634017325725464,-2.3964847968671648,2.4455824286886725
233,raw_no_catalog_correction,STAM b=354.95 union-style,450,0.02512,0.98846,0.12726038158384426,0.19332623530892742,0.15331827662360073,0.17838945777357657,0.1521439523170791,,,
233,raw_no_catalog_correction,STAM b=461.3626922 original,450,0.02512,0.98846,0.113033198760471,0.1844834128741729,0.1449081824695465,0.16459597269072454,0.13899234179203646,,,
233,raw_no_catalog_correction,STAM b=1335.412792 DES-style,450,0.02512,0.98846,-0.0003950149928580874,0.1483189445454372,0.11608558247570347,0.054522869433810545,0.027993846353346896,,,
233,raw_no_catalog_correction,LCDM fixed H0=70 Om=0.3,450,0.02512,0.98846,-0.009279793308561312,0.14232581032092692,0.10787460674270131,0.030137419260722834,0.0021964960524378796,,,
234,catalog_bin_median_delta,STAM b=354.95 union-style,450,0.0251,0.97489,-0.09199937316174618,0.2999757498592667,0.20863382402026917,0.009827740101582631,0.011682631229895435,,,
234,catalog_bin_median_delta,STAM b=461.3626922 original,450,0.0251,0.97489,-0.10624801404758427,0.3052824186051975,0.2105069585990872,-0.003966646068741429,-0.002347779588642851,,,
234,catalog_bin_median_delta,STAM b=1335.412792 DES-style,450,0.0251,0.97489,-0.2198418897355498,0.36520061297537076,0.25816415385584973,-0.11404649120064053,-0.11274999737647562,,,
234,catalog_bin_median_delta,LCDM fixed H0=70 Om=0.3,450,0.0251,0.97489,-0.2276883356523401,0.348071319342415,0.26575742850590306,-0.13822323199776126,-0.1492942523284384,,,
234,catalog_linear_z_delta,STAM b=354.95 union-style,450,0.0251,0.97489,-0.09603356386827312,0.2477517878441404,0.20351042905392658,0.01773553090579979,-0.014569611635717905,0.46165468990498026,-0.6258709026334563,
234,catalog_linear_z_delta,STAM b=461.3626922 original,450,0.0251,0.97489,-0.11028220475411124,0.2545926840690791,0.2087734381570422,0.0039411447354757295,-0.028672942181611205,0.46165468990498026,-0.6258709026334563,
234,catalog_linear_z_delta,STAM b=1335.412792 DES-style,450,0.0251,0.97489,-0.22387608044207677,0.32674581052680923,0.2714288376610047,-0.10613870039642337,-0.13204567097810838,0.46165468990498026,-0.6258709026334563,
234,catalog_linear_z_delta,LCDM fixed H0=70 Om=0.3,450,0.0251,0.97489,-0.23172252635886706,0.3093620894422232,0.265427578944623,-0.1303154411935441,-0.16903769652764566,0.46165468990498026,-0.6258709026334563,
234,catalog_quadratic_z_delta,STAM b=354.95 union-style,450,0.0251,0.97489,-0.10191043235378798,0.27267160713538696,0.20972340136583378,0.013656243818798717,0.005140501025415745,0.6357136360315874,-2.287545533229933,2.2562156144353476
234,catalog_quadratic_z_delta,STAM b=461.3626922 original,450,0.0251,0.97489,-0.11615907323962613,0.27913837449024165,0.214090298639507,-0.00013814235152534278,-0.00896328291764803,0.6357136360315874,-2.287545533229933,2.2562156144353476
234,catalog_quadratic_z_delta,STAM b=1335.412792 DES-style,450,0.0251,0.97489,-0.22975294892759165,0.3477299625751881,0.2701053778230532,-0.11021798748342444,-0.12279975713869362,0.6357136360315874,-2.287545533229933,2.2562156144353476
234,catalog_quadratic_z_delta,LCDM fixed H0=70 Om=0.3,450,0.0251,0.97489,-0.23759939484438192,0.32458201092542754,0.26488168851951555,-0.1343947282805452,-0.1563548886008448,0.6357136360315874,-2.287545533229933,2.2562156144353476
234,raw_no_catalog_correction,STAM b=354.95 union-style,450,0.0251,0.97489,0.12353916446540607,0.1964037898547589,0.15740449039645069,0.18985951787936017,0.1497359430972054,,,
234,raw_no_catalog_correction,STAM b=461.3626922 original,450,0.0251,0.97489,0.10929052357956796,0.18790574280109443,0.14890967357180954,0.17606513170903612,0.13511517323325606,,,
234,raw_no_catalog_correction,STAM b=1335.412792 DES-style,450,0.0251,0.97489,-0.004303352108397571,0.1546736708391625,0.11926540888600765,0.06598528657713698,0.023299168761887756,,,
234,raw_no_catalog_correction,LCDM fixed H0=70 Om=0.3,450,0.0251,0.97489,-0.012149798025187822,0.1540561440010138,0.11801748568344164,0.041808545780016255,0.005319550706818887,,,
235,catalog_bin_median_delta,STAM b=354.95 union-style,450,0.0251,0.98846,-0.07151623624679988,0.2753222852049968,0.18867792190041663,0.01127823944774881,0.019350165394140362,,,
235,catalog_bin_median_delta,STAM b=461.3626922 original,450,0.0251,0.98846,-0.08576740533500166,0.2800979468886653,0.19038318655684083,-0.002513273299231713,0.005108506746516639,,,
235,catalog_bin_median_delta,STAM b=1335.412792 DES-style,450,0.0251,0.98846,-0.19938165793069887,0.3378831810641579,0.23665980920588944,-0.11257069081595283,-0.1064181424556061,,,
235,catalog_bin_median_delta,LCDM fixed H0=70 Om=0.3,450,0.0251,0.98846,-0.20773638554290058,0.31726698900094263,0.23374942191589482,-0.13670075873828388,-0.1393785293945662,,,
235,catalog_linear_z_delta,STAM b=354.95 union-style,450,0.0251,0.98846,-0.0782192469864419,0.24159648578813114,0.19680078230840653,0.02323834313592949,0.0030219059801552817,0.4662739383644261,-0.6521895651890455,
235,catalog_linear_z_delta,STAM b=461.3626922 original,450,0.0251,0.98846,-0.09247041607464367,0.24764109992320688,0.20189283002573355,0.00944683038894897,-0.010407561437833834,0.4662739383644261,-0.6521895651890455,
235,catalog_linear_z_delta,STAM b=1335.412792 DES-style,450,0.0251,0.98846,-0.20608466867034092,0.3153513049716699,0.26293222946258477,-0.10061058712777216,-0.11836302572660529,0.4662739383644261,-0.6521895651890455,
235,catalog_linear_z_delta,LCDM fixed H0=70 Om=0.3,450,0.0251,0.98846,-0.21443939628254263,0.2958659861420738,0.25570687399059844,-0.12474065505010319,-0.15952549838224783,0.4662739383644261,-0.6521895651890455,
235,catalog_quadratic_z_delta,STAM b=354.95 union-style,450,0.0251,0.98846,-0.08195089616490278,0.2706692171071706,0.2088116022768302,0.017825024704801677,0.025976163044081346,0.6538343202374733,-2.442757273422389,2.4312261544064224
235,catalog_quadratic_z_delta,STAM b=461.3626922 original,450,0.0251,0.98846,-0.09620206525310455,0.27617296418931125,0.2113297161460562,0.004033511957821156,0.012459839778287574,0.6538343202374733,-2.442757273422389,2.4312261544064224
235,catalog_quadratic_z_delta,STAM b=1335.412792 DES-style,450,0.0251,0.98846,-0.20981631784880178,0.33884142217674346,0.25625154033088443,-0.10602390555889997,-0.09482786290774925,0.6538343202374733,-2.442757273422389,2.4312261544064224
235,catalog_quadratic_z_delta,LCDM fixed H0=70 Om=0.3,450,0.0251,0.98846,-0.2181710454610035,0.31311509965987533,0.24865771639773027,-0.130153973481231,-0.13708874991787923,0.6538343202374733,-2.442757273422389,2.4312261544064224
235,raw_no_catalog_correction,STAM b=354.95 union-style,450,0.0251,0.98846,0.13642063425047282,0.19534050237640688,0.15835090252026554,0.187389972781081,0.1531659392228839,,,
235,raw_no_catalog_correction,STAM b=461.3626922 original,450,0.0251,0.98846,0.12216946516227106,0.18585851217999685,0.14944553191097815,0.17359846003410048,0.13761646447126807,,,
235,raw_no_catalog_correction,STAM b=1335.412792 DES-style,450,0.0251,0.98846,0.008555212566573815,0.1427458855417652,0.11198167578133221,0.06354104251737935,0.027478796132964334,,,
235,raw_no_catalog_correction,LCDM fixed H0=70 Om=0.3,450,0.0251,0.98846,0.00020048495437210978,0.13854023973997734,0.11076683085519846,0.03941097459504832,0.008518322563045189,,,
236,catalog_bin_median_delta,STAM b=354.95 union-style,450,0.0251,0.97489,-0.07979868405466925,0.2972160834906917,0.2039225586691752,0.018312751957682533,0.022954926749587656,,,
236,catalog_bin_median_delta,STAM b=461.3626922 original,450,0.0251,0.97489,-0.09402271323675258,0.30209689945140833,0.20545155255044728,0.004514264205520549,0.009205275885246778,,,
236,catalog_bin_median_delta,STAM b=1335.412792 DES-style,450,0.0251,0.97489,-0.20742769386572318,0.3592771504116964,0.2495824458735839,-0.10559748467704291,-0.1033062759103025,,,
236,catalog_bin_median_delta,LCDM fixed H0=70 Om=0.3,450,0.0251,0.97489,-0.21729136507215235,0.33888112861021924,0.24885139520228433,-0.12976447308973463,-0.1342060336444817,,,
236,catalog_linear_z_delta,STAM b=354.95 union-style,450,0.0251,0.97489,-0.08443150320613277,0.25483435780681657,0.20930142782622216,0.026564348847920232,0.014884936977829,0.4609059174169675,-0.623183443902757,
236,catalog_linear_z_delta,STAM b=461.3626922 original,450,0.0251,0.97489,-0.09865553238821614,0.2609316483253382,0.2142964190845822,0.012765861095758248,0.0008974244880555204,0.4609059174169675,-0.623183443902757,
236,catalog_linear_z_delta,STAM b=1335.412792 DES-style,450,0.0251,0.97489,-0.2120605130171867,0.3280857417327363,0.27186581137603794,-0.09734588778680521,-0.1055403525809595,0.4609059174169675,-0.623183443902757,
236,catalog_linear_z_delta,LCDM fixed H0=70 Om=0.3,450,0.0251,0.97489,-0.22192418422361582,0.309231239686709,0.2652895653077774,-0.12151287619949694,-0.14902200749379446,0.4609059174169675,-0.623183443902757,
236,catalog_quadratic_z_delta,STAM b=354.95 union-style,450,0.0251,0.97489,-0.08342109877838724,0.27888170800707834,0.21630965029382965,0.0235514015618605,0.030120563229580455,0.63815159960504,-2.3152806329806124,2.29752325084797
236,catalog_quadratic_z_delta,STAM b=461.3626922 original,450,0.0251,0.97489,-0.0976451279604706,0.2843538312675896,0.218923924318787,0.009752913809698513,0.01707293758937567,0.63815159960504,-2.3152806329806124,2.29752325084797
236,catalog_quadratic_z_delta,STAM b=1335.412792 DES-style,450,0.0251,0.97489,-0.21105010858944123,0.3462835062041533,0.2643920976027451,-0.10035883507286494,-0.09292306044480725,0.63815159960504,-2.3152806329806124,2.29752325084797
236,catalog_quadratic_z_delta,LCDM fixed H0=70 Om=0.3,450,0.0251,0.97489,-0.22091377979587035,0.3209238114353746,0.25762649859017006,-0.12452582348555667,-0.13376196144032448,0.63815159960504,-2.3152806329806124,2.29752325084797
236,raw_no_catalog_correction,STAM b=354.95 union-style,450,0.0251,0.97489,0.13361021553464236,0.2026546207366141,0.15988808446889205,0.1997136630687936,0.1600906617454534,,,
236,raw_no_catalog_correction,STAM b=461.3626922 original,450,0.0251,0.97489,0.11938618635255899,0.19388356834286513,0.15144874658898133,0.18591517531663163,0.1472317187275891,,,
236,raw_no_catalog_correction,STAM b=1335.412792 DES-style,450,0.0251,0.97489,0.005981205723588414,0.15633548306070752,0.12361042457297738,0.07580342643406818,0.03737505377027617,,,
236,raw_no_catalog_correction,LCDM fixed H0=70 Om=0.3,450,0.0251,0.97489,-0.003882465482840716,0.14698842605556584,0.1154058047896203,0.05163643802137645,0.009045851701770857,,,
237,catalog_bin_median_delta,STAM b=354.95 union-style,450,0.0251,0.98846,-0.07591397562576235,0.27253379283095147,0.19327938523435614,0.03288660544717913,0.027258136813255618,,,
237,catalog_bin_median_delta,STAM b=461.3626922 original,450,0.0251,0.98846,-0.09018020306936256,0.2775857491658212,0.1952676257496279,0.019099229733257204,0.013663854046516377,,,
237,catalog_bin_median_delta,STAM b=1335.412792 DES-style,450,0.0251,0.98846,-0.20391155781527837,0.3373456491352206,0.24031520877774543,-0.09092621458744536,-0.09514760103879638,,,
237,catalog_bin_median_delta,LCDM fixed H0=70 Om=0.3,450,0.0251,0.98846,-0.21218292719850895,0.31730134973129015,0.2387407097850546,-0.11521509615123743,-0.1287946298894802,,,
237,catalog_linear_z_delta,STAM b=354.95 union-style,450,0.0251,0.98846,-0.07777897227474054,0.2352630496850901,0.192874517266478,0.04439830506386146,0.0013247088869796642,0.4376700265441134,-0.590911809814467,
237,catalog_linear_z_delta,STAM b=461.3626922 original,450,0.0251,0.98846,-0.09204519971834074,0.2413536666352907,0.1985419886623654,0.030610929349939527,-0.011794827864804347,0.4376700265441134,-0.590911809814467,
237,catalog_linear_z_delta,STAM b=1335.412792 DES-style,450,0.0251,0.98846,-0.20577655446425652,0.309800390930889,0.26093641587920535,-0.07941451497076304,-0.1215546116326145,0.4376700265441134,-0.590911809814467,
237,catalog_linear_z_delta,LCDM fixed H0=70 Om=0.3,450,0.0251,0.98846,-0.21404792384748705,0.292385836830147,0.25385201028129595,-0.1037033965345551,-0.16473605018527593,0.4376700265441134,-0.590911809814467,
237,catalog_quadratic_z_delta,STAM b=354.95 union-style,450,0.0251,0.98846,-0.07876996437799327,0.25829978346700244,0.2025918078598824,0.03886724108054025,0.02887801428749981,0.6059626795528583,-2.197537830731523,2.1814708175751565
237,catalog_quadratic_z_delta,STAM b=461.3626922 original,450,0.0251,0.98846,-0.09303619182159346,0.26382729481562356,0.2057866022595652,0.025079865366618322,0.015051004485169273,0.6059626795528583,-2.197537830731523,2.1814708175751565
237,catalog_quadratic_z_delta,STAM b=1335.412792 DES-style,450,0.0251,0.98846,-0.20676754656750926,0.32741111448943466,0.2541215289432438,-0.08494557895408425,-0.09207225902111205,0.6059626795528583,-2.197537830731523,2.1814708175751565
237,catalog_quadratic_z_delta,LCDM fixed H0=70 Om=0.3,450,0.0251,0.98846,-0.21503891595073976,0.3037691247041307,0.24695414891947012,-0.10923446051787632,-0.1287844131886331,0.6059626795528583,-2.197537830731523,2.1814708175751565
237,raw_no_catalog_correction,STAM b=354.95 union-style,450,0.0251,0.98846,0.13365631433562206,0.19874691693580804,0.1604533440337415,0.2078978054471774,0.15951763912289252,,,
237,raw_no_catalog_correction,STAM b=461.3626922 original,450,0.0251,0.98846,0.11939008689202184,0.1896461298847014,0.15157164441474022,0.19411042973325546,0.1472317187275891,,,
237,raw_no_catalog_correction,STAM b=1335.412792 DES-style,450,0.0251,0.98846,0.0056587321461060635,0.14987617346637028,0.11576011110038736,0.08408498541255291,0.03729229646938492,,,
237,raw_no_catalog_correction,LCDM fixed H0=70 Om=0.3,450,0.0251,0.98846,-0.0026126372371244955,0.14583978820758386,0.11306150900302515,0.059796103848760836,0.010690556369155502,,,
238,catalog_bin_median_delta,STAM b=354.95 union-style,450,0.0251,0.98846,-0.09997641245478736,0.30432042137179094,0.20582464801469202,0.0031593121693800044,0.01002631916741592,,,
238,catalog_bin_median_delta,STAM b=461.3626922 original,450,0.0251,0.98846,-0.11413014157876879,0.30996437248323494,0.20902492057255406,-0.010640389034038581,-0.0029671080099120672,,,
238,catalog_bin_median_delta,STAM b=1335.412792 DES-style,450,0.0251,0.98846,-0.2269898844865127,0.37159741994564904,0.26144914135106934,-0.12076152076625166,-0.11045384174359896,,,
238,catalog_bin_median_delta,LCDM fixed H0=70 Om=0.3,450,0.0251,0.98846,-0.23832052888882554,0.35210596215894324,0.26281317942258686,-0.14487819875027078,-0.14678606782429426,,,
238,catalog_linear_z_delta,STAM b=354.95 union-style,450,0.0251,0.98846,-0.09474330524831714,0.2562770310241767,0.20239659090441942,0.014510223427865631,0.012320943825454123,0.4981844259897281,-0.6913502765551299,
238,catalog_linear_z_delta,STAM b=461.3626922 original,450,0.0251,0.98846,-0.1088970343722986,0.26286341727984747,0.2067386524645709,0.0007105222244470453,-0.0018391723676955962,0.4981844259897281,-0.6913502765551299,
238,catalog_linear_z_delta,STAM b=1335.412792 DES-style,450,0.0251,0.98846,-0.2217567772800425,0.3327278907911006,0.2676371571050948,-0.10941060950776603,-0.1105273497498942,0.4981844259897281,-0.6913502765551299,
238,catalog_linear_z_delta,LCDM fixed H0=70 Om=0.3,450,0.0251,0.98846,-0.23308742168235533,0.3149599904231189,0.26619597409236395,-0.13352728749178516,-0.15383008316877422,0.4981844259897281,-0.6913502765551299,
238,catalog_quadratic_z_delta,STAM b=354.95 union-style,450,0.0251,0.98846,-0.10026261601461625,0.297968653819636,0.2228294161800165,0.010734797248264556,0.02714010414912238,0.7019377872569726,-2.636506207065409,2.641125465912325
238,catalog_quadratic_z_delta,STAM b=461.3626922 original,450,0.0251,0.98846,-0.11441634513859768,0.3038088377751722,0.22517833307971527,-0.003064903955154029,0.012933232167220865,0.7019377872569726,-2.636506207065409,2.641125465912325
238,catalog_quadratic_z_delta,STAM b=1335.412792 DES-style,450,0.0251,0.98846,-0.22727608804634156,0.3669808890135748,0.2735507142751849,-0.1131860356873671,-0.09438507591663026,0.7019377872569726,-2.636506207065409,2.641125465912325
238,catalog_quadratic_z_delta,LCDM fixed H0=70 Om=0.3,450,0.0251,0.98846,-0.23860673244865438,0.3440510513670674,0.2698597238068503,-0.13730271367138625,-0.13443697787066355,0.7019377872569726,-2.636506207065409,2.641125465912325
238,raw_no_catalog_correction,STAM b=354.95 union-style,450,0.0251,0.98846,0.12515140921448195,0.19573396693725653,0.15801085458069158,0.19358588994715753,0.15815668440428965,,,
238,raw_no_catalog_correction,STAM b=461.3626922 original,450,0.0251,0.98846,0.1109976800905005,0.18715740266067646,0.14917744658668985,0.17978618874373894,0.14419813382136937,,,
238,raw_no_catalog_correction,STAM b=1335.412792 DES-style,450,0.0251,0.98846,-0.0018620628172433835,0.15264209044728344,0.11548788328451402,0.06966505701152587,0.033178449100123686,,,
238,raw_no_catalog_correction,LCDM fixed H0=70 Om=0.3,450,0.0251,0.98846,-0.013192707219556232,0.147710816366542,0.11437571085597467,0.04554837902750672,0.012699058205949854,,,
239,catalog_bin_median_delta,STAM b=354.95 union-style,450,0.0251,0.98024,-0.07397872356060078,0.2972777341553949,0.20755238217278488,-0.0019260006164283064,0.017638240566622443,,,
239,catalog_bin_median_delta,STAM b=461.3626922 original,450,0.0251,0.98024,-0.08816061820882751,0.3017528937348341,0.20824333465366832,-0.015720379056144918,0.003192513055644497,,,
239,catalog_bin_median_delta,STAM b=1335.412792 DES-style,450,0.0251,0.98024,-0.20123948530494637,0.35617149281136734,0.2462731809867569,-0.12580001251760134,-0.10714750083964475,,,
239,catalog_bin_median_delta,LCDM fixed H0=70 Om=0.3,450,0.0251,0.98024,-0.2124865459447279,0.3399228258110632,0.2512736580798173,-0.14986785435421446,-0.14602535240839742,,,
239,catalog_linear_z_delta,STAM b=354.95 union-style,450,0.0251,0.98024,-0.08591918460316626,0.2530909474170451,0.2017091048354752,0.006861225942763522,-0.005730715433156064,0.49079711456796327,-0.689417606084897,
239,catalog_linear_z_delta,STAM b=461.3626922 original,450,0.0251,0.98024,-0.10010107925139303,0.2592532290390381,0.2065151601198457,-0.006933152496953091,-0.01969820972763614,0.49079711456796327,-0.689417606084897,
239,catalog_linear_z_delta,STAM b=1335.412792 DES-style,450,0.0251,0.98024,-0.2131799463475118,0.32678662654915686,0.2690423474742343,-0.11701278595840951,-0.1275911674970409,0.49079711456796327,-0.689417606084897,
239,catalog_linear_z_delta,LCDM fixed H0=70 Om=0.3,450,0.0251,0.98024,-0.2244270069872934,0.31073167466051616,0.2666809377700949,-0.14108062779502262,-0.16962630450829863,0.49079711456796327,-0.689417606084897,
239,catalog_quadratic_z_delta,STAM b=354.95 union-style,450,0.0251,0.98024,-0.08557935990138846,0.2767545125965533,0.2097931686596591,0.001921480563551512,0.008472571831756426,0.6833774896459474,-2.527909282261506,2.4962971392962143
239,catalog_quadratic_z_delta,STAM b=461.3626922 original,450,0.0251,0.98024,-0.09976125454961524,0.28229436587447027,0.21302057802895266,-0.0118728978761651,-0.00457904135361531,0.6833774896459474,-2.527909282261506,2.4962971392962143
239,catalog_quadratic_z_delta,STAM b=1335.412792 DES-style,450,0.0251,0.98024,-0.21284012164573402,0.34466070832670065,0.2610170683957053,-0.12195253133762152,-0.11290297562641527,0.6833774896459474,-2.527909282261506,2.4962971392962143
239,catalog_quadratic_z_delta,LCDM fixed H0=70 Om=0.3,450,0.0251,0.98024,-0.2240871822855156,0.3221647053722521,0.25735143289001194,-0.1460203731742346,-0.15008686338485688,0.6833774896459474,-2.527909282261506,2.4962971392962143
239,raw_no_catalog_correction,STAM b=354.95 union-style,450,0.0251,0.98024,0.13125322295523462,0.20093910268866058,0.16190857084414742,0.1786654882724599,0.1469795666780911,,,
239,raw_no_catalog_correction,STAM b=461.3626922 original,450,0.0251,0.98024,0.11707132830700785,0.19212320497718693,0.15290571228087138,0.16487110983274328,0.13420381527706482,,,
239,raw_no_catalog_correction,STAM b=1335.412792 DES-style,450,0.0251,0.98024,0.003992461210889021,0.15424735666715023,0.11802858934365726,0.054791476371286854,0.023258436264928406,,,
239,raw_no_catalog_correction,LCDM fixed H0=70 Om=0.3,450,0.0251,0.98024,-0.007254599428892553,0.15246960413069843,0.11806350369231587,0.030723634534673767,0.005319550706818887,,,
240,catalog_bin_median_delta,STAM b=354.95 union-style,450,0.02534,0.99268,-0.08738423821511122,0.29679812141829065,0.20344452454434428,-0.0129292204982994,0.0045202551002496705,,,
240,catalog_bin_median_delta,STAM b=461.3626922 original,450,0.02534,0.99268,-0.1016182409481149,0.3019389082381698,0.20485995898989437,-0.026712086869496877,-0.008763905940991634,,,
240,catalog_bin_median_delta,STAM b=1335.412792 DES-style,450,0.02534,0.99268,-0.2150989140473399,0.3608931279758757,0.251351612009253,-0.13670243296000353,-0.11452353338395582,,,
240,catalog_bin_median_delta,LCDM fixed H0=70 Om=0.3,450,0.02534,0.99268,-0.2234959773156355,0.34312074623618394,0.2543761007954314,-0.16100271564083823,-0.1538357983278651,,,
240,catalog_linear_z_delta,STAM b=354.95 union-style,450,0.02534,0.99268,-0.09339668015015777,0.25035045017524116,0.20192808428451767,-0.003050425029457797,-0.01265046449999474,0.4602653875572937,-0.6265685434230013,
240,catalog_linear_z_delta,STAM b=461.3626922 original,450,0.02534,0.99268,-0.1076306828831615,0.2569906115097509,0.2075857897127386,-0.016833291400655273,-0.025788325337654072,0.4602653875572937,-0.6265685434230013,
240,catalog_linear_z_delta,STAM b=1335.412792 DES-style,450,0.02534,0.99268,-0.22111135598238646,0.32774762686163394,0.26970929787405895,-0.12682363749116193,-0.1334667958056457,0.4602653875572937,-0.6265685434230013,
240,catalog_linear_z_delta,LCDM fixed H0=70 Om=0.3,450,0.02534,0.99268,-0.22950841925068208,0.30990054451282084,0.2641620771003388,-0.15112392017199666,-0.1725037568351908,0.4602653875572937,-0.6265685434230013,
240,catalog_quadratic_z_delta,STAM b=354.95 union-style,450,0.02534,0.99268,-0.09953490104888327,0.2824832443861689,0.21660384784954595,-0.009041100823005273,0.007464010949522759,0.6407698447323835,-2.349776019235617,2.339764682117419
240,catalog_quadratic_z_delta,STAM b=461.3626922 original,450,0.02534,0.99268,-0.11376890378188699,0.28860930685787106,0.2199141395625291,-0.022823967194202748,-0.0061312811444302895,0.6407698447323835,-2.349776019235617,2.339764682117419
240,catalog_quadratic_z_delta,STAM b=1335.412792 DES-style,450,0.02534,0.99268,-0.22724957688111194,0.35455043961484045,0.27195428261055066,-0.1328143132847094,-0.11728128486914713,0.6407698447323835,-2.349776019235617,2.339764682117419
240,catalog_quadratic_z_delta,LCDM fixed H0=70 Om=0.3,450,0.02534,0.99268,-0.23564664014940756,0.3310429458511008,0.2650221174901936,-0.15711459596554414,-0.15482341742402994,0.6407698447323835,-2.349776019235617,2.339764682117419
240,raw_no_catalog_correction,STAM b=354.95 union-style,450,0.02534,0.99268,0.12299218137698416,0.19799675997227786,0.15935038199661336,0.16596631283503385,0.14613190664770315,,,
240,raw_no_catalog_correction,STAM b=461.3626922 original,450,0.02534,0.99268,0.10875817864398045,0.1896503145328915,0.15149315404106797,0.1521834464638364,0.13133482423629772,,,
240,raw_no_catalog_correction,STAM b=1335.412792 DES-style,450,0.02534,0.99268,-0.004722494455244537,0.15745302399683117,0.1216389510630809,0.042193100373329726,0.021784791688826743,,,
240,raw_no_catalog_correction,LCDM fixed H0=70 Om=0.3,450,0.02534,0.99268,-0.013119557723540148,0.15469293302437567,0.1192828634554606,0.017892817692495004,-0.005904250359655805,,,
241,catalog_bin_median_delta,STAM b=354.95 union-style,450,0.0251,0.98,-0.0847357948582475,0.3022431697873487,0.20636945734859974,0.008995405207201388,0.028112027906786352,,,
241,catalog_bin_median_delta,STAM b=461.3626922 original,450,0.0251,0.98,-0.09898837042148927,0.3072486108745141,0.20733542325656643,-0.004796680964009362,0.01502570601563491,,,
241,catalog_bin_median_delta,STAM b=1335.412792 DES-style,450,0.0251,0.98,-0.2126131834410497,0.3650829424761751,0.2528492203477986,-0.11485873829086063,-0.09751920703554262,,,
241,catalog_bin_median_delta,LCDM fixed H0=70 Om=0.3,450,0.0251,0.98,-0.22070104872365345,0.3447037332283813,0.2535651698890187,-0.1391301344432762,-0.13416153885153648,,,
241,catalog_linear_z_delta,STAM b=354.95 union-style,450,0.0251,0.98,-0.08642122935008907,0.2483919453641631,0.2027930314161738,0.01942045751883138,-0.002272496085911513,0.4692316587861327,-0.6479385850070994,
241,catalog_linear_z_delta,STAM b=461.3626922 original,450,0.0251,0.98,-0.10067380491333082,0.2547351714395923,0.2087928763571868,0.0056283713476206285,-0.015513528403300114,0.4692316587861327,-0.6479385850070994,
241,catalog_linear_z_delta,STAM b=1335.412792 DES-style,450,0.0251,0.98,-0.21429861793289126,0.32385330979012167,0.2712981798437115,-0.10443368597923064,-0.1227729914065705,0.4692316587861327,-0.6479385850070994,
241,catalog_linear_z_delta,LCDM fixed H0=70 Om=0.3,450,0.0251,0.98,-0.22238648321549503,0.30452034402062006,0.2641775792073192,-0.12870508213164622,-0.16646197427775178,0.4692316587861327,-0.6479385850070994,
241,catalog_quadratic_z_delta,STAM b=354.95 union-style,450,0.0251,0.98,-0.09007234648528299,0.2764862222613634,0.21308107737902357,0.015633889059485078,0.021954298863160915,0.6563856581673609,-2.4346267139829463,2.4259584761636237
241,catalog_quadratic_z_delta,STAM b=461.3626922 original,450,0.0251,0.98,-0.10432492204852475,0.28232895188355683,0.21564298802119403,0.0018418028882743285,0.008536373300188416,0.6563856581673609,-2.4346267139829463,2.4259584761636237
241,catalog_quadratic_z_delta,STAM b=1335.412792 DES-style,450,0.0251,0.98,-0.2179497350680852,0.34682250238277224,0.265346714427684,-0.10822025443857694,-0.09850224029673882,0.6563856581673609,-2.4346267139829463,2.4259584761636237
241,catalog_quadratic_z_delta,LCDM fixed H0=70 Om=0.3,450,0.0251,0.98,-0.22603760035068893,0.3208685362773795,0.25844465044822584,-0.13249165059099252,-0.1385914780158224,0.6563856581673609,-2.4346267139829463,2.4259584761636237
241,raw_no_catalog_correction,STAM b=354.95 union-style,450,0.0251,0.98,0.13288858757266542,0.19854819723318778,0.1591982819748851,0.18869518298497873,0.16079979525826005,,,
241,raw_no_catalog_correction,STAM b=461.3626922 original,450,0.0251,0.98,0.11863601200942367,0.18949377544503745,0.15024201703703516,0.17490309681376798,0.14773038497430235,,,
241,raw_no_catalog_correction,STAM b=1335.412792 DES-style,450,0.0251,0.98,0.0050111989898632345,0.1501684687713717,0.11568087361765218,0.0648410394869167,0.03913506118996324,,,
241,raw_no_catalog_correction,LCDM fixed H0=70 Om=0.3,450,0.0251,0.98,-0.003076666292740523,0.14682608654439352,0.11163372432747547,0.040569643334501124,0.01480089190913958,,,
242,catalog_bin_median_delta,STAM b=354.95 union-style,450,0.0251,0.98024,-0.08078460298520089,0.3012540145620648,0.19852696312648008,0.016657728260183514,0.028680822533825534,,,
242,catalog_bin_median_delta,STAM b=461.3626922 original,450,0.0251,0.98024,-0.09491771222238733,0.3061056979750226,0.20016827454015126,0.002869124703844411,0.01478182438692599,,,
242,catalog_bin_median_delta,STAM b=1335.412792 DES-style,450,0.0251,0.98024,-0.2076169651347532,0.3626532238155987,0.24655387412230328,-0.10716549286714654,-0.09546376145484814,,,
242,catalog_bin_median_delta,LCDM fixed H0=70 Om=0.3,450,0.0251,0.98024,-0.21895414430289492,0.3427123538468062,0.25079191779981336,-0.13117364752026597,-0.1303987094560668,,,
242,catalog_linear_z_delta,STAM b=354.95 union-style,450,0.0251,0.98024,-0.07255446472672206,0.24970733138585688,0.2010549268777965,0.025621223859968532,0.016652399510071803,0.4847102955503393,-0.6823679873419461,
242,catalog_linear_z_delta,STAM b=461.3626922 original,450,0.0251,0.98024,-0.08668757396390848,0.2552622558281819,0.20504386849878004,0.01183262030362943,0.0027795865897779493,0.4847102955503393,-0.6823679873419461,
242,catalog_linear_z_delta,STAM b=1335.412792 DES-style,450,0.0251,0.98024,-0.1993868268762744,0.3191116050627913,0.2587657702430515,-0.09820199726736152,-0.10418617097879945,0.4847102955503393,-0.6823679873419461,
242,catalog_linear_z_delta,LCDM fixed H0=70 Om=0.3,450,0.0251,0.98024,-0.21072400604441616,0.30042242422826115,0.2542367902783804,-0.12221015192048096,-0.14935871100987796,0.4847102955503393,-0.6823679873419461,
242,catalog_quadratic_z_delta,STAM b=354.95 union-style,450,0.0251,0.98024,-0.08231793148627414,0.2792203209746456,0.2099357729345483,0.018449918997998065,0.03686899588808146,0.6713372640923051,-2.4640247531236996,2.419126909988521
242,catalog_quadratic_z_delta,STAM b=461.3626922 original,450,0.0251,0.98024,-0.09645104072346058,0.2845631953163186,0.21275206249249715,0.004661315441658963,0.022706171677775444,0.6713372640923051,-2.4640247531236996,2.419126909988521
242,catalog_quadratic_z_delta,STAM b=1335.412792 DES-style,450,0.0251,0.98024,-0.2091502936358265,0.3454103214622318,0.25709467601860814,-0.10537330212933199,-0.0883694865384399,0.6713372640923051,-2.4640247531236996,2.419126909988521
242,catalog_quadratic_z_delta,LCDM fixed H0=70 Om=0.3,450,0.0251,0.98024,-0.22048747280396816,0.3211373732658041,0.2525439629805659,-0.12938145678245144,-0.12334259285567484,0.6713372640923051,-2.4640247531236996,2.419126909988521
242,raw_no_catalog_correction,STAM b=354.95 union-style,450,0.0251,0.98024,0.13461047103074364,0.19812441981987403,0.15883991427326485,0.19372208381573888,0.16002377810314883,,,
242,raw_no_catalog_correction,STAM b=461.3626922 original,450,0.0251,0.98024,0.12047736179355717,0.1889933154295815,0.14938830001836026,0.17993348025939976,0.14692561325360387,,,
242,raw_no_catalog_correction,STAM b=1335.412792 DES-style,450,0.0251,0.98024,0.007778108881191268,0.14815227713862258,0.11160943537465362,0.06989886268840884,0.03712741937869879,,,
242,raw_no_catalog_correction,LCDM fixed H0=70 Om=0.3,450,0.0251,0.98024,-0.0035590702869504605,0.1439486926616554,0.10901200350674843,0.04589070803528939,0.008401637954193575,,,
243,catalog_bin_median_delta,STAM b=354.95 union-style,450,0.02591,0.99268,-0.08084620201948117,0.31158351238493803,0.21618841988612947,0.020552883919063684,0.024921232318604325,,,
243,catalog_bin_median_delta,STAM b=461.3626922 original,450,0.02591,0.99268,-0.09505987432119054,0.31630096619144316,0.2170297476859716,0.0067612067574548485,0.012107411952644753,,,
243,catalog_bin_median_delta,STAM b=1335.412792 DES-style,450,0.02591,0.99268,-0.20838327517970226,0.371672191208987,0.25188324982920224,-0.10329738732658893,-0.09527286435312377,,,
243,catalog_bin_median_delta,LCDM fixed H0=70 Om=0.3,450,0.02591,0.99268,-0.2175135792273808,0.3503399015034508,0.2541952478618729,-0.12734044104476971,-0.13014023450044832,,,
243,catalog_linear_z_delta,STAM b=354.95 union-style,450,0.02591,0.99268,-0.07394380426164938,0.2428661403689771,0.1979484767554275,0.030171174065393446,0.014667025926303978,0.48115833465162194,-0.6724716276916186,
243,catalog_linear_z_delta,STAM b=461.3626922 original,450,0.02591,0.99268,-0.08815747656335877,0.24864208804638,0.2022711948397252,0.01637949690378461,0.001581474188554921,0.48115833465162194,-0.6724716276916186,
243,catalog_linear_z_delta,STAM b=1335.412792 DES-style,450,0.02591,0.99268,-0.20148087742187049,0.3145252230473746,0.2581538219867957,-0.09367909718025917,-0.10520255437752368,0.48115833465162194,-0.6724716276916186,
243,catalog_linear_z_delta,LCDM fixed H0=70 Om=0.3,450,0.02591,0.99268,-0.210611181469549,0.29457114111252425,0.25164822107355717,-0.11772215089843995,-0.14842659497376687,0.48115833465162194,-0.6724716276916186,
243,catalog_quadratic_z_delta,STAM b=354.95 union-style,450,0.02591,0.99268,-0.0802712481304729,0.2750066741735492,0.21250623628403723,0.023565847600771957,0.02590356819260009,0.6695158754313414,-2.4706495091521825,2.441559219224081
243,catalog_quadratic_z_delta,STAM b=461.3626922 original,450,0.02591,0.99268,-0.09448492043218228,0.28034672339687805,0.21528251823190211,0.009774170439163123,0.012446695247046335,0.6695158754313414,-2.4706495091521825,2.441559219224081
243,catalog_quadratic_z_delta,STAM b=1335.412792 DES-style,450,0.02591,0.99268,-0.20780832129069401,0.3416296825649772,0.2573939693438399,-0.10028442364488066,-0.09586874496469733,0.6695158754313414,-2.4706495091521825,2.441559219224081
243,catalog_quadratic_z_delta,LCDM fixed H0=70 Om=0.3,450,0.02591,0.99268,-0.21693862533837246,0.3154225640896271,0.24917474067046752,-0.12432747736306143,-0.13747055316526513,0.6695158754313414,-2.4706495091521825,2.441559219224081
243,raw_no_catalog_correction,STAM b=354.95 union-style,450,0.02591,0.99268,0.14319211568161344,0.20101537761720992,0.16363270467022728,0.19974495058573016,0.15998445020252205,,,
243,raw_no_catalog_correction,STAM b=461.3626922 original,450,0.02591,0.99268,0.12897844337990408,0.19130873761040662,0.1537537467570413,0.1859532734241213,0.14709385328087876,,,
243,raw_no_catalog_correction,STAM b=1335.412792 DES-style,450,0.02591,0.99268,0.015655042521392368,0.14427729634230074,0.11188259644890765,0.07589467934007753,0.03730902503861344,,,
243,raw_no_catalog_correction,LCDM fixed H0=70 Om=0.3,450,0.02591,0.99268,0.0065247384737138646,0.14042516297474264,0.1101296038260163,0.05185162562189674,0.018066751709231,,,
244,catalog_bin_median_delta,STAM b=354.95 union-style,450,0.0251,0.99268,-0.06777172925252117,0.2790853402018375,0.1931399200364547,0.0002482162582302294,0.02933642827000682,,,
244,catalog_bin_median_delta,STAM b=461.3626922 original,450,0.0251,0.99268,-0.08198941333957013,0.2835495998982959,0.19402829038530361,-0.013545265852126486,0.014976957820625358,,,
244,catalog_bin_median_delta,STAM b=1335.412792 DES-style,450,0.0251,0.99268,-0.19534474527356427,0.3390094177960774,0.23768373488812256,-0.12361786742730116,-0.09585306077709888,,,
244,catalog_bin_median_delta,LCDM fixed H0=70 Om=0.3,450,0.0251,0.99268,-0.20499649154730232,0.31958483162688267,0.2379866766927289,-0.14763137161085207,-0.13153115196562482,,,
244,catalog_linear_z_delta,STAM b=354.95 union-style,450,0.0251,0.99268,-0.07049892217339009,0.22977720271790386,0.18629414211882897,0.012743227656677791,0.012250655965409862,0.4540976278483242,-0.6335306265596524,
244,catalog_linear_z_delta,STAM b=461.3626922 original,450,0.0251,0.99268,-0.08471660626043906,0.23555297673330833,0.19070126059612352,-0.0010502544536789237,-0.0013757877931865892,0.4540976278483242,-0.6335306265596524,
244,catalog_linear_z_delta,STAM b=1335.412792 DES-style,450,0.0251,0.99268,-0.19807193819443317,0.3023229318448722,0.24652475921366873,-0.1111228560288536,-0.11053336665057145,0.4540976278483242,-0.6335306265596524,
244,catalog_linear_z_delta,LCDM fixed H0=70 Om=0.3,450,0.0251,0.99268,-0.2077236844681712,0.2846267878121634,0.24053880025703192,-0.13513636021240452,-0.15177855051949862,0.4540976278483242,-0.6335306265596524,
244,catalog_quadratic_z_delta,STAM b=354.95 union-style,450,0.0251,0.99268,-0.07311960942504044,0.26686245356775257,0.20674771287874338,0.006384508339457603,0.033257779889982686,0.6435914499117054,-2.442556153741966,2.4562881121172033
244,catalog_quadratic_z_delta,STAM b=461.3626922 original,450,0.0251,0.99268,-0.08733729351208941,0.2718849803018765,0.20892415899202693,-0.007408973770899113,0.020577242950004404,0.6435914499117054,-2.442556153741966,2.4562881121172033
244,catalog_quadratic_z_delta,STAM b=1335.412792 DES-style,450,0.0251,0.99268,-0.20069262544608354,0.33163957903499613,0.2501968724958242,-0.11748157534607379,-0.08831942801952408,0.6435914499117054,-2.442556153741966,2.4562881121172033
244,catalog_quadratic_z_delta,LCDM fixed H0=70 Om=0.3,450,0.0251,0.99268,-0.21034437171982157,0.30762602307363623,0.24315427073189216,-0.1414950795296247,-0.12751059734837966,0.6435914499117054,-2.442556153741966,2.4562881121172033
244,raw_no_catalog_correction,STAM b=354.95 union-style,450,0.0251,0.99268,0.13570327673775093,0.19603264119333563,0.16006565186150948,0.1735165273693422,0.16079979525826005,,,
244,raw_no_catalog_correction,STAM b=461.3626922 original,450,0.0251,0.99268,0.12148559265070194,0.18659411308839371,0.1504825369175642,0.15972304525898548,0.1471766302089499,,,
244,raw_no_catalog_correction,STAM b=1335.412792 DES-style,450,0.0251,0.99268,0.00813026071670784,0.1435633371374354,0.11123846816096643,0.0496504436838108,0.03705359656425955,,,
244,raw_no_catalog_correction,LCDM fixed H0=70 Om=0.3,450,0.0251,0.99268,-0.0015214855570302181,0.14118308401632296,0.108971261675984,0.02563693950025988,0.011386107764522535,,,
245,catalog_bin_median_delta,STAM b=354.95 union-style,450,0.0251,0.97242,-0.06133889615880685,0.2833126722221632,0.19370991981160948,0.020879849088643647,0.01694378927771112,,,
245,catalog_bin_median_delta,STAM b=461.3626922 original,450,0.0251,0.97242,-0.07558360822125273,0.28731152800221926,0.19449754744257572,0.007086027947861769,0.004390980678095957,,,
245,catalog_bin_median_delta,STAM b=1335.412792 DES-style,450,0.0251,0.97242,-0.18914845683200124,0.33956819824957807,0.2328285283752507,-0.10298937053922923,-0.09986970853353938,,,
245,catalog_bin_median_delta,LCDM fixed H0=70 Om=0.3,450,0.0251,0.97242,-0.19814563315075262,0.3231185297749347,0.23863223833335995,-0.12712844579423332,-0.1391957177590939,,,
245,catalog_linear_z_delta,STAM b=354.95 union-style,450,0.0251,0.97242,-0.06863900595459518,0.21683191856934061,0.17412683154609326,0.03395896341558739,0.003452057700773281,0.4247561902037577,-0.5659602106422964,
245,catalog_linear_z_delta,STAM b=461.3626922 original,450,0.0251,0.97242,-0.08288371801704109,0.22274497776303057,0.1798474077901656,0.020165142274805512,-0.010522054669902303,0.4247561902037577,-0.5659602106422964,
245,catalog_linear_z_delta,STAM b=1335.412792 DES-style,450,0.0251,0.97242,-0.1964485666277896,0.29135188880902424,0.24369552803526384,-0.08991025621228547,-0.11881963430538889,0.4247561902037577,-0.5659602106422964,
245,catalog_linear_z_delta,LCDM fixed H0=70 Om=0.3,450,0.0251,0.97242,-0.20544574294654097,0.27511590194537583,0.23939156368571823,-0.11404933146728959,-0.15450241346534455,0.4247561902037577,-0.5659602106422964,
245,catalog_quadratic_z_delta,STAM b=354.95 union-style,450,0.0251,0.97242,-0.06965517873630148,0.24761789415036936,0.18995056199596544,0.02923488004904363,0.02690831880205735,0.6088941633637319,-2.323855483125574,2.386863643031694
245,catalog_quadratic_z_delta,STAM b=461.3626922 original,450,0.0251,0.97242,-0.08389989079874738,0.2527696424782511,0.1917891464838896,0.015441058908261753,0.013756086771071097,0.6088941633637319,-2.323855483125574,2.386863643031694
245,catalog_quadratic_z_delta,STAM b=1335.412792 DES-style,450,0.0251,0.97242,-0.19746473940949588,0.3146365012886189,0.23958032862802042,-0.09463433957882923,-0.09354307117527227,0.6088941633637319,-2.323855483125574,2.386863643031694
245,catalog_quadratic_z_delta,LCDM fixed H0=70 Om=0.3,450,0.0251,0.97242,-0.20646191572824724,0.29191783719961173,0.23553174456822423,-0.11877341483383334,-0.1334085076126783,0.6088941633637319,-2.323855483125574,2.386863643031694
245,raw_no_catalog_correction,STAM b=354.95 union-style,450,0.0251,0.97242,0.13738465121894833,0.19405196264429914,0.15647257329399408,0.19680996019975538,0.1583920147374691,,,
245,raw_no_catalog_correction,STAM b=461.3626922 original,450,0.0251,0.97242,0.12313993915650243,0.18438897674820834,0.14721434739147024,0.18301613905897351,0.1454311678677982,,,
245,raw_no_catalog_correction,STAM b=1335.412792 DES-style,450,0.0251,0.97242,0.009575090545753928,0.13958045719179651,0.10834574656860109,0.07294074057188252,0.03412853833323837,,,
245,raw_no_catalog_correction,LCDM fixed H0=70 Om=0.3,450,0.0251,0.97242,0.0005779142270025246,0.13695634408992985,0.10782853144182075,0.048801665316878406,0.010415634870682311,,,
246,catalog_bin_median_delta,STAM b=354.95 union-style,450,0.02512,0.98536,-0.09620093297326779,0.29416628304500764,0.19952530283739905,-0.01354636292410815,-0.0030166176765789032,,,
246,catalog_bin_median_delta,STAM b=461.3626922 original,450,0.02512,0.98536,-0.11042657394569229,0.29972042022192114,0.2023763059732079,-0.027344881568353165,-0.01759758715720494,,,
246,catalog_bin_median_delta,STAM b=1335.412792 DES-style,450,0.02512,0.98536,-0.2238427274524363,0.3614654044406474,0.25554108229573064,-0.13745663601407476,-0.12780980329244684,,,
246,catalog_bin_median_delta,LCDM fixed H0=70 Om=0.3,450,0.02512,0.98536,-0.2326554803294572,0.3458607779200343,0.2616837427076881,-0.16144412927007196,-0.16903824267783207,,,
246,catalog_linear_z_delta,STAM b=354.95 union-style,450,0.02512,0.98536,-0.10920927797901576,0.25347417782659903,0.20076203906532236,-0.00489712799564245,-0.02382917259609485,0.4775480791949656,-0.6455832583471766,
246,catalog_linear_z_delta,STAM b=461.3626922 original,450,0.02512,0.98536,-0.12343491895144025,0.2609083540439649,0.2069616443467039,-0.018695646639887462,-0.03687634732701639,0.4775480791949656,-0.6455832583471766,
246,catalog_linear_z_delta,STAM b=1335.412792 DES-style,450,0.02512,0.98536,-0.23685107245818426,0.3362406019431064,0.2782569693936149,-0.12880740108560906,-0.14334593004317497,0.4775480791949656,-0.6455832583471766,
246,catalog_linear_z_delta,LCDM fixed H0=70 Om=0.3,450,0.02512,0.98536,-0.24566382533520517,0.3191865840892189,0.27631794573188356,-0.15279489434160629,-0.1796260569074981,0.4775480791949656,-0.6455832583471766,
246,catalog_quadratic_z_delta,STAM b=354.95 union-style,450,0.02512,0.98536,-0.11513470186601202,0.2850411434624358,0.21545020530623865,-0.009195810794069404,0.004479024715760005,0.6556627950462276,-2.3459767816462334,2.3087879825034867
246,catalog_quadratic_z_delta,STAM b=461.3626922 original,450,0.02512,0.98536,-0.12936034283843648,0.29186489846305014,0.2193673179921751,-0.022994329438314417,-0.008418242648808416,0.6556627950462276,-2.3459767816462334,2.3087879825034867
246,catalog_quadratic_z_delta,STAM b=1335.412792 DES-style,450,0.02512,0.98536,-0.24277649634518045,0.3620390559991373,0.27647421392147276,-0.13310608388403602,-0.11374291477490672,0.6556627950462276,-2.3459767816462334,2.3087879825034867
246,catalog_quadratic_z_delta,LCDM fixed H0=70 Om=0.3,450,0.02512,0.98536,-0.25158924922220144,0.339589028828606,0.2742538652757764,-0.15709357714003325,-0.15501822414884714,0.6556627950462276,-2.3459767816462334,2.3087879825034867
246,raw_no_catalog_correction,STAM b=354.95 union-style,450,0.02512,0.98536,0.11620980943835728,0.1868949130455201,0.14801594831691778,0.1744265481870032,0.13926993131456555,,,
246,raw_no_catalog_correction,STAM b=461.3626922 original,450,0.02512,0.98536,0.10198416846593279,0.17856333418990264,0.13999962908304428,0.1606280295427582,0.12479816032369584,,,
246,raw_no_catalog_correction,STAM b=1335.412792 DES-style,450,0.02512,0.98536,-0.011431985040811232,0.14903533893592608,0.11355090161348516,0.05051627509703659,0.010107065219649769,,,
246,raw_no_catalog_correction,LCDM fixed H0=70 Om=0.3,450,0.02512,0.98536,-0.02024473791783215,0.1461625496825293,0.11249217246012502,0.02652878184103939,-0.007401485734764179,,,
247,catalog_bin_median_delta,STAM b=354.95 union-style,450,0.02517,0.99268,-0.07625124381140393,0.28476194226660956,0.2013998762368241,-0.010052445231733948,0.010497012503616787,,,
247,catalog_bin_median_delta,STAM b=461.3626922 original,450,0.02517,0.99268,-0.09045819276934644,0.2894214453997757,0.2029087415670774,-0.023848866704658824,-0.003262191943846915,,,
247,catalog_bin_median_delta,STAM b=1335.412792 DES-style,450,0.02517,0.99268,-0.20373022040536523,0.34582420316986495,0.24718458570331095,-0.13394491680920143,-0.11079388922418687,,,
247,catalog_bin_median_delta,LCDM fixed H0=70 Om=0.3,450,0.02517,0.99268,-0.2135632629222058,0.3312634153275993,0.2505775473586299,-0.158405675413129,-0.14723425715924066,,,
247,catalog_linear_z_delta,STAM b=354.95 union-style,450,0.02517,0.99268,-0.08477166540608896,0.2309329077712382,0.18707293961228758,-0.0003977616318654813,-0.01921457583518915,0.43692278256556166,-0.5780271354620488,
247,catalog_linear_z_delta,STAM b=461.3626922 original,450,0.02517,0.99268,-0.09897861436403145,0.23743333280802587,0.19286603509915914,-0.01419418310479036,-0.03207050654500421,0.43692278256556166,-0.5780271354620488,
247,catalog_linear_z_delta,STAM b=1335.412792 DES-style,450,0.02517,0.99268,-0.2122506420000503,0.3084235394659718,0.25709404076095826,-0.12429023320933295,-0.1376551412015239,0.43692278256556166,-0.5780271354620488,
247,catalog_linear_z_delta,LCDM fixed H0=70 Om=0.3,450,0.02517,0.99268,-0.22208368451689078,0.29421210347481724,0.25331034364860877,-0.14875099181326057,-0.17789637664648694,0.43692278256556166,-0.5780271354620488,
247,catalog_quadratic_z_delta,STAM b=354.95 union-style,450,0.02517,0.99268,-0.08891079393362517,0.2690690493720949,0.20868260535669864,-0.0018774335110122485,0.010845770758162843,0.6230537746107567,-2.3549490020593806,2.412697881539773
247,catalog_quadratic_z_delta,STAM b=461.3626922 original,450,0.02517,0.99268,-0.10311774289156772,0.2747657658059525,0.21176418825376406,-0.015673854983937127,-0.002909321677694976,0.6230537746107567,-2.3549490020593806,2.412697881539773
247,catalog_quadratic_z_delta,STAM b=1335.412792 DES-style,450,0.02517,0.99268,-0.21638977052758654,0.33864368045035564,0.2631896239720039,-0.1257699050884797,-0.11379087387556197,0.6230537746107567,-2.3549490020593806,2.412697881539773
247,catalog_quadratic_z_delta,LCDM fixed H0=70 Om=0.3,450,0.02517,0.99268,-0.226222813044427,0.31901424784144805,0.2582795452278173,-0.15023066369240734,-0.15109691574281925,0.6230537746107567,-2.3549490020593806,2.412697881539773
247,raw_no_catalog_correction,STAM b=354.95 union-style,450,0.02517,0.99268,0.12480008279562488,0.19821367377785554,0.15835718455533315,0.169563021434932,0.15263400058303844,,,
247,raw_no_catalog_correction,STAM b=461.3626922 original,450,0.02517,0.99268,0.11059313383768238,0.1896789420110466,0.1503283512872623,0.1557665999620071,0.13783092464435853,,,
247,raw_no_catalog_correction,STAM b=1335.412792 DES-style,450,0.02517,0.99268,-0.0026788937983364485,0.15540725423647966,0.12058253895180553,0.04567054985746452,0.02274747134859112,,,
247,raw_no_catalog_correction,LCDM fixed H0=70 Om=0.3,450,0.02517,0.99268,-0.012511936315176947,0.15458131796815452,0.11998084521265698,0.021209791253536912,0.004686055204185635,,,
248,catalog_bin_median_delta,STAM b=354.95 union-style,450,0.0251,0.98536,-0.07146583136735156,0.2743190434517972,0.19744333723471222,0.013229159183017238,0.01033289986393271,,,
248,catalog_bin_median_delta,STAM b=461.3626922 original,450,0.0251,0.98536,-0.0856626057063615,0.2789908888457875,0.19923108938892253,-0.0005663307400791951,-0.0035581711534362626,,,
248,catalog_bin_median_delta,STAM b=1335.412792 DES-style,450,0.0251,0.98536,-0.19885598170767863,0.3360260871850318,0.24179964896372586,-0.11065461155133936,-0.11047269399487192,,,
248,catalog_bin_median_delta,LCDM fixed H0=70 Om=0.3,450,0.0251,0.98536,-0.20911005367802904,0.31929826893678936,0.2439815067082547,-0.13471174214545426,-0.14773997791511562,,,
248,catalog_linear_z_delta,STAM b=354.95 union-style,450,0.0251,0.98536,-0.07727059568888575,0.23322475692937072,0.1856580391470546,0.018906086846054014,-9.836907948113094e-05,0.4457571515661151,-0.591216411863022,
248,catalog_linear_z_delta,STAM b=461.3626922 original,450,0.0251,0.98536,-0.09146737002789568,0.2392585037953834,0.19049339203113583,0.005110596922957582,-0.012663670156925377,0.4457571515661151,-0.591216411863022,
248,catalog_linear_z_delta,STAM b=1335.412792 DES-style,450,0.0251,0.98536,-0.20466074602921283,0.3072860974063165,0.2506264222186019,-0.10497768388830259,-0.12083896887255108,0.4457571515661151,-0.591216411863022,
248,catalog_linear_z_delta,LCDM fixed H0=70 Om=0.3,450,0.0251,0.98536,-0.21491481799956316,0.291458734197553,0.24813332489857184,-0.1290348144824175,-0.16225613035097552,0.4457571515661151,-0.591216411863022,
248,catalog_quadratic_z_delta,STAM b=354.95 union-style,450,0.0251,0.98536,-0.08017594801934581,0.26401568839475137,0.20357253115364238,0.014403543821114305,0.008203615899756045,0.608771729046369,-2.1474546509438825,2.1130544753729668
248,catalog_quadratic_z_delta,STAM b=461.3626922 original,450,0.0251,0.98536,-0.09437272235835574,0.2694158709952969,0.20632278652974562,0.0006080538980178732,-0.005221235563269033,0.608771729046369,-2.1474546509438825,2.1130544753729668
248,catalog_quadratic_z_delta,STAM b=1335.412792 DES-style,450,0.0251,0.98536,-0.20756609835967285,0.33167274606161984,0.2539393646450211,-0.10948022691324229,-0.11520029170912238,0.608771729046369,-2.1474546509438825,2.1130544753729668
248,catalog_quadratic_z_delta,LCDM fixed H0=70 Om=0.3,450,0.0251,0.98536,-0.21782017033002324,0.31026028275278117,0.24908873443755916,-0.1335373575073572,-0.1570979673954298,0.608771729046369,-2.1474546509438825,2.1130544753729668
248,raw_no_catalog_correction,STAM b=354.95 union-style,450,0.0251,0.98536,0.1349989698013852,0.20491792526653096,0.1672106045983884,0.19121427029412877,0.1581089218185241,,,
248,raw_no_catalog_correction,STAM b=461.3626922 original,450,0.0251,0.98536,0.12080219546237526,0.19598003325297444,0.15861040590353626,0.17741878037103231,0.1444029003860514,,,
248,raw_no_catalog_correction,STAM b=1335.412792 DES-style,450,0.0251,0.98536,0.007608819461058125,0.1561496803186591,0.121865968763944,0.06733049955977218,0.033932310631843876,,,
248,raw_no_catalog_correction,LCDM fixed H0=70 Om=0.3,450,0.0251,0.98536,-0.0026452525092922857,0.1525556818242252,0.11993226128274119,0.04327336896565727,0.005608507388199513,,,
249,catalog_bin_median_delta,STAM b=354.95 union-style,450,0.0251,0.97489,-0.09592039006840387,0.28986134245238426,0.19500659381007268,-0.004862290178327413,-0.002252991281959993,,,
249,catalog_bin_median_delta,STAM b=461.3626922 original,450,0.0251,0.97489,-0.11011813955965079,0.2954853353794827,0.19832389554933014,-0.018661950506223945,-0.016212139650566115,,,
249,catalog_bin_median_delta,STAM b=1335.412792 DES-style,450,0.0251,0.97489,-0.22331810151919676,0.35781084496978904,0.253150583378265,-0.12878279185717156,-0.12329393023064839,,,
249,catalog_bin_median_delta,LCDM fixed H0=70 Om=0.3,450,0.0251,0.97489,-0.2328286110696953,0.341355410775767,0.2587687508532525,-0.15292049416066095,-0.15834900723487166,,,
249,catalog_linear_z_delta,STAM b=354.95 union-style,450,0.0251,0.97489,-0.09765519744036162,0.23941317612008342,0.191639322614753,0.0033845117052150424,-0.01350901849752617,0.4672736946881006,-0.6218295212983422,
249,catalog_linear_z_delta,STAM b=461.3626922 original,450,0.0251,0.97489,-0.11185294693160854,0.2465318294794052,0.19704679117161727,-0.01041514862268149,-0.027331463575844595,0.4672736946881006,-0.6218295212983422,
249,catalog_linear_z_delta,STAM b=1335.412792 DES-style,450,0.0251,0.97489,-0.2250529088911545,0.3206369447117785,0.26381281743249363,-0.12053598997362912,-0.13557629264639814,0.4672736946881006,-0.6218295212983422,
249,catalog_linear_z_delta,LCDM fixed H0=70 Om=0.3,450,0.0251,0.97489,-0.23456341844165302,0.3042077068704643,0.26146783953970926,-0.1446736922771185,-0.18063018316797042,0.4672736946881006,-0.6218295212983422,
249,catalog_quadratic_z_delta,STAM b=354.95 union-style,450,0.0251,0.97489,-0.10445269543217332,0.275606345624093,0.20645669331818842,5.0476750521223975e-05,0.010046822197143257,0.6520859643420167,-2.3861620462321103,2.3956041203943683
249,catalog_quadratic_z_delta,STAM b=461.3626922 original,450,0.0251,0.97489,-0.11865044492342025,0.2820700779116578,0.2106134664261426,-0.013749183577375309,-0.004042592177491144,0.6520859643420167,-2.3861620462321103,2.3956041203943683
249,catalog_quadratic_z_delta,STAM b=1335.412792 DES-style,450,0.0251,0.97489,-0.2318504068829662,0.350365004816859,0.2681252855229492,-0.12387002492832293,-0.11264299104596986,0.6520859643420167,-2.3861620462321103,2.3956041203943683
249,catalog_quadratic_z_delta,LCDM fixed H0=70 Om=0.3,450,0.0251,0.97489,-0.24136091643346477,0.3284008959655181,0.26530111160289144,-0.1480077272318123,-0.15053910030117734,0.6520859643420167,-2.3861620462321103,2.3956041203943683
249,raw_no_catalog_correction,STAM b=354.95 union-style,450,0.0251,0.97489,0.12372389535196887,0.18903446907218374,0.15193742431315424,0.18364579871055967,0.14616953814875444,,,
249,raw_no_catalog_correction,STAM b=461.3626922 original,450,0.0251,0.97489,0.10952614586072194,0.1801864067920572,0.1431695563609247,0.16984613838266313,0.13177910555569028,,,
249,raw_no_catalog_correction,STAM b=1335.412792 DES-style,450,0.0251,0.97489,-0.003673816098824014,0.1448132986375672,0.11029730086011474,0.0597252970317155,0.02092654676167527,,,
249,raw_no_catalog_correction,LCDM fixed H0=70 Om=0.3,450,0.0251,0.97489,-0.013184325649322553,0.14309717754020781,0.11116766544967926,0.03558759472822613,-0.004208316983234539,,,
250,catalog_bin_median_delta,STAM b=354.95 union-style,450,0.02512,0.99268,-0.084147478080479,0.2973793672369915,0.1999529028510203,-0.023720080574890435,0.005358265385183358,,,
250,catalog_bin_median_delta,STAM b=461.3626922 original,450,0.02512,0.99268,-0.09839411311379392,0.3023698571568831,0.20182914837186847,-0.037506491071457225,-0.008339740320010947,,,
250,catalog_bin_median_delta,STAM b=1335.412792 DES-style,450,0.02512,0.99268,-0.2119736336132516,0.3603408384432187,0.24936820325101564,-0.14752414564591118,-0.12052942478171147,,,
250,catalog_bin_median_delta,LCDM fixed H0=70 Om=0.3,450,0.02512,0.99268,-0.22074994811009763,0.34131323413153536,0.24978277710481003,-0.17161823532812523,-0.15210648377279767,,,
250,catalog_linear_z_delta,STAM b=354.95 union-style,450,0.02512,0.99268,-0.10084223123316849,0.26066845553770984,0.2099218208556738,-0.013614638873863135,-0.018641769374408312,0.493137837753767,-0.6886320717915911,
250,catalog_linear_z_delta,STAM b=461.3626922 original,450,0.02512,0.99268,-0.11508886626648346,0.2675011692243616,0.2154503056136396,-0.027401049370429923,-0.03251391752975863,0.493137837753767,-0.6886320717915911,
250,catalog_linear_z_delta,STAM b=1335.412792 DES-style,450,0.02512,0.99268,-0.22866838676594117,0.3389084003048039,0.2804283903218676,-0.1374187039448839,-0.14118071425558654,0.493137837753767,-0.6886320717915911,
250,catalog_linear_z_delta,LCDM fixed H0=70 Om=0.3,450,0.02512,0.99268,-0.23744470126278713,0.32040196933579407,0.2745739892332954,-0.16151279362709794,-0.18104390279488314,0.493137837753767,-0.6886320717915911,
250,catalog_quadratic_z_delta,STAM b=354.95 union-style,450,0.02512,0.99268,-0.10308280967801464,0.29784597334637375,0.22501192442872278,-0.020381606563415776,0.010467971308433022,0.6833605430080244,-2.5046159698815766,2.4657361621769724
250,catalog_quadratic_z_delta,STAM b=461.3626922 original,450,0.02512,0.99268,-0.11732944471132957,0.30385507210060436,0.22785810356987235,-0.03416801705998256,-0.003649863868073311,0.6833605430080244,-2.5046159698815766,2.4657361621769724
250,catalog_quadratic_z_delta,STAM b=1335.412792 DES-style,450,0.02512,0.99268,-0.2309089652107873,0.3683591195938872,0.2764438931443928,-0.14418567163443652,-0.11506504765358372,0.6833605430080244,-2.5046159698815766,2.4657361621769724
250,catalog_quadratic_z_delta,LCDM fixed H0=70 Om=0.3,450,0.02512,0.99268,-0.2396852797076333,0.3439673555217653,0.27097082474982875,-0.16827976131665057,-0.1499197798017171,0.6833605430080244,-2.5046159698815766,2.4657361621769724
250,raw_no_catalog_correction,STAM b=354.95 union-style,450,0.02512,0.99268,0.1262599004541666,0.19982168547249163,0.15909261804427546,0.15978107498066588,0.1386671819213916,,,
250,raw_no_catalog_correction,STAM b=461.3626922 original,450,0.02512,0.99268,0.11201326542085167,0.19129246533151864,0.15096334839568826,0.1459946644840991,0.12449311157317666,,,
250,raw_no_catalog_correction,STAM b=1335.412792 DES-style,450,0.02512,0.99268,-0.001566255078606047,0.15696529099319886,0.12216423751988298,0.035977009909645134,0.014625928370065822,,,
250,raw_no_catalog_correction,LCDM fixed H0=70 Om=0.3,450,0.02512,0.99268,-0.01034256957545203,0.15279883268334246,0.11738897439888457,0.01188292022743108,-0.0031119336549316756,,,
251,catalog_bin_median_delta,STAM b=354.95 union-style,450,0.02519,0.96329,-0.05892309095614901,0.2915347113543903,0.20277733025875647,0.027159737155582696,0.02513856444060636,,,
251,catalog_bin_median_delta,STAM b=461.3626922 original,450,0.02519,0.96329,-0.07317101673579691,0.29534536053511584,0.20265923897764992,0.013365356905572697,0.012188936627751445,,,
251,catalog_bin_median_delta,STAM b=1335.412792 DES-style,450,0.02519,0.96329,-0.1867599551827673,0.34587390816351665,0.23775904384583882,-0.09671457962817848,-0.09585306077709888,,,
251,catalog_bin_median_delta,LCDM fixed H0=70 Om=0.3,450,0.02519,0.96329,-0.19508708662517654,0.3276792138144859,0.24299704079264936,-0.12100772432585714,-0.13409108977658946,,,
251,catalog_linear_z_delta,STAM b=354.95 union-style,450,0.02519,0.96329,-0.0644055047670636,0.22475859395396058,0.1793142457644287,0.039393320447327684,0.01080029429321172,0.4327129432187693,-0.5872216000751768,
251,catalog_linear_z_delta,STAM b=461.3626922 original,450,0.02519,0.96329,-0.07865343054671149,0.23025602886156707,0.18407141906814692,0.025598940197317684,-0.0017340620150072539,0.4327129432187693,-0.5872216000751768,
251,catalog_linear_z_delta,STAM b=1335.412792 DES-style,450,0.02519,0.96329,-0.19224236899368186,0.2958244742655541,0.24389319143887186,-0.0844809963364335,-0.10628638929940237,0.4327129432187693,-0.5872216000751768,
251,catalog_linear_z_delta,LCDM fixed H0=70 Om=0.3,450,0.02519,0.96329,-0.20056950043609112,0.2772760826689045,0.2379122092463691,-0.10877414103411215,-0.15107011960431294,0.4327129432187693,-0.5872216000751768,
251,catalog_quadratic_z_delta,STAM b=354.95 union-style,450,0.02519,0.96329,-0.06754227957684428,0.2603712635984216,0.20002437295974163,0.03648118531280512,0.03651147409940236,0.6246995733560727,-2.4200450188773184,2.4886008005789773
251,catalog_quadratic_z_delta,STAM b=461.3626922 original,450,0.02519,0.96329,-0.08179020535649219,0.26524380199384895,0.2018931073906782,0.02268680506279512,0.02224693836721059,0.6246995733560727,-2.4200450188773184,2.4886008005789773
251,catalog_quadratic_z_delta,STAM b=1335.412792 DES-style,450,0.02519,0.96329,-0.19537914380346258,0.32453496801812315,0.24340972109227016,-0.08739313147095605,-0.08926959662297662,0.6246995733560727,-2.4200450188773184,2.4886008005789773
251,catalog_quadratic_z_delta,LCDM fixed H0=70 Om=0.3,450,0.02519,0.96329,-0.2037062752458718,0.2992055381141366,0.23615500451467758,-0.11168627616863472,-0.12226958473849692,0.6246995733560727,-2.4200450188773184,2.4886008005789773
251,raw_no_catalog_correction,STAM b=354.95 union-style,450,0.02519,0.96329,0.14139710637156447,0.20256235810876774,0.16661836947824107,0.20055747048891517,0.1632503101310796,,,
251,raw_no_catalog_correction,STAM b=461.3626922 original,450,0.02519,0.96329,0.12714918059191657,0.19302627271163256,0.1573106272345267,0.18676309023890517,0.14865093404042895,,,
251,raw_no_catalog_correction,STAM b=1335.412792 DES-style,450,0.02519,0.96329,0.01356024214494616,0.1477557038573139,0.11221017733044264,0.076683153705154,0.03938623872666014,,,
251,raw_no_catalog_correction,LCDM fixed H0=70 Om=0.3,450,0.02519,0.96329,0.005233110702536933,0.14508375578974236,0.11196972618410742,0.052390009007475334,0.017711058155743586,,,
252,catalog_bin_median_delta,STAM b=354.95 union-style,450,0.02556,0.98846,-0.08138512040573301,0.2909514578995962,0.20193311975496644,0.0008786503657486517,0.018795903823249915,,,
252,catalog_bin_median_delta,STAM b=461.3626922 original,450,0.02556,0.98846,-0.09560645696723383,0.29583141433021776,0.20281941923297578,-0.012908763921140386,0.005373922624460903,,,
252,catalog_bin_median_delta,STAM b=1335.412792 DES-style,450,0.02556,0.98846,-0.20899038736136197,0.3533588513075884,0.24513443173246707,-0.12293437579435539,-0.10336570000237444,,,
252,catalog_bin_median_delta,LCDM fixed H0=70 Om=0.3,450,0.02556,0.98846,-0.218767635257869,0.33777998277891264,0.25172563664408826,-0.14711968558838048,-0.14014053027760198,,,
252,catalog_linear_z_delta,STAM b=354.95 union-style,450,0.02556,0.98846,-0.08683684096061539,0.23154775608154088,0.18695383137565344,0.010942653958063696,-0.015813505854133325,0.43696536857992996,-0.5797554851213704,
252,catalog_linear_z_delta,STAM b=461.3626922 original,450,0.02556,0.98846,-0.1010581775221162,0.2381903529283373,0.1928505221961233,-0.0028447603288253415,-0.029406862549464563,0.43696536857992996,-0.5797554851213704,
252,catalog_linear_z_delta,STAM b=1335.412792 DES-style,450,0.02556,0.98846,-0.21444210791624435,0.3100181224277064,0.257434878089182,-0.11287037220204034,-0.13602160756791903,0.43696536857992996,-0.5797554851213704,
252,catalog_linear_z_delta,LCDM fixed H0=70 Om=0.3,450,0.02556,0.98846,-0.22421935581275138,0.29496653375235277,0.25485018731837106,-0.13705568199606544,-0.17308021751411218,0.43696536857992996,-0.5797554851213704,
252,catalog_quadratic_z_delta,STAM b=354.95 union-style,450,0.02556,0.98846,-0.08784032223655248,0.2647029496780918,0.20336637760115794,0.00439270526419389,0.009364917597153521,0.6119363052164071,-2.2501365426342406,2.2680371684225165
252,catalog_quadratic_z_delta,STAM b=461.3626922 original,450,0.02556,0.98846,-0.10206165879805329,0.27049128028453284,0.20651877298583188,-0.009394709022695149,-0.004409350044529248,0.6119363052164071,-2.2501365426342406,2.2680371684225165
252,catalog_quadratic_z_delta,STAM b=1335.412792 DES-style,450,0.02556,0.98846,-0.2154455891921814,0.3352120462144266,0.25906999259372326,-0.11942032089591015,-0.11440745747848524,0.6119363052164071,-2.2501365426342406,2.2680371684225165
252,catalog_quadratic_z_delta,LCDM fixed H0=70 Om=0.3,450,0.02556,0.98846,-0.22522283708868843,0.3141156753151616,0.25489356587277423,-0.14360563068993523,-0.15395992348694776,0.6119363052164071,-2.2501365426342406,2.2680371684225165
252,raw_no_catalog_correction,STAM b=354.95 union-style,450,0.02556,0.98846,0.12377851753921564,0.1929233034604135,0.15411264284195686,0.1788476503657481,0.1449004905235114,,,
252,raw_no_catalog_correction,STAM b=461.3626922 original,450,0.02556,0.98846,0.10955718097771484,0.18426745615938048,0.14578298502602255,0.16506023607885906,0.13103696768589046,,,
252,raw_no_catalog_correction,STAM b=1335.412792 DES-style,450,0.02556,0.98846,-0.0038267494164132883,0.15004805290438003,0.11496107271825876,0.05503462420564407,0.02000381450003985,,,
252,raw_no_catalog_correction,LCDM fixed H0=70 Om=0.3,450,0.02556,0.98846,-0.013603997312920342,0.14728201659076498,0.11246299937354581,0.03084931441161896,0.0031298727556254846,,,
253,catalog_bin_median_delta,STAM b=354.95 union-style,450,0.02591,0.98846,-0.07912942157672995,0.29357772316338,0.19582406162721447,0.0031960763171261105,0.011766176577360454,,,
253,catalog_bin_median_delta,STAM b=461.3626922 original,450,0.02591,0.98846,-0.0933564793110671,0.29840192555916395,0.19704851903359788,-0.01060247428898527,-0.0016463572194602705,,,
253,catalog_bin_median_delta,STAM b=1335.412792 DES-style,450,0.02591,0.98846,-0.20678474998940996,0.3554267451219661,0.24326547092214096,-0.12071453813043018,-0.11209560014531306,,,
253,catalog_bin_median_delta,LCDM fixed H0=70 Om=0.3,450,0.02591,0.98846,-0.21642253367621758,0.3383193858723227,0.24801494526015358,-0.14474003005171818,-0.14733945336080012,,,
253,catalog_linear_z_delta,STAM b=354.95 union-style,450,0.02591,0.98846,-0.09665592505414347,0.2604303038864667,0.208497858688954,0.008876095936564292,0.0005022763834858779,0.4829243678555576,-0.6651214965482671,
253,catalog_linear_z_delta,STAM b=461.3626922 original,450,0.02591,0.98846,-0.11088298278848065,0.26706460039331886,0.21397714244317587,-0.0049224546695470885,-0.012364836355516218,0.4829243678555576,-0.6651214965482671,
253,catalog_linear_z_delta,STAM b=1335.412792 DES-style,450,0.02591,0.98846,-0.22431125346682346,0.33721282257740626,0.2763848540299122,-0.115034518510992,-0.12024587529913688,0.4829243678555576,-0.6651214965482671,
253,catalog_linear_z_delta,LCDM fixed H0=70 Om=0.3,450,0.02591,0.98846,-0.2339490371536311,0.3192250632943318,0.27202985555519593,-0.13906001043228,-0.16200242060391545,0.4829243678555576,-0.6651214965482671,
253,catalog_quadratic_z_delta,STAM b=354.95 union-style,450,0.02591,0.98846,-0.09691561888482082,0.2793548640073866,0.20848592923643514,0.004541661580053215,0.008977986743985866,0.6554583753390387,-2.312238117269999,2.2364488029370495
253,catalog_quadratic_z_delta,STAM b=461.3626922 original,450,0.02591,0.98846,-0.11114267661915798,0.28548960756640085,0.21207442827501255,-0.009256889026058165,-0.00429684833112276,0.6554583753390387,-2.312238117269999,2.2364488029370495
253,catalog_quadratic_z_delta,STAM b=1335.412792 DES-style,450,0.02591,0.98846,-0.22457094729750085,0.351598148620143,0.2647136456500653,-0.11936895286750307,-0.11110066099112714,0.6554583753390387,-2.312238117269999,2.2364488029370495
253,catalog_quadratic_z_delta,LCDM fixed H0=70 Om=0.3,450,0.02591,0.98846,-0.23420873098430847,0.3277097861677523,0.26112042715369815,-0.14339444478879107,-0.14973126752805044,0.6554583753390387,-2.312238117269999,2.2364488029370495
253,raw_no_catalog_correction,STAM b=354.95 union-style,450,0.02591,0.98846,0.1272865354630424,0.19666295930136377,0.15886165845687908,0.1845607874282368,0.15930119500496076,,,
253,raw_no_catalog_correction,STAM b=461.3626922 original,450,0.02591,0.98846,0.11305947772870525,0.18802160626275835,0.1502514746783012,0.17076223682212546,0.14502850587215832,,,
253,raw_no_catalog_correction,STAM b=1335.412792 DES-style,450,0.02591,0.98846,-0.00036879294963762527,0.1531069258469339,0.11677747586800978,0.06065017298068053,0.03168776750422353,,,
253,raw_no_catalog_correction,LCDM fixed H0=70 Om=0.3,450,0.02591,0.98846,-0.010006576636445252,0.14711258377379324,0.11042419748183863,0.036624681059392546,0.005289543360945004,,,
254,catalog_bin_median_delta,STAM b=354.95 union-style,450,0.0251,0.98536,-0.09017457598668686,0.29481225733731814,0.20179257488195762,0.00023947518948124488,0.008401992925683999,,,
254,catalog_bin_median_delta,STAM b=461.3626922 original,450,0.0251,0.98536,-0.1043708201260909,0.3001159863316021,0.20469560091418532,-0.013543639479572912,-0.005158744384360148,,,
254,catalog_bin_median_delta,STAM b=1335.412792 DES-style,450,0.0251,0.98536,-0.2175591343076254,0.3601221652426561,0.25511843821498337,-0.12353598976296946,-0.1121214346959647,,,
254,catalog_bin_median_delta,LCDM fixed H0=70 Om=0.3,450,0.0251,0.98536,-0.22710779470371156,0.3423357228776171,0.2573248422184432,-0.14789835192810769,-0.14496244742576536,,,
254,catalog_linear_z_delta,STAM b=354.95 union-style,450,0.0251,0.98536,-0.09964515784638373,0.2618751087821592,0.21111609630986616,0.009413298047403219,-0.004862799902713988,0.48223093967218483,-0.665211925455212,
254,catalog_linear_z_delta,STAM b=461.3626922 original,450,0.0251,0.98536,-0.11384140198578778,0.2686309170661099,0.21645917253359226,-0.004369816621650939,-0.017933673785414328,0.48223093967218483,-0.665211925455212,
254,catalog_linear_z_delta,STAM b=1335.412792 DES-style,450,0.0251,0.98536,-0.2270297161673223,0.3393647636030002,0.27776776575049034,-0.11436216690504748,-0.12220826445856758,0.48223093967218483,-0.665211925455212,
254,catalog_linear_z_delta,LCDM fixed H0=70 Om=0.3,450,0.0251,0.98536,-0.23657837656340844,0.32070683543772044,0.2733399889915693,-0.1387245290701857,-0.16577988292163326,0.48223093967218483,-0.665211925455212,
254,catalog_quadratic_z_delta,STAM b=354.95 union-style,450,0.0251,0.98536,-0.10749459561116109,0.29565606068910194,0.2244455992233691,0.0040298938999277015,0.017698018689749517,0.6730419848353079,-2.4868124811343923,2.473362438898263
254,catalog_quadratic_z_delta,STAM b=461.3626922 original,450,0.0251,0.98536,-0.12169083975056516,0.30192324293648876,0.22759884648324297,-0.009753220769126455,0.0037390303969040417,0.6730419848353079,-2.4868124811343923,2.473362438898263
254,catalog_quadratic_z_delta,STAM b=1335.412792 DES-style,450,0.0251,0.98536,-0.23487915393209963,0.3680406834331414,0.2802967104393146,-0.11974557105252301,-0.10324580217298518,0.6730419848353079,-2.4868124811343923,2.473362438898263
254,catalog_quadratic_z_delta,LCDM fixed H0=70 Om=0.3,450,0.0251,0.98536,-0.24442781432818575,0.34448284296655046,0.27599042171970134,-0.14410793321766122,-0.14443265029009922,0.6730419848353079,-2.4868124811343923,2.473362438898263
254,raw_no_catalog_correction,STAM b=354.95 union-style,450,0.0251,0.98536,0.1193237341553795,0.1939838266966312,0.15475289409748613,0.18253178630059236,0.14670015800088976,,,
254,raw_no_catalog_correction,STAM b=461.3626922 original,450,0.0251,0.98536,0.10512749001597549,0.18580863439512038,0.1471841096140777,0.1687486716315382,0.1336364097528282,,,
254,raw_no_catalog_correction,STAM b=1335.412792 DES-style,450,0.0251,0.98536,-0.008060824165559016,0.15591214710696288,0.11934629964735616,0.058756321348141634,0.022548674329264884,,,
254,raw_no_catalog_correction,LCDM fixed H0=70 Om=0.3,450,0.0251,0.98536,-0.017609484561645166,0.15026790480676988,0.11750250235530685,0.03439395918300341,-0.002678783293838194,,,
255,catalog_bin_median_delta,STAM b=354.95 union-style,450,0.02509,0.96859,-0.09088410606924258,0.2970422268350932,0.2018248480944065,0.0165714196162088,0.021742781501576047,,,
255,catalog_bin_median_delta,STAM b=461.3626922 original,450,0.02509,0.96859,-0.10510676778057527,0.30248673399252235,0.20409002611063473,0.0027796735802527272,0.008280377151663743,,,
255,catalog_bin_median_delta,STAM b=1335.412792 DES-style,450,0.02509,0.96859,-0.2184996898186015,0.3633390981550285,0.2542498696028202,-0.1072793227073405,-0.09565638360485451,,,
255,catalog_bin_median_delta,LCDM fixed H0=70 Om=0.3,450,0.02509,0.96859,-0.22728666716285958,0.3407802997759036,0.2525535949053022,-0.13123057454038603,-0.1362207660597754,,,
255,catalog_linear_z_delta,STAM b=354.95 union-style,450,0.02509,0.96859,-0.09236514826638144,0.264564981857033,0.2152300250612417,0.027822080404149574,0.009826049171046236,0.5026272484371093,-0.7091052973193984,
255,catalog_linear_z_delta,STAM b=461.3626922 original,450,0.02509,0.96859,-0.1065878099777141,0.27094524576945145,0.22001691397610615,0.014030334368193502,-0.003271623843986049,0.5026272484371093,-0.7091052973193984,
255,catalog_linear_z_delta,STAM b=1335.412792 DES-style,450,0.02509,0.96859,-0.2199807320157404,0.3393028859366536,0.27744232449604184,-0.09602866191939972,-0.11454280335705391,0.5026272484371093,-0.7091052973193984,
255,catalog_linear_z_delta,LCDM fixed H0=70 Om=0.3,450,0.02509,0.96859,-0.22876770935999838,0.31814477142990083,0.26963837907983895,-0.11997991375244525,-0.15302448169594385,0.5026272484371093,-0.7091052973193984,
255,catalog_quadratic_z_delta,STAM b=354.95 union-style,450,0.02509,0.96859,-0.09897987539429379,0.2947383451115695,0.22126168378597136,0.021253811798068196,0.019918593218168468,0.6934384211757905,-2.530707070913964,2.473364092579231
255,catalog_quadratic_z_delta,STAM b=461.3626922 original,450,0.02509,0.96859,-0.1132025371056265,0.30070638472777594,0.22494601202142814,0.007462065762112123,0.00637444397140996,0.6934384211757905,-2.530707070913964,2.473364092579231
255,catalog_quadratic_z_delta,STAM b=1335.412792 DES-style,450,0.02509,0.96859,-0.2265954591436527,0.3650131816252853,0.2760402194535367,-0.1025969305254811,-0.10088256346757518,0.6934384211757905,-2.530707070913964,2.473364092579231
255,catalog_quadratic_z_delta,LCDM fixed H0=70 Om=0.3,450,0.02509,0.96859,-0.23538243648791082,0.33860998406389303,0.2689483462799822,-0.12654818235852663,-0.14224846749727504,0.6934384211757905,-2.530707070913964,2.473364092579231
255,raw_no_catalog_correction,STAM b=354.95 union-style,450,0.02509,0.96859,0.13289987678699167,0.19809452477561781,0.15805229632703832,0.20186473072732042,0.16309942065578298,,,
255,raw_no_catalog_correction,STAM b=461.3626922 original,450,0.02509,0.96859,0.11867721507565897,0.18907265138318943,0.1499888216411118,0.18807298469136435,0.15011094821474202,,,
255,raw_no_catalog_correction,STAM b=1335.412792 DES-style,450,0.02509,0.96859,0.0052842930376327335,0.14996984552870238,0.11702457264705045,0.07801398840377112,0.0406088777374336,,,
255,raw_no_catalog_correction,LCDM fixed H0=70 Om=0.3,450,0.02509,0.96859,-0.0035026843066253274,0.1432555126027554,0.11230697925574944,0.05406273657072559,0.01167521266719973,,,
256,catalog_bin_median_delta,STAM b=354.95 union-style,450,0.02509,0.97242,-0.07171352707407602,0.2786555622185741,0.18664936232150747,-0.0019044224028421297,0.018342021685590737,,,
256,catalog_bin_median_delta,STAM b=461.3626922 original,450,0.02509,0.97242,-0.08591089100637564,0.2832812728238379,0.18782214641468234,-0.015700579149787314,0.004432305838477646,,,
256,catalog_bin_median_delta,STAM b=1335.412792 DES-style,450,0.02509,0.97242,-0.19911007297267808,0.33975851760060993,0.23365712786849316,-0.12579428012317534,-0.1087531499016805,,,
256,catalog_bin_median_delta,LCDM fixed H0=70 Om=0.3,450,0.02509,0.97242,-0.21028711095898353,0.32422148900616066,0.23994049036855852,-0.1500297273914968,-0.14221485954224278,,,
256,catalog_linear_z_delta,STAM b=354.95 union-style,450,0.02509,0.97242,-0.08748625312967181,0.24322410388768476,0.19764057118415596,0.005983379656380663,-0.01502282257594345,0.4762822030308273,-0.6600652411589341,
256,catalog_linear_z_delta,STAM b=461.3626922 original,450,0.02509,0.97242,-0.10168361706197143,0.2496842845025361,0.2030565817361113,-0.007812777090564521,-0.028089498141074642,0.4762822030308273,-0.6600652411589341,
256,catalog_linear_z_delta,STAM b=1335.412792 DES-style,450,0.02509,0.97242,-0.21488279902827384,0.31963709668590784,0.26548978217075725,-0.11790647806395255,-0.1349249391683358,0.4762822030308273,-0.6600652411589341,
256,catalog_linear_z_delta,LCDM fixed H0=70 Om=0.3,450,0.02509,0.97242,-0.22605983701457938,0.30400013394965686,0.26308399544819,-0.14214192533227402,-0.17330369185665262,0.4762822030308273,-0.6600652411589341,
256,catalog_quadratic_z_delta,STAM b=354.95 union-style,450,0.02509,0.97242,-0.08430418151346672,0.26752263437853413,0.20358658622853268,0.0025807514963499044,0.015754479093136098,0.65938772840213,-2.4081041268489516,2.373480677813716
256,catalog_quadratic_z_delta,STAM b=461.3626922 original,450,0.02509,0.97242,-0.09850154544576635,0.2731663212279791,0.20644789188983362,-0.01121540525059528,0.0016763062736195877,0.65938772840213,-2.4081041268489516,2.373480677813716
256,catalog_quadratic_z_delta,STAM b=1335.412792 DES-style,450,0.02509,0.97242,-0.21170072741206875,0.33673224815930036,0.25526022470977244,-0.1213091062239833,-0.11003717449872852,0.65938772840213,-2.4081041268489516,2.373480677813716
256,catalog_quadratic_z_delta,LCDM fixed H0=70 Om=0.3,450,0.02509,0.97242,-0.22287776539837428,0.31456395168355256,0.2521658211571999,-0.14554455349230477,-0.14868282982628145,0.65938772840213,-2.4081041268489516,2.373480677813716
256,raw_no_catalog_correction,STAM b=354.95 union-style,450,0.02509,0.97242,0.1288535897184416,0.19211496913031795,0.1559404263642036,0.17720182204160223,0.14628468519903493,,,
256,raw_no_catalog_correction,STAM b=461.3626922 original,450,0.02509,0.97242,0.11465622578614201,0.1830687593296489,0.14693775978895388,0.16340566529465705,0.13210234639600316,,,
256,raw_no_catalog_correction,STAM b=1335.412792 DES-style,450,0.02509,0.97242,0.0014570438198395748,0.14488095324084088,0.10913383163510693,0.053311964321269036,0.019686990233537927,,,
256,raw_no_catalog_correction,LCDM fixed H0=70 Om=0.3,450,0.02509,0.97242,-0.009719994166465936,0.1420967142249817,0.10835223116071135,0.029076517052947552,0.0013191280112643256,,,
257,catalog_bin_median_delta,STAM b=354.95 union-style,450,0.02517,0.98,-0.09361991178058895,0.2925324415846825,0.20033103806680513,-0.0030200521263309887,-0.001832633725413757,,,
257,catalog_bin_median_delta,STAM b=461.3626922 original,450,0.02517,0.98,-0.10784860133955343,0.29811131231883853,0.20353357273520006,-0.01681223147572821,-0.015891813659518306,,,
257,catalog_bin_median_delta,STAM b=1335.412792 DES-style,450,0.02517,0.98,-0.22128789221294823,0.3600827247067612,0.25492555863528293,-0.12687490909161195,-0.1273948492435686,,,
257,catalog_bin_median_delta,LCDM fixed H0=70 Om=0.3,450,0.02517,0.98,-0.22965794138408416,0.3405606509136038,0.25708029750892164,-0.1510598034771414,-0.1583763560073237,,,
257,catalog_linear_z_delta,STAM b=354.95 union-style,450,0.02517,0.98,-0.09583922842061669,0.2543169297355241,0.20613054829762656,0.004688235440828742,-0.002142602069060473,0.46749396617848515,-0.6425301410778469,
257,catalog_linear_z_delta,STAM b=461.3626922 original,450,0.02517,0.98,-0.1100679179795812,0.26104821022975105,0.2113890801725522,-0.009103943908568479,-0.015592922247716245,0.46749396617848515,-0.6425301410778469,
257,catalog_linear_z_delta,STAM b=1335.412792 DES-style,450,0.02517,0.98,-0.22350720885297592,0.33211925824336874,0.27208275209945026,-0.1191666215244522,-0.12111284955105717,0.46749396617848515,-0.6425301410778469,
257,catalog_linear_z_delta,LCDM fixed H0=70 Om=0.3,450,0.02517,0.98,-0.2318772580241119,0.31326288614255504,0.26721728800929534,-0.14335151590998169,-0.1630142951325162,0.46749396617848515,-0.6425301410778469,
257,catalog_quadratic_z_delta,STAM b=354.95 union-style,450,0.02517,0.98,-0.10357235456549292,0.28285804830123834,0.216709676913036,0.000128544465477805,0.0034817676498661854,0.6452336698262802,-2.339343565344177,2.3039269373926508
257,catalog_quadratic_z_delta,STAM b=461.3626922 original,450,0.02517,0.98,-0.11780104412445741,0.2892127701987414,0.22086338158858412,-0.013663634883919416,-0.01017256810045808,0.6452336698262802,-2.339343565344177,2.3039269373926508
257,catalog_quadratic_z_delta,STAM b=1335.412792 DES-style,450,0.02517,0.98,-0.2312403349978522,0.35655407257966504,0.2754557408516146,-0.12372631249980315,-0.11796541572141095,0.6452336698262802,-2.339343565344177,2.3039269373926508
257,catalog_quadratic_z_delta,LCDM fixed H0=70 Om=0.3,450,0.02517,0.98,-0.23961038416898808,0.33231148117157194,0.26898847877425214,-0.1479112068853326,-0.1549799711829145,0.6452336698262802,-2.339343565344177,2.3039269373926508
257,raw_no_catalog_correction,STAM b=354.95 union-style,450,0.02517,0.98,0.12083206146642948,0.19157100503276037,0.15170089639842754,0.17466270342922463,0.13545993131294765,,,
257,raw_no_catalog_correction,STAM b=461.3626922 original,450,0.02517,0.98,0.10660337190746502,0.18314753519596585,0.1435906479118264,0.1608705240798274,0.12207935948151061,,,
257,raw_no_catalog_correction,STAM b=1335.412792 DES-style,450,0.02517,0.98,-0.006835918965929765,0.1516044357200012,0.11785981364587834,0.05080784646394368,0.01283169521183325,,,
257,raw_no_catalog_correction,LCDM fixed H0=70 Om=0.3,450,0.02517,0.98,-0.0152059681370657,0.14724763463710747,0.11583984067033497,0.02662295207841421,-0.007938116899691039,,,
258,catalog_bin_median_delta,STAM b=354.95 union-style,450,0.02509,0.98846,-0.07970280549384802,0.274042033847087,0.1858109343786394,-0.007553272556266409,0.012855902588835733,,,
258,catalog_bin_median_delta,STAM b=461.3626922 original,450,0.02509,0.98846,-0.09394741928078847,0.279247898790433,0.1886602582534259,-0.02134715885989967,-0.0009783736046919955,,,
258,catalog_bin_median_delta,STAM b=1335.412792 DES-style,450,0.02509,0.98846,-0.20751113197544707,0.33984332310851406,0.2417638004860184,-0.1314227045194789,-0.11162175022483112,,,
258,catalog_bin_median_delta,LCDM fixed H0=70 Om=0.3,450,0.02509,0.98846,-0.2162173409871262,0.3200141638814304,0.23995909758956396,-0.15528723698234193,-0.1419799779151134,,,
258,catalog_linear_z_delta,STAM b=354.95 union-style,450,0.02509,0.98846,-0.08754996762573772,0.24692673946620033,0.20274453895913064,0.003998122710650639,-0.021348147758022407,0.48096429823558534,-0.6707555883238895,
258,catalog_linear_z_delta,STAM b=461.3626922 original,450,0.02509,0.98846,-0.10179458141267814,0.2533545441976886,0.20817739379253003,-0.009795763592982622,-0.034614448013826404,0.48096429823558534,-0.6707555883238895,
258,catalog_linear_z_delta,STAM b=1335.412792 DES-style,450,0.02509,0.98846,-0.21535829410733678,0.32304414271955784,0.27085680824491964,-0.11987130925256184,-0.1417068330502218,0.48096429823558534,-0.6707555883238895,
258,catalog_linear_z_delta,LCDM fixed H0=70 Om=0.3,450,0.02509,0.98846,-0.2240645031190159,0.3052549573132572,0.26425678683229675,-0.14373584171542486,-0.1809217265785925,0.48096429823558534,-0.6707555883238895,
258,catalog_quadratic_z_delta,STAM b=354.95 union-style,450,0.02509,0.98846,-0.09126446977680897,0.2741130218172452,0.207851590280292,-0.0027251947036194698,0.0032692407653236444,0.6626057849058562,-2.4048178527493675,2.3545032736014475
258,catalog_quadratic_z_delta,STAM b=461.3626922 original,450,0.02509,0.98846,-0.10550908356374936,0.27998538491447134,0.21174221310101463,-0.01651908100725273,-0.009963995972999129,0.6626057849058562,-2.4048178527493675,2.3545032736014475
258,catalog_quadratic_z_delta,STAM b=1335.412792 DES-style,450,0.02509,0.98846,-0.219072796258408,0.34477757551575156,0.2641162683090765,-0.12659462666683197,-0.11845307156253071,0.6626057849058562,-2.4048178527493675,2.3545032736014475
258,catalog_quadratic_z_delta,LCDM fixed H0=70 Om=0.3,450,0.02509,0.98846,-0.22777900527008707,0.3209783266259349,0.2585113744332974,-0.15045915912969493,-0.15610931568577513,0.6626057849058562,-2.4048178527493675,2.3545032736014475
258,raw_no_catalog_correction,STAM b=354.95 union-style,450,0.02509,0.98846,0.13392484555564224,0.19716651545383987,0.15810151609522372,0.17436421633262292,0.15396576185628064,,,
258,raw_no_catalog_correction,STAM b=461.3626922 original,450,0.02509,0.98846,0.11968023176870182,0.18792427697869438,0.14899978650837514,0.16057033002898966,0.1396214346941278,,,
258,raw_no_catalog_correction,STAM b=1335.412792 DES-style,450,0.02509,0.98846,0.006116519074043199,0.14690135710494195,0.11228959896449899,0.05049478436941044,0.021637224651641418,,,
258,raw_no_catalog_correction,LCDM fixed H0=70 Om=0.3,450,0.02509,0.98846,-0.0025896899376358948,0.14470132351362608,0.11100890113316156,0.026630251906547435,0.004588924797577221,,,
259,catalog_bin_median_delta,STAM b=354.95 union-style,450,0.0251,0.98158,-0.09119994522309856,0.2979167488991044,0.20307187482709535,-0.0011037970076407551,0.013941308031157007,,,
259,catalog_bin_median_delta,STAM b=461.3626922 original,450,0.0251,0.98158,-0.10542359324545279,0.3032583206792217,0.20533868381352333,-0.014901149624728304,-0.0002565753870982235,,,
259,catalog_bin_median_delta,STAM b=1335.412792 DES-style,450,0.0251,0.98158,-0.21882362144711026,0.363428253715756,0.2558419866350495,-0.12500402110738187,-0.10916308222336113,,,
259,catalog_bin_median_delta,LCDM fixed H0=70 Om=0.3,450,0.0251,0.98158,-0.22719010079803678,0.34460969520776313,0.2604412810788394,-0.14913115223194748,-0.14620550434599622,,,
259,catalog_linear_z_delta,STAM b=354.95 union-style,450,0.0251,0.98158,-0.09282865569766006,0.24651697196864572,0.19961069633128772,0.005508778440458239,-0.001681370308396879,0.4814223210194727,-0.661537075833428,
259,catalog_linear_z_delta,STAM b=461.3626922 original,450,0.0251,0.98158,-0.1070523037200143,0.25327044517075253,0.2046788947784712,-0.00828857417662931,-0.015450021357178656,0.4814223210194727,-0.661537075833428,
259,catalog_linear_z_delta,STAM b=1335.412792 DES-style,450,0.0251,0.98158,-0.22045233192167174,0.32488101620721616,0.2643526535122717,-0.11839144565928288,-0.12131629977372782,0.4814223210194727,-0.661537075833428,
259,catalog_linear_z_delta,LCDM fixed H0=70 Om=0.3,450,0.0251,0.98158,-0.22881881127259832,0.30536599533838604,0.2588615757565622,-0.14251857678384852,-0.16553018177266665,0.4814223210194727,-0.661537075833428,
259,catalog_quadratic_z_delta,STAM b=354.95 union-style,450,0.0251,0.98158,-0.10101306470336094,0.27887466005905764,0.21064297608915797,0.001373640186167743,0.02054266174321029,0.66279027018038,-2.392987981578754,2.350957580527386
259,catalog_quadratic_z_delta,STAM b=461.3626922 original,450,0.0251,0.98158,-0.11523671272571519,0.28519453770523717,0.21390290336726644,-0.012423712430919807,0.00740163600141841,0.66279027018038,-2.392987981578754,2.350957580527386
259,catalog_quadratic_z_delta,STAM b=1335.412792 DES-style,450,0.0251,0.98158,-0.22863674092737266,0.35249222115913736,0.2667555555189863,-0.12252658391357336,-0.10400927098162427,0.66279027018038,-2.392987981578754,2.350957580527386
259,catalog_quadratic_z_delta,LCDM fixed H0=70 Om=0.3,450,0.0251,0.98158,-0.23700322027829918,0.32758416867944656,0.26249943941546555,-0.146653715038139,-0.1434058568179637,0.66279027018038,-2.392987981578754,2.350957580527386
259,raw_no_catalog_correction,STAM b=354.95 union-style,450,0.0251,0.98158,0.12970586821378513,0.19085136860476484,0.15523157839008628,0.1812585585479144,0.1468053810533867,,,
259,raw_no_catalog_correction,STAM b=461.3626922 original,450,0.0251,0.98158,0.11548222019143092,0.18164205004254563,0.14559667068578297,0.16746120593082683,0.1322991558721256,,,
259,raw_no_catalog_correction,STAM b=1335.412792 DES-style,450,0.0251,0.98158,0.002082191989773447,0.14228889194270075,0.10835841666625405,0.05735833444817326,0.023868929226601665,,,
259,raw_no_catalog_correction,LCDM fixed H0=70 Om=0.3,450,0.0251,0.98158,-0.006284287361153091,0.13934057286017107,0.10662247963494026,0.033231203323607635,-0.0019155043459981869,,,
260,catalog_bin_median_delta,STAM b=354.95 union-style,450,0.02517,0.99268,-0.10227183714896489,0.30668570815214397,0.21203686738280628,-0.01747111336327628,0.002419357779078979,,,
260,catalog_bin_median_delta,STAM b=461.3626922 original,450,0.02517,0.99268,-0.1164665077617439,0.3124473859192242,0.215155892888096,-0.031257125435645225,-0.010597266623005197,,,
260,catalog_bin_median_delta,STAM b=1335.412792 DES-style,450,0.02517,0.99268,-0.2296436048530354,0.3748379282026028,0.26749183439333196,-0.14127162346479213,-0.12201766454668572,,,
260,catalog_bin_median_delta,LCDM fixed H0=70 Om=0.3,450,0.02517,0.99268,-0.23994889929122362,0.3558096271502191,0.27080847210739467,-0.16530833780261955,-0.155702860908832,,,
260,catalog_linear_z_delta,STAM b=354.95 union-style,450,0.02517,0.99268,-0.10733034793913443,0.27370332412080656,0.22286886559151198,-0.011286624672179942,-0.02318288614478803,0.4941459192155115,-0.6850673379519471,
260,catalog_linear_z_delta,STAM b=461.3626922 original,450,0.02517,0.99268,-0.12152501855191346,0.28058601795808286,0.22843945074973235,-0.025072636744548887,-0.036766338752343586,0.4941459192155115,-0.6850673379519471,
260,catalog_linear_z_delta,STAM b=1335.412792 DES-style,450,0.02517,0.99268,-0.23470211564320498,0.3515207958041,0.2885727138846195,-0.1350871347736958,-0.14289300904291835,0.4941459192155115,-0.6850673379519471,
260,catalog_linear_z_delta,LCDM fixed H0=70 Om=0.3,450,0.02517,0.99268,-0.24500741008139318,0.3341830563386014,0.28435453672569977,-0.1591238491115232,-0.18509051549071032,0.4941459192155115,-0.6850673379519471,
260,catalog_quadratic_z_delta,STAM b=354.95 union-style,450,0.02517,0.99268,-0.11161875619992356,0.2982730545440423,0.22681615232866412,-0.01862644676876924,-0.006982869128801639,0.6623599338846932,-2.29094262851729,2.1804514787042506
260,catalog_quadratic_z_delta,STAM b=461.3626922 original,450,0.02517,0.99268,-0.1258134268127026,0.3046783811820109,0.2308291486721275,-0.032412458841138185,-0.019926017971386045,0.6623599338846932,-2.29094262851729,2.1804514787042506
260,catalog_quadratic_z_delta,STAM b=1335.412792 DES-style,450,0.02517,0.99268,-0.23899052390399406,0.3715525981647577,0.2846288225943009,-0.1424269568702851,-0.12267725748115765,0.6623599338846932,-2.29094262851729,2.1804514787042506
260,catalog_quadratic_z_delta,LCDM fixed H0=70 Om=0.3,450,0.02517,0.99268,-0.24929581834218228,0.34922871681001727,0.2808287371540408,-0.16646367120811248,-0.1649858795660677,0.6623599338846932,-2.29094262851729,2.1804514787042506
260,raw_no_catalog_correction,STAM b=354.95 union-style,450,0.02517,0.99268,0.11594530101301806,0.19735620230023335,0.15736438632400762,0.16462759774783517,0.13767751545383788,,,
260,raw_no_catalog_correction,STAM b=461.3626922 original,450,0.02517,0.99268,0.10175063040023904,0.18961098774594876,0.14947642727242638,0.15084158567546618,0.12317242033103071,,,
260,raw_no_catalog_correction,STAM b=1335.412792 DES-style,450,0.02517,0.99268,-0.011426466691052444,0.16304892119448375,0.12486307640634872,0.040827087646319295,0.00849080883297404,,,
260,raw_no_catalog_correction,LCDM fixed H0=70 Om=0.3,450,0.02517,0.99268,-0.021731761129240672,0.15653913713248568,0.12046889734046055,0.016790373308491886,-0.007274176075171113,,,
261,catalog_bin_median_delta,STAM b=354.95 union-style,450,0.02557,0.98158,-0.07296083050142575,0.29674587928196616,0.20303622876549188,0.018143787214690846,0.03508925533930807,,,
261,catalog_bin_median_delta,STAM b=461.3626922 original,450,0.02557,0.98158,-0.08720604258701015,0.30131345373908913,0.20385383241788319,0.004349432789794984,0.021910326152990933,,,
261,catalog_bin_median_delta,STAM b=1335.412792 DES-style,450,0.02557,0.98158,-0.2007734957705445,0.35652930472214395,0.2428386826852742,-0.10573004167593819,-0.08614828045556422,,,
261,catalog_bin_median_delta,LCDM fixed H0=70 Om=0.3,450,0.02557,0.98158,-0.20881755726274845,0.3349997944859544,0.2427960611335256,-0.1298097139365983,-0.12473395750249239,,,
261,catalog_linear_z_delta,STAM b=354.95 union-style,450,0.02557,0.98158,-0.07866231162792983,0.251982945545042,0.20651893331159363,0.025874713607470297,0.02664668969828199,0.46714564604751657,-0.6467994698284717,
261,catalog_linear_z_delta,STAM b=461.3626922 original,450,0.02557,0.98158,-0.09290752371351424,0.25788053570644565,0.21034025049649824,0.012080359182574432,0.014155027925600194,0.46714564604751657,-0.6467994698284717,
261,catalog_linear_z_delta,STAM b=1335.412792 DES-style,450,0.02557,0.98158,-0.20647497689704866,0.32403814375730644,0.2637109950293137,-0.09799911528315874,-0.09334845705803119,0.46714564604751657,-0.6467994698284717,
261,catalog_linear_z_delta,LCDM fixed H0=70 Om=0.3,450,0.02557,0.98158,-0.21451903838925246,0.30230878121985616,0.25608186257704774,-0.12207878754381883,-0.1364374054287829,0.46714564604751657,-0.6467994698284717,
261,catalog_quadratic_z_delta,STAM b=354.95 union-style,450,0.02557,0.98158,-0.0843706704531569,0.27859281573369676,0.21319798918071756,0.020787934864329935,0.02902028546579416,0.6441586795727252,-2.3366756505093096,2.2945075739321203
261,catalog_quadratic_z_delta,STAM b=461.3626922 original,450,0.02557,0.98158,-0.09861588253874129,0.28415422910323396,0.21638658494952207,0.006993580439434071,0.015741676083557365,0.6441586795727252,-2.3366756505093096,2.2945075739321203
261,catalog_quadratic_z_delta,STAM b=1335.412792 DES-style,450,0.02557,0.98158,-0.2121833357222757,0.34672975599520817,0.26293536950924196,-0.1030858940262991,-0.09242933669748155,0.6441586795727252,-2.3366756505093096,2.2945075739321203
261,catalog_quadratic_z_delta,LCDM fixed H0=70 Om=0.3,450,0.02557,0.98158,-0.2202273972144795,0.3193449854920731,0.25381320261475193,-0.1271655662869592,-0.13197866261293,0.6441586795727252,-2.3366756505093096,2.2945075739321203
261,raw_no_catalog_correction,STAM b=354.95 union-style,450,0.02557,0.98158,0.13797788287165705,0.20034235650791254,0.16268497142521396,0.19372400943691268,0.16540512215571823,,,
261,raw_no_catalog_correction,STAM b=461.3626922 original,450,0.02557,0.98158,0.12373267078607264,0.19108460652730586,0.15325088613838703,0.17992965501201683,0.1516446525009627,,,
261,raw_no_catalog_correction,STAM b=1335.412792 DES-style,450,0.02557,0.98158,0.010165217602538239,0.14918323458687352,0.11625310238643023,0.06985018054628363,0.03972115208324567,,,
261,raw_no_catalog_correction,LCDM fixed H0=70 Om=0.3,450,0.02557,0.98158,0.0021211561103344134,0.1408519541212054,0.1084557510709831,0.04577050828562354,0.01590603758794984,,,
262,catalog_bin_median_delta,STAM b=354.95 union-style,450,0.02509,0.99268,-0.07194649501777245,0.29374467082859307,0.20019022851672094,0.013367039633651072,0.022183370572395944,,,
262,catalog_bin_median_delta,STAM b=461.3626922 original,450,0.02509,0.99268,-0.08612695226857747,0.2982086763492331,0.20107609171597526,-0.00042287078814793076,0.007714913211454899,,,
262,catalog_bin_median_delta,STAM b=1335.412792 DES-style,450,0.02509,0.99268,-0.1991932305907977,0.35273763632361094,0.24548760827226535,-0.1104677032140045,-0.1019071968206724,,,
262,catalog_bin_median_delta,LCDM fixed H0=70 Om=0.3,450,0.02509,0.99268,-0.20937732597607595,0.3334563933880355,0.2463024540954188,-0.13451013468284967,-0.13705880581225927,,,
262,catalog_linear_z_delta,STAM b=354.95 union-style,450,0.02509,0.99268,-0.0794916152861919,0.2527313845580158,0.20536693181324378,0.02288676461771598,0.013037017387279803,0.4857617230527182,-0.6784345205174535,
262,catalog_linear_z_delta,STAM b=461.3626922 original,450,0.02509,0.99268,-0.0936720725369969,0.2586068765890638,0.20970927556784386,0.009096854195916977,-0.00021220970969082487,0.4857617230527182,-0.6784345205174535,
262,catalog_linear_z_delta,STAM b=1335.412792 DES-style,450,0.02509,0.99268,-0.20673835085921713,0.32439331908941677,0.2659663859951155,-0.10094797822993959,-0.10486068318378372,0.4857617230527182,-0.6784345205174535,
262,catalog_linear_z_delta,LCDM fixed H0=70 Om=0.3,450,0.02509,0.99268,-0.21692244624449536,0.30442536244493384,0.259296027791885,-0.12499040969878478,-0.14756158301358013,0.4857617230527182,-0.6784345205174535,
262,catalog_quadratic_z_delta,STAM b=354.95 union-style,450,0.02509,0.99268,-0.0871030495557706,0.2951918098992356,0.23012759487133572,0.01616808815140088,0.03403634241823994,0.6791869135208122,-2.5249913282631233,2.5072479448531717
262,catalog_quadratic_z_delta,STAM b=461.3626922 original,450,0.02509,0.99268,-0.1012835068065756,0.30048045497050674,0.23201157130827338,0.0023781777296018763,0.02077519455213661,0.6791869135208122,-2.5249913282631233,2.5072479448531717
262,catalog_quadratic_z_delta,STAM b=1335.412792 DES-style,450,0.02509,0.99268,-0.21434978512879582,0.3602948766371513,0.2723574566786562,-0.10766665469625468,-0.08751174858998567,0.6791869135208122,-2.5249913282631233,2.5072479448531717
262,catalog_quadratic_z_delta,LCDM fixed H0=70 Om=0.3,450,0.02509,0.99268,-0.22453388051407405,0.33535531718981293,0.2650883846908882,-0.13170908616509988,-0.12493041126844062,0.6791869135208122,-2.5249913282631233,2.5072479448531717
262,raw_no_catalog_correction,STAM b=354.95 union-style,450,0.02509,0.99268,0.13603070740546352,0.20305290355873923,0.16219132201136507,0.19407688407809448,0.15745120751278563,,,
262,raw_no_catalog_correction,STAM b=461.3626922 original,450,0.02509,0.99268,0.12185025015465853,0.19402166574458213,0.15354077846773204,0.1802869736562955,0.1432268015923519,,,
262,raw_no_catalog_correction,STAM b=1335.412792 DES-style,450,0.02509,0.99268,0.008783971832438288,0.1534935720428362,0.12119378225317361,0.07024214123043893,0.029905053562071515,,,
262,raw_no_catalog_correction,LCDM fixed H0=70 Om=0.3,450,0.02509,0.99268,-0.0014001235528399518,0.14652506195879922,0.11398722635204499,0.04619970976159373,0.012018888646402104,,,
263,catalog_bin_median_delta,STAM b=354.95 union-style,450,0.02534,0.96296,-0.09638238090594563,0.2981328454465437,0.20602158536789145,0.0066447841529364065,0.015954484133501978,,,
263,catalog_bin_median_delta,STAM b=461.3626922 original,450,0.02534,0.96296,-0.11061144411780464,0.30370715854231567,0.20844826338246145,-0.007148847377331373,0.0020210346762468134,,,
263,catalog_bin_median_delta,STAM b=1335.412792 DES-style,450,0.02534,0.96296,-0.22405441620428715,0.36538285230405043,0.2605228135407515,-0.11722279926570373,-0.10836929011027863,,,
263,catalog_bin_median_delta,LCDM fixed H0=70 Om=0.3,450,0.02534,0.96296,-0.23301472981510124,0.3466408567113596,0.26174719100079924,-0.14139318253071786,-0.14160158151440783,,,
263,catalog_linear_z_delta,STAM b=354.95 union-style,450,0.02534,0.96296,-0.10082302703461626,0.25639242267752776,0.2111204544803324,0.01587054174598366,-0.01264038849932092,0.48827672364687397,-0.6766380635121584,
263,catalog_linear_z_delta,STAM b=461.3626922 original,450,0.02534,0.96296,-0.1150520902464753,0.2633040779375742,0.21676393296382332,0.002076910215715881,-0.025317984834789087,0.48827672364687397,-0.6766380635121584,
263,catalog_linear_z_delta,STAM b=1335.412792 DES-style,450,0.02534,0.96296,-0.22849506233295777,0.3353619508559885,0.2808755435070217,-0.10799704167265646,-0.13336576987088478,0.48827672364687397,-0.6766380635121584,
263,catalog_linear_z_delta,LCDM fixed H0=70 Om=0.3,450,0.02534,0.96296,-0.23745537594377186,0.3178570439300323,0.2765259578407528,-0.1321674249376706,-0.172051147588828,0.48827672364687397,-0.6766380635121584,
263,catalog_quadratic_z_delta,STAM b=354.95 union-style,450,0.02534,0.96296,-0.10468238061130808,0.28850823893101163,0.22351570358780634,0.011723465137187472,0.013924809112779712,0.6796293375910064,-2.50340877059207,2.48038245118258
263,catalog_quadratic_z_delta,STAM b=461.3626922 original,450,0.02534,0.96296,-0.11891144382316707,0.2947792353112058,0.22667664444683475,-0.0020701663930803075,0.0003729828154241943,0.6796293375910064,-2.50340877059207,2.48038245118258
263,catalog_quadratic_z_delta,STAM b=1335.412792 DES-style,450,0.02534,0.96296,-0.23235441590964961,0.3613307552510712,0.27710247802105314,-0.11214411828145265,-0.1095866228193465,0.6796293375910064,-2.50340877059207,2.48038245118258
263,catalog_quadratic_z_delta,LCDM fixed H0=70 Om=0.3,450,0.02534,0.96296,-0.2413147295204637,0.33787307164449065,0.27285137277838134,-0.1363145015464668,-0.14641173467265745,0.6796293375910064,-2.50340877059207,2.48038245118258
263,raw_no_catalog_correction,STAM b=354.95 union-style,450,0.02534,0.96296,0.1238064170626034,0.19673245017103413,0.15850970893174116,0.19104740637515852,0.1508603780359472,,,
263,raw_no_catalog_correction,STAM b=461.3626922 original,450,0.02534,0.96296,0.10957735385074441,0.18823335027745802,0.15038581475498422,0.17725377484489074,0.13696798949332134,,,
263,raw_no_catalog_correction,STAM b=1335.412792 DES-style,450,0.02534,0.96296,-0.0038656182357381355,0.154779736113823,0.1181850710146618,0.06717982295651839,0.027433819506072155,,,
263,raw_no_catalog_correction,LCDM fixed H0=70 Om=0.3,450,0.02534,0.96296,-0.012825931846552209,0.15341671535790866,0.11727436228242573,0.04300943969150426,0.004804973538597324,,,
264,catalog_bin_median_delta,STAM b=354.95 union-style,450,0.02509,0.99268,-0.10005175572857845,0.30187937423014244,0.19636115522802433,-0.011558860619614487,-0.003648903715411933,,,
264,catalog_bin_median_delta,STAM b=461.3626922 original,450,0.02509,0.99268,-0.11429232148078644,0.30765199978624314,0.20016297678318704,-0.025364503586123688,-0.017283794604320946,,,
264,catalog_bin_median_delta,STAM b=1335.412792 DES-style,450,0.02509,0.99268,-0.22782577504852403,0.3704400631825629,0.25854567393726063,-0.1355315557127235,-0.12861745146089731,,,
264,catalog_bin_median_delta,LCDM fixed H0=70 Om=0.3,450,0.02509,0.99268,-0.2374888393745523,0.3502413357223338,0.25930423906934774,-0.15940050749771134,-0.16099616086079038,,,
264,catalog_linear_z_delta,STAM b=354.95 union-style,450,0.02509,0.99268,-0.10988168976780568,0.26894149798178907,0.2189027345734484,-0.002933903770098867,-0.010440203516903779,0.522233968252656,-0.7381852962880635,
264,catalog_linear_z_delta,STAM b=461.3626922 original,450,0.02509,0.99268,-0.12412225552001366,0.2760815472290549,0.22509482561044744,-0.016739546736608067,-0.023515835003518504,0.522233968252656,-0.7381852962880635,
264,catalog_linear_z_delta,STAM b=1335.412792 DES-style,450,0.02509,0.99268,-0.23765570908775124,0.34893604842284326,0.2902954438826827,-0.12690659886320785,-0.1356722099502612,0.522233968252656,-0.7381852962880635,
264,catalog_linear_z_delta,LCDM fixed H0=70 Om=0.3,450,0.02509,0.99268,-0.24731877341377953,0.3320808098422087,0.2866373406585225,-0.15077555064819573,-0.174282200516501,0.522233968252656,-0.7381852962880635,
264,catalog_quadratic_z_delta,STAM b=354.95 union-style,450,0.02509,0.99268,-0.10758663324508447,0.2902744749370188,0.21613461175632426,-0.006970417709731815,-0.001004215954086618,0.7156145927034175,-2.584316649197679,2.5066702638639655
264,catalog_quadratic_z_delta,STAM b=461.3626922 original,450,0.02509,0.99268,-0.12182719899729245,0.29670425356266594,0.2201437706393774,-0.020776060676241014,-0.015044606462151222,0.7156145927034175,-2.584316649197679,2.5066702638639655
264,catalog_quadratic_z_delta,STAM b=1335.412792 DES-style,450,0.02509,0.99268,-0.23536065256502997,0.3641923056735146,0.27606258584129345,-0.1309431128028408,-0.12123920360359364,0.7156145927034175,-2.584316649197679,2.5066702638639655
264,catalog_quadratic_z_delta,LCDM fixed H0=70 Om=0.3,450,0.02509,0.99268,-0.24502371689105829,0.3403096024784439,0.2722786738516338,-0.15481206458782865,-0.16181200906954984,0.7156145927034175,-2.584316649197679,2.5066702638639655
264,raw_no_catalog_correction,STAM b=354.95 union-style,450,0.02509,0.99268,0.12694489458759398,0.19271919316247396,0.15388109526771,0.17927142826927372,0.13775337087541217,,,
264,raw_no_catalog_correction,STAM b=461.3626922 original,450,0.02509,0.99268,0.112704328835386,0.183833017030808,0.1452658017256408,0.1654657853027645,0.12300686988336906,,,
264,raw_no_catalog_correction,STAM b=1335.412792 DES-style,450,0.02509,0.99268,-0.0008291247323515946,0.1474502634185899,0.11274812029150263,0.055298733176164724,0.012308824444204447,,,
264,raw_no_catalog_correction,LCDM fixed H0=70 Om=0.3,450,0.02509,0.99268,-0.010492189058379876,0.1456528357965578,0.1135107084541782,0.03142978139117686,-0.003262124218835538,,,
265,catalog_bin_median_delta,STAM b=354.95 union-style,450,0.02512,0.98,-0.06472612280396563,0.28028506183644275,0.18920857224637405,0.02562379752772355,0.02496159021129074,,,
265,catalog_bin_median_delta,STAM b=461.3626922 original,450,0.02512,0.98,-0.0789176117584837,0.2845796852637206,0.19004905400654173,0.011835353746654786,0.011216799314684778,,,
265,catalog_bin_median_delta,STAM b=1335.412792 DES-style,450,0.02512,0.98,-0.19206972313090392,0.33878987608577843,0.2324773743289575,-0.09819804937155767,-0.09613330704719658,,,
265,catalog_bin_median_delta,LCDM fixed H0=70 Om=0.3,450,0.02512,0.98,-0.20224232669721462,0.3209526425832922,0.23660852237850802,-0.12222673591691488,-0.1315532260956438,,,
265,catalog_linear_z_delta,STAM b=354.95 union-style,450,0.02512,0.98,-0.07393308789444124,0.24307166390812193,0.19415712901567853,0.03415845057772082,0.019319775976303077,0.467244207746231,-0.647018065587902,
265,catalog_linear_z_delta,STAM b=461.3626922 original,450,0.02512,0.98,-0.08812457684895933,0.24881904682476977,0.1983557151142883,0.020370006796652056,0.006132162716969702,0.467244207746231,-0.647018065587902,
265,catalog_linear_z_delta,STAM b=1335.412792 DES-style,450,0.02512,0.98,-0.20127668822137953,0.31444622140314443,0.25618127193555074,-0.08966339632156041,-0.10004905275230769,0.467244207746231,-0.647018065587902,
265,catalog_linear_z_delta,LCDM fixed H0=70 Om=0.3,450,0.02512,0.98,-0.21144929178769023,0.2956032892849535,0.25276704715171255,-0.11369208286691761,-0.1463063255017758,0.467244207746231,-0.647018065587902,
265,catalog_quadratic_z_delta,STAM b=354.95 union-style,450,0.02512,0.98,-0.07783089089483022,0.26978895180748813,0.20434792573265034,0.027270387557798394,0.027058566353112212,0.6476488224408185,-2.3692723831710873,2.3384704874293187
265,catalog_quadratic_z_delta,STAM b=461.3626922 original,450,0.02512,0.98,-0.09202237984934829,0.2750983427948551,0.20674503359358942,0.013481943776729632,0.013659779699054297,0.6476488224408185,-2.3692723831710873,2.3384704874293187
265,catalog_quadratic_z_delta,STAM b=1335.412792 DES-style,450,0.02512,0.98,-0.2051744912217685,0.33641149507762735,0.2543236354081249,-0.09655145934148283,-0.09938424868345663,0.6476488224408185,-2.3692723831710873,2.3384704874293187
265,catalog_quadratic_z_delta,LCDM fixed H0=70 Om=0.3,450,0.02512,0.98,-0.21534709478807915,0.3116344367318421,0.2484439677999749,-0.12058014588684003,-0.13440421265364222,0.6476488224408185,-2.3692723831710873,2.3384704874293187
265,raw_no_catalog_correction,STAM b=354.95 union-style,450,0.02512,0.98,0.13707501327089977,0.19869566435964606,0.16031909248781281,0.2011851975277227,0.16063093550352647,,,
265,raw_no_catalog_correction,STAM b=461.3626922 original,450,0.02512,0.98,0.12288352431638169,0.1893918752485444,0.15065087553826406,0.18739675374665393,0.14700723060669318,,,
265,raw_no_catalog_correction,STAM b=1335.412792 DES-style,450,0.02512,0.98,0.009731412943961484,0.14699990253046805,0.10907354450669768,0.07736335062844148,0.03587210248617012,,,
265,raw_no_catalog_correction,LCDM fixed H0=70 Om=0.3,450,0.02512,0.98,-0.0004411906223491899,0.14168841139225016,0.10798858722662898,0.05333466408308428,0.009888902954699574,,,
266,catalog_bin_median_delta,STAM b=354.95 union-style,450,0.02534,0.98158,-0.09747530533936802,0.2975615859111873,0.20285407762544902,-3.2496048054753145e-05,0.013847705488686302,,,
266,catalog_bin_median_delta,STAM b=461.3626922 original,450,0.02534,0.98158,-0.11171512206036789,0.3032855451116713,0.2053212969606426,-0.013827334926727953,0.0012410273528082882,,,
266,catalog_bin_median_delta,STAM b=1335.412792 DES-style,450,0.02534,0.98158,-0.2252419516200798,0.3659617819337715,0.2588363180290237,-0.12391066262374327,-0.11248076555384401,,,
266,catalog_bin_median_delta,LCDM fixed H0=70 Om=0.3,450,0.02534,0.98158,-0.23431150316806904,0.34476333162877015,0.25654137722482967,-0.14805964690206067,-0.14053025658879292,,,
266,catalog_linear_z_delta,STAM b=354.95 union-style,450,0.02534,0.98158,-0.10018164421344784,0.2608372603177244,0.21326075180662177,0.011807344602047038,-0.004811830910675496,0.48246781758885443,-0.6639556260766194,
266,catalog_linear_z_delta,STAM b=461.3626922 original,450,0.02534,0.98158,-0.11442146093444774,0.26765491728367924,0.21872860111211154,-0.0019874942766261623,-0.01843944156649968,0.48246781758885443,-0.6639556260766194,
266,catalog_linear_z_delta,STAM b=1335.412792 DES-style,450,0.02534,0.98158,-0.22794829049415963,0.3389373866256664,0.27963920130225434,-0.11207082197364147,-0.12211199221964364,0.48246781758885443,-0.6639556260766194,
266,catalog_linear_z_delta,LCDM fixed H0=70 Om=0.3,450,0.02534,0.98158,-0.2370178420421489,0.3201588826475573,0.2731706337421084,-0.13621980625195887,-0.16572721927102663,0.48246781758885443,-0.6639556260766194,
266,catalog_quadratic_z_delta,STAM b=354.95 union-style,450,0.02534,0.98158,-0.10143253385051844,0.29015893617907446,0.2196949327671578,0.007503838026201287,0.00930222648604584,0.6675993077062626,-2.431335627497842,2.399741972600218
266,catalog_quadratic_z_delta,STAM b=461.3626922 original,450,0.02534,0.98158,-0.11567235057151833,0.2962846733934118,0.2231976432490709,-0.006291000852471913,-0.004587834290258996,0.6675993077062626,-2.431335627497842,2.399741972600218
266,catalog_quadratic_z_delta,STAM b=1335.412792 DES-style,450,0.02534,0.98158,-0.22919918013123025,0.3618579285130609,0.2760960783547982,-0.11637432854948723,-0.11517112690875919,0.6675993077062626,-2.431335627497842,2.399741972600218
266,catalog_quadratic_z_delta,LCDM fixed H0=70 Om=0.3,450,0.02534,0.98158,-0.23826873167921944,0.3371794605913117,0.269368801465837,-0.14052331282780461,-0.1528521332420425,0.6675993077062626,-2.431335627497842,2.399741972600218
266,raw_no_catalog_correction,STAM b=354.95 union-style,450,0.02534,0.98158,0.1250869197309868,0.19526985899602686,0.15489456620142297,0.1871747483963893,0.1464690169483056,,,
266,raw_no_catalog_correction,STAM b=461.3626922 original,450,0.02534,0.98158,0.11084710300998689,0.1867171090804863,0.14649930193141572,0.17337990951771612,0.13279960226517673,,,
266,raw_no_catalog_correction,STAM b=1335.412792 DES-style,450,0.02534,0.98158,-0.0026797265497249807,0.15308737170358963,0.11808852208965376,0.0632965818207008,0.016546095052728305,,,
266,raw_no_catalog_correction,LCDM fixed H0=70 Om=0.3,450,0.02534,0.98158,-0.011749278097714243,0.1462532308950226,0.11303033946244202,0.0391475975423834,0.002973303267335581,,,
267,catalog_bin_median_delta,STAM b=354.95 union-style,450,0.02512,0.98846,-0.10852408748592411,0.3023129690391033,0.20720137179611994,0.004206339513817849,-0.00256414776579561,,,
267,catalog_bin_median_delta,STAM b=461.3626922 original,450,0.02512,0.98846,-0.12274664965347559,0.3084770987124106,0.21128898748370917,-0.009589758924654666,-0.01624743466707912,,,
267,catalog_bin_median_delta,STAM b=1335.412792 DES-style,450,0.02512,0.98846,-0.23613882302300016,0.3737228029673937,0.2689844969128309,-0.11968295500274717,-0.12707488243446363,,,
267,catalog_bin_median_delta,LCDM fixed H0=70 Om=0.3,450,0.02512,0.98846,-0.24495249872073455,0.3529245397970615,0.2685090933989159,-0.14388029517516626,-0.15680150857486552,,,
267,catalog_linear_z_delta,STAM b=354.95 union-style,450,0.02512,0.98846,-0.10569023171920319,0.26608612116936964,0.21728499258165454,0.014623422120488243,-0.0030423213000077,0.510420600757451,-0.715196670688054,
267,catalog_linear_z_delta,STAM b=461.3626922 original,450,0.02512,0.98846,-0.11991279388675466,0.2730908086061195,0.2229098221007574,0.0008273236820157277,-0.015718209211211587,0.510420600757451,-0.715196670688054,
267,catalog_linear_z_delta,STAM b=1335.412792 DES-style,450,0.02512,0.98846,-0.23330496725627922,0.34520882770509237,0.28667625989428835,-0.10926587239607678,-0.1236075828166534,0.510420600757451,-0.715196670688054,
267,catalog_linear_z_delta,LCDM fixed H0=70 Om=0.3,450,0.02512,0.98846,-0.2421186429540136,0.3265232211563763,0.28192538236920145,-0.13346321256849586,-0.16772958176166597,0.510420600757451,-0.715196670688054,
267,catalog_quadratic_z_delta,STAM b=354.95 union-style,450,0.02512,0.98846,-0.11200653925365525,0.29383547887798567,0.2227127545798096,0.010763213708946687,0.0033579526301004137,0.7011474438416739,-2.5359933811098347,2.4722709808065644
267,catalog_quadratic_z_delta,STAM b=461.3626922 original,450,0.02512,0.98846,-0.12622910142120677,0.30041008957755644,0.22657231670328862,-0.003032884729525828,-0.011356806266125119,0.7011474438416739,-2.5359933811098347,2.4722709808065644
267,catalog_quadratic_z_delta,STAM b=1335.412792 DES-style,450,0.02512,0.98846,-0.2396212747907313,0.3686149675814054,0.2813897712993497,-0.11312608080761834,-0.11874744942866755,0.7011474438416739,-2.5359933811098347,2.4722709808065644
267,catalog_quadratic_z_delta,LCDM fixed H0=70 Om=0.3,450,0.02512,0.98846,-0.2484349504884657,0.34376841904662675,0.2765637008283559,-0.13732342098003741,-0.15592249814059045,0.7011474438416739,-2.5359933811098347,2.4722709808065644
267,raw_no_catalog_correction,STAM b=354.95 union-style,450,0.02512,0.98846,0.12500162104729265,0.19281850547576293,0.15434889144303485,0.19446171729159503,0.14613190664770315,,,
267,raw_no_catalog_correction,STAM b=461.3626922 original,450,0.02512,0.98846,0.11077905887974117,0.18408760129274934,0.1456449331976262,0.18066561885312252,0.13138506798834015,,,
267,raw_no_catalog_correction,STAM b=1335.412792 DES-style,450,0.02512,0.98846,-0.0026131144897834292,0.14916012316426192,0.11466620321513447,0.07057242277503001,0.018871950921806047,,,
267,raw_no_catalog_correction,LCDM fixed H0=70 Om=0.3,450,0.02512,0.98846,-0.01142679018751779,0.14734951540468091,0.11472807028990191,0.04637508260261094,0.0024762353564149464,,,
268,catalog_bin_median_delta,STAM b=354.95 union-style,450,0.0251,0.98536,-0.08488328846286163,0.2771061098715628,0.18775313263437496,-0.015461223686568184,0.009299877226421671,,,
268,catalog_bin_median_delta,STAM b=461.3626922 original,450,0.0251,0.98536,-0.09915306416106359,0.28248286339688156,0.19036271871379667,-0.029253427873067214,-0.00522726206522961,,,
268,catalog_bin_median_delta,STAM b=1335.412792 DES-style,450,0.0251,0.98536,-0.21291215899248442,0.34407476430067885,0.2458417416308984,-0.13931635510974236,-0.11553840346386934,,,
268,catalog_bin_median_delta,LCDM fixed H0=70 Om=0.3,450,0.0251,0.98536,-0.22129191007241594,0.3263783140587989,0.2460241439971876,-0.16354381546303948,-0.1456957155671681,,,
268,catalog_linear_z_delta,STAM b=354.95 union-style,450,0.0251,0.98536,-0.09338949805845481,0.24164101610601785,0.20154849232164546,-0.004730870544297387,-0.011662782740593514,0.476912242003949,-0.6518537406214711,
268,catalog_linear_z_delta,STAM b=461.3626922 original,450,0.0251,0.98536,-0.10765927375665678,0.24848401350856764,0.20720084229102823,-0.018523074730796417,-0.024568030084441972,0.476912242003949,-0.6518537406214711,
268,catalog_linear_z_delta,STAM b=1335.412792 DES-style,450,0.0251,0.98536,-0.22141836858807754,0.3210438939216703,0.26907076658799944,-0.12858600196747155,-0.12836266180016764,0.476912242003949,-0.6518537406214711,
268,catalog_linear_z_delta,LCDM fixed H0=70 Om=0.3,450,0.0251,0.98536,-0.22979811966800912,0.30431630367716417,0.2641357289757164,-0.15281346232076873,-0.1711224598150629,0.476912242003949,-0.6518537406214711,
268,catalog_quadratic_z_delta,STAM b=354.95 union-style,450,0.0251,0.98536,-0.09212843785263447,0.26733190055868555,0.20635384018374583,-0.009055828969410887,0.005445750873423805,0.6565552025132376,-2.3668368350635136,2.3285976477740618
268,catalog_quadratic_z_delta,STAM b=461.3626922 original,450,0.0251,0.98536,-0.10639821355083645,0.273411353122798,0.20995038314505493,-0.022848033155909917,-0.007846192744452196,0.6565552025132376,-2.3668368350635136,2.3285976477740618
268,catalog_quadratic_z_delta,STAM b=1335.412792 DES-style,450,0.0251,0.98536,-0.22015730838225728,0.3399229407660939,0.2629557459356491,-0.13291096039258504,-0.11969681203122207,0.6565552025132376,-2.3668368350635136,2.3285976477740618
268,catalog_quadratic_z_delta,LCDM fixed H0=70 Om=0.3,450,0.0251,0.98536,-0.22853705946218883,0.3162657835469044,0.25698827479413583,-0.15713842074588222,-0.15743206777690233,0.6565552025132376,-2.3668368350635136,2.3285976477740618
268,raw_no_catalog_correction,STAM b=354.95 union-style,450,0.0251,0.98536,0.13454421502873565,0.19685175556073906,0.1584484106110985,0.170377420757876,0.1522525864843587,,,
268,raw_no_catalog_correction,STAM b=461.3626922 original,450,0.0251,0.98536,0.12027443933053367,0.187505581344226,0.14913613167748194,0.156585216571377,0.13724593698215415,,,
268,raw_no_catalog_correction,STAM b=1335.412792 DES-style,450,0.0251,0.98536,0.006515344499112863,0.14563641577232322,0.11248367929708063,0.04652228933470185,0.023188772137178404,,,
268,raw_no_catalog_correction,LCDM fixed H0=70 Om=0.3,450,0.0251,0.98536,-0.0018644065808186908,0.145478404747825,0.1108774975342505,0.0222948289814047,0.006607769370525318,,,
269,catalog_bin_median_delta,STAM b=354.95 union-style,450,0.0251,0.98846,-0.09387902138363434,0.3080339125443469,0.20910359309151222,0.01042820274346457,0.020410673160959902,,,
269,catalog_bin_median_delta,STAM b=461.3626922 original,450,0.0251,0.98846,-0.10809227756394507,0.31344311931770935,0.2114628474189878,-0.00336159638256605,0.006512460922333929,,,
269,catalog_bin_median_delta,STAM b=1335.412792 DES-style,450,0.0251,0.98846,-0.22141321626354918,0.3735193589371886,0.2624121720375804,-0.1134054705819447,-0.1008970931521489,,,
269,catalog_bin_median_delta,LCDM fixed H0=70 Om=0.3,450,0.0251,0.98846,-0.2311308868797362,0.3518237608945526,0.25998489781110695,-0.13737434862413436,-0.13950413121639116,,,
269,catalog_linear_z_delta,STAM b=354.95 union-style,450,0.0251,0.98846,-0.09631099768164195,0.27373456566523324,0.2226782290739118,0.022183334918527545,0.010807169910940218,0.5020190588783741,-0.7076040120190203,
269,catalog_linear_z_delta,STAM b=461.3626922 original,450,0.0251,0.98846,-0.11052425386195268,0.2801084650309134,0.2277145548850357,0.008393535792496923,-0.0027293308084281875,0.5020190588783741,-0.7076040120190203,
269,catalog_linear_z_delta,STAM b=1335.412792 DES-style,450,0.0251,0.98846,-0.22384519256155683,0.34793409293814787,0.28577231118361923,-0.10165033840688172,-0.11290038519601708,0.5020190588783741,-0.7076040120190203,
269,catalog_linear_z_delta,LCDM fixed H0=70 Om=0.3,450,0.0251,0.98846,-0.23356286317774383,0.3281052976248834,0.2795462928173824,-0.12561921644907137,-0.15361861399557597,0.5020190588783741,-0.7076040120190203,
269,catalog_quadratic_z_delta,STAM b=354.95 union-style,450,0.0251,0.98846,-0.09895648004545828,0.3044980781531257,0.23031258428542545,0.014636515268218062,0.028029055242917877,0.6955052815263847,-2.5547434707991474,2.5080390662541396
269,catalog_quadratic_z_delta,STAM b=461.3626922 original,450,0.0251,0.98846,-0.11316973622576901,0.31028235937298876,0.23332378396104872,0.0008467161421874418,0.014121650179205858,0.6955052815263847,-2.5547434707991474,2.5080390662541396
269,catalog_quadratic_z_delta,STAM b=1335.412792 DES-style,450,0.0251,0.98846,-0.2264906749253732,0.37293619597407335,0.2805180873065054,-0.1091971580571912,-0.09531781025100372,0.6955052815263847,-2.5547434707991474,2.5080390662541396
269,catalog_quadratic_z_delta,LCDM fixed H0=70 Om=0.3,450,0.0251,0.98846,-0.23620834554156017,0.34684787613323137,0.2737682027756681,-0.13316603609938085,-0.13555912761194833,0.6955052815263847,-2.5547434707991474,2.5080390662541396
269,raw_no_catalog_correction,STAM b=354.95 union-style,450,0.0251,0.98846,0.128268174149716,0.20228401142132166,0.16124022794943343,0.19602131385457616,0.16182315767638045,,,
269,raw_no_catalog_correction,STAM b=461.3626922 original,450,0.0251,0.98846,0.1140549179694053,0.19385001121459675,0.15308626195677155,0.18223151472854554,0.14802339787496166,,,
269,raw_no_catalog_correction,STAM b=1335.412792 DES-style,450,0.0251,0.98846,0.0007339792698011554,0.1597031794959861,0.1232794863474953,0.07218764052916689,0.03729229646938492,,,
269,raw_no_catalog_correction,LCDM fixed H0=70 Om=0.3,450,0.0251,0.98846,-0.008983691346385856,0.1523511910927514,0.11737402675002785,0.04821876248697723,0.00898918161830764,,,
270,catalog_bin_median_delta,STAM b=354.95 union-style,450,0.0251,0.98024,-0.09241303396235379,0.2925242461964065,0.19847809847901962,0.014617621079876228,0.01400838681107075,,,
270,catalog_bin_median_delta,STAM b=461.3626922 original,450,0.0251,0.98024,-0.1066365013432336,0.2981618370643539,0.2019612651697004,0.0008267703140414381,-4.11550286578688e-05,,,
270,catalog_bin_median_delta,STAM b=1335.412792 DES-style,450,0.0251,0.98024,-0.2200360137269606,0.3604704624031503,0.2556341414712897,-0.10922544739262396,-0.11144677301247796,,,
270,catalog_bin_median_delta,LCDM fixed H0=70 Om=0.3,450,0.0251,0.98024,-0.22906540052208876,0.33788431018453036,0.25274775441162345,-0.13331937900108087,-0.14478219984593466,,,
270,catalog_linear_z_delta,STAM b=354.95 union-style,450,0.0251,0.98024,-0.09308779043147511,0.2673452821979047,0.2150160433049221,0.02614981349720373,0.015293448697146772,0.48394535621430196,-0.6776319936889934,
270,catalog_linear_z_delta,STAM b=461.3626922 original,450,0.0251,0.98024,-0.10731125781235493,0.2737241808411189,0.2197556987919414,0.01235896273136894,0.0021799913735378595,0.48394535621430196,-0.6776319936889934,
270,catalog_linear_z_delta,STAM b=1335.412792 DES-style,450,0.0251,0.98024,-0.22071077019608196,0.34192734518702167,0.2786770148171962,-0.09769325497529646,-0.1037017669933995,0.48394535621430196,-0.6776319936889934,
270,catalog_linear_z_delta,LCDM fixed H0=70 Om=0.3,450,0.0251,0.98024,-0.22974015699121006,0.3209358552858418,0.27223540982151856,-0.12178718658375336,-0.14948348364113428,0.48394535621430196,-0.6776319936889934,
270,catalog_quadratic_z_delta,STAM b=354.95 union-style,450,0.0251,0.98024,-0.09783700223962001,0.2926127202073975,0.22243518116763195,0.020413285715692002,0.024122691324521384,0.6684406393901693,-2.438938369145603,2.391495225923536
270,catalog_quadratic_z_delta,STAM b=461.3626922 original,450,0.0251,0.98024,-0.11206046962049988,0.29859664156348137,0.2250495785873941,0.006622434949857213,0.010970382378271637,0.6684406393901693,-2.438938369145603,2.391495225923536
270,catalog_quadratic_z_delta,STAM b=1335.412792 DES-style,450,0.0251,0.98024,-0.22545998200422687,0.36309829680256567,0.2738560082970626,-0.1034297827568082,-0.09924207323687995,0.6684406393901693,-2.438938369145603,2.391495225923536
270,catalog_quadratic_z_delta,LCDM fixed H0=70 Om=0.3,450,0.0251,0.98024,-0.234489368799355,0.33635783983736134,0.26683090918782837,-0.12752371436526508,-0.136559776577176,0.6684406393901693,-2.438938369145603,2.391495225923536
270,raw_no_catalog_correction,STAM b=354.95 union-style,450,0.0251,0.98024,0.12608746567860807,0.19276148657139217,0.15293686774789408,0.19606806552431982,0.1625183344924359,,,
270,raw_no_catalog_correction,STAM b=461.3626922 original,450,0.0251,0.98024,0.11186399829772822,0.1841174347083844,0.14472857967976877,0.18227721475848505,0.14858833857211096,,,
270,raw_no_catalog_correction,STAM b=1335.412792 DES-style,450,0.0251,0.98024,-0.001535514085998771,0.15002640950509027,0.1153471002779632,0.07222499705181963,0.032226861775171756,,,
270,raw_no_catalog_correction,LCDM fixed H0=70 Om=0.3,450,0.0251,0.98024,-0.010564900881126903,0.14026865914017264,0.10857048587733983,0.048131065443362736,0.007276169251021258,,,
271,catalog_bin_median_delta,STAM b=354.95 union-style,450,0.0251,0.96296,-0.06739204541605091,0.2858574610008282,0.18915700294995272,0.01636065711740746,0.028691775902149885,,,
271,catalog_bin_median_delta,STAM b=461.3626922 original,450,0.0251,0.96296,-0.08157476630631455,0.2902769259263444,0.19036107623352266,0.0025662279138976077,0.014686117355363848,,,
271,catalog_bin_median_delta,STAM b=1335.412792 DES-style,450,0.0251,0.96296,-0.1946596061010676,0.3449380911284836,0.2341241446141267,-0.1075139106482057,-0.09799005765549396,,,
271,catalog_bin_median_delta,LCDM fixed H0=70 Om=0.3,450,0.0251,0.96296,-0.20556358915312836,0.3250843423059954,0.2367829105924709,-0.13166563955476,-0.13060123673409407,,,
271,catalog_linear_z_delta,STAM b=354.95 union-style,450,0.0251,0.96296,-0.07307516927612456,0.24922657575849916,0.19668503706318038,0.023558041579129295,0.01515730420003436,0.47415045996926397,-0.6564229182881898,
271,catalog_linear_z_delta,STAM b=461.3626922 original,450,0.0251,0.96296,-0.0872578901663882,0.254815773582486,0.20072959574162302,0.009763612375619443,0.0018817029984035116,0.47415045996926397,-0.6564229182881898,
271,catalog_linear_z_delta,STAM b=1335.412792 DES-style,450,0.0251,0.96296,-0.20034272996114122,0.3190525809461516,0.258099821746098,-0.10031652618648386,-0.10527313748561085,0.47415045996926397,-0.6564229182881898,
271,catalog_linear_z_delta,LCDM fixed H0=70 Om=0.3,450,0.0251,0.96296,-0.21124671301320203,0.3001593228238815,0.2536071184409178,-0.12446825509303816,-0.14776858155117978,0.47415045996926397,-0.6564229182881898,
271,catalog_quadratic_z_delta,STAM b=354.95 union-style,450,0.0251,0.96296,-0.07445176417044584,0.27076697258404614,0.2007158785499045,0.019601943891503548,0.02503779905707404,0.653614144904959,-2.3696945369390985,2.326273812329634
271,catalog_quadratic_z_delta,STAM b=461.3626922 original,450,0.0251,0.96296,-0.08863448506070948,0.2759096682470281,0.20331198597836275,0.005807514687993695,0.01105721102493007,0.653614144904959,-2.3696945369390985,2.326273812329634
271,catalog_quadratic_z_delta,STAM b=1335.412792 DES-style,450,0.0251,0.96296,-0.20171932485546254,0.3360746098610523,0.24960032453490363,-0.10427262387410961,-0.09475016795293811,0.653614144904959,-2.3696945369390985,2.326273812329634
271,catalog_quadratic_z_delta,LCDM fixed H0=70 Om=0.3,450,0.0251,0.96296,-0.2126233079075233,0.31134213571011393,0.24457332506391352,-0.12842435278066391,-0.13610560316678644,0.653614144904959,-2.3696945369390985,2.326273812329634
271,raw_no_catalog_correction,STAM b=354.95 union-style,450,0.0251,0.96296,0.14043230057486666,0.2027925022195156,0.16267191833642655,0.19405121267296246,0.15766917082518717,,,
271,raw_no_catalog_correction,STAM b=461.3626922 original,450,0.0251,0.96296,0.126249579684603,0.19349272046093335,0.15318096104992168,0.18025678346945262,0.1426931644627203,,,
271,raw_no_catalog_correction,STAM b=1335.412792 DES-style,450,0.0251,0.96296,0.013164739889849965,0.1501956306160928,0.11397266488107229,0.07017664490734932,0.030323138794443594,,,
271,raw_no_catalog_correction,LCDM fixed H0=70 Om=0.3,450,0.0251,0.96296,0.002260756837789199,0.1425451825332093,0.10870326367559374,0.046024916000795016,0.01206155908635509,,,
272,catalog_bin_median_delta,STAM b=354.95 union-style,450,0.0251,0.98158,-0.07669584604382862,0.2763444062593668,0.1906800693179721,0.026805171558642277,0.025506897333915646,,,
272,catalog_bin_median_delta,STAM b=461.3626922 original,450,0.0251,0.98158,-0.09094580043838943,0.2814053788005294,0.19234013440035358,0.01301902138157102,0.012251865691222719,,,
272,catalog_bin_median_delta,STAM b=1335.412792 DES-style,450,0.0251,0.98158,-0.20455080420617033,0.3409509812354267,0.2399079591815872,-0.09699669997414781,-0.0953931459977646,,,
272,catalog_bin_median_delta,LCDM fixed H0=70 Om=0.3,450,0.0251,0.98158,-0.21308027772942384,0.3189240072543367,0.23743786809424047,-0.12115360673609717,-0.1290132874134322,,,
272,catalog_linear_z_delta,STAM b=354.95 union-style,450,0.0251,0.98158,-0.07376138854322359,0.2347988052121114,0.1906219993201342,0.03792656699378507,0.012266394784095525,0.4518495613017848,-0.6123359269733082,
272,catalog_linear_z_delta,STAM b=461.3626922 original,450,0.0251,0.98158,-0.0880113429377844,0.24068975497103143,0.19581488819106013,0.024140416816713813,-0.0014364670612820873,0.4518495613017848,-0.6123359269733082,
272,catalog_linear_z_delta,STAM b=1335.412792 DES-style,450,0.0251,0.98158,-0.2016163467055653,0.307911839751906,0.2563100274598162,-0.08587530453900502,-0.11077783123411322,0.4518495613017848,-0.6123359269733082,
272,catalog_linear_z_delta,LCDM fixed H0=70 Om=0.3,450,0.0251,0.98158,-0.2101458202288188,0.2885446317512072,0.24963284673539712,-0.11003221130095436,-0.1495049412885301,0.4518495613017848,-0.6123359269733082,
272,catalog_quadratic_z_delta,STAM b=354.95 union-style,450,0.0251,0.98158,-0.07547805729157944,0.26619211075784843,0.203525657139464,0.03167704034135364,0.02494448709792252,0.6246194180956134,-2.261704111457601,2.239505967814246
272,catalog_quadratic_z_delta,STAM b=461.3626922 original,450,0.0251,0.98158,-0.08972801168614025,0.2714308343119218,0.20589748911451988,0.017890890164282386,0.011194342765577403,0.6246194180956134,-2.261704111457601,2.239505967814246
272,catalog_quadratic_z_delta,STAM b=1335.412792 DES-style,450,0.0251,0.98158,-0.20333301545392113,0.33267888708073456,0.2522977444783881,-0.09212483119143644,-0.09975238374292417,0.6246194180956134,-2.261704111457601,2.239505967814246
272,catalog_quadratic_z_delta,LCDM fixed H0=70 Om=0.3,450,0.0251,0.98158,-0.2118624889771746,0.30690437849943897,0.24508335407581266,-0.1162817379533858,-0.136198889955363,0.6246194180956134,-2.261704111457601,2.239505967814246
272,raw_no_catalog_correction,STAM b=354.95 union-style,450,0.0251,0.98158,0.14183529800962394,0.2019511307037694,0.16244093652984146,0.20544786044753097,0.16754085248730988,,,
272,raw_no_catalog_correction,STAM b=461.3626922 original,450,0.0251,0.98158,0.12758534361506313,0.19240146985490306,0.15261925029654083,0.19166171027045972,0.15314373634071998,,,
272,raw_no_catalog_correction,STAM b=1335.412792 DES-style,450,0.0251,0.98158,0.013980339847282234,0.147105575194118,0.11173198793842215,0.08164598891474088,0.04198354352601541,,,
272,raw_no_catalog_correction,LCDM fixed H0=70 Om=0.3,450,0.0251,0.98158,0.005450866324028775,0.14147462148032813,0.10678125437046584,0.05748908215279153,0.01449333568643496,,,
273,catalog_bin_median_delta,STAM b=354.95 union-style,450,0.02512,0.98846,-0.08739721068137446,0.297884515427604,0.20753007310602326,-0.0026352952141552696,0.014530170440824719,,,
273,catalog_bin_median_delta,STAM b=461.3626922 original,450,0.02512,0.98846,-0.10163058802911805,0.3030251264691674,0.20990080621295024,-0.016428334112275927,0.002110423235539116,,,
273,catalog_bin_median_delta,STAM b=1335.412792 DES-style,450,0.02512,0.98846,-0.21510742554231263,0.3619134363395766,0.2541953260254378,-0.12649779935015973,-0.10912104838291725,,,
273,catalog_bin_median_delta,LCDM fixed H0=70 Om=0.3,450,0.02512,0.98846,-0.2242688607833742,0.34392471949947195,0.25613091621949313,-0.1507559496425186,-0.1422751265685953,,,
273,catalog_linear_z_delta,STAM b=354.95 union-style,450,0.02512,0.98846,-0.09086579614650245,0.24551714011747316,0.19911835121358634,0.005758823574160977,-0.004478960794759956,0.45520239237041255,-0.6085250330682047,
273,catalog_linear_z_delta,STAM b=461.3626922 original,450,0.02512,0.98846,-0.10509917349424602,0.2521092498509237,0.20468524352727765,-0.008034215323959681,-0.01761072379633788,0.45520239237041255,-0.6085250330682047,
273,catalog_linear_z_delta,STAM b=1335.412792 DES-style,450,0.02512,0.98846,-0.21857601100744062,0.32284251918509727,0.26843438443119,-0.11810368056184349,-0.12062482413296038,0.45520239237041255,-0.6085250330682047,
273,catalog_linear_z_delta,LCDM fixed H0=70 Om=0.3,450,0.02512,0.98846,-0.22773744624850217,0.3062122138292512,0.26385149769648325,-0.14236183085420234,-0.1646967432483315,0.45520239237041255,-0.6085250330682047,
273,catalog_quadratic_z_delta,STAM b=354.95 union-style,450,0.02512,0.98846,-0.09314446586481007,0.2722065552335713,0.20872325927415897,0.0017860416530372921,0.003885052054858562,0.6342795077905363,-2.3181062194185547,2.3212629571193397
273,catalog_quadratic_z_delta,STAM b=461.3626922 original,450,0.02512,0.98846,-0.10737784321255364,0.2781911259742198,0.21281386708334984,-0.012006997245083365,-0.010348163485819128,0.6342795077905363,-2.3181062194185547,2.3212629571193397
273,catalog_quadratic_z_delta,STAM b=1335.412792 DES-style,450,0.02512,0.98846,-0.22085468072574826,0.34375826422700784,0.2652038147736059,-0.12207646248296718,-0.11794375121678513,0.6342795077905363,-2.3181062194185547,2.3212629571193397
273,catalog_quadratic_z_delta,LCDM fixed H0=70 Om=0.3,450,0.02512,0.98846,-0.2300161159668098,0.32122910980561925,0.2597672296295662,-0.14633461277532603,-0.15206247538269935,0.6342795077905363,-2.3181062194185547,2.3212629571193397
273,raw_no_catalog_correction,STAM b=354.95 union-style,450,0.02512,0.98846,0.12785610721712162,0.1990133944748035,0.15855213985492628,0.1793401714525111,0.1552667832096546,,,
273,raw_no_catalog_correction,STAM b=461.3626922 original,450,0.02512,0.98846,0.11362272986937806,0.19037218294955216,0.15055290987143674,0.16554713255439044,0.14168967297436197,,,
273,raw_no_catalog_correction,STAM b=1335.412792 DES-style,450,0.02512,0.98846,0.0001458923561834637,0.15500728846503642,0.12246654449527013,0.05547766731650662,0.030242971223945148,,,
273,raw_no_catalog_correction,LCDM fixed H0=70 Om=0.3,450,0.02512,0.98846,-0.009015542884878087,0.15078134387622416,0.11878374815710109,0.03121951702414778,0.009631478099201729,,,
274,catalog_bin_median_delta,STAM b=354.95 union-style,450,0.0251,0.98024,-0.09913487368599204,0.28602840849633127,0.19619104674573998,-0.01111745916711884,0.0021697690017248306,,,
274,catalog_bin_median_delta,STAM b=461.3626922 original,450,0.0251,0.98024,-0.11329984857713783,0.2919866559699781,0.19930217126914676,-0.02491332855789581,-0.011009955807733007,,,
274,catalog_bin_median_delta,STAM b=1335.412792 DES-style,450,0.0251,0.98024,-0.22624790654354787,0.35651004003537773,0.2584515623257138,-0.13500469938878015,-0.12199261160052188,,,
274,catalog_bin_median_delta,LCDM fixed H0=70 Om=0.3,450,0.0251,0.98024,-0.23815892207659764,0.33959392241456443,0.2606199481924361,-0.15916257987114535,-0.15430162540716452,,,
274,catalog_linear_z_delta,STAM b=354.95 union-style,450,0.0251,0.98024,-0.09901226650522715,0.2561181120417163,0.20662431834440154,-0.0010087735603524252,-0.02146308182046397,0.47773969454571086,-0.6469870690324053,
274,catalog_linear_z_delta,STAM b=461.3626922 original,450,0.0251,0.98024,-0.11317724139637297,0.2629165033420779,0.21245037101149442,-0.014804642951129397,-0.03440849854012029,0.47773969454571086,-0.6469870690324053,
274,catalog_linear_z_delta,STAM b=1335.412792 DES-style,450,0.0251,0.98024,-0.226125299362783,0.33410964607939814,0.2763310398127978,-0.12489601378201375,-0.14352336161660872,0.47773969454571086,-0.6469870690324053,
274,catalog_linear_z_delta,LCDM fixed H0=70 Om=0.3,450,0.0251,0.98024,-0.2380363148958328,0.31924989867203296,0.27551628539816414,-0.14905389426437893,-0.18372073444401238,0.47773969454571086,-0.6469870690324053,
274,catalog_quadratic_z_delta,STAM b=354.95 union-style,450,0.0251,0.98024,-0.09853714373470127,0.2751355235726331,0.205161738556613,-0.005270252320701887,-0.004732509028055887,0.6524298352162942,-2.314687474138244,2.264397388584603
274,catalog_quadratic_z_delta,STAM b=461.3626922 original,450,0.0251,0.98024,-0.11270211862584711,0.28135544420682074,0.20948537780684884,-0.01906612171147886,-0.01782371252197379,0.6524298352162942,-2.314687474138244,2.264397388584603
274,catalog_quadratic_z_delta,STAM b=1335.412792 DES-style,450,0.0251,0.98024,-0.22565017659225714,0.3480421209317095,0.2649881212703028,-0.1291574925423632,-0.12836217325310173,0.6524298352162942,-2.314687474138244,2.264397388584603
274,catalog_quadratic_z_delta,LCDM fixed H0=70 Om=0.3,450,0.0251,0.98024,-0.23756119212530694,0.3273804970997911,0.2635981433588484,-0.1533153730247284,-0.16364706010455876,0.6524298352162942,-2.314687474138244,2.264397388584603
274,raw_no_catalog_correction,STAM b=354.95 union-style,450,0.0251,0.98024,0.12014294302417769,0.19136115806580092,0.1507237451465966,0.17759905194399245,0.1396205070103349,,,
274,raw_no_catalog_correction,STAM b=461.3626922 original,450,0.0251,0.98024,0.10597796813303187,0.18305121224940835,0.1429561414263745,0.16380318255321547,0.12504730622965,,,
274,raw_no_catalog_correction,STAM b=1335.412792 DES-style,450,0.0251,0.98024,-0.0069700898333781664,0.1522053392389753,0.1185372698132559,0.053711811722331124,0.01283169521183325,,,
274,raw_no_catalog_correction,LCDM fixed H0=70 Om=0.3,450,0.0251,0.98024,-0.018881105366427918,0.1472193252007281,0.11393318092387213,0.02955393123996594,-0.002528139634467408,,,
275,catalog_bin_median_delta,STAM b=354.95 union-style,450,0.0251,0.99268,-0.08175129714896921,0.2871942822684994,0.19161690485441957,-0.003127737753613581,0.01117613074399415,,,
275,catalog_bin_median_delta,STAM b=461.3626922 original,450,0.0251,0.99268,-0.09589190385882494,0.2921956337908253,0.19336351884180666,-0.016910274854923257,-0.0024107609550299003,,,
275,catalog_bin_median_delta,STAM b=1335.412792 DES-style,450,0.0251,0.99268,-0.2086511604362122,0.3504707511036949,0.2420096327090207,-0.12689800103693832,-0.11158133710186746,,,
275,catalog_bin_median_delta,LCDM fixed H0=70 Om=0.3,450,0.0251,0.99268,-0.22121385525707948,0.3345605320975615,0.24810202900295728,-0.15114858206229437,-0.14605729176468074,,,
275,catalog_linear_z_delta,STAM b=354.95 union-style,450,0.0251,0.99268,-0.08270010924564433,0.24153552204432002,0.19051947874641065,0.006726036896798967,-0.011947389106289563,0.4641923613854237,-0.6358082921869941,
275,catalog_linear_z_delta,STAM b=461.3626922 original,450,0.0251,0.99268,-0.0968407159555,0.24772287850979202,0.1955106823235564,-0.007056500204510709,-0.02515299328464593,0.4641923613854237,-0.6358082921869941,
275,catalog_linear_z_delta,STAM b=1335.412792 DES-style,450,0.0251,0.99268,-0.2095999725328873,0.31596467516707594,0.25695040649251066,-0.11704422638652577,-0.1309581077982429,0.4641923613854237,-0.6358082921869941,
275,catalog_linear_z_delta,LCDM fixed H0=70 Om=0.3,450,0.0251,0.99268,-0.22216266735375456,0.3015080406758344,0.2557137819754147,-0.14129480741188183,-0.17001319507885526,0.4641923613854237,-0.6358082921869941,
275,catalog_quadratic_z_delta,STAM b=354.95 union-style,450,0.0251,0.99268,-0.08376912998095006,0.2703106002188851,0.2026457690008738,-0.0001985993237014346,0.015054592367516051,0.6446457999855647,-2.3585287130474333,2.339103360720345
275,catalog_quadratic_z_delta,STAM b=461.3626922 original,450,0.0251,0.99268,-0.09790973669080581,0.2757841082233335,0.20510739110711795,-0.013981136425011111,0.0012546079307895752,0.6446457999855647,-2.3585287130474333,2.339103360720345
275,catalog_quadratic_z_delta,STAM b=1335.412792 DES-style,450,0.0251,0.99268,-0.21066899326819302,0.33797476566944207,0.2531961286616851,-0.12396886260702616,-0.10918188731207223,0.6446457999855647,-2.3585287130474333,2.339103360720345
275,catalog_quadratic_z_delta,LCDM fixed H0=70 Om=0.3,450,0.0251,0.99268,-0.2232316880890603,0.3177726914864268,0.2517199263917963,-0.14821944363238224,-0.14699583009188544,0.6446457999855647,-2.3585287130474333,2.339103360720345
275,raw_no_catalog_correction,STAM b=354.95 union-style,450,0.0251,0.99268,0.1246301219996506,0.19399796458701682,0.15646777772813567,0.1752760622463857,0.1513301323749836,,,
275,raw_no_catalog_correction,STAM b=461.3626922 original,450,0.0251,0.99268,0.11048951528979487,0.18540128895576,0.1480166352052268,0.161493525145076,0.1366708360369664,,,
275,raw_no_catalog_correction,STAM b=1335.412792 DES-style,450,0.0251,0.99268,-0.00226974128759238,0.1509680339742427,0.11350138095813354,0.05150579896306095,0.02192885918709564,,,
275,raw_no_catalog_correction,LCDM fixed H0=70 Om=0.3,450,0.0251,0.99268,-0.014832436108459655,0.14730922762111742,0.11125837932396515,0.02725521793770489,0.0022947378486648518,,,
276,catalog_bin_median_delta,STAM b=354.95 union-style,450,0.02512,0.98,-0.07379776851991637,0.2865024755629428,0.19737969592202867,0.006633326523498037,0.016541747474526858,,,
276,catalog_bin_median_delta,STAM b=461.3626922 original,450,0.02512,0.98,-0.08803033849851746,0.2911635518931874,0.1990564748868527,-0.007166959788908795,0.00284416389511577,,,
276,catalog_bin_median_delta,STAM b=1335.412792 DES-style,450,0.02512,0.98,-0.20150202112312354,0.34751817758015424,0.24273413855852996,-0.11729262195890097,-0.11225159963194287,,,
276,catalog_bin_median_delta,LCDM fixed H0=70 Om=0.3,450,0.02512,0.98,-0.21152168767595497,0.32979059299652846,0.2438196399914187,-0.14138740034718128,-0.13852570440469947,,,
276,catalog_linear_z_delta,STAM b=354.95 union-style,450,0.02512,0.98,-0.084637668860345,0.24482911221253165,0.19896658521606278,0.013762334760523456,-0.008789736273712379,0.46069824836194706,-0.6380041915493769,
276,catalog_linear_z_delta,STAM b=461.3626922 original,450,0.02512,0.98,-0.09887023883894612,0.2510955874738794,0.20455108710281147,-3.7951551883376546e-05,-0.022927838048907745,0.46069824836194706,-0.6380041915493769,
276,catalog_linear_z_delta,STAM b=1335.412792 DES-style,450,0.02512,0.98,-0.21234192146355219,0.3198958540814218,0.267155399358283,-0.11016361372187555,-0.13617780729638795,0.46069824836194706,-0.6380041915493769,
276,catalog_linear_z_delta,LCDM fixed H0=70 Om=0.3,450,0.02512,0.98,-0.22236158801638362,0.30327204877312824,0.2622115751698645,-0.13425839211015586,-0.16641174164118766,0.46069824836194706,-0.6380041915493769,
276,catalog_quadratic_z_delta,STAM b=354.95 union-style,450,0.02512,0.98,-0.08140569273644506,0.2691194913357365,0.2092401613609233,0.010144993621663016,0.012546476564740061,0.6413631787560768,-2.3627436442175513,2.3418447945767547
276,catalog_quadratic_z_delta,STAM b=461.3626922 original,450,0.02512,0.98,-0.09563826271504619,0.2745944829518065,0.21189246275668097,-0.003655292690743816,-0.00143872076507634,0.6413631787560768,-2.3627436442175513,2.3418447945767547
276,catalog_quadratic_z_delta,STAM b=1335.412792 DES-style,450,0.02512,0.98,-0.20910994533965224,0.33711168251407686,0.25851049738892007,-0.113780954860736,-0.11242427855362891,0.6413631787560768,-2.3627436442175513,2.3418447945767547
276,catalog_quadratic_z_delta,LCDM fixed H0=70 Om=0.3,450,0.02512,0.98,-0.21912961189248367,0.3139140850251749,0.25260422129026205,-0.13787573324901628,-0.15054781859219446,0.6413631787560768,-2.3627436442175513,2.3418447945767547
276,raw_no_catalog_correction,STAM b=354.95 union-style,450,0.02512,0.98,0.1286070288822484,0.19704981960534051,0.1586452912962036,0.1800251931901637,0.14118377993620257,,,
276,raw_no_catalog_correction,STAM b=461.3626922 original,450,0.02512,0.98,0.11437445890364731,0.18826417903248843,0.14955021532670434,0.16622490687775685,0.12534861577008627,,,
276,raw_no_catalog_correction,STAM b=1335.412792 DES-style,450,0.02512,0.98,0.0009027762790412274,0.15185377478430562,0.1178396843198079,0.05609924470776467,0.017112080250171857,,,
276,raw_no_catalog_correction,LCDM fixed H0=70 Om=0.3,450,0.02512,0.98,-0.009116890273790201,0.14793432135788234,0.11513545608472917,0.03200446631948438,0.0022947378486648518,,,
277,catalog_bin_median_delta,STAM b=354.95 union-style,450,0.02517,0.98158,-0.10249116944667967,0.3073876728938678,0.20424378564704296,0.0013236279879762947,-0.0011077578256148968,,,
277,catalog_bin_median_delta,STAM b=461.3626922 original,450,0.02517,0.98158,-0.11667816964670054,0.3130770828293403,0.20767836995950323,-0.01247674758861469,-0.015129188975841146,,,
277,catalog_bin_median_delta,STAM b=1335.412792 DES-style,450,0.02517,0.98158,-0.22979627294829047,0.374958368426828,0.26255915931452056,-0.12260318643832353,-0.1258950921017714,,,
277,catalog_bin_median_delta,LCDM fixed H0=70 Om=0.3,450,0.02517,0.98158,-0.24066044300240436,0.35772729683039073,0.2656818982345036,-0.1467626949888882,-0.16360124879821925,,,
277,catalog_linear_z_delta,STAM b=354.95 union-style,450,0.02517,0.98158,-0.10173990220562232,0.25144321341043946,0.2009647101699032,0.010763269447075363,-0.013167004265781657,0.47404769408099123,-0.6482888252550183,
277,catalog_linear_z_delta,STAM b=461.3626922 original,450,0.02517,0.98158,-0.11592690240564324,0.2585063645000077,0.20636369718938652,-0.003037106129515621,-0.026239372496672075,0.47404769408099123,-0.6482888252550183,
277,catalog_linear_z_delta,STAM b=1335.412792 DES-style,450,0.02517,0.98158,-0.22904500570723318,0.3316018979585589,0.2744839043290154,-0.11316354497922447,-0.12949443813833028,0.47404769408099123,-0.6482888252550183,
277,catalog_linear_z_delta,LCDM fixed H0=70 Om=0.3,450,0.02517,0.98158,-0.23990917576134707,0.31567355754889737,0.2736191851628669,-0.13732305352978913,-0.17400197285593322,0.47404769408099123,-0.6482888252550183,
277,catalog_quadratic_z_delta,STAM b=354.95 union-style,450,0.02517,0.98158,-0.10309360906190804,0.28291145675375384,0.21102132017246708,0.00756515583301379,0.00679015161485097,0.6612585473444565,-2.435519716644788,2.4266954369444367
277,catalog_quadratic_z_delta,STAM b=461.3626922 original,450,0.02517,0.98158,-0.11728060926192892,0.28917632079909217,0.2149577694344612,-0.006235219743577195,-0.0061905893653246835,0.6612585473444565,-2.435519716644788,2.4266954369444367
277,catalog_quadratic_z_delta,STAM b=1335.412792 DES-style,450,0.02517,0.98158,-0.23039871256351882,0.3558364733295428,0.26976485647222176,-0.11636165859328604,-0.11752532384264214,0.6612585473444565,-2.435519716644788,2.4266954369444367
277,catalog_quadratic_z_delta,LCDM fixed H0=70 Om=0.3,450,0.02517,0.98158,-0.24126288261763276,0.33389738524298773,0.267844226540343,-0.1405211671438507,-0.1522215396880391,0.6612585473444565,-2.435519716644788,2.4266954369444367
277,raw_no_catalog_correction,STAM b=354.95 union-style,450,0.02517,0.98158,0.11540954848239582,0.18526184570256904,0.1472008249692803,0.1856906724324212,0.13080503538373733,,,
277,raw_no_catalog_correction,STAM b=461.3626922 original,450,0.02517,0.98158,0.10122254828237491,0.17698187303636495,0.1387812239033458,0.17189029685583024,0.1172888869035269,,,
277,raw_no_catalog_correction,STAM b=1335.412792 DES-style,450,0.02517,0.98158,-0.011895555019215017,0.1480700205872054,0.11219268193486887,0.06176385800612138,0.007641670807501555,,,
277,raw_no_catalog_correction,LCDM fixed H0=70 Om=0.3,450,0.02517,0.98158,-0.022759725073328907,0.14379847158289685,0.11042420103997254,0.03760434945555671,-0.00474835291148068,,,
278,catalog_bin_median_delta,STAM b=354.95 union-style,450,0.02509,0.98,-0.06455373144463822,0.28364876116037857,0.19376240594671687,0.030200763592974814,0.03238821129805913,,,
278,catalog_bin_median_delta,STAM b=461.3626922 original,450,0.02509,0.98,-0.0787767252603299,0.28791810193099604,0.19432837252097335,0.01641687206799007,0.018164932738461204,,,
278,catalog_bin_median_delta,STAM b=1335.412792 DES-style,450,0.02509,0.98,-0.192172073121362,0.3418550449877838,0.23490995878566398,-0.0935814386402601,-0.09184465497864736,,,
278,catalog_bin_median_delta,LCDM fixed H0=70 Om=0.3,450,0.02509,0.98,-0.20084942869035918,0.3222873353105883,0.2346360244821121,-0.11787413811296732,-0.1276182880289376,,,
278,catalog_linear_z_delta,STAM b=354.95 union-style,450,0.02509,0.98,-0.06999660348840851,0.24325374330546953,0.1991316890556686,0.04163128612624215,0.01613195200292239,0.4633922252693793,-0.642690756765044,
278,catalog_linear_z_delta,STAM b=461.3626922 original,450,0.02509,0.98,-0.08421959730410024,0.24879132499290812,0.20356786812094313,0.027847394601257413,0.002243785644125751,0.4633922252693793,-0.642690756765044,
278,catalog_linear_z_delta,STAM b=1335.412792 DES-style,450,0.02509,0.98,-0.19761494516513237,0.31322497610317623,0.25818320843377884,-0.08215091610699275,-0.10338669147776613,0.4633922252693793,-0.642690756765044,
278,catalog_linear_z_delta,LCDM fixed H0=70 Om=0.3,450,0.02509,0.98,-0.2062923007341295,0.29286998055228675,0.24954315689054263,-0.10644361557969997,-0.14680669781915512,0.4633922252693793,-0.642690756765044,
278,catalog_quadratic_z_delta,STAM b=354.95 union-style,450,0.02509,0.98,-0.07642925768111454,0.27189903334127574,0.211949784341598,0.03578749442880708,0.032395311449395336,0.6489299484903882,-2.413948911291196,2.4050077144183817
278,catalog_quadratic_z_delta,STAM b=461.3626922 original,450,0.02509,0.98,-0.09065225149680628,0.2771223584916097,0.21478232080471626,0.02200360290382234,0.01823089740677375,0.6489299484903882,-2.413948911291196,2.4050077144183817
278,catalog_quadratic_z_delta,STAM b=1335.412792 DES-style,450,0.02509,0.98,-0.20404759935783834,0.33786202314111236,0.2588530158834696,-0.08799470780442782,-0.08974097180191976,0.6489299484903882,-2.413948911291196,2.4050077144183817
278,catalog_quadratic_z_delta,LCDM fixed H0=70 Om=0.3,450,0.02509,0.98,-0.21272495492683555,0.31169376811345934,0.25051405149469147,-0.11228740727713506,-0.12429537947551239,0.6489299484903882,-2.413948911291196,2.4050077144183817
278,raw_no_catalog_correction,STAM b=354.95 union-style,450,0.02509,0.98,0.14200915318333482,0.20421291093788713,0.16462151902989455,0.20641707470408588,0.1576649451498895,,,
278,raw_no_catalog_correction,STAM b=461.3626922 original,450,0.02509,0.98,0.1277861593676431,0.19478428248875027,0.15460571961465416,0.1926331831791011,0.14345065315817962,,,
278,raw_no_catalog_correction,STAM b=1335.412792 DES-style,450,0.02509,0.98,0.014390811506610996,0.1501421620290599,0.11341681290670257,0.08263487247085095,0.03069085452891329,,,
278,raw_no_catalog_correction,LCDM fixed H0=70 Om=0.3,450,0.02509,0.98,0.005713455937613835,0.14540724173514696,0.1102922765506299,0.058342172998143725,0.01944918820489505,,,
279,catalog_bin_median_delta,STAM b=354.95 union-style,450,0.02556,0.98536,-0.07145683842816357,0.2806167758853852,0.19205285098333158,0.032505663331494565,0.02086824798882958,,,
279,catalog_bin_median_delta,STAM b=461.3626922 original,450,0.02556,0.98536,-0.08569137366092043,0.28529642799202953,0.19351450834595676,0.018708224653278795,0.006751025599918137,,,
279,catalog_bin_median_delta,STAM b=1335.412792 DES-style,450,0.02556,0.98536,-0.19917664893946832,0.3421098222341554,0.23653839240930064,-0.09139539023242407,-0.10112311059256385,,,
279,catalog_bin_median_delta,LCDM fixed H0=70 Om=0.3,450,0.02556,0.98536,-0.20791814899633074,0.3224834078508943,0.2396792436236426,-0.1155805450178895,-0.1367132331845795,,,
279,catalog_linear_z_delta,STAM b=354.95 union-style,450,0.02556,0.98536,-0.0736191360483632,0.2361789364633549,0.189176904789383,0.04099527956191821,0.008546235475368036,0.4507326699950488,-0.6128423498046647,
279,catalog_linear_z_delta,STAM b=461.3626922 original,450,0.02556,0.98536,-0.08785367128112008,0.2420537103712741,0.19398751469132344,0.02719784088370244,-0.004653313791248337,0.4507326699950488,-0.6128423498046647,
279,catalog_linear_z_delta,STAM b=1335.412792 DES-style,450,0.02556,0.98536,-0.20133894655966797,0.30903672448158354,0.255399971249203,-0.08290577400200043,-0.11203888539453644,0.4507326699950488,-0.6128423498046647,
279,catalog_linear_z_delta,LCDM fixed H0=70 Om=0.3,450,0.02556,0.98536,-0.21008044661653036,0.28980316779204607,0.24972136930590724,-0.10709092878746586,-0.15823150753633897,0.4507326699950488,-0.6128423498046647,
279,catalog_quadratic_z_delta,STAM b=354.95 union-style,450,0.02556,0.98536,-0.07746548724469213,0.26325724682432144,0.20187499001761977,0.037550324123754815,0.023645212511677727,0.6259096390036126,-2.2851903200985015,2.2707078352588144
279,catalog_quadratic_z_delta,STAM b=461.3626922 original,450,0.02556,0.98536,-0.091700022477449,0.2686658110811319,0.20422067323474427,0.023752885445539045,0.009933860056833055,0.6259096390036126,-2.2851903200985015,2.2707078352588144
279,catalog_quadratic_z_delta,STAM b=1335.412792 DES-style,450,0.02556,0.98536,-0.20518529775599692,0.3311107218606209,0.2501402168024343,-0.08635072944016382,-0.09949313830207274,0.6259096390036126,-2.2851903200985015,2.2707078352588144
279,catalog_quadratic_z_delta,LCDM fixed H0=70 Om=0.3,450,0.02556,0.98536,-0.21392679781285928,0.30566705913438447,0.24328121472305456,-0.11053588422562925,-0.13917011082113362,0.6259096390036126,-2.2851903200985015,2.2707078352588144
279,raw_no_catalog_correction,STAM b=354.95 union-style,450,0.02556,0.98536,0.1388633551448966,0.19758759081284857,0.1615390248882168,0.20861108555371674,0.1639575547354184,,,
279,raw_no_catalog_correction,STAM b=461.3626922 original,450,0.02556,0.98536,0.12462881991213971,0.18807778270378803,0.15197091398746213,0.19481364687550096,0.14983102304498885,,,
279,raw_no_catalog_correction,STAM b=1335.412792 DES-style,450,0.02556,0.98536,0.01114354463359177,0.1440380415091957,0.1106242060241968,0.08471003198979807,0.040273215390456585,,,
279,raw_no_catalog_correction,LCDM fixed H0=70 Om=0.3,450,0.02556,0.98536,0.0024020445767294063,0.13840954720520454,0.1074788349456367,0.06052487720433266,0.01661824303424453,,,
280,catalog_bin_median_delta,STAM b=354.95 union-style,450,0.02598,0.96363,-0.08031264283525569,0.28437405379152636,0.18815958742651867,0.0006417768067542321,0.005532329573231465,,,
280,catalog_bin_median_delta,STAM b=461.3626922 original,450,0.02598,0.96363,-0.09452510165484848,0.28939452661494436,0.19009748292753043,-0.013156251360412515,-0.008350669757270168,,,
280,catalog_bin_median_delta,STAM b=1335.412792 DES-style,450,0.02598,0.96363,-0.20784054690883877,0.34813995721906454,0.23981855862599086,-0.12326470891112151,-0.11695081986388445,,,
280,catalog_bin_median_delta,LCDM fixed H0=70 Om=0.3,450,0.02598,0.96363,-0.21809236238724167,0.32932838321908914,0.24265308997236287,-0.14765683672883426,-0.14582509808579047,,,
280,catalog_linear_z_delta,STAM b=354.95 union-style,450,0.02598,0.96363,-0.08409972850159889,0.23900117631304496,0.19306864901592777,0.009347527716146165,-0.004852621925238054,0.4606775660280439,-0.6256326414818414,
280,catalog_linear_z_delta,STAM b=461.3626922 original,450,0.02598,0.96363,-0.09831218732119165,0.24535861730373393,0.19807327556548288,-0.004450500451020582,-0.017641893161734146,0.4606775660280439,-0.6256326414818414,
280,catalog_linear_z_delta,STAM b=1335.412792 DES-style,450,0.02598,0.96363,-0.211627632575182,0.31499743711481376,0.2601229730266972,-0.11455895800172958,-0.12598286129741965,0.4606775660280439,-0.6256326414818414,
280,catalog_linear_z_delta,LCDM fixed H0=70 Om=0.3,450,0.02598,0.96363,-0.22187944805358484,0.29834692549798336,0.25616319024539375,-0.13895108581944232,-0.16402862883334635,0.4606775660280439,-0.6256326414818414,
280,catalog_quadratic_z_delta,STAM b=354.95 union-style,450,0.02598,0.96363,-0.08335217084081255,0.27062781451629936,0.2035182793782409,0.008218304403066649,0.013190823204357827,0.6463841752288256,-2.398503086294113,2.407196876154118
280,catalog_quadratic_z_delta,STAM b=461.3626922 original,450,0.02598,0.96363,-0.09756462966040534,0.27614480903379757,0.20629559317465285,-0.005579723764100098,-0.00018912186301278666,0.6463841752288256,-2.398503086294113,2.407196876154118
280,catalog_quadratic_z_delta,STAM b=1335.412792 DES-style,450,0.02598,0.96363,-0.21088007491439562,0.3387916567340628,0.25518508874122564,-0.1156881813148091,-0.11130840686506005,0.6463841752288256,-2.398503086294113,2.407196876154118
280,catalog_quadratic_z_delta,LCDM fixed H0=70 Om=0.3,450,0.02598,0.96363,-0.2211318903927985,0.3159017854657321,0.25059470961914626,-0.14008030913252184,-0.14597533175246014,0.6463841752288256,-2.398503086294113,2.407196876154118
280,raw_no_catalog_correction,STAM b=354.95 union-style,450,0.02598,0.96363,0.13152300979404977,0.19631005639196586,0.15908607894581273,0.18125431014008717,0.1439785856310074,,,
280,raw_no_catalog_correction,STAM b=461.3626922 original,450,0.02598,0.96363,0.11731055097445696,0.18726075882176013,0.1496836536987128,0.16745628197292042,0.12894085509671527,,,
280,raw_no_catalog_correction,STAM b=1335.412792 DES-style,450,0.02598,0.96363,0.00399510572046668,0.14819282181861396,0.11270063524645223,0.05734782442221143,0.01958520258605745,,,
280,raw_no_catalog_correction,LCDM fixed H0=70 Om=0.3,450,0.02598,0.96363,-0.006256709757936226,0.14398015595179572,0.10968644083947386,0.032955696604498694,-0.0029612899955608896,,,
281,catalog_bin_median_delta,STAM b=354.95 union-style,450,0.02556,0.98846,-0.08212658594799026,0.29051838256670365,0.19559384044797942,0.024355817972841483,0.023416747083913947,,,
281,catalog_bin_median_delta,STAM b=461.3626922 original,450,0.02556,0.98846,-0.09633280017609455,0.29566769463547776,0.1975517010412912,0.010564181413827214,0.0101453587054543,,,
281,catalog_bin_median_delta,STAM b=1335.412792 DES-style,450,0.02556,0.98846,-0.20959852453335243,0.3548859792748296,0.24806153428079838,-0.09949396959635874,-0.10057248769727423,,,
281,catalog_bin_median_delta,LCDM fixed H0=70 Om=0.3,450,0.02556,0.98846,-0.21899930308803472,0.33221572139705,0.24533941875249285,-0.12343992528598154,-0.13492519216394072,,,
281,catalog_linear_z_delta,STAM b=354.95 union-style,450,0.02556,0.98846,-0.0754204296859579,0.2509108784464505,0.2059351952011337,0.03528610207227501,0.03062257603425067,0.48599194054254224,-0.6895656643226685,
281,catalog_linear_z_delta,STAM b=461.3626922 original,450,0.02556,0.98846,-0.08962664391406222,0.2566292938963131,0.2098838987262178,0.021494465513260744,0.016769783025484486,0.48599194054254224,-0.6895656643226685,
281,catalog_linear_z_delta,STAM b=1335.412792 DES-style,450,0.02556,0.98846,-0.20289236827132012,0.32163278310007,0.262632027707477,-0.0885636854969252,-0.09295803944300474,0.48599194054254224,-0.6895656643226685,
281,catalog_linear_z_delta,LCDM fixed H0=70 Om=0.3,450,0.02556,0.98846,-0.2122931468260024,0.3016727935300675,0.25494732151978483,-0.112509641186548,-0.1350245737448006,0.48599194054254224,-0.6895656643226685,
281,catalog_quadratic_z_delta,STAM b=354.95 union-style,450,0.02556,0.98846,-0.08228777741625498,0.2811772619940754,0.2175195214013279,0.028118802585814298,0.040930855681811096,0.6690586966894353,-2.4372344349563626,2.3729781369709797
281,catalog_quadratic_z_delta,STAM b=461.3626922 original,450,0.02556,0.98846,-0.09649399164435929,0.2865157694837095,0.21960478030801178,0.01432716602680003,0.028284439760401625,0.6690586966894353,-2.4372344349563626,2.3729781369709797
281,catalog_quadratic_z_delta,STAM b=1335.412792 DES-style,450,0.02556,0.98846,-0.2097597160016172,0.3474325646539669,0.2613171639702147,-0.09573098498338592,-0.07404450656555994,0.6690586966894353,-2.4372344349563626,2.3729781369709797
281,catalog_quadratic_z_delta,LCDM fixed H0=70 Om=0.3,450,0.02556,0.98846,-0.21916049455629952,0.3214947405924228,0.2525361025131406,-0.11967694067300871,-0.12263278954045376,0.6690586966894353,-2.4372344349563626,2.3729781369709797
281,raw_no_catalog_correction,STAM b=354.95 union-style,450,0.02556,0.98846,0.1389455341219693,0.20013690405683862,0.16343417287666834,0.20169206241728477,0.1623907732855301,,,
281,raw_no_catalog_correction,STAM b=461.3626922 original,450,0.02556,0.98846,0.12473931989386498,0.19073488807272893,0.15398869798889317,0.18790042585827052,0.14887161651805414,,,
281,raw_no_catalog_correction,STAM b=1335.412792 DES-style,450,0.02556,0.98846,0.011473595536607104,0.1471070287930064,0.11187773662945828,0.07784227484808456,0.03622326752858385,,,
281,raw_no_catalog_correction,LCDM fixed H0=70 Om=0.3,450,0.02556,0.98846,0.0020728169819248187,0.14253061915762566,0.10969064134692119,0.05389631915846176,0.014487757918761446,,,
282,catalog_bin_median_delta,STAM b=354.95 union-style,450,0.0251,0.96859,-0.08902882793626507,0.2782548944618645,0.18735341776881634,-0.0025150092505554747,0.0013350083175964755,,,
282,catalog_bin_median_delta,STAM b=461.3626922 original,450,0.0251,0.96859,-0.10315610546420347,0.28378486305151246,0.19038995238717063,-0.016316432503585124,-0.012294974691535288,,,
282,catalog_bin_median_delta,STAM b=1335.412792 DES-style,450,0.0251,0.96859,-0.21581183249064143,0.34588404794205657,0.2477289130995255,-0.12645091215199195,-0.12021990099624347,,,
282,catalog_bin_median_delta,LCDM fixed H0=70 Om=0.3,450,0.0251,0.96859,-0.22855082458194437,0.32936011198550674,0.24968652480681802,-0.150525785764407,-0.1561684037641804,,,
282,catalog_linear_z_delta,STAM b=354.95 union-style,450,0.0251,0.96859,-0.08646625912281689,0.2448863031492482,0.1961445647542274,0.008211598363197984,-0.00816364662331992,0.49389777873254825,-0.6819916690855484,
282,catalog_linear_z_delta,STAM b=461.3626922 original,450,0.0251,0.96859,-0.1005935366507553,0.2512194344549759,0.2008345090186192,-0.005589824889831666,-0.021956149986024798,0.49389777873254825,-0.6819916690855484,
282,catalog_linear_z_delta,STAM b=1335.412792 DES-style,450,0.0251,0.96859,-0.21324926367719324,0.32010238092183546,0.26110946616598274,-0.1157243045382385,-0.1292676996142852,0.49389777873254825,-0.6819916690855484,
282,catalog_linear_z_delta,LCDM fixed H0=70 Om=0.3,450,0.0251,0.96859,-0.22598825576849618,0.3054976525664123,0.25954238432126864,-0.13979917815065354,-0.1710427721061123,0.49389777873254825,-0.6819916690855484,
282,catalog_quadratic_z_delta,STAM b=354.95 union-style,450,0.0251,0.96859,-0.08872347766437426,0.27694578365578687,0.20454480368205827,0.004792077739441349,0.013310280996964963,0.6840164921836053,-2.496982796938706,2.4643881824530034
282,catalog_quadratic_z_delta,STAM b=461.3626922 original,450,0.0251,0.96859,-0.10285075519231268,0.2825599382337574,0.20748616394301123,-0.0090093455135883,9.850505918507224e-05,0.6840164921836053,-2.496982796938706,2.4643881824530034
282,catalog_quadratic_z_delta,STAM b=1335.412792 DES-style,450,0.0251,0.96859,-0.21550648221875054,0.3452459588902804,0.2586299968067946,-0.11914382516199513,-0.10806257139178044,0.6840164921836053,-2.496982796938706,2.4643881824530034
282,catalog_quadratic_z_delta,LCDM fixed H0=70 Om=0.3,450,0.0251,0.96859,-0.22824547431005354,0.32489396111637886,0.25782624465960585,-0.14321869877441018,-0.15077521009162353,0.6840164921836053,-2.496982796938706,2.4643881824530034
282,raw_no_catalog_correction,STAM b=354.95 union-style,450,0.0251,0.96859,0.13021498326061282,0.1966553376323425,0.1606446622097057,0.18753003519388795,0.15675962900883889,,,
282,raw_no_catalog_correction,STAM b=461.3626922 original,450,0.0251,0.96859,0.11608770573267439,0.18770653520345323,0.15180317665349727,0.17372861194085829,0.14323779389867397,,,
282,raw_no_catalog_correction,STAM b=1335.412792 DES-style,450,0.0251,0.96859,0.003431978706236465,0.1490356048538578,0.11336679446766777,0.06359413229245148,0.03244780540834569,,,
282,raw_no_catalog_correction,LCDM fixed H0=70 Om=0.3,450,0.0251,0.96859,-0.009307013385066515,0.14759091919523018,0.1147494572267935,0.03951925868003642,0.010491850532254432,,,
283,catalog_bin_median_delta,STAM b=354.95 union-style,450,0.02519,0.98536,-0.08580962886335756,0.29013327404403244,0.1990488968051911,-0.010882339432018695,0.008829825492711052,,,
283,catalog_bin_median_delta,STAM b=461.3626922 original,450,0.02519,0.98536,-0.10001226011365867,0.2953752292727369,0.2009193415774512,-0.024674049376596514,-0.00593946533589218,,,
283,catalog_bin_median_delta,STAM b=1335.412792 DES-style,450,0.02519,0.98536,-0.21324986625955097,0.3552217250425102,0.2486802949191765,-0.13473296187926087,-0.11427354515091181,,,
283,catalog_bin_median_delta,LCDM fixed H0=70 Om=0.3,450,0.02519,0.98536,-0.22248429256071317,0.3349065994238041,0.24693102058054867,-0.15883707388676013,-0.14706097982041655,,,
283,catalog_linear_z_delta,STAM b=354.95 union-style,450,0.02519,0.98536,-0.0867277206749165,0.2510016915896436,0.20272668505257935,-0.0013970095209356259,-0.01253784890974785,0.5105062761456272,-0.7239541491469045,
283,catalog_linear_z_delta,STAM b=461.3626922 original,450,0.02519,0.98536,-0.1009303519252176,0.25730471585524833,0.2080945727350606,-0.015188719465513445,-0.025689197680442533,0.5105062761456272,-0.7239541491469045,
283,catalog_linear_z_delta,STAM b=1335.412792 DES-style,450,0.02519,0.98536,-0.21416795807110986,0.3258801311179428,0.26905974614361844,-0.1252476319681778,-0.13397445457036383,0.5105062761456272,-0.7239541491469045,
283,catalog_linear_z_delta,LCDM fixed H0=70 Om=0.3,450,0.02519,0.98536,-0.22340238437227208,0.30744509759501293,0.2635953062338248,-0.14935174397567702,-0.17171926824902428,0.5105062761456272,-0.7239541491469045,
283,catalog_quadratic_z_delta,STAM b=354.95 union-style,450,0.02519,0.98536,-0.09520019764793265,0.28137929609948564,0.2146160131142381,-0.006701304582929705,0.004726148157082832,0.7007377792619713,-2.5400220370837676,2.4658502032777325
283,catalog_quadratic_z_delta,STAM b=461.3626922 original,450,0.02519,0.98536,-0.10940282889823374,0.2873260891747913,0.21778928534788256,-0.020493014527507524,-0.009881721736810789,0.7007377792619713,-2.5400220370837676,2.4658502032777325
283,catalog_quadratic_z_delta,STAM b=1335.412792 DES-style,450,0.02519,0.98536,-0.22264043504412606,0.35209891065540494,0.26499211828607666,-0.13055192703017188,-0.11691619123089936,0.7007377792619713,-2.5400220370837676,2.4658502032777325
283,catalog_quadratic_z_delta,LCDM fixed H0=70 Om=0.3,450,0.02519,0.98536,-0.23187486134528823,0.32769091827385427,0.2602376882644551,-0.1546560390376711,-0.15304827118221098,0.7007377792619713,-2.5400220370837676,2.4658502032777325
283,raw_no_catalog_correction,STAM b=354.95 union-style,450,0.02519,0.98536,0.13797724500845876,0.20069243624087071,0.16251309779003975,0.1737665939013138,0.14950443249884415,,,
283,raw_no_catalog_correction,STAM b=461.3626922 original,450,0.02519,0.98536,0.12377461375815765,0.19126540477222295,0.15383883370648246,0.15997488395673598,0.1358243532475889,,,
283,raw_no_catalog_correction,STAM b=1335.412792 DES-style,450,0.02519,0.98536,0.010537007612265357,0.14727254466958134,0.11666355089302506,0.04991597145407162,0.026276921281326082,,,
283,raw_no_catalog_correction,LCDM fixed H0=70 Om=0.3,450,0.02519,0.98536,0.0013025813111031547,0.1485074443549185,0.11737077345827071,0.025811859446572386,0.0030686230609617837,,,
284,catalog_bin_median_delta,STAM b=354.95 union-style,450,0.02519,0.98536,-0.07775727146684844,0.28375530535918003,0.18930734625207862,0.004741304958730047,0.009560981419795667,,,
284,catalog_bin_median_delta,STAM b=461.3626922 original,450,0.02519,0.98536,-0.09192939258760315,0.28863370015902623,0.190614181165206,-0.009050884985036384,-0.003960552649225235,,,
284,catalog_bin_median_delta,STAM b=1335.412792 DES-style,450,0.02519,0.98536,-0.20493153489296193,0.3463897020281999,0.23868259261515234,-0.11911342588782721,-0.11543132772857234,,,
284,catalog_bin_median_delta,LCDM fixed H0=70 Om=0.3,450,0.02519,0.98536,-0.21567607522424653,0.3289039433079897,0.24402107815702231,-0.14312583552752864,-0.1538425490814639,,,
284,catalog_linear_z_delta,STAM b=354.95 union-style,450,0.02519,0.98536,-0.07608189320544001,0.22930155351016898,0.1841471587491191,0.013749197802809665,0.004601481459150847,0.46291044858463826,-0.6316645680382241,
284,catalog_linear_z_delta,STAM b=461.3626922 original,450,0.02519,0.98536,-0.0902540143261947,0.23542292660093347,0.18847545210573274,-4.2992140956764996e-05,-0.008686333833150428,0.46291044858463826,-0.6316645680382241,
284,catalog_linear_z_delta,STAM b=1335.412792 DES-style,450,0.02519,0.98536,-0.20325615663155347,0.3041416298036265,0.24661057276005782,-0.1101055330437476,-0.11695177848640625,0.46291044858463826,-0.6316645680382241,
284,catalog_linear_z_delta,LCDM fixed H0=70 Om=0.3,450,0.02519,0.98536,-0.21400069696283813,0.28766381547109987,0.2445139045987007,-0.13411794268344904,-0.15997658039789542,0.46291044858463826,-0.6316645680382241,
284,catalog_quadratic_z_delta,STAM b=354.95 union-style,450,0.02519,0.98536,-0.0817544343825613,0.2614757828857242,0.19821919597479723,0.007526514649373407,0.005973747928486262,0.6441190160220525,-2.3615939170213016,2.3488916164318736
284,catalog_quadratic_z_delta,STAM b=461.3626922 original,450,0.02519,0.98536,-0.095926555503316,0.26703218502935583,0.2008772009049587,-0.006265675294393023,-0.008130636010246661,0.6441190160220525,-2.3615939170213016,2.3488916164318736
284,catalog_quadratic_z_delta,STAM b=1335.412792 DES-style,450,0.02519,0.98536,-0.20892869780867476,0.33033909144048873,0.24963841920214327,-0.11632821619718385,-0.11707458537057036,0.6441190160220525,-2.3615939170213016,2.3488916164318736
284,catalog_quadratic_z_delta,LCDM fixed H0=70 Om=0.3,450,0.02519,0.98536,-0.2196732381399594,0.3081857068025842,0.24654544660180577,-0.14034062583688528,-0.15249367333220576,0.6441190160220525,-2.3615939170213016,2.3488916164318736
284,raw_no_catalog_correction,STAM b=354.95 union-style,450,0.02519,0.98536,0.13450250957143023,0.1910869215892464,0.15481631905749244,0.1840376382920636,0.152371185655376,,,
284,raw_no_catalog_correction,STAM b=461.3626922 original,450,0.02519,0.98536,0.12033038845067551,0.181523075535651,0.14508958393013044,0.17024544834829716,0.1377050171861356,,,
284,raw_no_catalog_correction,STAM b=1335.412792 DES-style,450,0.02519,0.98536,0.007328246145316743,0.13796059137615455,0.10668218479072775,0.06018290744550634,0.023853082899439215,,,
284,raw_no_catalog_correction,LCDM fixed H0=70 Om=0.3,450,0.02519,0.98536,-0.0034162941859678746,0.13536531651354206,0.10466233335185794,0.036170497805804905,0.002497679242011941,,,
285,catalog_bin_median_delta,STAM b=354.95 union-style,450,0.02509,0.96689,-0.10111163870668312,0.30760973018319726,0.21142552855706684,-0.025689670552923316,0.005753064685766418,,,
285,catalog_bin_median_delta,STAM b=461.3626922 original,450,0.02509,0.96689,-0.11533601007543182,0.31328880092950945,0.21328348264142527,-0.03948155254266544,-0.007228136892656778,,,
285,catalog_bin_median_delta,STAM b=1335.412792 DES-style,450,0.02509,0.96689,-0.22874278622399272,0.3751845238046881,0.26068547446834583,-0.14954192984407652,-0.12551023645421822,,,
285,catalog_bin_median_delta,LCDM fixed H0=70 Om=0.3,450,0.02509,0.96689,-0.23794706455143663,0.35528712766705645,0.26236594045804335,-0.17374374334981432,-0.15730213843619723,,,
285,catalog_linear_z_delta,STAM b=354.95 union-style,450,0.02509,0.96689,-0.10158685010759733,0.258724460495994,0.20629338998778662,-0.01639938980623629,-0.023864163833799523,0.4841822457688552,-0.6599546309168012,
285,catalog_linear_z_delta,STAM b=461.3626922 original,450,0.02509,0.96689,-0.11581122147634604,0.26563866209075454,0.21177111176565044,-0.03019127179597842,-0.03770871973123846,0.4841822457688552,-0.6599546309168012,
285,catalog_linear_z_delta,STAM b=1335.412792 DES-style,450,0.02509,0.96689,-0.22921799762490688,0.33757638069558427,0.27547248785410766,-0.1402516490973895,-0.14658961564670037,0.4841822457688552,-0.6599546309168012,
285,catalog_linear_z_delta,LCDM fixed H0=70 Om=0.3,450,0.02509,0.96689,-0.23842227595235083,0.31990609091975813,0.2705407609632647,-0.1644534626031273,-0.18518630352201626,0.4841822457688552,-0.6599546309168012,
285,catalog_quadratic_z_delta,STAM b=354.95 union-style,450,0.02509,0.96689,-0.1049064340518559,0.2873857940932409,0.21539824044190992,-0.02076157197846355,0.0060804256980517835,0.6717694387935481,-2.450778295028873,2.431573690343699
285,catalog_quadratic_z_delta,STAM b=461.3626922 original,450,0.02509,0.96689,-0.11913080542060456,0.29371071011098676,0.21888465658757922,-0.03455345396820568,-0.006475082451093073,0.6717694387935481,-2.450778295028873,2.431573690343699
285,catalog_quadratic_z_delta,STAM b=1335.412792 DES-style,450,0.02509,0.96689,-0.23253758156916549,0.3606370272723549,0.27055438913260454,-0.14461383126961677,-0.11201681023255361,0.6717694387935481,-2.450778295028873,2.431573690343699
285,catalog_quadratic_z_delta,LCDM fixed H0=70 Om=0.3,450,0.02509,0.96689,-0.24174185989660937,0.3369248125058137,0.2664113343677068,-0.16881564477535455,-0.15253172424347028,0.6717694387935481,-2.450778295028873,2.431573690343699
285,raw_no_catalog_correction,STAM b=354.95 union-style,450,0.02509,0.96689,0.12498243986758051,0.19632035126800676,0.1579690934837047,0.1621844405581866,0.13646676403989488,,,
285,raw_no_catalog_correction,STAM b=461.3626922 original,450,0.02509,0.96689,0.11075806849883181,0.1877867420310743,0.149245048892544,0.14839255856844444,0.12161042252957088,,,
285,raw_no_catalog_correction,STAM b=1335.412792 DES-style,450,0.02509,0.96689,-0.002648707649729078,0.1540296932698529,0.11830501021263104,0.03833218126703339,0.012164407719204462,,,
285,raw_no_catalog_correction,LCDM fixed H0=70 Om=0.3,450,0.02509,0.96689,-0.011852985977172973,0.15006085742818284,0.11417237095456069,0.014130367761295589,-0.00159329248354112,,,
286,catalog_bin_median_delta,STAM b=354.95 union-style,450,0.02509,0.98536,-0.09076290986058509,0.2928249740270347,0.19777562235873777,-0.016774039048788974,0.0033328768244018647,,,
286,catalog_bin_median_delta,STAM b=461.3626922 original,450,0.02509,0.98536,-0.10500915373381015,0.29826068242933207,0.20059217544202113,-0.030567244419290915,-0.010994434527077601,,,
286,catalog_bin_median_delta,STAM b=1335.412792 DES-style,450,0.02509,0.98536,-0.2185856052786208,0.3593390962660344,0.2564029735747809,-0.14063801953479277,-0.12218556580538831,,,
286,catalog_bin_median_delta,LCDM fixed H0=70 Om=0.3,450,0.02509,0.98536,-0.22735649992403403,0.3408440154408027,0.2573018172896258,-0.16491004494632464,-0.15464938531593475,,,
286,catalog_linear_z_delta,STAM b=354.95 union-style,450,0.02509,0.98536,-0.09895319928102919,0.25257157308446065,0.20390115644120518,-0.010270517200355727,-0.025222458839017747,0.4640065470217581,-0.6246522560920209,
286,catalog_linear_z_delta,STAM b=461.3626922 original,450,0.02509,0.98536,-0.11319944315425426,0.25949804661136633,0.2097065496591748,-0.024063722570857666,-0.03883436954112085,0.4640065470217581,-0.6246522560920209,
286,catalog_linear_z_delta,STAM b=1335.412792 DES-style,450,0.02509,0.98536,-0.2267758946990649,0.33188676040335985,0.2780826286562458,-0.13413449768635952,-0.14764396860853424,0.4640065470217581,-0.6246522560920209,
286,catalog_linear_z_delta,LCDM fixed H0=70 Om=0.3,450,0.02509,0.98536,-0.23554678934447815,0.31396144989154606,0.2738794282998429,-0.15840652309789138,-0.18740665497293207,0.4640065470217581,-0.6246522560920209,
286,catalog_quadratic_z_delta,STAM b=354.95 union-style,450,0.02509,0.98536,-0.10008970787623818,0.27327206298259893,0.20576003484758434,-0.013705700656310932,0.0037185847120007054,0.6322066392504495,-2.2303946344073857,2.180271010947068
286,catalog_quadratic_z_delta,STAM b=461.3626922 original,450,0.02509,0.98536,-0.11433595174946325,0.27968390264997167,0.20996481785224938,-0.02749890602681287,-0.009616721663103789,0.6322066392504495,-2.2303946344073857,2.180271010947068
286,catalog_quadratic_z_delta,STAM b=1335.412792 DES-style,450,0.02509,0.98536,-0.22791240329427387,0.3478825498286704,0.2677432230337618,-0.13756968114231471,-0.11800637398538072,0.6322066392504495,-2.2303946344073857,2.180271010947068
286,catalog_quadratic_z_delta,LCDM fixed H0=70 Om=0.3,450,0.02509,0.98536,-0.23668329793968715,0.32409003178975254,0.26328031675295854,-0.16184170655384658,-0.1599905869136542,0.6322066392504495,-2.2303946344073857,2.180271010947068
286,raw_no_catalog_correction,STAM b=354.95 union-style,450,0.02509,0.98536,0.12372410628699905,0.1916741988113141,0.15322894715919197,0.16469042761787778,0.13713191175703443,,,
286,raw_no_catalog_correction,STAM b=461.3626922 original,450,0.02509,0.98536,0.10947786241377398,0.1830635874765137,0.14411004591591425,0.1508972222473758,0.12300686988336906,,,
286,raw_no_catalog_correction,STAM b=1335.412792 DES-style,450,0.02509,0.98536,-0.0040985891310366595,0.1497322033374658,0.11373255629655286,0.040826447131873986,0.010494763211841729,,,
286,raw_no_catalog_correction,LCDM fixed H0=70 Om=0.3,450,0.02509,0.98536,-0.012869483776449905,0.1438255746574789,0.10972571036655744,0.01655442172034212,-0.006186599989092656,,,
287,catalog_bin_median_delta,STAM b=354.95 union-style,450,0.0251,0.99268,-0.08964134037234146,0.2927534382978048,0.1976296166887343,-0.0036846097012797133,0.012765635628259275,,,
287,catalog_bin_median_delta,STAM b=461.3626922 original,450,0.0251,0.99268,-0.10380716952550766,0.2981036861931609,0.1998585824587733,-0.017477850897563485,-0.0013595749549466518,,,
287,catalog_bin_median_delta,STAM b=1335.412792 DES-style,450,0.0251,0.99268,-0.21676070480086793,0.3584183055206944,0.24965340350460924,-0.1275485566162885,-0.10958983891000784,,,
287,catalog_bin_median_delta,LCDM fixed H0=70 Om=0.3,450,0.0251,0.99268,-0.2278043929870517,0.34116141361786984,0.25471427003356867,-0.15155435296433703,-0.14352069166878323,,,
287,catalog_linear_z_delta,STAM b=354.95 union-style,450,0.0251,0.99268,-0.09501465800046191,0.2571509574757526,0.2092964613540298,0.0037768054022731057,-0.005241974708852126,0.500520535417778,-0.6986391904425077,
287,catalog_linear_z_delta,STAM b=461.3626922 original,450,0.0251,0.99268,-0.10918048715362813,0.2637533681168596,0.2140476216344939,-0.010016435794010665,-0.018831288027932658,0.500520535417778,-0.6986391904425077,
287,catalog_linear_z_delta,STAM b=1335.412792 DES-style,450,0.0251,0.99268,-0.2221340224289884,0.3337031006638362,0.27401854584019447,-0.12008714151273567,-0.12924454405015595,0.500520535417778,-0.6986391904425077,
287,catalog_linear_z_delta,LCDM fixed H0=70 Om=0.3,450,0.0251,0.99268,-0.23317771061517217,0.3168059571828833,0.271121817213123,-0.14409293786078423,-0.17020837526835209,0.500520535417778,-0.6986391904425077,
287,catalog_quadratic_z_delta,STAM b=354.95 union-style,450,0.0251,0.99268,-0.09889056645894177,0.2804567596812975,0.21122526282634665,-0.0019624596100929793,0.004834524344715874,0.6853128655099647,-2.4627813599558395,2.395345656514633
287,catalog_quadratic_z_delta,STAM b=461.3626922 original,450,0.0251,0.99268,-0.11305639561210801,0.28663152830975197,0.21520094870402562,-0.01575570080637675,-0.00898710457655838,0.6853128655099647,-2.4627813599558395,2.395345656514633
287,catalog_quadratic_z_delta,STAM b=1335.412792 DES-style,450,0.0251,0.99268,-0.22600993088746824,0.35277470319685045,0.26831379941836675,-0.12582640652510177,-0.11569799459671515,0.6853128655099647,-2.4627813599558395,2.395345656514633
287,catalog_quadratic_z_delta,LCDM fixed H0=70 Om=0.3,450,0.0251,0.99268,-0.23705361907365208,0.32984778412427523,0.2643601154714085,-0.1498322028731503,-0.1529650712621624,0.6853128655099647,-2.4627813599558395,2.395345656514633
287,raw_no_catalog_correction,STAM b=354.95 union-style,450,0.0251,0.99268,0.1258140659719508,0.19190191536468493,0.1513293713038997,0.18081416807649767,0.15259239274307745,,,
287,raw_no_catalog_correction,STAM b=461.3626922 original,450,0.0251,0.99268,0.11164823681878457,0.18310472486166696,0.14259232717546289,0.16702092688021386,0.13895220587101775,,,
287,raw_no_catalog_correction,STAM b=1335.412792 DES-style,450,0.0251,0.99268,-0.001305298456575677,0.1473185763827675,0.11437824509132838,0.056950221161488866,0.028238361446675242,,,
287,raw_no_catalog_correction,LCDM fixed H0=70 Om=0.3,450,0.0251,0.99268,-0.012348986642759494,0.14526862503456317,0.1130817450348869,0.032944424813440315,0.001374947448212538,,,
288,catalog_bin_median_delta,STAM b=354.95 union-style,450,0.02509,0.94444,-0.083729453658329,0.2871741394857443,0.18872514943949223,-0.0038608012144064376,0.01108346512137004,,,
288,catalog_bin_median_delta,STAM b=461.3626922 original,450,0.02509,0.94444,-0.09799849700719274,0.2923466950469393,0.1915676712538077,-0.017651872513048863,-0.0031648787217655183,,,
288,catalog_bin_median_delta,STAM b=1335.412792 DES-style,450,0.02509,0.94444,-0.21175033569387905,0.3520894603423127,0.24562542923008102,-0.12770589186107095,-0.1141767161553986,,,
288,catalog_bin_median_delta,LCDM fixed H0=70 Om=0.3,450,0.02509,0.94444,-0.21895935444256606,0.33168445350572334,0.2434847991939582,-0.15187773303461158,-0.13988123667332886,,,
288,catalog_linear_z_delta,STAM b=354.95 union-style,450,0.02509,0.94444,-0.0885530344567233,0.24631624292235008,0.20021950064807906,0.008787387831227626,-0.0066004703895856665,0.4741356829419857,-0.657899375163277,
288,catalog_linear_z_delta,STAM b=461.3626922 original,450,0.02509,0.94444,-0.10282207780558707,0.25283341578467433,0.20558117908016452,-0.0050036834674148005,-0.01999016208358384,0.4741356829419857,-0.657899375163277,
288,catalog_linear_z_delta,STAM b=1335.412792 DES-style,450,0.02509,0.94444,-0.21657391649227334,0.3231731369191035,0.26806268335703737,-0.11505770281543688,-0.12616535376444915,0.4741356829419857,-0.657899375163277,
288,catalog_linear_z_delta,LCDM fixed H0=70 Om=0.3,450,0.02509,0.94444,-0.22378293524096038,0.30280925242749096,0.2613269642675548,-0.13922954398897752,-0.1665143587399882,0.4741356829419857,-0.657899375163277,
288,catalog_quadratic_z_delta,STAM b=354.95 union-style,450,0.02509,0.94444,-0.09459810635787301,0.27985928870531634,0.21392755184905898,0.004436495065711341,0.023147971827988556,0.664373478023596,-2.4740273301021074,2.4659317620289194
288,catalog_quadratic_z_delta,STAM b=461.3626922 original,450,0.02509,0.94444,-0.10886714970673676,0.2858528202148434,0.2169820582896326,-0.009354576232931086,0.009717491276447277,0.664373478023596,-2.4740273301021074,2.4659317620289194
288,catalog_quadratic_z_delta,STAM b=1335.412792 DES-style,450,0.02509,0.94444,-0.22261898839342306,0.35117623534580655,0.2686253828072296,-0.11940859558095317,-0.0990742982947097,0.664373478023596,-2.4740273301021074,2.4659317620289194
288,catalog_quadratic_z_delta,LCDM fixed H0=70 Om=0.3,450,0.02509,0.94444,-0.22982800714211007,0.3251853687075539,0.26143219452264504,-0.1435804367544938,-0.13765469157364763,0.664373478023596,-2.4740273301021074,2.4659317620289194
288,raw_no_catalog_correction,STAM b=354.95 union-style,450,0.02509,0.94444,0.13340969372226702,0.19756587700965414,0.15957534024600023,0.1781662876744819,0.153522907700129,,,
288,raw_no_catalog_correction,STAM b=461.3626922 original,450,0.02509,0.94444,0.11914065037340327,0.1883689447452854,0.15008185849888772,0.16437521637583946,0.1389573859547646,,,
288,raw_no_catalog_correction,STAM b=1335.412792 DES-style,450,0.02509,0.94444,0.005388811686716963,0.14791369198121257,0.11008987854651496,0.05432119702781738,0.023396714097696503,,,
288,raw_no_catalog_correction,LCDM fixed H0=70 Om=0.3,450,0.02509,0.94444,-0.0018202070619700729,0.14502692561635896,0.11156149476275665,0.030149355854276746,0.005587504787900599,,,
289,catalog_bin_median_delta,STAM b=354.95 union-style,450,0.02519,0.98536,-0.10832735644640828,0.3081326709204896,0.20708719482666485,-0.025873467277527328,0.0032870125036161824,,,
289,catalog_bin_median_delta,STAM b=461.3626922 original,450,0.02519,0.98536,-0.12258830772220641,0.31415246983710815,0.20976601788828333,-0.039679692152282516,-0.010749854802263314,,,
289,catalog_bin_median_delta,STAM b=1335.412792 DES-style,450,0.02519,0.98536,-0.23627794178242872,0.37832228722918887,0.2649027476510698,-0.14985155703876232,-0.11759632773699735,,,
289,catalog_bin_median_delta,LCDM fixed H0=70 Om=0.3,450,0.02519,0.98536,-0.24407679610584743,0.355800232970118,0.26299176758937376,-0.17394827844448513,-0.15517065373388306,,,
289,catalog_linear_z_delta,STAM b=354.95 union-style,450,0.02519,0.98536,-0.1062972410197571,0.25780013123702555,0.20757991112576868,-0.014993822941462677,-0.015250092879540489,0.5030705874133332,-0.6996602482188985,
289,catalog_linear_z_delta,STAM b=461.3626922 original,450,0.02519,0.98536,-0.12055819229555524,0.2650108853983211,0.21326072468807003,-0.028800047816217863,-0.02940360108310003,0.5030705874133332,-0.6996602482188985,
289,catalog_linear_z_delta,STAM b=1335.412792 DES-style,450,0.02519,0.98536,-0.2342478263557776,0.3388895505501664,0.2767611613062634,-0.13897191270269768,-0.14229571083786396,0.5030705874133332,-0.6996602482188985,
289,catalog_linear_z_delta,LCDM fixed H0=70 Om=0.3,450,0.02519,0.98536,-0.24204668067919619,0.3191543092867325,0.2710810773678567,-0.16306863410842046,-0.17403957258366276,0.5030705874133332,-0.6996602482188985,
289,catalog_quadratic_z_delta,STAM b=354.95 union-style,450,0.02519,0.98536,-0.11091812919473021,0.30418115637742743,0.228282258428595,-0.016384310938082,0.013136474560010214,0.7081118253090101,-2.6571110476136948,2.65781939301689
289,catalog_quadratic_z_delta,STAM b=461.3626922 original,450,0.02519,0.98536,-0.12517908047052834,0.31046001646506854,0.23139037390226266,-0.030190535812837187,-0.0005544379023127988,0.7081118253090101,-2.6571110476136948,2.65781939301689
289,catalog_quadratic_z_delta,STAM b=1335.412792 DES-style,450,0.02519,0.98536,-0.2388687145307506,0.3764488663057732,0.28160000740632957,-0.140362400699317,-0.11187009988072205,0.7081118253090101,-2.6571110476136948,2.65781939301689
289,catalog_quadratic_z_delta,LCDM fixed H0=70 Om=0.3,450,0.02519,0.98536,-0.2466675688541693,0.35075702579717705,0.2749662434837092,-0.1644591221050398,-0.14786061282743646,0.7081118253090101,-2.6571110476136948,2.65781939301689
289,raw_no_catalog_correction,STAM b=354.95 union-style,450,0.02519,0.98536,0.12785976345227418,0.1952848302260415,0.15773971451795296,0.166090754944695,0.14995868506742127,,,
289,raw_no_catalog_correction,STAM b=461.3626922 original,450,0.02519,0.98536,0.11359881217647604,0.18637702151722185,0.14916632655379483,0.15228453006993983,0.1367867472089621,,,
289,raw_no_catalog_correction,STAM b=1335.412792 DES-style,450,0.02519,0.98536,-9.082188374626244e-05,0.14935968489946622,0.11550101228707807,0.04211266518346002,0.025713658050616317,,,
289,raw_no_catalog_correction,LCDM fixed H0=70 Om=0.3,450,0.02519,0.98536,-0.007889676207164933,0.14647514911059553,0.11196172346230872,0.018015943777737218,0.004670554919218972,,,
290,catalog_bin_median_delta,STAM b=354.95 union-style,450,0.02534,0.99268,-0.08154844183429287,0.2855879873310512,0.19450363716032584,0.0061831393845118675,0.01253803102727602,,,
290,catalog_bin_median_delta,STAM b=461.3626922 original,450,0.02534,0.99268,-0.09575705206739063,0.29065498674866047,0.19656982425979966,-0.007610335672493215,-0.0013207305488336374,,,
290,catalog_bin_median_delta,STAM b=1335.412792 DES-style,450,0.02534,0.99268,-0.2090414444378213,0.3496331128427014,0.2474352425578146,-0.11768326675231575,-0.1111001786828254,,,
290,catalog_bin_median_delta,LCDM fixed H0=70 Om=0.3,450,0.02534,0.99268,-0.21846595476401723,0.3320911097936981,0.2492478926958847,-0.14199818740216985,-0.14586252212586714,,,
290,catalog_linear_z_delta,STAM b=354.95 union-style,450,0.02534,0.99268,-0.09117805799160632,0.25588007849981237,0.20802548581163874,0.012662901516753288,-0.017221688722941053,0.48256302950367824,-0.6573801593050728,
290,catalog_linear_z_delta,STAM b=461.3626922 original,450,0.02534,0.99268,-0.10538666822470408,0.2623000540660634,0.21342869642995338,-0.0011305735402517946,-0.030390978972590688,0.48256302950367824,-0.6573801593050728,
290,catalog_linear_z_delta,STAM b=1335.412792 DES-style,450,0.02534,0.99268,-0.2186710605951347,0.3313362368168931,0.27597217814410885,-0.11120350462007432,-0.13667174150417338,0.48256302950367824,-0.6573801593050728,
290,catalog_linear_z_delta,LCDM fixed H0=70 Om=0.3,450,0.02534,0.99268,-0.22809557092133065,0.3136947951299189,0.27005318816391266,-0.13551842526992844,-0.18084932713736634,0.48256302950367824,-0.6573801593050728,
290,catalog_quadratic_z_delta,STAM b=354.95 union-style,450,0.02534,0.99268,-0.09620327608636878,0.2776959963612743,0.20779403777272024,0.009321081436414795,0.009975568390196088,0.6585630366086184,-2.337585361618273,2.281376355582776
290,catalog_quadratic_z_delta,STAM b=461.3626922 original,450,0.02534,0.99268,-0.11041188631946655,0.28379305632554963,0.2122284895989211,-0.004472393620590288,-0.003820596853483238,0.6585630366086184,-2.337585361618273,2.281376355582776
290,catalog_quadratic_z_delta,STAM b=1335.412792 DES-style,450,0.02534,0.99268,-0.22369627868989725,0.34970698577525416,0.27020837288316024,-0.11454532470041281,-0.11498141634452708,0.6585630366086184,-2.337585361618273,2.281376355582776
290,catalog_quadratic_z_delta,LCDM fixed H0=70 Om=0.3,450,0.02534,0.99268,-0.23312078901609315,0.3264553663620022,0.2665017577489294,-0.13886024535026692,-0.1534342649702971,0.6585630366086184,-2.337585361618273,2.281376355582776
290,raw_no_catalog_correction,STAM b=354.95 union-style,450,0.02534,0.99268,0.13281484754886744,0.2027798553608568,0.16153041714360358,0.19109960605117646,0.1522911143106498,,,
290,raw_no_catalog_correction,STAM b=461.3626922 original,450,0.02534,0.99268,0.11860623731576969,0.1939592258884466,0.1527922618281316,0.17730613099417136,0.13748908790566716,,,
290,raw_no_catalog_correction,STAM b=1335.412792 DES-style,450,0.02534,0.99268,0.00532184494533902,0.15583463527352093,0.11649705449934693,0.06723319991434884,0.022548674329264884,,,
290,raw_no_catalog_correction,LCDM fixed H0=70 Om=0.3,450,0.02534,0.99268,-0.0041026653808569095,0.15261543815920642,0.11621813408825252,0.04291827926449473,0.0024762353564149464,,,
291,catalog_bin_median_delta,STAM b=354.95 union-style,450,0.02509,0.97489,-0.08159436341977233,0.2791712913810816,0.19901957871610645,0.00026728379998784945,0.003487105298727755,,,
291,catalog_bin_median_delta,STAM b=461.3626922 original,450,0.02509,0.97489,-0.09584481342799758,0.28428884209053,0.20138822327489447,-0.013525547769193796,-0.010315876086810505,,,
291,catalog_bin_median_delta,STAM b=1335.412792 DES-style,450,0.02509,0.97489,-0.209453952550456,0.34406788488022766,0.24793507514227592,-0.12359333742534298,-0.12082635219691795,,,
291,catalog_bin_median_delta,LCDM fixed H0=70 Om=0.3,450,0.02509,0.97489,-0.218175660866811,0.3278994051502969,0.253185333293408,-0.1478015274125823,-0.15151287490381904,,,
291,catalog_linear_z_delta,STAM b=354.95 union-style,450,0.02509,0.97489,-0.08800686636790706,0.23374335192047013,0.18816749839994773,0.006693240703391613,0.0003549804835536463,0.44179466595125605,-0.5772828167130896,
291,catalog_linear_z_delta,STAM b=461.3626922 original,450,0.02509,0.97489,-0.10225731637613232,0.24040609061665089,0.19337076753949045,-0.007099590865790033,-0.013142039740650091,0.44179466595125605,-0.5772828167130896,
291,catalog_linear_z_delta,STAM b=1335.412792 DES-style,450,0.02509,0.97489,-0.2158664554985908,0.31231290324416283,0.2598187341805846,-0.11716738052193922,-0.12586018289691836,0.44179466595125605,-0.5772828167130896,
291,catalog_linear_z_delta,LCDM fixed H0=70 Om=0.3,450,0.02509,0.97489,-0.2245881638149457,0.29715466641154625,0.256447324387297,-0.14137557050917854,-0.16529854920648646,0.44179466595125605,-0.5772828167130896,
291,catalog_quadratic_z_delta,STAM b=354.95 union-style,450,0.02509,0.97489,-0.08918684303131189,0.25661984938097654,0.1983124393518443,0.0025730600065082066,0.004526354564593049,0.6039899276238666,-2.125699359050955,2.102434204714693
291,catalog_quadratic_z_delta,STAM b=461.3626922 original,450,0.02509,0.97489,-0.10343729303953714,0.26268752744547125,0.20205925454330448,-0.011219771562673439,-0.009331312790806123,0.6039899276238666,-2.125699359050955,2.102434204714693
291,catalog_quadratic_z_delta,STAM b=1335.412792 DES-style,450,0.02509,0.97489,-0.2170464321619956,0.3296761122003121,0.25636874637500295,-0.12128756121882261,-0.118518332418585,0.6039899276238666,-2.125699359050955,2.102434204714693
291,catalog_quadratic_z_delta,LCDM fixed H0=70 Om=0.3,450,0.02509,0.97489,-0.22576814047835053,0.3085451857756279,0.25148818323254674,-0.14549575120606195,-0.15987967684938909,0.6039899276238666,-2.125699359050955,2.102434204714693
291,raw_no_catalog_correction,STAM b=354.95 union-style,450,0.02509,0.97489,0.13119742466264303,0.19975571459333746,0.16219585409323428,0.18126206157776456,0.14941599166396813,,,
291,raw_no_catalog_correction,STAM b=461.3626922 original,450,0.02509,0.97489,0.11694697465441778,0.1908354261217451,0.15350758448659013,0.1674692300085829,0.13572946951586218,,,
291,raw_no_catalog_correction,STAM b=1335.412792 DES-style,450,0.02509,0.97489,0.003337835531959332,0.15261425562443046,0.11756133069359724,0.057401440352433754,0.022603808108456747,,,
291,raw_no_catalog_correction,LCDM fixed H0=70 Om=0.3,450,0.02509,0.97489,-0.005383872784395603,0.1508736080894728,0.11871109036372214,0.03319325036519443,0.0010042045530980204,,,
292,catalog_bin_median_delta,STAM b=354.95 union-style,450,0.02517,0.98846,-0.07469808321355155,0.2840773249386389,0.19478797186397373,0.011551976423181714,0.015710797086196493,,,
292,catalog_bin_median_delta,STAM b=461.3626922 original,450,0.02517,0.98846,-0.08893494142682054,0.2887835758929805,0.19678860868054687,-0.0022497357863053933,0.001364839860222844,,,
292,catalog_bin_median_delta,STAM b=1335.412792 DES-style,450,0.02517,0.98846,-0.2024396211854548,0.34558775000778635,0.2437059731339667,-0.11238667038034605,-0.11105554659087247,,,
292,catalog_bin_median_delta,LCDM fixed H0=70 Om=0.3,450,0.02517,0.98846,-0.21217464029754807,0.3287835180754913,0.2474523312543084,-0.13661516841337445,-0.14206676991473088,,,
292,catalog_linear_z_delta,STAM b=354.95 union-style,450,0.02517,0.98846,-0.09007351615888919,0.2466646299869361,0.20140934087353216,0.018464303387739137,-0.010545894667306044,0.4731615876098082,-0.6393251491052343,
292,catalog_linear_z_delta,STAM b=461.3626922 original,450,0.02517,0.98846,-0.10431037437215815,0.2531803438765568,0.20706804369853976,0.004662591178252029,-0.02385638164458115,0.4731615876098082,-0.6393251491052343,
292,catalog_linear_z_delta,STAM b=1335.412792 DES-style,450,0.02517,0.98846,-0.2178150541307925,0.32339484619154263,0.2715819251759668,-0.10547434341578864,-0.12995872730459368,0.4731615876098082,-0.6393251491052343,
292,catalog_linear_z_delta,LCDM fixed H0=70 Om=0.3,450,0.02517,0.98846,-0.22755007324288562,0.30710525318940396,0.26765417966109684,-0.12970284144881705,-0.172664170942344,0.4731615876098082,-0.6393251491052343,
292,catalog_quadratic_z_delta,STAM b=354.95 union-style,450,0.02517,0.98846,-0.08764151020899709,0.27418716825281264,0.21180793981111085,0.01613413566512313,0.026165424607025756,0.653630356585013,-2.3621919232321287,2.339302078639557
292,catalog_quadratic_z_delta,STAM b=461.3626922 original,450,0.02517,0.98846,-0.10187836842226602,0.2798707878752339,0.2147907861962644,0.0023324234556360243,0.012456616285462019,0.653630356585013,-2.3621919232321287,2.339302078639557
292,catalog_quadratic_z_delta,STAM b=1335.412792 DES-style,450,0.02517,0.98846,-0.21538304818090037,0.3434430063904024,0.26579227902134195,-0.10780451113840464,-0.09759594523509207,0.653630356585013,-2.3621919232321287,2.339302078639557
292,catalog_quadratic_z_delta,LCDM fixed H0=70 Om=0.3,450,0.02517,0.98846,-0.22511806729299355,0.3205875627515325,0.25980170387091395,-0.13203300917143304,-0.13676225686601384,0.653630356585013,-2.3621919232321287,2.339302078639557
292,raw_no_catalog_correction,STAM b=354.95 union-style,450,0.02517,0.98846,0.1354953863737743,0.20379865752264306,0.16295515084658826,0.1968628430898465,0.15168246687367315,,,
292,raw_no_catalog_correction,STAM b=461.3626922 original,450,0.02517,0.98846,0.12125852816050535,0.1947854934692658,0.15388811147035655,0.18306113088035936,0.1367259164469452,,,
292,raw_no_catalog_correction,STAM b=1335.412792 DES-style,450,0.02517,0.98846,0.007753848401871018,0.15465101303378195,0.11587264574179225,0.07292419628631872,0.024565483405602606,,,
292,raw_no_catalog_correction,LCDM fixed H0=70 Om=0.3,450,0.02517,0.98846,-0.0019811707102221636,0.15119243644953895,0.1158465388679467,0.04869569825329031,0.00655695572505266,,,
293,catalog_bin_median_delta,STAM b=354.95 union-style,450,0.02509,0.99268,-0.10571864049667781,0.2895532651427253,0.19579027456322812,-0.015600681005046448,-0.012084097703407792,,,
293,catalog_bin_median_delta,STAM b=461.3626922 original,450,0.02509,0.99268,-0.11991540228131797,0.2957414616113814,0.20029560899491353,-0.029401066464479757,-0.025868595592076105,,,
293,catalog_bin_median_delta,STAM b=1335.412792 DES-style,450,0.02509,0.99268,-0.23310917043624851,0.36164976588477105,0.265197776465766,-0.13952741671452043,-0.1370974627105923,,,
293,catalog_bin_median_delta,LCDM fixed H0=70 Om=0.3,450,0.02509,0.99268,-0.24374103672346917,0.3434221262993916,0.26656139052180616,-0.16356489374408245,-0.16726543154909734,,,
293,catalog_linear_z_delta,STAM b=354.95 union-style,450,0.02509,0.99268,-0.10703547204899169,0.255347152716513,0.20749849783979815,-0.007017093673955215,-0.038452600861251796,0.48720852632013645,-0.6646151330668458,
293,catalog_linear_z_delta,STAM b=461.3626922 original,450,0.02509,0.99268,-0.12123223383363185,0.2625753871399872,0.21352670587611913,-0.020817479133388526,-0.052128040726440616,0.48720852632013645,-0.6646151330668458,
293,catalog_linear_z_delta,STAM b=1335.412792 DES-style,450,0.02509,0.99268,-0.23442600198856237,0.33649926429258464,0.28020832117217137,-0.1309438293834292,-0.15741867307138335,0.48720852632013645,-0.6646151330668458,
293,catalog_linear_z_delta,LCDM fixed H0=70 Om=0.3,450,0.02509,0.99268,-0.24505786827578308,0.3211393357150818,0.27795808225382584,-0.15498130641299124,-0.19085685950904718,0.48720852632013645,-0.6646151330668458,
293,catalog_quadratic_z_delta,STAM b=354.95 union-style,450,0.02509,0.99268,-0.10735763524307344,0.28703739064122397,0.2181096948641437,-0.010725316346204229,-0.0021261879075282764,0.6717860133694464,-2.426706277672505,2.3925607825464814
293,catalog_quadratic_z_delta,STAM b=461.3626922 original,450,0.02509,0.99268,-0.1215543970277136,0.29342215156121126,0.2221610865895696,-0.02452570180563754,-0.015763016691735743,0.6717860133694464,-2.426706277672505,2.3925607825464814
293,catalog_quadratic_z_delta,STAM b=1335.412792 DES-style,450,0.02509,0.99268,-0.23474816518264416,0.36067353653315176,0.27754747849589845,-0.1346520520556782,-0.12450872978949334,0.6717860133694464,-2.426706277672505,2.3925607825464814
293,catalog_quadratic_z_delta,LCDM fixed H0=70 Om=0.3,450,0.02509,0.99268,-0.24538003146986478,0.33932829588127267,0.2751460225801994,-0.15868952908524026,-0.16303129026922036,0.6717860133694464,-2.426706277672505,2.3925607825464814
293,raw_no_catalog_correction,STAM b=354.95 union-style,450,0.02509,0.99268,0.11798372459614109,0.1919925143520673,0.15099021335498172,0.17346438566161987,0.12792397204802697,,,
293,raw_no_catalog_correction,STAM b=461.3626922 original,450,0.02509,0.99268,0.10378696281150095,0.18375632360767813,0.1427639205922826,0.15966400020218657,0.11385995445720098,,,
293,raw_no_catalog_correction,STAM b=1335.412792 DES-style,450,0.02509,0.99268,-0.009406805343429619,0.15372823047262524,0.11785727329397987,0.049537649952145886,0.006455525023294939,,,
293,raw_no_catalog_correction,LCDM fixed H0=70 Om=0.3,450,0.02509,0.99268,-0.020038671630650255,0.15155406404976102,0.1164845828956501,0.025500172922583837,-0.013885264566606992,,,
294,catalog_bin_median_delta,STAM b=354.95 union-style,450,0.02509,0.98846,-0.07799336040131197,0.28589944695611785,0.19236635863613258,0.01485635033131806,0.012204153384423932,,,
294,catalog_bin_median_delta,STAM b=461.3626922 original,450,0.02509,0.98846,-0.09221721087285971,0.29079566462755396,0.19431090989458535,0.0010586686425444075,-0.0006362584654233672,,,
294,catalog_bin_median_delta,STAM b=1335.412792 DES-style,450,0.02509,0.98846,-0.20561966451130048,0.3486930514918417,0.24337011590848168,-0.109046812683684,-0.10828017304460502,,,
294,catalog_bin_median_delta,LCDM fixed H0=70 Om=0.3,450,0.02509,0.98846,-0.21461053304852828,0.3302666937205558,0.246252721166551,-0.1332205158249787,-0.14519058151105213,,,
294,catalog_linear_z_delta,STAM b=354.95 union-style,450,0.02509,0.98846,-0.08708135273247666,0.2504437339561786,0.20082092594527085,0.02198186197680428,-0.005790987494965094,0.4636574176494741,-0.6259244555099952,
294,catalog_linear_z_delta,STAM b=461.3626922 original,450,0.02509,0.98846,-0.10130520320402439,0.25676700685657816,0.2060513414633413,0.008184180288030628,-0.01947687055679026,0.4636574176494741,-0.6259244555099952,
294,catalog_linear_z_delta,STAM b=1335.412792 DES-style,450,0.02509,0.98846,-0.21470765684246518,0.3255607580981248,0.26928403988428784,-0.10192130103819778,-0.12903969581423524,0.4636574176494741,-0.6259244555099952,
294,catalog_linear_z_delta,LCDM fixed H0=70 Om=0.3,450,0.02509,0.98846,-0.22369852537969298,0.3072387056371852,0.26329454479227804,-0.1260950041794925,-0.16711624243364298,0.4636574176494741,-0.6259244555099952,
294,catalog_quadratic_z_delta,STAM b=354.95 union-style,450,0.02509,0.98846,-0.09200953666510596,0.27374569344848587,0.2079584832792769,0.019078816834823046,0.0076073825565963205,0.6379371722965288,-2.289707061162118,2.259077815101961
294,catalog_quadratic_z_delta,STAM b=461.3626922 original,450,0.02509,0.98846,-0.1062333871366537,0.27970254928633637,0.21173730173780042,0.005281135146049394,-0.006188221643771641,0.6379371722965288,-2.289707061162118,2.259077815101961
294,catalog_quadratic_z_delta,STAM b=1335.412792 DES-style,450,0.02509,0.98846,-0.2196358407750945,0.34498133210180865,0.2641871813928071,-0.10482434618017902,-0.11260452157271317,0.6379371722965288,-2.289707061162118,2.259077815101961
294,catalog_quadratic_z_delta,LCDM fixed H0=70 Om=0.3,450,0.02509,0.98846,-0.22862670931232226,0.321248759347643,0.2590699865450925,-0.12899804932147374,-0.1539730483002728,0.6379371722965288,-2.289707061162118,2.259077815101961
294,raw_no_catalog_correction,STAM b=354.95 union-style,450,0.02509,0.98846,0.13201790454668016,0.20022974564106638,0.15888932041874168,0.19652592810909614,0.15909723789577157,,,
294,raw_no_catalog_correction,STAM b=461.3626922 original,450,0.02509,0.98846,0.11779405407513241,0.19138245480963526,0.1503547797162225,0.18272824642032248,0.14550189427093585,,,
294,raw_no_catalog_correction,STAM b=1335.412792 DES-style,450,0.02509,0.98846,0.004391600436691631,0.15360926260839428,0.11772501336338606,0.07262276509409407,0.03392308983054093,,,
294,raw_no_catalog_correction,LCDM fixed H0=70 Om=0.3,450,0.02509,0.98846,-0.0045992681005361516,0.14793921353011338,0.11352332151069959,0.048449061952799355,0.007627023790622189,,,
295,catalog_bin_median_delta,STAM b=354.95 union-style,450,0.02509,0.98536,-0.11575488185254983,0.31358289984077814,0.21203910399687853,-0.017651439030811435,0.0008560962845862718,,,
295,catalog_bin_median_delta,STAM b=461.3626922 original,450,0.02509,0.98536,-0.13004918092842882,0.3199383709208918,0.21530201319025155,-0.03144848055418388,-0.012588447744924736,,,
295,catalog_bin_median_delta,STAM b=1335.412792 DES-style,450,0.02509,0.98536,-0.2439963571202127,0.38611455789220267,0.2727441269063712,-0.14154895480919083,-0.12111092420252945,,,
295,catalog_bin_median_delta,LCDM fixed H0=70 Om=0.3,450,0.02509,0.98536,-0.25027076861920367,0.36082604485462716,0.2703374215698856,-0.16570559031419818,-0.15422853133243208,,,
295,catalog_linear_z_delta,STAM b=354.95 union-style,450,0.02509,0.98536,-0.11157889538730671,0.2635984164048163,0.21492500513104812,-0.00708113521591675,-0.019259594125607293,0.5000030344522491,-0.6955740903990016,
295,catalog_linear_z_delta,STAM b=461.3626922 original,450,0.02509,0.98536,-0.1258731944631857,0.27102146244760866,0.22100384863489597,-0.020878176739289198,-0.033146742425515185,0.5000030344522491,-0.6955740903990016,
295,catalog_linear_z_delta,STAM b=1335.412792 DES-style,450,0.02509,0.98536,-0.23982037065496958,0.34599051836369105,0.2864695036540378,-0.13097865099429615,-0.14216908767363634,0.5000030344522491,-0.6955740903990016,
295,catalog_linear_z_delta,LCDM fixed H0=70 Om=0.3,450,0.02509,0.98536,-0.24609478215396055,0.3236922449421033,0.28002907227850654,-0.1551352864993035,-0.18112337747070129,0.5000030344522491,-0.6955740903990016,
295,catalog_quadratic_z_delta,STAM b=354.95 union-style,450,0.02509,0.98536,-0.1183259046951947,0.303552630056218,0.22900333745267237,-0.010597239421742096,0.012388556223339009,0.6945758991726971,-2.5530873082101335,2.522124517566435
295,catalog_quadratic_z_delta,STAM b=461.3626922 original,450,0.02509,0.98536,-0.13262020377107367,0.3102753661600158,0.2325653589360485,-0.024394280945114543,-0.0006717300918879232,0.6945758991726971,-2.5530873082101335,2.522124517566435
295,catalog_quadratic_z_delta,STAM b=1335.412792 DES-style,450,0.02509,0.98536,-0.2465673799628576,0.37919260694457774,0.28763327926302906,-0.1344947552001215,-0.10873384722201607,0.6945758991726971,-2.5530873082101335,2.522124517566435
295,catalog_quadratic_z_delta,LCDM fixed H0=70 Om=0.3,450,0.02509,0.98536,-0.25284179146184854,0.35120853933368046,0.2804284711735772,-0.15865139070512885,-0.15013120311085615,0.6945758991726971,-2.5530873082101335,2.522124517566435
295,raw_no_catalog_correction,STAM b=354.95 union-style,450,0.02509,0.98536,0.12471414168126858,0.18726302766283476,0.15088894863274158,0.17153482763585526,0.1390566965314015,,,
295,raw_no_catalog_correction,STAM b=461.3626922 original,450,0.02509,0.98536,0.11041984260538959,0.17827765921492092,0.14186458972588237,0.15773778611248282,0.12494524178569577,,,
295,raw_no_catalog_correction,STAM b=1335.412792 DES-style,450,0.02509,0.98536,-0.0035273335863943247,0.14260829281570123,0.10647401004056865,0.04763731185747586,0.014691666208502596,,,
295,raw_no_catalog_correction,LCDM fixed H0=70 Om=0.3,450,0.02509,0.98536,-0.009801745085385278,0.13627535672434918,0.10247453081211542,0.023480676352468508,-0.0001096770254207513,,,
296,catalog_bin_median_delta,STAM b=354.95 union-style,450,0.0251,0.98158,-0.08800803954952786,0.2854215423933309,0.19428236481524475,-0.013948452993490765,-0.0034675599552329572,,,
296,catalog_bin_median_delta,STAM b=461.3626922 original,450,0.0251,0.98158,-0.10216619590493377,0.2907347373354703,0.19758001317292623,-0.027743994284987663,-0.01732047769232281,,,
296,catalog_bin_median_delta,STAM b=1335.412792 DES-style,450,0.0251,0.98158,-0.21506101560806865,0.35117000469025916,0.25039040299715687,-0.1378328192786261,-0.12663156309891832,,,
296,catalog_bin_median_delta,LCDM fixed H0=70 Om=0.3,450,0.0251,0.98158,-0.2268300106546877,0.334829185647389,0.2529318131069639,-0.16199974208667953,-0.16068948266191896,,,
296,catalog_linear_z_delta,STAM b=354.95 union-style,450,0.0251,0.98158,-0.0876289633502979,0.2408968169600759,0.1965103173262422,-0.0019872461214671153,-0.01488129550386219,0.4798318892831356,-0.653871714918774,
296,catalog_linear_z_delta,STAM b=461.3626922 original,450,0.0251,0.98158,-0.10178711970570381,0.24735916784944478,0.20170561313110025,-0.015782787412964013,-0.02768499399367741,0.4798318892831356,-0.653871714918774,
296,catalog_linear_z_delta,STAM b=1335.412792 DES-style,450,0.0251,0.98158,-0.21468193940883873,0.3173539949070244,0.26480168635645446,-0.12587161240660244,-0.13411420914690808,0.4798318892831356,-0.653871714918774,
296,catalog_linear_z_delta,LCDM fixed H0=70 Om=0.3,450,0.0251,0.98158,-0.22645093445545772,0.30323376245529543,0.2621773632902959,-0.15003853521465588,-0.17933146614693385,0.4798318892831356,-0.653871714918774,
296,catalog_quadratic_z_delta,STAM b=354.95 union-style,450,0.0251,0.98158,-0.0907903679502051,0.27838504872353775,0.21264503542202426,-0.006455742711548204,0.0020659918948453537,0.669083238264968,-2.460582443711357,2.453145087499138
296,catalog_quadratic_z_delta,STAM b=461.3626922 original,450,0.0251,0.98158,-0.10494852430561101,0.2840061893858704,0.21613649915362262,-0.0202512840030451,-0.011606302586120165,0.669083238264968,-2.460582443711357,2.453145087499138
296,catalog_quadratic_z_delta,STAM b=1335.412792 DES-style,450,0.0251,0.98158,-0.21784334400874597,0.3467624874071509,0.265331446691596,-0.13034010899668352,-0.12088811904157737,0.669083238264968,-2.460582443711357,2.453145087499138
296,catalog_quadratic_z_delta,LCDM fixed H0=70 Om=0.3,450,0.0251,0.98158,-0.22961233905536502,0.3270532738556554,0.26107021223572946,-0.15450703180473696,-0.15762180292613692,0.669083238264968,-2.460582443711357,2.453145087499138
296,raw_no_catalog_correction,STAM b=354.95 union-style,450,0.0251,0.98158,0.12980774498666758,0.19953301259440534,0.16002485795857796,0.175499680339842,0.14611586016134126,,,
296,raw_no_catalog_correction,STAM b=461.3626922 original,450,0.0251,0.98158,0.11564958863126168,0.1907033577632919,0.15135321322170983,0.1617041390483451,0.13103696768589046,,,
296,raw_no_catalog_correction,STAM b=1335.412792 DES-style,450,0.0251,0.98158,0.00275476892812676,0.15284751397850163,0.11894539609879624,0.0516153140547067,0.02103208106927923,,,
296,raw_no_catalog_correction,LCDM fixed H0=70 Om=0.3,450,0.0251,0.98158,-0.009014226118492265,0.1514643561090872,0.11679117496897087,0.027448391246653252,0.0016718615294877281,,,
297,catalog_bin_median_delta,STAM b=354.95 union-style,450,0.0251,0.98536,-0.0732598736941474,0.2826023525505705,0.19329673829054117,0.01988931309954091,0.027285282776468023,,,
297,catalog_bin_median_delta,STAM b=461.3626922 original,450,0.0251,0.98536,-0.08747144355369466,0.2872154724003641,0.19409768193941987,0.006093146377447611,0.013643785201178815,,,
297,catalog_bin_median_delta,STAM b=1335.412792 DES-style,450,0.0251,0.98536,-0.20077858259787917,0.3434417632962077,0.23710879791539768,-0.1040005915683193,-0.0971105744536338,,,
297,catalog_bin_median_delta,LCDM fixed H0=70 Om=0.3,450,0.0251,0.98536,-0.20997396882040426,0.32641910218640297,0.24291196932484005,-0.12819872778065183,-0.1318743080594622,,,
297,catalog_linear_z_delta,STAM b=354.95 union-style,450,0.0251,0.98536,-0.07584927552506983,0.22451238770013499,0.1823498152700788,0.02745375528749589,0.00163752071342671,0.449775848302636,-0.604751214543293,
297,catalog_linear_z_delta,STAM b=461.3626922 original,450,0.0251,0.98536,-0.0900608453846171,0.2306864128246528,0.18725575873064493,0.013657588565402598,-0.01182065082136674,0.449775848302636,-0.604751214543293,
297,catalog_linear_z_delta,STAM b=1335.412792 DES-style,450,0.0251,0.98536,-0.20336798442880158,0.3001779758008334,0.24602266393233577,-0.09643614938036431,-0.11903073251447793,0.449775848302636,-0.604751214543293,
297,catalog_linear_z_delta,LCDM fixed H0=70 Om=0.3,450,0.0251,0.98536,-0.21256337065132666,0.2836605115043856,0.24108857878763212,-0.12063428559269686,-0.16277488701442167,0.449775848302636,-0.604751214543293,
297,catalog_quadratic_z_delta,STAM b=354.95 union-style,450,0.0251,0.98536,-0.08275068070551723,0.2657527844338547,0.20284149617274894,0.023344416297192305,0.017600355749170404,0.6319536774496095,-2.343933736827853,2.3614555406210433
297,catalog_quadratic_z_delta,STAM b=461.3626922 original,450,0.0251,0.98536,-0.0969622505650645,0.2712320375093673,0.20566419339784775,0.009548249575099008,0.00389531084807615,0.6319536774496095,-2.343933736827853,2.3614555406210433
297,catalog_quadratic_z_delta,STAM b=1335.412792 DES-style,450,0.0251,0.98536,-0.210269389609249,0.33393794520530196,0.254240008188941,-0.1005454883706679,-0.10206767035412057,0.6319536774496095,-2.343933736827853,2.3614555406210433
297,catalog_quadratic_z_delta,LCDM fixed H0=70 Om=0.3,450,0.0251,0.98536,-0.21946477583177412,0.311646516297618,0.24899542179800446,-0.12474362458300045,-0.14049758227158549,0.6319536774496095,-2.343933736827853,2.3614555406210433
297,raw_no_catalog_correction,STAM b=354.95 union-style,450,0.0251,0.98536,0.13624239439165725,0.19817344275014592,0.1603888080463226,0.19768824643287447,0.16070204863541093,,,
297,raw_no_catalog_correction,STAM b=461.3626922 original,450,0.0251,0.98536,0.12203082453211,0.18875183279654717,0.15133073792468285,0.18389207971078114,0.14711756539283982,,,
297,raw_no_catalog_correction,STAM b=1335.412792 DES-style,450,0.0251,0.98536,0.008723685487925513,0.1454120214072119,0.1115466322936751,0.07379834176501426,0.034186480257968554,,,
297,raw_no_catalog_correction,LCDM fixed H0=70 Om=0.3,450,0.0251,0.98536,-0.0004717007345995931,0.14468184085234984,0.11046641371700718,0.049600205552681714,0.015407401784248265,,,
298,catalog_bin_median_delta,STAM b=354.95 union-style,450,0.02512,0.98158,-0.09496998276091452,0.29644387153394286,0.2046136916910107,-0.005411398469808957,0.019707133987040493,,,
298,catalog_bin_median_delta,STAM b=461.3626922 original,450,0.02512,0.98158,-0.10920864188240971,0.3021029482667537,0.2069937976665452,-0.019207571353308167,0.0065294730198530715,,,
298,catalog_bin_median_delta,STAM b=1335.412792 DES-style,450,0.02512,0.98158,-0.22272587823868445,0.36440789994586115,0.25877867936843935,-0.12930110462476602,-0.10063286649021208,,,
298,catalog_bin_median_delta,LCDM fixed H0=70 Om=0.3,450,0.02512,0.98158,-0.23136460404803805,0.341856394047796,0.2565436623224952,-0.15331454114611903,-0.13896806223489122,,,
298,catalog_linear_z_delta,STAM b=354.95 union-style,450,0.02512,0.98158,-0.09580092596861588,0.2626558632194267,0.21209498775910268,0.005303406291036497,0.013639585336051141,0.49621474554194334,-0.6982867137818909,
298,catalog_linear_z_delta,STAM b=461.3626922 original,450,0.02512,0.98158,-0.11003958509011107,0.26923178235646456,0.2168577314459639,-0.008492766592462715,0.0005120980321109414,0.49621474554194334,-0.6982867137818909,
298,catalog_linear_z_delta,STAM b=1335.412792 DES-style,450,0.02512,0.98158,-0.22355682144638586,0.3389400532414938,0.276349416332431,-0.11858629986392057,-0.10799081199125382,0.49621474554194334,-0.6982867137818909,
298,catalog_linear_z_delta,LCDM fixed H0=70 Om=0.3,450,0.02512,0.98158,-0.2321955472557394,0.3189094480177681,0.26995248073096745,-0.14259973638527357,-0.15300469662071947,0.49621474554194334,-0.6982867137818909,
298,catalog_quadratic_z_delta,STAM b=354.95 union-style,450,0.02512,0.98158,-0.0996601078550129,0.29244430115735703,0.22349216465746255,0.0002357544717662721,0.017350691811678587,0.6838436486665097,-2.4895085683710514,2.4321143518880146
298,catalog_quadratic_z_delta,STAM b=461.3626922 original,450,0.02512,0.98158,-0.11389876697650807,0.298474847886171,0.22648028944883905,-0.013560418411732939,0.0036545314451466027,0.6838436486665097,-2.4895085683710514,2.4321143518880146
298,catalog_quadratic_z_delta,STAM b=1335.412792 DES-style,450,0.02512,0.98158,-0.22741600333278295,0.36333019456369464,0.2725491008583092,-0.1236539516831908,-0.10768986275466474,0.6838436486665097,-2.4895085683710514,2.4321143518880146
298,catalog_quadratic_z_delta,LCDM fixed H0=70 Om=0.3,450,0.02512,0.98158,-0.23605472914213646,0.3372138384605017,0.2647811532682048,-0.14766738820454378,-0.14660033153990426,0.6838436486665097,-2.4895085683710514,2.4321143518880146
298,raw_no_catalog_correction,STAM b=354.95 union-style,450,0.02512,0.98158,0.12945967044492862,0.196811342673087,0.15883401034365646,0.17862424597463478,0.1594451363102678,,,
298,raw_no_catalog_correction,STAM b=461.3626922 original,450,0.02512,0.98158,0.11522101132343347,0.18796397846344573,0.1499820391295681,0.16482807309113556,0.14682798694482457,,,
298,raw_no_catalog_correction,STAM b=1335.412792 DES-style,450,0.02512,0.98158,0.0017037749671587087,0.1510383647828157,0.11658411706618557,0.0547345398196777,0.03656015711352367,,,
298,raw_no_catalog_correction,LCDM fixed H0=70 Om=0.3,450,0.02512,0.98158,-0.006934950842194867,0.1459348670468811,0.11293243195371663,0.03072110329832471,0.012639074855947285,,,
299,catalog_bin_median_delta,STAM b=354.95 union-style,450,0.0251,0.98158,-0.07361503255312263,0.2890071651033684,0.19805758924084907,0.012138014913582,0.033076413510571,,,
299,catalog_bin_median_delta,STAM b=461.3626922 original,450,0.0251,0.98158,-0.08782749331436049,0.29371144876049743,0.19891567712079333,-0.001658485243313079,0.01894889289306434,,,
299,catalog_bin_median_delta,STAM b=1335.412792 DES-style,450,0.0251,0.98158,-0.20114296231653772,0.35013651077365116,0.24090533878881765,-0.11175454671658644,-0.09038395440343194,,,
299,catalog_bin_median_delta,LCDM fixed H0=70 Om=0.3,450,0.0251,0.98158,-0.21139290210647413,0.32825810400420724,0.23897596034939267,-0.13574980999789316,-0.1270628829138971,,,
299,catalog_linear_z_delta,STAM b=354.95 union-style,450,0.0251,0.98158,-0.0787515190896452,0.2535379585070777,0.20410021561330313,0.0209703494788525,0.015307030184629866,0.4982717346046241,-0.7038902386449989,
299,catalog_linear_z_delta,STAM b=461.3626922 original,450,0.0251,0.98158,-0.09296397985088312,0.2593510772720552,0.20854601521820346,0.007173849321957419,0.001968108176701122,0.4982717346046241,-0.7038902386449989,
299,catalog_linear_z_delta,STAM b=1335.412792 DES-style,450,0.0251,0.98158,-0.20627944885306032,0.32479706494888266,0.2644400928239068,-0.10292221215131593,-0.11042140971127523,0.4982717346046241,-0.7038902386449989,
299,catalog_linear_z_delta,LCDM fixed H0=70 Om=0.3,450,0.0251,0.98158,-0.21652938864299678,0.30571915527305393,0.2585803316536545,-0.12691747543262266,-0.1526791514613599,0.4982717346046241,-0.7038902386449989,
299,catalog_quadratic_z_delta,STAM b=354.95 union-style,450,0.0251,0.98158,-0.07874679600519793,0.286584246753172,0.22051892799220166,0.015562609353065965,0.05199444398625985,0.6881048014053881,-2.5161544064500267,2.4606855262727594
299,catalog_quadratic_z_delta,STAM b=461.3626922 original,450,0.0251,0.98158,-0.09295925676643581,0.2916437260251637,0.22218624165905995,0.001766109196170886,0.03773250173199827,0.6881048014053881,-2.5161544064500267,2.4606855262727594
299,catalog_quadratic_z_delta,STAM b=1335.412792 DES-style,450,0.0251,0.98158,-0.20627472576861303,0.3504910315739473,0.259164190604234,-0.10832995227710247,-0.06918868566593162,0.6881048014053881,-2.5161544064500267,2.4606855262727594
299,catalog_quadratic_z_delta,LCDM fixed H0=70 Om=0.3,450,0.0251,0.98158,-0.2165246655585494,0.3251244129473534,0.2509428795821432,-0.13232521555840918,-0.1070469496556079,0.6881048014053881,-2.5161544064500267,2.4606855262727594
299,raw_no_catalog_correction,STAM b=354.95 union-style,450,0.0251,0.98158,0.14377887526239963,0.20754476424954613,0.16879509640804924,0.19377961491358164,0.16540512215571823,,,
299,raw_no_catalog_correction,STAM b=461.3626922 original,450,0.0251,0.98158,0.12956641450116177,0.1981311894100076,0.15993778381619808,0.17998311475668655,0.15250398486921313,,,
299,raw_no_catalog_correction,STAM b=1335.412792 DES-style,450,0.0251,0.98158,0.016250945498984537,0.15289523359230728,0.11863537682294115,0.0698870532834132,0.041863727455506705,,,
299,raw_no_catalog_correction,LCDM fixed H0=70 Om=0.3,450,0.0251,0.98158,0.006001005709048107,0.14728326301035105,0.11320737087102409,0.04589179000210649,0.016746732750569038,,,
