x_m_from_earth,x_earth_moon_units,distance_to_earth_m,distance_to_moon_m,A_total,grad_A_x,g_stam_x_m_s2,g_newton_x_m_s2,ratio_STAM_to_newton_x,abs_error_x_m_s2
6498420.0,0.016905359001040583,6498420.0,377901580.0,1.3652515579780626e-09,-2.1004460161603552e-16,-9.438933673406183,-9.438933673406183,1.0,0.0
6573660.934586917,0.017101095043150147,6573660.934586917,377826339.06541306,1.349628495695408e-09,-2.0526383612770236e-16,-9.224096786357899,-9.224096786357897,1.0000000000000002,1.7763568394002505e-15
6648901.869173835,0.017296831085259718,6648901.869173835,377751098.1308262,1.3343590250975434e-09,-2.0064445219722646e-16,-9.016512024853457,-9.016512024853457,1.0,0.0
6724142.803760752,0.017492567127369282,6724142.803760752,377675857.19623923,1.3194312764631463e-09,-1.9617926716646056e-16,-8.815856616332507,-8.815856616332507,1.0,0.0
6799383.738347669,0.017688303169478847,6799383.738347669,377600616.26165235,1.3048339054649355e-09,-1.9186149357685068e-16,-8.62182554761876,-8.621825547618759,1.0000000000000002,1.7763568394002505e-15
6874624.672934587,0.017884039211588414,6874624.672934587,377525375.3270654,1.2905560644181828e-09,-1.8768471336040227e-16,-8.434130405119836,-8.434130405119836,1.0,0.0
6949865.607521504,0.018079775253697982,6949865.607521504,377450134.39247847,1.2765873753968499e-09,-1.8364285397586354e-16,-8.252498302440827,-8.252498302440827,1.0,0.0
7025106.542108422,0.01827551129580755,7025106.542108422,377374893.4578916,1.2629179050773241e-09,-1.7973016632435747e-16,-8.076670887962292,-8.076670887962292,1.0,0.0
7100347.476695339,0.018471247337917114,7100347.476695339,377299652.52330464,1.2495381411816155e-09,-1.759412042944197e-16,-7.9064034256401055,-7.9064034256401055,1.0,0.0
7175588.411282256,0.018666983380026682,7175588.411282256,377224411.58871776,1.2364389704026025e-09,-1.7227080580048299e-16,-7.741463942917434,-7.741463942917435,0.9999999999999999,8.881784197001252e-16
7250829.345869174,0.01886271942213625,7250829.345869174,377149170.6541308,1.2236116577036834e-09,-1.6871407519147973e-16,-7.5816324402067625,-7.581632440206762,1.0000000000000002,8.881784197001252e-16
7326070.280456091,0.019058455464245814,7326070.280456091,377073929.71954393,1.2110478268940192e-09,-1.6526636691757538e-16,-7.426700156909496,-7.426700156909496,1.0,0.0
7401311.215043008,0.01925419150635538,7401311.215043008,376998688.784957,1.1987394423885956e-09,-1.6192327035323698e-16,-7.276468889398677,-7.276468889398677,1.0,0.0
7476552.149629926,0.01944992754846495,7476552.149629926,376923447.85037005,1.1866787920696407e-09,-1.5868059568401667e-16,-7.130750356802655,-7.130750356802653,1.0000000000000002,1.7763568394002505e-15
7551793.084216843,0.019645663590574514,7551793.084216843,376848206.91578317,1.1748584711725873e-09,-1.555343607726904e-16,-6.989365610798802,-6.989365610798801,1.0000000000000002,8.881784197001252e-16
7627034.01880376,0.01984139963268408,7627034.01880376,376772965.9811962,1.1632713671258257e-09,-1.5248077892784699e-16,-6.852144485961315,-6.852144485961313,1.0000000000000002,1.7763568394002505e-15
7702274.953390678,0.02003713567479365,7702274.953390678,376697725.04660934,1.1519106452790302e-09,-1.4951624750474914e-16,-6.7189250875094535,-6.718925087509452,1.0000000000000002,1.7763568394002505e-15
7777515.887977595,0.020232871716903213,7777515.887977595,376622484.1120224,1.1407697354598842e-09,-1.4663733727436935e-16,-6.589553313575841,-6.589553313575841,1.0,0.0
7852756.8225645125,0.02042860775901278,7852756.8225645125,376547243.1774355,1.1298423193036429e-09,-1.4384078250200286e-16,-6.463882409361564,-6.463882409361563,1.0000000000000002,8.881784197001252e-16
7927997.7571514305,0.02062434380112235,7927997.7571514305,376472002.2428486,1.1191223183041902e-09,-1.4112347168184258e-16,-6.341772550768733,-6.341772550768731,1.0000000000000002,1.7763568394002505e-15
8003238.6917383475,0.020820079843231913,8003238.6917383475,376396761.30826163,1.1086038825391136e-09,-1.3848243887841451e-16,-6.223090455303993,-6.223090455303993,1.0,0.0
8078479.626325265,0.021015815885341477,8078479.626325265,376321520.37367475,1.0982813800248448e-09,-1.3591485562986896e-16,-6.107709018230582,-6.107709018230581,1.0000000000000002,8.881784197001252e-16
8153720.560912183,0.02121155192745105,8153720.560912183,376246279.4390878,1.0881493866611766e-09,-1.3341802337184342e-16,-5.995506972113702,-5.995506972113701,1.0000000000000002,8.881784197001252e-16
8228961.4954991,0.021407287969560613,8228961.4954991,376171038.5045009,1.0782026767274282e-09,-1.3098936634399468e-16,-5.88636856805597,-5.88636856805597,1.0,0.0
8304202.430086017,0.021603024011670177,8304202.430086017,376095797.569914,1.0684362138952708e-09,-1.2862642494437292e-16,-5.780183277057887,-5.780183277057886,1.0000000000000002,8.881784197001252e-16
8379443.364672935,0.02179876005377975,8379443.364672935,376020556.63532704,1.0588451427257431e-09,-1.2632684949961488e-16,-5.676845510064271,-5.67684551006427,1.0000000000000002,8.881784197001252e-16
8454684.299259853,0.021994496095889316,8454684.299259853,375945315.70074016,1.0494247806202894e-09,-1.240883944214839e-16,-5.576254355372274,-5.576254355372274,1.0,0.0
8529925.233846769,0.022190232137998877,8529925.233846769,375870074.7661532,1.0401706101977894e-09,-1.2190891272261533e-16,-5.478313332181262,-5.478313332181261,1.0000000000000002,8.881784197001252e-16
8605166.168433687,0.022385968180108445,8605166.168433687,375794833.83156633,1.0310782720715048e-09,-1.1978635086645157e-16,-5.382930159160441,-5.382930159160441,1.0,0.0
8680407.103020605,0.022581704222218016,8680407.103020605,375719592.8969794,1.0221435580016796e-09,-1.1771874392829555e-16,-5.290016536997447,-5.290016536997446,1.0000000000000002,8.881784197001252e-16
8755648.03760752,0.022777440264327577,8755648.03760752,375644351.96239245,1.0133624044011942e-09,-1.157042110461849e-16,-5.199487943970819,-5.199487943970819,1.0,0.0
8830888.972194439,0.022973176306437144,8830888.972194439,375569111.02780557,1.0047308861732186e-09,-1.1374095114191842e-16,-5.111263443662526,-5.1112634436625255,1.0000000000000002,8.881784197001252e-16
8906129.906781357,0.023168912348546712,8906129.906781357,375493870.0932186,9.962452108612318e-10,-1.1182723889405393e-16,-5.025265503993512,-5.025265503993513,0.9999999999999998,8.881784197001252e-16
8981370.841368273,0.023364648390656276,8981370.841368273,375418629.15863174,9.879017130930877e-10,-1.099614209460619e-16,-4.941419826826615,-4.941419826826614,1.0000000000000002,8.881784197001252e-16
9056611.77595519,0.023560384432765844,9056611.77595519,375343388.2240448,9.79696849302027e-10,-1.0814191233407008e-16,-4.85965518743742,-4.859655187437419,1.0000000000000002,8.881784197001252e-16
9131852.710542109,0.023756120474875412,9131852.710542109,375268147.2894579,9.716271927086658e-10,-1.0636719311978742e-16,-4.779903283205407,-4.779903283205407,1.0,0.0
9207093.645129025,0.023951856516984976,9207093.645129025,375192906.354871,9.636894285490263e-10,-1.0463580521524586e-16,-4.702098590924956,-4.702098590924956,1.0,0.0
9282334.579715943,0.024147592559094544,9282334.579715943,375117665.42028403,9.558803495346535e-10,-1.0294634938697387e-16,-4.626178232179629,-4.626178232179628,1.0000000000000002,8.881784197001252e-16
9357575.514302861,0.02434332860120411,9357575.514302861,375042424.48569715,9.481968515317537e-10,-1.0129748242810596e-16,-4.552081846263101,-4.552081846263101,1.0,0.0
9432816.448889777,0.024539064643313676,9432816.448889777,374967183.5511102,9.406359294471243e-10,-9.968791448775517e-17,-4.479751470167149,-4.479751470167148,1.0000000000000002,8.881784197001252e-16
9508057.383476695,0.024734800685423244,9508057.383476695,374891942.6165233,9.3319467330942e-10,-9.811640654773166e-17,-4.409131425191042,-4.409131425191041,1.0000000000000002,8.881784197001252e-16
9583298.318063613,0.02493053672753281,9583298.318063613,374816701.6819364,9.258702645350242e-10,-9.65817680373905e-17,-4.340168209758137,-4.340168209758137,1.0,0.0
9658539.25265053,0.025126272769642376,9658539.25265053,374741460.7473495,9.186599723684532e-10,-9.508285457803287e-17,-4.272810398054339,-4.272810398054339,1.0,0.0
9733780.187237447,0.025322008811751943,9733780.187237447,374666219.81276256,9.115611504878514e-10,-9.361856584888096e-17,-4.207008544129777,-4.207008544129777,1.0,0.0
9809021.121824365,0.02551774485386151,9809021.121824365,374590978.8781756,9.045712337667156e-10,-9.21878435671955e-17,-4.142715091129829,-4.142715091129828,1.0000000000000002,8.881784197001252e-16
9884262.056411281,0.025713480895971075,9884262.056411281,374515737.94358873,8.976877351835203e-10,-9.078966957561076e-17,-4.0798842853442325,-4.079884285344232,1.0000000000000002,8.881784197001252e-16
9959502.9909982,0.025909216938080643,9959502.9909982,374440497.0090018,8.909082428714236e-10,-8.942306403023202e-17,-4.018472094784253,-4.018472094784253,1.0,0.0
10034743.925585117,0.02610495298019021,10034743.925585117,374365256.0744149,8.842304173007028e-10,-8.808708368347488e-17,-3.9584361320173236,-3.958436132017323,1.0000000000000002,4.440892098500626e-16
10109984.860172033,0.026300689022299775,10109984.860172033,374290015.13982797,8.776519885870035e-10,-8.678082025602547e-17,-3.899735581006591,-3.899735581006591,1.0,0.0
10185225.794758951,0.026496425064409343,10185225.794758951,374214774.205241,8.711707539188955e-10,-8.550339889267558e-17,-3.8423311277196026,-3.8423311277196026,1.0,0.0
10260466.72934587,0.02669216110651891,10260466.72934587,374139533.27065414,8.647845750986147e-10,-8.42539766971296e-17,-3.786184894285819,-3.786184894285819,1.0,0.0
10335707.663932787,0.02688789714862848,10335707.663932787,374064292.3360672,8.584913761902201e-10,-8.30317413412014e-17,-3.731260376497034,-3.7312603764970333,1.0000000000000002,4.440892098500626e-16
10410948.598519703,0.027083633190738043,10410948.598519703,373989051.4014803,8.522891412697313e-10,-8.183590974411544e-17,-3.6775223844581273,-3.6775223844581264,1.0000000000000002,8.881784197001252e-16
10486189.533106621,0.02727936923284761,10486189.533106621,373913810.4668934,8.461759122721283e-10,-8.066572681790296e-17,-3.6249369862079837,-3.624936986207983,1.0000000000000002,4.440892098500626e-16
10561430.46769354,0.027475105274957178,10561430.46769354,373838569.53230643,8.401497869303793e-10,-7.952046427513963e-17,-3.5734714541418917,-3.5734714541418917,1.0,0.0
10636671.402280457,0.027670841317066746,10636671.402280457,373763328.59771955,8.342089168019416e-10,-7.839941949550922e-17,-3.5230942140774566,-3.5230942140774566,1.0,0.0
10711912.336867373,0.02786657735917631,10711912.336867373,373688087.6631326,8.283515053784338e-10,-7.730191444789957e-17,-3.473774796816008,-3.473774796816007,1.0000000000000002,8.881784197001252e-16
10787153.27145429,0.028062313401285875,10787153.27145429,373612846.7285457,8.225758062744181e-10,-7.622729466494282e-17,-3.4254837920607373,-3.4254837920607373,1.0,0.0
10862394.20604121,0.028258049443395446,10862394.20604121,373537605.7939588,8.168801214914597e-10,-7.51749282671043e-17,-3.3781928045614387,-3.3781928045614387,1.0,0.0
10937635.140628126,0.02845378548550501,10937635.140628126,373462364.8593719,8.112627997538344e-10,-7.414420503360244e-17,-3.3318744123637307,-3.3318744123637307,1.0,0.0
11012876.075215044,0.028649521527614578,11012876.075215044,373387123.92478496,8.057222349124598e-10,-7.313453551760843e-17,-3.286502127048115,-3.286502127048115,1.0,0.0
11088117.009801961,0.028845257569724145,11088117.009801961,373311882.990198,8.002568644138111e-10,-7.214535020333134e-17,-3.242050355851268,-3.2420503558512674,1.0000000000000002,4.440892098500626e-16
11163357.944388878,0.02904099361183371,11163357.944388878,373236642.05561113,7.948651678307518e-10,-7.117609870273644e-17,-3.198494365568363,-3.1984943655683624,1.0000000000000002,4.440892098500626e-16
11238598.878975796,0.029236729653943277,11238598.878975796,373161401.1210242,7.895456654523807e-10,-7.022624898978212e-17,-3.1558102481413943,-3.155810248141394,1.0000000000000002,4.440892098500626e-16
11313839.813562714,0.029432465696052845,11313839.813562714,373086160.1864373,7.842969169301476e-10,-6.929528667018588e-17,-3.1139748878440963,-3.1139748878440963,1.0,0.0
11389080.74814963,0.02962820173816241,11389080.74814963,373010919.25185037,7.791175199776337e-10,-6.838271428484742e-17,-3.0729659299793384,-3.072965929979338,1.0000000000000002,4.440892098500626e-16
11464321.682736548,0.029823937780271977,11464321.682736548,372935678.3172634,7.740061091215324e-10,-6.74880506451678e-17,-3.0327617510098595,-3.032761751009859,1.0000000000000002,4.440892098500626e-16
11539562.617323466,0.030019673822381545,11539562.617323466,372860437.38267654,7.689613545014956e-10,-6.661083019860686e-17,-2.993341430047836,-2.9933414300478356,1.0000000000000002,4.440892098500626e-16
11614803.551910382,0.03021540986449111,11614803.551910382,372785196.4480896,7.639819607166253e-10,-6.575060242291585e-17,-2.9546847216330585,-2.9546847216330585,1.0,0.0
11690044.4864973,0.030411145906600677,11690044.4864973,372709955.5135027,7.590666657165121e-10,-6.490693124757455e-17,-2.9167720297336097,-2.9167720297336097,1.0,0.0
11765285.421084218,0.030606881948710245,11765285.421084218,372634714.5789158,7.542142397348274e-10,-6.4079394501045e-17,-2.8795843829066876,-2.8795843829066876,1.0,0.0
11840526.355671134,0.030802617990819806,11840526.355671134,372559473.6443289,7.494234842635714e-10,-6.326758338253397e-17,-2.8431034105607913,-2.843103410560791,1.0000000000000002,4.440892098500626e-16
11915767.290258052,0.030998354032929377,11915767.290258052,372484232.70974195,7.446932310661861e-10,-6.247110195702935e-17,-2.8073113202637936,-2.807311320263793,1.0000000000000002,4.440892098500626e-16
11991008.22484497,0.031194090075038945,11991008.22484497,372408991.775155,7.400223412278221e-10,-6.168956667244707e-17,-2.7721908760445997,-2.7721908760445997,1.0,0.0
12066249.159431886,0.03138982611714851,12066249.159431886,372333750.8405681,7.354097042411381e-10,-6.092260589778766e-17,-2.737725377638942,-2.737725377638942,1.0,0.0
12141490.094018804,0.03158556215925808,12141490.094018804,372258509.9059812,7.308542371260933e-10,-6.016985948126491e-17,-2.7038986406326724,-2.7038986406326715,1.0000000000000002,8.881784197001252e-16
12216731.028605722,0.031781298201367644,12216731.028605722,372183268.9713943,7.263548835822658e-10,-5.943097832742572e-17,-2.670694977458472,-2.6706949774584716,1.0000000000000002,4.440892098500626e-16
12291971.963192638,0.031977034243477205,12291971.963192638,372108028.03680736,7.219106131723035e-10,-5.870562399233349e-17,-2.6380991792043047,-2.638099179204305,0.9999999999999998,4.440892098500626e-16
12367212.897779556,0.03217277028558677,12367212.897779556,372032787.1022204,7.175204205351818e-10,-5.799346829593893e-17,-2.606096498194228,-2.606096498194228,1.0,0.0
12442453.832366474,0.03236850632769634,12442453.832366474,371957546.16763353,7.131833246280063e-10,-5.729419295080933e-17,-2.574672631304318,-2.574672631304318,1.0,0.0
12517694.76695339,0.03256424236980591,12517694.76695339,371882305.2330466,7.088983679951609e-10,-5.660748920643198e-17,-2.5438137039784623,-2.5438137039784623,1.0,0.0
12592935.701540308,0.032759978411915476,12592935.701540308,371807064.2984597,7.04664616063654e-10,-5.593305750834947e-17,-2.5135062549106664,-2.513506254910666,1.0000000000000002,4.440892098500626e-16
12668176.636127226,0.032955714454025044,12668176.636127226,371731823.36387277,7.00481156463578e-10,-5.5270607171424406e-17,-2.483737221362299,-2.483737221362299,1.0,0.0
12743417.570714142,0.033151450496134605,12743417.570714142,371656582.4292859,6.96347098372641e-10,-5.461985606656819e-17,-2.454493925084387,-2.4544939250843867,1.0000000000000002,4.440892098500626e-16
12818658.50530106,0.03334718653824417,12818658.50530106,371581341.49469894,6.92261571883782e-10,-5.3980530320302963e-17,-2.4257640588166045,-2.425764058816604,1.0000000000000002,4.440892098500626e-16
12893899.439887978,0.03354292258035374,12893899.439887978,371506100.560112,6.882237273949297e-10,-5.3352364026560305e-17,-2.397535673336148,-2.3975356733361477,1.0000000000000002,4.440892098500626e-16
12969140.374474894,0.03373865862246331,12969140.374474894,371430859.6255251,6.842327350200008e-10,-5.273509897014947e-17,-2.3697971650310223,-2.369797165031023,0.9999999999999998,4.440892098500626e-16
13044381.309061812,0.033934394664572876,13044381.309061812,371355618.6909382,6.80287784020284e-10,-5.2128484361358824e-17,-2.3425372639736226,-2.342537263973622,1.0000000000000002,4.440892098500626e-16
13119622.24364873,0.03413013070668244,13119622.24364873,371280377.7563513,6.7638808225539e-10,-5.1532276581180996e-17,-2.3157450224717224,-2.315745022471722,1.0000000000000002,4.440892098500626e-16
13194863.178235646,0.034325866748792004,13194863.178235646,371205136.82176435,6.725328556529868e-10,-5.0946238936678485e-17,-2.2894098040751545,-2.289409804075154,1.0000000000000002,4.440892098500626e-16
13270104.112822564,0.03452160279090157,13270104.112822564,371129895.8871774,6.687213476965725e-10,-5.037014142603097e-17,-2.2635212730175622,-2.263521273017562,1.0000000000000002,4.440892098500626e-16
13345345.047409482,0.03471733883301114,13345345.047409482,371054654.9525905,6.649528189305791e-10,-4.98037605128292e-17,-2.238069384073673,-2.2380693840736727,1.0000000000000002,4.440892098500626e-16
13420585.981996398,0.0349130748751207,13420585.981996398,370979414.0180036,6.612265464821214e-10,-4.9246878909201455e-17,-2.2130443728134885,-2.213044372813488,1.0000000000000002,4.440892098500626e-16
13495826.916583316,0.03510881091723027,13495826.916583316,370904173.0834167,6.575418235987429e-10,-4.8699285367380166e-17,-2.1884367462357526,-2.188436746235752,1.0000000000000002,4.440892098500626e-16
13571067.851170234,0.03530454695933984,13571067.851170234,370828932.14882976,6.53897959201542e-10,-4.8160774479335124e-17,-2.16423727376392,-2.16423727376392,1.0,0.0
13646308.78575715,0.035500283001449404,13646308.78575715,370753691.2142429,6.50294277453079e-10,-4.763114648411854e-17,-2.140436978588675,-2.1404369785886748,1.0000000000000002,4.440892098500626e-16
13721549.720344068,0.03569601904355897,13721549.720344068,370678450.27965593,6.467301173394992e-10,-4.711020708258455e-17,-2.1170271293418383,-2.1170271293418383,1.0,0.0
13796790.654930986,0.03589175508566854,13796790.654930986,370603209.345069,6.432048322663314e-10,-4.6597767259162463e-17,-2.0939992320872594,-2.093999232087259,1.0000000000000002,4.440892098500626e-16
13872031.589517903,0.0360874911277781,13872031.589517903,370527968.4104821,6.397177896674379e-10,-4.609364311037827e-17,-2.0713450226149552,-2.071345022614955,1.0000000000000002,4.440892098500626e-16
13947272.524104822,0.036283227169887675,13947272.524104822,370452727.47589517,6.362683706266242e-10,-4.559765567983413e-17,-2.0490564590254596,-2.049056459025459,1.0000000000000002,4.440892098500626e-16
14022513.458691739,0.036478963211997235,14022513.458691739,370377486.5413083,6.328559695114296e-10,-4.510963079936943e-17,-2.027125714591956,-2.0271257145919566,0.9999999999999998,4.440892098500626e-16
14097754.393278655,0.0366746992541068,14097754.393278655,370302245.60672134,6.29479993618645e-10,-4.462939893613996e-17,-2.0055451708883605,-2.00554517088836,1.0000000000000002,4.440892098500626e-16
14172995.327865575,0.03687043529621638,14172995.327865575,370227004.6721344,6.261398628311219e-10,-4.415679504536465e-17,-1.9843074111720864,-1.9843074111720862,1.0000000000000002,2.220446049250313e-16
14248236.26245249,0.03706617133832594,14248236.26245249,370151763.7375475,6.228350092854554e-10,-4.3691658428501376e-17,-1.963405214010787,-1.9634052140107867,1.0000000000000002,2.220446049250313e-16
14323477.197039407,0.0372619073804355,14323477.197039407,370076522.8029606,6.195648770501402e-10,-4.323383259662359e-17,-1.9428315471428041,-1.9428315471428041,1.0,0.0
14398718.131626327,0.037457643422545074,14398718.131626327,370001281.8683737,6.163289218138186e-10,-4.278316513878165e-17,-1.9225795615616241,-1.922579561561624,1.0000000000000002,2.220446049250313e-16
14473959.066213243,0.037653379464654635,14473959.066213243,369926040.93378675,6.131266105832519e-10,-4.2339507595141713e-17,-1.9026425858150218,-1.9026425858150218,1.0,0.0
14549200.000800159,0.0378491155067642,14549200.000800159,369850799.99919987,6.099574213906625e-10,-4.190271533470502e-17,-1.88301412051004,-1.88301412051004,1.0,0.0
14624440.935387079,0.03804485154887377,14624440.935387079,369775559.0646129,6.068208430101107e-10,-4.1472647437419704e-17,-1.8636878330153583,-1.863687833015358,1.0000000000000002,4.440892098500626e-16
14699681.869973995,0.03824058759098334,14699681.869973995,369700318.130026,6.037163746825828e-10,-4.104916658050579e-17,-1.8446575523529942,-1.844657552352994,1.0000000000000002,2.220446049250313e-16
14774922.804560913,0.038436323633092906,14774922.804560913,369625077.1954391,6.006435258494775e-10,-4.0632138928821724e-17,-1.8259172642716186,-1.8259172642716184,1.0000000000000002,2.220446049250313e-16
14850163.73914783,0.038632059675202474,14850163.73914783,369549836.26085216,5.976018158941953e-10,-4.022143402910968e-17,-1.8074611064941795,-1.8074611064941792,1.0000000000000002,2.220446049250313e-16
14925404.673734747,0.038827795717312034,14925404.673734747,369474595.3262653,5.945907738915438e-10,-3.9816924707963075e-17,-1.789283364132788,-1.7892833641327879,1.0000000000000002,2.220446049250313e-16
15000645.608321665,0.0390235317594216,15000645.608321665,369399354.39167833,5.916099383646848e-10,-3.941848697336757e-17,-1.7713784652641942,-1.7713784652641937,1.0000000000000002,4.440892098500626e-16
15075886.542908581,0.03921926780153117,15075886.542908581,369324113.4570914,5.886588570493594e-10,-3.9025999919673235e-17,-1.7537409766594474,-1.7537409766594472,1.0000000000000002,2.220446049250313e-16
15151127.477495499,0.03941500384364074,15151127.477495499,369248872.5225045,5.857370866651381e-10,-3.8639345635861757e-17,-1.7363655996616303,-1.7363655996616303,1.0,0.0
15226368.412082417,0.039610739885750305,15226368.412082417,369173631.58791757,5.828441926934531e-10,-3.825840911697899e-17,-1.719247166205837,-1.7192471662058373,0.9999999999999999,2.220446049250313e-16
15301609.346669335,0.03980647592785987,15301609.346669335,369098390.6533307,5.799797491621808e-10,-3.7883078178608336e-17,-1.7023806349757984,-1.7023806349757984,1.0,0.0
15376850.281256251,0.040002211969969434,15376850.281256251,369023149.71874374,5.77143338436546e-10,-3.751324337426649e-17,-1.6857610876918308,-1.685761087691831,0.9999999999999999,2.220446049250313e-16
15452091.215843169,0.040197948012079,15452091.215843169,368947908.78415686,5.74334551016137e-10,-3.7148797915607865e-17,-1.6693837255250032,-1.669383725525003,1.0000000000000002,2.220446049250313e-16
15527332.150430087,0.04039368405418857,15527332.150430087,368872667.8495699,5.715529853378223e-10,-3.678963759532906e-17,-1.6532438656326356,-1.6532438656326351,1.0000000000000002,4.440892098500626e-16
15602573.085017003,0.04058942009629814,15602573.085017003,368797426.914983,5.687982475843687e-10,-3.643566071266951e-17,-1.6373369378104663,-1.637336937810466,1.0000000000000002,2.220446049250313e-16
15677814.019603921,0.040785156138407705,15677814.019603921,368722185.9803961,5.660699514985706e-10,-3.608676800140889e-17,-1.6216584812570158,-1.6216584812570156,1.0000000000000002,2.220446049250313e-16
15753054.95419084,0.04098089218051727,15753054.95419084,368646945.04580915,5.633677182027066e-10,-3.5742862560266044e-17,-1.6062041414458708,-1.6062041414458705,1.0000000000000002,2.220446049250313e-16
15828295.888777755,0.041176628222626833,15828295.888777755,368571704.11122227,5.606911760231449e-10,-3.540384978560839e-17,-1.5909696671017954,-1.5909696671017952,1.0000000000000002,2.220446049250313e-16
15903536.823364673,0.0413723642647364,15903536.823364673,368496463.1766353,5.580399603199274e-10,-3.506963730638446e-17,-1.5759509072767468,-1.5759509072767466,1.0000000000000002,2.220446049250313e-16
15978777.757951591,0.04156810030684597,15978777.757951591,368421222.2420484,5.554137133211688e-10,-3.474013492119626e-17,-1.561143808522045,-1.5611438085220448,1.0000000000000002,2.220446049250313e-16
16054018.692538507,0.04176383634895554,16054018.692538507,368345981.3074615,5.528120839621125e-10,-3.441525453743105e-17,-1.5465444121530958,-1.5465444121530953,1.0000000000000002,4.440892098500626e-16
16129259.627125425,0.041959572391065104,16129259.627125425,368270740.37287456,5.502347277286911e-10,-3.409491011237621e-17,-1.5321488516032207,-1.5321488516032202,1.0000000000000002,4.440892098500626e-16
16204500.561712343,0.04215530843317467,16204500.561712343,368195499.4382877,5.476813065054454e-10,-3.377901759624353e-17,-1.517953349863298,-1.5179533498632978,1.0000000000000002,2.220446049250313e-16
16279741.49629926,0.04235104447528423,16279741.49629926,368120258.50370073,5.451514884276598e-10,-3.3467494877032454e-17,-1.5039542170040414,-1.5039542170040414,1.0,0.0
16354982.430886177,0.0425467805173938,16354982.430886177,368045017.56911385,5.426449477375804e-10,-3.3160261727164885e-17,-1.4901478477778864,-1.4901478477778864,1.0,0.0
16430223.365473095,0.04274251655950337,16430223.365473095,367969776.6345269,5.401613646445835e-10,-3.285723975182673e-17,-1.476530719297575,-1.4765307192975747,1.0000000000000002,2.220446049250313e-16
16505464.300060011,0.042938252601612936,16505464.300060011,367894535.69993997,5.377004251891678e-10,-3.2558352338954015e-17,-1.463099388788645,-1.4630993887886448,1.0000000000000002,2.220446049250313e-16
16580705.23464693,0.043133988643722504,16580705.23464693,367819294.7653531,5.352618211106505e-10,-3.226352461080416e-17,-1.4498504914131505,-1.4498504914131503,1.0000000000000002,2.220446049250313e-16
16655946.169233847,0.04332972468583207,16655946.169233847,367744053.83076614,5.32845249718449e-10,-3.197268337705514e-17,-1.4367807381620434,-1.436780738162043,1.0000000000000002,4.440892098500626e-16
16731187.103820764,0.04352546072794163,16731187.103820764,367668812.89617926,5.304504137668367e-10,-3.168575708937766e-17,-1.4238869138137502,-1.4238869138137504,0.9999999999999999,2.220446049250313e-16
16806428.038407683,0.04372119677005121,16806428.038407683,367593571.9615923,5.280770213330609e-10,-3.140267579742789e-17,-1.411165874956582,-1.4111658749565819,1.0000000000000002,2.220446049250313e-16
16881668.9729946,0.04391693281216077,16881668.9729946,367518331.0270054,5.257247856987225e-10,-3.112337110621001e-17,-1.3986145480727041,-1.3986145480727041,1.0,0.0
16956909.907581516,0.04411266885427033,16956909.907581516,367443090.0924185,5.233934252343122e-10,-3.084777613476013e-17,-1.3862299276814838,-1.3862299276814833,1.0000000000000002,4.440892098500626e-16
17032150.842168435,0.044308404896379903,17032150.842168435,367367849.15783155,5.210826632868073e-10,-3.057582547610501e-17,-1.3740090745401248,-1.374009074540125,0.9999999999999999,2.220446049250313e-16
17107391.77675535,0.04450414093848947,17107391.77675535,367292608.22324467,5.187922280702355e-10,-3.0307455158450955e-17,-1.3619491138995836,-1.3619491138995836,1.0,0.0
17182632.711342268,0.04469987698059903,17182632.711342268,367217367.2886577,5.165218525591129e-10,-3.004260260755946e-17,-1.3500472338138143,-1.3500472338138143,1.0,0.0
17257873.645929188,0.04489561302270861,17257873.645929188,367142126.3540708,5.142712743846703e-10,-2.978120661026883e-17,-1.338300683500513,-1.3383006835005125,1.0000000000000002,4.440892098500626e-16
17333114.580516104,0.04509134906481817,17333114.580516104,367066885.4194839,5.120402357337819e-10,-2.952320727912171e-17,-1.3267067717515575,-1.3267067717515573,1.0000000000000002,2.220446049250313e-16
17408355.51510302,0.04528708510692773,17408355.51510302,366991644.48489696,5.098284832505155e-10,-2.926854601806056e-17,-1.3152628653914396,-1.3152628653914393,1.0000000000000002,2.220446049250313e-16
17483596.44968994,0.0454828211490373,17483596.44968994,366916403.5503101,5.07635767940224e-10,-2.901716548915415e-17,-1.3039663877820278,-1.3039663877820276,1.0000000000000002,2.220446049250313e-16
17558837.384276856,0.045678557191146864,17558837.384276856,366841162.61572313,5.054618450761037e-10,-2.876900958032021e-17,-1.2928148173720952,-1.292814817372095,1.0000000000000002,2.220446049250313e-16
17634078.31886377,0.04587429323325643,17634078.31886377,366765921.68113625,5.03306474108144e-10,-2.852402337400978e-17,-1.281805686290066,-1.2818056862900657,1.0000000000000002,2.220446049250313e-16
17709319.25345069,0.046070029275366006,17709319.25345069,366690680.7465493,5.011694185743983e-10,-2.828215311682116e-17,-1.2709365789785323,-1.270936578978532,1.0000000000000002,2.220446049250313e-16
17784560.188037608,0.04626576531747557,17784560.188037608,366615439.81196237,4.990504460145084e-10,-2.804334619001175e-17,-1.2602051308691231,-1.2602051308691231,1.0,0.0
17859801.122624524,0.04646150135958513,17859801.122624524,366540198.8773755,4.969493278854123e-10,-2.780755108087755e-17,-1.2496090270963645,-1.2496090270963645,1.0,0.0
17935042.057211444,0.0466572374016947,17935042.057211444,366464957.94278854,4.948658394791759e-10,-2.7574717354971502e-17,-1.239146001249232,-1.2391460012492317,1.0000000000000002,2.220446049250313e-16
18010282.99179836,0.04685297344380426,18010282.99179836,366389717.00820166,4.92799759842884e-10,-2.7344795629132578e-17,-1.22881383415914,-1.22881383415914,1.0,0.0
18085523.926385276,0.04704870948591383,18085523.926385276,366314476.0736147,4.907508717005297e-10,-2.711773754529855e-17,-1.2186103527231456,-1.2186103527231453,1.0000000000000002,2.220446049250313e-16
18160764.860972196,0.047244445528023406,18160764.860972196,366239235.13902783,4.887189613768466e-10,-2.6893495745076746e-17,-1.2085334287612148,-1.2085334287612146,1.0000000000000002,2.220446049250313e-16
18236005.795559112,0.04744018157013297,18236005.795559112,366163994.2044409,4.867038187230272e-10,-2.667202384504771e-17,-1.1985809779064258,-1.1985809779064256,1.0000000000000002,2.220446049250313e-16
18311246.730146028,0.04763591761224253,18311246.730146028,366088753.26985395,4.847052370442702e-10,-2.6453276412777715e-17,-1.1887509585270237,-1.1887509585270235,1.0000000000000002,2.220446049250313e-16
18386487.664732948,0.0478316536543521,18386487.664732948,366013512.33526707,4.827230130291096e-10,-2.6237208943516978e-17,-1.1790413706792915,-1.1790413706792915,1.0,0.0
18461728.599319864,0.04802738969646166,18461728.599319864,365938271.4006801,4.807569466804704e-10,-2.602377783756139e-17,-1.169450255090236,-1.169450255090236,1.0,0.0
18536969.53390678,0.04822312573857123,18536969.53390678,365863030.46609324,4.788068412484031e-10,-2.5812940378255973e-17,-1.1599756921691131,-1.1599756921691131,1.0,0.0
18612210.4684937,0.0484188617806808,18612210.4684937,365787789.5315063,4.768725031644507e-10,-2.5604654710619676e-17,-1.1506158010468743,-1.1506158010468743,1.0,0.0
18687451.403080616,0.048614597822790366,18687451.403080616,365712548.59691936,4.749537419776005e-10,-2.5398879820571383e-17,-1.1413687386426292,-1.141368738642629,1.0000000000000002,2.220446049250313e-16
18762692.337667532,0.04881033386489993,18762692.337667532,365637307.6623325,4.730503702917774e-10,-2.5195575514737787e-17,-1.1322326987562572,-1.132232698756257,1.0000000000000002,2.220446049250313e-16
18837933.272254452,0.0490060699070095,18837933.272254452,365562066.72774553,4.711622037048351e-10,-2.4994702400824753e-17,-1.1232059111863408,-1.1232059111863406,1.0000000000000002,2.220446049250313e-16
18913174.20684137,0.04920180594911906,18913174.20684137,365486825.79315865,4.692890607490032e-10,-2.4796221868534286e-17,-1.114286640872616,-1.114286640872616,1.0,0.0
18988415.141428284,0.04939754199122863,18988415.141428284,365411584.8585717,4.674307628327506e-10,-2.4600096071009565e-17,-1.1054731870621544,-1.1054731870621544,1.0,0.0
19063656.076015204,0.0495932780333382,19063656.076015204,365336343.92398477,4.655871341840249e-10,-2.4406287906791732e-17,-1.0967638824985417,-1.0967638824985413,1.0000000000000004,4.440892098500626e-16
19138897.01060212,0.049789014075447766,19138897.01060212,365261102.9893979,4.637580017948321e-10,-2.421476100227224e-17,-1.0881570926333255,-1.0881570926333255,1.0,0.0
19214137.945189036,0.049984750117557326,19214137.945189036,365185862.05481094,4.619431953671166e-10,-2.4025479694625176e-17,-1.0796512148590316,-1.0796512148590316,1.0,0.0
19289378.879775956,0.0501804861596669,19289378.879775956,365110621.12022406,4.60142547259909e-10,-2.383840901520475e-17,-1.0712446777630855,-1.0712446777630855,1.0,0.0
19364619.814362872,0.05037622220177646,19364619.814362872,365035380.1856371,4.5835589243770654e-10,-2.3653514673393508e-17,-1.062935940401986,-1.0629359404019858,1.0000000000000002,2.220446049250313e-16
19439860.74894979,0.05057195824388603,19439860.74894979,364960139.25105023,4.565830684200501e-10,-2.3470763040887183e-17,-1.0547234915951027,-1.0547234915951025,1.0000000000000002,2.220446049250313e-16
19515101.68353671,0.0507676942859956,19515101.68353671,364884898.3164633,4.5482391523227005e-10,-2.3290121136402946e-17,-1.046605849237498,-1.0466058492374979,1.0000000000000002,2.220446049250313e-16
19590342.618123624,0.050963430328105165,19590342.618123624,364809657.38187635,4.53078275357366e-10,-2.3111556610798013e-17,-1.0385815596311923,-1.0385815596311923,1.0,0.0
19665583.55271054,0.051159166370214726,19665583.55271054,364734416.44728947,4.51345993688991e-10,-2.2935037732585915e-17,-1.0306491968342955,-1.0306491968342955,1.0,0.0
19740824.48729746,0.0513549024123243,19740824.48729746,364659175.5127025,4.496269174855113e-10,-2.2760533373838554e-17,-1.0228073620274787,-1.0228073620274785,1.0000000000000002,2.220446049250313e-16
19816065.421884377,0.05155063845443386,19816065.421884377,364583934.57811564,4.4792089632511335e-10,-2.258801299646227e-17,-1.0150546828972502,-1.0150546828972502,1.0,0.0
19891306.356471293,0.05174637449654342,19891306.356471293,364508693.6435287,4.462277820619278e-10,-2.2417446638836514e-17,-1.007389813035529,-1.007389813035529,1.0,0.0
19966547.291058213,0.051942110538653,19966547.291058213,364433452.7089418,4.445474287831478e-10,-2.2248804902804362e-17,-0.9998114313550259,-0.9998114313550258,1.0000000000000002,1.1102230246251565e-16
20041788.22564513,0.052137846580762565,20041788.22564513,364358211.7743549,4.428796927671116e-10,-2.2082058941004307e-17,-0.9923182415199634,-0.9923182415199633,1.0000000000000002,1.1102230246251565e-16
20117029.160232045,0.052333582622872125,20117029.160232045,364282970.83976793,4.412244324423266e-10,-2.1917180444532978e-17,-0.984908971391666,-0.9849089713916659,1.0000000000000002,1.1102230246251565e-16
20192270.094818965,0.0525293186649817,20192270.094818965,364207729.90518105,4.395815083474089e-10,-2.175414163092917e-17,-0.9775823724885896,-0.9775823724885896,1.0,0.0
20267511.02940588,0.05272505470709126,20267511.02940588,364132488.9705941,4.3795078309191633e-10,-2.1592915232469536e-17,-0.9703372194603554,-0.9703372194603553,1.0000000000000002,1.1102230246251565e-16
20342751.963992797,0.05292079074920082,20342751.963992797,364057248.0360072,4.36332121318049e-10,-2.1433474484766646e-17,-0.9631723095753734,-0.9631723095753731,1.0000000000000002,2.220446049250313e-16
20417992.898579717,0.053116526791310396,20417992.898579717,363982007.1014203,4.3472538966319805e-10,-2.1275793115660756e-17,-0.9560864622216618,-0.9560864622216616,1.0000000000000002,2.220446049250313e-16
20493233.833166633,0.05331226283341996,20493233.833166633,363906766.16683334,4.3313045672331903e-10,-2.111984533439646e-17,-0.9490785184204716,-0.9490785184204715,1.0000000000000002,1.1102230246251565e-16
20568474.76775355,0.053507998875529525,20568474.76775355,363831525.23224646,4.3154719301710863e-10,-2.096560582107598e-17,-0.9421473403523403,-0.9421473403523403,1.0,0.0
20643715.70234047,0.0537037349176391,20643715.70234047,363756284.2976595,4.2997547095096554e-10,-2.0813049716381066e-17,-0.9352918108952167,-0.9352918108952167,1.0,0.0
20718956.636927385,0.05389947095974866,20718956.636927385,363681043.36307263,4.2841516478471454e-10,-2.0662152611555724e-17,-0.9285108331743084,-0.9285108331743084,1.0,0.0
20794197.5715143,0.05409520700185822,20794197.5715143,363605802.4284857,4.268661505980745e-10,-2.0512890538642112e-17,-0.9218033301233033,-0.9218033301233032,1.0000000000000002,1.1102230246251565e-16
20869438.50610122,0.054290943043967796,20869438.50610122,363530561.49389875,4.253283062578517e-10,-2.036523996096251e-17,-0.9151682440566521,-0.915168244056652,1.0000000000000002,1.1102230246251565e-16
20944679.440688137,0.05448667908607736,20944679.440688137,363455320.55931187,4.2380151138584116e-10,-2.0219177763840168e-17,-0.9086045362525829,-0.9086045362525828,1.0000000000000002,1.1102230246251565e-16
21019920.375275053,0.054682415128186924,21019920.375275053,363380079.6247249,4.22285647327416e-10,-2.0074681245552208e-17,-0.9021111865465458,-0.9021111865465457,1.0000000000000002,1.1102230246251565e-16
21095161.309861973,0.05487815117029649,21095161.309861973,363304838.69013804,4.2078059712078974e-10,-1.9931728108508038e-17,-0.8956871929347897,-0.8956871929347896,1.0000000000000002,1.1102230246251565e-16
21170402.244448893,0.05507388721240607,21170402.244448893,363229597.7555511,4.1928624546693465e-10,-1.9790296450646866e-17,-0.8893315711877866,-0.8893315711877864,1.0000000000000002,2.220446049250313e-16
21245643.179035805,0.05526962325451562,21245643.179035805,363154356.8209642,4.1780247870013797e-10,-1.9650364757048022e-17,-0.8830433544732178,-0.8830433544732178,1.0,0.0
21320884.113622725,0.055465359296625195,21320884.113622725,363079115.8863773,4.163291847591821e-10,-1.95119118917482e-17,-0.8768215929882596,-0.8768215929882595,1.0000000000000002,1.1102230246251565e-16
21396125.048209645,0.05566109533873477,21396125.048209645,363003874.95179033,4.1486625315913395e-10,-1.9374917089759813e-17,-0.8706653536009051,-0.8706653536009051,1.0,0.0
21471365.982796557,0.055856831380844324,21471365.982796557,362928634.01720345,4.1341357496372567e-10,-1.9239359949284743e-17,-0.864573719500069,-0.8645737195000688,1.0000000000000002,2.220446049250313e-16
21546606.917383477,0.05605256742295389,21546606.917383477,362853393.0826165,4.119710427583149e-10,-1.910522042411803e-17,-0.8585457898542249,-0.8585457898542248,1.0000000000000002,1.1102230246251565e-16
21621847.851970397,0.056248303465063466,21621847.851970397,362778152.1480296,4.105385506234102e-10,-1.897247881623643e-17,-0.8525806794783529,-0.8525806794783529,1.0,0.0
21697088.78655731,0.05644403950717302,21697088.78655731,362702911.2134427,4.091159941087463e-10,-1.8841115768566455e-17,-0.8466775185089508,-0.8466775185089509,0.9999999999999999,1.1102230246251565e-16
21772329.72114423,0.056639775549282595,21772329.72114423,362627670.2788558,4.0770327020789684e-10,-1.8711112257927024e-17,-0.840835452086893,-0.8408354520868929,1.0000000000000002,1.1102230246251565e-16
21847570.65573115,0.05683551159139217,21847570.65573115,362552429.34426886,4.063002773334133e-10,-1.8582449588142076e-17,-0.8350536400479267,-0.8350536400479266,1.0000000000000002,1.1102230246251565e-16
21922811.59031806,0.057031247633501723,21922811.59031806,362477188.4096819,4.0490691529247376e-10,-1.84551093833183e-17,-0.8293312566205878,-0.8293312566205878,1.0,0.0
21998052.52490498,0.05722698367561129,21998052.52490498,362401947.47509503,4.0352308526303264e-10,-1.8329073581283465e-17,-0.8236674901313351,-0.8236674901313351,1.0,0.0
22073293.4594919,0.057422719717720866,22073293.4594919,362326706.5405081,4.021486897704581e-10,-1.8204324427181217e-17,-0.8180615427167135,-0.8180615427167134,1.0000000000000002,1.1102230246251565e-16
22148534.394078813,0.05761845575983042,22148534.394078813,362251465.6059212,4.0078363266464574e-10,-1.8080844467217764e-17,-0.8125126300423451,-0.812512630042345,1.0000000000000002,1.1102230246251565e-16
22223775.328665733,0.057814191801939994,22223775.328665733,362176224.67133427,3.99427819097596e-10,-1.795861654255659e-17,-0.807019981028571,-0.8070199810285708,1.0000000000000002,2.220446049250313e-16
22299016.263252653,0.05800992784404957,22299016.263252653,362100983.7367473,3.980811555014477e-10,-1.7837623783357147e-17,-0.8015828375825631,-0.801582837582563,1.0000000000000002,1.1102230246251565e-16
22374257.197839566,0.05820566388615912,22374257.197839566,362025742.80216044,3.967435495669529e-10,-1.7717849602953583e-17,-0.79620045433673,-0.79620045433673,1.0,0.0
22449498.132426485,0.05840139992826869,22449498.132426485,361950501.8675735,3.954149102223851e-10,-1.7599277692169822e-17,-0.7908720983932488,-0.7908720983932487,1.0000000000000002,1.1102230246251565e-16
22524739.067013405,0.058597135970378265,22524739.067013405,361875260.9329866,3.940951476128709e-10,-1.7481892013767392e-17,-0.7855970490745628,-0.7855970490745627,1.0000000000000002,1.1102230246251565e-16
22599980.001600318,0.05879287201248782,22599980.001600318,361800019.9983997,3.927841730801337e-10,-1.7365676797022416e-17,-0.7803745976796844,-0.7803745976796842,1.0000000000000002,2.220446049250313e-16
22675220.936187238,0.058988608054597394,22675220.936187238,361724779.06381273,3.9148189914264065e-10,-1.7250616532428265e-17,-0.7752040472461433,-0.7752040472461432,1.0000000000000002,1.1102230246251565e-16
22750461.870774157,0.05918434409670696,22750461.870774157,361649538.12922585,3.901882394761445e-10,-1.713669596652082e-17,-0.7700847123174461,-0.7700847123174459,1.0000000000000002,2.220446049250313e-16
22825702.80536107,0.059380080138816516,22825702.80536107,361574297.1946389,3.8890310889460925e-10,-1.7023900096822788e-17,-0.7650159187158846,-0.7650159187158845,1.0000000000000002,1.1102230246251565e-16
22900943.73994799,0.05957581618092609,22900943.73994799,361499056.260052,3.8762642333151217e-10,-1.691221416690412e-17,-0.7599970033205625,-0.7599970033205626,0.9999999999999999,1.1102230246251565e-16
22976184.67453491,0.059771552223035665,22976184.67453491,361423815.3254651,3.8635809982151346e-10,-1.6801623661555593e-17,-0.755027313850507,-0.7550273138505069,1.0000000000000002,1.1102230246251565e-16
23051425.609121826,0.059967288265145226,23051425.609121826,361348574.3908782,3.850980564824847e-10,-1.6692114302072322e-17,-0.7501062086527199,-0.7501062086527199,1.0,0.0
23126666.54370874,0.060163024307254793,23126666.54370874,361273333.45629126,3.8384621249788775e-10,-1.6583672041644627e-17,-0.7452330564950541,-0.7452330564950541,1.0,0.0
23201907.47829566,0.06035876034936436,23201907.47829566,361198092.5217043,3.8260248809949715e-10,-1.6476283060853306e-17,-0.7404072363637807,-0.7404072363637806,1.0000000000000002,1.1102230246251565e-16
23277148.412882578,0.06055449639147393,23277148.412882578,361122851.58711743,3.8136680455045746e-10,-1.6369933763266688e-17,-0.7356281372657308,-0.7356281372657307,1.0000000000000002,1.1102230246251565e-16
23352389.347469494,0.06075023243358349,23352389.347469494,361047610.6525305,3.8013908412866764e-10,-1.6264610771136825e-17,-0.7308951580348922,-0.7308951580348921,1.0000000000000002,1.1102230246251565e-16
23427630.28205641,0.06094596847569305,23427630.28205641,360972369.7179436,3.789192501104862e-10,-1.6160300921192275e-17,-0.726207707143346,-0.7262077071433459,1.0000000000000002,1.1102230246251565e-16
23502871.21664333,0.061141704517802625,23502871.21664333,360897128.78335667,3.777072267547488e-10,-1.6056991260525027e-17,-0.7215652025164344,-0.7215652025164343,1.0000000000000002,1.1102230246251565e-16
23578112.151230246,0.06133744055991219,23578112.151230246,360821887.8487698,3.765029392870928e-10,-1.5954669042569176e-17,-0.7169670713520515,-0.7169670713520515,1.0,0.0
23653353.085817162,0.061533176602021754,23653353.085817162,360746646.91418284,3.753063138845796e-10,-1.5853321723168935e-17,-0.7124127499439484,-0.7124127499439484,1.0,0.0
23728594.02040408,0.06172891264413133,23728594.02040408,360671405.9795959,3.741172776606108e-10,-1.5752936956733837e-17,-0.707901683508957,-0.707901683508957,1.0,0.0
23803834.954990998,0.06192464868624089,23803834.954990998,360596165.045009,3.7293575865012974e-10,-1.565350259247889e-17,-0.7034333260180302,-0.7034333260180302,1.0,0.0
23879075.889577918,0.062120384728350464,23879075.889577918,360520924.1104221,3.71761685795103e-10,-1.555500667074745e-17,-0.6990071400310007,-0.6990071400310007,1.0,0.0
23954316.824164834,0.062316120770460025,23954316.824164834,360445683.1758352,3.705949889302757e-10,-1.54574374194149e-17,-0.6946225965349705,-0.6946225965349705,1.0,0.0
24029557.75875175,0.06251185681256959,24029557.75875175,360370442.24124825,3.6943559876919403e-10,-1.5360783250370973e-17,-0.6902791747862339,-0.6902791747862338,1.0000000000000002,1.1102230246251565e-16
24104798.69333867,0.06270759285467917,24104798.69333867,360295201.3066613,3.682834468904896e-10,-1.5265032756078856e-17,-0.6859763621556514,-0.6859763621556512,1.0000000000000002,2.220446049250313e-16
24180039.627925586,0.06290332889678872,24180039.627925586,360219960.3720744,3.6713846572442066e-10,-1.5170174706209104e-17,-0.6817136539773856,-0.6817136539773854,1.0000000000000002,2.220446049250313e-16
24255280.562512502,0.06309906493889829,24255280.562512502,360144719.4374875,3.6600058853966254e-10,-1.5076198044346516e-17,-0.6774905534009157,-0.6774905534009157,1.0,0.0
24330521.497099422,0.06329480098100786,24330521.497099422,360069478.5029006,3.6486974943034405e-10,-1.4983091884768243e-17,-0.6733065712462522,-0.673306571246252,1.0000000000000002,1.1102230246251565e-16
24405762.431686338,0.06349053702311742,24405762.431686338,359994237.56831366,3.6374588330332366e-10,-1.4890845509291256e-17,-0.66916122586227,-0.66916122586227,1.0,0.0
24481003.366273254,0.06368627306522699,24481003.366273254,359918996.6337267,3.626289258656998e-10,-1.4799448364187568e-17,-0.665054042988085,-0.6650540429880849,1.0000000000000002,1.1102230246251565e-16
24556244.300860174,0.06388200910733656,24556244.300860174,359843755.69913983,3.615188136125511e-10,-1.4708890057165504e-17,-0.6609845556173991,-0.6609845556173991,1.0,0.0
24631485.23544709,0.06407774514944613,24631485.23544709,359768514.7645529,3.6041548381490183e-10,-1.4619160354415453e-17,-0.6569523038657429,-0.656952303865743,0.9999999999999998,1.1102230246251565e-16
24706726.170034006,0.06427348119155568,24706726.170034006,359693273.829966,3.59318874507906e-10,-1.453024917771844e-17,-0.6529568348405416,-0.6529568348405416,1.0,0.0
24781967.104620926,0.06446921723366526,24781967.104620926,359618032.89537907,3.5822892447924775e-10,-1.4442146601616098e-17,-0.64899770251394,-0.6489977025139398,1.0000000000000002,1.1102230246251565e-16
24857208.039207842,0.06466495327577482,24857208.039207842,359542791.9607922,3.571455732577523e-10,-1.4354842850640527e-17,-0.6450744675983178,-0.6450744675983177,1.0000000000000002,1.1102230246251565e-16
24932448.97379476,0.06486068931788438,24932448.97379476,359467551.02620524,3.560687611022026e-10,-1.4268328296602538e-17,-0.6411866974244302,-0.6411866974244301,1.0000000000000002,1.1102230246251565e-16
25007689.90838168,0.06505642535999397,25007689.90838168,359392310.0916183,3.5499842899035813e-10,-1.418259345593694e-17,-0.6373339658221112,-0.6373339658221112,1.0,0.0
25082930.842968594,0.06525216140210352,25082930.842968594,359317069.1570314,3.5393451860817164e-10,-1.4097628987103533e-17,-0.6335158530034789,-0.6335158530034787,1.0000000000000004,2.220446049250313e-16
25158171.77755551,0.06544789744421309,25158171.77755551,359241828.2224445,3.52876972339199e-10,-1.4013425688042326e-17,-0.6297319454485796,-0.6297319454485796,1.0,0.0
25233412.71214243,0.06564363348632266,25233412.71214243,359166587.2878576,3.5182573325419865e-10,-1.392997449368191e-17,-0.6259818357934198,-0.6259818357934197,1.0000000000000002,1.1102230246251565e-16
25308653.646729346,0.06583936952843222,25308653.646729346,359091346.35327065,3.507807451009165e-10,-1.3847266473499525e-17,-0.6222651227203204,-0.6222651227203203,1.0000000000000002,1.1102230246251565e-16
25383894.581316262,0.06603510557054179,25383894.581316262,359016105.41868377,3.4974195229405264e-10,-1.3765292829131698e-17,-0.6185814108505446,-0.6185814108505446,1.0,0.0
25459135.515903182,0.06623084161265136,25459135.515903182,358940864.4840968,3.4870929990540576e-10,-1.3684044892034247e-17,-0.6149303106391438,-0.6149303106391436,1.0000000000000004,2.220446049250313e-16
25534376.4504901,0.06642657765476093,25534376.4504901,358865623.5495099,3.476827336541923e-10,-1.3603514121190495e-17,-0.6113114382719693,-0.6113114382719693,1.0,0.0
25609617.385077015,0.06662231369687048,25609617.385077015,358790382.614923,3.466621998975355e-10,-1.3523692100866496e-17,-0.6077244155647977,-0.6077244155647977,1.0,0.0
25684858.319663934,0.06681804973898006,25684858.319663934,358715141.68033606,3.45647645621122e-10,-1.3444570538412272e-17,-0.6041688698645237,-0.6041688698645237,1.0,0.0
25760099.25425085,0.06701378578108962,25760099.25425085,358639900.7457492,3.4463901843002277e-10,-1.336614126210793e-17,-0.6006444339523683,-0.6006444339523683,1.0,0.0
25835340.188837767,0.06720952182319918,25835340.188837767,358564659.81116223,3.43636266539673e-10,-1.3288396219053605e-17,-0.5971507459490587,-0.5971507459490586,1.0000000000000002,1.1102230246251565e-16
25910581.123424686,0.06740525786530875,25910581.123424686,358489418.8765753,3.4263933876701086e-10,-1.3211327473102243e-17,-0.5936874492219317,-0.5936874492219317,1.0,0.0
25985822.058011603,0.06760099390741832,25985822.058011603,358414177.9419884,3.416481845217688e-10,-1.3134927202834246e-17,-0.590254192293919,-0.5902541922939188,1.0000000000000002,1.1102230246251565e-16
26061062.99259852,0.06779672994952789,26061062.99259852,358338937.00740147,3.4066275379791643e-10,-1.3059187699572939e-17,-0.5868506287543663,-0.5868506287543663,1.0,0.0
26136303.92718544,0.06799246599163745,26136303.92718544,358263696.0728146,3.3968299716525094e-10,-1.2984101365440014e-17,-0.5834764171716499,-0.5834764171716499,1.0,0.0
26211544.861772355,0.06818820203374702,26211544.861772355,358188455.13822764,3.387088657611328e-10,-1.2909660711449987e-17,-0.5801312210075452,-0.5801312210075452,1.0,0.0
26286785.79635927,0.06838393807585659,26286785.79635927,358113214.2036407,3.3774031128236265e-10,-1.2835858355642747e-17,-0.5768147085333085,-0.5768147085333084,1.0000000000000002,1.1102230246251565e-16
26362026.73094619,0.06857967411796616,26362026.73094619,358037973.2690538,3.367772859771978e-10,-1.2762687021253385e-17,-0.5735265527474324,-0.5735265527474324,1.0,0.0
26437267.665533107,0.06877541016007573,26437267.665533107,357962732.3344669,3.358197426375052e-10,-1.2690139534918461e-17,-0.5702664312950398,-0.5702664312950397,1.0000000000000002,1.1102230246251565e-16
26512508.600120023,0.06897114620218528,26512508.600120023,357887491.39988,3.348676345910474e-10,-1.2618208824917788e-17,-0.5670340263888738,-0.5670340263888738,1.0,0.0
26587749.534706943,0.06916688224429486,26587749.534706943,357812250.46529305,3.339209156939002e-10,-1.2546887919451042e-17,-0.5638290247318519,-0.5638290247318518,1.0000000000000002,1.1102230246251565e-16
26662990.46929386,0.06936261828640441,26662990.46929386,357737009.53070617,3.3297954032299815e-10,-1.2476169944948372e-17,-0.5606511174411493,-0.5606511174411494,0.9999999999999998,1.1102230246251565e-16
26738231.403880775,0.06955835432851398,26738231.403880775,357661768.5961192,3.3204346336880614e-10,-1.24060481244142e-17,-0.5574999999737723,-0.5574999999737722,1.0000000000000002,1.1102230246251565e-16
26813472.338467695,0.06975409037062355,26813472.338467695,357586527.6615323,3.311126402281143e-10,-1.2336515775803546e-17,-0.5543753720535943,-0.5543753720535942,1.0000000000000002,1.1102230246251565e-16
26888713.27305461,0.06994982641273312,26888713.27305461,357511286.7269454,3.301870267969542e-10,-1.2267566310430103e-17,-0.5512769375998184,-0.5512769375998184,1.0,0.0
26963954.207641527,0.07014556245484269,26963954.207641527,357436045.79235846,3.292665794636331e-10,-1.219919323140534e-17,-0.5482044046568341,-0.5482044046568341,1.0,0.0
27039195.142228447,0.07034129849695225,27039195.142228447,357360804.8577716,3.2835125510188463e-10,-1.2131390132108005e-17,-0.5451574853254397,-0.5451574853254397,1.0,0.0
27114436.076815363,0.07053703453906182,27114436.076815363,357285563.92318463,3.274410110641341e-10,-1.2064150694683286e-17,-0.542135895695399,-0.542135895695399,1.0,0.0
27189677.01140228,0.07073277058117138,27189677.01140228,357210322.98859775,3.2653580517487474e-10,-1.1997468688571017e-17,-0.5391393557793008,-0.5391393557793007,1.0000000000000002,1.1102230246251565e-16
27264917.9459892,0.07092850662328096,27264917.9459892,357135082.0540108,3.256355957241542e-10,-1.1931337969062264e-17,-0.5361675894476967,-0.5361675894476966,1.0000000000000002,1.1102230246251565e-16
27340158.880576115,0.07112424266539052,27340158.880576115,357059841.11942387,3.2474034146116867e-10,-1.1865752475883718e-17,-0.5332203243654853,-0.5332203243654854,0.9999999999999998,1.1102230246251565e-16
27415399.81516303,0.07131997870750008,27415399.81516303,356984600.184837,3.238500015879619e-10,-1.1800706231809175e-17,-0.5302972919295166,-0.5302972919295166,1.0,0.0
27490640.74974995,0.07151571474960966,27490640.74974995,356909359.25025004,3.2296453575322837e-10,-1.1736193341297655e-17,-0.5273982272073912,-0.527398227207391,1.0000000000000002,1.1102230246251565e-16
27565881.684336867,0.07171145079171921,27565881.684336867,356834118.31566316,3.2208390404621734e-10,-1.1672207989157465e-17,-0.5245228688774264,-0.5245228688774264,1.0,0.0
27641122.618923783,0.07190718683382878,27641122.618923783,356758877.3810762,3.21208066990737e-10,-1.160874443923569e-17,-0.5216709591697655,-0.5216709591697655,1.0,0.0
27716363.553510703,0.07210292287593835,27716363.553510703,356683636.4464893,3.2033698553925596e-10,-1.1545797033132551e-17,-0.5188422438086032,-0.5188422438086031,1.0000000000000002,1.1102230246251565e-16
27791604.48809762,0.07229865891804792,27791604.48809762,356608395.5119024,3.194706210671006e-10,-1.1483360188940115e-17,-0.5160364719555064,-0.5160364719555064,1.0,0.0
27866845.42268454,0.07249439496015748,27866845.42268454,356533154.57731545,3.186089353667465e-10,-1.1421428400004777e-17,-0.5132533961538028,-0.5132533961538028,1.0,0.0
27942086.357271455,0.07269013100226705,27942086.357271455,356457913.64272857,3.177518906422021e-10,-1.1359996233713076e-17,-0.5104927722740186,-0.5104927722740185,1.0000000000000002,1.1102230246251565e-16
28017327.29185837,0.07288586704437662,28017327.29185837,356382672.7081416,3.168994495034826e-10,-1.1299058330300263e-17,-0.5077543594603371,-0.507754359460337,1.0000000000000002,1.1102230246251565e-16
28092568.22644529,0.07308160308648619,28092568.22644529,356307431.7735547,3.160515749611731e-10,-1.123860940168121e-17,-0.5050379200780638,-0.5050379200780638,1.0,0.0
28167809.161032207,0.07327733912859576,28167809.161032207,356232190.8389678,3.1520823042107874e-10,-1.1178644230303142e-17,-0.5023432196620697,-0.5023432196620697,1.0,0.0
28243050.095619123,0.07347307517070531,28243050.095619123,356156949.90438086,3.1436937967895973e-10,-1.1119157668019712e-17,-0.4996700268661956,-0.4996700268661956,1.0,0.0
28318291.030206043,0.07366881121281489,28318291.030206043,356081708.969794,3.135349869153516e-10,-1.106014463498603e-17,-0.4970181134135962,-0.4970181134135961,1.0000000000000002,1.1102230246251565e-16
28393531.96479296,0.07386454725492445,28393531.96479296,356006468.03520703,3.1270501669046654e-10,-1.1001600118574126e-17,-0.49438725404800415,-0.494387254048004,1.0000000000000004,1.6653345369377348e-16
28468772.899379876,0.07406028329703401,28468772.899379876,355931227.10062015,3.1187943393917626e-10,-1.0943519172308461e-17,-0.49177722648589406,-0.49177722648589406,1.0,0.0
28544013.833966795,0.0742560193391436,28544013.833966795,355855986.1660332,3.11058203966074e-10,-1.0885896914821066e-17,-0.48918781136952894,-0.4891878113695289,1.0000000000000002,5.551115123125783e-17
28619254.76855371,0.07445175538125315,28619254.76855371,355780745.23144627,3.102412924406146e-10,-1.0828728528825876e-17,-0.48661879222086885,-0.48661879222086873,1.0000000000000002,1.1102230246251565e-16
28694495.703140628,0.07464749142336272,28694495.703140628,355705504.2968594,3.094286653923308e-10,-1.0772009260111853e-17,-0.48406995539632414,-0.48406995539632397,1.0000000000000004,1.6653345369377348e-16
28769736.637727547,0.07484322746547228,28769736.637727547,355630263.36227244,3.086202892061248e-10,-1.071573441655453e-17,-0.48154109004233675,-0.48154109004233664,1.0000000000000002,1.1102230246251565e-16
28844977.572314464,0.07503896350758185,28844977.572314464,355555022.42768556,3.078161306176334e-10,-1.0659899367145603e-17,-0.4790319880517718,-0.4790319880517718,1.0,0.0
28920218.50690138,0.07523469954969142,28920218.50690138,355479781.4930986,3.0701615670866524e-10,-1.0604499541040116e-17,-0.47654244402110046,-0.47654244402110046,1.0,0.0
28995459.4414883,0.07543043559180099,28995459.4414883,355404540.5585117,3.0622033490271e-10,-1.054953042662098e-17,-0.4740722552083617,-0.47407225520836177,0.9999999999999999,5.551115123125783e-17
29070700.376075216,0.07562617163391055,29070700.376075216,355329299.6239248,3.054286329605161e-10,-1.0494987570580406e-17,-0.47162122149188357,-0.4716212214918835,1.0000000000000002,5.551115123125783e-17
29145941.31066213,0.07582190767602011,29145941.31066213,355254058.68933785,3.046410189757378e-10,-1.04408665770179e-17,-0.46918914532974937,-0.4691891453297493,1.0000000000000002,5.551115123125783e-17
29221182.24524905,0.07601764371812969,29221182.24524905,355178817.75475097,3.03857461370649e-10,-1.0387163106554512e-17,-0.4667758317199939,-0.46677583171999387,1.0000000000000002,5.551115123125783e-17
29296423.179835968,0.07621337976023924,29296423.179835968,355103576.820164,3.030779288919236e-10,-1.033387287546299e-17,-0.4643810881615146,-0.4643810881615145,1.0000000000000002,5.551115123125783e-17
29371664.114422884,0.07640911580234881,29371664.114422884,355028335.88557714,3.023023906064803e-10,-1.0280991654813496e-17,-0.4620047246156817,-0.4620047246156817,1.0,0.0
29446905.049009804,0.07660485184445838,29446905.049009804,354953094.9509902,3.015308158973914e-10,-1.022851526963459e-17,-0.4596465534686352,-0.4596465534686352,1.0,0.0
29522145.98359672,0.07680058788656795,29522145.98359672,354877854.01640326,3.007631744598536e-10,-1.0176439598089177e-17,-0.45730638949425334,-0.45730638949425323,1.0000000000000002,1.1102230246251565e-16
29597386.918183636,0.07699632392867752,29597386.918183636,354802613.0818164,2.9999943629722125e-10,-1.0124760570665065e-17,-0.4549840498177782,-0.45498404981777807,1.0000000000000002,1.1102230246251565e-16
29672627.852770556,0.07719205997078708,29672627.852770556,354727372.14722943,2.9923957171709894e-10,-1.0073474169379916e-17,-0.4526793538800881,-0.452679353880088,1.0000000000000002,1.1102230246251565e-16
29747868.787357472,0.07738779601289665,29747868.787357472,354652131.21264255,2.9848355132749396e-10,-1.002257642700022e-17,-0.4503921234025998,-0.4503921234025998,1.0,0.0
29823109.721944388,0.07758353205500622,29823109.721944388,354576890.2780556,2.9773134603302695e-10,-9.97206342627407e-18,-0.44812218235279166,-0.44812218235279166,1.0,0.0
29898350.656531308,0.07777926809711579,29898350.656531308,354501649.34346867,2.969829270311994e-10,-9.9219312991774e-18,-0.4458693569103304,-0.4458693569103304,1.0,0.0
29973591.591118224,0.07797500413922535,29973591.591118224,354426408.4088818,2.962382658087182e-10,-9.872176226173513e-18,-0.4436334754337969,-0.44363347543379683,1.0000000000000002,5.551115123125783e-17
30048832.52570514,0.07817074018133491,30048832.52570514,354351167.47429484,2.95497334137874e-10,-9.822794435485493e-18,-0.4414143684279891,-0.44141436842798903,1.0000000000000002,5.551115123125783e-17
30124073.46029206,0.07836647622344449,30124073.46029206,354275926.53970796,2.9476010407297535e-10,-9.773782202381383e-18,-0.43921186851180033,-0.4392118685118003,1.0000000000000002,5.551115123125783e-17
30199314.394878976,0.07856221226555404,30199314.394878976,354200685.605121,2.940265479468356e-10,-9.725135848471801e-18,-0.4370258103866553,-0.43702581038665533,0.9999999999999999,5.551115123125783e-17
30274555.329465892,0.07875794830766361,30274555.329465892,354125444.67053413,2.932966383673115e-10,-9.676851741019737e-18,-0.4348560308054939,-0.4348560308054938,1.0000000000000002,1.1102230246251565e-16
30349796.264052812,0.07895368434977318,30349796.264052812,354050203.7359472,2.925703482138941e-10,-9.628926292262323e-18,-0.4327023685422933,-0.4327023685422933,1.0,0.0
30425037.198639728,0.07914942039188275,30425037.198639728,353974962.80136025,2.918476506343504e-10,-9.58135595874437e-18,-0.43056466436211843,-0.4305646643621184,1.0000000000000002,5.551115123125783e-17
30500278.133226644,0.07934515643399231,30500278.133226644,353899721.86677337,2.9112851904141366e-10,-9.534137240663323e-18,-0.42844276099168566,-0.42844276099168566,1.0,0.0
30575519.067813564,0.07954089247610188,30575519.067813564,353824480.9321864,2.904129271095237e-10,-9.487266681225546e-18,-0.426336503090436,-0.4263365030904359,1.0000000000000002,1.1102230246251565e-16
30650760.00240048,0.07973662851821145,30650760.00240048,353749239.99759954,2.897008487716145e-10,-9.440740866013639e-18,-0.4242457372221033,-0.4242457372221033,1.0,0.0
30726000.936987396,0.079932364560321,30726000.936987396,353673999.0630126,2.8899225821594946e-10,-9.394556422364579e-18,-0.42217031182676973,-0.42217031182676973,1.0,0.0
30801241.871574316,0.08012810060243059,30801241.871574316,353598758.12842566,2.8828712988300236e-10,-9.348710018758482e-18,-0.4201100771933978,-0.4201100771933978,1.0,0.0
30876482.806161232,0.08032383664454015,30876482.806161232,353523517.1938388,2.87585438462385e-10,-9.303198364217787e-18,-0.41806488543283127,-0.41806488543283127,1.0,0.0
30951723.74074815,0.0805195726866497,30951723.74074815,353448276.25925183,2.868871588898187e-10,-9.258018207716647e-18,-0.41603459045125435,-0.4160345904512544,0.9999999999999999,5.551115123125783e-17
31026964.67533507,0.08071530872875929,31026964.67533507,353373035.32466495,2.8619226634415007e-10,-9.21316633760033e-18,-0.41401904792410077,-0.4140190479241007,1.0000000000000002,5.551115123125783e-17
31102205.609921984,0.08091104477086884,31102205.609921984,353297794.390078,2.8550073624441053e-10,-9.16863958101445e-18,-0.4120181152704051,-0.4120181152704051,1.0,0.0
31177446.5445089,0.08110678081297841,31177446.5445089,353222553.4554911,2.8481254424691785e-10,-9.124434803343811e-18,-0.4100316516275853,-0.4100316516275853,1.0,0.0
31252687.47909582,0.08130251685508798,31252687.47909582,353147312.5209042,2.8412766624242e-10,-9.080548907660718e-18,-0.4080595178266511,-0.4080595178266511,1.0,0.0
31327928.413682736,0.08149825289719755,31327928.413682736,353072071.58631724,2.8344607835327996e-10,-9.036978834182538e-18,-0.40610157636782823,-0.4061015763678282,1.0000000000000002,5.551115123125783e-17
31403169.348269653,0.08169398893930711,31403169.348269653,352996830.65173036,2.8276775693070084e-10,-8.993721559738342e-18,-0.4041576913965902,-0.40415769139659014,1.0000000000000002,5.551115123125783e-17
31478410.282856572,0.08188972498141668,31478410.282856572,352921589.7171434,2.82092678551991e-10,-8.950774097244485e-18,-0.4022277286800922,-0.40222772868009216,1.0000000000000002,5.551115123125783e-17
31553651.21744349,0.08208546102352625,31553651.21744349,352846348.78255653,2.8142082001786863e-10,-8.908133495188902e-18,-0.40031155558399667,-0.4003115555839966,1.0000000000000002,5.551115123125783e-17
31628892.15203041,0.08228119706563582,31628892.15203041,352771107.8479696,2.8075215834980383e-10,-8.86579683712399e-18,-0.39840904104968416,-0.3984090410496842,0.9999999999999999,5.551115123125783e-17
31704133.086617325,0.08247693310774538,31704133.086617325,352695866.91338265,2.800866707873997e-10,-8.823761241167923e-18,-0.396520055571844,-0.39652005557184405,0.9999999999999999,5.551115123125783e-17
31779374.02120424,0.08267266914985494,31779374.02120424,352620625.97879577,2.794243347858098e-10,-8.782023859514189e-18,-0.3946444711764336,-0.3946444711764335,1.0000000000000002,1.1102230246251565e-16
31854614.95579116,0.08286840519196452,31854614.95579116,352545385.0442088,2.787651280131923e-10,-8.740581877949243e-18,-0.392782161399003,-0.392782161399003,1.0,0.0
31929855.890378077,0.08306414123407407,31929855.890378077,352470144.10962194,2.7810902834820077e-10,-8.699432515378126e-18,-0.3909330012633775,-0.39093300126337754,0.9999999999999999,5.551115123125783e-17
32005096.824964993,0.08325987727618364,32005096.824964993,352394903.175035,2.774560138775098e-10,-8.65857302335785e-18,-0.3890968672606886,-0.38909686726068854,1.0000000000000002,5.551115123125783e-17
32080337.759551913,0.08345561331829322,32080337.759551913,352319662.2404481,2.76806062893375e-10,-8.618000685638443e-18,-0.3872736373287498,-0.3872736373287497,1.0000000000000002,1.1102230246251565e-16
32155578.69413883,0.08365134936040278,32155578.69413883,352244421.3058612,2.761591538912286e-10,-8.577712817711521e-18,-0.3854631908317705,-0.3854631908317704,1.0000000000000002,1.1102230246251565e-16
32230819.628725745,0.08384708540251234,32230819.628725745,352169180.37127423,2.755152655673075e-10,-8.537706766366203e-18,-0.38366540854039966,-0.38366540854039966,1.0,0.0
32306060.563312665,0.08404282144462191,32306060.563312665,352093939.43668735,2.7487437681631487e-10,-8.497979909252276e-18,-0.3818801726120957,-0.3818801726120957,1.0,0.0
32381301.49789958,0.08423855748673148,32381301.49789958,352018698.5021004,2.7423646672911446e-10,-8.45852965445045e-18,-0.3801073665718143,-0.38010736657181426,1.0000000000000002,5.551115123125783e-17
32456542.432486497,0.08443429352884105,32456542.432486497,351943457.5675135,2.73601514590457e-10,-8.41935344004957e-18,-0.3783468752930096,-0.3783468752930096,1.0,0.0
32531783.367073417,0.08463002957095062,32531783.367073417,351868216.6329266,2.729694998767377e-10,-8.380448733730688e-18,-0.37659858497894305,-0.376598584978943,1.0000000000000002,5.551115123125783e-17
32607024.301660333,0.08482576561306018,32607024.301660333,351792975.69833964,2.723404022537859e-10,-8.341813032357815e-18,-0.37486238314429315,-0.3748623831442931,1.0000000000000002,5.551115123125783e-17
32682265.23624725,0.08502150165516974,32682265.23624725,351717734.76375276,2.717142015746834e-10,-8.303443861575292e-18,-0.3731381585970616,-0.3731381585970616,1.0,0.0
32757506.17083417,0.08521723769727932,32757506.17083417,351642493.8291658,2.710908778776149e-10,-8.265338775411597e-18,-0.37142580142077,-0.3714258014207699,1.0000000000000002,5.551115123125783e-17
32832747.105421085,0.08541297373938887,32832747.105421085,351567252.89457893,2.7047041138374667e-10,-8.227495355889531e-18,-0.3697252029569416,-0.36972520295694156,1.0000000000000002,5.551115123125783e-17
32907988.040008,0.08560870978149844,32907988.040008,351492011.959992,2.6985278249513467e-10,-8.189911212642605e-18,-0.3680362557878636,-0.3680362557878635,1.0000000000000002,1.1102230246251565e-16
32983228.97459492,0.08580444582360801,32983228.97459492,351416771.02540505,2.6923797179266127e-10,-8.152583982537566e-18,-0.36635885371962335,-0.36635885371962323,1.0000000000000002,1.1102230246251565e-16
33058469.909181837,0.08600018186571758,33058469.909181837,351341530.09081817,2.6862596003400067e-10,-8.11551132930293e-18,-0.36469289176541614,-0.3646928917654161,1.0000000000000002,5.551115123125783e-17
33133710.843768753,0.08619591790782714,33133710.843768753,351266289.1562312,2.680167281516109e-10,-8.078690943163402e-18,-0.36303826612911666,-0.3630382661291166,1.0000000000000002,5.551115123125783e-17
33208951.778355673,0.08639165394993671,33208951.778355673,351191048.22164434,2.6741025725075427e-10,-8.042120540480087e-18,-0.36139487418911065,-0.3613948741891106,1.0000000000000002,5.551115123125783e-17
33284192.71294259,0.08658738999204628,33284192.71294259,351115807.2870574,2.668065286075442e-10,-8.005797863396413e-18,-0.3597626144823838,-0.3597626144823837,1.0000000000000002,5.551115123125783e-17
33359433.647529505,0.08678312603415585,33359433.647529505,351040566.3524705,2.662055236670181e-10,-7.969720679489596e-18,-0.35814138668885914,-0.3581413866888591,1.0000000000000002,5.551115123125783e-17
33434674.582116425,0.08697886207626541,33434674.582116425,350965325.4178836,2.656072240412371e-10,-7.933886781427621e-18,-0.3565310916159828,-0.3565310916159828,1.0,0.0
33509915.51670334,0.08717459811837498,33509915.51670334,350890084.48329663,2.650116115074107e-10,-7.89829398663161e-18,-0.35493163118355125,-0.3549316311835512,1.0000000000000002,5.551115123125783e-17
33585156.45129026,0.08737033416048454,33585156.45129026,350814843.54870975,2.644186680060468e-10,-7.862940136943454e-18,-0.3533429084087756,-0.3533429084087755,1.0000000000000002,5.551115123125783e-17
33660397.38587718,0.08756607020259412,33660397.38587718,350739602.6141228,2.6382837563912664e-10,-7.827823098298651e-18,-0.35176482739157966,-0.3517648273915797,0.9999999999999999,5.551115123125783e-17
33735638.32046409,0.08776180624470367,33735638.32046409,350664361.6795359,2.6324071666830433e-10,-7.792940760404275e-18,-0.3501972933001288,-0.3501972933001287,1.0000000000000002,5.551115123125783e-17
33810879.25505101,0.08795754228681324,33810879.25505101,350589120.744949,2.6265567351313e-10,-7.758291036421882e-18,-0.3486402123565799,-0.34864021235657994,0.9999999999999999,5.551115123125783e-17
33886120.18963793,0.08815327832892281,33886120.18963793,350513879.8103621,2.620732287492968e-10,-7.723871862655442e-18,-0.34709349182305843,-0.3470934918230584,1.0000000000000002,5.551115123125783e-17
33961361.12422484,0.08834901437103236,33961361.12422484,350438638.87577516,2.6149336510691143e-10,-7.689681198244015e-18,-0.34555703998784726,-0.3455570399878472,1.0000000000000002,5.551115123125783e-17
34036602.05881176,0.08854475041314194,34036602.05881176,350363397.9411882,2.6091606546878725e-10,-7.65571702485921e-18,-0.34403076615179184,-0.34403076615179184,1.0,0.0
34111842.99339868,0.08874048645525151,34111842.99339868,350288157.00660133,2.603413128687602e-10,-7.621977346407339e-18,-0.34251458061491513,-0.34251458061491513,1.0,0.0
34187083.92798559,0.08893622249736106,34187083.92798559,350212916.0720144,2.5976909049002686e-10,-7.588460188736106e-18,-0.3410083946632372,-0.34100839466323707,1.0000000000000002,1.1102230246251565e-16
34262324.86257251,0.08913195853947063,34262324.86257251,350137675.1374275,2.591993816635046e-10,-7.555163599345816e-18,-0.3395121205557973,-0.3395121205557974,0.9999999999999999,5.551115123125783e-17
34337565.79715943,0.08932769458158021,34337565.79715943,350062434.20284057,2.5863216986621296e-10,-7.522085647105048e-18,-0.3380256715118774,-0.33802567151187735,1.0000000000000002,5.551115123125783e-17
34412806.731746346,0.08952343062368977,34412806.731746346,349987193.2682537,2.5806743871967665e-10,-7.489224421970606e-18,-0.3365489616984166,-0.3365489616984166,1.0,0.0
34488047.666333266,0.08971916666579934,34488047.666333266,349911952.33366674,2.5750517198834885e-10,-7.45657803471179e-18,-0.33508190621762113,-0.33508190621762113,1.0,0.0
34563288.600920185,0.08991490270790892,34563288.600920185,349836711.3990798,2.56945353578056e-10,-7.42414461663886e-18,-0.3336244210947621,-0.33362442109476204,1.0000000000000002,5.551115123125783e-17
34638529.5355071,0.09011063875001847,34638529.5355071,349761470.4644929,2.5638796753446223e-10,-7.391922319335608e-18,-0.33217642326615726,-0.33217642326615726,1.0,0.0
34713770.47009402,0.09030637479212804,34713770.47009402,349686229.529906,2.558329980415535e-10,-7.359909314395983e-18,-0.3307378305673365,-0.33073783056733647,1.0000000000000002,5.551115123125783e-17
34789011.40468094,0.0905021108342376,34789011.40468094,349610988.59531903,2.5528042942014223e-10,-7.328103793164723e-18,-0.32930856172138556,-0.3293085617213856,0.9999999999999998,5.551115123125783e-17
34864252.33926785,0.09069784687634716,34864252.33926785,349535747.66073215,2.5473024612639093e-10,-7.296503966481882e-18,-0.3278885363274661,-0.32788853632746606,1.0000000000000002,5.551115123125783e-17
34939493.27385477,0.09089358291845674,34939493.27385477,349460506.7261452,2.5418243275035435e-10,-7.265108064431192e-18,-0.32647767484950757,-0.32647767484950746,1.0000000000000004,1.1102230246251565e-16
35014734.20844169,0.09108931896056631,35014734.20844169,349385265.7915583,2.536369740145414e-10,-7.233914336092231e-18,-0.32507589860507,-0.32507589860506997,1.0000000000000002,5.551115123125783e-17
35089975.1430286,0.09128505500267586,35089975.1430286,349310024.8569714,2.5309385477249494e-10,-7.202921049296312e-18,-0.32368312975437463,-0.3236831297543746,1.0000000000000002,5.551115123125783e-17
35165216.07761552,0.09148079104478543,35165216.07761552,349234783.9223845,2.5255306000738973e-10,-7.172126490385976e-18,-0.3222992912894956,-0.3222992912894955,1.0000000000000002,5.551115123125783e-17
35240457.01220244,0.09167652708689501,35240457.01220244,349159542.98779756,2.52014574830649e-10,-7.141528963978136e-18,-0.3209243070237165,-0.3209243070237164,1.0000000000000004,1.1102230246251565e-16
35315697.946789354,0.09187226312900457,35315697.946789354,349084302.0532106,2.5147838448057787e-10,-7.111126792730717e-18,-0.31955810158104336,-0.31955810158104336,1.0,0.0
35390938.881376274,0.09206799917111413,35390938.881376274,349009061.11862373,2.509444743210147e-10,-7.080918317112753e-18,-0.3182006003858739,-0.3182006003858739,1.0,0.0
35466179.815963194,0.09226373521322372,35466179.815963194,348933820.1840368,2.5041282983999976e-10,-7.050901895177935e-18,-0.31685172965282055,-0.3168517296528205,1.0000000000000002,5.551115123125783e-17
35541420.750550106,0.09245947125533326,35541420.750550106,348858579.2494499,2.4988343664846024e-10,-7.021075902341483e-18,-0.3155114163766841,-0.3155114163766842,0.9999999999999998,5.551115123125783e-17
35616661.68513703,0.09265520729744285,35616661.68513703,348783338.31486297,2.493562804789122e-10,-6.9914387311603e-18,-0.3141795883225742,-0.3141795883225741,1.0000000000000004,1.1102230246251565e-16
35691902.619723946,0.0928509433395524,35691902.619723946,348708097.3802761,2.4883134718417956e-10,-6.961988791116414e-18,-0.31285617401617766,-0.31285617401617766,1.0,0.0
35767143.55431086,0.09304667938166196,35767143.55431086,348632856.44568914,2.4830862273612787e-10,-6.932724508403561e-18,-0.3115411027341679,-0.3115411027341679,1.0,0.0
35842384.488897786,0.09324241542377155,35842384.488897786,348557615.5111022,2.477880932244153e-10,-6.903644325716907e-18,-0.31023430449475575,-0.31023430449475575,1.0,0.0
35917625.4234847,0.09343815146588111,35917625.4234847,348482374.5765153,2.4726974485525913e-10,-6.874746702045903e-18,-0.30893571004838066,-0.3089357100483806,1.0000000000000002,5.551115123125783e-17
35992866.35807161,0.09363388750799066,35992866.35807161,348407133.6419284,2.4675356395021667e-10,-6.84603011247007e-18,-0.30764525086853367,-0.30764525086853356,1.0000000000000004,1.1102230246251565e-16
36068107.29265854,0.09382962355010026,36068107.29265854,348331892.70734143,2.462395369449828e-10,-6.817493047957847e-18,-0.3063628591427183,-0.30636285914271827,1.0000000000000002,5.551115123125783e-17
36143348.22724545,0.09402535959220981,36143348.22724545,348256651.77275455,2.457276503882022e-10,-6.789134015168357e-18,-0.30508846776354226,-0.30508846776354215,1.0000000000000004,1.1102230246251565e-16
36218589.16183236,0.09422109563431937,36218589.16183236,348181410.83816767,2.4521789094029525e-10,-6.760951536255991e-18,-0.3038220103199357,-0.30382201031993583,0.9999999999999997,1.1102230246251565e-16
36293830.09641929,0.09441683167642895,36293830.09641929,348106169.9035807,2.4471024537230007e-10,-6.732944148677899e-18,-0.30256342108850076,-0.30256342108850076,1.0,0.0
36369071.0310062,0.0946125677185385,36369071.0310062,348030928.9689938,2.442047005647284e-10,-6.705110405004236e-18,-0.3013126350249839,-0.30131263502498384,1.0000000000000002,5.551115123125783e-17
36444311.965593114,0.09480830376064805,36444311.965593114,347955688.0344069,2.437012435064349e-10,-6.677448872731124e-18,-0.3000695877558711,-0.3000695877558711,1.0,0.0
36519552.90018004,0.09500403980275765,36519552.90018004,347880447.09981996,2.4319986129350156e-10,-6.649958134096345e-18,-0.29883421557010575,-0.2988342155701057,1.0000000000000002,5.551115123125783e-17
36594793.834766954,0.0951997758448672,36594793.834766954,347805206.165233,2.427005411281354e-10,-6.622636785897687e-18,-0.29760645541092495,-0.2976064554109249,1.0000000000000002,5.551115123125783e-17
36670034.76935387,0.09539551188697676,36670034.76935387,347729965.23064613,2.422032703175794e-10,-6.595483439313844e-18,-0.29638624486781173,-0.2963862448678117,1.0000000000000002,5.551115123125783e-17
36745275.703940794,0.09559124792908635,36745275.703940794,347654724.2960592,2.417080362730371e-10,-6.568496719727936e-18,-0.2951735221685641,-0.2951735221685641,1.0,0.0
36820516.638527706,0.09578698397119591,36820516.638527706,347579483.3614723,2.41214826508611e-10,-6.541675266553549e-18,-0.29396822617147766,-0.29396822617147766,1.0,0.0
36895757.57311462,0.09598272001330546,36895757.57311462,347504242.42688537,2.4072362864025265e-10,-6.515017733063195e-18,-0.2927702963576374,-0.29277029635763735,1.0000000000000002,5.551115123125783e-17
36970998.507701546,0.09617845605541506,36970998.507701546,347429001.4922985,2.402344303847265e-10,-6.488522786219284e-18,-0.2915796728233213,-0.2915796728233213,1.0,0.0
37046239.44228846,0.09637419209752461,37046239.44228846,347353760.55771154,2.3974721955858654e-10,-6.462189106507479e-18,-0.29039629627251223,-0.29039629627251223,1.0,0.0
37121480.37687537,0.09656992813963416,37121480.37687537,347278519.6231246,2.392619840771644e-10,-6.436015387772368e-18,-0.28922010800951314,-0.2892201080095131,1.0000000000000002,5.551115123125783e-17
37196721.3114623,0.09676566418174375,37196721.3114623,347203278.6885377,2.3877871195357057e-10,-6.4100003370555195e-18,-0.28805104993166974,-0.2880510499316697,1.0000000000000002,5.551115123125783e-17
37271962.24604921,0.0969614002238533,37271962.24604921,347128037.7539508,2.382973912977076e-10,-6.384142674435801e-18,-0.28688906452219465,-0.28688906452219465,1.0,0.0
37347203.18063612,0.09715713626596285,37347203.18063612,347052796.8193639,2.37818010315295e-10,-6.358441132871933e-18,-0.28573409484309237,-0.2857340948430923,1.0000000000000002,5.551115123125783e-17
37422444.11522305,0.09735287230807245,37422444.11522305,346977555.88477695,2.373405573069057e-10,-6.332894458047266e-18,-0.2845860845281836,-0.28458608452818357,1.0000000000000002,5.551115123125783e-17
37497685.04980996,0.097548608350182,37497685.04980996,346902314.95019007,2.3686502066701505e-10,-6.307501408216768e-18,-0.2834449777762295,-0.28344497777622946,1.0000000000000002,5.551115123125783e-17
37572925.984396875,0.09774434439229156,37572925.984396875,346827074.0156031,2.3639138888306007e-10,-6.282260754056088e-18,-0.2823107193441487,-0.28231071934414864,1.0000000000000002,5.551115123125783e-17
37648166.9189838,0.09794008043440115,37648166.9189838,346751833.0810162,2.3591965053451056e-10,-6.257171278512784e-18,-0.28118325454033194,-0.28118325454033194,1.0,0.0
37723407.853570715,0.0981358164765107,37723407.853570715,346676592.1464293,2.354497942919517e-10,-6.2322317766596284e-18,-0.2800625292180499,-0.2800625292180499,1.0,0.0
37798648.78815763,0.09833155251862026,37798648.78815763,346601351.21184236,2.3498180891617683e-10,-6.207441055549891e-18,-0.2789484897689501,-0.27894848976895004,1.0000000000000002,5.551115123125783e-17
37873889.722744554,0.09852728856072986,37873889.722744554,346526110.2772554,2.345156832572911e-10,-6.182797934074709e-18,-0.27784108311664707,-0.27784108311664707,1.0,0.0
37949130.65733147,0.09872302460283941,37949130.65733147,346450869.34266853,2.340514062538272e-10,-6.15830124282241e-18,-0.27674025671040103,-0.27674025671040103,1.0,0.0
38024371.59191838,0.09891876064494896,38024371.59191838,346375628.40808165,2.3358896693186895e-10,-6.13394982393974e-18,-0.27564595851888163,-0.27564595851888163,1.0,0.0
38099612.52650531,0.09911449668705855,38099612.52650531,346300387.4734947,2.331283544041882e-10,-6.109742530995068e-18,-0.27455813702402043,-0.27455813702402043,1.0,0.0
38174853.46109222,0.0993102327291681,38174853.46109222,346225146.53890777,2.3266955786938963e-10,-6.085678228843455e-18,-0.2734767412149479,-0.2734767412149479,1.0,0.0
38250094.39567913,0.09950596877127765,38250094.39567913,346149905.6043209,2.3221256661106697e-10,-6.0617557934935456e-18,-0.27240172058201156,-0.27240172058201156,1.0,0.0
38325335.33026606,0.09970170481338725,38325335.33026606,346074664.66973394,2.3175736999696852e-10,-6.037974111976342e-18,-0.27133302511087876,-0.2713330251108787,1.0000000000000002,5.551115123125783e-17
38400576.26485297,0.0998974408554968,38400576.26485297,345999423.735147,2.3130395747817297e-10,-6.014332082215749e-18,-0.2702706052767196,-0.27027060527671953,1.0000000000000002,5.551115123125783e-17
38475817.19943988,0.10009317689760636,38475817.19943988,345924182.8005601,2.3085231858827432e-10,-5.9908286129008696e-18,-0.26921441203846813,-0.26921441203846813,1.0,0.0
38551058.13402681,0.10028891293971595,38551058.13402681,345848941.8659732,2.3040244294257676e-10,-5.967462623360078e-18,-0.2681643968331633,-0.2681643968331633,1.0,0.0
38626299.06861372,0.1004846489818255,38626299.06861372,345773700.9313863,2.2995432023729907e-10,-5.944233043436809e-18,-0.2671205115703673,-0.26712051157036726,1.0000000000000002,5.551115123125783e-17
38701540.003200635,0.10068038502393506,38701540.003200635,345698459.99679935,2.2950794024878767e-10,-5.921138813366987e-18,-0.2660827086266577,-0.26608270862665767,1.0000000000000002,5.551115123125783e-17
38776780.93778756,0.10087612106604464,38776780.93778756,345623219.06221247,2.2906329283273942e-10,-5.898178883658174e-18,-0.26505094084019626,-0.2650509408401962,1.0000000000000002,5.551115123125783e-17
38852021.872374475,0.1010718571081542,38852021.872374475,345547978.1276255,2.286203679234336e-10,-5.875352214970343e-18,-0.26402516150537136,-0.2640251615053714,0.9999999999999998,5.551115123125783e-17
38927262.80696139,0.10126759315026375,38927262.80696139,345472737.1930386,2.281791555329718e-10,-5.852657777998228e-18,-0.2630053243675112,-0.2630053243675111,1.0000000000000002,5.551115123125783e-17
39002503.741548315,0.10146332919237334,39002503.741548315,345397496.2584517,2.277396457505277e-10,-5.830094553355295e-18,-0.26199138361766927,-0.2619913836176692,1.0000000000000002,5.551115123125783e-17
39077744.67613523,0.1016590652344829,39077744.67613523,345322255.32386476,2.273018287416053e-10,-5.8076615314592836e-18,-0.2609832938874814,-0.2609832938874814,1.0,0.0
39152985.61072214,0.10185480127659245,39152985.61072214,345247014.3892779,2.2686569474730492e-10,-5.7853577124192414e-18,-0.2599810102440891,-0.25998101024408904,1.0000000000000002,5.551115123125783e-17
39228226.54530907,0.10205053731870205,39228226.54530907,345171773.45469093,2.264312340835985e-10,-5.763182105924116e-18,-0.25898448818513287,-0.25898448818513287,1.0,0.0
39303467.47989598,0.1022462733608116,39303467.47989598,345096532.52010405,2.259984371406133e-10,-5.741133731132834e-18,-0.25799368363381314,-0.2579936836338131,1.0000000000000002,5.551115123125783e-17
39378708.4144829,0.10244200940292117,39378708.4144829,345021291.5855171,2.2556729438192268e-10,-5.719211616565818e-18,-0.25700855293401476,-0.25700855293401476,1.0,0.0
39453949.34906982,0.10263774544503075,39453949.34906982,344946050.65093017,2.2513779634384653e-10,-5.697414799997986e-18,-0.256029052845499,-0.256029052845499,1.0,0.0
39529190.28365673,0.1028334814871403,39529190.28365673,344870809.7163433,2.247099336347585e-10,-5.6757423283531614e-18,-0.25505514053915834,-0.25505514053915834,1.0,0.0
39604431.21824365,0.10302921752924987,39604431.21824365,344795568.78175634,2.2428369693440156e-10,-5.654193257599868e-18,-0.25408677359233395,-0.2540867735923339,1.0000000000000002,5.551115123125783e-17
39679672.15283057,0.10322495357135944,39679672.15283057,344720327.8471694,2.2385907699321166e-10,-5.632766652648549e-18,-0.2531239099841966,-0.2531239099841966,1.0,0.0
39754913.08741748,0.103420689613469,39754913.08741748,344645086.9125825,2.2343606463164846e-10,-5.6114615872501016e-18,-0.25216650809118757,-0.2521665080911875,1.0000000000000002,5.551115123125783e-17
39830154.0220044,0.10361642565557858,39830154.0220044,344569845.9779956,2.2301465073953387e-10,-5.590277143895779e-18,-0.2512145266825198,-0.2512145266825198,1.0,0.0
39905394.95659132,0.10381216169768814,39905394.95659132,344494605.0434087,2.225948262753986e-10,-5.569212413718404e-18,-0.25026792491573935,-0.25026792491573935,1.0,0.0
39980635.891178235,0.1040078977397977,39980635.891178235,344419364.10882175,2.221765822658351e-10,-5.5482664963948904e-18,-0.24932666233234432,-0.2493266623323443,1.0000000000000002,2.7755575615628914e-17
40055876.825765155,0.10420363378190726,40055876.825765155,344344123.17423487,2.217599098048586e-10,-5.527438500050022e-18,-0.2483906988534612,-0.24839069885346118,1.0000000000000002,2.7755575615628914e-17
40131117.76035207,0.10439936982401682,40131117.76035207,344268882.2396479,2.213448000532752e-10,-5.506727541161528e-18,-0.24745999477557926,-0.24745999477557923,1.0000000000000002,2.7755575615628914e-17
40206358.69493899,0.1045951058661264,40206358.69493899,344193641.305061,2.2093124423805645e-10,-5.486132744466368e-18,-0.24653451076633892,-0.24653451076633887,1.0000000000000002,5.551115123125783e-17
40281599.62952591,0.10479084190823597,40281599.62952591,344118400.3704741,2.2051923365172193e-10,-5.465653242868263e-18,-0.24561420786037663,-0.24561420786037663,1.0,0.0
40356840.56411282,0.10498657795034552,40356840.56411282,344043159.43588716,2.2010875965172787e-10,-5.445288177346428e-18,-0.24469904745522345,-0.24469904745522342,1.0000000000000002,2.7755575615628914e-17
40432081.49869974,0.1051823139924551,40432081.49869974,343967918.5013003,2.1969981365986303e-10,-5.4250366968654735e-18,-0.24378899130725615,-0.24378899130725612,1.0000000000000002,2.7755575615628914e-17
40507322.43328666,0.10537805003456467,40507322.43328666,343892677.56671333,2.1929238716165137e-10,-5.404897958286507e-18,-0.2428840015277025,-0.2428840015277025,1.0,0.0
40582563.36787357,0.10557378607667423,40582563.36787357,343817436.63212645,2.1888647170576104e-10,-5.384871126279374e-18,-0.24198404057869735,-0.24198404057869732,1.0000000000000002,2.7755575615628914e-17
40657804.30246049,0.1057695221187838,40657804.30246049,343742195.6975395,2.1848205890342003e-10,-5.364955373236017e-18,-0.24108907126938933,-0.24108907126938933,1.0,0.0
40733045.23704741,0.10596525816089337,40733045.23704741,343666954.76295257,2.1807914042783868e-10,-5.345149879184991e-18,-0.2401990567520993,-0.24019905675209924,1.0000000000000002,5.551115123125783e-17
40808286.171634324,0.10616099420300293,40808286.171634324,343591713.8283657,2.1767770801363808e-10,-5.325453831707049e-18,-0.23931396051852696,-0.2393139605185269,1.0000000000000002,5.551115123125783e-17
40883527.106221244,0.1063567302451125,40883527.106221244,343516472.89377874,2.1727775345628488e-10,-5.305866425851821e-18,-0.23843374639600665,-0.23843374639600662,1.0000000000000002,2.7755575615628914e-17
40958768.04080816,0.10655246628722206,40958768.04080816,343441231.95919186,2.1687926861153268e-10,-5.2863868640555856e-18,-0.23755837854381212,-0.2375583785438121,1.0000000000000002,2.7755575615628914e-17
41034008.975395076,0.10674820232933162,41034008.975395076,343365991.0246049,2.1648224539486918e-10,-5.2670143560600624e-18,-0.23668782144950729,-0.23668782144950729,1.0,0.0
41109249.909981996,0.1069439383714412,41109249.909981996,343290750.09001803,2.1608667578096937e-10,-5.247748118832263e-18,-0.23582203992534445,-0.23582203992534445,1.0,0.0
41184490.844568916,0.10713967441355077,41184490.844568916,343215509.1554311,2.1569255180315524e-10,-5.228587376485373e-18,-0.234960999104709,-0.23496099910470894,1.0000000000000002,5.551115123125783e-17
41259731.779155836,0.10733541045566035,41259731.779155836,343140268.22084415,2.1529986555286068e-10,-5.209531360200618e-18,-0.23410466443860814,-0.23410466443860817,0.9999999999999999,2.7755575615628914e-17
41334972.71374275,0.10753114649776989,41334972.71374275,343065027.28625727,2.1490860917910293e-10,-5.190579308150156e-18,-0.23325300169220603,-0.233253001692206,1.0000000000000002,2.7755575615628914e-17
41410213.64832967,0.10772688253987947,41410213.64832967,342989786.3516703,2.1451877488795903e-10,-5.171730465420914e-18,-0.23240597694140092,-0.23240597694140092,1.0,0.0
41485454.58291659,0.10792261858198904,41485454.58291659,342914545.4170834,2.1413035494204875e-10,-5.152984083939425e-18,-0.23156355656944771,-0.23156355656944771,1.0,0.0
41560695.5175035,0.10811835462409859,41560695.5175035,342839304.4824965,2.1374334166002262e-10,-5.134339422397601e-18,-0.23072570726362224,-0.23072570726362218,1.0000000000000002,5.551115123125783e-17
41635936.45209042,0.10831409066620817,41635936.45209042,342764063.54790956,2.1335772741605563e-10,-5.115795746179428e-18,-0.22989239601192715,-0.22989239601192715,1.0,0.0
41711177.38667734,0.10850982670831774,41711177.38667734,342688822.6133227,2.1297350463934643e-10,-5.097352327288624e-18,-0.22906359009984104,-0.229063590099841,1.0000000000000002,2.7755575615628914e-17
41786418.32126425,0.1087055627504273,41786418.32126425,342613581.67873573,2.125906658136222e-10,-5.079008444277175e-18,-0.2282392571071069,-0.22823925710710685,1.0000000000000002,5.551115123125783e-17
41861659.25585117,0.10890129879253686,41861659.25585117,342538340.74414885,2.1220920347664812e-10,-5.060763382174772e-18,-0.2274193649045614,-0.22741936490456147,0.9999999999999998,5.551115123125783e-17
41936900.19043809,0.10909703483464644,41936900.19043809,342463099.8095619,2.1182911021974309e-10,-5.0426164324191645e-18,-0.22660388165100498,-0.22660388165100498,1.0,0.0
42012141.125025004,0.109292770876756,42012141.125025004,342387858.87497497,2.1145037868729998e-10,-5.024566892787346e-18,-0.22579277579010937,-0.22579277579010928,1.0000000000000004,8.326672684688674e-17
42087382.059611924,0.10948850691886557,42087382.059611924,342312617.9403881,2.1107300157631113e-10,-5.006614067327614e-18,-0.22498601604736476,-0.22498601604736473,1.0000000000000002,2.7755575615628914e-17
42162622.994198844,0.10968424296097513,42162622.994198844,342237377.00580114,2.1069697163589912e-10,-4.9887572662925034e-18,-0.22418357142706583,-0.2241835714270658,1.0000000000000002,2.7755575615628914e-17
42237863.928785756,0.10987997900308469,42237863.928785756,342162136.07121426,2.103222816668526e-10,-4.9709958060725145e-18,-0.22338541120933367,-0.22338541120933364,1.0000000000000002,2.7755575615628914e-17
42313104.863372676,0.11007571504519427,42313104.863372676,342086895.1366273,2.0994892452116658e-10,-4.953329009130685e-18,-0.22259150494717564,-0.22259150494717564,1.0,0.0
42388345.797959596,0.11027145108730384,42388345.797959596,342011654.20204043,2.0957689310158825e-10,-4.935756203937988e-18,-0.22180182246358213,-0.22180182246358207,1.0000000000000002,5.551115123125783e-17
42463586.73254651,0.11046718712941339,42463586.73254651,341936413.2674535,2.092061803611673e-10,-4.918276724909501e-18,-0.22101633384865843,-0.22101633384865843,1.0,0.0
42538827.66713343,0.11066292317152297,42538827.66713343,341861172.33286655,2.0883677930281087e-10,-4.9008899123413865e-18,-0.22023500945679245,-0.22023500945679247,0.9999999999999999,2.7755575615628914e-17
42614068.60172035,0.11085865921363254,42614068.60172035,341785931.39827967,2.0846868297884372e-10,-4.883595112348643e-18,-0.21945781990385765,-0.21945781990385763,1.0000000000000002,2.7755575615628914e-17
42689309.53630726,0.1110543952557421,42689309.53630726,341710690.4636927,2.0810188449057243e-10,-4.866391676803626e-18,-0.2186847360644502,-0.2186847360644502,1.0,0.0
42764550.47089418,0.11125013129785166,42764550.47089418,341635449.52910584,2.0773637698785458e-10,-4.849278963275317e-18,-0.21791572906915987,-0.21791572906915985,1.0000000000000002,2.7755575615628914e-17
42839791.4054811,0.11144586733996124,42839791.4054811,341560208.5945189,2.073721536686726e-10,-4.8322563349693554e-18,-0.2171507703018751,-0.21715077030187507,1.0000000000000002,2.7755575615628914e-17
42915032.34006801,0.1116416033820708,42915032.34006801,341484967.659932,2.070092077787116e-10,-4.815323160668789e-18,-0.21638983139712076,-0.21638983139712073,1.0000000000000002,2.7755575615628914e-17
42990273.27465493,0.11183733942418037,42990273.27465493,341409726.7253451,2.0664753261094206e-10,-4.7984788146755535e-18,-0.215632884237428,-0.21563288423742796,1.0000000000000002,2.7755575615628914e-17
43065514.20924185,0.11203307546628993,43065514.20924185,341334485.79075813,2.062871215052068e-10,-4.78172267675268e-18,-0.21487990095073745,-0.21487990095073745,1.0,0.0
43140755.143828765,0.11222881150839949,43140755.143828765,341259244.85617125,2.059279678478122e-10,-4.76505413206719e-18,-0.21413085390783296,-0.2141308539078329,1.0000000000000002,5.551115123125783e-17
43215996.078415684,0.11242454755050907,43215996.078415684,341184003.9215843,2.0557006507112365e-10,-4.748472571133691e-18,-0.21338571571980683,-0.21338571571980677,1.0000000000000002,5.551115123125783e-17
43291237.013002604,0.11262028359261864,43291237.013002604,341108762.98699737,2.0521340665316543e-10,-4.731977389758664e-18,-0.2126444592355564,-0.21264445923555636,1.0000000000000002,2.7755575615628914e-17
43366477.94758952,0.11281601963472819,43366477.94758952,341033522.0524105,2.0485798611722456e-10,-4.715567988985429e-18,-0.21190705753931072,-0.21190705753931072,1.0,0.0
43441718.88217644,0.11301175567683776,43441718.88217644,340958281.11782354,2.0450379703145872e-10,-4.699243775039754e-18,-0.21117348394818658,-0.21117348394818658,1.0,0.0
43516959.81676336,0.11320749171894734,43516959.81676336,340883040.18323666,2.0415083300850853e-10,-4.6830041592761575e-18,-0.21044371200977516,-0.21044371200977513,1.0000000000000002,2.7755575615628914e-17
43592200.75135027,0.1134032277610569,43592200.75135027,340807799.2486497,2.0379908770511358e-10,-4.6668485581248275e-18,-0.20971771549975696,-0.20971771549975693,1.0000000000000002,2.7755575615628914e-17
43667441.68593719,0.11359896380316646,43667441.68593719,340732558.31406283,2.0344855482173235e-10,-4.650776393039197e-18,-0.20899546841954578,-0.20899546841954578,1.0,0.0
43742682.62052411,0.11379469984527604,43742682.62052411,340657317.3794759,2.0309922810216652e-10,-4.63478709044415e-18,-0.20827694499396135,-0.20827694499396135,1.0,0.0
43817923.55511102,0.1139904358873856,43817923.55511102,340582076.44488895,2.027511013331886e-10,-4.618880081684843e-18,-0.2075621196689294,-0.20756211966892935,1.0000000000000002,5.551115123125783e-17
43893164.48969794,0.11418617192949516,43893164.48969794,340506835.51030207,2.0240416834417367e-10,-4.6030548029761366e-18,-0.20685096710920922,-0.20685096710920922,1.0,0.0
43968405.42428486,0.11438190797160473,43968405.42428486,340431594.5757151,2.02058423006735e-10,-4.5873106953526515e-18,-0.20614346219614937,-0.20614346219614937,1.0,0.0
44043646.35887177,0.11457764401371429,44043646.35887177,340356353.64112824,2.0171385923436312e-10,-4.571647204619401e-18,-0.20543958002546914,-0.20543958002546908,1.0000000000000002,5.551115123125783e-17
44118887.29345869,0.11477338005582387,44118887.29345869,340281112.7065413,2.013704709820687e-10,-4.556063781303016e-18,-0.20473929590506665,-0.20473929590506662,1.0000000000000002,2.7755575615628914e-17
44194128.22804561,0.11496911609793344,44194128.22804561,340205871.7719544,2.010282522460293e-10,-4.540559880603562e-18,-0.20404258535285388,-0.20404258535285386,1.0000000000000002,2.7755575615628914e-17
44269369.162632525,0.11516485214004299,44269369.162632525,340130630.8373675,2.0068719706323934e-10,-4.525134962346918e-18,-0.20334942409461632,-0.20334942409461634,0.9999999999999999,2.7755575615628914e-17
44344610.097219445,0.11536058818215256,44344610.097219445,340055389.90278053,2.0034729951116387e-10,-4.509788490937723e-18,-0.2026597880618988,-0.2026597880618988,1.0,0.0
44419851.031806365,0.11555632422426214,44419851.031806365,339980148.96819365,2.0000855370739597e-10,-4.4945199353128824e-18,-0.20197365338991596,-0.201973653389916,0.9999999999999999,2.7755575615628914e-17
44495091.96639328,0.11575206026637169,44495091.96639328,339904908.0336067,1.996709538093172e-10,-4.479328768895626e-18,-0.20129099641548787,-0.20129099641548787,1.0,0.0
44570332.9009802,0.11594779630848126,44570332.9009802,339829667.0990198,1.9933449401376198e-10,-4.4642144695500934e-18,-0.20061179367499907,-0.20061179367499907,1.0,0.0
44645573.83556712,0.11614353235059083,44645573.83556712,339754426.1644329,1.9899916855668503e-10,-4.44917651953648e-18,-0.19993602190238308,-0.19993602190238302,1.0000000000000002,5.551115123125783e-17
44720814.77015403,0.11633926839270038,44720814.77015403,339679185.229846,1.9866497171283232e-10,-4.434214405466693e-18,-0.19926365802712945,-0.19926365802712942,1.0000000000000002,2.7755575615628914e-17
44796055.70474095,0.11653500443480996,44796055.70474095,339603944.29525906,1.9833189779541523e-10,-4.419327618260527e-18,-0.19859467917231471,-0.19859467917231466,1.0000000000000002,5.551115123125783e-17
44871296.63932787,0.11673074047691953,44871296.63932787,339528703.3606721,1.9799994115578815e-10,-4.404515653102363e-18,-0.19792906265265628,-0.19792906265265628,1.0,0.0
44946537.57391478,0.11692647651902909,44946537.57391478,339453462.42608523,1.9766909618312925e-10,-4.38977800939838e-18,-0.19726678597258962,-0.19726678597258956,1.0000000000000002,5.551115123125783e-17
45021778.5085017,0.11712221256113867,45021778.5085017,339378221.4914983,1.9733935730412417e-10,-4.375114190734235e-18,-0.19660782682436673,-0.19660782682436667,1.0000000000000002,5.551115123125783e-17
45097019.44308862,0.11731794860324823,45097019.44308862,339302980.55691135,1.9701071898265344e-10,-4.3605237048332816e-18,-0.1959521630861783,-0.19595216308617827,1.0000000000000002,2.7755575615628914e-17
45172260.37767553,0.11751368464535779,45172260.37767553,339227739.62232447,1.9668317571948262e-10,-4.346006063515243e-18,-0.19529977282029676,-0.19529977282029676,1.0,0.0
45247501.31226245,0.11770942068746736,45247501.31226245,339152498.6877375,1.9635672205195538e-10,-4.331560782655372e-18,-0.19465063427124094,-0.19465063427124088,1.0000000000000002,5.551115123125783e-17
45322742.24684937,0.11790515672957694,45322742.24684937,339077257.75315064,1.9603135255369033e-10,-4.317187382144094e-18,-0.19400472586396245,-0.19400472586396245,1.0,0.0
45397983.181436285,0.11810089277168649,45397983.181436285,339002016.8185637,1.9570706183428e-10,-4.3028853858471175e-18,-0.1933620262020533,-0.19336202620205328,1.0000000000000002,2.7755575615628914e-17
45473224.116023205,0.11829662881379606,45473224.116023205,338926775.8839768,1.953838445389935e-10,-4.288654321565985e-18,-0.1927225140659731,-0.1927225140659731,1.0,0.0
45548465.050610125,0.11849236485590563,45548465.050610125,338851534.9493899,1.950616953484816e-10,-4.274493720999113e-18,-0.1920861684112981,-0.1920861684112981,1.0,0.0
45623705.98519704,0.11868810089801518,45623705.98519704,338776294.01480293,1.947406089784854e-10,-4.2604031197032584e-18,-0.19145296836698986,-0.19145296836698986,1.0,0.0
45698946.91978396,0.11888383694012476,45698946.91978396,338701053.08021605,1.9442058017954685e-10,-4.246382057055427e-18,-0.19082289323368326,-0.19082289323368326,1.0,0.0
45774187.85437088,0.11907957298223433,45774187.85437088,338625812.1456291,1.9410160373672333e-10,-4.232430076215241e-18,-0.19019592248199557,-0.19019592248199557,1.0,0.0
45849428.78895779,0.11927530902434388,45849428.78895779,338550571.2110422,1.9378367446930404e-10,-4.218546724087715e-18,-0.18957203575085355,-0.18957203575085352,1.0000000000000002,2.7755575615628914e-17
45924669.72354471,0.11947104506645345,45924669.72354471,338475330.2764553,1.9346678723052977e-10,-4.204731551286471e-18,-0.18895121284584043,-0.1889512128458404,1.0000000000000002,2.7755575615628914e-17
45999910.65813163,0.11966678110856303,45999910.65813163,338400089.3418684,1.9315093690731518e-10,-4.190984112097372e-18,-0.18833343373756184,-0.1883334337375618,1.0000000000000002,2.7755575615628914e-17
46075151.59271854,0.11986251715067259,46075151.59271854,338324848.40728146,1.928361184199739e-10,-4.177303964442575e-18,-0.18771867856003016,-0.18771867856003013,1.0000000000000002,2.7755575615628914e-17
46150392.52730546,0.12005825319278216,46150392.52730546,338249607.4726945,1.9252232672194608e-10,-4.1636906698449804e-18,-0.18710692760906725,-0.18710692760906725,1.0,0.0
46225633.46189238,0.12025398923489174,46225633.46189238,338174366.53810763,1.922095567995291e-10,-4.150143793393103e-18,-0.1864981613407256,-0.18649816134072558,1.0000000000000002,2.7755575615628914e-17
46300874.39647929,0.12044972527700129,46300874.39647929,338099125.6035207,1.918978036716104e-10,-4.136662903706332e-18,-0.18589236036972734,-0.18589236036972737,0.9999999999999999,2.7755575615628914e-17
46376115.33106621,0.12064546131911086,46376115.33106621,338023884.6689338,1.9158706238940306e-10,-4.123247572900587e-18,-0.18528950546792083,-0.1852895054679208,1.0000000000000002,2.7755575615628914e-17
46451356.26565313,0.12084119736122043,46451356.26565313,337948643.73434687,1.9127732803618416e-10,-4.109897376554366e-18,-0.18468957756275484,-0.1846895775627548,1.0000000000000002,2.7755575615628914e-17
46526597.200240046,0.12103693340332998,46526597.200240046,337873402.79976,1.9096859572703544e-10,-4.0966118936751745e-18,-0.1840925577357702,-0.1840925577357702,1.0,0.0
46601838.134826966,0.12123266944543956,46601838.134826966,337798161.86517304,1.9066086060858653e-10,-4.08339070666633e-18,-0.18349842722110787,-0.18349842722110787,1.0,0.0
46677079.069413885,0.12142840548754913,46677079.069413885,337722920.9305861,1.9035411785876065e-10,-4.070233401294157e-18,-0.18290716740403473,-0.1829071674040347,1.0000000000000002,2.7755575615628914e-17
46752320.0040008,0.12162414152965868,46752320.0040008,337647679.9959992,1.90048362686523e-10,-4.0571395666555245e-18,-0.18231875981948503,-0.18231875981948503,1.0,0.0
46827560.93858772,0.12181987757176825,46827560.93858772,337572439.0614123,1.8974359033163103e-10,-4.044108795145776e-18,-0.1817331861506189,-0.18173318615061887,1.0000000000000002,2.7755575615628914e-17
46902801.87317464,0.12201561361387783,46902801.87317464,337497198.12682533,1.8943979606438782e-10,-4.031140682426999e-18,-0.18115042822739671,-0.18115042822739671,1.0,0.0
46978042.80776155,0.12221134965598739,46978042.80776155,337421957.19223845,1.891369751853972e-10,-4.018234827396663e-18,-0.18057046802516966,-0.18057046802516966,1.0,0.0
47053283.74234847,0.12240708569809695,47053283.74234847,337346716.2576515,1.888351230253216e-10,-4.005390832156596e-18,-0.1799932876632856,-0.1799932876632856,1.0,0.0
47128524.67693539,0.12260282174020652,47128524.67693539,337271475.3230646,1.8853423494464214e-10,-3.992608301982323e-18,-0.1794188694037112,-0.17941886940371124,0.9999999999999999,2.7755575615628914e-17
47203765.6115223,0.12279855778231608,47203765.6115223,337196234.3884777,1.8823430633342094e-10,-3.979886845292733e-18,-0.17884719564966897,-0.17884719564966894,1.0000000000000002,2.7755575615628914e-17
47279006.54610922,0.12299429382442566,47279006.54610922,337120993.4538908,1.8793533261106558e-10,-3.967226073620085e-18,-0.17827824894428915,-0.17827824894428912,1.0000000000000002,2.7755575615628914e-17
47354247.48069614,0.12319002986653523,47354247.48069614,337045752.51930386,1.8763730922609638e-10,-3.9546256015803596e-18,-0.17771201196927755,-0.17771201196927752,1.0000000000000002,2.7755575615628914e-17
47429488.415283054,0.12338576590864478,47429488.415283054,336970511.5847169,1.87340231655915e-10,-3.942085046843923e-18,-0.1771484675435973,-0.17714846754359728,1.0000000000000002,2.7755575615628914e-17
47504729.349869974,0.12358150195075436,47504729.349869974,336895270.65013003,1.87044095406576e-10,-3.9296040301065235e-18,-0.17658759862216536,-0.17658759862216536,1.0,0.0
47579970.284456894,0.12377723799286393,47579970.284456894,336820029.7155431,1.8674889601256033e-10,-3.917182175060617e-18,-0.17602938829456402,-0.17602938829456405,0.9999999999999999,2.7755575615628914e-17
47655211.219043806,0.12397297403497348,47655211.219043806,336744788.7809562,1.8645462903655075e-10,-3.9048191083669945e-18,-0.17547381978376594,-0.1754738197837659,1.0000000000000002,5.551115123125783e-17
47730452.153630726,0.12416871007708305,47730452.153630726,336669547.84636927,1.8616129006920954e-10,-3.8925144596267265e-18,-0.17492087644487328,-0.17492087644487328,1.0,0.0
47805693.088217646,0.12436444611919263,47805693.088217646,336594306.9117824,1.8586887472895853e-10,-3.880267861353427e-18,-0.1743705417638714,-0.17437054176387137,1.0000000000000002,2.7755575615628914e-17
47880934.02280456,0.12456018216130219,47880934.02280456,336519065.97719544,1.8557737866176085e-10,-3.868078948945807e-18,-0.17382279935639552,-0.1738227993563955,1.0000000000000002,2.7755575615628914e-17
47956174.95739148,0.12475591820341175,47956174.95739148,336443825.0426085,1.8528679754090474e-10,-3.855947360660542e-18,-0.17327763296651127,-0.17327763296651125,1.0000000000000002,2.7755575615628914e-17
48031415.8919784,0.12495165424552132,48031415.8919784,336368584.1080216,1.8499712706678983e-10,-3.843872737585425e-18,-0.17273502646550848,-0.17273502646550845,1.0000000000000002,2.7755575615628914e-17
48106656.82656531,0.1251473902876309,48106656.82656531,336293343.1734347,1.8470836296671494e-10,-3.831854723612828e-18,-0.17219496385070832,-0.1721949638507083,1.0000000000000002,2.7755575615628914e-17
48181897.76115223,0.12534312632974046,48181897.76115223,336218102.2388478,1.84420500994668e-10,-3.819892965413432e-18,-0.17165742924428304,-0.17165742924428304,1.0,0.0
48257138.69573915,0.12553886237185002,48257138.69573915,336142861.30426085,1.8413353693111807e-10,-3.8079871124102695e-18,-0.1711224068920895,-0.17112240689208943,1.0000000000000002,5.551115123125783e-17
48332379.63032606,0.1257345984139596,48332379.63032606,336067620.36967397,1.8384746658280932e-10,-3.796136816753027e-18,-0.17058988116251403,-0.17058988116251403,1.0,0.0
48407620.56491298,0.12593033445606916,48407620.56491298,335992379.435087,1.835622857825566e-10,-3.7843417332926425e-18,-0.17005983654533136,-0.17005983654533136,1.0,0.0
48482861.4994999,0.12612607049817873,48482861.4994999,335917138.5005001,1.8327799038904334e-10,-3.7726015195561664e-18,-0.1695322576505746,-0.16953225765057459,1.0000000000000002,2.7755575615628914e-17
48558102.434086815,0.12632180654028827,48558102.434086815,335841897.5659132,1.8299457628662101e-10,-3.7609158357219094e-18,-0.16900712920741862,-0.16900712920741862,1.0,0.0
48633343.368673734,0.12651754258239786,48633343.368673734,335766656.63132626,1.8271203938511064e-10,-3.74928434459484e-18,-0.16848443606307437,-0.16848443606307434,1.0000000000000002,2.7755575615628914e-17
48708584.303260654,0.12671327862450743,48708584.303260654,335691415.6967393,1.8243037561960602e-10,-3.737706711582265e-18,-0.16796416318169607,-0.16796416318169607,1.0,0.0
48783825.23784757,0.12690901466661697,48783825.23784757,335616174.76215243,1.8214958095027902e-10,-3.726182604669771e-18,-0.16744629564330002,-0.1674462956433,1.0000000000000002,2.7755575615628914e-17
48859066.17243449,0.12710475070872654,48859066.17243449,335540933.8275655,1.8186965136218612e-10,-3.714711694397407e-18,-0.1669308186426944,-0.1669308186426944,1.0,0.0
48934307.10702141,0.12730048675083613,48934307.10702141,335465692.8929786,1.8159058286507746e-10,-3.703293653836148e-18,-0.1664177174884215,-0.16641771748842146,1.0000000000000002,2.7755575615628914e-17
49009548.041608326,0.1274962227929457,49009548.041608326,335390451.95839167,1.8131237149320708e-10,-3.6919281585645955e-18,-0.16590697760171064,-0.16590697760171064,1.0,0.0
49084788.97619524,0.12769195883505524,49084788.97619524,335315211.0238048,1.8103501330514523e-10,-3.6806148866459294e-18,-0.1653985845154427,-0.1653985845154427,1.0,0.0
49160029.91078216,0.12788769487716484,49160029.91078216,335239970.08921784,1.8075850438359218e-10,-3.669353518605114e-18,-0.16489252387312547,-0.16489252387312547,1.0,0.0
49235270.84536908,0.1280834309192744,49235270.84536908,335164729.1546309,1.8048284083519392e-10,-3.658143737406337e-18,-0.1643887814278801,-0.16438878142788005,1.0000000000000004,5.551115123125783e-17
49310511.77995599,0.12827916696138394,49310511.77995599,335089488.220044,1.8020801879035941e-10,-3.6469852284307015e-18,-0.16388734304143843,-0.16388734304143843,1.0,0.0
49385752.71454291,0.1284749030034935,49385752.71454291,335014247.2854571,1.7993403440307961e-10,-3.6358776794541434e-18,-0.16338819468315072,-0.1633881946831507,1.0000000000000002,2.7755575615628914e-17
49460993.64912983,0.1286706390456031,49460993.64912983,334939006.3508702,1.7966088385074818e-10,-3.6248207806255945e-18,-0.16289132242900434,-0.1628913224290043,1.0000000000000002,2.7755575615628914e-17
49536234.58371674,0.12886637508771265,49536234.58371674,334863765.41628325,1.7938856333398357e-10,-3.61381422444537e-18,-0.1623967124606526,-0.1623967124606526,1.0,0.0
49611475.51830366,0.12906211112982222,49611475.51830366,334788524.48169637,1.7911706907645303e-10,-3.602857705743787e-18,-0.1619043510644539,-0.16190435106445383,1.0000000000000004,5.551115123125783e-17
49686716.45289058,0.12925784717193178,49686716.45289058,334713283.5471094,1.7884639732469808e-10,-3.591950921660014e-18,-0.16141422463052113,-0.16141422463052107,1.0000000000000004,5.551115123125783e-17
49761957.387477495,0.12945358321404135,49761957.387477495,334638042.6125225,1.785765443479616e-10,-3.5810935716211394e-18,-0.16092631965178128,-0.16092631965178125,1.0000000000000002,2.7755575615628914e-17
49837198.322064415,0.12964931925615092,49837198.322064415,334562801.6779356,1.7830750643801638e-10,-3.570285357321459e-18,-0.16044062272304455,-0.16044062272304455,1.0,0.0
49912439.256651334,0.1298450552982605,49912439.256651334,334487560.74334866,1.7803927990899536e-10,-3.559525982701991e-18,-0.1599571205400837,-0.1599571205400837,1.0,0.0
49987680.19123825,0.13004079134037005,49987680.19123825,334412319.8087618,1.7777186109722343e-10,-3.548815153930196e-18,-0.15947579989872301,-0.15947579989872301,1.0,0.0
50062921.12582517,0.13023652738247962,50062921.12582517,334337078.87417483,1.7750524636105043e-10,-3.5381525793799154e-18,-0.1589966476939364,-0.15899664769393637,1.0000000000000002,2.7755575615628914e-17
50138162.06041209,0.1304322634245892,50138162.06041209,334261837.9395879,1.7723943208068623e-10,-3.5275379696115224e-18,-0.15851965091895573,-0.15851965091895573,1.0,0.0
50213402.994999,0.13062799946669876,50213402.994999,334186597.005001,1.7697441465803664e-10,-3.516971037352279e-18,-0.15804479666438792,-0.1580447966643879,1.0000000000000002,2.7755575615628914e-17
50288643.92958592,0.13082373550880833,50288643.92958592,334111356.07041407,1.7671019051654125e-10,-3.506451497476894e-18,-0.1575720721173414,-0.15757207211734137,1.0000000000000002,2.7755575615628914e-17
50363884.86417284,0.1310194715509179,50363884.86417284,334036115.1358272,1.7644675610101257e-10,-3.4959790669882916e-18,-0.15710146456056173,-0.15710146456056173,1.0,0.0
50439125.79875975,0.13121520759302746,50439125.79875975,333960874.20124024,1.7618410787747666e-10,-3.4855534649985796e-18,-0.15663296137157662,-0.15663296137157662,1.0,0.0
50514366.73334667,0.13141094363513703,50514366.73334667,333885633.2666533,1.75922242333015e-10,-3.475174412710206e-18,-0.15616655002184882,-0.15616655002184882,1.0,0.0
50589607.66793359,0.1316066796772466,50589607.66793359,333810392.3320664,1.75661155975608e-10,-3.4648416333973293e-18,-0.15570221807593917,-0.15570221807593917,1.0,0.0
50664848.6025205,0.13180241571935614,50664848.6025205,333735151.3974795,1.7540084533397996e-10,-3.4545548523873657e-18,-0.15523995319067738,-0.15523995319067732,1.0000000000000004,5.551115123125783e-17
50740089.53710742,0.13199815176146573,50740089.53710742,333659910.4628926,1.7514130695744496e-10,-3.444313797042733e-18,-0.15477974311434142,-0.15477974311434142,1.0,0.0
50815330.47169434,0.1321938878035753,50815330.47169434,333584669.52830565,1.7488253741575473e-10,-3.4341181967427935e-18,-0.15432157568584637,-0.1543215756858463,1.0000000000000004,5.551115123125783e-17
50890571.406281255,0.13238962384568484,50890571.406281255,333509428.59371877,1.7462453329894733e-10,-3.4239677828659664e-18,-0.15386543883394033,-0.1538654388339403,1.0000000000000002,2.7755575615628914e-17
50965812.340868175,0.1325853598877944,50965812.340868175,333434187.6591318,1.7436729121719755e-10,-3.4138622887720366e-18,-0.15341132057640966,-0.15341132057640963,1.0000000000000002,2.7755575615628914e-17
51041053.275455095,0.132781095929904,51041053.275455095,333358946.7245449,1.741108078006685e-10,-3.4038014497846446e-18,-0.15295920901929186,-0.15295920901929183,1.0000000000000002,2.7755575615628914e-17
51116294.21004201,0.13297683197201354,51116294.21004201,333283705.789958,1.7385507969936435e-10,-3.393785003173954e-18,-0.15250909235609691,-0.15250909235609691,1.0,0.0
51191535.14462893,0.1331725680141231,51191535.14462893,333208464.85537106,1.7360010358298468e-10,-3.3838126881394957e-18,-0.1520609588670362,-0.15206095886703616,1.0000000000000002,2.7755575615628914e-17
51266776.07921585,0.1333683040562327,51266776.07921585,333133223.9207842,1.7334587614077986e-10,-3.373884245793194e-18,-0.15161479691825977,-0.15161479691825974,1.0000000000000002,2.7755575615628914e-17
51342017.01380276,0.13356404009834225,51342017.01380276,333057982.98619723,1.730923940814079e-10,-3.363999419142564e-18,-0.15117059496110127,-0.15117059496110127,1.0,0.0
51417257.94838968,0.1337597761404518,51417257.94838968,332982742.05161035,1.7283965413279226e-10,-3.354157953074076e-18,-0.15072834153133047,-0.15072834153133047,1.0,0.0
51492498.8829766,0.13395551218256138,51492498.8829766,332907501.1170234,1.7258765304198128e-10,-3.344359594336698e-18,-0.1502880252484135,-0.15028802524841348,1.0000000000000002,2.7755575615628914e-17
51567739.81756351,0.13415124822467095,51567739.81756351,332832260.18243647,1.7233638757500856e-10,-3.334604091525603e-18,-0.14984963481478084,-0.14984963481478084,1.0,0.0
51642980.75215043,0.13434698426678052,51642980.75215043,332757019.2478496,1.7208585451675474e-10,-3.3248911950660384e-18,-0.1494131590151024,-0.14941315901510238,1.0000000000000002,2.7755575615628914e-17
51718221.68673735,0.13454272030889008,51718221.68673735,332681778.31326264,1.7183605067081024e-10,-3.315220657197366e-18,-0.14897858671557043,-0.1489785867155704,1.0000000000000002,2.7755575615628914e-17
51793462.62132426,0.13473845635099965,51793462.62132426,332606537.37867576,1.7158697285933962e-10,-3.305592231957261e-18,-0.1485459068631892,-0.1485459068631892,1.0,0.0
51868703.55591118,0.13493419239310922,51868703.55591118,332531296.4440888,1.7133861792294657e-10,-3.296005675166069e-18,-0.14811510848507228,-0.14811510848507226,1.0000000000000002,2.7755575615628914e-17
51943944.4904981,0.1351299284352188,51943944.4904981,332456055.5095019,1.7109098272054055e-10,-3.286460744411327e-18,-0.14768618068774683,-0.14768618068774683,1.0,0.0
52019185.425085016,0.13532566447732836,52019185.425085016,332380814.574915,1.7084406412920444e-10,-3.2769571990324384e-18,-0.14725911265646502,-0.14725911265646502,1.0,0.0
52094426.359671935,0.13552140051943792,52094426.359671935,332305573.64032805,1.705978590440631e-10,-3.2674948001054965e-18,-0.14683389365452187,-0.14683389365452187,1.0,0.0
52169667.294258855,0.1357171365615475,52169667.294258855,332230332.70574117,1.7035236437815348e-10,-3.258073310428275e-18,-0.14641051302258096,-0.14641051302258093,1.0000000000000002,2.7755575615628914e-17
52244908.22884577,0.13591287260365703,52244908.22884577,332155091.7711542,1.7010757706229547e-10,-3.2486924945053578e-18,-0.14598896017800603,-0.145988960178006,1.0000000000000002,2.7755575615628914e-17
52320149.16343269,0.13610860864576663,52320149.16343269,332079850.8365673,1.6986349404496413e-10,-3.2393521185334205e-18,-0.14556922461419966,-0.14556922461419963,1.0000000000000002,2.7755575615628914e-17
52395390.09801961,0.1363043446878762,52395390.09801961,332004609.9019804,1.6962011229216292e-10,-3.230051950386667e-18,-0.14515129589994877,-0.14515129589994874,1.0000000000000002,2.7755575615628914e-17
52470631.03260652,0.13650008072998573,52470631.03260652,331929368.96739346,1.6937742878729802e-10,-3.220791759602403e-18,-0.14473516367877634,-0.14473516367877629,1.0000000000000004,5.551115123125783e-17
52545871.96719344,0.13669581677209533,52545871.96719344,331854128.0328066,1.6913544053105368e-10,-3.211571317366754e-18,-0.14432081766829968,-0.14432081766829966,1.0000000000000002,2.7755575615628914e-17
52621112.90178036,0.1368915528142049,52621112.90178036,331778887.09821963,1.688941445412687e-10,-3.2023903965005394e-18,-0.14390824765959553,-0.1439082476595955,1.0000000000000002,2.7755575615628914e-17
52696353.83636727,0.13708728885631444,52696353.83636727,331703646.16363275,1.6865353785281409e-10,-3.1932487714452725e-18,-0.14349744351657095,-0.14349744351657095,1.0,0.0
52771594.77095419,0.137283024898424,52771594.77095419,331628405.2290458,1.684136175174715e-10,-3.1841462182493042e-18,-0.14308839517534075,-0.14308839517534075,1.0,0.0
52846835.70554111,0.1374787609405336,52846835.70554111,331553164.29445887,1.6817438060381286e-10,-3.1750825145541095e-18,-0.14268109264361115,-0.14268109264361112,1.0000000000000002,2.7755575615628914e-17
52922076.640128024,0.13767449698264314,52922076.640128024,331477923.359872,1.6793582419708117e-10,-3.166057439580707e-18,-0.14227552600006946,-0.14227552600006946,1.0,0.0
52997317.574714944,0.1378702330247527,52997317.574714944,331402682.42528504,1.6769794539907189e-10,-3.157070774116211e-18,-0.14187168539377992,-0.1418716853937799,1.0000000000000002,2.7755575615628914e-17
53072558.50930186,0.13806596906686228,53072558.50930186,331327441.49069816,1.6746074132801588e-10,-3.1481223005005222e-18,-0.1414695610435854,-0.14146956104358538,1.0000000000000002,2.7755575615628914e-17
53147799.443888776,0.13826170510897184,53147799.443888776,331252200.5561112,1.6722420911846293e-10,-3.1392118026131477e-18,-0.14106914323751535,-0.14106914323751532,1.0000000000000002,2.7755575615628914e-17
53223040.378475696,0.1384574411510814,53223040.378475696,331176959.62152433,1.6698834592116635e-10,-3.130339065860147e-18,-0.14067042233219895,-0.14067042233219895,1.0,0.0
53298281.313062616,0.13865317719319098,53298281.313062616,331101718.6869374,1.667531489029688e-10,-3.121503877161216e-18,-0.1402733887522849,-0.14027338875228487,1.0000000000000002,2.7755575615628914e-17
53373522.24764953,0.13884891323530055,53373522.24764953,331026477.75235045,1.665186152466886e-10,-3.1127060249368906e-18,-0.1398780329898662,-0.1398780329898662,1.0,0.0
53448763.18223645,0.13904464927741012,53448763.18223645,330951236.81776357,1.662847421510076e-10,-3.103945299095877e-18,-0.139484345603911,-0.13948434560391096,1.0000000000000002,2.7755575615628914e-17
53524004.11682337,0.13924038531951968,53524004.11682337,330875995.8831766,1.6605152683035942e-10,-3.0952214910225147e-18,-0.13909231721969897,-0.13909231721969895,1.0000000000000002,2.7755575615628914e-17
53599245.05141028,0.13943612136162925,53599245.05141028,330800754.94858974,1.6581896651481905e-10,-3.0865343935643527e-18,-0.13870193852826324,-0.1387019385282632,1.0000000000000002,2.7755575615628914e-17
53674485.9859972,0.13963185740373882,53674485.9859972,330725514.0140028,1.6558705844999314e-10,-3.077883801019848e-18,-0.13831320028583746,-0.13831320028583746,1.0,0.0
53749726.92058412,0.13982759344584839,53749726.92058412,330650273.07941586,1.6535579989691126e-10,-3.0692695091261952e-18,-0.1379260933133089,-0.13792609331330888,1.0000000000000002,2.7755575615628914e-17
53824967.85517103,0.14002332948795795,53824967.85517103,330575032.144829,1.651251881319183e-10,-3.060691315047264e-18,-0.13754060849567645,-0.13754060849567645,1.0,0.0
53900208.78975795,0.14021906553006752,53900208.78975795,330499791.21024203,1.6489522044656728e-10,-3.0521490173616553e-18,-0.13715673678151383,-0.13715673678151383,1.0,0.0
53975449.72434487,0.1404148015721771,53975449.72434487,330424550.27565515,1.6466589414751358e-10,-3.0436424160508837e-18,-0.13677446918243857,-0.13677446918243855,1.0000000000000002,2.7755575615628914e-17
54050690.658931784,0.14061053761428663,54050690.658931784,330349309.3410682,1.6443720655640977e-10,-3.0351713124876626e-18,-0.13639379677258553,-0.13639379677258553,1.0,0.0
54125931.593518704,0.14080627365639622,54125931.593518704,330274068.40648127,1.6420915500980124e-10,-3.0267355094243096e-18,-0.1360147106880859,-0.13601471068808588,1.0000000000000002,2.7755575615628914e-17
54201172.528105624,0.1410020096985058,54201172.528105624,330198827.4718944,1.639817368590231e-10,-3.0183348109812675e-18,-0.1356372021265514,-0.1356372021265514,1.0,0.0
54276413.46269254,0.14119774574061533,54276413.46269254,330123586.53730744,1.6375494947009738e-10,-3.009969022635729e-18,-0.13526126234656294,-0.1352612623465629,1.0000000000000002,2.7755575615628914e-17
54351654.397279456,0.1413934817827249,54351654.397279456,330048345.60272056,1.6352879022363147e-10,-3.0016379512103722e-18,-0.13488688266716464,-0.13488688266716467,0.9999999999999998,2.7755575615628914e-17
54426895.331866376,0.1415892178248345,54426895.331866376,329973104.6681336,1.633032565147175e-10,-2.993341404862218e-18,-0.13451405446736298,-0.13451405446736295,1.0000000000000002,2.7755575615628914e-17
54502136.26645329,0.14178495386694404,54502136.26645329,329897863.73354673,1.6307834575283208e-10,-2.985079193071577e-18,-0.13414276918563003,-0.13414276918563003,1.0,0.0
54577377.20104021,0.1419806899090536,54577377.20104021,329822622.7989598,1.6285405536173723e-10,-2.976851126631112e-18,-0.1337730183194121,-0.13377301831941207,1.0000000000000002,2.7755575615628914e-17
54652618.13562713,0.14217642595116317,54652618.13562713,329747381.86437285,1.6263038277938217e-10,-2.9686570176350106e-18,-0.1334047934246431,-0.1334047934246431,1.0,0.0
54727859.07021404,0.14237216199327274,54727859.07021404,329672140.92978597,1.6240732545780568e-10,-2.960496679468249e-18,-0.13303808611526205,-0.13303808611526202,1.0000000000000002,2.7755575615628914e-17
54803100.00480096,0.1425678980353823,54803100.00480096,329596899.995199,1.6218488086303928e-10,-2.952369926795971e-18,-0.13267288806273592,-0.1326728880627359,1.0000000000000002,2.7755575615628914e-17
54878340.93938788,0.14276363407749187,54878340.93938788,329521659.06061214,1.6196304647501156e-10,-2.9442765755529634e-18,-0.13230919099558644,-0.1323091909955864,1.0000000000000002,2.7755575615628914e-17
54953581.87397479,0.14295937011960144,54953581.87397479,329446418.1260252,1.6174181978745294e-10,-2.9362164429332334e-18,-0.13194698669892205,-0.13194698669892202,1.0000000000000002,2.7755575615628914e-17
55028822.80856171,0.143155106161711,55028822.80856171,329371177.1914383,1.6152119830780118e-10,-2.9281893473796824e-18,-0.13158626701397358,-0.13158626701397358,1.0,0.0
55104063.74314863,0.14335084220382058,55104063.74314863,329295936.2568514,1.613011795571079e-10,-2.9201951085738856e-18,-0.13122702383763515,-0.13122702383763513,1.0000000000000002,2.7755575615628914e-17
55179304.677735545,0.14354657824593015,55179304.677735545,329220695.32226443,1.6108176106994585e-10,-2.912233547425962e-18,-0.13086924912200884,-0.13086924912200887,0.9999999999999998,2.7755575615628914e-17
55254545.612322465,0.1437423142880397,55254545.612322465,329145454.38767755,1.6086294039431673e-10,-2.9043044860645434e-18,-0.130512934873954,-0.13051293487395396,1.0000000000000002,2.7755575615628914e-17
55329786.546909384,0.14393805033014928,55329786.546909384,329070213.4530906,1.6064471509155989e-10,-2.89640774782684e-18,-0.13015807315464073,-0.13015807315464073,1.0,0.0
55405027.4814963,0.14413378637225885,55405027.4814963,328994972.5185037,1.6042708273626185e-10,-2.8885431572488014e-18,-0.1298046560791079,-0.12980465607910788,1.0000000000000002,2.7755575615628914e-17
55480268.41608322,0.14432952241436842,55480268.41608322,328919731.5839168,1.6021004091616636e-10,-2.880710540055364e-18,-0.12945267581582465,-0.12945267581582465,1.0,0.0
55555509.35067014,0.14452525845647798,55555509.35067014,328844490.64932984,1.5999358723208536e-10,-2.8729097231508023e-18,-0.12910212458625703,-0.129102124586257,1.0000000000000002,2.7755575615628914e-17
55630750.28525705,0.14472099449858752,55630750.28525705,328769249.71474296,1.597777192978107e-10,-2.865140534609159e-18,-0.1287529946644378,-0.1287529946644378,1.0,0.0
55705991.21984397,0.14491673054069712,55705991.21984397,328694008.780156,1.595624347400263e-10,-2.8574028036647746e-18,-0.12840527837654092,-0.1284052783765409,1.0000000000000002,2.7755575615628914e-17
55781232.15443089,0.1451124665828067,55781232.15443089,328618767.84556913,1.5934773119822128e-10,-2.8496963607029033e-18,-0.12805896810045983,-0.12805896810045983,1.0,0.0
55856473.0890178,0.14530820262491623,55856473.0890178,328543526.9109822,1.591336063246038e-10,-2.8420210372504177e-18,-0.12771405626538973,-0.12771405626538973,1.0,0.0
55931714.02360472,0.1455039386670258,55931714.02360472,328468285.97639525,1.589200577840154e-10,-2.834376665966597e-18,-0.1273705353514137,-0.1273705353514137,1.0,0.0
56006954.95819164,0.1456996747091354,56006954.95819164,328393045.04180837,1.587070832538461e-10,-2.826763080634011e-18,-0.12702839788909287,-0.12702839788909287,1.0,0.0
56082195.89277855,0.14589541075124493,56082195.89277855,328317804.1072214,1.584946804239505e-10,-2.819180116149479e-18,-0.12668763645906037,-0.12668763645906037,1.0,0.0
56157436.82736547,0.1460911467933545,56157436.82736547,328242563.17263454,1.5828284699656386e-10,-2.81162760851512e-18,-0.1263482436916189,-0.1263482436916189,1.0,0.0
56232677.76195239,0.1462868828354641,56232677.76195239,328167322.2380476,1.580715806862196e-10,-2.8041053948294874e-18,-0.12601021226634251,-0.12601021226634251,1.0,0.0
56307918.696539305,0.14648261887757363,56307918.696539305,328092081.3034607,1.5786087921966707e-10,-2.7966133132787825e-18,-0.1256735349116818,-0.1256735349116818,1.0,0.0
56383159.631126225,0.1466783549196832,56383159.631126225,328016840.3688738,1.5765074033578987e-10,-2.789151203128148e-18,-0.12533820440457244,-0.12533820440457244,1.0,0.0
56458400.565713145,0.14687409096179277,56458400.565713145,327941599.43428683,1.5744116178552516e-10,-2.7817189047130552e-18,-0.12500421357004832,-0.12500421357004832,1.0,0.0
56533641.50030006,0.14706982700390234,56533641.50030006,327866358.49969995,1.572321413317835e-10,-2.7743162594307544e-18,-0.12467155528085734,-0.12467155528085734,1.0,0.0
56608882.43488698,0.1472655630460119,56608882.43488698,327791117.565113,1.5702367674936912e-10,-2.7669431097318173e-18,-0.12434022245708128,-0.12434022245708128,1.0,0.0
56684123.3694739,0.14746129908812147,56684123.3694739,327715876.6305261,1.5681576582490102e-10,-2.7595992991117524e-18,-0.12401020806575898,-0.12401020806575895,1.0000000000000002,2.7755575615628914e-17
56759364.30406082,0.14765703513023104,56759364.30406082,327640635.6959392,1.5660840635673478e-10,-2.752284672102698e-18,-0.12368150512051318,-0.1236815051205132,0.9999999999999999,1.3877787807814457e-17
56834605.23864773,0.1478527711723406,56834605.23864773,327565394.7613523,1.564015961548847e-10,-2.7449990742652e-18,-0.12335410668118094,-0.12335410668118092,1.0000000000000002,1.3877787807814457e-17
56909846.17323465,0.14804850721445018,56909846.17323465,327490153.82676536,1.561953330409469e-10,-2.7377423521800486e-18,-0.12302800585344675,-0.12302800585344674,1.0000000000000002,1.3877787807814457e-17
56985087.10782157,0.14824424325655974,56985087.10782157,327414912.8921784,1.5598961484802266e-10,-2.7305143534402095e-18,-0.12270319578848007,-0.12270319578848006,1.0000000000000002,1.3877787807814457e-17
57060328.04240848,0.1484399792986693,57060328.04240848,327339671.95759153,1.5578443942064284e-10,-2.7233149266428214e-18,-0.12237966968257562,-0.1223796696825756,1.0000000000000002,1.3877787807814457e-17
57135568.9769954,0.14863571534077888,57135568.9769954,327264431.0230046,1.555798046146923e-10,-2.7161439213812584e-18,-0.12205742077679668,-0.12205742077679665,1.0000000000000002,2.7755575615628914e-17
57210809.91158232,0.14883145138288845,57210809.91158232,327189190.08841765,1.5537570829733554e-10,-2.709001188237284e-18,-0.12173644235662257,-0.12173644235662255,1.0000000000000002,1.3877787807814457e-17
57286050.84616923,0.14902718742499801,57286050.84616923,327113949.15383077,1.551721483469424e-10,-2.701886578773262e-18,-0.12141672775159859,-0.12141672775159858,1.0000000000000002,1.3877787807814457e-17
57361291.78075615,0.14922292346710758,57361291.78075615,327038708.2192438,1.5496912265301464e-10,-2.6947999455244434e-18,-0.12109827033498938,-0.12109827033498938,1.0,0.0
57436532.71534307,0.14941865950921715,57436532.71534307,326963467.28465694,1.5476662911611316e-10,-2.687741141991328e-18,-0.1207810635234357,-0.1207810635234357,1.0,0.0
57511773.649929985,0.14961439555132672,57511773.649929985,326888226.35007,1.5456466564778549e-10,-2.6807100226320905e-18,-0.12046510077661414,-0.12046510077661413,1.0000000000000002,1.3877787807814457e-17
57587014.584516905,0.14981013159343629,57587014.584516905,326812985.4154831,1.5436323017049393e-10,-2.6737064428550757e-18,-0.12015037559689971,-0.1201503755968997,1.0000000000000002,1.3877787807814457e-17
57662255.519103825,0.15000586763554585,57662255.519103825,326737744.4808962,1.5416232061754475e-10,-2.666730259011369e-18,-0.11983688152903214,-0.11983688152903212,1.0000000000000002,2.7755575615628914e-17
57737496.45369074,0.1502016036776554,57737496.45369074,326662503.54630923,1.5396193493301702e-10,-2.6597813283874274e-18,-0.11952461215978462,-0.11952461215978463,0.9999999999999999,1.3877787807814457e-17
57812737.38827766,0.150397339719765,57812737.38827766,326587262.61172235,1.537620710716929e-10,-2.6528595091977785e-18,-0.11921356111763579,-0.11921356111763576,1.0000000000000002,2.7755575615628914e-17
57887978.32286458,0.15059307576187456,57887978.32286458,326512021.6771354,1.5356272699898786e-10,-2.6459646605777914e-18,-0.11890372207244479,-0.11890372207244479,1.0,0.0
57963219.25745149,0.1507888118039841,57963219.25745149,326436780.7425485,1.5336390069088172e-10,-2.639096642576507e-18,-0.1185950887351292,-0.11859508873512917,1.0000000000000002,2.7755575615628914e-17
58038460.19203841,0.15098454784609366,58038460.19203841,326361539.8079616,1.5316559013385028e-10,-2.6322553161495346e-18,-0.11828765485734566,-0.11828765485734567,0.9999999999999999,1.3877787807814457e-17
58113701.12662533,0.15118028388820326,58113701.12662533,326286298.8733747,1.5296779332479725e-10,-2.625440543152018e-18,-0.11798141423117396,-0.11798141423117395,1.0000000000000002,1.3877787807814457e-17
58188942.06121224,0.1513760199303128,58188942.06121224,326211057.93878776,1.527705082709868e-10,-2.6186521863316565e-18,-0.1176763606888033,-0.1176763606888033,1.0,0.0
58264182.99579916,0.15157175597242237,58264182.99579916,326135817.0042008,1.5257373298997682e-10,-2.6118901093217966e-18,-0.11737248810222187,-0.11737248810222184,1.0000000000000002,2.7755575615628914e-17
58339423.93038608,0.15176749201453196,58339423.93038608,326060576.06961393,1.5237746550955235e-10,-2.6051541766345817e-18,-0.11706979038290902,-0.11706979038290902,1.0,0.0
58414664.864972994,0.1519632280566415,58414664.864972994,325985335.135027,1.5218170386765998e-10,-2.598444253654167e-18,-0.11676826148153037,-0.11676826148153038,0.9999999999999999,1.3877787807814457e-17
58489905.79955991,0.15215896409875107,58489905.79955991,325910094.2004401,1.5198644611234215e-10,-2.59176020662999e-18,-0.1164678953876354,-0.11646789538763538,1.0000000000000002,1.3877787807814457e-17
58565146.73414683,0.15235470014086064,58565146.73414683,325834853.26585317,1.5179169030167257e-10,-2.5851019026701066e-18,-0.11616868612935795,-0.11616868612935793,1.0000000000000002,1.3877787807814457e-17
58640387.668733746,0.1525504361829702,58640387.668733746,325759612.3312663,1.5159743450369179e-10,-2.5784692097345867e-18,-0.11587062777311946,-0.11587062777311946,1.0,0.0
58715628.603320666,0.15274617222507977,58715628.603320666,325684371.39667934,1.5140367679634316e-10,-2.5718619966289638e-18,-0.11557371442333464,-0.11557371442333464,1.0,0.0
58790869.537907586,0.15294190826718934,58790869.537907586,325609130.4620924,1.5121041526740984e-10,-2.565280132997751e-18,-0.11527794022212005,-0.11527794022212004,1.0000000000000002,1.3877787807814457e-17
58866110.4724945,0.1531376443092989,58866110.4724945,325533889.5275055,1.5101764801445162e-10,-2.5587234893180092e-18,-0.11498329934900504,-0.11498329934900504,1.0,0.0
58941351.40708142,0.15333338035140848,58941351.40708142,325458648.5929186,1.5082537314474251e-10,-2.552191936892972e-18,-0.11468978602064539,-0.11468978602064539,1.0,0.0
59016592.34166834,0.15352911639351804,59016592.34166834,325383407.65833163,1.5063358877520894e-10,-2.545685347845736e-18,-0.1143973944905396,-0.1143973944905396,1.0,0.0
59091833.27625525,0.1537248524356276,59091833.27625525,325308166.72374475,1.504422930323684e-10,-2.539203595112995e-18,-0.11410611904874748,-0.11410611904874746,1.0000000000000002,2.7755575615628914e-17
59167074.21084217,0.15392058847773718,59167074.21084217,325232925.7891578,1.5025148405226815e-10,-2.532746552438839e-18,-0.11381595402161136,-0.11381595402161135,1.0000000000000002,1.3877787807814457e-17
59242315.14542909,0.15411632451984675,59242315.14542909,325157684.8545709,1.5006115998042495e-10,-2.526314094368606e-18,-0.11352689377147991,-0.11352689377147987,1.0000000000000004,4.163336342344337e-17
59317556.080016,0.1543120605619563,59317556.080016,325082443.919984,1.49871318971765e-10,-2.5199060962427886e-18,-0.11323893269643419,-0.11323893269643416,1.0000000000000002,2.7755575615628914e-17
59392797.01460292,0.15450779660406588,59392797.01460292,325007202.9853971,1.4968195919056413e-10,-2.5135224341909884e-18,-0.11295206523001614,-0.11295206523001611,1.0000000000000002,2.7755575615628914e-17
59468037.94918984,0.15470353264617545,59468037.94918984,324931962.05081016,1.4949307881038892e-10,-2.5071629851259367e-18,-0.11266628584095972,-0.11266628584095972,1.0,0.0
59543278.883776754,0.154899268688285,59543278.883776754,324856721.1162232,1.493046760140379e-10,-2.5008276267375586e-18,-0.11238158903292429,-0.11238158903292428,1.0000000000000002,1.3877787807814457e-17
59618519.818363674,0.1550950047303946,59618519.818363674,324781480.18163633,1.491167489934831e-10,-2.494516237487085e-18,-0.11209796934422994,-0.11209796934422994,1.0,0.0
59693760.752950594,0.15529074077250415,59693760.752950594,324706239.2470494,1.4892929594981258e-10,-2.4882286966012332e-18,-0.111815421347596,-0.11181542134759599,1.0000000000000002,1.3877787807814457e-17
59769001.687537506,0.1554864768146137,59769001.687537506,324630998.3124625,1.487423150931728e-10,-2.481964884066424e-18,-0.11153393964988118,-0.11153393964988113,1.0000000000000004,4.163336342344337e-17
59844242.622124426,0.15568221285672326,59844242.622124426,324555757.37787557,1.485558046427117e-10,-2.4757246806230485e-18,-0.11125351889182593,-0.11125351889182594,0.9999999999999999,1.3877787807814457e-17
59919483.556711346,0.15587794889883286,59919483.556711346,324480516.4432887,1.4836976282652236e-10,-2.4695079677598058e-18,-0.11097415374779797,-0.11097415374779797,1.0,0.0
59994724.49129826,0.1560736849409424,59994724.49129826,324405275.50870174,1.4818418788158678e-10,-2.463314627708061e-18,-0.11069583892553879,-0.11069583892553878,1.0000000000000002,1.3877787807814457e-17
60069965.42588518,0.15626942098305197,60069965.42588518,324330034.5741148,1.4799907805372003e-10,-2.4571445434362735e-18,-0.11041856916591321,-0.11041856916591321,1.0,0.0
60145206.3604721,0.15646515702516153,60145206.3604721,324254793.6395279,1.4781443159751542e-10,-2.4509975986444693e-18,-0.11014233924266104,-0.11014233924266102,1.0000000000000002,1.3877787807814457e-17
60220447.29505901,0.1566608930672711,60220447.29505901,324179552.704941,1.476302467762893e-10,-2.444873677758758e-18,-0.10986714396215067,-0.10986714396215064,1.0000000000000002,2.7755575615628914e-17
60295688.22964593,0.15685662910938067,60295688.22964593,324104311.7703541,1.4744652186202678e-10,-2.4387726659258986e-18,-0.1095929781631348,-0.10959297816313482,0.9999999999999999,1.3877787807814457e-17
60370929.16423285,0.15705236515149024,60370929.16423285,324029070.83576715,1.4726325513532775e-10,-2.4326944490079184e-18,-0.10931983671650879,-0.10931983671650877,1.0000000000000002,1.3877787807814457e-17
60446170.09881976,0.1572481011935998,60446170.09881976,323953829.90118027,1.470804448853531e-10,-2.4266389135767692e-18,-0.10904771452507031,-0.10904771452507032,0.9999999999999999,1.3877787807814457e-17
60521411.03340668,0.15744383723570937,60521411.03340668,323878588.9665933,1.468980894097717e-10,-2.420605946909039e-18,-0.10877660652328185,-0.10877660652328185,1.0,0.0
60596651.9679936,0.15763957327781894,60596651.9679936,323803348.0320064,1.467161870147075e-10,-2.4145954369807035e-18,-0.10850650767703482,-0.10850650767703479,1.0000000000000002,2.7755575615628914e-17
60671892.902580515,0.1578353093199285,60671892.902580515,323728107.0974195,1.4653473601468698e-10,-2.4086072724619252e-18,-0.10823741298341581,-0.10823741298341583,0.9999999999999999,1.3877787807814457e-17
60747133.837167434,0.15803104536203808,60747133.837167434,323652866.16283256,1.4635373473258735e-10,-2.4026413427118995e-18,-0.10796931747047503,-0.10796931747047503,1.0,0.0
60822374.771754354,0.15822678140414764,60822374.771754354,323577625.2282456,1.4617318149958474e-10,-2.3966975377737422e-18,-0.10770221619699652,-0.1077022161969965,1.0000000000000002,1.3877787807814457e-17
60897615.70634127,0.1584225174462572,60897615.70634127,323502384.29365873,1.4599307465510296e-10,-2.3907757483694237e-18,-0.10743610425227051,-0.10743610425227051,1.0,0.0
60972856.64092819,0.15861825348836678,60972856.64092819,323427143.3590718,1.4581341254676258e-10,-2.3848758658947436e-18,-0.10717097675586765,-0.10717097675586765,1.0,0.0
61048097.57551511,0.15881398953047635,61048097.57551511,323351902.4244849,1.4563419353033054e-10,-2.378997782414354e-18,-0.10690682885741527,-0.10690682885741526,1.0000000000000002,1.3877787807814457e-17
61123338.51010202,0.15900972557258589,61123338.51010202,323276661.48989797,1.4545541596966984e-10,-2.3731413906568195e-18,-0.10664365573637548,-0.10664365573637549,0.9999999999999999,1.3877787807814457e-17
61198579.44468894,0.15920546161469548,61198579.44468894,323201420.5553111,1.4527707823668997e-10,-2.367306584009725e-18,-0.10638145260182529,-0.10638145260182529,1.0,0.0
61273820.37927586,0.15940119765680505,61273820.37927586,323126179.62072414,1.4509917871129726e-10,-2.3614932565148227e-18,-0.10612021469223845,-0.10612021469223844,1.0000000000000002,1.3877787807814457e-17
61349061.31386277,0.1595969336989146,61349061.31386277,323050938.6861372,1.4492171578134609e-10,-2.3557013028632197e-18,-0.10585993727526935,-0.10585993727526934,1.0000000000000002,1.3877787807814457e-17
61424302.24844969,0.15979266974102416,61424302.24844969,322975697.7515503,1.4474468784259006e-10,-2.3499306183906098e-18,-0.10560061564753864,-0.10560061564753863,1.0000000000000002,1.3877787807814457e-17
61499543.18303661,0.15998840578313375,61499543.18303661,322900456.8169634,1.445680932986337e-10,-2.3441810990725452e-18,-0.10534224513442074,-0.10534224513442073,1.0000000000000002,1.3877787807814457e-17
61574784.11762352,0.1601841418252433,61574784.11762352,322825215.8823765,1.4439193056088457e-10,-2.338452641519748e-18,-0.1050848210898332,-0.1050848210898332,1.0,0.0
61650025.05221044,0.16037987786735286,61650025.05221044,322749974.94778955,1.4421619804850544e-10,-2.332745142973459e-18,-0.1048283388960277,-0.10482833889602769,1.0000000000000002,1.3877787807814457e-17
61725265.98679736,0.16057561390946243,61725265.98679736,322674734.01320267,1.4404089418836734e-10,-2.3270585013008343e-18,-0.1045727939633831,-0.10457279396338309,1.0000000000000002,1.3877787807814457e-17
61800506.921384275,0.160771349951572,61800506.921384275,322599493.0786157,1.4386601741500242e-10,-2.321392614990371e-18,-0.10431818173019997,-0.10431818173019997,1.0,0.0
61875747.855971195,0.16096708599368156,61875747.855971195,322524252.1440288,1.436915661705573e-10,-2.315747383147379e-18,-0.10406449766249701,-0.104064497662497,1.0000000000000002,1.3877787807814457e-17
61950988.790558115,0.16116282203579113,61950988.790558115,322449011.2094419,1.435175389047471e-10,-2.3101227054894885e-18,-0.1038117372538093,-0.1038117372538093,1.0,0.0
62026229.72514503,0.1613585580779007,62026229.72514503,322373770.27485496,1.4334393407480934e-10,-2.3045184823421962e-18,-0.10355989602498801,-0.10355989602498801,1.0,0.0
62101470.65973195,0.16155429412001027,62101470.65973195,322298529.3402681,1.4317075014545836e-10,-2.298934614634449e-18,-0.10330896952400205,-0.10330896952400204,1.0000000000000002,1.3877787807814457e-17
62176711.59431887,0.16175003016211983,62176711.59431887,322223288.40568113,1.4299798558884014e-10,-2.293371003894264e-18,-0.10305895332574119,-0.10305895332574118,1.0000000000000002,1.3877787807814457e-17
62251952.52890578,0.1619457662042294,62251952.52890578,322148047.47109425,1.4282563888448747e-10,-2.2878275522443903e-18,-0.10280984303182114,-0.10280984303182113,1.0000000000000002,1.3877787807814457e-17
62327193.4634927,0.16214150224633897,62327193.4634927,322072806.5365073,1.426537085192752e-10,-2.2823041623979984e-18,-0.10256163427038979,-0.10256163427038976,1.0000000000000002,2.7755575615628914e-17
62402434.39807962,0.16233723828844854,62402434.39807962,321997565.60192037,1.424821929873761e-10,-2.2768007376544167e-18,-0.10231432269593567,-0.10231432269593566,1.0000000000000002,1.3877787807814457e-17
62477675.33266653,0.1625329743305581,62477675.33266653,321922324.6673335,1.4231109079021677e-10,-2.2713171818948956e-18,-0.10206790398909758,-0.10206790398909757,1.0000000000000002,1.3877787807814457e-17
62552916.26725345,0.16272871037266767,62552916.26725345,321847083.73274654,1.4214040043643428e-10,-2.2658533995784104e-18,-0.10182237385647601,-0.10182237385647601,1.0,0.0
62628157.20184037,0.16292444641477724,62628157.20184037,321771842.7981596,1.4197012044183252e-10,-2.2604092957375013e-18,-0.1015777280304461,-0.10157772803044608,1.0000000000000002,1.3877787807814457e-17
62703398.13642728,0.16312018245688678,62703398.13642728,321696601.8635727,1.418002493293395e-10,-2.2549847759741444e-18,-0.10133396226897223,-0.10133396226897222,1.0000000000000002,1.3877787807814457e-17
62778639.0710142,0.16331591849899638,62778639.0710142,321621360.9289858,1.4163078562896445e-10,-2.2495797464556593e-18,-0.10109107235542404,-0.10109107235542401,1.0000000000000002,2.7755575615628914e-17
62853880.00560112,0.16351165454110594,62853880.00560112,321546119.9943989,1.4146172787775556e-10,-2.244194113910653e-18,-0.10084905409839415,-0.1008490540983941,1.0000000000000004,4.163336342344337e-17
62929120.940188035,0.16370739058321548,62929120.940188035,321470879.05981195,1.4129307461975788e-10,-2.2388277856249934e-18,-0.10060790333151723,-0.10060790333151721,1.0000000000000002,1.3877787807814457e-17
63004361.874774955,0.16390312662532505,63004361.874774955,321395638.12522507,1.4112482440597142e-10,-2.2334806694378195e-18,-0.10036761591329073,-0.10036761591329071,1.0000000000000002,1.3877787807814457e-17
63079602.809361875,0.16409886266743465,63079602.809361875,321320397.1906381,1.4095697579430992e-10,-2.228152673737585e-18,-0.10012818772689706,-0.10012818772689708,0.9999999999999999,1.3877787807814457e-17
63154843.74394879,0.1642945987095442,63154843.74394879,321245156.2560512,1.407895273495594e-10,-2.222843707458135e-18,-0.09988961468002733,-0.0998896146800273,1.0000000000000002,2.7755575615628914e-17
63230084.67853571,0.16449033475165376,63230084.67853571,321169915.3214643,1.4062247764333737e-10,-2.2175536800748084e-18,-0.0996518927047061,-0.09965189270470609,1.0000000000000002,1.3877787807814457e-17
63305325.61312263,0.16468607079376335,63305325.61312263,321094674.38687736,1.4045582525405233e-10,-2.2122825016005855e-18,-0.0994150177571184,-0.09941501775711839,1.0000000000000002,1.3877787807814457e-17
63380566.54770954,0.1648818068358729,63380566.54770954,321019433.4522905,1.402895687668634e-10,-2.20703008258226e-18,-0.09917898581743761,-0.0991789858174376,1.0000000000000002,1.3877787807814457e-17
63455807.48229646,0.16507754287798246,63455807.48229646,320944192.51770353,1.4012370677364017e-10,-2.2017963340966385e-18,-0.0989437928896547,-0.09894379288965469,1.0000000000000002,1.3877787807814457e-17
63531048.41688338,0.16527327892009203,63531048.41688338,320868951.58311665,1.3995823787292312e-10,-2.1965811677467806e-18,-0.09870943500140926,-0.09870943500140927,0.9999999999999999,1.3877787807814457e-17
63606289.35147029,0.1654690149622016,63606289.35147029,320793710.6485297,1.3979316066988418e-10,-2.1913844956582683e-18,-0.09847590820382189,-0.09847590820382188,1.0000000000000002,1.3877787807814457e-17
63681530.28605721,0.16566475100431116,63681530.28605721,320718469.71394277,1.396284737762874e-10,-2.1862062304754954e-18,-0.0982432085713274,-0.09824320857132739,1.0000000000000002,1.3877787807814457e-17
63756771.22064413,0.16586048704642073,63756771.22064413,320643228.7793559,1.394641758104502e-10,-2.181046285358006e-18,-0.09801133220151034,-0.09801133220151033,1.0000000000000002,1.3877787807814457e-17
63832012.15523104,0.1660562230885303,63832012.15523104,320567987.84476894,1.3930026539720473e-10,-2.1759045739768476e-18,-0.09778027521494102,-0.09778027521494102,1.0,0.0
63907253.08981796,0.16625195913063986,63907253.08981796,320492746.91018206,1.3913674116785932e-10,-2.17078101051096e-18,-0.09755003375501337,-0.09755003375501338,0.9999999999999999,1.3877787807814457e-17
63982494.02440488,0.16644769517274943,63982494.02440488,320417505.9755951,1.3897360176016078e-10,-2.165675509643597e-18,-0.09732060398778397,-0.09732060398778397,1.0,0.0
64057734.958991796,0.166643431214859,64057734.958991796,320342265.04100823,1.3881084581825619e-10,-2.1605879865587704e-18,-0.09709198210181243,-0.09709198210181243,1.0,0.0
64132975.893578716,0.16683916725696857,64132975.893578716,320267024.1064213,1.3864847199265565e-10,-2.1555183569377302e-18,-0.09686416430800306,-0.09686416430800306,1.0,0.0
64208216.828165635,0.16703490329907814,64208216.828165635,320191783.17183435,1.3848647894019484e-10,-2.15046653695547e-18,-0.09663714683944792,-0.09663714683944792,1.0,0.0
64283457.76275255,0.16723063934118768,64283457.76275255,320116542.23724747,1.38324865323998e-10,-2.1454324432772594e-18,-0.09641092595127103,-0.09641092595127103,1.0,0.0
64358698.69733947,0.16742637538329727,64358698.69733947,320041301.3026605,1.3816362981344128e-10,-2.1404159930552103e-18,-0.09618549792047393,-0.09618549792047393,1.0,0.0
64433939.63192639,0.16762211142540684,64433939.63192639,319966060.3680736,1.3800277108411622e-10,-2.135417103924865e-18,-0.09596085904578247,-0.09596085904578246,1.0000000000000002,1.3877787807814457e-17
64509180.56651331,0.1678178474675164,64509180.56651331,319890819.4334867,1.3784228781779335e-10,-2.1304356940018163e-18,-0.09573700564749492,-0.09573700564749493,0.9999999999999999,1.3877787807814457e-17
64584421.50110022,0.16801358350962597,64584421.50110022,319815578.49889976,1.3768217870238634e-10,-2.1254716818783563e-18,-0.09551393406733132,-0.09551393406733132,1.0,0.0
64659662.43568714,0.16820931955173554,64659662.43568714,319740337.5643129,1.3752244243191624e-10,-2.1205249866201434e-18,-0.09529164066828373,-0.09529164066828372,1.0000000000000002,1.3877787807814457e-17
64734903.37027406,0.1684050555938451,64734903.37027406,319665096.62972593,1.3736307770647598e-10,-2.1155955277629107e-18,-0.09507012183446834,-0.09507012183446831,1.0000000000000002,2.7755575615628914e-17
64810144.30486097,0.16860079163595465,64810144.30486097,319589855.69513905,1.3720408323219512e-10,-2.1106832253091886e-18,-0.09484937397097812,-0.09484937397097813,0.9999999999999999,1.3877787807814457e-17
64885385.23944789,0.16879652767806425,64885385.23944789,319514614.7605521,1.3704545772120478e-10,-2.1057879997250616e-18,-0.09462939350373717,-0.09462939350373717,1.0,0.0
64960626.17403481,0.1689922637201738,64960626.17403481,319439373.82596517,1.36887199891603e-10,-2.1009097719369468e-18,-0.09441017687935586,-0.09441017687935585,1.0000000000000002,1.3877787807814457e-17
65035867.108621724,0.16918799976228335,65035867.108621724,319364132.8913783,1.3672930846742024e-10,-2.0960484633284004e-18,-0.09419172056498741,-0.09419172056498741,1.0,0.0
65111108.043208644,0.16938373580439292,65111108.043208644,319288891.95679134,1.3657178217858486e-10,-2.091203995736952e-18,-0.09397402104818556,-0.09397402104818556,1.0,0.0
65186348.97779556,0.16957947184650252,65186348.97779556,319213651.02220446,1.3641461976088938e-10,-2.0863762914509597e-18,-0.0937570748367633,-0.09375707483676328,1.0000000000000002,1.3877787807814457e-17
65261589.912382476,0.16977520788861206,65261589.912382476,319138410.0876175,1.3625781995595657e-10,-2.0815652732064973e-18,-0.0935408784586529,-0.09354087845865289,1.0000000000000002,1.3877787807814457e-17
65336830.846969396,0.16997094393072162,65336830.846969396,319063169.15303063,1.3610138151120583e-10,-2.076770864184256e-18,-0.09332542846176681,-0.09332542846176681,1.0,0.0
65412071.781556316,0.17016667997283122,65412071.781556316,318987928.2184437,1.3594530317981985e-10,-2.0719929880064845e-18,-0.09311072141386004,-0.09311072141386001,1.0000000000000002,2.7755575615628914e-17
65487312.71614323,0.17036241601494076,65487312.71614323,318912687.28385675,1.357895837207116e-10,-2.0672315687339434e-18,-0.09289675390239335,-0.09289675390239337,0.9999999999999999,1.3877787807814457e-17
65562553.65073015,0.17055815205705033,65562553.65073015,318837446.34926987,1.356342218984913e-10,-2.062486530862888e-18,-0.09268352253439768,-0.09268352253439767,1.0000000000000002,1.3877787807814457e-17
65637794.58531707,0.1707538880991599,65637794.58531707,318762205.4146829,1.35479216483434e-10,-2.0577577993220734e-18,-0.09247102393633953,-0.0924710239363395,1.0000000000000002,2.7755575615628914e-17
65713035.51990398,0.17094962414126946,65713035.51990398,318686964.48009604,1.3532456625144684e-10,-2.0530452994697875e-18,-0.09225925475398761,-0.0922592547539876,1.0000000000000002,1.3877787807814457e-17
65788276.4544909,0.17114536018337903,65788276.4544909,318611723.5455091,1.3517026998403712e-10,-2.0483489570909038e-18,-0.09204821165228046,-0.09204821165228046,1.0,0.0
65863517.38907782,0.1713410962254886,65863517.38907782,318536482.61092216,1.3501632646828013e-10,-2.0436686983939595e-18,-0.09183789131519512,-0.0918378913151951,1.0000000000000002,2.7755575615628914e-17
65938758.32366473,0.17153683226759817,65938758.32366473,318461241.6763353,1.348627344967875e-10,-2.0390044500082553e-18,-0.0916282904456168,-0.0916282904456168,1.0,0.0
66013999.25825165,0.17173256830970773,66013999.25825165,318386000.74174833,1.3470949286767556e-10,-2.034356138980982e-18,-0.09141940576520972,-0.09141940576520971,1.0000000000000002,1.3877787807814457e-17
66089240.19283857,0.1719283043518173,66089240.19283857,318310759.80716145,1.3455660038453406e-10,-2.0297236927743644e-18,-0.09121123401428886,-0.09121123401428886,1.0,0.0
66164481.127425484,0.17212404039392687,66164481.127425484,318235518.8725745,1.344040558563951e-10,-2.0251070392628358e-18,-0.09100377195169287,-0.09100377195169286,1.0000000000000002,1.3877787807814457e-17
66239722.062012404,0.17231977643603644,66239722.062012404,318160277.93798757,1.34251858097702e-10,-2.0205061067302238e-18,-0.09079701635465769,-0.09079701635465767,1.0000000000000002,1.3877787807814457e-17
66314962.996599324,0.172515512478146,66314962.996599324,318085037.0034007,1.3410000592827892e-10,-2.0159208238669704e-18,-0.09059096401869157,-0.09059096401869159,0.9999999999999999,1.3877787807814457e-17
66390203.93118624,0.17271124852025554,66390203.93118624,318009796.06881374,1.3394849817330014e-10,-2.0113511197673686e-18,-0.09038561175745098,-0.09038561175745097,1.0000000000000002,1.3877787807814457e-17
66465444.86577316,0.17290698456236514,66465444.86577316,317934555.13422686,1.337973336632598e-10,-2.006796923926815e-18,-0.09018095640261702,-0.090180956402617,1.0000000000000002,1.3877787807814457e-17
66540685.800360076,0.1731027206044747,66540685.800360076,317859314.1996399,1.3364651123394196e-10,-2.002258166239095e-18,-0.08997699480377352,-0.08997699480377354,0.9999999999999999,1.3877787807814457e-17
66615926.73494699,0.17329845664658425,66615926.73494699,317784073.26505303,1.334960297263906e-10,-1.9977347769936883e-18,-0.08977372382828594,-0.08977372382828591,1.0000000000000002,2.7755575615628914e-17
66691167.66953391,0.17349419268869384,66691167.66953391,317708832.3304661,1.333458879868799e-10,-1.9932266868730793e-18,-0.08957114036118045,-0.08957114036118044,1.0000000000000002,1.3877787807814457e-17
66766408.60412083,0.1736899287308034,66766408.60412083,317633591.39587915,1.3319608486688498e-10,-1.988733826950116e-18,-0.08936924130502533,-0.08936924130502533,1.0,0.0
66841649.53870774,0.17388566477291295,66841649.53870774,317558350.46129227,1.3304661922305242e-10,-1.984256128685364e-18,-0.089168023579812,-0.08916802357981198,1.0000000000000002,2.7755575615628914e-17
66916890.47329466,0.17408140081502252,66916890.47329466,317483109.5267053,1.3289748991717132e-10,-1.9797935239244974e-18,-0.08896748412283778,-0.0889674841228378,0.9999999999999999,1.3877787807814457e-17
66992131.40788158,0.17427713685713211,66992131.40788158,317407868.59211844,1.3274869581614428e-10,-1.975345944895705e-18,-0.08876761988858936,-0.08876761988858936,1.0,0.0
67067372.34246849,0.17447287289924165,67067372.34246849,317332627.6575315,1.3260023579195893e-10,-1.970913324207116e-18,-0.08856842784862709,-0.08856842784862706,1.0000000000000002,2.7755575615628914e-17
67142613.27705541,0.17466860894135122,67142613.27705541,317257386.7229446,1.3245210872165922e-10,-1.966495594844244e-18,-0.08836990499147016,-0.08836990499147014,1.0000000000000002,1.3877787807814457e-17
67217854.21164232,0.1748643449834608,67217854.21164232,317182145.7883577,1.3230431348731722e-10,-1.9620926901674613e-18,-0.088172048322483,-0.08817204832248299,1.0000000000000002,1.3877787807814457e-17
67293095.14622924,0.17506008102557033,67293095.14622924,317106904.85377073,1.321568489760051e-10,-1.9577045439094772e-18,-0.08797485486376211,-0.0879748548637621,1.0000000000000002,1.3877787807814457e-17
67368336.08081616,0.17525581706767993,67368336.08081616,317031663.91918385,1.320097140797669e-10,-1.953331090172848e-18,-0.08777832165402404,-0.08777832165402404,1.0,0.0
67443577.01540309,0.17545155310978952,67443577.01540309,316956422.9845969,1.3186290769559128e-10,-1.9489722634275052e-18,-0.08758244574849437,-0.08758244574849436,1.0000000000000002,1.3877787807814457e-17
67518817.94999,0.17564728915189906,67518817.94999,316881182.05000997,1.3171642872538354e-10,-1.9446279985082978e-18,-0.08738722421879726,-0.08738722421879726,1.0,0.0
67594058.88457692,0.17584302519400863,67594058.88457692,316805941.1154231,1.3157027607593843e-10,-1.9402982306125554e-18,-0.08719265415284591,-0.08719265415284591,1.0,0.0
67669299.81916383,0.17603876123611817,67669299.81916383,316730700.1808362,1.3142444865891298e-10,-1.935982895297672e-18,-0.08699873265473404,-0.08699873265473404,1.0,0.0
67744540.75375074,0.17623449727822774,67744540.75375074,316655459.24624926,1.3127894539079943e-10,-1.93168192847871e-18,-0.08680545684462818,-0.08680545684462816,1.0000000000000002,1.3877787807814457e-17
67819781.68833767,0.17643023332033733,67819781.68833767,316580218.3116623,1.3113376519289848e-10,-1.9273952664260168e-18,-0.08661282385866055,-0.08661282385866054,1.0000000000000002,1.3877787807814457e-17
67895022.6229246,0.17662596936244693,67895022.6229246,316504977.37707543,1.309889069912926e-10,-1.9231228457628704e-18,-0.0864208308488233,-0.08642083084882328,1.0000000000000002,1.3877787807814457e-17
67970263.55751151,0.17682170540455647,67970263.55751151,316429736.4424885,1.308443697168197e-10,-1.9188646034631297e-18,-0.08622947498286289,-0.08622947498286287,1.0000000000000002,1.3877787807814457e-17
68045504.49209842,0.17701744144666604,68045504.49209842,316354495.50790155,1.3070015230504649e-10,-1.9146204768489117e-18,-0.08603875344417573,-0.08603875344417572,1.0000000000000002,1.3877787807814457e-17
68120745.42668533,0.17721317748877558,68120745.42668533,316279254.57331467,1.3055625369624277e-10,-1.9103904035882874e-18,-0.08584866343170462,-0.08584866343170461,1.0000000000000002,1.3877787807814457e-17
68195986.36127225,0.17740891353088514,68195986.36127225,316204013.6387278,1.3041267283535526e-10,-1.9061743216929896e-18,-0.08565920215983575,-0.08565920215983573,1.0000000000000002,1.3877787807814457e-17
68271227.29585917,0.17760464957299474,68271227.29585917,316128772.70414084,1.3026940867198183e-10,-1.901972169516143e-18,-0.08547036685829669,-0.08547036685829668,1.0000000000000002,1.3877787807814457e-17
68346468.2304461,0.1778003856151043,68346468.2304461,316053531.7695539,1.3012646016034606e-10,-1.897783885750013e-18,-0.08528215477205525,-0.08528215477205527,0.9999999999999999,1.3877787807814457e-17
68421709.16503301,0.17799612165721387,68421709.16503301,315978290.834967,1.2998382625927157e-10,-1.893609409423766e-18,-0.08509456316121881,-0.08509456316121881,1.0,0.0
68496950.09961993,0.1781918576993234,68496950.09961993,315903049.9003801,1.2984150593215696e-10,-1.8894486799012493e-18,-0.08490758930093457,-0.08490758930093457,1.0,0.0
68572191.03420684,0.17838759374143298,68572191.03420684,315827808.96579313,1.296994981469506e-10,-1.885301636878793e-18,-0.08472123048129072,-0.08472123048129072,1.0,0.0
68647431.96879375,0.17858332978354252,68647431.96879375,315752568.03120625,1.2955780187612572e-10,-1.8811682203830213e-18,-0.08453548400721816,-0.08453548400721816,1.0,0.0
68722672.90338068,0.17877906582565212,68722672.90338068,315677327.0966193,1.2941641609665562e-10,-1.877048370768684e-18,-0.08435034719839304,-0.08435034719839303,1.0000000000000002,1.3877787807814457e-17
68797913.8379676,0.1789748018677617,68797913.8379676,315602086.16203237,1.2927533978998912e-10,-1.872942028716508e-18,-0.08416581738914015,-0.08416581738914015,1.0,0.0
68873154.77255452,0.17917053790987128,68873154.77255452,315526845.2274455,1.2913457194202612e-10,-1.86884913523106e-18,-0.08398189192833691,-0.08398189192833688,1.0000000000000002,2.7755575615628914e-17
68948395.70714143,0.17936627395198082,68948395.70714143,315451604.2928586,1.2899411154309322e-10,-1.8647696316386226e-18,-0.083798568179318,-0.08379856817931797,1.0000000000000002,2.7755575615628914e-17
69023636.64172834,0.1795620099940904,69023636.64172834,315376363.35827166,1.2885395758791968e-10,-1.8607034595850988e-18,-0.08361584351978102,-0.083615843519781,1.0000000000000002,1.3877787807814457e-17
69098877.57631525,0.17975774603619993,69098877.57631525,315301122.4236847,1.2871410907561336e-10,-1.8566505610339208e-18,-0.08343371534169271,-0.08343371534169272,0.9999999999999999,1.3877787807814457e-17
69174118.51090218,0.17995348207830952,69174118.51090218,315225881.48909783,1.2857456500963698e-10,-1.8526108782639786e-18,-0.08325218105119574,-0.08325218105119574,1.0,0.0
69249359.44548911,0.18014921812041912,69249359.44548911,315150640.5545109,1.2843532439778453e-10,-1.848584353867567e-18,-0.08307123806851648,-0.08307123806851648,1.0,0.0
69324600.38007602,0.18034495416252866,69324600.38007602,315075399.61992395,1.2829638625215762e-10,-1.844570930748344e-18,-0.0828908838278733,-0.08289088382787331,0.9999999999999998,1.3877787807814457e-17
69399841.31466293,0.18054069020463823,69399841.31466293,315000158.68533707,1.2815774958914221e-10,-1.840570552119307e-18,-0.08271111577738553,-0.08271111577738553,1.0,0.0
69475082.24924985,0.18073642624674777,69475082.24924985,314924917.7507502,1.280194134293853e-10,-1.8365831615007823e-18,-0.08253193137898326,-0.08253193137898325,1.0000000000000002,1.3877787807814457e-17
69550323.18383676,0.18093216228885733,69550323.18383676,314849676.81616324,1.2788137679777217e-10,-1.832608702718434e-18,-0.08235332810831768,-0.08235332810831769,0.9999999999999998,1.3877787807814457e-17
69625564.11842369,0.18112789833096693,69625564.11842369,314774435.8815763,1.2774363872340303e-10,-1.8286471199012834e-18,-0.08217530345467224,-0.08217530345467222,1.0000000000000002,1.3877787807814457e-17
69700805.05301061,0.18132363437307653,69700805.05301061,314699194.9469894,1.2760619823957076e-10,-1.824698357479746e-18,-0.08199785492087434,-0.08199785492087433,1.0000000000000002,1.3877787807814457e-17
69776045.98759753,0.18151937041518607,69776045.98759753,314623954.0124025,1.27469054383738e-10,-1.8207623601836842e-18,-0.08182098002320785,-0.08182098002320784,1.0000000000000002,1.3877787807814457e-17
69851286.92218444,0.18171510645729563,69851286.92218444,314548713.07781553,1.2733220619751463e-10,-1.816839073040468e-18,-0.08164467629132599,-0.081644676291326,0.9999999999999998,1.3877787807814457e-17
69926527.85677135,0.18191084249940517,69926527.85677135,314473472.14322865,1.2719565272663576e-10,-1.812928441373061e-18,-0.08146894126816528,-0.08146894126816527,1.0000000000000002,1.3877787807814457e-17
70001768.79135826,0.18210657854151474,70001768.79135826,314398231.20864177,1.2705939302093933e-10,-1.809030410798111e-18,-0.08129377250985974,-0.08129377250985974,1.0,0.0
70077009.72594519,0.18230231458362434,70077009.72594519,314322990.2740548,1.269234261343441e-10,-1.805144927224061e-18,-0.08111916758565603,-0.08111916758565602,1.0000000000000002,1.3877787807814457e-17
70152250.66053212,0.1824980506257339,70152250.66053212,314247749.3394679,1.267877511248279e-10,-1.801271936849273e-18,-0.0809451240778291,-0.08094512407782908,1.0000000000000002,1.3877787807814457e-17
70227491.59511903,0.18269378666784347,70227491.59511903,314172508.404881,1.2665236705440568e-10,-1.797411386160165e-18,-0.0807716395815985,-0.08077163958159851,0.9999999999999998,1.3877787807814457e-17
70302732.52970594,0.182889522709953,70302732.52970594,314097267.47029406,1.2651727298910817e-10,-1.793563221929361e-18,-0.08059871170504526,-0.08059871170504525,1.0000000000000002,1.3877787807814457e-17
70377973.46429285,0.18308525875206258,70377973.46429285,314022026.5357071,1.2638246799896017e-10,-1.789727391213855e-18,-0.08042633806902932,-0.08042633806902932,1.0,0.0
70453214.39887977,0.18328099479417212,70453214.39887977,313946785.60112023,1.262479511579593e-10,-1.785903841353194e-18,-0.08025451630710795,-0.08025451630710793,1.0000000000000002,1.3877787807814457e-17
70528455.3334667,0.18347673083628172,70528455.3334667,313871544.6665333,1.2611372154405485e-10,-1.7820925199676662e-18,-0.08008324406545428,-0.08008324406545426,1.0000000000000002,1.3877787807814457e-17
70603696.26805362,0.1836724668783913,70603696.26805362,313796303.73194635,1.2597977823912678e-10,-1.7782933749565105e-18,-0.07991251900277686,-0.07991251900277686,1.0,0.0
70678937.20264053,0.18386820292050088,70678937.20264053,313721062.79735947,1.2584612032896466e-10,-1.7745063544961337e-18,-0.07974233879023956,-0.07974233879023955,1.0000000000000002,1.3877787807814457e-17
70754178.13722745,0.18406393896261042,70754178.13722745,313645821.8627726,1.2571274690324695e-10,-1.7707314070383404e-18,-0.07957270111138201,-0.07957270111138202,0.9999999999999998,1.3877787807814457e-17
70829419.07181436,0.18425967500471999,70829419.07181436,313570580.92818564,1.255796570555203e-10,-1.7669684813085855e-18,-0.07940360366204105,-0.07940360366204102,1.0000000000000004,2.7755575615628914e-17
70904660.00640127,0.18445541104682953,70904660.00640127,313495339.9935987,1.2544684988317909e-10,-1.7632175263042244e-18,-0.07923504415027213,-0.07923504415027213,1.0,0.0
70979900.9409882,0.18465114708893912,70979900.9409882,313420099.0590118,1.2531432448744504e-10,-1.759478491292791e-18,-0.07906702029627193,-0.07906702029627193,1.0,0.0
71055141.87557513,0.18484688313104872,71055141.87557513,313344858.1244249,1.251820799733469e-10,-1.75575132581028e-18,-0.07889952983230114,-0.07889952983230114,1.0,0.0
71130382.81016204,0.18504261917315826,71130382.81016204,313269617.18983793,1.2505011544970035e-10,-1.7520359796594447e-18,-0.07873257050260798,-0.07873257050260797,1.0000000000000002,1.3877787807814457e-17
71205623.74474895,0.18523835521526782,71205623.74474895,313194376.25525105,1.2491843002908797e-10,-1.7483324029081034e-18,-0.07856614006335212,-0.07856614006335211,1.0000000000000002,1.3877787807814457e-17
71280864.67933586,0.18543409125737736,71280864.67933586,313119135.32066417,1.2478702282783932e-10,-1.7446405458874655e-18,-0.0784002362825294,-0.0784002362825294,1.0,0.0
71356105.61392277,0.18562982729948693,71356105.61392277,313043894.3860772,1.2465589296601126e-10,-1.7409603591904637e-18,-0.07823485693989697,-0.07823485693989697,1.0,0.0
71431346.5485097,0.18582556334159653,71431346.5485097,312968653.4514903,1.2452503956736827e-10,-1.7372917936701004e-18,-0.07806999982689887,-0.07806999982689888,0.9999999999999998,1.3877787807814457e-17
71506587.48309663,0.18602129938370612,71506587.48309663,312893412.5169034,1.24394461759363e-10,-1.7336348004378108e-18,-0.0779056627465926,-0.07790566274659258,1.0000000000000002,1.3877787807814457e-17
71581828.41768354,0.18621703542581566,71581828.41768354,312818171.58231646,1.2426415867311688e-10,-1.7299893308618291e-18,-0.07774184351357553,-0.07774184351357553,1.0,0.0
71657069.35227045,0.18641277146792523,71657069.35227045,312742930.6477295,1.2413412944340075e-10,-1.7263553365655723e-18,-0.07757853995391249,-0.07757853995391248,1.0000000000000002,1.3877787807814457e-17
71732310.28685737,0.18660850751003477,71732310.28685737,312667689.71314263,1.2400437320861585e-10,-1.722732769426037e-18,-0.07741574990506353,-0.07741574990506353,1.0,0.0
71807551.22144428,0.18680424355214434,71807551.22144428,312592448.77855575,1.238748891107747e-10,-1.7191215815722043e-18,-0.07725347121581236,-0.07725347121581234,1.0000000000000002,1.3877787807814457e-17
71882792.1560312,0.1869999795942539,71882792.1560312,312517207.8439688,1.2374567629548228e-10,-1.7155217253834585e-18,-0.0770917017461952,-0.0770917017461952,1.0,0.0
71958033.09061813,0.1871957156363635,71958033.09061813,312441966.90938187,1.2361673391191726e-10,-1.711933153488019e-18,-0.07693043936743042,-0.07693043936743042,1.0,0.0
72033274.02520505,0.18739145167847307,72033274.02520505,312366725.974795,1.2348806111281326e-10,-1.7083558187613787e-18,-0.07676968196184826,-0.07676968196184826,1.0,0.0
72108514.95979196,0.1875871877205826,72108514.95979196,312291485.04020804,1.233596570544403e-10,-1.7047896743247573e-18,-0.07660942742282141,-0.07660942742282141,1.0,0.0
72183755.89437887,0.18778292376269218,72183755.89437887,312216244.1056211,1.232315208965865e-10,-1.701234673543566e-18,-0.07644967365469596,-0.07644967365469596,1.0,0.0
72258996.8289658,0.18797865980480177,72258996.8289658,312141003.1710342,1.2310365180253948e-10,-1.6976907700258828e-18,-0.0762904185727229,-0.07629041857272288,1.0000000000000002,1.3877787807814457e-17
72334237.76355271,0.1881743958469113,72334237.76355271,312065762.2364473,1.2297604893906867e-10,-1.6941579176209388e-18,-0.07613166010299008,-0.07613166010299008,1.0,0.0
72409478.69813964,0.1883701318890209,72409478.69813964,311990521.30186033,1.2284871147640656e-10,-1.6906360704176142e-18,-0.07597339618235469,-0.07597339618235469,1.0,0.0
72484719.63272655,0.18856586793113048,72484719.63272655,311915280.36727345,1.2272163858823131e-10,-1.6871251827429492e-18,-0.07581562475837626,-0.07581562475837625,1.0000000000000002,1.3877787807814457e-17
72559960.56731346,0.18876160397324002,72559960.56731346,311840039.43268657,1.2259482945164853e-10,-1.6836252091606594e-18,-0.07565834378925002,-0.07565834378925,1.0000000000000002,1.3877787807814457e-17
72635201.50190037,0.18895734001534958,72635201.50190037,311764798.4980996,1.2246828324717365e-10,-1.6801361044696676e-18,-0.07550155124374083,-0.07550155124374083,1.0,0.0
72710442.4364873,0.18915307605745915,72710442.4364873,311689557.5635127,1.223419991587143e-10,-1.676657823702645e-18,-0.07534524510111772,-0.0753452451011177,1.0000000000000002,1.3877787807814457e-17
72785683.37107421,0.18934881209956872,72785683.37107421,311614316.6289258,1.2221597637355272e-10,-1.673190322124561e-18,-0.07518942335108866,-0.07518942335108864,1.0000000000000004,2.7755575615628914e-17
72860924.30566114,0.18954454814167832,72860924.30566114,311539075.69433886,1.2209021408232835e-10,-1.6697335552312434e-18,-0.0750340839937359,-0.0750340839937359,1.0,0.0
72936165.24024805,0.18974028418378786,72936165.24024805,311463834.7597519,1.219647114790206e-10,-1.6662874787479544e-18,-0.07487922503945195,-0.07487922503945195,1.0,0.0
73011406.17483497,0.18993602022589742,73011406.17483497,311388593.82516503,1.218394677609315e-10,-1.6628520486279677e-18,-0.07472484450887562,-0.0747248445088756,1.0000000000000002,1.3877787807814457e-17
73086647.10942188,0.19013175626800696,73086647.10942188,311313352.89057815,1.2171448212866867e-10,-1.6594272210511625e-18,-0.0745709404328289,-0.0745709404328289,1.0,0.0
73161888.0440088,0.19032749231011656,73161888.0440088,311238111.9559912,1.2158975378612826e-10,-1.6560129524226276e-18,-0.07441751085225418,-0.07441751085225418,1.0,0.0
73237128.97859572,0.19052322835222613,73237128.97859572,311162871.02140427,1.2146528194047825e-10,-1.6526091993712745e-18,-0.07426455381815195,-0.07426455381815193,1.0000000000000002,1.3877787807814457e-17
73312369.91318265,0.1907189643943357,73312369.91318265,311087630.0868174,1.213410658021414e-10,-1.6492159187484534e-18,-0.07411206739151856,-0.07411206739151854,1.0000000000000002,1.3877787807814457e-17
73387610.84776956,0.19091470043644526,73387610.84776956,311012389.15223044,1.212171045847788e-10,-1.6458330676265956e-18,-0.07396004964328529,-0.07396004964328529,1.0,0.0
73462851.78235647,0.1911104364785548,73462851.78235647,310937148.2176435,1.2109339750527305e-10,-1.6424606032978467e-18,-0.07380849865425687,-0.07380849865425686,1.0000000000000002,1.3877787807814457e-17
73538092.71694338,0.19130617252066437,73538092.71694338,310861907.2830566,1.2096994378371198e-10,-1.6390984832727225e-18,-0.07365741251505112,-0.07365741251505112,1.0,0.0
73613333.65153031,0.19150190856277396,73613333.65153031,310786666.3484697,1.2084674264337218e-10,-1.6357466652787704e-18,-0.07350678932603874,-0.07350678932603873,1.0000000000000002,1.3877787807814457e-17
73688574.58611722,0.1916976446048835,73688574.58611722,310711425.4138828,1.207237933107028e-10,-1.6324051072592417e-18,-0.07335662719728368,-0.07335662719728367,1.0000000000000002,1.3877787807814457e-17
73763815.52070414,0.19189338064699307,73763815.52070414,310636184.47929585,1.2060109501530917e-10,-1.6290737673717673e-18,-0.07320692424848367,-0.07320692424848367,1.0,0.0
73839056.45529106,0.19208911668910267,73839056.45529106,310560943.54470897,1.2047864698993692e-10,-1.625752603987053e-18,-0.07305767860891152,-0.07305767860891152,1.0,0.0
73914297.38987797,0.1922848527312122,73914297.38987797,310485702.610122,1.2035644847045603e-10,-1.6224415756875768e-18,-0.0729088884173566,-0.07290888841735661,0.9999999999999998,1.3877787807814457e-17
73989538.32446489,0.19248058877332178,73989538.32446489,310410461.6755351,1.2023449869584468e-10,-1.6191406412662968e-18,-0.0727605518220668,-0.07276055182206678,1.0000000000000002,1.3877787807814457e-17
74064779.25905181,0.19267632481543137,74064779.25905181,310335220.7409482,1.2011279690817374e-10,-1.6158497597253676e-18,-0.07261266698069083,-0.07261266698069081,1.0000000000000002,1.3877787807814457e-17
74140020.19363873,0.1928720608575409,74140020.19363873,310259979.80636126,1.1999134235259093e-10,-1.612568890274872e-18,-0.07246523206022121,-0.07246523206022121,1.0,0.0
74215261.12822564,0.19306779689965048,74215261.12822564,310184738.8717744,1.198701342773053e-10,-1.6092979923315523e-18,-0.07231824523693729,-0.07231824523693729,1.0,0.0
74290502.06281257,0.19326353294176005,74290502.06281257,310109497.93718743,1.1974917193357154e-10,-1.6060370255175549e-18,-0.07217170469634884,-0.07217170469634884,1.0,0.0
74365742.99739948,0.19345926898386961,74365742.99739948,310034257.00260055,1.1962845457567493e-10,-1.602785949659189e-18,-0.07202560863314021,-0.07202560863314021,1.0,0.0
74440983.93198639,0.19365500502597915,74440983.93198639,309959016.0680136,1.195079814609157e-10,-1.5995447247856828e-18,-0.0718799552511145,-0.0718799552511145,1.0,0.0
74516224.86657332,0.19385074106808875,74516224.86657332,309883775.13342667,1.1938775184959386e-10,-1.5963133111279583e-18,-0.07173474276313846,-0.07173474276313846,1.0,0.0
74591465.80116023,0.19404647711019832,74591465.80116023,309808534.1988398,1.1926776500499427e-10,-1.5930916691174127e-18,-0.07158996939108776,-0.07158996939108776,1.0,0.0
74666706.73574714,0.19424221315230786,74666706.73574714,309733293.26425284,1.1914802019337142e-10,-1.5898797593847026e-18,-0.07144563336579235,-0.07144563336579234,1.0000000000000002,1.3877787807814457e-17
74741947.67033407,0.19443794919441745,74741947.67033407,309658052.3296659,1.1902851668393446e-10,-1.5866775427585421e-18,-0.0713017329269824,-0.0713017329269824,1.0,0.0
74817188.60492098,0.19463368523652702,74817188.60492098,309582811.395079,1.1890925374883248e-10,-1.5834849802645137e-18,-0.07115826632323495,-0.07115826632323496,0.9999999999999998,1.3877787807814457e-17
74892429.5395079,0.19482942127863656,74892429.5395079,309507570.46049213,1.1879023066313966e-10,-1.5803020331238746e-18,-0.07101523181192021,-0.0710152318119202,1.0000000000000002,1.3877787807814457e-17
74967670.47409482,0.19502515732074616,74967670.47409482,309432329.5259052,1.186714467048406e-10,-1.5771286627523819e-18,-0.07087262765914876,-0.07087262765914876,1.0,0.0
75042911.40868174,0.19522089336285572,75042911.40868174,309357088.59131825,1.1855290115481573e-10,-1.5739648307591265e-18,-0.07073045213971918,-0.07073045213971918,1.0,0.0
75118152.34326865,0.19541662940496526,75118152.34326865,309281847.65673137,1.184345932968268e-10,-1.5708104989453666e-18,-0.07058870353706563,-0.07058870353706562,1.0000000000000002,1.3877787807814457e-17
75193393.27785558,0.19561236544707486,75193393.27785558,309206606.7221444,1.1831652241750246e-10,-1.5676656293033772e-18,-0.07044738014320612,-0.0704473801432061,1.0000000000000002,1.3877787807814457e-17
75268634.21244249,0.1958081014891844,75268634.21244249,309131365.7875575,1.1819868780632407e-10,-1.564530184015305e-18,-0.07030648025869107,-0.07030648025869107,1.0,0.0
75343875.1470294,0.19600383753129397,75343875.1470294,309056124.8529706,1.1808108875561114e-10,-1.5614041254520301e-18,-0.07016600219255219,-0.07016600219255217,1.0000000000000002,1.3877787807814457e-17
75419116.08161633,0.19619957357340356,75419116.08161633,308980883.91838366,1.179637245605075e-10,-1.5582874161720377e-18,-0.07002594426225167,-0.07002594426225167,1.0,0.0
75494357.01620324,0.1963953096155131,75494357.01620324,308905642.9837968,1.1784659451896712e-10,-1.555180018920298e-18,-0.06988630479363199,-0.06988630479363199,1.0,0.0
75569597.95079015,0.19659104565762267,75569597.95079015,308830402.04920983,1.177296979317399e-10,-1.5520818966271494e-18,-0.06974708212086562,-0.06974708212086561,1.0000000000000002,1.3877787807814457e-17
75644838.88537708,0.19678678169973227,75644838.88537708,308755161.11462295,1.1761303410235817e-10,-1.5489930124071958e-18,-0.06960827458640553,-0.06960827458640552,1.0000000000000002,1.3877787807814457e-17
75720079.81996399,0.1969825177418418,75720079.81996399,308679920.180036,1.1749660233712257e-10,-1.5459133295582078e-18,-0.0694698805409358,-0.0694698805409358,1.0,0.0
75795320.7545509,0.19717825378395137,75795320.7545509,308604679.24544907,1.1738040194508836e-10,-1.5428428115600314e-18,-0.06933189834332251,-0.06933189834332251,1.0,0.0
75870561.68913783,0.19737398982606097,75870561.68913783,308529438.3108622,1.1726443223805182e-10,-1.5397814220735055e-18,-0.06919432636056523,-0.06919432636056522,1.0000000000000002,1.3877787807814457e-17
75945802.62372474,0.1975697258681705,75945802.62372474,308454197.37627524,1.1714869253053669e-10,-1.536729124939388e-18,-0.06905716296774865,-0.06905716296774865,1.0,0.0
76021043.55831167,0.1977654619102801,76021043.55831167,308378956.4416883,1.1703318213978057e-10,-1.5336858841772847e-18,-0.06892040654799449,-0.06892040654799449,1.0,0.0
76096284.49289858,0.19796119795238964,76096284.49289858,308303715.5071014,1.169179003857216e-10,-1.5306516639845934e-18,-0.06878405549241402,-0.06878405549241402,1.0,0.0
76171525.4274855,0.1981569339944992,76171525.4274855,308228474.57251453,1.168028465909851e-10,-1.5276264287354458e-18,-0.06864810820006059,-0.06864810820006059,1.0,0.0
76246766.36207242,0.1983526700366088,76246766.36207242,308153233.6379276,1.1668802008087022e-10,-1.5246101429796639e-18,-0.06851256307788264,-0.06851256307788264,1.0,0.0
76322007.29665934,0.19854840607871835,76322007.29665934,308077992.70334065,1.1657342018333693e-10,-1.5216027714417236e-18,-0.06837741854067717,-0.06837741854067715,1.0000000000000002,1.3877787807814457e-17
76397248.23124625,0.19874414212082792,76397248.23124625,308002751.76875377,1.1645904622899276e-10,-1.5186042790197183e-18,-0.06824267301104314,-0.06824267301104314,1.0,0.0
76472489.16583318,0.1989398781629375,76472489.16583318,307927510.8341668,1.1634489755107983e-10,-1.5156146307843375e-18,-0.06810832491933565,-0.06810832491933565,1.0,0.0
76547730.10042009,0.19913561420504705,76547730.10042009,307852269.8995799,1.1623097348546202e-10,-1.51263379197785e-18,-0.06797437270362014,-0.06797437270362014,1.0,0.0
76622971.035007,0.19933135024715662,76622971.035007,307777028.964993,1.1611727337061189e-10,-1.509661728013092e-18,-0.06784081480962698,-0.06784081480962698,1.0,0.0
76698211.96959393,0.1995270862892662,76698211.96959393,307701788.03040606,1.1600379654759798e-10,-1.5066984044724619e-18,-0.06770764969070626,-0.06770764969070626,1.0,0.0
76773452.90418084,0.19972282233137575,76773452.90418084,307626547.0958192,1.1589054236007219e-10,-1.5037437871069292e-18,-0.06757487580778336,-0.06757487580778336,1.0,0.0
76848693.83876775,0.1999185583734853,76848693.83876775,307551306.16123223,1.1577751015425694e-10,-1.5007978418350396e-18,-0.06744249162931405,-0.06744249162931404,1.0000000000000002,1.3877787807814457e-17
76923934.77335468,0.2001142944155949,76923934.77335468,307476065.22664535,1.156646992789327e-10,-1.497860534741932e-18,-0.06731049563124052,-0.06731049563124052,1.0,0.0
76999175.70794159,0.20031003045770446,76999175.70794159,307400824.2920584,1.155521090854256e-10,-1.4949318320783683e-18,-0.0671788862969476,-0.0671788862969476,1.0,0.0
77074416.6425285,0.200505766499814,77074416.6425285,307325583.35747147,1.1543973892759479e-10,-1.4920117002597554e-18,-0.06704766211721898,-0.06704766211721898,1.0,0.0
77149657.57711543,0.2007015025419236,77149657.57711543,307250342.4228846,1.1532758816182016e-10,-1.4891001058651876e-18,-0.06691682159019403,-0.06691682159019402,1.0000000000000002,1.3877787807814457e-17
77224898.51170234,0.20089723858403316,77224898.51170234,307175101.48829764,1.1521565614699023e-10,-1.4861970156364902e-18,-0.06678636322132493,-0.06678636322132493,1.0,0.0
77300139.44628926,0.2010929746261427,77300139.44628926,307099860.55371076,1.1510394224448969e-10,-1.4833023964772668e-18,-0.06665628552333379,-0.06665628552333377,1.0000000000000002,1.3877787807814457e-17
77375380.38087618,0.2012887106682523,77375380.38087618,307024619.6191238,1.149924458181874e-10,-1.4804162154519566e-18,-0.06652658701617031,-0.06652658701617031,1.0,0.0
77450621.3154631,0.20148444671036186,77450621.3154631,306949378.68453693,1.1488116623442435e-10,-1.4775384397849004e-18,-0.06639726622696984,-0.06639726622696983,1.0000000000000002,1.3877787807814457e-17
77525862.25005001,0.2016801827524714,77525862.25005001,306874137.74995,1.1477010286200157e-10,-1.474669036859406e-18,-0.0662683216900113,-0.0662683216900113,1.0,0.0
77601103.18463694,0.201875918794581,77601103.18463694,306798896.81536305,1.146592550721682e-10,-1.471807974216825e-18,-0.0661397519466758,-0.06613975194667579,1.0000000000000002,1.3877787807814457e-17
77676344.11922385,0.20207165483669054,77676344.11922385,306723655.88077617,1.1454862223860981e-10,-1.4689552195556372e-18,-0.06601155554540539,-0.06601155554540539,1.0,0.0
77751585.05381076,0.2022673908788001,77751585.05381076,306648414.9461892,1.144382037374364e-10,-1.4661107407305346e-18,-0.06588373104166198,-0.065883731041662,0.9999999999999998,1.3877787807814457e-17
77826825.98839769,0.2024631269209097,77826825.98839769,306573174.0116023,1.1432799894717075e-10,-1.4632745057515183e-18,-0.0657562769978867,-0.0657562769978867,1.0,0.0
77902066.9229846,0.20265886296301924,77902066.9229846,306497933.0770154,1.1421800724873684e-10,-1.4604464827829994e-18,-0.06562919198345957,-0.06562919198345955,1.0000000000000002,1.3877787807814457e-17
77977307.85757151,0.2028545990051288,77977307.85757151,306422692.1424285,1.1410822802544818e-10,-1.4576266401429034e-18,-0.0655024745746591,-0.0655024745746591,1.0,0.0
78052548.79215844,0.2030503350472384,78052548.79215844,306347451.2078416,1.1399866066299627e-10,-1.4548149463017836e-18,-0.06537612335462266,-0.06537612335462265,1.0000000000000002,1.3877787807814457e-17
78127789.72674535,0.20324607108934795,78127789.72674535,306272210.27325463,1.1388930454943931e-10,-1.4520113698819406e-18,-0.06525013691330675,-0.06525013691330674,1.0000000000000002,1.3877787807814457e-17
78203030.66133226,0.2034418071314575,78203030.66133226,306196969.33866775,1.1378015907519063e-10,-1.4492158796565459e-18,-0.06512451384744766,-0.06512451384744766,1.0,0.0
78278271.59591919,0.2036375431735671,78278271.59591919,306121728.4040808,1.1367122363300746e-10,-1.446428444548771e-18,-0.06499925276052239,-0.06499925276052237,1.0000000000000002,1.3877787807814457e-17
78353512.5305061,0.20383327921567665,78353512.5305061,306046487.46949387,1.1356249761797966e-10,-1.4436490336309266e-18,-0.06487435226270988,-0.06487435226270986,1.0000000000000002,1.3877787807814457e-17
78428753.46509302,0.20402901525778622,78428753.46509302,305971246.534907,1.1345398042751858e-10,-1.4408776161236009e-18,-0.06474981097085233,-0.06474981097085233,1.0,0.0
78503994.39967994,0.20422475129989578,78503994.39967994,305896005.60032004,1.133456714613458e-10,-1.43811416139481e-18,-0.06462562750841705,-0.06462562750841705,1.0,0.0
78579235.33426686,0.20442048734200535,78579235.33426686,305820764.66573316,1.1323757012148226e-10,-1.4353586389591509e-18,-0.06450180050545834,-0.06450180050545834,1.0,0.0
78654476.26885377,0.2046162233841149,78654476.26885377,305745523.7311462,1.1312967581223709e-10,-1.4326110184769594e-18,-0.0643783285985797,-0.0643783285985797,1.0,0.0
78729717.2034407,0.2048119594262245,78729717.2034407,305670282.79655933,1.1302198794019677e-10,-1.4298712697534751e-18,-0.06425521043089624,-0.06425521043089624,1.0,0.0
78804958.13802761,0.20500769546833406,78804958.13802761,305595041.8619724,1.1291450591421427e-10,-1.427139362738014e-18,-0.06413244465199759,-0.06413244465199759,1.0,0.0
78880199.07261452,0.2052034315104436,78880199.07261452,305519800.92738545,1.1280722914539814e-10,-1.4244152675231404e-18,-0.06401002991791059,-0.06401002991791059,1.0,0.0
78955440.00720145,0.2053991675525532,78955440.00720145,305444559.99279857,1.1270015704710185e-10,-1.421698954343851e-18,-0.06388796489106273,-0.06388796489106272,1.0000000000000002,1.3877787807814457e-17
79030680.94178836,0.20559490359466276,79030680.94178836,305369319.0582116,1.1259328903491318e-10,-1.4189903935767618e-18,-0.06376624824024549,-0.06376624824024547,1.0000000000000002,1.3877787807814457e-17
79105921.87637527,0.2057906396367723,79105921.87637527,305294078.12362474,1.1248662452664336e-10,-1.416289555739298e-18,-0.06364487864057804,-0.06364487864057802,1.0000000000000002,1.3877787807814457e-17
79181162.8109622,0.2059863756788819,79181162.8109622,305218837.1890378,1.123801629423167e-10,-1.4135964114888935e-18,-0.06352385477347122,-0.06352385477347122,1.0,0.0
79256403.74554911,0.20618211172099143,79256403.74554911,305143596.2544509,1.1227390370416006e-10,-1.4109109316221944e-18,-0.06340317532659176,-0.06340317532659175,1.0000000000000002,1.3877787807814457e-17
79331644.68013602,0.206377847763101,79331644.68013602,305068355.319864,1.1216784623659235e-10,-1.4082330870742645e-18,-0.06328283899382656,-0.06328283899382654,1.0000000000000002,1.3877787807814457e-17
79406885.61472295,0.2065735838052106,79406885.61472295,304993114.38527703,1.1206198996621413e-10,-1.4055628489178003e-18,-0.0631628444752474,-0.0631628444752474,1.0,0.0
79482126.54930986,0.20676931984732014,79482126.54930986,304917873.45069015,1.1195633432179741e-10,-1.4029001883623514e-18,-0.063043190477076,-0.063043190477076,1.0,0.0
79557367.48389678,0.2069650558894297,79557367.48389678,304842632.5161032,1.1185087873427524e-10,-1.4002450767535407e-18,-0.06292387571164887,-0.06292387571164887,1.0,0.0
79632608.4184837,0.2071607919315393,79632608.4184837,304767391.58151627,1.1174562263673153e-10,-1.3975974855722951e-18,-0.06280489889738275,-0.06280489889738274,1.0000000000000002,1.3877787807814457e-17
79707849.35307062,0.20735652797364884,79707849.35307062,304692150.6469294,1.11640565464391e-10,-1.3949573864340817e-18,-0.06268625875874036,-0.06268625875874033,1.0000000000000004,2.7755575615628914e-17
79783090.28765753,0.2075522640157584,79783090.28765753,304616909.7123425,1.1153570665460897e-10,-1.392324751088142e-18,-0.06256795402619592,-0.06256795402619592,1.0,0.0
79858331.22224446,0.207748000057868,79858331.22224446,304541668.77775556,1.1143104564686134e-10,-1.3896995514167403e-18,-0.06244998343620139,-0.06244998343620138,1.0000000000000002,6.938893903907228e-18
79933572.15683137,0.20794373609997754,79933572.15683137,304466427.8431686,1.1132658188273469e-10,-1.3870817594344118e-18,-0.06233234573115271,-0.0623323457311527,1.0000000000000002,1.3877787807814457e-17
80008813.09141828,0.2081394721420871,80008813.09141828,304391186.90858173,1.1122231480591626e-10,-1.3844713472872147e-18,-0.06221503965935617,-0.06221503965935616,1.0000000000000002,6.938893903907228e-18
80084054.02600521,0.20833520818419668,80084054.02600521,304315945.9739948,1.1111824386218413e-10,-1.3818682872519907e-18,-0.06209806397499514,-0.06209806397499514,1.0,0.0
80159294.96059212,0.20853094422630625,80159294.96059212,304240705.03940785,1.1101436849939742e-10,-1.3792725517356296e-18,-0.06198141743809711,-0.06198141743809712,0.9999999999999999,6.938893903907228e-18
80234535.89517903,0.2087266802684158,80234535.89517903,304165464.10482097,1.109106881674865e-10,-1.3766841132743363e-18,-0.06186509881450067,-0.061865098814500655,1.0000000000000002,1.3877787807814457e-17
80309776.82976596,0.20892241631052538,80309776.82976596,304090223.170234,1.1080720231844324e-10,-1.3741029445329036e-18,-0.06174910687582286,-0.061749106875822864,0.9999999999999999,6.938893903907228e-18
80385017.76435287,0.20911815235263495,80385017.76435287,304014982.23564714,1.1070391040631154e-10,-1.3715290183039942e-18,-0.06163344039942691,-0.06163344039942691,1.0,0.0
80460258.69893979,0.2093138883947445,80460258.69893979,303939741.3010602,1.1060081188717754e-10,-1.368962307507419e-18,-0.06151809816838983,-0.061518098168389816,1.0000000000000002,1.3877787807814457e-17
80535499.63352671,0.20950962443685409,80535499.63352671,303864500.3664733,1.1049790621916012e-10,-1.3664027851894263e-18,-0.06140307897147041,-0.061403078971470404,1.0000000000000002,6.938893903907228e-18
80610740.56811363,0.20970536047896365,80610740.56811363,303789259.4318864,1.1039519286240155e-10,-1.3638504245219964e-18,-0.06128838160307757,-0.06128838160307758,0.9999999999999999,6.938893903907228e-18
80685981.50270054,0.2099010965210732,80685981.50270054,303714018.49729943,1.1029267127905792e-10,-1.3613051988021353e-18,-0.0611740048632386,-0.061174004863238596,1.0000000000000002,6.938893903907228e-18
80761222.43728746,0.2100968325631828,80761222.43728746,303638777.56271255,1.1019034093328975e-10,-1.3587670814511761e-18,-0.06105994755756779,-0.06105994755756778,1.0000000000000002,6.938893903907228e-18
80836463.37187438,0.21029256860529236,80836463.37187438,303563536.6281256,1.1008820129125277e-10,-1.3562360460140886e-18,-0.060946208497235345,-0.060946208497235345,1.0,0.0
80911704.30646129,0.2104883046474019,80911704.30646129,303488295.6935387,1.0998625182108854e-10,-1.3537120661587858e-18,-0.06083278649893631,-0.0608327864989363,1.0000000000000002,6.938893903907228e-18
80986945.24104822,0.2106840406895115,80986945.24104822,303413054.7589518,1.0988449199291528e-10,-1.35119511567544e-18,-0.060719680384859746,-0.060719680384859746,1.0,0.0
81062186.17563513,0.21087977673162103,81062186.17563513,303337813.8243649,1.0978292127881871e-10,-1.3486851684758048e-18,-0.06060688898265835,-0.06060688898265834,1.0000000000000002,6.938893903907228e-18
81137427.11022204,0.2110755127737306,81137427.11022204,303262572.88977796,1.0968153915284286e-10,-1.346182198592535e-18,-0.06049441112541779,-0.06049441112541779,1.0,0.0
81212668.04480897,0.2112712488158402,81212668.04480897,303187331.955191,1.0958034509098104e-10,-1.3436861801785164e-18,-0.06038224565162671,-0.060382245651626705,1.0000000000000002,6.938893903907228e-18
81287908.97939588,0.21146698485794974,81287908.97939588,303112091.02060413,1.0947933857116688e-10,-1.3411970875062009e-18,-0.060270391405146735,-0.060270391405146735,1.0,0.0
81363149.9139828,0.2116627209000593,81363149.9139828,303036850.0860172,1.0937851907326523e-10,-1.3387148949669386e-18,-0.06015884723518254,-0.06015884723518254,1.0,0.0
81438390.84856972,0.2118584569421689,81438390.84856972,302961609.15143025,1.0927788607906331e-10,-1.3362395770703227e-18,-0.06004761199625237,-0.060047611996252366,1.0000000000000002,6.938893903907228e-18
81513631.78315663,0.21205419298427844,81513631.78315663,302886368.21684337,1.0917743907226191e-10,-1.3337711084435345e-18,-0.059936684548158606,-0.0599366845481586,1.0000000000000002,6.938893903907228e-18
81588872.71774355,0.212249929026388,81588872.71774355,302811127.2822565,1.090771775384664e-10,-1.331309463830691e-18,-0.059826063755958475,-0.05982606375595847,1.0000000000000002,6.938893903907228e-18
81664113.65233047,0.2124456650684976,81664113.65233047,302735886.34766954,1.0897710096517806e-10,-1.3288546180922002e-18,-0.05971574848993504,-0.059715748489935036,1.0000000000000002,6.938893903907228e-18
81739354.58691739,0.21264140111060714,81739354.58691739,302660645.4130826,1.088772088417854e-10,-1.3264065462041204e-18,-0.05960573762556846,-0.05960573762556846,1.0,0.0
81814595.5215043,0.21283713715271668,81814595.5215043,302585404.4784957,1.087775006595554e-10,-1.3239652232575195e-18,-0.05949603004350713,-0.059496030043507134,0.9999999999999999,6.938893903907228e-18
81889836.45609123,0.21303287319482628,81889836.45609123,302510163.5439088,1.0867797591162484e-10,-1.3215306244578431e-18,-0.05938662462953935,-0.059386624629539336,1.0000000000000002,1.3877787807814457e-17
81965077.39067814,0.21322860923693585,81965077.39067814,302434922.60932183,1.085786340929919e-10,-1.319102725124285e-18,-0.059277520274564996,-0.059277520274564996,1.0,0.0
82040318.32526505,0.21342434527904539,82040318.32526505,302359681.67473495,1.0847947470050742e-10,-1.3166815006891608e-18,-0.059168715874567394,-0.05916871587456739,1.0000000000000002,6.938893903907228e-18
82115559.25985198,0.21362008132115498,82115559.25985198,302284440.740148,1.0838049723286649e-10,-1.3142669266972853e-18,-0.05906021033058533,-0.05906021033058532,1.0000000000000002,1.3877787807814457e-17
82190800.19443889,0.21381581736326455,82190800.19443889,302209199.8055611,1.082817011906001e-10,-1.311858978805358e-18,-0.05895200254868543,-0.05895200254868542,1.0000000000000002,6.938893903907228e-18
82266041.1290258,0.2140115534053741,82266041.1290258,302133958.8709742,1.0818308607606658e-10,-1.3094576327813459e-18,-0.05884409143993443,-0.05884409143993442,1.0000000000000002,6.938893903907228e-18
82341282.06361273,0.21420728944748368,82341282.06361273,302058717.9363873,1.0808465139344337e-10,-1.3070628645038755e-18,-0.05873647592037187,-0.05873647592037187,1.0,0.0
82416522.99819964,0.21440302548959325,82416522.99819964,301983477.00180036,1.0798639664871869e-10,-1.3046746499616278e-18,-0.05862915491098289,-0.05862915491098288,1.0000000000000002,6.938893903907228e-18
82491763.93278655,0.2145987615317028,82491763.93278655,301908236.0672134,1.0788832134968327e-10,-1.3022929652527342e-18,-0.058522127337671065,-0.05852212733767105,1.0000000000000002,1.3877787807814457e-17
82567004.86737348,0.2147944975738124,82567004.86737348,301832995.13262653,1.0779042500592209e-10,-1.2999177865841784e-18,-0.05841539213123158,-0.05841539213123157,1.0000000000000002,6.938893903907228e-18
82642245.8019604,0.21499023361592193,82642245.8019604,301757754.1980396,1.0769270712880635e-10,-1.2975490902712052e-18,-0.0583089482273246,-0.05830894822732459,1.0000000000000002,1.3877787807814457e-17
82717486.7365473,0.2151859696580315,82717486.7365473,301682513.2634527,1.075951672314852e-10,-1.2951868527367258e-18,-0.05820279456644861,-0.058202794566448605,1.0000000000000002,6.938893903907228e-18
82792727.67113423,0.2153817057001411,82792727.67113423,301607272.32886577,1.0749780482887769e-10,-1.2928310505107334e-18,-0.05809693009391409,-0.0580969300939141,0.9999999999999999,6.938893903907228e-18
82867968.60572115,0.21557744174225063,82867968.60572115,301532031.3942789,1.0740061943766488e-10,-1.2904816602297208e-18,-0.05799135375981739,-0.057991353759817385,1.0000000000000002,6.938893903907228e-18
82943209.54030806,0.2157731777843602,82943209.54030806,301456790.45969194,1.0730361057628161e-10,-1.2881386586360974e-18,-0.057886064519014506,-0.057886064519014506,1.0,0.0
83018450.47489499,0.2159689138264698,83018450.47489499,301381549.525105,1.0720677776490872e-10,-1.2858020225776171e-18,-0.057781061331095396,-0.05778106133109539,1.0000000000000002,6.938893903907228e-18
83093691.4094819,0.21616464986857933,83093691.4094819,301306308.5905181,1.0711012052546515e-10,-1.283471729006806e-18,-0.05767634316035821,-0.0576763431603582,1.0000000000000002,1.3877787807814457e-17
83168932.34406881,0.2163603859106889,83168932.34406881,301231067.6559312,1.0701363838159996e-10,-1.2811477549803908e-18,-0.05757190897578369,-0.05757190897578367,1.0000000000000004,2.0816681711721685e-17
83244173.27865574,0.2165561219527985,83244173.27865574,301155826.72134423,1.0691733085868459e-10,-1.2788300776587368e-18,-0.05746775775100982,-0.05746775775100982,1.0,0.0
83319414.21324265,0.21675185799490804,83319414.21324265,301080585.78675735,1.0682119748380516e-10,-1.2765186743052879e-18,-0.05736388846430672,-0.05736388846430672,1.0,0.0
83394655.14782956,0.2169475940370176,83394655.14782956,301005344.85217047,1.0672523778575453e-10,-1.274213522286004e-18,-0.05726030009855137,-0.057260300098551355,1.0000000000000002,1.3877787807814457e-17
83469896.08241649,0.21714333007912717,83469896.08241649,300930103.9175835,1.0662945129502477e-10,-1.27191459906881e-18,-0.0571569916412028,-0.057156991641202796,1.0000000000000002,6.938893903907228e-18
83545137.0170034,0.21733906612123674,83545137.0170034,300854862.9829966,1.065338375437995e-10,-1.2696218822230468e-18,-0.05705396208427746,-0.05705396208427746,1.0,0.0
83620377.95159031,0.21753480216334628,83620377.95159031,300779622.0484097,1.0643839606594624e-10,-1.2673353494189203e-18,-0.056951210424324446,-0.056951210424324425,1.0000000000000004,2.0816681711721685e-17
83695618.88617724,0.21773053820545588,83695618.88617724,300704381.11382276,1.0634312639700877e-10,-1.2650549784269584e-18,-0.0568487356624011,-0.0568487356624011,1.0,0.0
83770859.82076415,0.21792627424756544,83770859.82076415,300629140.1792358,1.0624802807419981e-10,-1.2627807471174735e-18,-0.05674653680404885,-0.05674653680404885,1.0,0.0
83846100.75535107,0.21812201028967498,83846100.75535107,300553899.24464893,1.0615310063639329e-10,-1.260512633460022e-18,-0.05664461285926894,-0.05664461285926893,1.0000000000000002,6.938893903907228e-18
83921341.689938,0.21831774633178458,83921341.689938,300478658.310062,1.0605834362411703e-10,-1.2582506155228717e-18,-0.05654296284249847,-0.056542962842498455,1.0000000000000002,1.3877787807814457e-17
83996582.6245249,0.21851348237389415,83996582.6245249,300403417.3754751,1.0596375657954538e-10,-1.2559946714724731e-18,-0.05644158577258666,-0.05644158577258666,1.0,0.0
84071823.55911182,0.2187092184160037,84071823.55911182,300328176.44088817,1.0586933904649174e-10,-1.2537447795729307e-18,-0.056340480672771066,-0.056340480672771066,1.0,0.0
84147064.49369875,0.21890495445811328,84147064.49369875,300252935.5063013,1.0577509057040125e-10,-1.2515009181854782e-18,-0.05623964657065404,-0.05623964657065404,1.0,0.0
84222305.42828566,0.21910069050022285,84222305.42828566,300177694.57171434,1.0568101069834364e-10,-1.2492630657679626e-18,-0.0561390824981795,-0.056139082498179504,0.9999999999999999,6.938893903907228e-18
84297546.36287257,0.2192964265423324,84297546.36287257,300102453.6371274,1.0558709897900579e-10,-1.247031200874322e-18,-0.05603878749160948,-0.05603878749160947,1.0000000000000002,1.3877787807814457e-17
84372787.2974595,0.21949216258444199,84372787.2974595,300027212.7025405,1.0549335496268458e-10,-1.2448053021540732e-18,-0.055938760591501116,-0.05593876059150111,1.0000000000000002,6.938893903907228e-18
84448028.23204641,0.21968789862655153,84448028.23204641,299951971.7679536,1.0539977820127983e-10,-1.242585348351804e-18,-0.05583900084268382,-0.05583900084268382,1.0,0.0
84523269.16663332,0.2198836346686611,84523269.16663332,299876730.8333667,1.05306368248287e-10,-1.2403713183066615e-18,-0.05573950729423628,-0.05573950729423626,1.0000000000000004,2.0816681711721685e-17
84598510.10122025,0.2200793707107707,84598510.10122025,299801489.89877975,1.0521312465879019e-10,-1.2381631909518483e-18,-0.055640278999463846,-0.05564027899946384,1.0000000000000002,6.938893903907228e-18
84673751.03580716,0.22027510675288023,84673751.03580716,299726248.96419287,1.051200469894551e-10,-1.2359609453141257e-18,-0.055541315015876155,-0.055541315015876155,1.0,0.0
84748991.97039407,0.2204708427949898,84748991.97039407,299651008.0296059,1.0502713479852193e-10,-1.2337645605133097e-18,-0.05544261440516454,-0.05544261440516452,1.0000000000000004,2.0816681711721685e-17
84824232.904981,0.2206665788370994,84824232.904981,299575767.095019,1.0493438764579844e-10,-1.2315740157617778e-18,-0.05534417623317984,-0.05534417623317984,1.0,0.0
84899473.83956791,0.22086231487920893,84899473.83956791,299500526.1604321,1.0484180509265303e-10,-1.2293892903639807e-18,-0.05524599956991044,-0.05524599956991043,1.0000000000000002,1.3877787807814457e-17
84974714.77415483,0.2210580509213185,84974714.77415483,299425285.22584516,1.047493867020078e-10,-1.2272103637159476e-18,-0.05514808348946007,-0.05514808348946007,1.0,0.0
85049955.70874175,0.22125378696342807,85049955.70874175,299350044.2912582,1.0465713203833166e-10,-1.225037215304804e-18,-0.05505042707002612,-0.0550504270700261,1.0000000000000004,2.0816681711721685e-17
85125196.64332867,0.22144952300553764,85125196.64332867,299274803.35667133,1.0456504066763351e-10,-1.222869824708288e-18,-0.05495302939387791,-0.05495302939387792,0.9999999999999999,6.938893903907228e-18
85200437.57791558,0.22164525904764718,85200437.57791558,299199562.42208445,1.044731121574555e-10,-1.2207081715942707e-18,-0.05485588954733513,-0.054855889547335134,0.9999999999999999,6.938893903907228e-18
85275678.5125025,0.22184099508975677,85275678.5125025,299124321.4874975,1.0438134607686614e-10,-1.2185522357202774e-18,-0.05475900662074633,-0.05475900662074633,1.0,0.0
85350919.44708942,0.22203673113186634,85350919.44708942,299049080.55291057,1.0428974199645371e-10,-1.2164019969330166e-18,-0.05466237970846776,-0.05466237970846776,1.0,0.0
85426160.38167633,0.22223246717397588,85426160.38167633,298973839.6183237,1.0419829948831948e-10,-1.2142574351679063e-18,-0.054566007908842064,-0.054566007908842064,1.0,0.0
85501401.31626326,0.22242820321608547,85501401.31626326,298898598.68373674,1.0410701812607102e-10,-1.2121185304486066e-18,-0.05446989032417731,-0.054469890324177296,1.0000000000000002,1.3877787807814457e-17
85576642.25085017,0.22262393925819504,85576642.25085017,298823357.7491498,1.0401589748481574e-10,-1.2099852628865558e-18,-0.05437402606072608,-0.054374026060726076,1.0000000000000002,6.938893903907228e-18
85651883.18543708,0.22281967530030458,85651883.18543708,298748116.8145629,1.0392493714115411e-10,-1.2078576126805054e-18,-0.054278414228664675,-0.05427841422866468,0.9999999999999999,6.938893903907228e-18
85727124.12002401,0.22301541134241418,85727124.12002401,298672875.879976,1.0383413667317321e-10,-1.2057355601160625e-18,-0.05418305394207243,-0.05418305394207243,1.0,0.0
85802365.05461092,0.22321114738452374,85802365.05461092,298597634.9453891,1.0374349566044022e-10,-1.203619085565233e-18,-0.05408794431891129,-0.054087944318911285,1.0000000000000002,6.938893903907228e-18
85877605.98919784,0.22340688342663328,85877605.98919784,298522394.01080215,1.0365301368399593e-10,-1.2015081694859657e-18,-0.05399308448100528,-0.05399308448100529,0.9999999999999999,6.938893903907228e-18
85952846.92378476,0.22360261946874288,85952846.92378476,298447153.07621527,1.0356269032634818e-10,-1.199402792421703e-18,-0.05389847355402029,-0.05389847355402028,1.0000000000000002,6.938893903907228e-18
86028087.85837168,0.22379835551085242,86028087.85837168,298371912.1416283,1.0347252517146568e-10,-1.197302935000932e-18,-0.05380411066744394,-0.05380411066744393,1.0000000000000002,1.3877787807814457e-17
86103328.79295859,0.223994091552962,86103328.79295859,298296671.2070414,1.0338251780477137e-10,-1.1952085779367383e-18,-0.05370999495456554,-0.05370999495456554,1.0,0.0
86178569.72754551,0.22418982759507158,86178569.72754551,298221430.2724545,1.0329266781313618e-10,-1.1931197020263633e-18,-0.05361612555245614,-0.05361612555245612,1.0000000000000002,1.3877787807814457e-17
86253810.66213243,0.22438556363718112,86253810.66213243,298146189.33786756,1.0320297478487282e-10,-1.1910362881507646e-18,-0.05352250160194881,-0.05352250160194881,1.0,0.0
86329051.59671934,0.2245812996792907,86329051.59671934,298070948.4032807,1.0311343830972935e-10,-1.1889583172741772e-18,-0.05342912224761895,-0.05342912224761895,1.0,0.0
86404292.53130627,0.2247770357214003,86404292.53130627,297995707.46869373,1.0302405797888293e-10,-1.1868857704436788e-18,-0.0533359866377647,-0.053335986637764704,0.9999999999999999,6.938893903907228e-18
86479533.46589318,0.22497277176350983,86479533.46589318,297920466.53410685,1.0293483338493374e-10,-1.184818628788759e-18,-0.053243093924387606,-0.053243093924387606,1.0,0.0
86554774.40048009,0.2251685078056194,86554774.40048009,297845225.5995199,1.0284576412189863e-10,-1.1827568735208872e-18,-0.053150443263173225,-0.05315044326317322,1.0000000000000002,6.938893903907228e-18
86630015.33506702,0.225364243847729,86630015.33506702,297769984.66493297,1.0275684978520509e-10,-1.1807004859330876e-18,-0.053058033813471975,-0.05305803381347197,1.0000000000000002,6.938893903907228e-18
86705256.26965393,0.22555997988983853,86705256.26965393,297694743.7303461,1.0266808997168508e-10,-1.1786494473995146e-18,-0.0529658647382801,-0.0529658647382801,1.0,0.0
86780497.20424084,0.2257557159319481,86780497.20424084,297619502.79575914,1.0257948427956895e-10,-1.1766037393750292e-18,-0.052873935204220616,-0.05287393520422061,1.0000000000000002,6.938893903907228e-18
86855738.13882777,0.22595145197405767,86855738.13882777,297544261.8611722,1.0249103230847934e-10,-1.1745633433947811e-18,-0.052782244381524526,-0.052782244381524526,1.0,0.0
86930979.07341468,0.22614718801616723,86930979.07341468,297469020.9265853,1.0240273365942527e-10,-1.1725282410737927e-18,-0.05269079144401215,-0.05269079144401215,1.0,0.0
87006220.0080016,0.22634292405827677,87006220.0080016,297393779.99199843,1.0231458793479601e-10,-1.1704984141065428e-18,-0.052599575569074374,-0.05259957556907437,1.0000000000000002,6.938893903907228e-18
87081460.94258852,0.22653866010038637,87081460.94258852,297318539.0574115,1.0222659473835518e-10,-1.1684738442665554e-18,-0.052508595937654216,-0.05250859593765422,0.9999999999999999,6.938893903907228e-18
87156701.87717544,0.22673439614249594,87156701.87717544,297243298.12282455,1.0213875367523487e-10,-1.1664545134059933e-18,-0.052417851734228554,-0.05241785173422855,1.0000000000000002,6.938893903907228e-18
87231942.81176235,0.22693013218460548,87231942.81176235,297168057.18823767,1.0205106435192962e-10,-1.164440403455246e-18,-0.05232734214678958,-0.05232734214678958,1.0,0.0
87307183.74634928,0.22712586822671507,87307183.74634928,297092816.2536507,1.0196352637629065e-10,-1.16243149642253e-18,-0.052237066366826866,-0.05223706636682686,1.0000000000000002,6.938893903907228e-18
87382424.68093619,0.22732160426882464,87382424.68093619,297017575.3190638,1.0187613935751997e-10,-1.1604277743934852e-18,-0.05214702358930921,-0.052147023589309206,1.0000000000000002,6.938893903907228e-18
87457665.6155231,0.22751734031093418,87457665.6155231,296942334.3844769,1.017889029061646e-10,-1.1584292195307748e-18,-0.05205721301266668,-0.05205721301266667,1.0000000000000002,6.938893903907228e-18
87532906.55011003,0.22771307635304378,87532906.55011003,296867093.44988996,1.0170181663411076e-10,-1.1564358140736883e-18,-0.051967633838772745,-0.051967633838772745,1.0,0.0
87608147.48469694,0.22790881239515332,87608147.48469694,296791852.5153031,1.0161488015457813e-10,-1.1544475403377492e-18,-0.051878285272926664,-0.05187828527292667,0.9999999999999999,6.938893903907228e-18
87683388.41928385,0.22810454843726288,87683388.41928385,296716611.58071613,1.0152809308211413e-10,-1.1524643807143197e-18,-0.051789166523835715,-0.05178916652383571,1.0000000000000002,6.938893903907228e-18
87758629.35387078,0.22830028447937248,87758629.35387078,296641370.64612925,1.0144145503258823e-10,-1.150486317670211e-18,-0.05170027680359768,-0.05170027680359767,1.0000000000000002,6.938893903907228e-18
87833870.28845769,0.22849602052148202,87833870.28845769,296566129.7115423,1.0135496562318633e-10,-1.1485133337472981e-18,-0.05161161532768356,-0.05161161532768356,1.0,0.0
87909111.2230446,0.22869175656359159,87909111.2230446,296490888.77695537,1.0126862447240499e-10,-1.1465454115621322e-18,-0.05152318131492011,-0.051523181314920105,1.0000000000000002,6.938893903907228e-18
87984352.15763153,0.22888749260570118,87984352.15763153,296415647.8423685,1.0118243120004597e-10,-1.1445825338055574e-18,-0.05143497398747267,-0.05143497398747267,1.0,0.0
88059593.09221844,0.22908322864781072,88059593.09221844,296340406.90778154,1.0109638542721067e-10,-1.1426246832423334e-18,-0.05134699257082814,-0.05134699257082815,0.9999999999999999,6.938893903907228e-18
88134834.02680536,0.2292789646899203,88134834.02680536,296265165.97319466,1.0101048677629443e-10,-1.1406718427107523e-18,-0.05125923629377786,-0.05125923629377786,1.0,0.0
88210074.96139228,0.22947470073202988,88210074.96139228,296189925.0386077,1.009247348709811e-10,-1.1387239951222656e-18,-0.05117170438840074,-0.05117170438840074,1.0,0.0
88285315.8959792,0.22967043677413942,88285315.8959792,296114684.10402083,1.0083912933623759e-10,-1.13678112346111e-18,-0.05108439609004651,-0.0510843960900465,1.0000000000000002,6.938893903907228e-18
88360556.83056611,0.229866172816249,88360556.83056611,296039443.1694339,1.0075366979830833e-10,-1.1348432107839342e-18,-0.05099731063731894,-0.05099731063731893,1.0000000000000002,6.938893903907228e-18
88435797.76515304,0.23006190885835856,88435797.76515304,295964202.23484695,1.0066835588470991e-10,-1.1329102402194303e-18,-0.050910447272059255,-0.05091044727205925,1.0000000000000002,6.938893903907228e-18
88511038.69973995,0.23025764490046813,88511038.69973995,295888961.30026007,1.0058318722422561e-10,-1.1309821949679678e-18,-0.05082380523932971,-0.05082380523932971,1.0,0.0
88586279.63432686,0.23045338094257767,88586279.63432686,295813720.3656731,1.0049816344690004e-10,-1.1290590583012259e-18,-0.05073738378739706,-0.05073738378739707,0.9999999999999999,6.938893903907228e-18
88661520.56891379,0.23064911698468726,88661520.56891379,295738479.4310862,1.0041328418403378e-10,-1.127140813561832e-18,-0.050651182167716316,-0.05065118216771631,1.0000000000000002,6.938893903907228e-18
88736761.5035007,0.23084485302679683,88736761.5035007,295663238.4964993,1.0032854906817814e-10,-1.1252274441630011e-18,-0.05056519963491453,-0.05056519963491453,1.0,0.0
88812002.43808761,0.23104058906890637,88812002.43808761,295587997.5619124,1.0024395773312968e-10,-1.1233189335881768e-18,-0.050479435446774655,-0.05047943544677465,1.0000000000000002,6.938893903907228e-18
88887243.37267454,0.23123632511101597,88887243.37267454,295512756.6273255,1.0015950981392513e-10,-1.1214152653906739e-18,-0.05039388886421954,-0.05039388886421954,1.0,0.0
88962484.30726145,0.23143206115312553,88962484.30726145,295437515.69273853,1.0007520494683609e-10,-1.1195164231933265e-18,-0.05030855915129605,-0.05030855915129604,1.0000000000000002,6.938893903907228e-18
89037725.24184836,0.23162779719523507,89037725.24184836,295362274.75815165,9.99910427693637e-11,-1.117622390688132e-18,-0.05022344557515908,-0.05022344557515908,1.0,0.0
89112966.17643529,0.23182353323734467,89112966.17643529,295287033.8235647,9.990702292023357e-11,-1.1157331516359044e-18,-0.05013854740605601,-0.050138547406056,1.0000000000000002,6.938893903907228e-18
89188207.1110222,0.23201926927945424,89188207.1110222,295211792.88897777,9.982314503939064e-11,-1.1138486898659244e-18,-0.05005386391731095,-0.05005386391731094,1.0000000000000002,1.3877787807814457e-17
89263448.04560912,0.23221500532156378,89263448.04560912,295136551.9543909,9.973940876799392e-11,-1.111968989275592e-18,-0.04996939438530916,-0.04996939438530915,1.0000000000000002,6.938893903907228e-18
89338688.98019604,0.23241074136367337,89338688.98019604,295061311.01980394,9.965581374841144e-11,-1.1100940338300856e-18,-0.04988513808948167,-0.04988513808948166,1.0000000000000002,6.938893903907228e-18
89413929.91478296,0.2326064774057829,89413929.91478296,294986070.08521706,9.957235962421525e-11,-1.1082238075620173e-18,-0.04980109431228987,-0.049801094312289865,1.0000000000000002,6.938893903907228e-18
89489170.84936987,0.23280221344789248,89489170.84936987,294910829.1506301,9.948904604017618e-11,-1.1063582945710942e-18,-0.04971726233921023,-0.049717262339210214,1.0000000000000002,1.3877787807814457e-17
89564411.7839568,0.23299794949000208,89564411.7839568,294835588.21604323,9.940587264225891e-11,-1.104497479023779e-18,-0.04963364145871904,-0.049633641458719034,1.0000000000000002,6.938893903907228e-18
89639652.71854371,0.23319368553211162,89639652.71854371,294760347.2814563,9.932283907761704e-11,-1.102641345152956e-18,-0.049550230962277494,-0.049550230962277494,1.0,0.0
89714893.65313062,0.23338942157422118,89714893.65313062,294685106.34686935,9.92399449945879e-11,-1.1007898772575954e-18,-0.049467030144316484,-0.049467030144316484,1.0,0.0
89790134.58771755,0.23358515761633078,89790134.58771755,294609865.41228247,9.915719004268774e-11,-1.098943059702421e-18,-0.04938403830222173,-0.049384038302221725,1.0000000000000002,6.938893903907228e-18
89865375.52230446,0.23378089365844032,89865375.52230446,294534624.4776955,9.907457387260682e-11,-1.0971008769175817e-18,-0.04930125473631902,-0.04930125473631902,1.0,0.0
89940616.45689137,0.2339766297005499,89940616.45689137,294459383.54310864,9.899209613620438e-11,-1.0952633133983215e-18,-0.04921867874985938,-0.049218678749859364,1.0000000000000002,1.3877787807814457e-17
90015857.3914783,0.23417236574265948,90015857.3914783,294384142.6085217,9.890975648650378e-11,-1.0934303537046532e-18,-0.04913630964900436,-0.04913630964900437,0.9999999999999999,6.938893903907228e-18
90091098.32606521,0.23436810178476902,90091098.32606521,294308901.6739348,9.88275545776878e-11,-1.0916019824610365e-18,-0.049054146742811666,-0.049054146742811666,1.0,0.0
90166339.26065212,0.23456383782687856,90166339.26065212,294233660.7393479,9.874549006509351e-11,-1.089778184356052e-18,-0.0489721893432204,-0.048972189343220396,1.0000000000000002,6.938893903907228e-18
90241580.19523905,0.23475957386898816,90241580.19523905,294158419.80476093,9.866356260520774e-11,-1.0879589441420815e-18,-0.04889043676503679,-0.0488904367650368,0.9999999999999999,6.938893903907228e-18
90316821.12982596,0.23495530991109773,90316821.12982596,294083178.87017405,9.858177185566216e-11,-1.0861442466349926e-18,-0.048808888325919945,-0.04880888832591994,1.0000000000000002,6.938893903907228e-18
90392062.06441288,0.23515104595320727,90392062.06441288,294007937.9355871,9.85001174752285e-11,-1.0843340767138165e-18,-0.04872754334636741,-0.04872754334636741,1.0,0.0
90467302.9989998,0.23534678199531686,90467302.9989998,293932697.00100017,9.841859912381382e-11,-1.0825284193204353e-18,-0.048646401149701125,-0.048646401149701125,1.0,0.0
90542543.93358672,0.23554251803742643,90542543.93358672,293857456.0664133,9.83372164624559e-11,-1.0807272594592715e-18,-0.04856546106205343,-0.04856546106205342,1.0000000000000002,6.938893903907228e-18
90617784.86817363,0.23573825407953597,90617784.86817363,293782215.1318264,9.825596915331838e-11,-1.0789305821969714e-18,-0.04848472241235288,-0.048484722412352875,1.0000000000000002,6.938893903907228e-18
90693025.80276056,0.23593399012164556,90693025.80276056,293706974.19723946,9.817485685968614e-11,-1.0771383726620984e-18,-0.048404184532310456,-0.04840418453231045,1.0000000000000002,6.938893903907228e-18
90768266.73734747,0.23612972616375513,90768266.73734747,293631733.2626525,9.80938792459608e-11,-1.075350616044826e-18,-0.048323846756405726,-0.04832384675640572,1.0000000000000002,6.938893903907228e-18
90843507.67193438,0.23632546220586467,90843507.67193438,293556492.32806563,9.801303597765587e-11,-1.07356729759663e-18,-0.04824370842187307,-0.04824370842187306,1.0000000000000002,6.938893903907228e-18
90918748.60652131,0.23652119824797427,90918748.60652131,293481251.3934787,9.79323267213923e-11,-1.0717884026299834e-18,-0.04816376886868795,-0.048163768868687944,1.0000000000000002,6.938893903907228e-18
90993989.54110822,0.2367169342900838,90993989.54110822,293406010.45889175,9.785175114489387e-11,-1.070013916518058e-18,-0.04808402743955347,-0.048084027439553464,1.0000000000000002,6.938893903907228e-18
91069230.47569513,0.23691267033219338,91069230.47569513,293330769.52430487,9.777130891698259e-11,-1.0682438246944188e-18,-0.0480044834798867,-0.048004483479886687,1.0000000000000002,1.3877787807814457e-17
91144471.41028206,0.23710840637430297,91144471.41028206,293255528.5897179,9.76909997075742e-11,-1.0664781126527271e-18,-0.047925136337805284,-0.047925136337805284,1.0,0.0
91219712.34486897,0.2373041424164125,91219712.34486897,293180287.65513104,9.76108231876737e-11,-1.064716765946445e-18,-0.047845985364114184,-0.04784598536411417,1.0000000000000002,1.3877787807814457e-17
91294953.2794559,0.2374998784585221,91294953.2794559,293105046.7205441,9.753077902937077e-11,-1.0629597701885358e-18,-0.0477670299122922,-0.0477670299122922,1.0,0.0
91370194.21404281,0.23769561450063167,91370194.21404281,293029805.7859572,9.745086690583539e-11,-1.0612071110511744e-18,-0.04768826933847901,-0.047688269338479,1.0000000000000002,6.938893903907228e-18
91445435.14862972,0.23789135054274121,91445435.14862972,292954564.8513703,9.737108649131335e-11,-1.0594587742654511e-18,-0.047609703001461764,-0.047609703001461764,1.0,0.0
91520676.08321665,0.2380870865848508,91520676.08321665,292879323.91678333,9.729143746112181e-11,-1.0577147456210848e-18,-0.047531330262662284,-0.04753133026266227,1.0000000000000002,1.3877787807814457e-17
91595917.01780356,0.23828282262696038,91595917.01780356,292804082.98219645,9.721191949164502e-11,-1.0559750109661308e-18,-0.04745315048612389,-0.04745315048612389,1.0,0.0
91671157.95239048,0.23847855866906992,91671157.95239048,292728842.0476095,9.713253226032973e-11,-1.0542395562066967e-18,-0.04737516303849865,-0.04737516303849864,1.0000000000000002,6.938893903907228e-18
91746398.8869774,0.2386742947111795,91746398.8869774,292653601.11302257,9.7053275445681e-11,-1.0525083673066538e-18,-0.04729736728903439,-0.04729736728903438,1.0000000000000002,6.938893903907228e-18
91821639.82156432,0.23887003075328905,91821639.82156432,292578360.1784357,9.697414872725786e-11,-1.0507814302873567e-18,-0.04721976260956211,-0.047219762609562094,1.0000000000000002,1.3877787807814457e-17
91896880.75615123,0.23906576679539862,91896880.75615123,292503119.2438488,9.689515178566891e-11,-1.0490587312273576e-18,-0.047142348374483146,-0.04714234837448314,1.0000000000000002,6.938893903907228e-18
91972121.69073816,0.23926150283750822,91972121.69073816,292427878.30926186,9.681628430256807e-11,-1.0473402562621275e-18,-0.04706512396075664,-0.04706512396075663,1.0000000000000002,1.3877787807814457e-17
92047362.62532507,0.23945723887961776,92047362.62532507,292352637.3746749,9.673754596065032e-11,-1.0456259915837777e-18,-0.046988088747887014,-0.04698808874788701,1.0000000000000002,6.938893903907228e-18
92122603.55991198,0.23965297492172732,92122603.55991198,292277396.44008803,9.665893644364745e-11,-1.0439159234407803e-18,-0.04691124211791142,-0.04691124211791143,0.9999999999999999,6.938893903907228e-18
92197844.49449891,0.23984871096383692,92197844.49449891,292202155.5055011,9.658045543632374e-11,-1.042210038137694e-18,-0.04683458345538743,-0.04683458345538743,1.0,0.0
92273085.42908582,0.24004444700594646,92273085.42908582,292126914.57091415,9.650210262447195e-11,-1.0405083220348896e-18,-0.04675811214738067,-0.046758112147380675,0.9999999999999999,6.938893903907228e-18
92348326.36367273,0.24024018304805603,92348326.36367273,292051673.63632727,9.642387769490891e-11,-1.0388107615482773e-18,-0.04668182758345258,-0.046681827583452566,1.0000000000000002,1.3877787807814457e-17
92423567.29825966,0.24043591909016562,92423567.29825966,291976432.7017403,9.634578033547147e-11,-1.0371173431490332e-18,-0.04660572915564814,-0.04660572915564813,1.0000000000000002,6.938893903907228e-18
92498808.23284657,0.24063165513227516,92498808.23284657,291901191.76715344,9.626781023501236e-11,-1.0354280533633348e-18,-0.04652981625848395,-0.04652981625848394,1.0000000000000002,1.3877787807814457e-17
92574049.16743349,0.24082739117438473,92574049.16743349,291825950.8325665,9.618996708339602e-11,-1.033742878772087e-18,-0.04645408828893597,-0.04645408828893596,1.0000000000000002,6.938893903907228e-18
92649290.10202041,0.2410231272164943,92649290.10202041,291750709.8979796,9.611225057149447e-11,-1.0320618060106595e-18,-0.046378544646427655,-0.046378544646427655,1.0,0.0
92724531.03660733,0.24121886325860387,92724531.03660733,291675468.9633927,9.603466039118332e-11,-1.0303848217686214e-18,-0.04630318473281806,-0.04630318473281806,1.0,0.0
92799771.97119424,0.2414145993007134,92799771.97119424,291600228.02880573,9.595719623533757e-11,-1.028711912789475e-18,-0.04622800795238991,-0.0462280079523899,1.0000000000000002,1.3877787807814457e-17
92875012.90578116,0.241610335342823,92875012.90578116,291524987.09421885,9.587985779782768e-11,-1.0270430658703965e-18,-0.046153013711837866,-0.04615301371183787,0.9999999999999999,6.938893903907228e-18
92950253.84036808,0.24180607138493257,92950253.84036808,291449746.1596319,9.580264477351547e-11,-1.0253782678619752e-18,-0.0460782014202569,-0.04607820142025689,1.0000000000000002,6.938893903907228e-18
93025494.77495499,0.2420018074270421,93025494.77495499,291374505.225045,9.572555685825015e-11,-1.0237175056679519e-18,-0.04600357048913046,-0.04600357048913045,1.0000000000000002,6.938893903907228e-18
93100735.70954192,0.2421975434691517,93100735.70954192,291299264.2904581,9.564859374886427e-11,-1.0220607662449635e-18,-0.04592912033231905,-0.04592912033231905,1.0,0.0
93175976.64412883,0.24239327951126127,93175976.64412883,291224023.3558712,9.557175514316985e-11,-1.0204080366022881e-18,-0.04585485036604873,-0.04585485036604872,1.0000000000000002,6.938893903907228e-18
93251217.57871574,0.2425890155533708,93251217.57871574,291148782.42128426,9.549504073995436e-11,-1.018759303801586e-18,-0.04578076000889952,-0.04578076000889951,1.0000000000000002,6.938893903907228e-18
93326458.51330267,0.2427847515954804,93326458.51330267,291073541.4866973,9.541845023897676e-11,-1.01711455495665e-18,-0.04570684868179413,-0.04570684868179412,1.0000000000000002,6.938893903907228e-18
93401699.44788958,0.24298048763758995,93401699.44788958,290998300.55211043,9.534198334096365e-11,-1.0154737772331527e-18,-0.04563311580798667,-0.045633115807986666,1.0000000000000002,6.938893903907228e-18
93476940.3824765,0.24317622367969952,93476940.3824765,290923059.6175235,9.526563974760538e-11,-1.0138369578483954e-18,-0.0455595608130513,-0.04555956081305129,1.0000000000000002,6.938893903907228e-18
93552181.31706342,0.2433719597218091,93552181.31706342,290847818.68293655,9.518941916155209e-11,-1.0122040840710588e-18,-0.04548618312487106,-0.04548618312487106,1.0,0.0
93627422.25165033,0.24356769576391865,93627422.25165033,290772577.74834967,9.511332128640996e-11,-1.0105751432209575e-18,-0.04541298217362683,-0.04541298217362682,1.0000000000000002,1.3877787807814457e-17
93702663.18623725,0.24376343180602822,93702663.18623725,290697336.8137628,9.503734582673735e-11,-1.0089501226687905e-18,-0.045339957391786145,-0.04533995739178613,1.0000000000000002,1.3877787807814457e-17
93777904.12082417,0.24395916784813781,93777904.12082417,290622095.87917584,9.496149248804082e-11,-1.0073290098358984e-18,-0.04526710821409222,-0.04526710821409222,1.0,0.0
93853145.05541109,0.24415490389024735,93853145.05541109,290546854.9445889,9.488576097677163e-11,-1.0057117921940213e-18,-0.045194434077553136,-0.045194434077553136,1.0,0.0
93928385.989998,0.24435063993235692,93928385.989998,290471614.010002,9.481015100032169e-11,-1.0040984572650523e-18,-0.04512193442143075,-0.04512193442143074,1.0000000000000002,6.938893903907228e-18
94003626.92458493,0.24454637597446652,94003626.92458493,290396373.0754151,9.473466226701992e-11,-1.0024889926208006e-18,-0.04504960868722999,-0.04504960868722999,1.0,0.0
94078867.85917184,0.24474211201657606,94078867.85917184,290321132.14082813,9.465929448612847e-11,-1.0008833858827515e-18,-0.04497745631868817,-0.044977456318688165,1.0000000000000002,6.938893903907228e-18
94154108.79375875,0.24493784805868563,94154108.79375875,290245891.20624125,9.458404736783903e-11,-9.992816247218263e-19,-0.044905476761764124,-0.04490547676176412,1.0000000000000002,6.938893903907228e-18
94229349.72834568,0.2451335841007952,94229349.72834568,290170650.2716543,9.450892062326903e-11,-9.976836968581468e-19,-0.044833669464627635,-0.044833669464627635,1.0,0.0
94304590.66293259,0.24532932014290476,94304590.66293259,290095409.3370674,9.443391396445805e-11,-9.960895900608015e-19,-0.04476203387764895,-0.04476203387764895,1.0,0.0
94379831.5975195,0.2455250561850143,94379831.5975195,290020168.4024805,9.435902710436412e-11,-9.944992921476086e-19,-0.044690569453388125,-0.04469056945338812,1.0000000000000002,6.938893903907228e-18
94455072.53210643,0.2457207922271239,94455072.53210643,289944927.4678936,9.428425975685998e-11,-9.929127909848838e-19,-0.044619275646584584,-0.04461927564658458,1.0000000000000002,6.938893903907228e-18
94530313.46669334,0.24591652826923346,94530313.46669334,289869686.53330666,9.420961163672956e-11,-9.913300744872115e-19,-0.04454815191414682,-0.04454815191414682,1.0,0.0
94605554.40128025,0.246112264311343,94605554.40128025,289794445.5987197,9.413508245966428e-11,-9.89751130617211e-19,-0.04447719771514194,-0.044477197715141935,1.0000000000000002,6.938893903907228e-18
94680795.33586718,0.2463080003534526,94680795.33586718,289719204.66413283,9.406067194225943e-11,-9.881759473853088e-19,-0.044406412510785365,-0.04440641251078536,1.0000000000000002,6.938893903907228e-18
94756036.2704541,0.24650373639556217,94756036.2704541,289643963.7295459,9.398637980201068e-11,-9.866045128495124e-19,-0.04433579576443072,-0.04433579576443072,1.0,0.0
94831277.205041,0.2466994724376717,94831277.205041,289568722.794959,9.39122057573104e-11,-9.850368151151821e-19,-0.04426534694155956,-0.04426534694155956,1.0,0.0
94906518.13962793,0.2468952084797813,94906518.13962793,289493481.86037207,9.383814952744412e-11,-9.834728423348054e-19,-0.0441950655097712,-0.0441950655097712,1.0,0.0
94981759.07421485,0.24709094452189087,94981759.07421485,289418240.9257852,9.376421083258714e-11,-9.819125827077761e-19,-0.044124950938772875,-0.04412495093877287,1.0000000000000002,6.938893903907228e-18
95057000.00880176,0.2472866805640004,95057000.00880176,289342999.99119824,9.369038939380076e-11,-9.803560244801676e-19,-0.04405500270036945,-0.044055002700369446,1.0000000000000002,6.938893903907228e-18
95132240.94338869,0.24748241660611,95132240.94338869,289267759.0566113,9.361668493302895e-11,-9.788031559445146e-19,-0.04398522026845367,-0.04398522026845366,1.0000000000000002,6.938893903907228e-18
95207481.8779756,0.24767815264821955,95207481.8779756,289192518.1220244,9.354309717309486e-11,-9.772539654395915e-19,-0.04391560311899619,-0.043915603118996185,1.0000000000000002,6.938893903907228e-18
95282722.81256251,0.2478738886903291,95282722.81256251,289117277.1874375,9.346962583769726e-11,-9.757084413501931e-19,-0.04384615073003573,-0.043846150730035734,0.9999999999999999,6.938893903907228e-18
95357963.74714944,0.2480696247324387,95357963.74714944,289042036.25285053,9.339627065140714e-11,-9.741665721069184e-19,-0.04377686258166932,-0.04377686258166931,1.0000000000000002,6.938893903907228e-18
95433204.68173635,0.24826536077454825,95433204.68173635,288966795.31826365,9.332303133966431e-11,-9.726283461859521e-19,-0.043707738156042536,-0.04370773815604253,1.0000000000000002,6.938893903907228e-18
95508445.61632326,0.24846109681665782,95508445.61632326,288891554.38367677,9.324990762877389e-11,-9.710937521088503e-19,-0.04363877693733983,-0.04363877693733983,1.0,0.0
95583686.55091019,0.2486568328587674,95583686.55091019,288816313.4490898,9.317689924590294e-11,-9.695627784423257e-19,-0.043569978411774894,-0.04356997841177488,1.0000000000000002,1.3877787807814457e-17
95658927.4854971,0.24885256890087695,95658927.4854971,288741072.5145029,9.310400591907715e-11,-9.680354137980358e-19,-0.04350134206758114,-0.043501342067581134,1.0000000000000002,6.938893903907228e-18
95734168.42008401,0.24904830494298652,95734168.42008401,288665831.579916,9.30312273771773e-11,-9.665116468323693e-19,-0.0434328673950021,-0.043432867395002094,1.0000000000000002,6.938893903907228e-18
95809409.35467094,0.24924404098509612,95809409.35467094,288590590.64532906,9.295856334993606e-11,-9.649914662462367e-19,-0.043364553886282006,-0.043364553886282,1.0000000000000002,6.938893903907228e-18
95884650.28925785,0.24943977702720566,95884650.28925785,288515349.7107421,9.288601356793456e-11,-9.634748607848598e-19,-0.04329640103565636,-0.043296401035656365,0.9999999999999999,6.938893903907228e-18
95959891.22384477,0.24963551306931522,95959891.22384477,288440108.77615523,9.281357776259911e-11,-9.619618192375651e-19,-0.043228408339342606,-0.04322840833934259,1.0000000000000002,1.3877787807814457e-17
96035132.1584317,0.2498312491114248,96035132.1584317,288364867.8415683,9.274125566619785e-11,-9.604523304375735e-19,-0.04316057529553072,-0.04316057529553071,1.0000000000000002,6.938893903907228e-18
96110373.0930186,0.25002698515353433,96110373.0930186,288289626.9069814,9.26690470118375e-11,-9.589463832617973e-19,-0.04309290140437407,-0.04309290140437407,1.0,0.0
96185614.02760552,0.2502227211956439,96185614.02760552,288214385.97239447,9.259695153346001e-11,-9.574439666306336e-19,-0.043025386167980136,-0.04302538616798013,1.0000000000000002,6.938893903907228e-18
96260854.96219245,0.2504184572377535,96260854.96219245,288139145.0378076,9.252496896583937e-11,-9.559450695077599e-19,-0.04295802909040131,-0.042958029090401306,1.0000000000000002,6.938893903907228e-18
96336095.89677936,0.25061419327986306,96336095.89677936,288063904.10322064,9.245309904457835e-11,-9.54449680899934e-19,-0.04289082967762593,-0.042890829677625926,1.0000000000000002,6.938893903907228e-18
96411336.83136627,0.2508099293219726,96411336.83136627,287988663.1686337,9.238134150610521e-11,-9.529577898567884e-19,-0.042823787437569025,-0.04282378743756902,1.0000000000000002,6.938893903907228e-18
96486577.7659532,0.2510056653640822,96486577.7659532,287913422.2340468,9.230969608767052e-11,-9.51469385470633e-19,-0.04275690188006344,-0.042756901880063446,0.9999999999999999,6.938893903907228e-18
96561818.70054011,0.25120140140619174,96561818.70054011,287838181.2994599,9.223816252734401e-11,-9.499844568762555e-19,-0.04269017251685088,-0.04269017251685087,1.0000000000000002,6.938893903907228e-18
96637059.63512702,0.25139713744830133,96637059.63512702,287762940.364873,9.216674056401123e-11,-9.485029932507198e-19,-0.04262359886157285,-0.04262359886157285,1.0,0.0
96712300.56971395,0.2515928734904109,96712300.56971395,287687699.43028605,9.209542993737057e-11,-9.47024983813173e-19,-0.042557180429762004,-0.042557180429762,1.0000000000000002,6.938893903907228e-18
96787541.50430086,0.25178860953252047,96787541.50430086,287612458.49569917,9.202423038792997e-11,-9.455504178246464e-19,-0.04249091673883313,-0.04249091673883313,1.0,0.0
96862782.43888777,0.25198434557463,96862782.43888777,287537217.5611122,9.195314165700379e-11,-9.44079284587861e-19,-0.04242480730807449,-0.0424248073080745,0.9999999999999999,6.938893903907228e-18
96938023.3734747,0.2521800816167396,96938023.3734747,287461976.6265253,9.188216348670968e-11,-9.426115734470339e-19,-0.04235885165863909,-0.042358851658639084,1.0000000000000002,6.938893903907228e-18
97013264.30806161,0.25237581765884914,97013264.30806161,287386735.6919384,9.18112956199656e-11,-9.411472737876854e-19,-0.04229304931353599,-0.04229304931353598,1.0000000000000002,6.938893903907228e-18
97088505.24264853,0.2525715537009587,97088505.24264853,287311494.75735146,9.174053780048646e-11,-9.396863750364451e-19,-0.04222739979762162,-0.04222739979762162,1.0,0.0
97163746.17723545,0.2527672897430683,97163746.17723545,287236253.8227645,9.166988977278129e-11,-9.382288666608638e-19,-0.04216190263759132,-0.042161902637591335,0.9999999999999997,1.3877787807814457e-17
97238987.11182237,0.2529630257851779,97238987.11182237,287161012.88817763,9.159935128214998e-11,-9.367747381692224e-19,-0.042096557361970745,-0.04209655736197074,1.0000000000000002,6.938893903907228e-18
97314228.04640928,0.2531587618272874,97314228.04640928,287085771.95359075,9.152892207468036e-11,-9.353239791103415e-19,-0.042031363501107324,-0.04203136350110732,1.0000000000000002,6.938893903907228e-18
97389468.9809962,0.253354497869397,97389468.9809962,287010531.0190038,9.145860189724506e-11,-9.338765790733957e-19,-0.041966320587161876,-0.041966320587161876,1.0,0.0
97464709.91558312,0.25355023391150655,97464709.91558312,286935290.08441687,9.138839049749855e-11,-9.324325276877265e-19,-0.041901428154100265,-0.041901428154100265,1.0,0.0
97539950.85017003,0.2537459699536161,97539950.85017003,286860049.14983,9.131828762387406e-11,-9.30991814622655e-19,-0.04183668573768492,-0.04183668573768492,1.0,0.0
97615191.78475696,0.2539417059957257,97615191.78475696,286784808.21524304,9.12482930255806e-11,-9.295544295872976e-19,-0.04177209287546661,-0.041772092875466606,1.0000000000000002,6.938893903907228e-18
97690432.71934387,0.2541374420378352,97690432.71934387,286709567.2806561,9.117840645260005e-11,-9.281203623303842e-19,-0.04170764910677622,-0.04170764910677622,1.0,0.0
97765673.65393078,0.2543331780799448,97765673.65393078,286634326.3460692,9.110862765568406e-11,-9.266896026400725e-19,-0.04164335397271644,-0.041643353972716436,1.0000000000000002,6.938893903907228e-18
97840914.58851771,0.2545289141220544,97840914.58851771,286559085.4114823,9.103895638635118e-11,-9.252621403437668e-19,-0.04157920701615363,-0.04157920701615362,1.0000000000000002,6.938893903907228e-18
97916155.52310462,0.25472465016416396,97916155.52310462,286483844.4768954,9.096939239688386e-11,-9.23837965307939e-19,-0.04151520778170973,-0.04151520778170973,1.0,0.0
97991396.45769154,0.2549203862062735,97991396.45769154,286408603.54230845,9.089993544032558e-11,-9.22417067437947e-19,-0.041451355815754154,-0.04145135581575415,1.0000000000000002,6.938893903907228e-18
98066637.39227846,0.2551161222483831,98066637.39227846,286333362.60772157,9.083058527047784e-11,-9.209994366778547e-19,-0.04138765066639568,-0.04138765066639569,0.9999999999999998,6.938893903907228e-18
98141878.32686538,0.25531185829049263,98141878.32686538,286258121.6731346,9.076134164189737e-11,-9.195850630102576e-19,-0.041324091883474585,-0.04132409188347459,0.9999999999999998,6.938893903907228e-18
98217119.26145229,0.25550759433260223,98217119.26145229,286182880.7385477,9.069220430989315e-11,-9.18173936456102e-19,-0.04126067901855457,-0.041260679018554555,1.0000000000000004,1.3877787807814457e-17
98292360.19603921,0.2557033303747118,98292360.19603921,286107639.8039608,9.06231730305235e-11,-9.167660470745104e-19,-0.041197411624914866,-0.041197411624914866,1.0,0.0
98367601.13062613,0.25589906641682136,98367601.13062613,286032398.86937386,9.055424756059337e-11,-9.153613849626079e-19,-0.04113428925754248,-0.04113428925754248,1.0,0.0
98442842.06521304,0.2560948024589309,98442842.06521304,285957157.934787,9.048542765765131e-11,-9.13959940255345e-19,-0.04107131147312419,-0.041071311473124185,1.0000000000000002,6.938893903907228e-18
98518082.99979997,0.2562905385010405,98518082.99979997,285881917.00020003,9.041671307998673e-11,-9.125617031253265e-19,-0.04100847783003888,-0.04100847783003886,1.0000000000000004,2.0816681711721685e-17
98593323.93438688,0.25648627454315004,98593323.93438688,285806676.06561315,9.034810358662707e-11,-9.111666637826384e-19,-0.04094578788834975,-0.040945787888349745,1.0000000000000002,6.938893903907228e-18
98668564.86897379,0.2566820105852596,98668564.86897379,285731435.1310262,9.027959893733497e-11,-9.097748124746766e-19,-0.04088324120979663,-0.04088324120979664,0.9999999999999998,6.938893903907228e-18
98743805.80356072,0.2568777466273692,98743805.80356072,285656194.19643927,9.02111988926054e-11,-9.083861394859762e-19,-0.04082083735778831,-0.04082083735778831,1.0,0.0
98819046.73814763,0.25707348266947877,98819046.73814763,285580953.2618524,9.014290321366303e-11,-9.070006351380428e-19,-0.040758575897394934,-0.040758575897394934,1.0,0.0
98894287.67273454,0.2572692187115883,98894287.67273454,285505712.32726544,9.007471166245933e-11,-9.056182897891818e-19,-0.04069645639534036,-0.04069645639534035,1.0000000000000002,6.938893903907228e-18
98969528.60732147,0.2574649547536979,98969528.60732147,285430471.3926785,9.000662400166979e-11,-9.042390938343325e-19,-0.04063447841999467,-0.04063447841999467,1.0,0.0
99044769.54190838,0.25766069079580745,99044769.54190838,285355230.4580916,8.993863999469131e-11,-9.028630377049006e-19,-0.0405726415413667,-0.04057264154136671,0.9999999999999998,6.938893903907228e-18
99120010.4764953,0.257856426837917,99120010.4764953,285279989.52350473,8.98707594056393e-11,-9.014901118685925e-19,-0.040510945331096525,-0.040510945331096525,1.0,0.0
99195251.41108222,0.2580521628800266,99195251.41108222,285204748.5889178,8.980298199934507e-11,-9.001203068292483e-19,-0.040449389362448004,-0.040449389362448,1.0000000000000002,6.938893903907228e-18
99270492.34566914,0.2582478989221361,99270492.34566914,285129507.65433085,8.973530754135305e-11,-8.987536131266805e-19,-0.04038797321030152,-0.04038797321030151,1.0000000000000002,6.938893903907228e-18
99345733.28025605,0.2584436349642457,99345733.28025605,285054266.71974397,8.966773579791813e-11,-8.973900213365083e-19,-0.040326696451146504,-0.0403266964511465,1.0000000000000002,6.938893903907228e-18
99420974.21484298,0.2586393710063553,99420974.21484298,284979025.785157,8.960026653600295e-11,-8.960295220699958e-19,-0.040265558663074213,-0.040265558663074213,1.0,0.0
99496215.14942989,0.25883510704846485,99496215.14942989,284903784.8505701,8.953289952327524e-11,-8.94672105973891e-19,-0.040204559425770475,-0.04020455942577046,1.0000000000000004,1.3877787807814457e-17
99571456.0840168,0.2590308430905744,99571456.0840168,284828543.9159832,8.946563452810517e-11,-8.933177637302636e-19,-0.04014369832050836,-0.040143698320508354,1.0000000000000002,6.938893903907228e-18
99646697.01860373,0.259226579132684,99646697.01860373,284753302.98139626,8.939847131956259e-11,-8.919664860563457e-19,-0.0400829749301411,-0.0400829749301411,1.0,0.0
99721937.95319064,0.2594223151747935,99721937.95319064,284678062.0468094,8.933140966741459e-11,-8.90618263704374e-19,-0.040022388839094945,-0.04002238883909494,1.0000000000000002,6.938893903907228e-18
99797178.88777755,0.2596180512169031,99797178.88777755,284602821.11222243,8.926444934212268e-11,-8.892730874614287e-19,-0.0399619396333619,-0.0399619396333619,1.0,0.0
99872419.82236448,0.2598137872590127,99872419.82236448,284527580.17763555,8.919759011484025e-11,-8.87930948149278e-19,-0.039901626900492815,-0.03990162690049281,1.0000000000000002,6.938893903907228e-18
99947660.75695139,0.26000952330112226,99947660.75695139,284452339.2430486,8.913083175741005e-11,-8.86591836624222e-19,-0.0398414502295903,-0.0398414502295903,1.0,0.0
100022901.6915383,0.2602052593432318,100022901.6915383,284377098.30846167,8.906417404236144e-11,-8.85255743776935e-19,-0.03978140921130168,-0.03978140921130168,1.0,0.0
100098142.62612523,0.2604009953853414,100098142.62612523,284301857.3738748,8.899761674290789e-11,-8.839226605323115e-19,-0.03972150343781205,-0.03972150343781205,1.0,0.0
100173383.56071214,0.26059673142745093,100173383.56071214,284226616.43928784,8.893115963294443e-11,-8.825925778493128e-19,-0.03966173250283739,-0.03966173250283738,1.0000000000000002,6.938893903907228e-18
100248624.49529906,0.2607924674695605,100248624.49529906,284151375.50470096,8.886480248704509e-11,-8.812654867208124e-19,-0.03960209600161761,-0.03960209600161761,1.0,0.0
100323865.42988598,0.26098820351167007,100323865.42988598,284076134.570114,8.879854508046026e-11,-8.799413781734432e-19,-0.03954259353090973,-0.03954259353090973,1.0,0.0
100399106.3644729,0.26118393955377966,100399106.3644729,284000893.63552713,8.873238718911432e-11,-8.786202432674481e-19,-0.03948322468898108,-0.03948322468898108,1.0,0.0
100474347.29905981,0.2613796755958892,100474347.29905981,283925652.7009402,8.866632858960297e-11,-8.77302073096526e-19,-0.03942398907560245,-0.03942398907560245,1.0,0.0
100549588.23364674,0.2615754116379988,100549588.23364674,283850411.76635325,8.860036905919075e-11,-8.759868587876836e-19,-0.0393648862920414,-0.039364886292041386,1.0000000000000004,1.3877787807814457e-17
100624829.16823365,0.26177114768010834,100624829.16823365,283775170.83176637,8.853450837580867e-11,-8.746745915010857e-19,-0.039305915941055564,-0.03930591594105555,1.0000000000000004,1.3877787807814457e-17
100700070.10282056,0.2619668837222179,100700070.10282056,283699929.8971794,8.84687463180515e-11,-8.73365262429906e-19,-0.03924707762688589,-0.03924707762688588,1.0000000000000002,6.938893903907228e-18
100775311.03740749,0.2621626197643275,100775311.03740749,283624688.9625925,8.840308266517544e-11,-8.720588628001793e-19,-0.03918837095525005,-0.039188370955250046,1.0000000000000002,6.938893903907228e-18
100850551.9719944,0.26235835580643707,100850551.9719944,283549448.0280056,8.833751719709566e-11,-8.707553838706564e-19,-0.0391297955333359,-0.039129795533335884,1.0000000000000004,1.3877787807814457e-17
100925792.90658131,0.2625540918485466,100925792.90658131,283474207.0934187,8.827204969438378e-11,-8.69454816932654e-19,-0.03907135096979472,-0.039071350969794715,1.0000000000000002,6.938893903907228e-18
101001033.84116824,0.2627498278906562,101001033.84116824,283398966.1588318,8.820667993826541e-11,-8.681571533099126e-19,-0.03901303687473486,-0.03901303687473487,0.9999999999999998,6.938893903907228e-18
101076274.77575515,0.26294556393276575,101076274.77575515,283323725.22424483,8.814140771061783e-11,-8.668623843584513e-19,-0.038954852859715186,-0.03895485285971519,0.9999999999999998,6.938893903907228e-18
101151515.71034206,0.2631412999748753,101151515.71034206,283248484.28965795,8.807623279396743e-11,-8.655705014664215e-19,-0.038896798537738524,-0.038896798537738524,1.0,0.0
101226756.64492899,0.2633370360169849,101226756.64492899,283173243.355071,8.801115497148737e-11,-8.642814960539658e-19,-0.038838873523245304,-0.038838873523245304,1.0,0.0
101301997.5795159,0.2635327720590944,101301997.5795159,283098002.42048407,8.794617402699519e-11,-8.629953595730751e-19,-0.03878107743210717,-0.03878107743210717,1.0,0.0
101377238.51410282,0.263728508101204,101377238.51410282,283022761.4858972,8.788128974495039e-11,-8.617120835074467e-19,-0.038723409881620534,-0.038723409881620534,1.0,0.0
101452479.44868974,0.2639242441433136,101452479.44868974,282947520.55131024,8.781650191045203e-11,-8.604316593723417e-19,-0.03866587049050028,-0.03866587049050027,1.0000000000000002,6.938893903907228e-18
101527720.38327666,0.26411998018542315,101527720.38327666,282872279.61672336,8.775181030923642e-11,-8.591540787144484e-19,-0.0386084588788735,-0.03860845887887349,1.0000000000000002,6.938893903907228e-18
101602961.31786357,0.2643157162275327,101602961.31786357,282797038.6821364,8.768721472767473e-11,-8.578793331117387e-19,-0.03855117466827313,-0.03855117466827313,1.0,0.0
101678202.2524505,0.2645114522696423,101678202.2524505,282721797.74754953,8.762271495277057e-11,-8.566074141733316e-19,-0.03849401748163179,-0.03849401748163179,1.0,0.0
101753443.18703741,0.26470718831175183,101753443.18703741,282646556.8129626,8.755831077215782e-11,-8.553383135393544e-19,-0.03843698694327553,-0.038436986943275527,1.0000000000000002,6.938893903907228e-18
101828684.12162432,0.26490292435386137,101828684.12162432,282571315.87837565,8.749400197409815e-11,-8.540720228808056e-19,-0.03838008267891769,-0.03838008267891768,1.0000000000000002,6.938893903907228e-18
101903925.05621125,0.26509866039597096,101903925.05621125,282496074.94378877,8.742978834747873e-11,-8.52808533899417e-19,-0.038323304315652694,-0.038323304315652694,1.0,0.0
101979165.99079816,0.26529439643808056,101979165.99079816,282420834.0092018,8.736566968181001e-11,-8.5154783832752e-19,-0.03826665148195005,-0.03826665148195005,1.0,0.0
102054406.92538507,0.2654901324801901,102054406.92538507,282345593.07461494,8.73016457672233e-11,-8.502899279279077e-19,-0.03821012380764812,-0.03821012380764812,1.0,0.0
102129647.859972,0.2656858685222997,102129647.859972,282270352.140028,8.72377163944686e-11,-8.490347944937017e-19,-0.038153720923948205,-0.0381537209239482,1.0000000000000002,6.938893903907228e-18
102204888.79455891,0.26588160456440924,102204888.79455891,282195111.2054411,8.717388135491221e-11,-8.477824298482185e-19,-0.03809744246340846,-0.03809744246340845,1.0000000000000002,6.938893903907228e-18
102280129.72914582,0.2660773406065188,102280129.72914582,282119870.2708542,8.711014044053456e-11,-8.465328258448355e-19,-0.03804128805993792,-0.03804128805993792,1.0,0.0
102355370.66373275,0.26627307664862837,102355370.66373275,282044629.33626723,8.70464934439279e-11,-8.452859743668578e-19,-0.03798525734879051,-0.03798525734879052,0.9999999999999998,6.938893903907228e-18
102430611.59831966,0.26646881269073797,102430611.59831966,281969388.40168035,8.698294015829406e-11,-8.44041867327389e-19,-0.037929349966559237,-0.03792934996655923,1.0000000000000002,6.938893903907228e-18
102505852.53290658,0.2666645487328475,102505852.53290658,281894147.4670934,8.691948037744223e-11,-8.428004966691963e-19,-0.03787356555117011,-0.03787356555117011,1.0,0.0
102581093.4674935,0.2668602847749571,102581093.4674935,281818906.53250647,8.685611389578671e-11,-8.415618543645835e-19,-0.03781790374187644,-0.03781790374187644,1.0,0.0
102656334.40208042,0.26705602081706664,102656334.40208042,281743665.5979196,8.679284050834471e-11,-8.403259324152586e-19,-0.03776236417925293,-0.03776236417925293,1.0,0.0
102731575.33666733,0.2672517568591762,102731575.33666733,281668424.6633327,8.672966001073416e-11,-8.390927228522063e-19,-0.03770694650518988,-0.03770694650518988,1.0,0.0
102806816.27125426,0.2674474929012858,102806816.27125426,281593183.72874576,8.666657219917141e-11,-8.378622177355578e-19,-0.03765165036288738,-0.037651650362887375,1.0000000000000002,6.938893903907228e-18
102882057.20584117,0.2676432289433953,102882057.20584117,281517942.7941588,8.660357687046925e-11,-8.366344091544653e-19,-0.03759647539684966,-0.03759647539684966,1.0,0.0
102957298.14042808,0.2678389649855049,102957298.14042808,281442701.85957193,8.654067382203448e-11,-8.354092892269723e-19,-0.037541421252879265,-0.037541421252879265,1.0,0.0
103032539.07501501,0.2680347010276145,103032539.07501501,281367460.924985,8.64778628518659e-11,-8.341868500998887e-19,-0.037486487578071416,-0.03748648757807141,1.0000000000000002,6.938893903907228e-18
103107780.00960192,0.26823043706972405,103107780.00960192,281292219.99039805,8.641514375855216e-11,-8.329670839486644e-19,-0.03743167402080838,-0.037431674020808374,1.0000000000000002,6.938893903907228e-18
103183020.94418883,0.2684261731118336,103183020.94418883,281216979.05581117,8.635251634126951e-11,-8.317499829772639e-19,-0.03737698023075379,-0.03737698023075379,1.0,0.0
103258261.87877576,0.2686219091539432,103258261.87877576,281141738.1212242,8.628998039977972e-11,-8.305355394180413e-19,-0.037322405858847045,-0.037322405858847045,1.0,0.0
103333502.81336267,0.2688176451960527,103333502.81336267,281066497.18663734,8.6227535734428e-11,-8.293237455316179e-19,-0.03726795055729781,-0.03726795055729782,0.9999999999999998,6.938893903907228e-18
103408743.74794959,0.2690133812381623,103408743.74794959,280991256.2520504,8.61651821461407e-11,-8.281145936067568e-19,-0.03721361397958039,-0.03721361397958038,1.0000000000000002,6.938893903907228e-18
103483984.68253651,0.26920911728027186,103483984.68253651,280916015.3174635,8.610291943642342e-11,-8.269080759602414e-19,-0.037159395780428234,-0.03715939578042823,1.0000000000000002,6.938893903907228e-18
103559225.61712343,0.26940485332238145,103559225.61712343,280840774.3828766,8.604074740735876e-11,-8.257041849367531e-19,-0.03710529561582849,-0.03710529561582849,1.0,0.0
103634466.55171034,0.269600589364491,103634466.55171034,280765533.44828963,8.597866586160428e-11,-8.245029129087496e-19,-0.0370513131430165,-0.0370513131430165,1.0,0.0
103709707.48629726,0.2697963254066006,103709707.48629726,280690292.51370275,8.591667460239037e-11,-8.233042522763437e-19,-0.036997448020470364,-0.03699744802047036,1.0000000000000002,6.938893903907228e-18
103784948.42088418,0.26999206144871013,103784948.42088418,280615051.5791158,8.585477343351829e-11,-8.221081954671847e-19,-0.03694369990790561,-0.0369436999079056,1.0000000000000002,6.938893903907228e-18
103860189.35547109,0.27018779749081967,103860189.35547109,280539810.6445289,8.579296215935791e-11,-8.209147349363362e-19,-0.0368900684662697,-0.036890068466269695,1.0000000000000002,6.938893903907228e-18
103935430.29005802,0.27038353353292927,103935430.29005802,280464569.709942,8.573124058484583e-11,-8.197238631661587e-19,-0.03683655335773678,-0.03683655335773678,1.0,0.0
104010671.22464493,0.27057926957503886,104010671.22464493,280389328.7753551,8.566960851548323e-11,-8.185355726661918e-19,-0.03678315424570233,-0.03678315424570232,1.0000000000000004,1.3877787807814457e-17
104085912.15923184,0.2707750056171484,104085912.15923184,280314087.84076816,8.56080657573339e-11,-8.173498559730341e-19,-0.03672987079477782,-0.03672987079477782,1.0,0.0
104161153.09381877,0.270970741659258,104161153.09381877,280238846.9061812,8.55466121170221e-11,-8.16166705650228e-19,-0.03667670267078551,-0.03667670267078551,1.0,0.0
104236394.02840568,0.27116647770136754,104236394.02840568,280163605.97159433,8.548524740173068e-11,-8.1498611428814225e-19,-0.036623649540753186,-0.036623649540753186,1.0,0.0
104311634.9629926,0.2713622137434771,104311634.9629926,280088365.0370074,8.542397141919895e-11,-8.138080745038556e-19,-0.03657071107290891,-0.03657071107290891,1.0,0.0
104386875.89757952,0.27155794978558667,104386875.89757952,280013124.10242045,8.536278397772072e-11,-8.126325789410419e-19,-0.036517886936675854,-0.036517886936675854,1.0,0.0
104462116.83216643,0.2717536858276962,104462116.83216643,279937883.16783357,8.530168488614234e-11,-8.114596202698553e-19,-0.0364651768026672,-0.03646517680266719,1.0000000000000002,6.938893903907228e-18
104537357.76675335,0.2719494218698058,104537357.76675335,279862642.2332467,8.52406739538606e-11,-8.10289191186815e-19,-0.03641258034268086,-0.036412580342680856,1.0000000000000002,6.938893903907228e-18
104612598.70134027,0.2721451579119154,104612598.70134027,279787401.29865974,8.517975099082087e-11,-8.091212844146922e-19,-0.03636009722969451,-0.03636009722969451,1.0,0.0
104687839.63592719,0.27234089395402494,104687839.63592719,279712160.3640728,8.511891580751509e-11,-8.079558927023973e-19,-0.03630772713786041,-0.0363077271378604,1.0000000000000002,6.938893903907228e-18
104763080.5705141,0.2725366299961345,104763080.5705141,279636919.4294859,8.505816821497975e-11,-8.067930088248666e-19,-0.03625546974250039,-0.036255469742500386,1.0000000000000002,6.938893903907228e-18
104838321.50510103,0.2727323660382441,104838321.50510103,279561678.494899,8.499750802479403e-11,-8.056326255829501e-19,-0.0362033247201008,-0.036203324720100793,1.0000000000000002,6.938893903907228e-18
104913562.43968794,0.2729281020803536,104913562.43968794,279486437.56031203,8.49369350490778e-11,-8.044747358033011e-19,-0.0361512917483075,-0.0361512917483075,1.0,0.0
104988803.37427485,0.2731238381224632,104988803.37427485,279411196.62572515,8.487644910048971e-11,-8.033193323382641e-19,-0.03609937050592088,-0.03609937050592087,1.0000000000000002,6.938893903907228e-18
105064044.30886178,0.27331957416457275,105064044.30886178,279335955.6911382,8.481604999222517e-11,-8.021664080657649e-19,-0.036047560672890874,-0.036047560672890874,1.0,0.0
105139285.24344869,0.27351531020668235,105139285.24344869,279260714.7565513,8.47557375380146e-11,-8.010159558892016e-19,-0.03599586193031211,-0.0359958619303121,1.0000000000000002,6.938893903907228e-18
105214526.1780356,0.2737110462487919,105214526.1780356,279185473.8219644,8.469551155212135e-11,-7.998679687373337e-19,-0.03594427396041888,-0.035944273960418875,1.0000000000000002,6.938893903907228e-18
105289767.11262253,0.2739067822909015,105289767.11262253,279110232.8873775,8.463537184933986e-11,-7.987224395641744e-19,-0.035892796446580326,-0.035892796446580326,1.0,0.0
105365008.04720944,0.274102518333011,105365008.04720944,279034991.95279056,8.457531824499387e-11,-7.97579361348883e-19,-0.03584142907329561,-0.03584142907329561,1.0,0.0
105440248.98179635,0.27429825437512056,105440248.98179635,278959751.0182036,8.451535055493432e-11,-7.964387270956562e-19,-0.035790171526189,-0.03579017152618899,1.0000000000000002,6.938893903907228e-18
105515489.91638328,0.27449399041723016,105515489.91638328,278884510.08361673,8.445546859553759e-11,-7.953005298336205e-19,-0.03573902349200506,-0.03573902349200506,1.0,0.0
105590730.8509702,0.27468972645933976,105590730.8509702,278809269.1490298,8.439567218370374e-11,-7.94164762616728e-19,-0.03568798465860398,-0.03568798465860398,1.0,0.0
105665971.7855571,0.2748854625014493,105665971.7855571,278734028.2144429,8.433596113685436e-11,-7.930314185236482e-19,-0.03563705471495667,-0.03563705471495667,1.0,0.0
105741212.72014403,0.2750811985435589,105741212.72014403,278658787.27985597,8.4276335272931e-11,-7.919004906576629e-19,-0.03558623335114007,-0.03558623335114006,1.0000000000000002,6.938893903907228e-18
105816453.65473095,0.27527693458566843,105816453.65473095,278583546.3452691,8.421679441039317e-11,-7.907719721465623e-19,-0.03553552025833247,-0.03553552025833247,1.0,0.0
105891694.58931786,0.27547267062777797,105891694.58931786,278508305.41068214,8.415733836821651e-11,-7.89645856142539e-19,-0.03548491512880875,-0.03548491512880875,1.0,0.0
105966935.52390479,0.27566840666988757,105966935.52390479,278433064.4760952,8.4097966965891e-11,-7.885221358220854e-19,-0.035434417655935774,-0.03543441765593577,1.0000000000000002,6.938893903907228e-18
106042176.4584917,0.2758641427119971,106042176.4584917,278357823.5415083,8.403868002341911e-11,-7.874008043858895e-19,-0.0353840275341677,-0.0353840275341677,1.0,0.0
106117417.39307861,0.2760598787541067,106117417.39307861,278282582.6069214,8.397947736131401e-11,-7.862818550587324e-19,-0.03533374445904138,-0.035333744459041375,1.0000000000000002,6.938893903907228e-18
106192658.32766554,0.2762556147962163,106192658.32766554,278207341.67233443,8.392035880059771e-11,-7.851652810893854e-19,-0.03528356812717171,-0.035283568127171705,1.0000000000000002,6.938893903907228e-18
106267899.26225245,0.27645135083832584,106267899.26225245,278132100.73774755,8.386132416279931e-11,-7.840510757505089e-19,-0.035233498236247135,-0.035233498236247135,1.0,0.0
106343140.19683936,0.2766470868804354,106343140.19683936,278056859.80316067,8.380237326995319e-11,-7.829392323385503e-19,-0.03518353448502502,-0.03518353448502502,1.0,0.0
106418381.13142629,0.276842822922545,106418381.13142629,277981618.8685737,8.374350594459717e-11,-7.818297441736433e-19,-0.03513367657332716,-0.03513367657332715,1.0000000000000002,6.938893903907228e-18
106493622.0660132,0.2770385589646545,106493622.0660132,277906377.9339868,8.368472200977087e-11,-7.8072260459950795e-19,-0.035083924202035224,-0.035083924202035224,1.0,0.0
106568863.00060011,0.2772342950067641,106568863.00060011,277831136.9993999,8.362602128901376e-11,-7.796178069833502e-19,-0.03503427707308634,-0.03503427707308634,1.0,0.0
106644103.93518704,0.2774300310488737,106644103.93518704,277755896.06481296,8.356740360636354e-11,-7.785153447157628e-19,-0.03498473488946853,-0.03498473488946852,1.0000000000000002,6.938893903907228e-18
106719344.86977395,0.27762576709098324,106719344.86977395,277680655.130226,8.350886878635435e-11,-7.774152112106262e-19,-0.03493529735521636,-0.03493529735521636,1.0,0.0
106794585.80436088,0.27782150313309284,106794585.80436088,277605414.19563913,8.345041665401493e-11,-7.763173999050104e-19,-0.03488596417540646,-0.03488596417540646,1.0,0.0
106869826.7389478,0.2780172391752024,106869826.7389478,277530173.2610522,8.339204703486701e-11,-7.752219042590773e-19,-0.03483673505615316,-0.03483673505615316,1.0,0.0
106945067.6735347,0.2782129752173119,106945067.6735347,277454932.3264653,8.333375975492353e-11,-7.74128717755982e-19,-0.03478760970460405,-0.034787609704604046,1.0000000000000002,6.938893903907228e-18
107020308.60812163,0.2784087112594215,107020308.60812163,277379691.39187837,8.327555464068681e-11,-7.73037833901777e-19,-0.03473858782893569,-0.03473858782893569,1.0,0.0
107095549.54270855,0.27860444730153106,107095549.54270855,277304450.4572915,8.321743151914705e-11,-7.719492462253161e-19,-0.03468966913834928,-0.034689669138349276,1.0000000000000002,6.938893903907228e-18
107170790.47729546,0.27880018334364065,107170790.47729546,277229209.52270454,8.31593902177804e-11,-7.708629482781566e-19,-0.03464085334306624,-0.034640853343066234,1.0000000000000002,6.938893903907228e-18
107246031.41188239,0.27899591938575025,107246031.41188239,277153968.5881176,8.310143056454736e-11,-7.697789336344651e-19,-0.034592140154324026,-0.03459214015432402,1.0000000000000002,6.938893903907228e-18
107321272.3464693,0.2791916554278598,107321272.3464693,277078727.6535307,8.30435523878911e-11,-7.686971958909229e-19,-0.03454352928437184,-0.03454352928437184,1.0,0.0
107396513.28105621,0.2793873914699693,107396513.28105621,277003486.7189438,8.298575551673571e-11,-7.6761772866663e-19,-0.03449502044646635,-0.034495020446466344,1.0000000000000002,6.938893903907228e-18
107471754.21564314,0.2795831275120789,107471754.21564314,276928245.78435683,8.292803978048453e-11,-7.665405256030111e-19,-0.034446613354867414,-0.034446613354867414,1.0,0.0
107546995.15023005,0.27977886355418846,107546995.15023005,276853004.84976995,8.287040500901855e-11,-7.654655803637238e-19,-0.034398307724834015,-0.034398307724834015,1.0,0.0
107622236.08481696,0.279974599596298,107622236.08481696,276777763.91518307,8.281285103269462e-11,-7.643928866345628e-19,-0.03435010327261992,-0.03435010327261991,1.0000000000000002,6.938893903907228e-18
107697477.01940389,0.2801703356384076,107697477.01940389,276702522.9805961,8.275537768234384e-11,-7.633224381233685e-19,-0.03430199971546957,-0.034301999715469565,1.0000000000000002,6.938893903907228e-18
107772717.9539908,0.2803660716805172,107772717.9539908,276627282.0460092,8.269798478926999e-11,-7.622542285599349e-19,-0.03425399677161397,-0.03425399677161396,1.0000000000000002,6.938893903907228e-18
107847958.88857771,0.28056180772262673,107847958.88857771,276552041.1114223,8.26406721852477e-11,-7.611882516959172e-19,-0.03420609416026649,-0.03420609416026648,1.0000000000000002,6.938893903907228e-18
107923199.82316464,0.28075754376473633,107923199.82316464,276476800.17683536,8.2583439702521e-11,-7.601245013047398e-19,-0.03415829160161879,-0.03415829160161879,1.0,0.0
107998440.75775155,0.28095327980684587,107998440.75775155,276401559.2422484,8.252628717380155e-11,-7.590629711815073e-19,-0.034110588816836776,-0.034110588816836776,1.0,0.0
108073681.69233847,0.2811490158489554,108073681.69233847,276326318.30766153,8.246921443226706e-11,-7.58003655142912e-19,-0.03406298552805645,-0.03406298552805644,1.0000000000000002,6.938893903907228e-18
108148922.6269254,0.281344751891065,108148922.6269254,276251077.3730746,8.241222131155967e-11,-7.569465470271439e-19,-0.03401548145837988,-0.034015481458379876,1.0000000000000002,6.938893903907228e-18
108224163.5615123,0.2815404879331746,108224163.5615123,276175836.4384877,8.235530764578436e-11,-7.558916406938026e-19,-0.033968076331871246,-0.03396807633187124,1.0000000000000002,6.938893903907228e-18
108299404.49609922,0.28173622397528414,108299404.49609922,276100595.50390077,8.229847326950729e-11,-7.548389300238071e-19,-0.03392076987355274,-0.03392076987355274,1.0,0.0
108374645.43068615,0.28193196001739373,108374645.43068615,276025354.5693139,8.224171801775423e-11,-7.53788408919306e-19,-0.03387356180940061,-0.03387356180940061,1.0,0.0
108449886.36527306,0.2821276960595033,108449886.36527306,275950113.63472694,8.218504172600898e-11,-7.527400713035917e-19,-0.03382645186634122,-0.033826451866341214,1.0000000000000002,6.938893903907228e-18
108525127.29985997,0.2823234321016128,108525127.29985997,275874872.70014,8.212844423021174e-11,-7.516939111210098e-19,-0.03377943977224703,-0.03377943977224703,1.0,0.0
108600368.2344469,0.2825191681437224,108600368.2344469,275799631.7655531,8.207192536675756e-11,-7.506499223368733e-19,-0.03373252525593274,-0.03373252525593273,1.0000000000000002,6.938893903907228e-18
108675609.16903381,0.28271490418583195,108675609.16903381,275724390.8309662,8.201548497249479e-11,-7.49608098937375e-19,-0.033685708047151326,-0.03368570804715132,1.0000000000000002,6.938893903907228e-18
108750850.10362072,0.28291064022794155,108750850.10362072,275649149.8963793,8.195912288472342e-11,-7.485684349295006e-19,-0.03363898787659016,-0.03363898787659015,1.0000000000000002,6.938893903907228e-18
108826091.03820765,0.28310637627005114,108826091.03820765,275573908.96179235,8.190283894119365e-11,-7.475309243409429e-19,-0.03359236447586713,-0.033592364475867116,1.0000000000000004,1.3877787807814457e-17
108901331.97279456,0.2833021123121607,108901331.97279456,275498668.02720547,8.184663298010422e-11,-7.46495561220016e-19,-0.03354583757752682,-0.03354583757752682,1.0,0.0
108976572.90738147,0.2834978483542702,108976572.90738147,275423427.0926185,8.179050484010092e-11,-7.454623396355694e-19,-0.03349940691503662,-0.03349940691503662,1.0,0.0
109051813.8419684,0.2836935843963798,109051813.8419684,275348186.1580316,8.173445436027501e-11,-7.444312536769032e-19,-0.03345307222278292,-0.03345307222278292,1.0,0.0
109127054.77655531,0.28388932043848936,109127054.77655531,275272945.2234447,8.167848138016177e-11,-7.434022974536844e-19,-0.03340683323606735,-0.03340683323606734,1.0000000000000002,6.938893903907228e-18
109202295.71114223,0.28408505648059895,109202295.71114223,275197704.28885776,8.162258573973887e-11,-7.423754650958609e-19,-0.033360689691102924,-0.03336068969110292,1.0000000000000002,6.938893903907228e-18
109277536.64572915,0.2842807925227085,109277536.64572915,275122463.3542708,8.156676727942488e-11,-7.413507507535793e-19,-0.03331464132501036,-0.03331464132501035,1.0000000000000002,6.938893903907228e-18
109352777.58031607,0.2844765285648181,109352777.58031607,275047222.41968393,8.15110258400778e-11,-7.403281485971018e-19,-0.03326868787581427,-0.03326868787581427,1.0,0.0
109428018.51490298,0.2846722646069276,109428018.51490298,274971981.48509705,8.145536126299343e-11,-7.39307652816721e-19,-0.03322282908243946,-0.03322282908243946,1.0,0.0
109503259.4494899,0.2848680006490372,109503259.4494899,274896740.5505101,8.139977338990406e-11,-7.382892576226797e-19,-0.03317706468470719,-0.033177064684707186,1.0000000000000002,6.938893903907228e-18
109578500.38407682,0.28506373669114676,109578500.38407682,274821499.61592317,8.134426206297678e-11,-7.372729572450881e-19,-0.03313139442333156,-0.03313139442333155,1.0000000000000002,6.938893903907228e-18
109653741.31866373,0.2852594727332563,109653741.31866373,274746258.6813363,8.128882712481208e-11,-7.36258745933841e-19,-0.033085818039915726,-0.033085818039915726,1.0,0.0
109728982.25325066,0.2854552087753659,109728982.25325066,274671017.74674934,8.123346841844237e-11,-7.352466179585378e-19,-0.033040335276948316,-0.033040335276948316,1.0,0.0
109804223.18783757,0.2856509448174755,109804223.18783757,274595776.8121624,8.117818578733048e-11,-7.342365676084009e-19,-0.03299494587779979,-0.032994945877799775,1.0000000000000004,1.3877787807814457e-17
109879464.12242448,0.28584668085958503,109879464.12242448,274520535.8775755,8.112297907536816e-11,-7.332285891921945e-19,-0.03294964958671877,-0.03294964958671876,1.0000000000000002,6.938893903907228e-18
109954705.05701141,0.28604241690169463,109954705.05701141,274445294.9429886,8.106784812687464e-11,-7.322226770381456e-19,-0.03290444614882848,-0.03290444614882848,1.0,0.0
110029945.99159832,0.28623815294380417,110029945.99159832,274370054.0084017,8.101279278659526e-11,-7.312188254938639e-19,-0.032859335310123174,-0.032859335310123174,1.0,0.0
110105186.92618524,0.2864338889859137,110105186.92618524,274294813.07381475,8.09578128996998e-11,-7.302170289262611e-19,-0.03281431681746449,-0.03281431681746449,1.0,0.0
110180427.86077216,0.2866296250280233,110180427.86077216,274219572.13922787,8.090290831178122e-11,-7.29217281721473e-19,-0.03276939041857794,-0.03276939041857793,1.0000000000000002,6.938893903907228e-18
110255668.79535908,0.28682536107013284,110255668.79535908,274144331.2046409,8.084807886885417e-11,-7.282195782847813e-19,-0.03272455586204943,-0.03272455586204942,1.0000000000000002,6.938893903907228e-18
110330909.72994599,0.28702109711224244,110330909.72994599,274069090.270054,8.079332441735347e-11,-7.2722391304053345e-19,-0.03267981289732163,-0.03267981289732163,1.0,0.0
110406150.66453291,0.28721683315435204,110406150.66453291,273993849.3354671,8.073864480413279e-11,-7.262302804320666e-19,-0.03263516127469056,-0.032635161274690565,0.9999999999999998,6.938893903907228e-18
110481391.59911983,0.2874125691964616,110481391.59911983,273918608.40088016,8.068403987646318e-11,-7.252386749216295e-19,-0.032590600745302095,-0.03259060074530209,1.0000000000000002,6.938893903907228e-18
110556632.53370674,0.2876083052385711,110556632.53370674,273843367.4662933,8.062950948203162e-11,-7.242490909903036e-19,-0.0325461310611484,-0.0325461310611484,1.0,0.0
110631873.46829367,0.2878040412806807,110631873.46829367,273768126.53170633,8.057505346893964e-11,-7.232615231379289e-19,-0.032501751975064615,-0.03250175197506461,1.0000000000000002,6.938893903907228e-18
110707114.40288058,0.28799977732279025,110707114.40288058,273692885.59711945,8.05206716857019e-11,-7.222759658830264e-19,-0.03245746324072535,-0.03245746324072535,1.0,0.0
110782355.33746749,0.28819551336489985,110782355.33746749,273617644.6625325,8.046636398124483e-11,-7.2129241376272065e-19,-0.03241326461264123,-0.03241326461264123,1.0,0.0
110857596.27205442,0.2883912494070094,110857596.27205442,273542403.72794557,8.041213020490515e-11,-7.20310861332666e-19,-0.032369155846155566,-0.03236915584615556,1.0000000000000002,6.938893903907228e-18
110932837.20664133,0.288586985449119,110932837.20664133,273467162.7933587,8.035797020642853e-11,-7.193313031669704e-19,-0.03232513669744092,-0.032325136697440915,1.0000000000000002,6.938893903907228e-18
111008078.14122824,0.2887827214912285,111008078.14122824,273391921.85877174,8.03038838359682e-11,-7.183537338581204e-19,-0.032281206923495766,-0.03228120692349576,1.0000000000000002,6.938893903907228e-18
111083319.07581517,0.2889784575333381,111083319.07581517,273316680.9241848,8.024987094408358e-11,-7.173781480169055e-19,-0.03223736628214106,-0.03223736628214105,1.0000000000000002,6.938893903907228e-18
111158560.01040208,0.28917419357544766,111158560.01040208,273241439.9895979,8.019593138173888e-11,-7.164045402723463e-19,-0.03219361453201701,-0.032193614532017,1.0000000000000002,6.938893903907228e-18
111233800.944989,0.2893699296175572,111233800.944989,273166199.05501103,8.014206500030177e-11,-7.154329052716179e-19,-0.03214995143257968,-0.032149951432579676,1.0000000000000002,6.938893903907228e-18
111309041.87957592,0.2895656656596668,111309041.87957592,273090958.1204241,8.008827165154194e-11,-7.144632376799775e-19,-0.03210637674409768,-0.03210637674409767,1.0000000000000002,6.938893903907228e-18
111384282.81416284,0.2897614017017764,111384282.81416284,273015717.18583715,8.003455118762982e-11,-7.134955321806916e-19,-0.03206289022764891,-0.03206289022764892,0.9999999999999998,6.938893903907228e-18
111459523.74874975,0.28995713774388593,111459523.74874975,272940476.25125027,7.998090346113522e-11,-7.125297834749624e-19,-0.03201949164511729,-0.03201949164511728,1.0000000000000002,6.938893903907228e-18
111534764.68333668,0.2901528737859955,111534764.68333668,272865235.3166633,7.992732832502594e-11,-7.115659862818542e-19,-0.03197618075918939,-0.031976180759189385,1.0000000000000002,6.938893903907228e-18
111610005.61792359,0.29034860982810506,111610005.61792359,272789994.3820764,7.987382563266648e-11,-7.106041353382241e-19,-0.031932957333351365,-0.03193295733335136,1.0000000000000002,6.938893903907228e-18
111685246.5525105,0.2905443458702146,111685246.5525105,272714753.4474895,7.982039523781661e-11,-7.096442253986471e-19,-0.03188982113188558,-0.03188982113188557,1.0000000000000002,6.938893903907228e-18
111760487.48709743,0.2907400819123242,111760487.48709743,272639512.51290256,7.97670369946302e-11,-7.086862512353455e-19,-0.03184677191986741,-0.03184677191986741,1.0,0.0
111835728.42168434,0.29093581795443374,111835728.42168434,272564271.5783157,7.971375075765375e-11,-7.077302076381191e-19,-0.031803809463162136,-0.031803809463162136,1.0,0.0
111910969.35627125,0.29113155399654334,111910969.35627125,272489030.64372873,7.96605363818251e-11,-7.067760894142723e-19,-0.031760933528421666,-0.031760933528421666,1.0,0.0
111986210.29085818,0.29132729003865293,111986210.29085818,272413789.70914185,7.960739372247215e-11,-7.058238913885444e-19,-0.03171814388308137,-0.03171814388308136,1.0000000000000002,6.938893903907228e-18
112061451.22544509,0.29152302608076247,112061451.22544509,272338548.7745549,7.95543226353116e-11,-7.048736084030397e-19,-0.03167544029535698,-0.031675440295356974,1.0000000000000002,6.938893903907228e-18
112136692.160032,0.291718762122872,112136692.160032,272263307.83996797,7.95013229764475e-11,-7.03925235317157e-19,-0.03163282253424139,-0.03163282253424139,1.0,0.0
112211933.09461893,0.2919144981649816,112211933.09461893,272188066.9053811,7.944839460237007e-11,-7.029787670075204e-19,-0.03159029036950158,-0.03159029036950158,1.0,0.0
112287174.02920584,0.29211023420709115,112287174.02920584,272112825.97079414,7.939553736995439e-11,-7.020341983679101e-19,-0.03154784357167548,-0.03154784357167547,1.0000000000000002,6.938893903907228e-18
112362414.96379276,0.29230597024920074,112362414.96379276,272037585.03620726,7.934275113645905e-11,-7.010915243091931e-19,-0.03150548191206884,-0.03150548191206883,1.0000000000000002,6.938893903907228e-18
112437655.89837968,0.29250170629131034,112437655.89837968,271962344.1016203,7.929003575952495e-11,-7.00150739759255e-19,-0.031463205162752216,-0.031463205162752216,1.0,0.0
112512896.8329666,0.2926974423334199,112512896.8329666,271887103.16703343,7.923739109717396e-11,-6.992118396629319e-19,-0.03142101309655787,-0.031421013096557864,1.0000000000000002,6.938893903907228e-18
112588137.76755351,0.2928931783755294,112588137.76755351,271811862.2324465,7.91848170078077e-11,-6.982748189819418e-19,-0.031378905487076704,-0.031378905487076704,1.0,0.0
112663378.70214044,0.293088914417639,112663378.70214044,271736621.29785955,7.913231335020617e-11,-6.973396726948174e-19,-0.03133688210865523,-0.03133688210865522,1.0000000000000002,6.938893903907228e-18
112738619.63672735,0.29328465045974855,112738619.63672735,271661380.36327267,7.907987998352667e-11,-6.964063957968389e-19,-0.03129494273639254,-0.03129494273639254,1.0,0.0
112813860.57131426,0.2934803865018581,112813860.57131426,271586139.4286857,7.902751676730231e-11,-6.9547498329996645e-19,-0.03125308714613733,-0.03125308714613732,1.0000000000000002,6.938893903907228e-18
112889101.50590119,0.2936761225439677,112889101.50590119,271510898.4940988,7.897522356144098e-11,-6.945454302327741e-19,-0.03121131511448484,-0.031211315114484838,1.0000000000000002,3.469446951953614e-18
112964342.4404881,0.2938718585860773,112964342.4404881,271435657.5595119,7.892300022622394e-11,-6.936177316403834e-19,-0.031169626418773938,-0.031169626418773938,1.0,0.0
113039583.37507501,0.2940675946281868,113039583.37507501,271360416.624925,7.887084662230469e-11,-6.926918825843963e-19,-0.03112802083708409,-0.031128020837084085,1.0000000000000002,3.469446951953614e-18
113114824.30966194,0.2942633306702964,113114824.30966194,271285175.6903381,7.881876261070762e-11,-6.917678781428308e-19,-0.031086498148232448,-0.031086498148232448,1.0,0.0
113190065.24424885,0.29445906671240596,113190065.24424885,271209934.75575113,7.876674805282688e-11,-6.908457134100551e-19,-0.031045058131770917,-0.031045058131770914,1.0000000000000002,3.469446951953614e-18
113265306.17883576,0.2946548027545155,113265306.17883576,271134693.82116425,7.871480281042511e-11,-6.899253834967214e-19,-0.031003700567983163,-0.031003700567983156,1.0000000000000002,6.938893903907228e-18
113340547.11342269,0.2948505387966251,113340547.11342269,271059452.8865773,7.866292674563221e-11,-6.890068835297021e-19,-0.030962425237881754,-0.030962425237881744,1.0000000000000004,1.0408340855860843e-17
113415788.0480096,0.2950462748387347,113415788.0480096,270984211.95199037,7.861111972094412e-11,-6.880902086520258e-19,-0.030921231923205277,-0.03092123192320527,1.0000000000000002,6.938893903907228e-18
113491028.98259652,0.29524201088084423,113491028.98259652,270908971.0174035,7.855938159922164e-11,-6.871753540228112e-19,-0.030880120406415378,-0.030880120406415378,1.0,0.0
113566269.91718344,0.2954377469229538,113566269.91718344,270833730.08281654,7.85077122436892e-11,-6.862623148172047e-19,-0.030839090470693952,-0.030839090470693952,1.0,0.0
113641510.85177036,0.29563348296506337,113641510.85177036,270758489.14822966,7.845611151793361e-11,-6.853510862263168e-19,-0.030798141899940273,-0.03079814189994027,1.0000000000000002,3.469446951953614e-18
113716751.78635727,0.2958292190071729,113716751.78635727,270683248.2136427,7.840457928590299e-11,-6.844416634571571e-19,-0.0307572744787681,-0.030757274478768096,1.0000000000000002,3.469446951953614e-18
113791992.7209442,0.2960249550492825,113791992.7209442,270608007.27905583,7.835311541190539e-11,-6.835340417325728e-19,-0.03071648799250289,-0.03071648799250289,1.0,0.0
113867233.65553111,0.29622069109139204,113867233.65553111,270532766.3444689,7.830171976060779e-11,-6.826282162911863e-19,-0.030675782227179007,-0.030675782227179,1.0000000000000002,6.938893903907228e-18
113942474.59011802,0.29641642713350164,113942474.59011802,270457525.40988195,7.82503921970348e-11,-6.817241823873304e-19,-0.030635156969536798,-0.030635156969536798,1.0,0.0
114017715.52470495,0.29661216317561123,114017715.52470495,270382284.47529507,7.819913258656746e-11,-6.808219352909885e-19,-0.030594612007019923,-0.03059461200701992,1.0000000000000002,3.469446951953614e-18
114092956.45929186,0.29680789921772077,114092956.45929186,270307043.5407081,7.814794079494223e-11,-6.799214702877321e-19,-0.030554147127772525,-0.03055414712777252,1.0000000000000002,6.938893903907228e-18
114168197.39387877,0.2970036352598303,114168197.39387877,270231802.60612124,7.809681668824956e-11,-6.79022782678658e-19,-0.030513762120636428,-0.030513762120636424,1.0000000000000002,3.469446951953614e-18
114243438.3284657,0.2971993713019399,114243438.3284657,270156561.6715343,7.804576013293299e-11,-6.78125867780328e-19,-0.03047345677514841,-0.03047345677514841,1.0,0.0
114318679.26305261,0.29739510734404945,114318679.26305261,270081320.7369474,7.79947709957878e-11,-6.772307209247081e-19,-0.030433230881537494,-0.030433230881537498,0.9999999999999999,3.469446951953614e-18
114393920.19763952,0.297590843386159,114393920.19763952,270006079.8023605,7.794384914395995e-11,-6.763373374591072e-19,-0.03039308423072216,-0.030393084230722154,1.0000000000000002,6.938893903907228e-18
114469161.13222645,0.2977865794282686,114469161.13222645,269930838.86777353,7.789299444494486e-11,-6.754457127461161e-19,-0.030353016614307636,-0.03035301661430763,1.0000000000000002,6.938893903907228e-18
114544402.06681336,0.2979823154703782,114544402.06681336,269855597.93318665,7.784220676658633e-11,-6.745558421635484e-19,-0.030313027824583224,-0.030313027824583227,0.9999999999999999,3.469446951953614e-18
114619643.00140028,0.2981780515124877,114619643.00140028,269780356.9985997,7.779148597707538e-11,-6.7366772110438035e-19,-0.030273117654519597,-0.030273117654519597,1.0,0.0
114694883.9359872,0.2983737875545973,114694883.9359872,269705116.06401277,7.774083194494905e-11,-6.727813449766898e-19,-0.03023328589776607,-0.03023328589776606,1.0000000000000002,6.938893903907228e-18
114770124.87057412,0.29856952359670685,114770124.87057412,269629875.1294259,7.769024453908936e-11,-6.71896709203599e-19,-0.03019353234864801,-0.030193532348648,1.0000000000000002,6.938893903907228e-18
114845365.80516103,0.2987652596388164,114845365.80516103,269554634.194839,7.763972362872214e-11,-6.710138092232137e-19,-0.030153856802164113,-0.030153856802164106,1.0000000000000002,6.938893903907228e-18
114920606.73974796,0.298960995680926,114920606.73974796,269479393.26025206,7.758926908341583e-11,-6.701326404885646e-19,-0.03011425905398377,-0.030114259053983773,0.9999999999999999,3.469446951953614e-18
114995847.67433487,0.2991567317230356,114995847.67433487,269404152.3256651,7.753888077308052e-11,-6.692531984675504e-19,-0.030074738900444507,-0.030074738900444504,1.0000000000000002,3.469446951953614e-18
115071088.60892178,0.2993524677651451,115071088.60892178,269328911.39107823,7.748855856796665e-11,-6.683754786428771e-19,-0.03003529613854925,-0.030035296138549248,1.0000000000000002,3.469446951953614e-18
115146329.54350871,0.2995482038072547,115146329.54350871,269253670.4564913,7.743830233866409e-11,-6.674994765120011e-19,-0.029995930565963787,-0.029995930565963787,1.0,0.0
115221570.47809562,0.29974393984936426,115221570.47809562,269178429.52190435,7.738811195610085e-11,-6.666251875870722e-19,-0.029956641981014182,-0.029956641981014182,1.0,0.0
115296811.41268253,0.2999396758914738,115296811.41268253,269103188.58731747,7.73379872915421e-11,-6.657526073948744e-19,-0.029917430182684137,-0.029917430182684134,1.0000000000000002,3.469446951953614e-18
115372052.34726946,0.3001354119335834,115372052.34726946,269027947.6527305,7.7287928216589e-11,-6.648817314767698e-19,-0.029878294970612448,-0.029878294970612448,1.0,0.0
115447293.28185637,0.30033114797569294,115447293.28185637,268952706.71814364,7.723793460317769e-11,-6.640125553886415e-19,-0.029839236145090476,-0.02983923614509047,1.0000000000000002,6.938893903907228e-18
115522534.21644329,0.30052688401780253,115522534.21644329,268877465.7835567,7.718800632357808e-11,-6.631450747008366e-19,-0.029800253507059532,-0.029800253507059532,1.0,0.0
115597775.15103021,0.3007226200599121,115597775.15103021,268802224.8489698,7.713814325039286e-11,-6.6227928499810945e-19,-0.02976134685810838,-0.029761346858108377,1.0000000000000002,3.469446951953614e-18
115673016.08561713,0.30091835610202167,115673016.08561713,268726983.9143829,7.70883452565564e-11,-6.614151818795664e-19,-0.02972251600047072,-0.02972251600047072,1.0,0.0
115748257.02020404,0.3011140921441312,115748257.02020404,268651742.97979593,7.703861221533363e-11,-6.605527609586091e-19,-0.029683760737022655,-0.029683760737022655,1.0,0.0
115823497.95479096,0.3013098281862408,115823497.95479096,268576502.04520905,7.698894400031904e-11,-6.596920178628783e-19,-0.029645080871280153,-0.02964508087128015,1.0000000000000002,3.469446951953614e-18
115898738.88937788,0.30150556422835034,115898738.88937788,268501261.1106221,7.693934048543552e-11,-6.588329482341998e-19,-0.029606476207396638,-0.029606476207396638,1.0,0.0
115973979.82396479,0.30170130027045994,115973979.82396479,268426020.17603523,7.688980154493334e-11,-6.579755477285281e-19,-0.029567946550160436,-0.02956794655016043,1.0000000000000002,6.938893903907228e-18
116049220.75855172,0.3018970363125695,116049220.75855172,268350779.24144828,7.684032705338914e-11,-6.571198120158917e-19,-0.029529491704992337,-0.029529491704992333,1.0000000000000002,3.469446951953614e-18
116124461.69313863,0.3020927723546791,116124461.69313863,268275538.30686137,7.679091688570476e-11,-6.5626573678033885e-19,-0.029491111477943137,-0.02949111147794313,1.0000000000000002,6.938893903907228e-18
116199702.62772554,0.3022885083967886,116199702.62772554,268200297.37227446,7.67415709171063e-11,-6.554133177198826e-19,-0.029452805675691186,-0.029452805675691186,1.0,0.0
116274943.56231247,0.3024842444388982,116274943.56231247,268125056.43768752,7.669228902314302e-11,-6.545625505464465e-19,-0.029414574105539937,-0.02941457410553993,1.0000000000000002,6.938893903907228e-18
116350184.49689938,0.30267998048100775,116350184.49689938,268049815.50310063,7.664307107968625e-11,-6.537134309858113e-19,-0.029376416575415558,-0.029376416575415554,1.0000000000000002,3.469446951953614e-18
116425425.4314863,0.3028757165231173,116425425.4314863,267974574.5685137,7.659391696292846e-11,-6.528659547775608e-19,-0.029338332893864488,-0.029338332893864484,1.0000000000000002,3.469446951953614e-18
116500666.36607322,0.3030714525652269,116500666.36607322,267899333.63392678,7.654482654938208e-11,-6.52020117675028e-19,-0.02930032287005103,-0.02930032287005103,1.0,0.0
116575907.30066013,0.3032671886073365,116575907.30066013,267824092.69933987,7.649579971587867e-11,-6.511759154452425e-19,-0.029262386313754985,-0.029262386313754985,1.0,0.0
116651148.23524705,0.303462924649446,116651148.23524705,267748851.76475295,7.644683633956762e-11,-6.503333438688772e-19,-0.02922452303536925,-0.029224523035369248,1.0000000000000002,3.469446951953614e-18
116726389.16983397,0.3036586606915556,116726389.16983397,267673610.83016604,7.63979362979154e-11,-6.494923987401958e-19,-0.029186732845897456,-0.02918673284589745,1.0000000000000002,6.938893903907228e-18
116801630.10442089,0.30385439673366516,116801630.10442089,267598369.8955791,7.634909946870435e-11,-6.486530758669998e-19,-0.029149015556951596,-0.029149015556951596,1.0,0.0
116876871.0390078,0.3040501327757747,116876871.0390078,267523128.96099222,7.630032573003172e-11,-6.478153710705767e-19,-0.029111370980749698,-0.029111370980749698,1.0,0.0
116952111.97359473,0.3042458688178843,116952111.97359473,267447888.02640527,7.625161496030871e-11,-6.469792801856476e-19,-0.029073798930113463,-0.02907379893011346,1.0000000000000002,3.469446951953614e-18
117027352.90818164,0.30444160485999383,117027352.90818164,267372647.09181836,7.620296703825938e-11,-6.461447990603159e-19,-0.029036299218465962,-0.02903629921846596,1.0000000000000002,3.469446951953614e-18
117102593.84276855,0.3046373409021034,117102593.84276855,267297406.15723145,7.615438184291971e-11,-6.453119235560147e-19,-0.028998871659829277,-0.028998871659829274,1.0000000000000002,3.469446951953614e-18
117177834.77735548,0.304833076944213,117177834.77735548,267222165.2226445,7.610585925363651e-11,-6.444806495474566e-19,-0.028961516068822232,-0.028961516068822232,1.0,0.0
117253075.71194239,0.30502881298632256,117253075.71194239,267146924.28805763,7.605739915006656e-11,-6.436509729225824e-19,-0.028924232260658104,-0.028924232260658097,1.0000000000000002,6.938893903907228e-18
117328316.6465293,0.3052245490284321,117328316.6465293,267071683.35347068,7.600900141217551e-11,-6.428228895825093e-19,-0.028887020051142288,-0.028887020051142284,1.0000000000000002,3.469446951953614e-18
117403557.58111623,0.3054202850705417,117403557.58111623,266996442.41888377,7.596066592023686e-11,-6.41996395441481e-19,-0.02884987925667004,-0.028849879256670045,0.9999999999999999,3.469446951953614e-18
117478798.51570314,0.30561602111265124,117478798.51570314,266921201.48429686,7.591239255483115e-11,-6.411714864268175e-19,-0.02881280969422427,-0.028812809694224267,1.0000000000000002,3.469446951953614e-18
117554039.45029005,0.30581175715476083,117554039.45029005,266845960.54970995,7.586418119684475e-11,-6.403481584788641e-19,-0.028775811181373175,-0.028775811181373172,1.0000000000000002,3.469446951953614e-18
117629280.38487698,0.3060074931968704,117629280.38487698,266770719.61512303,7.581603172746907e-11,-6.395264075509418e-19,-0.02873888353626808,-0.028738883536268075,1.0000000000000002,3.469446951953614e-18
117704521.3194639,0.30620322923897997,117704521.3194639,266695478.6805361,7.57679440281995e-11,-6.387062296092982e-19,-0.028702026577641183,-0.02870202657764118,1.0000000000000002,3.469446951953614e-18
117779762.2540508,0.3063989652810895,117779762.2540508,266620237.7459492,7.571991798083437e-11,-6.378876206330567e-19,-0.028665240124803308,-0.028665240124803308,1.0,0.0
117855003.18863773,0.3065947013231991,117855003.18863773,266544996.81136227,7.567195346747416e-11,-6.370705766141679e-19,-0.028628523997641694,-0.02862852399764169,1.0000000000000002,3.469446951953614e-18
117930244.12322465,0.30679043736530864,117930244.12322465,266469755.87677535,7.562405037052041e-11,-6.362550935573609e-19,-0.028591878016617826,-0.02859187801661782,1.0000000000000002,6.938893903907228e-18
118005485.05781156,0.3069861734074182,118005485.05781156,266394514.94218844,7.557620857267476e-11,-6.354411674800934e-19,-0.028555302002765168,-0.028555302002765164,1.0000000000000002,3.469446951953614e-18
118080725.99239849,0.3071819094495278,118080725.99239849,266319274.0076015,7.552842795693804e-11,-6.346287944125038e-19,-0.028518795777687046,-0.02851879577768705,0.9999999999999999,3.469446951953614e-18
118155966.9269854,0.3073776454916374,118155966.9269854,266244033.07301462,7.548070840660932e-11,-6.338179703973629e-19,-0.028482359163554447,-0.028482359163554447,1.0,0.0
118231207.86157231,0.3075733815337469,118231207.86157231,266168792.13842767,7.543304980528491e-11,-6.330086914900252e-19,-0.028445991983103828,-0.02844599198310382,1.0000000000000002,6.938893903907228e-18
118306448.79615924,0.3077691175758565,118306448.79615924,266093551.20384076,7.538545203685746e-11,-6.3220095375838e-19,-0.02840969405963497,-0.028409694059634966,1.0000000000000002,3.469446951953614e-18
118381689.73074615,0.30796485361796605,118381689.73074615,266018310.26925385,7.533791498551502e-11,-6.3139475328280655e-19,-0.028373465217008884,-0.02837346521700888,1.0000000000000002,3.469446951953614e-18
118456930.66533306,0.3081605896600756,118456930.66533306,265943069.33466694,7.529043853574007e-11,-6.305900861561231e-19,-0.028337305279645585,-0.02833730527964558,1.0000000000000002,3.469446951953614e-18
118532171.59991999,0.3083563257021852,118532171.59991999,265867828.40008003,7.524302257230857e-11,-6.297869484835413e-19,-0.028301214072522007,-0.028301214072521997,1.0000000000000004,1.0408340855860843e-17
118607412.5345069,0.3085520617442947,118607412.5345069,265792587.46549308,7.519566698028917e-11,-6.289853363826188e-19,-0.028265191421169896,-0.028265191421169896,1.0,0.0
118682653.46909381,0.3087477977864043,118682653.46909381,265717346.5309062,7.514837164504206e-11,-6.2818524598321275e-19,-0.028229237151673706,-0.0282292371516737,1.0000000000000002,6.938893903907228e-18
118757894.40368074,0.3089435338285139,118757894.40368074,265642105.59631926,7.51011364522182e-11,-6.273866734274311e-19,-0.028193351090668416,-0.028193351090668416,1.0,0.0
118833135.33826765,0.30913926987062346,118833135.33826765,265566864.66173235,7.50539612877584e-11,-6.265896148695894e-19,-0.028157533065337574,-0.028157533065337574,1.0,0.0
118908376.27285457,0.309335005912733,118908376.27285457,265491623.72714543,7.500684603789233e-11,-6.257940664761607e-19,-0.028121782903411087,-0.028121782903411083,1.0000000000000002,3.469446951953614e-18
118983617.2074415,0.3095307419548426,118983617.2074415,265416382.7925585,7.495979058913763e-11,-6.250000244257324e-19,-0.028086100433163227,-0.028086100433163227,1.0,0.0
119058858.1420284,0.30972647799695213,119058858.1420284,265341141.8579716,7.491279482829905e-11,-6.242074849089592e-19,-0.028050485483410548,-0.028050485483410548,1.0,0.0
119134099.07661532,0.3099222140390617,119134099.07661532,265265900.92338467,7.486585864246747e-11,-6.234164441285167e-19,-0.028014937883509814,-0.02801493788350981,1.0000000000000002,3.469446951953614e-18
119209340.01120225,0.3101179500811713,119209340.01120225,265190659.98879775,7.481898191901906e-11,-6.2262689829905685e-19,-0.02797945746335596,-0.027979457463355957,1.0000000000000002,3.469446951953614e-18
119284580.94578916,0.31031368612328086,119284580.94578916,265115419.05421084,7.477216454561434e-11,-6.2183884364716275e-19,-0.027944044053380086,-0.027944044053380083,1.0000000000000002,3.469446951953614e-18
119359821.88037607,0.3105094221653904,119359821.88037607,265040178.11962393,7.47254064101973e-11,-6.210522764113027e-19,-0.02790869748454739,-0.027908697484547388,1.0000000000000002,3.469446951953614e-18
119435062.814963,0.3107051582075,119435062.814963,264964937.18503702,7.46787074009945e-11,-6.202671928417856e-19,-0.027873417588355157,-0.027873417588355157,1.0,0.0
119510303.74954991,0.31090089424960954,119510303.74954991,264889696.25045007,7.46320674065142e-11,-6.19483589200717e-19,-0.027838204196830786,-0.02783820419683078,1.0000000000000002,6.938893903907228e-18
119585544.68413682,0.3110966302917191,119585544.68413682,264814455.3158632,7.458548631554546e-11,-6.187014617619531e-19,-0.027803057142529727,-0.02780305714252972,1.0000000000000002,6.938893903907228e-18
119660785.61872375,0.3112923663338287,119660785.61872375,264739214.38127625,7.453896401715722e-11,-6.179208068110575e-19,-0.027767976258533528,-0.027767976258533524,1.0000000000000002,3.469446951953614e-18
119736026.55331066,0.31148810237593827,119736026.55331066,264663973.44668934,7.449250040069755e-11,-6.171416206452574e-19,-0.02773296137844788,-0.02773296137844788,1.0,0.0
119811267.48789757,0.3116838384180478,119811267.48789757,264588732.51210243,7.444609535579256e-11,-6.163638995733981e-19,-0.027698012336400565,-0.02769801233640057,0.9999999999999998,6.938893903907228e-18
119886508.4224845,0.3118795744601574,119886508.4224845,264513491.57751548,7.439974877234574e-11,-6.155876399159009e-19,-0.02766312896703956,-0.02766312896703956,1.0,0.0
119961749.35707141,0.31207531050226694,119961749.35707141,264438250.6429286,7.435346054053698e-11,-6.148128380047189e-19,-0.027628311105531062,-0.027628311105531062,1.0,0.0
120036990.29165833,0.3122710465443765,120036990.29165833,264363009.70834166,7.43072305508217e-11,-6.140394901832931e-19,-0.0275935585875575,-0.02759355858755749,1.0000000000000004,1.0408340855860843e-17
120112231.22624525,0.3124667825864861,120112231.22624525,264287768.77375475,7.426105869393005e-11,-6.132675928065097e-19,-0.027558871249315622,-0.027558871249315615,1.0000000000000002,6.938893903907228e-18
120187472.16083217,0.3126625186285956,120187472.16083217,264212527.83916783,7.421494486086598e-11,-6.124971422406579e-19,-0.027524248927514625,-0.027524248927514625,1.0,0.0
120262713.09541908,0.3128582546707052,120262713.09541908,264137286.90458092,7.416888894290644e-11,-6.117281348633858e-19,-0.02748969145937412,-0.027489691459374115,1.0000000000000002,3.469446951953614e-18
120337954.030006,0.3130539907128148,120337954.030006,264062045.969994,7.412289083160047e-11,-6.109605670636582e-19,-0.027455198682622278,-0.02745519868262228,0.9999999999999999,3.469446951953614e-18
120413194.96459292,0.31324972675492435,120413194.96459292,263986805.03540707,7.407695041876845e-11,-6.101944352417149e-19,-0.027420770435493947,-0.027420770435493947,1.0,0.0
120488435.89917983,0.3134454627970339,120488435.89917983,263911564.10082018,7.403106759650109e-11,-6.094297358090275e-19,-0.027386406556728703,-0.0273864065567287,1.0000000000000002,3.469446951953614e-18
120563676.83376676,0.3136411988391435,120563676.83376676,263836323.16623324,7.398524225715873e-11,-6.086664651882573e-19,-0.02735210688556896,-0.027352106885568956,1.0000000000000002,3.469446951953614e-18
120638917.76835367,0.313836934881253,120638917.76835367,263761082.23164633,7.393947429337052e-11,-6.079046198132149e-19,-0.027317871261758157,-0.027317871261758157,1.0,0.0
120714158.70294058,0.3140326709233626,120714158.70294058,263685841.29705942,7.389376359803341e-11,-6.071441961288168e-19,-0.02728369952553881,-0.02728369952553881,1.0,0.0
120789399.63752751,0.3142284069654722,120789399.63752751,263610600.36247247,7.384811006431145e-11,-6.063851905910445e-19,-0.02724959151765067,-0.027249591517650665,1.0000000000000002,3.469446951953614e-18
120864640.57211442,0.31442414300758176,120864640.57211442,263535359.4278856,7.3802513585635e-11,-6.056275996669035e-19,-0.027215547079328887,-0.027215547079328883,1.0000000000000002,3.469446951953614e-18
120939881.50670134,0.3146198790496913,120939881.50670134,263460118.49329865,7.375697405569972e-11,-6.048714198343821e-19,-0.027181566052302136,-0.027181566052302132,1.0000000000000002,3.469446951953614e-18
121015122.44128826,0.3148156150918009,121015122.44128826,263384877.55871174,7.371149136846592e-11,-6.041166475824096e-19,-0.02714764827879078,-0.027147648278790775,1.0000000000000002,3.469446951953614e-18
121090363.37587517,0.31501135113391043,121090363.37587517,263309636.62412483,7.366606541815771e-11,-6.033632794108168e-19,-0.027113793601505055,-0.02711379360150505,1.0000000000000002,3.469446951953614e-18
121165604.31046209,0.31520708717602,121165604.31046209,263234395.6895379,7.362069609926209e-11,-6.026113118302945e-19,-0.027080001863643222,-0.027080001863643222,1.0,0.0
121240845.24504901,0.31540282321812957,121240845.24504901,263159154.754951,7.357538330652819e-11,-6.018607413623532e-19,-0.027046272908889765,-0.027046272908889762,1.0000000000000002,3.469446951953614e-18
121316086.17963593,0.31559855926023916,121316086.17963593,263083913.82036406,7.353012693496648e-11,-6.011115645392832e-19,-0.02701260658141358,-0.027012606581413575,1.0000000000000002,3.469446951953614e-18
121391327.11422284,0.3157942953023487,121391327.11422284,263008672.88577718,7.348492687984798e-11,-6.00363777904114e-19,-0.02697900272586615,-0.02697900272586615,1.0,0.0
121466568.04880977,0.3159900313444583,121466568.04880977,262933431.95119023,7.34397830367033e-11,-5.996173780105748e-19,-0.026945461187379807,-0.026945461187379803,1.0000000000000002,3.469446951953614e-18
121541808.98339668,0.31618576738656784,121541808.98339668,262858191.01660332,7.339469530132208e-11,-5.988723614230548e-19,-0.026911981811565885,-0.026911981811565882,1.0000000000000002,3.469446951953614e-18
121617049.91798359,0.3163815034286774,121617049.91798359,262782950.0820164,7.334966356975199e-11,-5.981287247165633e-19,-0.026878564444512983,-0.02687856444451298,1.0000000000000002,3.469446951953614e-18
121692290.85257052,0.316577239470787,121692290.85257052,262707709.14742947,7.330468773829798e-11,-5.973864644766902e-19,-0.026845208932785164,-0.02684520893278516,1.0000000000000002,3.469446951953614e-18
121767531.78715743,0.31677297551289657,121767531.78715743,262632468.21284258,7.325976770352155e-11,-5.966455772995677e-19,-0.026811915123420235,-0.026811915123420228,1.0000000000000002,6.938893903907228e-18
121842772.72174434,0.3169687115550061,121842772.72174434,262557227.27825564,7.321490336223991e-11,-5.959060597918298e-19,-0.026778682863927934,-0.026778682863927934,1.0,0.0
121918013.65633127,0.3171644475971157,121918013.65633127,262481986.34366873,7.317009461152517e-11,-5.951679085705749e-19,-0.02674551200228825,-0.02674551200228825,1.0,0.0
121993254.59091818,0.31736018363922525,121993254.59091818,262406745.40908182,7.312534134870362e-11,-5.944311202633261e-19,-0.026712402386949618,-0.02671240238694962,0.9999999999999999,3.469446951953614e-18
122068495.5255051,0.3175559196813348,122068495.5255051,262331504.4744949,7.308064347135489e-11,-5.936956915079932e-19,-0.026679353866827245,-0.02667935386682724,1.0000000000000002,3.469446951953614e-18
122143736.46009202,0.3177516557234444,122143736.46009202,262256263.539908,7.303600087731114e-11,-5.929616189528331e-19,-0.026646366291301314,-0.02664636629130131,1.0000000000000002,3.469446951953614e-18
122218977.39467894,0.3179473917655539,122218977.39467894,262181022.60532105,7.299141346465641e-11,-5.922288992564139e-19,-0.026613439510215352,-0.026613439510215352,1.0,0.0
122294218.32926586,0.3181431278076635,122294218.32926586,262105781.67073414,7.29468811317257e-11,-5.914975290875747e-19,-0.02658057337387446,-0.026580573373874455,1.0000000000000002,3.469446951953614e-18
122369459.26385278,0.3183388638497731,122369459.26385278,262030540.73614722,7.290240377710433e-11,-5.907675051253886e-19,-0.026547767733043622,-0.026547767733043622,1.0,0.0
122444700.19843969,0.31853459989188265,122444700.19843969,261955299.8015603,7.285798129962703e-11,-5.900388240591251e-19,-0.02651502243894603,-0.026515022438946028,1.0000000000000002,3.469446951953614e-18
122519941.13302661,0.31873033593399225,122519941.13302661,261880058.8669734,7.281361359837731e-11,-5.893114825882118e-19,-0.026482337343261365,-0.026482337343261362,1.0000000000000002,3.469446951953614e-18
122595182.06761353,0.3189260719761018,122595182.06761353,261804817.93238646,7.276930057268663e-11,-5.885854774221981e-19,-0.02644971229812414,-0.02644971229812414,1.0,0.0
122670423.00220044,0.31912180801821133,122670423.00220044,261729576.99779958,7.272504212213359e-11,-5.878608052807172e-19,-0.026417147156122027,-0.026417147156122027,1.0,0.0
122745663.93678737,0.3193175440603209,122745663.93678737,261654336.06321263,7.26808381465433e-11,-5.871374628934487e-19,-0.026384641770294155,-0.02638464177029415,1.0000000000000002,3.469446951953614e-18
122820904.87137428,0.31951328010243046,122820904.87137428,261579095.12862572,7.263668854598653e-11,-5.864154470000828e-19,-0.02635219599412951,-0.02635219599412951,1.0,0.0
122896145.80596119,0.31970901614454006,122896145.80596119,261503854.1940388,7.259259322077897e-11,-5.856947543502825e-19,-0.02631980968156523,-0.026319809681565234,0.9999999999999999,3.469446951953614e-18
122971386.74054812,0.31990475218664965,122971386.74054812,261428613.25945187,7.254855207148049e-11,-5.849753817036475e-19,-0.02628748268698499,-0.026287482686984994,0.9999999999999999,3.469446951953614e-18
123046627.67513503,0.3201004882287592,123046627.67513503,261353372.32486498,7.250456499889446e-11,-5.842573258296778e-19,-0.026255214865217355,-0.02625521486521735,1.0000000000000002,3.469446951953614e-18
123121868.60972194,0.32029622427086873,123121868.60972194,261278131.39027804,7.246063190406687e-11,-5.83540583507737e-19,-0.02622300607153415,-0.02622300607153414,1.0000000000000004,1.0408340855860843e-17
123197109.54430887,0.32049196031297833,123197109.54430887,261202890.45569113,7.241675268828567e-11,-5.82825151527016e-19,-0.026190856161648804,-0.026190856161648797,1.0000000000000002,6.938893903907228e-18
123272350.47889578,0.32068769635508787,123272350.47889578,261127649.52110422,7.237292725308008e-11,-5.82111026686498e-19,-0.026158764991714798,-0.0261587649917148,0.9999999999999999,3.469446951953614e-18
123347591.4134827,0.32088343239719747,123347591.4134827,261052408.5865173,7.232915550021975e-11,-5.813982057949224e-19,-0.026126732418324028,-0.026126732418324028,1.0,0.0
123422832.34806962,0.321079168439307,123422832.34806962,260977167.6519304,7.228543733171411e-11,-5.806866856707478e-19,-0.026094758298505157,-0.02609475829850515,1.0000000000000002,6.938893903907228e-18
123498073.28265654,0.3212749044814166,123498073.28265654,260901926.71734345,7.224177264981156e-11,-5.79976463142118e-19,-0.026062842489722078,-0.02606284248972208,0.9999999999999999,3.469446951953614e-18
123573314.21724345,0.32147064052352614,123573314.21724345,260826685.78275657,7.219816135699886e-11,-5.792675350468261e-19,-0.026030984849872298,-0.026030984849872298,1.0,0.0
123648555.15183038,0.32166637656563574,123648555.15183038,260751444.84816962,7.215460335600028e-11,-5.785598982322792e-19,-0.025999185237285356,-0.02599918523728535,1.0000000000000002,6.938893903907228e-18
123723796.08641729,0.3218621126077453,123723796.08641729,260676203.9135827,7.211109854977695e-11,-5.778535495554633e-19,-0.025967443510721246,-0.02596744351072124,1.0000000000000002,6.938893903907228e-18
123799037.0210042,0.3220578486498548,123799037.0210042,260600962.9789958,7.206764684152615e-11,-5.771484858829086e-19,-0.025935759529368857,-0.025935759529368854,1.0000000000000002,3.469446951953614e-18
123874277.95559113,0.3222535846919644,123874277.95559113,260525722.04440886,7.20242481346805e-11,-5.764447040906543e-19,-0.025904133152844396,-0.025904133152844393,1.0000000000000002,3.469446951953614e-18
123949518.89017804,0.322449320734074,123949518.89017804,260450481.10982198,7.198090233290739e-11,-5.757422010642145e-19,-0.025872564241189843,-0.02587256424118984,1.0000000000000002,3.469446951953614e-18
124024759.82476495,0.32264505677618355,124024759.82476495,260375240.17523503,7.193760934010814e-11,-5.750409736985434e-19,-0.0258410526548714,-0.025841052654871396,1.0000000000000002,3.469446951953614e-18
124100000.75935188,0.32284079281829314,124100000.75935188,260299999.24064812,7.189436906041735e-11,-5.74341018898001e-19,-0.02580959825477794,-0.025809598254777934,1.0000000000000002,6.938893903907228e-18
124175241.69393879,0.3230365288604027,124175241.69393879,260224758.3060612,7.185118139820225e-11,-5.736423335763188e-19,-0.02577820090221948,-0.025778200902219477,1.0000000000000002,3.469446951953614e-18
124250482.6285257,0.3232322649025122,124250482.6285257,260149517.3714743,7.180804625806182e-11,-5.729449146565664e-19,-0.02574686045892565,-0.02574686045892565,1.0,0.0
124325723.56311263,0.3234280009446218,124325723.56311263,260074276.43688738,7.176496354482627e-11,-5.722487590711162e-19,-0.025715576787044156,-0.02571557678704415,1.0000000000000002,6.938893903907228e-18
124400964.49769954,0.32362373698673136,124400964.49769954,259999035.50230044,7.172193316355627e-11,-5.715538637616113e-19,-0.02568434974913928,-0.025684349749139274,1.0000000000000002,6.938893903907228e-18
124476205.43228646,0.32381947302884095,124476205.43228646,259923794.56771356,7.167895501954226e-11,-5.708602256789307e-19,-0.02565317920819037,-0.025653179208190366,1.0000000000000002,3.469446951953614e-18
124551446.36687338,0.32401520907095055,124551446.36687338,259848553.63312662,7.163602901830372e-11,-5.701678417831562e-19,-0.025622065027590304,-0.0256220650275903,1.0000000000000002,3.469446951953614e-18
124626687.3014603,0.3242109451130601,124626687.3014603,259773312.6985397,7.159315506558855e-11,-5.694767090435394e-19,-0.025591007071144044,-0.02559100707114404,1.0000000000000002,3.469446951953614e-18
124701928.23604721,0.32440668115516963,124701928.23604721,259698071.7639528,7.155033306737229e-11,-5.68786824438468e-19,-0.025560005203067112,-0.025560005203067105,1.0000000000000002,6.938893903907228e-18
124777169.17063414,0.3246024171972792,124777169.17063414,259622830.82936585,7.150756292985754e-11,-5.680981849554328e-19,-0.02552905928798408,-0.02552905928798408,1.0,0.0
124852410.10522105,0.32479815323938876,124852410.10522105,259547589.89477897,7.146484455947322e-11,-5.674107875909954e-19,-0.025498169190927178,-0.025498169190927174,1.0000000000000002,3.469446951953614e-18
124927651.03980796,0.32499388928149836,124927651.03980796,259472348.96019202,7.142217786287385e-11,-5.667246293507545e-19,-0.0254673347773347,-0.0254673347773347,1.0,0.0
125002891.97439489,0.32518962532360796,125002891.97439489,259397108.0256051,7.137956274693893e-11,-5.660397072493137e-19,-0.025436555913049642,-0.025436555913049635,1.0000000000000002,6.938893903907228e-18
125078132.9089818,0.3253853613657175,125078132.9089818,259321867.0910182,7.133699911877227e-11,-5.653560183102494e-19,-0.025405832464318188,-0.02540583246431818,1.0000000000000002,6.938893903907228e-18
125153373.84356871,0.32558109740782704,125153373.84356871,259246626.1564313,7.129448688570127e-11,-5.64673559566078e-19,-0.025375164297788272,-0.02537516429778827,1.0000000000000002,3.469446951953614e-18
125228614.77815564,0.32577683344993663,125228614.77815564,259171385.22184438,7.125202595527626e-11,-5.639923280582232e-19,-0.02534455128050811,-0.02534455128050811,1.0,0.0
125303855.71274255,0.32597256949204617,125303855.71274255,259096144.28725743,7.120961623526988e-11,-5.633123208369853e-19,-0.025313993279924812,-0.025313993279924802,1.0000000000000004,1.0408340855860843e-17
125379096.64732946,0.3261683055341557,125379096.64732946,259020903.35267055,7.116725763367634e-11,-5.626335349615075e-19,-0.02528349016388286,-0.025283490163882854,1.0000000000000002,6.938893903907228e-18
125454337.58191639,0.3263640415762653,125454337.58191639,258945662.4180836,7.11249500587108e-11,-5.619559674997455e-19,-0.025253041800622752,-0.025253041800622752,1.0,0.0
125529578.5165033,0.3265597776183749,125529578.5165033,258870421.4834967,7.108269341880872e-11,-5.612796155284357e-19,-0.025222648058779575,-0.02522264805877957,1.0000000000000002,6.938893903907228e-18
125604819.45109022,0.32675551366048444,125604819.45109022,258795180.54890978,7.104048762262514e-11,-5.60604476133062e-19,-0.025192308807381505,-0.025192308807381502,1.0000000000000002,3.469446951953614e-18
125680060.38567714,0.32695124970259404,125680060.38567714,258719939.61432284,7.099833257903409e-11,-5.599305464078265e-19,-0.025162023915848503,-0.025162023915848496,1.0000000000000002,6.938893903907228e-18
125755301.32026406,0.3271469857447036,125755301.32026406,258644698.67973596,7.095622819712792e-11,-5.592578234556174e-19,-0.02513179325399085,-0.025131793253990842,1.0000000000000002,6.938893903907228e-18
125830542.25485097,0.3273427217868131,125830542.25485097,258569457.74514902,7.091417438621661e-11,-5.58586304387977e-19,-0.025101616692007733,-0.02510161669200773,1.0000000000000002,3.469446951953614e-18
125905783.1894379,0.3275384578289227,125905783.1894379,258494216.8105621,7.087217105582715e-11,-5.57915986325072e-19,-0.025071494100485897,-0.025071494100485897,1.0,0.0
125981024.12402481,0.32773419387103225,125981024.12402481,258418975.8759752,7.08302181157029e-11,-5.572468663956622e-19,-0.025041425350398244,-0.02504142535039824,1.0000000000000002,3.469446951953614e-18
126056265.05861172,0.32792992991314185,126056265.05861172,258343734.94138828,7.078831547580292e-11,-5.56578941737069e-19,-0.02501141031310241,-0.025011410313102403,1.0000000000000002,6.938893903907228e-18
126131505.99319865,0.32812566595525144,126131505.99319865,258268494.00680137,7.074646304630134e-11,-5.55912209495145e-19,-0.024981448860339414,-0.02498144886033941,1.0000000000000002,3.469446951953614e-18
126206746.92778556,0.328321401997361,126206746.92778556,258193253.07221442,7.070466073758672e-11,-5.55246666824245e-19,-0.024951540864232326,-0.024951540864232326,1.0,0.0
126281987.86237247,0.3285171380394705,126281987.86237247,258118012.13762754,7.066290846026143e-11,-5.545823108871936e-19,-0.02492168619728485,-0.02492168619728485,1.0,0.0
126357228.7969594,0.3287128740815801,126357228.7969594,258042771.2030406,7.062120612514097e-11,-5.539191388552553e-19,-0.02489188473237995,-0.02489188473237995,1.0,0.0
126432469.73154631,0.32890861012368966,126432469.73154631,257967530.2684537,7.057955364325337e-11,-5.532571479081059e-19,-0.02486213634277858,-0.02486213634277858,1.0,0.0
126507710.66613322,0.32910434616579926,126507710.66613322,257892289.33386678,7.053795092583854e-11,-5.525963352338005e-19,-0.02483244090211824,-0.024832440902118235,1.0000000000000002,3.469446951953614e-18
126582951.60072015,0.32930008220790885,126582951.60072015,257817048.39927983,7.049639788434764e-11,-5.519366980287446e-19,-0.024802798284411665,-0.02480279828441166,1.0000000000000002,6.938893903907228e-18
126658192.53530706,0.3294958182500184,126658192.53530706,257741807.46469295,7.04548944304425e-11,-5.512782334976649e-19,-0.02477320836404554,-0.024773208364045538,1.0000000000000002,3.469446951953614e-18
126733433.46989398,0.32969155429212793,126733433.46989398,257666566.530106,7.041344047599495e-11,-5.506209388535782e-19,-0.0247436710157791,-0.024743671015779095,1.0000000000000002,3.469446951953614e-18
126808674.4044809,0.3298872903342375,126808674.4044809,257591325.5955191,7.037203593308614e-11,-5.499648113177628e-19,-0.024714186114742805,-0.024714186114742805,1.0,0.0
126883915.33906782,0.33008302637634707,126883915.33906782,257516084.66093218,7.033068071400607e-11,-5.493098481197297e-19,-0.024684753536437093,-0.02468475353643709,1.0000000000000002,3.469446951953614e-18
126959156.27365473,0.3302787624184566,126959156.27365473,257440843.72634527,7.028937473125281e-11,-5.486560464971919e-19,-0.024655373156730973,-0.024655373156730966,1.0000000000000002,6.938893903907228e-18
127034397.20824166,0.3304744984605662,127034397.20824166,257365602.79175836,7.024811789753203e-11,-5.48003403696036e-19,-0.024626044851860762,-0.02462604485186076,1.0000000000000002,3.469446951953614e-18
127109638.14282857,0.3306702345026758,127109638.14282857,257290361.85717142,7.020691012575629e-11,-5.4735191697029355e-19,-0.024596768498428796,-0.024596768498428793,1.0000000000000002,3.469446951953614e-18
127184879.07741548,0.33086597054478534,127184879.07741548,257215120.92258453,7.016575132904441e-11,-5.467015835821116e-19,-0.024567543973402096,-0.024567543973402092,1.0000000000000002,3.469446951953614e-18
127260120.01200241,0.33106170658689493,127260120.01200241,257139879.9879976,7.012464142072096e-11,-5.460524008017235e-19,-0.024538371154111067,-0.024538371154111064,1.0000000000000002,3.469446951953614e-18
127335360.94658932,0.3312574426290045,127335360.94658932,257064639.05341068,7.008358031431558e-11,-5.454043659074219e-19,-0.024509249918248283,-0.024509249918248276,1.0000000000000002,6.938893903907228e-18
127410601.88117623,0.331453178671114,127410601.88117623,256989398.11882377,7.004256792356237e-11,-5.447574761855279e-19,-0.02448018014386709,-0.024480180143867086,1.0000000000000002,3.469446951953614e-18
127485842.81576316,0.3316489147132236,127485842.81576316,256914157.18423682,7.000160416239935e-11,-5.441117289303644e-19,-0.02445116170938043,-0.024451161709380425,1.0000000000000002,3.469446951953614e-18
127561083.75035007,0.3318446507553332,127561083.75035007,256838916.24964994,6.996068894496776e-11,-5.434671214442272e-19,-0.024422194493559507,-0.02442219449355951,0.9999999999999999,3.469446951953614e-18
127636324.68493699,0.33204038679744274,127636324.68493699,256763675.315063,6.99198221856116e-11,-5.4282365103735685e-19,-0.024393278375532578,-0.024393278375532575,1.0000000000000002,3.469446951953614e-18
127711565.61952391,0.33223612283955234,127711565.61952391,256688434.3804761,6.987900379887687e-11,-5.4218131502790965e-19,-0.024364413234783586,-0.02436441323478359,0.9999999999999999,3.469446951953614e-18
127786806.55411083,0.3324318588816619,127786806.55411083,256613193.44588917,6.98382336995111e-11,-5.415401107419319e-19,-0.02433559895115105,-0.02433559895115105,1.0,0.0
127862047.48869774,0.3326275949237714,127862047.48869774,256537952.51130226,6.979751180246271e-11,-5.409000355133295e-19,-0.02430683540482667,-0.024306835404826678,0.9999999999999997,6.938893903907228e-18
127937288.42328466,0.332823330965881,127937288.42328466,256462711.57671535,6.975683802288042e-11,-5.402610866838421e-19,-0.02427812247635419,-0.024278122476354184,1.0000000000000002,6.938893903907228e-18
128012529.35787158,0.33301906700799055,128012529.35787158,256387470.6421284,6.971621227611267e-11,-5.396232616030143e-19,-0.02424946004662808,-0.024249460046628077,1.0000000000000002,3.469446951953614e-18
128087770.29245849,0.33321480305010015,128087770.29245849,256312229.70754153,6.967563447770705e-11,-5.389865576281689e-19,-0.024220847996892347,-0.024220847996892347,1.0,0.0
128163011.22704542,0.33341053909220975,128163011.22704542,256236988.77295458,6.963510454340963e-11,-5.383509721243789e-19,-0.024192286208739283,-0.02419228620873928,1.0000000000000002,3.469446951953614e-18
128238252.16163233,0.3336062751343193,128238252.16163233,256161747.83836767,6.959462238916451e-11,-5.377165024644411e-19,-0.02416377456410826,-0.024163774564108256,1.0000000000000002,3.469446951953614e-18
128313493.09621924,0.3338020111764288,128313493.09621924,256086506.90378076,6.955418793111316e-11,-5.370831460288478e-19,-0.02413531294528447,-0.024135312945284468,1.0000000000000002,3.469446951953614e-18
128388734.03080617,0.3339977472185384,128388734.03080617,256011265.96919382,6.951380108559382e-11,-5.364509002057604e-19,-0.024106901234897744,-0.02410690123489774,1.0000000000000002,3.469446951953614e-18
128463974.96539308,0.33419348326064796,128463974.96539308,255936025.03460693,6.947346176914101e-11,-5.358197623909825e-19,-0.02407853931592133,-0.02407853931592133,1.0,0.0
128539215.89998,0.3343892193027575,128539215.89998,255860784.10002,6.943316989848489e-11,-5.351897299879329e-19,-0.024050227071670687,-0.02405022707167069,0.9999999999999999,3.469446951953614e-18
128614456.83456692,0.3345849553448671,128614456.83456692,255785543.16543308,6.939292539055066e-11,-5.345608004076185e-19,-0.024021964385802272,-0.02402196438580227,1.0000000000000002,3.469446951953614e-18
128689697.76915383,0.3347806913869767,128689697.76915383,255710302.23084617,6.93527281624581e-11,-5.339329710686086e-19,-0.02399375114231237,-0.02399375114231236,1.0000000000000004,1.0408340855860843e-17
128764938.70374075,0.33497642742908623,128764938.70374075,255635061.29625925,6.931257813152088e-11,-5.333062393970074e-19,-0.023965587225535868,-0.023965587225535868,1.0,0.0
128840179.63832767,0.3351721634711958,128840179.63832767,255559820.36167234,6.927247521524609e-11,-5.326806028264281e-19,-0.02393747252014511,-0.023937472520145105,1.0000000000000002,3.469446951953614e-18
128915420.57291459,0.33536789951330537,128915420.57291459,255484579.4270854,6.923241933133363e-11,-5.320560587979669e-19,-0.02390940691114867,-0.02390940691114867,1.0,0.0
128990661.5075015,0.3355636355554149,128990661.5075015,255409338.49249852,6.919241039767561e-11,-5.314326047601761e-19,-0.02388139028389023,-0.023881390283890233,0.9999999999999999,3.469446951953614e-18
129065902.44208843,0.3357593715975245,129065902.44208843,255334097.55791157,6.915244833235589e-11,-5.308102381690383e-19,-0.023853422524047336,-0.023853422524047332,1.0000000000000002,3.469446951953614e-18
129141143.37667534,0.3359551076396341,129141143.37667534,255258856.62332466,6.911253305364945e-11,-5.301889564879408e-19,-0.0238255035176303,-0.0238255035176303,1.0,0.0
129216384.31126225,0.33615084368174364,129216384.31126225,255183615.68873775,6.907266448002183e-11,-5.295687571876491e-19,-0.023797633150980997,-0.023797633150980997,1.0,0.0
129291625.24584918,0.33634657972385323,129291625.24584918,255108374.7541508,6.90328425301286e-11,-5.289496377462818e-19,-0.02376981131077172,-0.02376981131077172,1.0,0.0
129366866.18043609,0.3365423157659628,129366866.18043609,255033133.81956393,6.899306712281482e-11,-5.283315956492844e-19,-0.02374203788400403,-0.02374203788400403,1.0,0.0
129442107.115023,0.3367380518080723,129442107.115023,254957892.88497698,6.895333817711446e-11,-5.277146283894039e-19,-0.0237143127580076,-0.023714312758007595,1.0000000000000002,3.469446951953614e-18
129517348.04960993,0.3369337878501819,129517348.04960993,254882651.95039007,6.891365561224986e-11,-5.270987334666633e-19,-0.02368663582043906,-0.023686635820439055,1.0000000000000002,6.938893903907228e-18
129592588.98419684,0.33712952389229145,129592588.98419684,254807411.01580316,6.887401934763121e-11,-5.264839083883369e-19,-0.0236590069592809,-0.023659006959280898,1.0000000000000002,3.469446951953614e-18
129667829.91878375,0.33732525993440104,129667829.91878375,254732170.08121625,6.883442930285595e-11,-5.258701506689237e-19,-0.023631426062840286,-0.02363142606284029,0.9999999999999999,3.469446951953614e-18
129743070.85337068,0.33752099597651064,129743070.85337068,254656929.14662933,6.87948853977083e-11,-5.252574578301238e-19,-0.023603893019747968,-0.023603893019747968,1.0,0.0
129818311.7879576,0.3377167320186202,129818311.7879576,254581688.2120424,6.875538755215862e-11,-5.246458274008122e-19,-0.023576407718957127,-0.023576407718957124,1.0000000000000002,3.469446951953614e-18
129893552.7225445,0.3379124680607297,129893552.7225445,254506447.2774555,6.871593568636301e-11,-5.240352569170144e-19,-0.023548970049742268,-0.023548970049742265,1.0000000000000002,3.469446951953614e-18
129968793.65713143,0.3381082041028393,129968793.65713143,254431206.34286857,6.867652972066262e-11,-5.234257439218812e-19,-0.023521579901698102,-0.0235215799016981,1.0000000000000002,3.469446951953614e-18
130044034.59171835,0.33830394014494886,130044034.59171835,254355965.40828165,6.863716957558323e-11,-5.228172859656646e-19,-0.02349423716473844,-0.023494237164738443,0.9999999999999999,3.469446951953614e-18
130119275.52630526,0.33849967618705845,130119275.52630526,254280724.47369474,6.859785517183468e-11,-5.222098806056928e-19,-0.02346694172909508,-0.02346694172909508,1.0,0.0
130194516.46089219,0.338695412229168,130194516.46089219,254205483.5391078,6.85585864303103e-11,-5.216035254063449e-19,-0.023439693485316687,-0.023439693485316684,1.0000000000000002,3.469446951953614e-18
130269757.3954791,0.3388911482712776,130269757.3954791,254130242.60452092,6.851936327208643e-11,-5.209982179390284e-19,-0.023412492324267745,-0.023412492324267745,1.0,0.0
130344998.33006601,0.3390868843133871,130344998.33006601,254055001.66993397,6.848018561842189e-11,-5.203939557821526e-19,-0.023385338137127405,-0.0233853381371274,1.0000000000000002,6.938893903907228e-18
130420239.26465294,0.3392826203554967,130420239.26465294,253979760.73534706,6.844105339075743e-11,-5.197907365211055e-19,-0.023358230815388414,-0.02335823081538841,1.0000000000000002,3.469446951953614e-18
130495480.19923985,0.33947835639760626,130495480.19923985,253904519.80076015,6.840196651071519e-11,-5.191885577482303e-19,-0.023331170250856063,-0.023331170250856067,0.9999999999999999,3.469446951953614e-18
130570721.13382676,0.3396740924397158,130570721.13382676,253829278.86617324,6.836292490009826e-11,-5.185874170628002e-19,-0.02330415633564708,-0.02330415633564708,1.0,0.0
130645962.06841369,0.3398698284818254,130645962.06841369,253754037.93158633,6.832392848089003e-11,-5.179873120709946e-19,-0.02327718896218852,-0.02327718896218852,1.0,0.0
130721203.0030006,0.340065564523935,130721203.0030006,253678796.99699938,6.828497717525383e-11,-5.17388240385876e-19,-0.023250268023216777,-0.023250268023216773,1.0000000000000002,3.469446951953614e-18
130796443.93758751,0.34026130056604453,130796443.93758751,253603556.0624125,6.824607090553225e-11,-5.167901996273654e-19,-0.023223393411776424,-0.02322339341177642,1.0000000000000002,3.469446951953614e-18
130871684.87217444,0.34045703660815413,130871684.87217444,253528315.12782556,6.820720959424675e-11,-5.161931874222192e-19,-0.02319656502121921,-0.023196565021219202,1.0000000000000002,6.938893903907228e-18
130946925.80676135,0.34065277265026367,130946925.80676135,253453074.19323865,6.816839316409708e-11,-5.155972014040053e-19,-0.023169782745202986,-0.023169782745202986,1.0,0.0
131022166.74134827,0.3408485086923732,131022166.74134827,253377833.25865173,6.812962153796078e-11,-5.150022392130802e-19,-0.02314304647769066,-0.02314304647769066,1.0,0.0
131097407.6759352,0.3410442447344828,131097407.6759352,253302592.3240648,6.809089463889269e-11,-5.144082984965643e-19,-0.023116356112949092,-0.02311635611294909,1.0000000000000002,3.469446951953614e-18
131172648.6105221,0.34123998077659234,131172648.6105221,253227351.3894779,6.805221239012443e-11,-5.138153769083205e-19,-0.023089711545548144,-0.02308971154554814,1.0000000000000002,3.469446951953614e-18
131247889.54510902,0.34143571681870194,131247889.54510902,253152110.45489097,6.801357471506388e-11,-5.132234721089292e-19,-0.023063112670359542,-0.023063112670359542,1.0,0.0
131323130.47969595,0.34163145286081154,131323130.47969595,253076869.52030405,6.797498153729473e-11,-5.126325817656668e-19,-0.02303655938255591,-0.023036559382555905,1.0000000000000002,3.469446951953614e-18
131398371.41428286,0.3418271889029211,131398371.41428286,253001628.58571714,6.793643278057586e-11,-5.120427035524811e-19,-0.023010051577609672,-0.023010051577609675,0.9999999999999999,3.469446951953614e-18
131473612.34886977,0.3420229249450306,131473612.34886977,252926387.65113023,6.789792836884097e-11,-5.114538351499699e-19,-0.022983589151292103,-0.0229835891512921,1.0000000000000002,3.469446951953614e-18
131548853.2834567,0.3422186609871402,131548853.2834567,252851146.71654332,6.7859468226198e-11,-5.108659742453569e-19,-0.02295717199967221,-0.022957171999672208,1.0000000000000002,3.469446951953614e-18
131624094.21804361,0.34241439702924975,131624094.21804361,252775905.78195637,6.78210522769287e-11,-5.102791185324701e-19,-0.022930800019115797,-0.02293080001911579,1.0000000000000002,6.938893903907228e-18
131699335.15263052,0.34261013307135935,131699335.15263052,252700664.8473695,6.778268044548803e-11,-5.09693265711718e-19,-0.02290447310628437,-0.022904473106284372,0.9999999999999999,3.469446951953614e-18
131774576.08721745,0.3428058691134689,131774576.08721745,252625423.91278255,6.774435265650374e-11,-5.091084134900685e-19,-0.022878191158134206,-0.022878191158134203,1.0000000000000002,3.469446951953614e-18
131849817.02180436,0.3430016051555785,131849817.02180436,252550182.97819564,6.770606883477592e-11,-5.085245595810245e-19,-0.02285195407191526,-0.02285195407191526,1.0,0.0
131925057.95639127,0.343197341197688,131925057.95639127,252474942.04360873,6.76678289052764e-11,-5.079417017046038e-19,-0.022825761745170224,-0.022825761745170224,1.0,0.0
132000298.8909782,0.3433930772397976,132000298.8909782,252399701.10902178,6.762963279314829e-11,-5.073598375873148e-19,-0.02279961407573349,-0.02279961407573349,1.0,0.0
132075539.82556511,0.34358881328190716,132075539.82556511,252324460.1744349,6.759148042370559e-11,-5.067789649621356e-19,-0.02277351096173018,-0.02277351096173018,1.0,0.0
132150780.76015203,0.3437845493240167,132150780.76015203,252249219.23984796,6.755337172243258e-11,-5.061990815684912e-19,-0.022747452301575113,-0.02274745230157511,1.0000000000000002,3.469446951953614e-18
132226021.69473895,0.3439802853661263,132226021.69473895,252173978.30526105,6.75153066149834e-11,-5.056201851522322e-19,-0.02272143799397186,-0.022721437993971857,1.0000000000000002,3.469446951953614e-18
132301262.62932587,0.3441760214082359,132301262.62932587,252098737.37067413,6.747728502718153e-11,-5.050422734656117e-19,-0.022695467937911728,-0.022695467937911728,1.0,0.0
132376503.56391278,0.34437175745034543,132376503.56391278,252023496.43608722,6.743930688501938e-11,-5.044653442672649e-19,-0.022669542032672796,-0.022669542032672796,1.0,0.0
132451744.4984997,0.344567493492455,132451744.4984997,251948255.5015003,6.740137211465773e-11,-5.038893953221861e-19,-0.02264366017781892,-0.02264366017781892,1.0,0.0
132526985.43308662,0.34476322953456456,132526985.43308662,251873014.56691337,6.736348064242525e-11,-5.033144244017083e-19,-0.02261782227319879,-0.022617822273198786,1.0000000000000002,3.469446951953614e-18
132602226.36767353,0.3449589655766741,132602226.36767353,251797773.63232648,6.732563239481818e-11,-5.027404292834799e-19,-0.02259202821894492,-0.022592028218944918,1.0000000000000002,3.469446951953614e-18
132677467.30226046,0.3451547016187837,132677467.30226046,251722532.69773954,6.728782729849959e-11,-5.021674077514448e-19,-0.022566277915472704,-0.02256627791547271,0.9999999999999997,6.938893903907228e-18
132752708.23684737,0.34535043766089324,132752708.23684737,251647291.76315263,6.725006528029914e-11,-5.015953575958204e-19,-0.022540571263479477,-0.022540571263479477,1.0,0.0
132827949.17143428,0.34554617370300283,132827949.17143428,251572050.82856572,6.721234626721249e-11,-5.010242766130763e-19,-0.022514908163943505,-0.0225149081639435,1.0000000000000002,3.469446951953614e-18
132903190.10602121,0.34574190974511243,132903190.10602121,251496809.89397877,6.717467018640089e-11,-5.0045416260591235e-19,-0.022489288518123058,-0.022489288518123055,1.0000000000000002,3.469446951953614e-18
132978431.04060812,0.34593764578722197,132978431.04060812,251421568.9593919,6.713703696519065e-11,-4.998850133832391e-19,-0.022463712227555475,-0.02246371222755547,1.0000000000000002,3.469446951953614e-18
133053671.97519504,0.3461333818293315,133053671.97519504,251346328.02480495,6.709944653107271e-11,-4.993168267601551e-19,-0.02243817919405619,-0.02243817919405619,1.0,0.0
133128912.90978196,0.3463291178714411,133128912.90978196,251271087.09021804,6.706189881170219e-11,-4.987496005579269e-19,-0.0224126893197178,-0.0224126893197178,1.0,0.0
133204153.84436888,0.34652485391355065,133204153.84436888,251195846.15563112,6.702439373489788e-11,-4.981833326039681e-19,-0.022387242506909138,-0.02238724250690914,0.9999999999999999,3.469446951953614e-18
133279394.77895579,0.34672058995566024,133279394.77895579,251120605.2210442,6.698693122864186e-11,-4.976180207318178e-19,-0.02236183865827432,-0.022361838658274312,1.0000000000000002,6.938893903907228e-18
133354635.71354271,0.34691632599776984,133354635.71354271,251045364.2864573,6.694951122107893e-11,-4.970536627811203e-19,-0.022336477676731782,-0.02233647767673178,1.0000000000000002,3.469446951953614e-18
133429876.64812963,0.3471120620398794,133429876.64812963,250970123.35187036,6.691213364051625e-11,-4.964902565976051e-19,-0.022311159465473452,-0.02231115946547344,1.0000000000000004,1.0408340855860843e-17
133505117.58271654,0.3473077980819889,133505117.58271654,250894882.41728348,6.68747984154228e-11,-4.95927800033065e-19,-0.022285883927963702,-0.0222858839279637,1.0000000000000002,3.469446951953614e-18
133580358.51730347,0.3475035341240985,133580358.51730347,250819641.48269653,6.683750547442899e-11,-4.953662909453365e-19,-0.022260650967938514,-0.022260650967938514,1.0,0.0
133655599.45189038,0.34769927016620805,133655599.45189038,250744400.54810962,6.68002547463262e-11,-4.948057271982797e-19,-0.022235460489404543,-0.022235460489404543,1.0,0.0
133730840.38647729,0.3478950062083176,133730840.38647729,250669159.6135227,6.676304616006627e-11,-4.942461066617568e-19,-0.02221031239663817,-0.022210312396638166,1.0000000000000002,3.469446951953614e-18
133806081.32106422,0.3480907422504272,133806081.32106422,250593918.67893577,6.67258796447611e-11,-4.936874272116125e-19,-0.02218520659418462,-0.022185206594184614,1.0000000000000002,6.938893903907228e-18
133881322.25565113,0.3482864782925368,133881322.25565113,250518677.74434888,6.668875512968223e-11,-4.931296867296543e-19,-0.022160142986857066,-0.022160142986857066,1.0,0.0
133956563.19023804,0.3484822143346463,133956563.19023804,250443436.80976194,6.665167254426029e-11,-4.925728831036316e-19,-0.022135121479735696,-0.022135121479735696,1.0,0.0
134031804.12482497,0.3486779503767559,134031804.12482497,250368195.87517503,6.661463181808464e-11,-4.92017014227216e-19,-0.02211014197816684,-0.022110141978166836,1.0000000000000002,3.469446951953614e-18
134107045.05941188,0.34887368641886546,134107045.05941188,250292954.94058812,6.657763288090292e-11,-4.914620779999814e-19,-0.022085204387762056,-0.02208520438776205,1.0000000000000002,6.938893903907228e-18
134182285.9939988,0.349069422460975,134182285.9939988,250217714.0060012,6.654067566262057e-11,-4.909080723273842e-19,-0.02206030861439724,-0.02206030861439724,1.0,0.0
134257526.9285857,0.3492651585030846,134257526.9285857,250142473.0714143,6.650376009330037e-11,-4.903549951207433e-19,-0.022035454564211746,-0.02203545456421175,0.9999999999999999,3.469446951953614e-18
134332767.86317265,0.3494608945451942,134332767.86317265,250067232.13682735,6.646688610316208e-11,-4.898028442972204e-19,-0.0220106421436075,-0.022010642143607498,1.0000000000000002,3.469446951953614e-18
134408008.79775953,0.3496566305873037,134408008.79775953,249991991.20224047,6.643005362258198e-11,-4.892516177798011e-19,-0.021985871259248117,-0.021985871259248117,1.0,0.0
134483249.73234648,0.3498523666294133,134483249.73234648,249916750.26765352,6.639326258209233e-11,-4.887013134972737e-19,-0.021961141818057986,-0.021961141818057986,1.0,0.0
134558490.6669334,0.35004810267152286,134558490.6669334,249841509.3330666,6.635651291238106e-11,-4.881519293842117e-19,-0.02193645372722148,-0.021936453727221476,1.0000000000000002,3.469446951953614e-18
134633731.6015203,0.3502438387136324,134633731.6015203,249766268.3984797,6.63198045442913e-11,-4.876034633809531e-19,-0.021911806894181988,-0.021911806894181988,1.0,0.0
134708972.53610724,0.35043957475574206,134708972.53610724,249691027.46389276,6.628313740882088e-11,-4.870559134335808e-19,-0.021887201226641093,-0.021887201226641093,1.0,0.0
134784213.47069412,0.35063531079785154,134784213.47069412,249615786.52930588,6.624651143712207e-11,-4.865092774939058e-19,-0.021862636632557768,-0.02186263663255776,1.0000000000000002,6.938893903907228e-18
134859454.40528107,0.35083104683996114,134859454.40528107,249540545.59471893,6.620992656050083e-11,-4.859635535194439e-19,-0.02183811302014734,-0.021838113020147338,1.0000000000000002,3.469446951953614e-18
134934695.33986798,0.35102678288207073,134934695.33986798,249465304.66013202,6.617338271041681e-11,-4.854187394734006e-19,-0.021813630297880846,-0.021813630297880842,1.0000000000000002,3.469446951953614e-18
135009936.2744549,0.35122251892418027,135009936.2744549,249390063.7255451,6.613687981848253e-11,-4.848748333246498e-19,-0.021789188374484014,-0.02178918837448401,1.0000000000000002,3.469446951953614e-18
135085177.2090418,0.3514182549662898,135085177.2090418,249314822.7909582,6.610041781646323e-11,-4.843318330477155e-19,-0.021764787158936504,-0.0217647871589365,1.0000000000000002,3.469446951953614e-18
135160418.14362872,0.35161399100839935,135160418.14362872,249239581.85637128,6.606399663627625e-11,-4.837897366227528e-19,-0.021740426560471007,-0.021740426560471003,1.0000000000000002,3.469446951953614e-18
135235659.07821566,0.351809727050509,135235659.07821566,249164340.92178434,6.602761620999074e-11,-4.83248542035529e-19,-0.02171610648857242,-0.021716106488572418,1.0000000000000002,3.469446951953614e-18
135310900.01280254,0.3520054630926185,135310900.01280254,249089099.98719746,6.599127646982722e-11,-4.82708247277406e-19,-0.02169182685297705,-0.021691826852977047,1.0000000000000002,3.469446951953614e-18
135386140.94738948,0.3522011991347281,135386140.94738948,249013859.05261052,6.595497734815706e-11,-4.821688503453189e-19,-0.02166758756367165,-0.02166758756367165,1.0,0.0
135461381.8819764,0.3523969351768377,135461381.8819764,248938618.1180236,6.59187187775022e-11,-4.816303492417613e-19,-0.021643388530892753,-0.02164338853089275,1.0000000000000002,3.469446951953614e-18
135536622.8165633,0.3525926712189472,135536622.8165633,248863377.1834367,6.588250069053462e-11,-4.810927419747631e-19,-0.021619229665125694,-0.021619229665125694,1.0,0.0
135611863.75115025,0.35278840726105687,135611863.75115025,248788136.24884975,6.584632302007598e-11,-4.805560265578741e-19,-0.021595110877103852,-0.021595110877103852,1.0,0.0
135687104.68573713,0.3529841433031663,135687104.68573713,248712895.31426287,6.581018569909725e-11,-4.800202010101461e-19,-0.021571032077807847,-0.021571032077807844,1.0000000000000002,3.469446951953614e-18
135762345.62032408,0.35317987934527595,135762345.62032408,248637654.37967592,6.577408866071814e-11,-4.7948526335611155e-19,-0.021546993178464605,-0.021546993178464605,1.0,0.0
135837586.554911,0.3533756153873855,135837586.554911,248562413.445089,6.573803183820687e-11,-4.789512116257699e-19,-0.02152299409054671,-0.021522994090546706,1.0000000000000002,3.469446951953614e-18
135912827.4894979,0.3535713514294951,135912827.4894979,248487172.5105021,6.570201516497966e-11,-4.784180438545656e-19,-0.02149903472577144,-0.021499034725771433,1.0000000000000002,6.938893903907228e-18
135988068.4240848,0.3537670874716046,135988068.4240848,248411931.5759152,6.566603857460033e-11,-4.778857580833714e-19,-0.0214751149961,-0.0214751149961,1.0,0.0
136063309.35867172,0.35396282351371416,136063309.35867172,248336690.64132828,6.56301020007799e-11,-4.773543523584711e-19,-0.021451234813736772,-0.021451234813736775,0.9999999999999999,3.469446951953614e-18
136138550.29325867,0.3541585595558238,136138550.29325867,248261449.70674133,6.559420537737618e-11,-4.768238247315401e-19,-0.021427394091128416,-0.021427394091128413,1.0000000000000002,3.469446951953614e-18
136213791.22784555,0.35435429559793324,136213791.22784555,248186208.77215445,6.555834863839345e-11,-4.76294173259629e-19,-0.02140359274096313,-0.02140359274096313,1.0,0.0
136289032.1624325,0.3545500316400429,136289032.1624325,248110967.8375675,6.552253171798183e-11,-4.757653960051442e-19,-0.02137983067616981,-0.021379830676169807,1.0000000000000002,3.469446951953614e-18
136364273.0970194,0.35474576768215244,136364273.0970194,248035726.9029806,6.548675455043717e-11,-4.752374910358319e-19,-0.021356107809917296,-0.02135610780991729,1.0000000000000002,6.938893903907228e-18
136439514.03160632,0.35494150372426203,136439514.03160632,247960485.96839368,6.545101707020042e-11,-4.747104564247591e-19,-0.021332424055613534,-0.02133242405561353,1.0000000000000002,3.469446951953614e-18
136514754.96619326,0.3551372397663716,136514754.96619326,247885245.03380674,6.541531921185735e-11,-4.741842902502965e-19,-0.021308779326904812,-0.021308779326904812,1.0,0.0
136589995.90078014,0.3553329758084811,136589995.90078014,247810004.09921986,6.537966091013811e-11,-4.736589905961015e-19,-0.021285173537674992,-0.02128517353767499,1.0000000000000002,3.469446951953614e-18
136665236.83536708,0.35552871185059076,136665236.83536708,247734763.16463292,6.534404209991679e-11,-4.73134555551099e-19,-0.021261606602044635,-0.021261606602044635,1.0,0.0
136740477.769954,0.3557244478927003,136740477.769954,247659522.230046,6.530846271621116e-11,-4.726109832094663e-19,-0.02123807843437035,-0.021238078434370346,1.0000000000000002,3.469446951953614e-18
136815718.7045409,0.35592018393480984,136815718.7045409,247584281.2954591,6.527292269418216e-11,-4.720882716706142e-19,-0.02121458894924391,-0.021214588949243905,1.0000000000000002,3.469446951953614e-18
136890959.63912782,0.3561159199769194,136890959.63912782,247509040.36087218,6.523742196913348e-11,-4.715664190391699e-19,-0.021191138061491508,-0.021191138061491508,1.0,0.0
136966200.57371473,0.356311656019029,136966200.57371473,247433799.42628527,6.520196047651128e-11,-4.710454234249605e-19,-0.021167725686173013,-0.021167725686173013,1.0,0.0
137041441.50830168,0.3565073920611386,137041441.50830168,247358558.49169832,6.516653815190372e-11,-4.705252829429952e-19,-0.021144351738581167,-0.021144351738581164,1.0000000000000002,3.469446951953614e-18
137116682.44288856,0.35670312810324806,137116682.44288856,247283317.55711144,6.513115493104064e-11,-4.700059957134489e-19,-0.021121016134240837,-0.021121016134240833,1.0000000000000002,3.469446951953614e-18
137191923.3774755,0.3568988641453577,137191923.3774755,247208076.6225245,6.509581074979304e-11,-4.694875598616439e-19,-0.021097718788908208,-0.021097718788908208,1.0,0.0
137267164.3120624,0.35709460018746725,137267164.3120624,247132835.6879376,6.506050554417286e-11,-4.689699735180349e-19,-0.021074459618570105,-0.021074459618570105,1.0,0.0
137342405.24664932,0.3572903362295768,137342405.24664932,247057594.75335068,6.502523925033248e-11,-4.684532348181904e-19,-0.021051238539443157,-0.02105123853944315,1.0000000000000002,6.938893903907228e-18
137417646.18123627,0.35748607227168644,137417646.18123627,246982353.81876373,6.499001180456434e-11,-4.679373419027763e-19,-0.021028055467973053,-0.021028055467973053,1.0,0.0
137492887.11582315,0.3576818083137959,137492887.11582315,246907112.88417685,6.49548231433007e-11,-4.674222929175405e-19,-0.02100491032083386,-0.02100491032083386,1.0,0.0
137568128.0504101,0.3578775443559055,137568128.0504101,246831871.9495899,6.491967320311295e-11,-4.669080860132938e-19,-0.020981803014927164,-0.020981803014927164,1.0,0.0
137643368.984997,0.3580732803980151,137643368.984997,246756631.015003,6.488456192071163e-11,-4.663947193458958e-19,-0.020958733467381425,-0.020958733467381422,1.0000000000000002,3.469446951953614e-18
137718609.91958392,0.35826901644012465,137718609.91958392,246681390.08041608,6.484948923294572e-11,-4.658821910762364e-19,-0.02093570159555115,-0.02093570159555115,1.0,0.0
137793850.85417086,0.3584647524822343,137793850.85417086,246606149.14582914,6.481445507680239e-11,-4.653704993702201e-19,-0.020912707317016214,-0.02091270731701621,1.0000000000000002,3.469446951953614e-18
137869091.78875774,0.35866048852434373,137869091.78875774,246530908.21124226,6.477945938940672e-11,-4.648596423987507e-19,-0.020889750549581115,-0.02088975054958111,1.0000000000000002,6.938893903907228e-18
137944332.72334468,0.3588562245664534,137944332.72334468,246455667.27665532,6.47445021080211e-11,-4.643496183377115e-19,-0.020866831211274146,-0.02086683121127415,0.9999999999999999,3.469446951953614e-18
138019573.6579316,0.3590519606085629,138019573.6579316,246380426.3420684,6.470958317004507e-11,-4.63840425367954e-19,-0.02084394922034685,-0.02084394922034685,1.0,0.0
138094814.5925185,0.3592476966506725,138094814.5925185,246305185.4074815,6.467470251301483e-11,-4.633320616752769e-19,-0.020821104495273086,-0.020821104495273083,1.0000000000000002,3.469446951953614e-18
138170055.52710542,0.35944343269278206,138170055.52710542,246229944.47289458,6.463986007460287e-11,-4.628245254504128e-19,-0.02079829695474843,-0.02079829695474843,1.0,0.0
138245296.46169233,0.3596391687348916,138245296.46169233,246154703.53830767,6.460505579261766e-11,-4.623178148890115e-19,-0.020775526517689425,-0.02077552651768943,0.9999999999999998,3.469446951953614e-18
138320537.39627928,0.35983490477700125,138320537.39627928,246079462.60372072,6.457028960500324e-11,-4.618119281916231e-19,-0.02075279310323283,-0.020752793103232827,1.0000000000000002,3.469446951953614e-18
138395778.33086616,0.36003064081911074,138395778.33086616,246004221.66913384,6.453556144983887e-11,-4.613068635636833e-19,-0.020730096630734943,-0.020730096630734943,1.0,0.0
138471019.2654531,0.36022637686122033,138471019.2654531,245928980.7345469,6.450087126533859e-11,-4.6080261921549585e-19,-0.020707437019770833,-0.020707437019770836,0.9999999999999998,3.469446951953614e-18
138546260.20004,0.36042211290332987,138546260.20004,245853739.79996,6.4466218989851e-11,-4.602991933622189e-19,-0.020684814190133703,-0.020684814190133693,1.0000000000000004,1.0408340855860843e-17
138621501.13462692,0.36061784894543947,138621501.13462692,245778498.86537308,6.443160456185879e-11,-4.597965842238466e-19,-0.020662228061834074,-0.020662228061834074,1.0,0.0
138696742.06921387,0.36081358498754906,138696742.06921387,245703257.93078613,6.439702791997831e-11,-4.592947900251954e-19,-0.02063967855509918,-0.020639678555099187,0.9999999999999997,6.938893903907228e-18
138771983.00380075,0.36100932102965855,138771983.00380075,245628016.99619925,6.436248900295945e-11,-4.587938089958883e-19,-0.020617165590372247,-0.02061716559037224,1.0000000000000004,6.938893903907228e-18
138847223.9383877,0.3612050570717682,138847223.9383877,245552776.0616123,6.432798774968498e-11,-4.582936393703363e-19,-0.020594689088311663,-0.020594689088311663,1.0,0.0
138922464.8729746,0.36140079311387774,138922464.8729746,245477535.1270254,6.429352409917042e-11,-4.577942793877278e-19,-0.020572248969790492,-0.02057224896979049,1.0000000000000002,3.469446951953614e-18
138997705.80756152,0.3615965291559873,138997705.80756152,245402294.19243848,6.425909799056358e-11,-4.572957272920082e-19,-0.020549845155895592,-0.02054984515589559,1.0000000000000002,3.469446951953614e-18
139072946.74214843,0.3617922651980969,139072946.74214843,245327053.25785157,6.42247093631442e-11,-4.56797981331868e-19,-0.020527477567927024,-0.020527477567927024,1.0,0.0
139148187.67673534,0.3619880012402064,139148187.67673534,245251812.32326466,6.419035815632362e-11,-4.563010397607251e-19,-0.02050514612739731,-0.02050514612739731,1.0,0.0
139223428.61132228,0.362183737282316,139223428.61132228,245176571.38867772,6.415604430964439e-11,-4.558049008367107e-19,-0.020482850756030766,-0.020482850756030766,1.0,0.0
139298669.54590917,0.3623794733244255,139298669.54590917,245101330.45409083,6.412176776278004e-11,-4.553095628226542e-19,-0.02046059137576284,-0.020460591375762845,0.9999999999999998,3.469446951953614e-18
139373910.4804961,0.36257520936653514,139373910.4804961,245026089.5195039,6.40875284555345e-11,-4.548150239860663e-19,-0.02043836790873935,-0.02043836790873935,1.0,0.0
139449151.41508302,0.3627709454086447,139449151.41508302,244950848.58491698,6.405332632784198e-11,-4.543212825991263e-19,-0.0204161802773159,-0.020416180277315895,1.0000000000000002,3.469446951953614e-18
139524392.34966993,0.3629666814507542,139524392.34966993,244875607.65033007,6.401916131976647e-11,-4.538283369386647e-19,-0.020394028404057112,-0.02039402840405711,1.0000000000000002,3.469446951953614e-18
139599633.28425688,0.3631624174928639,139599633.28425688,244800366.71574312,6.398503337150143e-11,-4.533361852861495e-19,-0.020371912211736017,-0.020371912211736013,1.0000000000000002,3.469446951953614e-18
139674874.21884376,0.36335815353497336,139674874.21884376,244725125.78115624,6.39509424233695e-11,-4.528448259276711e-19,-0.020349831623333356,-0.020349831623333352,1.0000000000000002,3.469446951953614e-18
139750115.1534307,0.363553889577083,139750115.1534307,244649884.8465693,6.391688841582204e-11,-4.523542571539265e-19,-0.020327786562036876,-0.020327786562036876,1.0,0.0
139825356.0880176,0.36374962561919255,139825356.0880176,244574643.9119824,6.388287128943887e-11,-4.518644772602059e-19,-0.02030577695124075,-0.020305776951240747,1.0000000000000002,3.469446951953614e-18
139900597.02260453,0.3639453616613021,139900597.02260453,244499402.97739547,6.384889098492795e-11,-4.513754845463761e-19,-0.0202838027145448,-0.0202838027145448,1.0,0.0
139975837.95719144,0.36414109770341163,139975837.95719144,244424162.04280856,6.381494744312491e-11,-4.508872773168674e-19,-0.020261863775753907,-0.020261863775753907,1.0,0.0
140051078.89177835,0.3643368337455212,140051078.89177835,244348921.10822165,6.378104060499283e-11,-4.503998538806574e-19,-0.020239960058877342,-0.02023996005887734,1.0000000000000002,3.469446951953614e-18
140126319.8263653,0.3645325697876308,140126319.8263653,244273680.1736347,6.374717041162184e-11,-4.499132125512575e-19,-0.020218091488128063,-0.02021809148812806,1.0000000000000002,3.469446951953614e-18
140201560.76095217,0.3647283058297403,140201560.76095217,244198439.23904783,6.371333680422884e-11,-4.494273516466983e-19,-0.020196257987922146,-0.020196257987922146,1.0,0.0
140276801.69553912,0.36492404187184996,140276801.69553912,244123198.30446088,6.367953972415698e-11,-4.489422694895133e-19,-0.020174459482878004,-0.020174459482878,1.0000000000000002,3.469446951953614e-18
140352042.63012603,0.3651197779139595,140352042.63012603,244047957.36987397,6.364577911287563e-11,-4.484579644067272e-19,-0.020152695897815872,-0.02015269589781587,1.0000000000000002,3.469446951953614e-18
140427283.56471294,0.36531551395606904,140427283.56471294,243972716.43528706,6.361205491197974e-11,-4.479744347298389e-19,-0.020130967157757057,-0.020130967157757057,1.0,0.0
140502524.49929988,0.3655112499981787,140502524.49929988,243897475.50070012,6.35783670631897e-11,-4.474916787948086e-19,-0.02010927318792334,-0.02010927318792334,1.0,0.0
140577765.43388677,0.3657069860402882,140577765.43388677,243822234.56611323,6.354471550835091e-11,-4.470096949420437e-19,-0.020087613913736337,-0.020087613913736337,1.0,0.0
140653006.3684737,0.36590272208239777,140653006.3684737,243746993.6315263,6.351110018943344e-11,-4.465284815163824e-19,-0.020065989260816798,-0.0200659892608168,0.9999999999999998,3.469446951953614e-18
140728247.30306062,0.36609845812450736,140728247.30306062,243671752.69693938,6.347752104853182e-11,-4.460480368670823e-19,-0.020044399154984058,-0.020044399154984054,1.0000000000000002,3.469446951953614e-18
140803488.23764753,0.3662941941666169,140803488.23764753,243596511.76235247,6.344397802786452e-11,-4.455683593478041e-19,-0.020022843522255314,-0.020022843522255314,1.0,0.0
140878729.17223445,0.36648993020872644,140878729.17223445,243521270.82776555,6.341047106977377e-11,-4.450894473165991e-19,-0.020001322288845068,-0.020001322288845064,1.0000000000000002,3.469446951953614e-18
140953970.10682136,0.366685666250836,140953970.10682136,243446029.89317864,6.337700011672517e-11,-4.446112991358931e-19,-0.019979835381164417,-0.01997983538116441,1.0000000000000004,6.938893903907228e-18
141029211.04140827,0.3668814022929456,141029211.04140827,243370788.95859173,6.334356511130736e-11,-4.441339131724746e-19,-0.019958382725820484,-0.019958382725820484,1.0,0.0
141104451.9759952,0.3670771383350552,141104451.9759952,243295548.0240048,6.331016599623169e-11,-4.436572877974795e-19,-0.01993696424961577,-0.019936964249615764,1.0000000000000004,6.938893903907228e-18
141179692.91058213,0.3672728743771647,141179692.91058213,243220307.08941787,6.327680271433194e-11,-4.431814213863775e-19,-0.019915579879547528,-0.01991557987954752,1.0000000000000004,6.938893903907228e-18
141254933.84516904,0.3674686104192743,141254933.84516904,243145066.15483096,6.324347520856394e-11,-4.42706312318958e-19,-0.019894229542807125,-0.019894229542807125,1.0,0.0
141330174.77975595,0.36766434646138385,141330174.77975595,243069825.22024405,6.321018342200524e-11,-4.422319589793173e-19,-0.019872913166779464,-0.019872913166779464,1.0,0.0
141405415.71434286,0.3678600825034934,141405415.71434286,242994584.28565714,6.317692729785486e-11,-4.417583597558433e-19,-0.019851630679042317,-0.01985163067904231,1.0000000000000004,6.938893903907228e-18
141480656.64892977,0.36805581854560293,141480656.64892977,242919343.35107023,6.314370677943289e-11,-4.412855130412029e-19,-0.019830382007365727,-0.019830382007365727,1.0,0.0
141555897.58351672,0.3682515545877126,141555897.58351672,242844102.41648328,6.311052181018014e-11,-4.408134172323281e-19,-0.01980916707971142,-0.019809167079711417,1.0000000000000002,3.469446951953614e-18
141631138.51810363,0.3684472906298221,141631138.51810363,242768861.48189637,6.3077372333658e-11,-4.403420707304025e-19,-0.019787985824232166,-0.019787985824232163,1.0000000000000002,3.469446951953614e-18
141706379.45269054,0.3686430266719317,141706379.45269054,242693620.54730946,6.304425829354789e-11,-4.398714719408472e-19,-0.019766838169271158,-0.019766838169271158,1.0,0.0
141781620.38727745,0.36883876271404126,141781620.38727745,242618379.61272255,6.301117963365112e-11,-4.394016192733082e-19,-0.01974572404336146,-0.019745724043361453,1.0000000000000004,6.938893903907228e-18
141856861.32186437,0.3690344987561508,141856861.32186437,242543138.67813563,6.297813629788845e-11,-4.389325111416417e-19,-0.01972464337522532,-0.019724643375225316,1.0000000000000002,3.469446951953614e-18
141932102.25645128,0.36923023479826034,141932102.25645128,242467897.74354872,6.294512823029986e-11,-4.384641459639024e-19,-0.01970359609377366,-0.019703596093773656,1.0000000000000002,3.469446951953614e-18
142007343.19103822,0.36942597084037,142007343.19103822,242392656.80896178,6.291215537504414e-11,-4.379965221623282e-19,-0.019682582128105388,-0.019682582128105384,1.0000000000000002,3.469446951953614e-18
142082584.12562513,0.36962170688247953,142082584.12562513,242317415.87437487,6.287921767639873e-11,-4.375296381633287e-19,-0.01966160140750688,-0.01966160140750688,1.0,0.0
142157825.06021205,0.36981744292458907,142157825.06021205,242242174.93978795,6.284631507875927e-11,-4.370634923974708e-19,-0.019640653861451328,-0.019640653861451328,1.0,0.0
142233065.99479896,0.37001317896669866,142233065.99479896,242166934.00520104,6.281344752663928e-11,-4.3659808329946575e-19,-0.019619739419598166,-0.019619739419598162,1.0000000000000002,3.469446951953614e-18
142308306.92938587,0.3702089150088082,142308306.92938587,242091693.07061413,6.278061496466995e-11,-4.361334093081562e-19,-0.019598858011792477,-0.01959885801179248,0.9999999999999998,3.469446951953614e-18
142383547.86397278,0.37040465105091774,142383547.86397278,242016452.13602722,6.274781733759979e-11,-4.356694688665031e-19,-0.01957800956806442,-0.019578009568064415,1.0000000000000002,3.469446951953614e-18
142458788.79855973,0.3706003870930274,142458788.79855973,241941211.20144027,6.271505459029424e-11,-4.352062604215718e-19,-0.019557194018628588,-0.019557194018628588,1.0,0.0
142534029.73314664,0.37079612313513693,142534029.73314664,241865970.26685336,6.268232666773552e-11,-4.347437824245212e-19,-0.019536411293883536,-0.019536411293883536,1.0,0.0
142609270.66773355,0.3709918591772465,142609270.66773355,241790729.33226645,6.264963351502219e-11,-4.342820333305881e-19,-0.019515661324411064,-0.019515661324411064,1.0,0.0
142684511.60232046,0.371187595219356,142684511.60232046,241715488.39767954,6.261697507736886e-11,-4.338210115990757e-19,-0.019494944040975716,-0.01949494404097572,0.9999999999999998,3.469446951953614e-18
142759752.53690737,0.3713833312614656,142759752.53690737,241640247.46309263,6.258435130010594e-11,-4.3336071569334113e-19,-0.0194742593745242,-0.0194742593745242,1.0,0.0
142834993.4714943,0.37157906730357515,142834993.4714943,241565006.5285057,6.255176212867931e-11,-4.3290114408078153e-19,-0.019453607256184783,-0.019453607256184776,1.0000000000000004,6.938893903907228e-18
142910234.40608123,0.3717748033456848,142910234.40608123,241489765.59391877,6.251920750865e-11,-4.3244229523282183e-19,-0.019432987617266723,-0.019432987617266723,1.0,0.0
142985475.34066814,0.37197053938779434,142985475.34066814,241414524.65933186,6.248668738569393e-11,-4.319841676249026e-19,-0.019412400389259735,-0.01941240038925974,0.9999999999999998,3.469446951953614e-18
143060716.27525505,0.3721662754299039,143060716.27525505,241339283.72474495,6.245420170560153e-11,-4.3152675973646624e-19,-0.019391845503833372,-0.01939184550383337,1.0000000000000002,3.469446951953614e-18
143135957.20984197,0.3723620114720134,143135957.20984197,241264042.79015803,6.242175041427752e-11,-4.3107007005094504e-19,-0.019371322892836478,-0.019371322892836475,1.0000000000000002,3.469446951953614e-18
143211198.14442888,0.372557747514123,143211198.14442888,241188801.85557112,6.238933345774055e-11,-4.306140970557483e-19,-0.01935083248829662,-0.01935083248829662,1.0,0.0
143286439.0790158,0.37275348355623256,143286439.0790158,241113560.9209842,6.235695078212299e-11,-4.301588392422504e-19,-0.01933037422241954,-0.019330374222419535,1.0000000000000002,3.469446951953614e-18
143361680.01360273,0.37294921959834215,143361680.01360273,241038319.98639727,6.232460233367049e-11,-4.2970429510577716e-19,-0.01930994802758855,-0.019309948027588543,1.0000000000000004,6.938893903907228e-18
143436920.94818965,0.37314495564045175,143436920.94818965,240963079.05181035,6.229228805874184e-11,-4.2925046314559486e-19,-0.01928955383636404,-0.01928955383636404,1.0,0.0
143512161.88277656,0.3733406916825613,143512161.88277656,240887838.11722344,6.226000790380855e-11,-4.2879734186489657e-19,-0.01926919158148287,-0.01926919158148287,1.0,0.0
143587402.81736347,0.3735364277246708,143587402.81736347,240812597.18263653,6.222776181545462e-11,-4.2834492977079048e-19,-0.01924886119585782,-0.019248861195857815,1.0000000000000002,3.469446951953614e-18
143662643.75195038,0.37373216376678037,143662643.75195038,240737356.24804962,6.219554974037624e-11,-4.278932253742871e-19,-0.01922856261257704,-0.019228562612577042,0.9999999999999998,3.469446951953614e-18
143737884.6865373,0.37392789980888996,143737884.6865373,240662115.3134627,6.216337162538146e-11,-4.2744222719028777e-19,-0.019208295764903523,-0.019208295764903523,1.0,0.0
143813125.62112424,0.37412363585099956,143813125.62112424,240586874.37887576,6.213122741738993e-11,-4.2699193373757145e-19,-0.019188060586274522,-0.01918806058627452,1.0000000000000002,3.469446951953614e-18
143888366.55571115,0.37431937189310915,143888366.55571115,240511633.44428885,6.209911706343264e-11,-4.265423435387836e-19,-0.019167857010301024,-0.019167857010301027,0.9999999999999998,3.469446951953614e-18
143963607.49029806,0.3745151079352187,143963607.49029806,240436392.50970194,6.206704051065156e-11,-4.260934551204233e-19,-0.01914768497076721,-0.019147684970767208,1.0000000000000002,3.469446951953614e-18
144038848.42488497,0.37471084397732823,144038848.42488497,240361151.57511503,6.203499770629937e-11,-4.2564526701283114e-19,-0.019127544401629875,-0.01912754440162987,1.0000000000000002,3.469446951953614e-18
144114089.3594719,0.3749065800194378,144114089.3594719,240285910.6405281,6.200298859773923e-11,-4.251977777501776e-19,-0.019107435237017925,-0.019107435237017925,1.0,0.0
144189330.2940588,0.37510231606154737,144189330.2940588,240210669.7059412,6.19710131324444e-11,-4.24750985870451e-19,-0.019087357411231836,-0.01908735741123183,1.0000000000000004,6.938893903907228e-18
144264571.22864574,0.37529805210365696,144264571.22864574,240135428.77135426,6.1939071257998e-11,-4.2430488991544496e-19,-0.019067310858743074,-0.019067310858743067,1.0000000000000004,6.938893903907228e-18
144339812.16323265,0.3754937881457665,144339812.16323265,240060187.83676735,6.19071629220928e-11,-4.2385948843074758e-19,-0.01904729551419363,-0.01904729551419363,1.0,0.0
144415053.09781957,0.3756895241878761,144415053.09781957,239984946.90218043,6.187528807253074e-11,-4.2341477996572857e-19,-0.019027311312395434,-0.01902731131239543,1.0000000000000002,3.469446951953614e-18
144490294.03240648,0.37588526022998564,144490294.03240648,239909705.96759352,6.184344665722286e-11,-4.2297076307352765e-19,-0.019007358188329822,-0.019007358188329822,1.0,0.0
144565534.9669934,0.3760809962720952,144565534.9669934,239834465.0330066,6.18116386241889e-11,-4.225274363110433e-19,-0.018987436077147053,-0.01898743607714705,1.0000000000000002,3.469446951953614e-18
144640775.9015803,0.3762767323142047,144640775.9015803,239759224.0984197,6.177986392155699e-11,-4.220847982389202e-19,-0.018967544914165718,-0.018967544914165718,1.0,0.0
144716016.83616725,0.37647246835631437,144716016.83616725,239683983.16383275,6.174812249756347e-11,-4.2164284742153807e-19,-0.01894768463487226,-0.01894768463487225,1.0000000000000004,6.938893903907228e-18
144791257.77075416,0.3766682043984239,144791257.77075416,239608742.22924584,6.171641430055257e-11,-4.2120158242700027e-19,-0.018927855174920453,-0.01892785517492045,1.0000000000000002,3.469446951953614e-18
144866498.70534107,0.3768639404405335,144866498.70534107,239533501.29465893,6.168473927897605e-11,-4.2076100182712144e-19,-0.018908056470130847,-0.018908056470130847,1.0,0.0
144941739.63992798,0.37705967648264305,144941739.63992798,239458260.36007202,6.165309738139306e-11,-4.2032110419741642e-19,-0.018888288456490276,-0.01888828845649028,0.9999999999999998,3.469446951953614e-18
145016980.5745149,0.3772554125247526,145016980.5745149,239383019.4254851,6.162148855646975e-11,-4.1988188811708877e-19,-0.01886855107015133,-0.01886855107015133,1.0,0.0
145092221.5091018,0.3774511485668621,145092221.5091018,239307778.4908982,6.158991275297904e-11,-4.1944335216901886e-19,-0.018848844247431825,-0.018848844247431818,1.0000000000000004,6.938893903907228e-18
145167462.44368875,0.3776468846089718,145167462.44368875,239232537.55631125,6.155836991980034e-11,-4.190054949397527e-19,-0.018829167924814306,-0.018829167924814306,1.0,0.0
145242703.37827566,0.3778426206510813,145242703.37827566,239157296.62172434,6.152686000591928e-11,-4.1856831501949105e-19,-0.018809522038945564,-0.018809522038945564,1.0,0.0
145317944.31286258,0.37803835669319086,145317944.31286258,239082055.68713742,6.14953829604274e-11,-4.1813181100207716e-19,-0.018789906526636056,-0.01878990652663605,1.0000000000000004,6.938893903907228e-18
145393185.2474495,0.37823409273530045,145393185.2474495,239006814.7525505,6.146393873252197e-11,-4.1769598148498565e-19,-0.018770321324859437,-0.018770321324859434,1.0000000000000002,3.469446951953614e-18
145468426.1820364,0.37842982877741,145468426.1820364,238931573.8179636,6.143252727150558e-11,-4.1726082506931187e-19,-0.01875076637075207,-0.018750766370752067,1.0000000000000002,3.469446951953614e-18
145543667.11662334,0.37862556481951964,145543667.11662334,238856332.88337666,6.140114852678592e-11,-4.168263403597596e-19,-0.018731241601612464,-0.01873124160161246,1.0000000000000002,3.469446951953614e-18
145618908.05121025,0.3788213008616292,145618908.05121025,238781091.94878975,6.136980244787564e-11,-4.163925259646314e-19,-0.01871174695490086,-0.018711746954900858,1.0000000000000002,3.469446951953614e-18
145694148.98579717,0.3790170369037387,145694148.98579717,238705851.01420283,6.133848898439187e-11,-4.159593804958158e-19,-0.018692282368238642,-0.018692282368238642,1.0,0.0
145769389.92038408,0.37921277294584826,145769389.92038408,238630610.07961592,6.13072080860561e-11,-4.1552690256877706e-19,-0.01867284777940787,-0.018672847779407867,1.0000000000000002,3.469446951953614e-18
145844630.854971,0.37940850898795786,145844630.854971,238555369.145029,6.127595970269379e-11,-4.150950908025439e-19,-0.018653443126350793,-0.018653443126350793,1.0,0.0
145919871.7895579,0.3796042450300674,145919871.7895579,238480128.2104421,6.124474378423427e-11,-4.1466394381969883e-19,-0.018634068347169356,-0.018634068347169356,1.0,0.0
145995112.72414485,0.379799981072177,145995112.72414485,238404887.27585515,6.12135602807103e-11,-4.142334602463662e-19,-0.018614723380124664,-0.01861472338012466,1.0000000000000002,3.469446951953614e-18
146070353.65873176,0.3799957171142866,146070353.65873176,238329646.34126824,6.118240914225789e-11,-4.1380363871220253e-19,-0.018595408163636553,-0.018595408163636553,1.0,0.0
146145594.59331867,0.38019145315639613,146145594.59331867,238254405.40668133,6.115129031911608e-11,-4.1337447785038476e-19,-0.01857612263628306,-0.01857612263628306,1.0,0.0
146220835.52790558,0.38038718919850567,146220835.52790558,238179164.47209442,6.112020376162655e-11,-4.1294597629759925e-19,-0.01855686673679992,-0.01855686673679992,1.0,0.0
146296076.4624925,0.3805829252406152,146296076.4624925,238103923.5375075,6.108914942023344e-11,-4.1251813269403147e-19,-0.018537640404080125,-0.018537640404080125,1.0,0.0
146371317.3970794,0.3807786612827248,146371317.3970794,238028682.6029206,6.10581272454831e-11,-4.1209094568335486e-19,-0.01851844357717339,-0.018518443577173388,1.0000000000000002,3.469446951953614e-18
146446558.33166635,0.3809743973248344,146446558.33166635,237953441.66833365,6.102713718802377e-11,-4.1166441391272023e-19,-0.018499276195285706,-0.018499276195285706,1.0,0.0
146521799.26625326,0.381170133366944,146521799.26625326,237878200.73374674,6.099617919860539e-11,-4.112385360327451e-19,-0.018480138197778852,-0.018480138197778852,1.0,0.0
146597040.20084018,0.38136586940905354,146597040.20084018,237802959.79915982,6.096525322807922e-11,-4.1081331069750287e-19,-0.0184610295241699,-0.0184610295241699,1.0,0.0
146672281.1354271,0.3815616054511631,146672281.1354271,237727718.8645729,6.093435922739777e-11,-4.1038873656451203e-19,-0.018441950114130738,-0.018441950114130735,1.0000000000000002,3.469446951953614e-18
146747522.070014,0.3817573414932726,146747522.070014,237652477.929986,6.090349714761435e-11,-4.0996481229472574e-19,-0.018422899907487605,-0.018422899907487602,1.0000000000000002,3.469446951953614e-18
146822763.0046009,0.3819530775353822,146822763.0046009,237577236.9953991,6.08726669398829e-11,-4.095415365525213e-19,-0.018403878844220612,-0.01840387884422061,1.0000000000000002,3.469446951953614e-18
146898003.93918785,0.3821488135774918,146898003.93918785,237501996.06081215,6.084186855545774e-11,-4.0911890800568965e-19,-0.01838488686446326,-0.018384886864463258,1.0000000000000002,3.469446951953614e-18
146973244.87377477,0.38234454961960135,146973244.87377477,237426755.12622523,6.081110194569332e-11,-4.0869692532542476e-19,-0.018365923908501995,-0.018365923908501995,1.0,0.0
147048485.80836168,0.38254028566171094,147048485.80836168,237351514.19163832,6.078036706204388e-11,-4.082755871863132e-19,-0.018346989916775705,-0.0183469899167757,1.0000000000000002,3.469446951953614e-18
147123726.7429486,0.3827360217038205,147123726.7429486,237276273.2570514,6.074966385606333e-11,-4.078548922663236e-19,-0.018328084829875257,-0.018328084829875257,1.0,0.0
147198967.6775355,0.38293175774593,147198967.6775355,237201032.3224645,6.07189922794049e-11,-4.0743483924679656e-19,-0.01830920858854306,-0.01830920858854306,1.0,0.0
147274208.61212242,0.38312749378803956,147274208.61212242,237125791.38787758,6.068835228382087e-11,-4.07015426812434e-19,-0.01829036113367256,-0.01829036113367256,1.0,0.0
147349449.54670936,0.3833232298301492,147349449.54670936,237050550.45329064,6.065774382116239e-11,-4.065966536512889e-19,-0.018271542406307805,-0.0182715424063078,1.0000000000000002,3.469446951953614e-18
147424690.48129627,0.38351896587225875,147424690.48129627,236975309.51870373,6.062716684337925e-11,-4.061785184547556e-19,-0.01825275234764298,-0.01825275234764298,1.0,0.0
147499931.41588318,0.38371470191436835,147499931.41588318,236900068.58411682,6.059662130251946e-11,-4.0576101991755857e-19,-0.01823399089902194,-0.018233990899021935,1.0000000000000002,3.469446951953614e-18
147575172.3504701,0.3839104379564779,147575172.3504701,236824827.6495299,6.056610715072921e-11,-4.053441567377429e-19,-0.018215258001937736,-0.018215258001937733,1.0000000000000002,3.469446951953614e-18
147650413.285057,0.38410617399858743,147650413.285057,236749586.714943,6.05356243402525e-11,-4.049279276166641e-19,-0.018196553598032204,-0.0181965535980322,1.0000000000000002,3.469446951953614e-18
147725654.21964392,0.38430191004069697,147725654.21964392,236674345.78035608,6.050517282343087e-11,-4.045123312589775e-19,-0.018177877629095455,-0.01817787762909545,1.0000000000000002,3.469446951953614e-18
147800895.15423086,0.3844976460828066,147800895.15423086,236599104.84576914,6.047475255270327e-11,-4.0409736637262874e-19,-0.01815923003706546,-0.01815923003706546,1.0,0.0
147876136.08881778,0.38469338212491616,147876136.08881778,236523863.91118222,6.044436348060572e-11,-4.036830316688437e-19,-0.0181406107640276,-0.018140610764027596,1.0000000000000002,3.469446951953614e-18
147951377.0234047,0.3848891181670257,147951377.0234047,236448622.9765953,6.041400555977105e-11,-4.032693258621178e-19,-0.018122019752214183,-0.01812201975221418,1.0000000000000002,3.469446951953614e-18
148026617.9579916,0.3850848542091353,148026617.9579916,236373382.0420084,6.038367874292874e-11,-4.028562476702068e-19,-0.018103456944004018,-0.018103456944004018,1.0,0.0
148101858.8925785,0.38528059025124484,148101858.8925785,236298141.1074215,6.035338298290459e-11,-4.0244379581411636e-19,-0.018084922281921975,-0.01808492228192197,1.0000000000000002,3.469446951953614e-18
148177099.82716542,0.3854763262933544,148177099.82716542,236222900.17283458,6.032311823262053e-11,-4.020319690180923e-19,-0.01806641570863851,-0.01806641570863851,1.0,0.0
148252340.76175237,0.385672062335464,148252340.76175237,236147659.23824763,6.029288444509432e-11,-4.0162076600961066e-19,-0.01804793716696926,-0.01804793716696926,1.0,0.0
148327581.69633928,0.38586779837757357,148327581.69633928,236072418.30366072,6.026268157343942e-11,-4.012101855193684e-19,-0.018029486599874585,-0.01802948659987458,1.0000000000000002,3.469446951953614e-18
148402822.6309262,0.3860635344196831,148402822.6309262,235997177.3690738,6.02325095708646e-11,-4.008002262812726e-19,-0.018011063950459105,-0.0180110639504591,1.0000000000000002,3.469446951953614e-18
148478063.5655131,0.38625927046179265,148478063.5655131,235921936.4344869,6.020236839067379e-11,-4.0039088703243123e-19,-0.017992669161971283,-0.017992669161971283,1.0,0.0
148553304.50010002,0.38645500650390224,148553304.50010002,235846695.49989998,6.017225798626586e-11,-3.9998216651314373e-19,-0.017974302177803003,-0.017974302177803,1.0000000000000002,3.469446951953614e-18
148628545.43468693,0.3866507425460118,148628545.43468693,235771454.56531307,6.01421783111343e-11,-3.995740634668906e-19,-0.01795596294148909,-0.017955962941489087,1.0000000000000002,3.469446951953614e-18
148703786.36927387,0.38684647858812143,148703786.36927387,235696213.63072613,6.011212931886699e-11,-3.9916657664032404e-19,-0.017937651396706902,-0.017937651396706902,1.0,0.0
148779027.30386078,0.387042214630231,148779027.30386078,235620972.69613922,6.00821109631461e-11,-3.987597047832591e-19,-0.017919367487275933,-0.017919367487275933,1.0,0.0
148854268.2384477,0.3872379506723405,148854268.2384477,235545731.7615523,6.005212319774765e-11,-3.983534466486626e-19,-0.017901111157157305,-0.017901111157157302,1.0000000000000002,3.469446951953614e-18
148929509.1730346,0.38743368671445005,148929509.1730346,235470490.8269654,6.002216597654143e-11,-3.9794780099264454e-19,-0.017882882350453388,-0.017882882350453388,1.0,0.0
149004750.10762152,0.38762942275655965,149004750.10762152,235395249.89237848,5.999223925349063e-11,-3.9754276657444836e-19,-0.017864681011407365,-0.01786468101140736,1.0000000000000002,3.469446951953614e-18
149079991.04220843,0.3878251587986692,149079991.04220843,235320008.95779157,5.996234298265178e-11,-3.9713834215644136e-19,-0.017846507084402795,-0.01784650708440279,1.0000000000000002,3.469446951953614e-18
149155231.97679538,0.3880208948407788,149155231.97679538,235244768.02320462,5.99324771181743e-11,-3.967345265041053e-19,-0.017828360513963193,-0.017828360513963193,1.0,0.0
149230472.9113823,0.3882166308828884,149230472.9113823,235169527.0886177,5.99026416143005e-11,-3.9633131838602747e-19,-0.017810241244751633,-0.01781024124475163,1.0000000000000002,3.469446951953614e-18
149305713.8459692,0.3884123669249979,149305713.8459692,235094286.1540308,5.98728364253651e-11,-3.9592871657389e-19,-0.017792149221570266,-0.017792149221570262,1.0000000000000002,3.469446951953614e-18
149380954.7805561,0.38860810296710746,149380954.7805561,235019045.2194439,5.984306150579525e-11,-3.955267198424617e-19,-0.017774084389359943,-0.017774084389359943,1.0,0.0
149456195.71514302,0.388803839009217,149456195.71514302,234943804.28485698,5.981331681011007e-11,-3.9512532696958846e-19,-0.017756046693199797,-0.017756046693199797,1.0,0.0
149531436.64972994,0.3889995750513266,149531436.64972994,234868563.35027006,5.978360229292056e-11,-3.947245367361833e-19,-0.017738036078306797,-0.0177380360783068,0.9999999999999998,3.469446951953614e-18
149606677.58431688,0.3891953110934362,149606677.58431688,234793322.41568312,5.975391790892934e-11,-3.9432434792621813e-19,-0.01772005249003536,-0.01772005249003536,1.0,0.0
149681918.5189038,0.3893910471355458,149681918.5189038,234718081.4810962,5.972426361293039e-11,-3.939247593267139e-19,-0.01770209587387693,-0.017702095873876927,1.0000000000000002,3.469446951953614e-18
149757159.4534907,0.3895867831776553,149757159.4534907,234642840.5465093,5.969463935980888e-11,-3.935257697277311e-19,-0.017684166175459537,-0.017684166175459537,1.0,0.0
149832400.38807762,0.38978251921976487,149832400.38807762,234567599.61192238,5.966504510454086e-11,-3.931273779223616e-19,-0.017666263340547425,-0.017666263340547425,1.0,0.0
149907641.32266453,0.3899782552618744,149907641.32266453,234492358.67733547,5.963548080219308e-11,-3.9272958270671826e-19,-0.017648387315040617,-0.017648387315040613,1.0000000000000002,3.469446951953614e-18
149982882.25725144,0.390173991303984,149982882.25725144,234417117.74274856,5.960594640792276e-11,-3.923323828799269e-19,-0.017630538044974515,-0.01763053804497451,1.0000000000000002,3.469446951953614e-18
150058123.19183838,0.3903697273460936,150058123.19183838,234341876.80816162,5.957644187697737e-11,-3.919357772441166e-19,-0.017612715476519478,-0.017612715476519474,1.0000000000000002,3.469446951953614e-18
150133364.1264253,0.39056546338820314,150133364.1264253,234266635.8735747,5.954696716469443e-11,-3.9153976460441097e-19,-0.017594919555980443,-0.01759491955598044,1.0000000000000002,3.469446951953614e-18
150208605.0610122,0.39076119943031273,150208605.0610122,234191394.9389878,5.951752222650119e-11,-3.911443437689189e-19,-0.017577150229796498,-0.017577150229796498,1.0,0.0
150283845.99559912,0.3909569354724223,150283845.99559912,234116154.00440088,5.94881070179145e-11,-3.9074951354872594e-19,-0.017559407444540487,-0.017559407444540483,1.0000000000000002,3.469446951953614e-18
150359086.93018603,0.3911526715145318,150359086.93018603,234040913.06981397,5.945872149454055e-11,-3.9035527275788465e-19,-0.01754169114691859,-0.01754169114691859,1.0,0.0
150434327.86477295,0.39134840755664135,150434327.86477295,233965672.13522705,5.942936561207464e-11,-3.8996162021340653e-19,-0.01752400128376996,-0.017524001283769956,1.0000000000000002,3.469446951953614e-18
150509568.7993599,0.391544143598751,150509568.7993599,233890431.2006401,5.940003932630097e-11,-3.895685547352525e-19,-0.017506337802066278,-0.017506337802066275,1.0000000000000002,3.469446951953614e-18
150584809.7339468,0.39173987964086054,150584809.7339468,233815190.2660532,5.937074259309243e-11,-3.8917607514632465e-19,-0.01748870064891141,-0.017488700648911407,1.0000000000000002,3.469446951953614e-18
150660050.6685337,0.39193561568297014,150660050.6685337,233739949.3314663,5.934147536841039e-11,-3.887841802724568e-19,-0.01747108977154095,-0.01747108977154095,1.0,0.0
150735291.60312063,0.3921313517250797,150735291.60312063,233664708.39687937,5.931223760830438e-11,-3.883928689424061e-19,-0.01745350511732188,-0.017453505117321876,1.0000000000000002,3.469446951953614e-18
150810532.53770754,0.3923270877671892,150810532.53770754,233589467.46229246,5.928302926891198e-11,-3.880021399878439e-19,-0.017435946633752118,-0.017435946633752114,1.0000000000000002,3.469446951953614e-18
150885773.47229445,0.39252282380929876,150885773.47229445,233514226.52770555,5.925385030645863e-11,-3.8761199224334746e-19,-0.017418414268460185,-0.017418414268460185,1.0,0.0
150961014.4068814,0.3927185598514084,150961014.4068814,233438985.5931186,5.922470067725724e-11,-3.87222424546391e-19,-0.017400907969204776,-0.017400907969204772,1.0000000000000002,3.469446951953614e-18
151036255.3414683,0.39291429589351795,151036255.3414683,233363744.6585317,5.919558033770816e-11,-3.8683343573733733e-19,-0.017383427683874395,-0.017383427683874395,1.0,0.0
151111496.27605522,0.3931100319356275,151111496.27605522,233288503.72394478,5.916648924429887e-11,-3.864450246594286e-19,-0.017365973360486932,-0.01736597336048693,1.0000000000000002,3.469446951953614e-18
151186737.21064213,0.3933057679777371,151186737.21064213,233213262.78935787,5.913742735360376e-11,-3.8605719015877822e-19,-0.017348544947189314,-0.01734854494718931,1.0000000000000002,3.469446951953614e-18
151261978.14522904,0.3935015040198466,151261978.14522904,233138021.85477096,5.910839462228392e-11,-3.856699310843621e-19,-0.0173311423922571,-0.017331142392257096,1.0000000000000002,3.469446951953614e-18
151337219.07981595,0.39369724006195617,151337219.07981595,233062780.92018405,5.907939100708697e-11,-3.8528324628801003e-19,-0.01731376564409409,-0.017313765644094085,1.0000000000000002,3.469446951953614e-18
151412460.0144029,0.3938929761040658,151412460.0144029,232987539.9855971,5.905041646484677e-11,-3.848971346243973e-19,-0.017296414651231957,-0.017296414651231957,1.0,0.0
151487700.9489898,0.39408871214617536,151487700.9489898,232912299.0510102,5.902147095248334e-11,-3.845115949510365e-19,-0.017279089362329882,-0.01727908936232988,1.0000000000000002,3.469446951953614e-18
151562941.88357672,0.3942844481882849,151562941.88357672,232837058.11642328,5.899255442700243e-11,-3.841266261282681e-19,-0.017261789726174117,-0.017261789726174114,1.0000000000000002,3.469446951953614e-18
151638182.81816363,0.3944801842303945,151638182.81816363,232761817.18183637,5.896366684549553e-11,-3.837422270192531e-19,-0.01724451569167766,-0.017244515691677658,1.0000000000000002,3.469446951953614e-18
151713423.75275055,0.39467592027250403,151713423.75275055,232686576.24724945,5.89348081651395e-11,-3.833583964899638e-19,-0.01722726720787986,-0.01722726720787986,1.0,0.0
151788664.68733746,0.3948716563146136,151788664.68733746,232611335.31266254,5.890597834319645e-11,-3.8297513340917613e-19,-0.017210044223946033,-0.017210044223946033,1.0,0.0
151863905.6219244,0.3950673923567232,151863905.6219244,232536094.3780756,5.887717733701349e-11,-3.8259243664846064e-19,-0.01719284668916709,-0.017192846689167086,1.0000000000000002,3.469446951953614e-18
151939146.5565113,0.39526312839883276,151939146.5565113,232460853.4434887,5.884840510402256e-11,-3.8221030508217494e-19,-0.017175674552959187,-0.017175674552959184,1.0000000000000002,3.469446951953614e-18
152014387.49109823,0.3954588644409423,152014387.49109823,232385612.50890177,5.881966160174015e-11,-3.8182873758745463e-19,-0.01715852776486331,-0.01715852776486331,1.0,0.0
152089628.42568514,0.39565460048305184,152089628.42568514,232310371.57431486,5.879094678776711e-11,-3.8144773304420535e-19,-0.017141406274544933,-0.01714140627454493,1.0000000000000002,3.469446951953614e-18
152164869.36027205,0.39585033652516144,152164869.36027205,232235130.63972795,5.876226061978857e-11,-3.8106729033509484e-19,-0.017124310031793648,-0.017124310031793644,1.0000000000000002,3.469446951953614e-18
152240110.29485896,0.396046072567271,152240110.29485896,232159889.70514104,5.873360305557348e-11,-3.8068740834554444e-19,-0.017107238986522784,-0.01710723898652278,1.0000000000000002,3.469446951953614e-18
152315351.2294459,0.39624180860938063,152315351.2294459,232084648.7705541,5.870497405297464e-11,-3.8030808596372057e-19,-0.017090193088769034,-0.01709019308876903,1.0000000000000002,3.469446951953614e-18
152390592.16403282,0.39643754465149017,152390592.16403282,232009407.83596718,5.86763735699284e-11,-3.7992932208052776e-19,-0.017073172288692134,-0.01707317228869213,1.0000000000000002,3.469446951953614e-18
152465833.09861973,0.3966332806935997,152465833.09861973,231934166.90138027,5.864780156445444e-11,-3.7955111558959917e-19,-0.017056176536574437,-0.017056176536574433,1.0000000000000002,3.469446951953614e-18
152541074.03320664,0.39682901673570925,152541074.03320664,231858925.96679336,5.861925799465558e-11,-3.791734653872892e-19,-0.01703920578282058,-0.01703920578282058,1.0,0.0
152616314.96779355,0.39702475277781885,152616314.96779355,231783685.03220645,5.859074281871758e-11,-3.787963703726654e-19,-0.01702225997795713,-0.01702225997795713,1.0,0.0
152691555.90238047,0.3972204888199284,152691555.90238047,231708444.09761953,5.856225599490891e-11,-3.7841982944750034e-19,-0.01700533907263221,-0.017005339072632207,1.0000000000000002,3.469446951953614e-18
152766796.8369674,0.397416224862038,152766796.8369674,231633203.1630326,5.85337974815806e-11,-3.7804384151626346e-19,-0.016988443017615127,-0.01698844301761512,1.0000000000000004,6.938893903907228e-18
152842037.77155432,0.3976119609041476,152842037.77155432,231557962.22844568,5.850536723716603e-11,-3.7766840548611353e-19,-0.016971571763796045,-0.01697157176379604,1.0000000000000002,3.469446951953614e-18
152917278.70614123,0.3978076969462571,152917278.70614123,231482721.29385877,5.847696522018064e-11,-3.772935202668905e-19,-0.016954725262185614,-0.01695472526218561,1.0000000000000002,3.469446951953614e-18
152992519.64072815,0.39800343298836666,152992519.64072815,231407480.35927185,5.844859138922186e-11,-3.76919184771107e-19,-0.01693790346391459,-0.016937903463914588,1.0000000000000002,3.469446951953614e-18
153067760.57531506,0.3981991690304762,153067760.57531506,231332239.42468494,5.842024570296879e-11,-3.765453979139413e-19,-0.016921106320233522,-0.016921106320233522,1.0,0.0
153143001.50990197,0.3983949050725858,153143001.50990197,231256998.49009803,5.839192812018209e-11,-3.7617215861322913e-19,-0.01690433378251236,-0.01690433378251236,1.0,0.0
153218242.4444889,0.3985906411146954,153218242.4444889,231181757.5555111,5.836363859970371e-11,-3.7579946578945555e-19,-0.016887585802240136,-0.016887585802240132,1.0000000000000002,3.469446951953614e-18
153293483.37907583,0.398786377156805,153293483.37907583,231106516.62092417,5.833537710045676e-11,-3.7542731836574777e-19,-0.016870862331024587,-0.01687086233102459,0.9999999999999998,3.469446951953614e-18
153368724.31366274,0.3989821131989145,153368724.31366274,231031275.68633726,5.830714358144525e-11,-3.7505571526786674e-19,-0.016854163320591826,-0.016854163320591822,1.0000000000000002,3.469446951953614e-18
153443965.24824965,0.39917784924102406,153443965.24824965,230956034.75175035,5.827893800175393e-11,-3.7468465542419947e-19,-0.016837488722785964,-0.01683748872278596,1.0000000000000002,3.469446951953614e-18
153519206.18283656,0.3993735852831336,153519206.18283656,230880793.81716344,5.825076032054809e-11,-3.743141377657516e-19,-0.016820838489568793,-0.016820838489568793,1.0,0.0
153594447.11742347,0.39956932132524314,153594447.11742347,230805552.88257653,5.822261049707333e-11,-3.7394416122613975e-19,-0.01680421257301943,-0.016804212573019426,1.0000000000000002,3.469446951953614e-18
153669688.05201042,0.3997650573673528,153669688.05201042,230730311.94798958,5.819448849065539e-11,-3.735747247415831e-19,-0.01678761092533395,-0.016787610925333946,1.0000000000000002,3.469446951953614e-18
153744928.98659733,0.39996079340946233,153744928.98659733,230655071.01340267,5.816639426069998e-11,-3.7320582725089694e-19,-0.016771033498825087,-0.016771033498825087,1.0,0.0
153820169.92118424,0.40015652945157193,153820169.92118424,230579830.07881576,5.813832776669252e-11,-3.72837467695484e-19,-0.016754480245921858,-0.016754480245921858,1.0,0.0
153895410.85577115,0.40035226549368147,153895410.85577115,230504589.14422885,5.8110288968198026e-11,-3.7246964501932705e-19,-0.016737951119169214,-0.016737951119169214,1.0,0.0
153970651.79035807,0.400548001535791,153970651.79035807,230429348.20964193,5.808227782486083e-11,-3.721023581689818e-19,-0.01672144607122773,-0.016721446071227726,1.0000000000000002,3.469446951953614e-18
154045892.72494498,0.40074373757790055,154045892.72494498,230354107.27505502,5.8054294296404456e-11,-3.7173560609356896e-19,-0.01670496505487324,-0.01670496505487324,1.0,0.0
154121133.65953192,0.4009394736200102,154121133.65953192,230278866.34046808,5.8026338342631365e-11,-3.7136938774476647e-19,-0.016688508022996505,-0.016688508022996502,1.0000000000000002,3.469446951953614e-18
154196374.59411883,0.40113520966211974,154196374.59411883,230203625.40588117,5.799840992342287e-11,-3.7100370207680294e-19,-0.0166720749286029,-0.0166720749286029,1.0,0.0
154271615.52870575,0.4013309457042293,154271615.52870575,230128384.47129425,5.7970508998738806e-11,-3.7063854804644916e-19,-0.016655665724812047,-0.01665566572481205,0.9999999999999998,3.469446951953614e-18
154346856.46329266,0.4015266817463389,154346856.46329266,230053143.53670734,5.794263552861744e-11,-3.70273924613011e-19,-0.01663928036485748,-0.01663928036485748,1.0,0.0
154422097.39787957,0.4017224177884484,154422097.39787957,229977902.60212043,5.791478947317522e-11,-3.699098307383221e-19,-0.016622918802086332,-0.01662291880208633,1.0000000000000002,3.469446951953614e-18
154497338.33246648,0.40191815383055796,154497338.33246648,229902661.66753352,5.7886970792606636e-11,-3.6954626538673667e-19,-0.016606580989958996,-0.016606580989958993,1.0000000000000002,3.469446951953614e-18
154572579.26705343,0.4021138898726676,154572579.26705343,229827420.73294657,5.785917944718399e-11,-3.691832275251211e-19,-0.01659026688204877,-0.01659026688204877,1.0,0.0
154647820.20164034,0.40230962591477715,154647820.20164034,229752179.79835966,5.7831415397257255e-11,-3.6882071612284855e-19,-0.01657397643204159,-0.016573976432041587,1.0000000000000002,3.469446951953614e-18
154723061.13622725,0.4025053619568867,154723061.13622725,229676938.86377275,5.780367860325382e-11,-3.6845873015178947e-19,-0.01655770959373562,-0.016557709593735613,1.0000000000000004,6.938893903907228e-18
154798302.07081416,0.4027010979989963,154798302.07081416,229601697.92918584,5.777596902567835e-11,-3.680972685863055e-19,-0.01654146632104097,-0.01654146632104097,1.0,0.0
154873543.00540107,0.4028968340411058,154873543.00540107,229526456.99459893,5.7748286625112584e-11,-3.677363304032423e-19,-0.016525246567979372,-0.016525246567979372,1.0,0.0
154948783.939988,0.40309257008321536,154948783.939988,229451216.060012,5.772063136221516e-11,-3.673759145819216e-19,-0.016509050288683838,-0.016509050288683838,1.0,0.0
155024024.87457493,0.403288306125325,155024024.87457493,229375975.12542507,5.769300319772138e-11,-3.670160201041343e-19,-0.016492877437398332,-0.016492877437398336,0.9999999999999998,3.469446951953614e-18
155099265.80916184,0.40348404216743455,155099265.80916184,229300734.19083816,5.7665402092443154e-11,-3.666566459541339e-19,-0.016476727968477482,-0.016476727968477486,0.9999999999999998,3.469446951953614e-18
155174506.74374875,0.4036797782095441,155174506.74374875,229225493.25625125,5.763782800726863e-11,-3.6629779111862826e-19,-0.016460601836386212,-0.01646060183638621,1.0000000000000002,3.469446951953614e-18
155249747.67833567,0.40387551425165363,155249747.67833567,229150252.32166433,5.761028090316216e-11,-3.6593945458677278e-19,-0.016444498995699424,-0.016444498995699428,0.9999999999999998,3.469446951953614e-18
155324988.61292258,0.40407125029376323,155324988.61292258,229075011.38707742,5.7582760741164046e-11,-3.655816353501639e-19,-0.01642841940110173,-0.01642841940110173,1.0,0.0
155400229.5475095,0.40426698633587277,155400229.5475095,228999770.4524905,5.7555267482390357e-11,-3.652243324028313e-19,-0.016412363007387076,-0.016412363007387073,1.0000000000000002,3.469446951953614e-18
155475470.48209643,0.4044627223779824,155475470.48209643,228924529.51790357,5.7527801088032766e-11,-3.6486754474123073e-19,-0.016396329769458432,-0.016396329769458436,0.9999999999999998,3.469446951953614e-18
155550711.41668335,0.40465845842009196,155550711.41668335,228849288.58331665,5.75003615193584e-11,-3.645112713642381e-19,-0.016380319642327522,-0.016380319642327522,1.0,0.0
155625952.35127026,0.4048541944622015,155625952.35127026,228774047.64872974,5.747294873770958e-11,-3.6415551127314085e-19,-0.016364332581114444,-0.016364332581114444,1.0,0.0
155701193.28585717,0.40504993050431104,155701193.28585717,228698806.71414283,5.744556270450369e-11,-3.638002634716319e-19,-0.016348368541047393,-0.016348368541047393,1.0,0.0
155776434.22044408,0.40524566654642064,155776434.22044408,228623565.77955592,5.741820338123299e-11,-3.634455269658028e-19,-0.016332427477462347,-0.016332427477462347,1.0,0.0
155851675.155031,0.4054414025885302,155851675.155031,228548324.844969,5.739087072946443e-11,-3.6309130076413603e-19,-0.016316509345802734,-0.01631650934580273,1.0000000000000002,3.469446951953614e-18
155926916.08961794,0.40563713863063977,155926916.08961794,228473083.91038206,5.7363564710839455e-11,-3.6273758387749855e-19,-0.016300614101619128,-0.016300614101619124,1.0000000000000002,3.469446951953614e-18
156002157.02420485,0.40583287467274937,156002157.02420485,228397842.97579515,5.7336285287073904e-11,-3.623843753191353e-19,-0.016284741700568973,-0.01628474170056897,1.0000000000000002,3.469446951953614e-18
156077397.95879176,0.4060286107148589,156077397.95879176,228322602.04120824,5.73090324199577e-11,-3.6203167410466137e-19,-0.016268892098416213,-0.01626889209841621,1.0000000000000002,3.469446951953614e-18
156152638.89337867,0.40622434675696845,156152638.89337867,228247361.10662133,5.728180607135479e-11,-3.6167947925205557e-19,-0.016253065251031016,-0.016253065251031016,1.0,0.0
156227879.8279656,0.406420082799078,156227879.8279656,228172120.1720344,5.7254606203202894e-11,-3.613277897816539e-19,-0.01623726111438948,-0.01623726111438948,1.0,0.0
156303120.7625525,0.4066158188411876,156303120.7625525,228096879.2374475,5.722743277751337e-11,-3.6097660471614227e-19,-0.0162214796445733,-0.016221479644573298,1.0000000000000002,3.469446951953614e-18
156378361.69713944,0.4068115548832972,156378361.69713944,228021638.30286056,5.7200285756371e-11,-3.6062592308054973e-19,-0.016205720797769465,-0.016205720797769465,1.0,0.0
156453602.63172635,0.4070072909254068,156453602.63172635,227946397.36827365,5.717316510193388e-11,-3.602757439022423e-19,-0.016189984530269985,-0.01618998453026998,1.0000000000000002,3.469446951953614e-18
156528843.56631327,0.4072030269675163,156528843.56631327,227871156.43368673,5.714607077643316e-11,-3.5992606621091547e-19,-0.01617427079847155,-0.016174270798471543,1.0000000000000004,6.938893903907228e-18
156604084.50090018,0.40739876300962585,156604084.50090018,227795915.49909982,5.711900274217291e-11,-3.595768890385875e-19,-0.016158579558875227,-0.01615857955887523,0.9999999999999998,3.469446951953614e-18
156679325.4354871,0.4075944990517354,156679325.4354871,227720674.5645129,5.709196096152997e-11,-3.592282114195936e-19,-0.01614291076808621,-0.016142910768086206,1.0000000000000002,3.469446951953614e-18
156754566.370074,0.407790235093845,156754566.370074,227645433.629926,5.706494539695373e-11,-3.5888003239057803e-19,-0.016127264382813443,-0.016127264382813443,1.0,0.0
156829807.30466095,0.4079859711359546,156829807.30466095,227570192.69533905,5.703795601096597e-11,-3.585323509904883e-19,-0.016111640359869384,-0.016111640359869388,0.9999999999999998,3.469446951953614e-18
156905048.23924786,0.4081817071780641,156905048.23924786,227494951.76075214,5.701099276616074e-11,-3.5818516626056845e-19,-0.016096038656169695,-0.016096038656169695,1.0,0.0
156980289.17383477,0.4083774432201737,156980289.17383477,227419710.82616523,5.698405562520409e-11,-3.578384772443518e-19,-0.016080459228732902,-0.016080459228732902,1.0,0.0
157055530.10842168,0.40857317926228326,157055530.10842168,227344469.89157832,5.6957144550833977e-11,-3.5749228298765526e-19,-0.016064902034680154,-0.01606490203468015,1.0000000000000002,3.469446951953614e-18
157130771.0430086,0.4087689153043928,157130771.0430086,227269228.9569914,5.6930259505860047e-11,-3.571465825385719e-19,-0.016049367031234888,-0.016049367031234888,1.0,0.0
157206011.9775955,0.40896465134650234,157206011.9775955,227193988.0224045,5.69034004531635e-11,-3.56801374947465e-19,-0.016033854175722558,-0.016033854175722558,1.0,0.0
157281252.91218245,0.409160387388612,157281252.91218245,227118747.08781755,5.687656735569688e-11,-3.5645665926696123e-19,-0.016018363425570333,-0.01601836342557033,1.0000000000000002,3.469446951953614e-18
157356493.84676936,0.40935612343072153,157356493.84676936,227043506.15323064,5.684976017648397e-11,-3.5611243455194453e-19,-0.016002894738306808,-0.016002894738306805,1.0000000000000002,3.469446951953614e-18
157431734.78135628,0.4095518594728311,157431734.78135628,226968265.21864372,5.682297887861954e-11,-3.5576869985954886e-19,-0.015987448071561702,-0.015987448071561702,1.0,0.0
157506975.7159432,0.40974759551494067,157506975.7159432,226893024.2840568,5.6796223425269235e-11,-3.5542545424915257e-19,-0.015972023383065585,-0.015972023383065585,1.0,0.0
157582216.6505301,0.4099433315570502,157582216.6505301,226817783.3494699,5.676949377966939e-11,-3.5508269678237144e-19,-0.015956620630649572,-0.015956620630649572,1.0,0.0
157657457.585117,0.41013906759915975,157657457.585117,226742542.414883,5.674278990512683e-11,-3.547404265230523e-19,-0.015941239772245038,-0.015941239772245038,1.0,0.0
157732698.51970395,0.4103348036412694,157732698.51970395,226667301.48029605,5.6716111765018774e-11,-3.5439864253726675e-19,-0.015925880765883336,-0.015925880765883336,1.0,0.0
157807939.45429087,0.41053053968337894,157807939.45429087,226592060.54570913,5.668945932279263e-11,-3.540573438933053e-19,-0.015910543569695526,-0.015910543569695523,1.0000000000000002,3.469446951953614e-18
157883180.38887778,0.4107262757254885,157883180.38887778,226516819.61112222,5.666283254196578e-11,-3.537165296616698e-19,-0.015895228141912045,-0.015895228141912042,1.0000000000000002,3.469446951953614e-18
157958421.3234647,0.41092201176759807,157958421.3234647,226441578.6765353,5.6636231386125506e-11,-3.5337619891506806e-19,-0.01587993444086246,-0.01587993444086246,1.0,0.0
158033662.2580516,0.4111177478097076,158033662.2580516,226366337.7419484,5.660965581892875e-11,-3.530363507284074e-19,-0.01586466242497518,-0.015864662424975178,1.0000000000000002,3.469446951953614e-18
158108903.19263852,0.41131348385181715,158108903.19263852,226291096.80736148,5.6583105804101985e-11,-3.526969841787879e-19,-0.015849412052777154,-0.015849412052777154,1.0,0.0
158184144.12722546,0.4115092198939268,158184144.12722546,226215855.87277454,5.655658130544103e-11,-3.5235809834549663e-19,-0.0158341832828936,-0.015834183282893596,1.0000000000000002,3.469446951953614e-18
158259385.06181237,0.41170495593603634,158259385.06181237,226140614.93818763,5.653008228681093e-11,-3.5201969231000147e-19,-0.015818976074047746,-0.015818976074047746,1.0,0.0
158334625.99639928,0.4119006919781459,158334625.99639928,226065374.00360072,5.6503608712145736e-11,-3.5168176515594423e-19,-0.01580379038506051,-0.01580379038506051,1.0,0.0
158409866.9309862,0.4120964280202555,158409866.9309862,225990133.0690138,5.6477160545448354e-11,-3.513443159691351e-19,-0.015788626174850245,-0.015788626174850245,1.0,0.0
158485107.8655731,0.412292164062365,158485107.8655731,225914892.1344269,5.645073775079041e-11,-3.510073438375459e-19,-0.01577348340243246,-0.015773483402432457,1.0000000000000002,3.469446951953614e-18
158560348.80016002,0.41248790010447456,158560348.80016002,225839651.19983998,5.6424340292312066e-11,-3.5067084785130453e-19,-0.015758362026919527,-0.015758362026919527,1.0,0.0
158635589.73474696,0.4126836361465842,158635589.73474696,225764410.26525304,5.639796813422186e-11,-3.5033482710268826e-19,-0.015743262007520433,-0.01574326200752043,1.0000000000000002,3.469446951953614e-18
158710830.66933388,0.41287937218869375,158710830.66933388,225689169.33066612,5.637162124079656e-11,-3.499992806861181e-19,-0.015728183303540484,-0.01572818330354048,1.0000000000000002,3.469446951953614e-18
158786071.6039208,0.4130751082308033,158786071.6039208,225613928.3960792,5.634529957638098e-11,-3.4966420769815227e-19,-0.015713125874381027,-0.015713125874381027,1.0,0.0
158861312.5385077,0.41327084427291283,158861312.5385077,225538687.4614923,5.631900310538783e-11,-3.4932960723748027e-19,-0.015698089679539194,-0.01569808967953919,1.0000000000000002,3.469446951953614e-18
158936553.4730946,0.4134665803150224,158936553.4730946,225463446.5269054,5.6292731792297547e-11,-3.489954784049167e-19,-0.015683074678607602,-0.015683074678607602,1.0,0.0
159011794.40768152,0.41366231635713197,159011794.40768152,225388205.59231848,5.6266485601658165e-11,-3.486618203033957e-19,-0.015668080831274127,-0.015668080831274127,1.0,0.0
159087035.34226847,0.4138580523992416,159087035.34226847,225312964.65773153,5.62402644980851e-11,-3.48328632037964e-19,-0.015653108097321577,-0.015653108097321573,1.0000000000000002,3.469446951953614e-18
159162276.27685538,0.41405378844135116,159162276.27685538,225237723.72314462,5.621406844626107e-11,-3.479959127157762e-19,-0.01563815643662747,-0.015638156436627467,1.0000000000000002,3.469446951953614e-18
159237517.2114423,0.4142495244834607,159237517.2114423,225162482.7885577,5.618789741093588e-11,-3.4766366144608736e-19,-0.015623225809163734,-0.015623225809163732,1.0000000000000002,1.734723475976807e-18
159312758.1460292,0.41444526052557024,159312758.1460292,225087241.8539708,5.616175135692624e-11,-3.473318773402482e-19,-0.015608316174996459,-0.015608316174996455,1.0000000000000002,3.469446951953614e-18
159387999.08061612,0.4146409965676798,159387999.08061612,225012000.91938388,5.613563024911568e-11,-3.470005595116981e-19,-0.015593427494285597,-0.015593427494285599,0.9999999999999999,1.734723475976807e-18
159463240.01520303,0.41483673260978937,159463240.01520303,224936759.98479697,5.610953405245436e-11,-3.4666970707596058e-19,-0.015578559727284757,-0.015578559727284755,1.0000000000000002,1.734723475976807e-18
159538480.94978997,0.41503246865189897,159538480.94978997,224861519.05021003,5.608346273195888e-11,-3.4633931915063564e-19,-0.015563712834340862,-0.015563712834340859,1.0000000000000002,3.469446951953614e-18
159613721.88437688,0.41522820469400856,159613721.88437688,224786278.11562312,5.6057416252712194e-11,-3.4600939485539554e-19,-0.015548886775893956,-0.015548886775893955,1.0000000000000002,1.734723475976807e-18
159688962.8189638,0.4154239407361181,159688962.8189638,224711037.1810362,5.6031394579863377e-11,-3.4567993331197774e-19,-0.015534081512476887,-0.015534081512476887,1.0,0.0
159764203.7535507,0.41561967677822764,159764203.7535507,224635796.2464493,5.600539767862754e-11,-3.453509336441797e-19,-0.015519297004715079,-0.015519297004715075,1.0000000000000002,3.469446951953614e-18
159839444.68813762,0.4158154128203372,159839444.68813762,224560555.31186238,5.5979425514285614e-11,-3.4502239497785254e-19,-0.015504533213326238,-0.015504533213326236,1.0000000000000002,1.734723475976807e-18
159914685.62272453,0.4160111488624468,159914685.62272453,224485314.37727547,5.5953478052184255e-11,-3.4469431644089584e-19,-0.015489790099120125,-0.015489790099120123,1.0000000000000002,1.734723475976807e-18
159989926.55731148,0.4162068849045564,159989926.55731148,224410073.44268852,5.592755525773562e-11,-3.4436669716325124e-19,-0.01547506762299827,-0.015475067622998268,1.0000000000000002,1.734723475976807e-18
160065167.4918984,0.4164026209466659,160065167.4918984,224334832.5081016,5.5901657096417305e-11,-3.4403953627689726e-19,-0.015460365745953731,-0.015460365745953733,0.9999999999999999,1.734723475976807e-18
160140408.4264853,0.4165983569887755,160140408.4264853,224259591.5735147,5.58757835337721e-11,-3.4371283291584306e-19,-0.015445684429070822,-0.01544568442907082,1.0000000000000002,1.734723475976807e-18
160215649.3610722,0.41679409303088505,160215649.3610722,224184350.6389278,5.5849934535407897e-11,-3.433865862161229e-19,-0.01543102363352486,-0.015431023633524854,1.0000000000000004,5.204170427930421e-18
160290890.29565912,0.4169898290729946,160290890.29565912,224109109.70434088,5.5824110066997495e-11,-3.4306079531579016e-19,-0.01541638332058189,-0.015416383320581888,1.0000000000000002,1.734723475976807e-18
160366131.23024604,0.41718556511510413,160366131.23024604,224033868.76975396,5.579831009427849e-11,-3.4273545935491235e-19,-0.015401763451598476,-0.015401763451598473,1.0000000000000002,3.469446951953614e-18
160441372.16483298,0.4173813011572138,160441372.16483298,223958627.83516702,5.57725345830531e-11,-3.424105774755645e-19,-0.015387163988021394,-0.015387163988021393,1.0000000000000002,1.734723475976807e-18
160516613.0994199,0.4175770371993233,160516613.0994199,223883386.9005801,5.5746783499188034e-11,-3.4208614882182423e-19,-0.015372584891387412,-0.015372584891387413,0.9999999999999999,1.734723475976807e-18
160591854.0340068,0.4177727732414329,160591854.0340068,223808145.9659932,5.5721056808614296e-11,-3.41762172539766e-19,-0.015358026123323024,-0.015358026123323022,1.0000000000000002,1.734723475976807e-18
160667094.96859372,0.41796850928354246,160667094.96859372,223732905.03140628,5.5695354477327085e-11,-3.4143864777745484e-19,-0.015343487645544187,-0.015343487645544183,1.0000000000000002,3.469446951953614e-18
160742335.90318063,0.418164245325652,160742335.90318063,223657664.09681937,5.566967647138562e-11,-3.411155736849415e-19,-0.015328969419856084,-0.015328969419856082,1.0000000000000002,1.734723475976807e-18
160817576.83776757,0.41835998136776165,160817576.83776757,223582423.16223243,5.564402275691299e-11,-3.407929494142564e-19,-0.015314471408152864,-0.01531447140815286,1.0000000000000002,3.469446951953614e-18
160892817.77235448,0.4185557174098712,160892817.77235448,223507182.22764552,5.561839330009604e-11,-3.4047077411940467e-19,-0.01529999357241741,-0.015299993572417408,1.0000000000000002,1.734723475976807e-18
160968058.7069414,0.4187514534519807,160968058.7069414,223431941.2930586,5.5592788067185166e-11,-3.401490469563598e-19,-0.015285535874721066,-0.015285535874721064,1.0000000000000002,1.734723475976807e-18
161043299.6415283,0.41894718949409027,161043299.6415283,223356700.3584717,5.556720702449419e-11,-3.398277670830585e-19,-0.015271098277223394,-0.015271098277223392,1.0000000000000002,1.734723475976807e-18
161118540.57611522,0.41914292553619986,161118540.57611522,223281459.42388478,5.5541650138400247e-11,-3.395069336593953e-19,-0.015256680742171935,-0.015256680742171933,1.0000000000000002,1.734723475976807e-18
161193781.51070213,0.4193386615783094,161193781.51070213,223206218.48929787,5.5516117375343575e-11,-3.3918654584721664e-19,-0.015242283231901948,-0.015242283231901948,1.0,0.0
161269022.44528908,0.41953439762041905,161269022.44528908,223130977.55471092,5.549060870182743e-11,-3.38866602810316e-19,-0.015227905708836188,-0.015227905708836188,1.0,0.0
161344263.379876,0.4197301336625286,161344263.379876,223055736.620124,5.546512408441791e-11,-3.3854710371442815e-19,-0.01521354813548464,-0.015213548135484638,1.0000000000000002,1.734723475976807e-18
161419504.3144629,0.41992586970463813,161419504.3144629,222980495.6855371,5.5439663489743795e-11,-3.3822804772722315e-19,-0.015199210474444266,-0.015199210474444266,1.0,0.0
161494745.2490498,0.4201216057467477,161494745.2490498,222905254.7509502,5.541422688449643e-11,-3.37909434018302e-19,-0.015184892688398793,-0.015184892688398793,1.0,0.0
161569986.18363672,0.42031734178885727,161569986.18363672,222830013.81636328,5.538881423542956e-11,-3.3759126175919026e-19,-0.015170594740118441,-0.01517059474011844,1.0000000000000002,1.734723475976807e-18
161645227.11822364,0.4205130778309668,161645227.11822364,222754772.88177636,5.5363425509359187e-11,-3.372735301233333e-19,-0.015156316592459692,-0.015156316592459692,1.0,0.0
161720468.05281058,0.4207088138730764,161720468.05281058,222679531.94718942,5.5338060673163445e-11,-3.369562382860904e-19,-0.015142058208365044,-0.015142058208365044,1.0,0.0
161795708.9873975,0.420904549915186,161795708.9873975,222604291.0126025,5.5312719693782455e-11,-3.366393854247302e-19,-0.015127819550862792,-0.01512781955086279,1.0000000000000002,1.734723475976807e-18
161870949.9219844,0.42110028595729554,161870949.9219844,222529050.0780156,5.528740253821814e-11,-3.363229707184244e-19,-0.015113600583066749,-0.015113600583066747,1.0000000000000002,1.734723475976807e-18
161946190.85657132,0.4212960219994051,161946190.85657132,222453809.14342868,5.526210917353413e-11,-3.360069933482429e-19,-0.015099401268176035,-0.015099401268176034,1.0000000000000002,1.734723475976807e-18
162021431.79115823,0.4214917580415146,162021431.79115823,222378568.20884177,5.5236839566855596e-11,-3.3569145249714865e-19,-0.015085221569474838,-0.015085221569474838,1.0,0.0
162096672.72574514,0.4216874940836242,162096672.72574514,222303327.27425486,5.5211593685369096e-11,-3.3537634734999217e-19,-0.015071061450332162,-0.015071061450332162,1.0,0.0
162171913.66033208,0.4218832301257338,162171913.66033208,222228086.33966792,5.518637149632247e-11,-3.3506167709350604e-19,-0.015056920874201594,-0.015056920874201594,1.0,0.0
162247154.594919,0.4220789661678434,162247154.594919,222152845.405081,5.5161172967024696e-11,-3.3474744091630037e-19,-0.015042799804621091,-0.015042799804621091,1.0,0.0
162322395.5295059,0.42227470220995295,162322395.5295059,222077604.4704941,5.513599806484569e-11,-3.344336380088568e-19,-0.015028698205212713,-0.015028698205212713,1.0,0.0
162397636.46409282,0.4224704382520625,162397636.46409282,222002363.53590718,5.5110846757216237e-11,-3.3412026756352347e-19,-0.015014616039682393,-0.015014616039682393,1.0,0.0
162472877.39867973,0.422666174294172,162472877.39867973,221927122.60132027,5.50857190116278e-11,-3.338073287745102e-19,-0.015000553271819728,-0.015000553271819728,1.0,0.0
162548118.33326665,0.4228619103362816,162548118.33326665,221851881.66673335,5.5060614795632416e-11,-3.334948208378829e-19,-0.01498650986549772,-0.014986509865497719,1.0000000000000002,1.734723475976807e-18
162623359.2678536,0.4230576463783912,162623359.2678536,221776640.7321464,5.5035534076842525e-11,-3.331827429515584e-19,-0.014972485784672552,-0.014972485784672552,1.0,0.0
162698600.2024405,0.42325338242050076,162698600.2024405,221701399.7975595,5.501047682293087e-11,-3.328710943152998e-19,-0.014958480993383367,-0.014958480993383367,1.0,0.0
162773841.1370274,0.42344911846261035,162773841.1370274,221626158.8629726,5.4985443001630317e-11,-3.325598741307107e-19,-0.014944495455752022,-0.014944495455752022,1.0,0.0
162849082.07161433,0.4236448545047199,162849082.07161433,221550917.92838567,5.496043258073375e-11,-3.3224908160123036e-19,-0.014930529135982865,-0.01493052913598286,1.0000000000000004,5.204170427930421e-18
162924323.00620124,0.42384059054682943,162924323.00620124,221475676.99379876,5.4935445528093895e-11,-3.3193871593212853e-19,-0.014916581998362495,-0.014916581998362495,1.0,0.0
162999563.94078815,0.42403632658893897,162999563.94078815,221400436.05921185,5.491048181162322e-11,-3.3162877633050074e-19,-0.014902654007259566,-0.014902654007259564,1.0000000000000002,1.734723475976807e-18
163074804.8753751,0.4242320626310486,163074804.8753751,221325195.1246249,5.488554139929378e-11,-3.3131926200526236e-19,-0.014888745127124504,-0.0148887451271245,1.0000000000000002,3.469446951953614e-18
163150045.809962,0.42442779867315816,163150045.809962,221249954.190038,5.48606242591371e-11,-3.310101721671447e-19,-0.014874855322489344,-0.014874855322489344,1.0,0.0
163225286.74454892,0.42462353471526776,163225286.74454892,221174713.25545108,5.4835730359243996e-11,-3.30701506028689e-19,-0.014860984557967458,-0.014860984557967458,1.0,0.0
163300527.67913583,0.4248192707573773,163300527.67913583,221099472.32086417,5.4810859667764485e-11,-3.30393262804242e-19,-0.014847132798253344,-0.014847132798253343,1.0000000000000002,1.734723475976807e-18
163375768.61372274,0.42501500679948684,163375768.61372274,221024231.38627726,5.4786012152907617e-11,-3.3008544170995037e-19,-0.014833300008122392,-0.014833300008122392,1.0,0.0
163451009.54830965,0.4252107428415964,163451009.54830965,220948990.45169035,5.4761187782941365e-11,-3.297780419637565e-19,-0.014819486152430686,-0.014819486152430684,1.0000000000000002,1.734723475976807e-18
163526250.4828966,0.42540647888370603,163526250.4828966,220873749.5171034,5.4736386526192456e-11,-3.294710627853926e-19,-0.01480569119611474,-0.014805691196114738,1.0000000000000002,1.734723475976807e-18
163601491.4174835,0.42560221492581557,163601491.4174835,220798508.5825165,5.471160835104628e-11,-3.2916450339637688e-19,-0.014791915104191325,-0.014791915104191325,1.0,0.0
163676732.35207042,0.4257979509679251,163676732.35207042,220723267.64792958,5.4686853225946724e-11,-3.2885836302000743e-19,-0.0147781578417572,-0.014778157841757199,1.0000000000000002,1.734723475976807e-18
163751973.28665733,0.4259936870100347,163751973.28665733,220648026.71334267,5.466212111939605e-11,-3.285526408813581e-19,-0.014764419373988922,-0.01476441937398892,1.0000000000000002,1.734723475976807e-18
163827214.22124425,0.42618942305214425,163827214.22124425,220572785.77875575,5.463741199995476e-11,-3.2824733620727315e-19,-0.014750699666142602,-0.014750699666142602,1.0,0.0
163902455.15583116,0.4263851590942538,163902455.15583116,220497544.84416884,5.461272583624146e-11,-3.279424482263627e-19,-0.01473699868355371,-0.014736998683553706,1.0000000000000002,3.469446951953614e-18
163977696.0904181,0.42658089513636344,163977696.0904181,220422303.9095819,5.458806259693272e-11,-3.276379761689975e-19,-0.014723316391636827,-0.014723316391636824,1.0000000000000002,3.469446951953614e-18
164052937.025005,0.426776631178473,164052937.025005,220347062.974995,5.4563422250762983e-11,-3.273339192673045e-19,-0.014709652755885464,-0.014709652755885464,1.0,0.0
164128177.95959193,0.4269723672205825,164128177.95959193,220271822.04040807,5.4538804766524364e-11,-3.2703027675516163e-19,-0.014696007741871811,-0.01469600774187181,1.0000000000000002,1.734723475976807e-18
164203418.89417884,0.4271681032626921,164203418.89417884,220196581.10582116,5.451421011306658e-11,-3.26727047868193e-19,-0.014682381315246528,-0.014682381315246528,1.0,0.0
164278659.82876575,0.42736383930480165,164278659.82876575,220121340.17123425,5.448963825929679e-11,-3.2642423184376437e-19,-0.014668773441738541,-0.014668773441738541,1.0,0.0
164353900.76335266,0.4275595753469112,164353900.76335266,220046099.23664734,5.446508917417947e-11,-3.26121827920978e-19,-0.014655184087154813,-0.014655184087154813,1.0,0.0
164429141.6979396,0.42775531138902084,164429141.6979396,219970858.3020604,5.444056282673625e-11,-3.25819835340668e-19,-0.014641613217380127,-0.014641613217380126,1.0000000000000002,1.734723475976807e-18
164504382.63252652,0.4279510474311304,164504382.63252652,219895617.36747348,5.441605918604589e-11,-3.255182533453958e-19,-0.014628060798376894,-0.014628060798376894,1.0,0.0
164579623.56711343,0.4281467834732399,164579623.56711343,219820376.43288657,5.4391578221243994e-11,-3.2521708117944514e-19,-0.014614526796184916,-0.014614526796184916,1.0,0.0
164654864.50170034,0.42834251951534946,164654864.50170034,219745135.49829966,5.436711990152301e-11,-3.2491631808881714e-19,-0.014601011176921176,-0.014601011176921176,1.0,0.0
164730105.43628725,0.42853825555745906,164730105.43628725,219669894.56371275,5.434268419613204e-11,-3.24615963321226e-19,-0.014587513906779634,-0.014587513906779632,1.0000000000000002,1.734723475976807e-18
164805346.37087417,0.4287339915995686,164805346.37087417,219594653.62912583,5.431827107437673e-11,-3.2431601612609407e-19,-0.014574034952031014,-0.014574034952031011,1.0000000000000002,3.469446951953614e-18
164880587.3054611,0.42892972764167825,164880587.3054611,219519412.6945389,5.429388050561911e-11,-3.24016475754547e-19,-0.01456057427902258,-0.01456057427902258,1.0,0.0
164955828.24004802,0.4291254636837878,164955828.24004802,219444171.75995198,5.426951245927754e-11,-3.237173414594098e-19,-0.014547131854177962,-0.01454713185417796,1.0000000000000002,1.734723475976807e-18
165031069.17463493,0.42932119972589733,165031069.17463493,219368930.82536507,5.4245166904826494e-11,-3.2341861249520097e-19,-0.014533707643996896,-0.014533707643996894,1.0000000000000002,1.734723475976807e-18
165106310.10922185,0.42951693576800687,165106310.10922185,219293689.89077815,5.4220843811796485e-11,-3.2312028811812893e-19,-0.014520301615055048,-0.014520301615055048,1.0,0.0
165181551.04380876,0.42971267181011646,165181551.04380876,219218448.95619124,5.4196543149773935e-11,-3.2282236758608683e-19,-0.014506913734003805,-0.014506913734003804,1.0000000000000002,1.734723475976807e-18
165256791.97839567,0.429908407852226,165256791.97839567,219143208.02160433,5.4172264888401025e-11,-3.225248501586479e-19,-0.014493543967570046,-0.014493543967570044,1.0000000000000002,1.734723475976807e-18
165332032.9129826,0.4301041438943356,165332032.9129826,219067967.0870174,5.4148008997375585e-11,-3.222277350970611e-19,-0.014480192282555954,-0.014480192282555954,1.0,0.0
165407273.84756953,0.4302998799364452,165407273.84756953,218992726.15243047,5.412377544645099e-11,-3.2193102166424686e-19,-0.014466858645838824,-0.014466858645838823,1.0000000000000002,1.734723475976807e-18
165482514.78215644,0.43049561597855474,165482514.78215644,218917485.21784356,5.409956420543598e-11,-3.216347091247914e-19,-0.014453543024370812,-0.01445354302437081,1.0000000000000002,1.734723475976807e-18
165557755.71674335,0.4306913520206643,165557755.71674335,218842244.28325665,5.407537524419459e-11,-3.2133879674494323e-19,-0.014440245385178768,-0.014440245385178768,1.0,0.0
165632996.65133026,0.4308870880627738,165632996.65133026,218767003.34866974,5.405120853264597e-11,-3.2104328379260826e-19,-0.014426965695364025,-0.014426965695364023,1.0000000000000002,1.734723475976807e-18
165708237.58591717,0.4310828241048834,165708237.58591717,218691762.41408283,5.4027064040764325e-11,-3.2074816953734505e-19,-0.014413703922102181,-0.01441370392210218,1.0000000000000002,1.734723475976807e-18
165783478.52050412,0.431278560146993,165783478.52050412,218616521.47949588,5.4002941738578724e-11,-3.204534532503603e-19,-0.0144004600326429,-0.014400460032642901,0.9999999999999999,1.734723475976807e-18
165858719.45509103,0.43147429618910255,165858719.45509103,218541280.54490897,5.397884159617306e-11,-3.2015913420450517e-19,-0.014387233994309741,-0.014387233994309741,1.0,0.0
165933960.38967794,0.43167003223121214,165933960.38967794,218466039.61032206,5.395476358368583e-11,-3.198652116742696e-19,-0.014374025774499909,-0.014374025774499904,1.0000000000000004,5.204170427930421e-18
166009201.32426485,0.4318657682733217,166009201.32426485,218390798.67573515,5.3930707671310054e-11,-3.1957168493577837e-19,-0.014360835340684072,-0.014360835340684072,1.0,0.0
166084442.25885177,0.4320615043154312,166084442.25885177,218315557.74114823,5.3906673829293196e-11,-3.1927855326678695e-19,-0.014347662660406182,-0.014347662660406178,1.0000000000000002,3.469446951953614e-18
166159683.19343868,0.43225724035754076,166159683.19343868,218240316.80656132,5.388266202793696e-11,-3.1898581594667643e-19,-0.01433450770128324,-0.014334507701283238,1.0000000000000002,1.734723475976807e-18
166234924.12802562,0.4324529763996504,166234924.12802562,218165075.87197438,5.385867223759724e-11,-3.1869347225644946e-19,-0.014321370431005112,-0.014321370431005112,1.0,0.0
166310165.06261253,0.43264871244175995,166310165.06261253,218089834.93738747,5.383470442868394e-11,-3.1840152147872606e-19,-0.014308250817334354,-0.014308250817334356,0.9999999999999999,1.734723475976807e-18
166385405.99719945,0.43284444848386955,166385405.99719945,218014594.00280055,5.381075857166091e-11,-3.1810996289773875e-19,-0.01429514882810598,-0.014295148828105977,1.0000000000000002,3.469446951953614e-18
166460646.93178636,0.4330401845259791,166460646.93178636,217939353.06821364,5.3786834637045766e-11,-3.178187957993281e-19,-0.014282064431227265,-0.014282064431227261,1.0000000000000002,3.469446951953614e-18
166535887.86637327,0.43323592056808863,166535887.86637327,217864112.13362673,5.376293259540982e-11,-3.1752801947093897e-19,-0.014268997594677573,-0.014268997594677571,1.0000000000000002,1.734723475976807e-18
166611128.80096018,0.43343165661019817,166611128.80096018,217788871.19903982,5.3739052417377917e-11,-3.1723763320161543e-19,-0.014255948286508143,-0.014255948286508143,1.0,0.0
166686369.73554713,0.4336273926523078,166686369.73554713,217713630.26445287,5.371519407362834e-11,-3.169476362819969e-19,-0.0142429164748419,-0.0142429164748419,1.0,0.0
166761610.67013404,0.43382312869441736,166761610.67013404,217638389.32986596,5.369135753489271e-11,-3.166580280043139e-19,-0.014229902127873267,-0.014229902127873267,1.0,0.0
166836851.60472095,0.4340188647365269,166836851.60472095,217563148.39527905,5.366754277195581e-11,-3.163688076623831e-19,-0.014216905213867948,-0.014216905213867948,1.0,0.0
166912092.53930786,0.4342146007786365,166912092.53930786,217487907.46069214,5.36437497556555e-11,-3.1607997455160353e-19,-0.014203925701162759,-0.014203925701162757,1.0000000000000002,1.734723475976807e-18
166987333.47389477,0.43441033682074603,166987333.47389477,217412666.52610523,5.3619978456882624e-11,-3.1579152796895217e-19,-0.014190963558165418,-0.014190963558165416,1.0000000000000002,1.734723475976807e-18
167062574.4084817,0.4346060728628556,167062574.4084817,217337425.5915183,5.3596228846580823e-11,-3.1550346721297965e-19,-0.01417801875335436,-0.014178018753354359,1.0000000000000002,1.734723475976807e-18
167137815.34306863,0.4348018089049652,167137815.34306863,217262184.65693137,5.3572500895746484e-11,-3.1521579158380593e-19,-0.014165091255278548,-0.014165091255278546,1.0000000000000002,1.734723475976807e-18
167213056.27765554,0.43499754494707477,167213056.27765554,217186943.72234446,5.3548794575428594e-11,-3.149285003831163e-19,-0.014152181032557281,-0.014152181032557278,1.0000000000000002,3.469446951953614e-18
167288297.21224245,0.4351932809891843,167288297.21224245,217111702.78775755,5.352510985672862e-11,-3.1464159291415667e-19,-0.014139288053879994,-0.014139288053879992,1.0000000000000002,1.734723475976807e-18
167363538.14682937,0.4353890170312939,167363538.14682937,217036461.85317063,5.350144671080037e-11,-3.1435506848172975e-19,-0.014126412288006079,-0.014126412288006077,1.0000000000000002,1.734723475976807e-18
167438779.08141628,0.43558475307340344,167438779.08141628,216961220.91858372,5.347780510884994e-11,-3.140689263921907e-19,-0.014113553703764688,-0.014113553703764686,1.0000000000000002,1.734723475976807e-18
167514020.0160032,0.435780489115513,167514020.0160032,216885979.9839968,5.345418502213554e-11,-3.1378316595344275e-19,-0.014100712270054546,-0.014100712270054548,0.9999999999999999,1.734723475976807e-18
167589260.95059013,0.43597622515762263,167589260.95059013,216810739.04940987,5.3430586421967377e-11,-3.134977864749334e-19,-0.01408788795584377,-0.01408788795584377,1.0,0.0
167664501.88517705,0.43617196119973217,167664501.88517705,216735498.11482295,5.34070092797076e-11,-3.1321278726764993e-19,-0.014075080730169677,-0.014075080730169677,1.0,0.0
167739742.81976396,0.4363676972418417,167739742.81976396,216660257.18023604,5.3383453566770117e-11,-3.129281676441154e-19,-0.014062290562138587,-0.014062290562138586,1.0000000000000002,1.734723475976807e-18
167814983.75435087,0.43656343328395125,167814983.75435087,216585016.24564913,5.33599192546205e-11,-3.1264392691838425e-19,-0.01404951742092565,-0.01404951742092565,1.0,0.0
167890224.68893778,0.43675916932606085,167890224.68893778,216509775.31106222,5.3336406314775885e-11,-3.1236006440603857e-19,-0.014036761275774653,-0.014036761275774651,1.0000000000000002,1.734723475976807e-18
167965465.6235247,0.4369549053681704,167965465.6235247,216434534.3764753,5.3312914718804847e-11,-3.1207657942418353e-19,-0.014024022095997835,-0.014024022095997832,1.0000000000000002,3.469446951953614e-18
168040706.55811164,0.43715064141028004,168040706.55811164,216359293.44188836,5.328944443832726e-11,-3.117934712914436e-19,-0.01401129985097571,-0.014011299850975708,1.0000000000000002,1.734723475976807e-18
168115947.49269855,0.4373463774523896,168115947.49269855,216284052.50730145,5.3265995445014267e-11,-3.1151073932795855e-19,-0.013998594510156878,-0.013998594510156878,1.0,0.0
168191188.42728546,0.4375421134944991,168191188.42728546,216208811.57271454,5.324256771058804e-11,-3.1122838285537876e-19,-0.013985906043057833,-0.013985906043057831,1.0000000000000002,1.734723475976807e-18
168266429.36187238,0.43773784953660866,168266429.36187238,216133570.63812762,5.321916120682179e-11,-3.109464011968619e-19,-0.01397323441926279,-0.013973234419262787,1.0000000000000002,3.469446951953614e-18
168341670.2964593,0.43793358557871825,168341670.2964593,216058329.7035407,5.319577590553955e-11,-3.1066479367706823e-19,-0.013960579608423502,-0.0139605796084235,1.0000000000000002,1.734723475976807e-18
168416911.2310462,0.4381293216208278,168416911.2310462,215983088.7689538,5.3172411778616145e-11,-3.1038355962215697e-19,-0.013947941580259068,-0.01394794158025907,0.9999999999999999,1.734723475976807e-18
168492152.16563314,0.4383250576629374,168492152.16563314,215907847.83436686,5.314906879797702e-11,-3.101026983597822e-19,-0.013935320304555774,-0.01393532030455577,1.0000000000000002,3.469446951953614e-18
168567393.10022005,0.438520793705047,168567393.10022005,215832606.89977995,5.312574693559818e-11,-3.098222092190887e-19,-0.013922715751166888,-0.013922715751166886,1.0000000000000002,1.734723475976807e-18
168642634.03480697,0.4387165297471565,168642634.03480697,215757365.96519303,5.3102446163506025e-11,-3.0954209153070796e-19,-0.013910127890012489,-0.013910127890012489,1.0,0.0
168717874.96939388,0.43891226578926607,168717874.96939388,215682125.03060612,5.307916645377728e-11,-3.0926234462675443e-19,-0.013897556691079298,-0.013897556691079298,1.0,0.0
168793115.9039808,0.4391080018313756,168793115.9039808,215606884.0960192,5.305590777853884e-11,-3.0898296784082104e-19,-0.013885002124420474,-0.013885002124420473,1.0000000000000002,1.734723475976807e-18
168868356.8385677,0.4393037378734852,168868356.8385677,215531643.1614323,5.303267010996772e-11,-3.087039605079757e-19,-0.01387246416015546,-0.013872464160155461,0.9999999999999999,1.734723475976807e-18
168943597.77315465,0.4394994739155948,168943597.77315465,215456402.22684535,5.300945342029088e-11,-3.0842532196475723e-19,-0.013859942768469795,-0.013859942768469795,1.0,0.0
169018838.70774156,0.4396952099577044,169018838.70774156,215381161.29225844,5.298625768178516e-11,-3.081470515491713e-19,-0.01384743791961494,-0.01384743791961494,1.0,0.0
169094079.64232847,0.43989094599981393,169094079.64232847,215305920.35767153,5.2963082866777166e-11,-3.078691486006865e-19,-0.013834949583908093,-0.013834949583908091,1.0000000000000002,1.734723475976807e-18
169169320.57691538,0.44008668204192347,169169320.57691538,215230679.42308462,5.293992894764312e-11,-3.075916124602305e-19,-0.01382247773173202,-0.013822477731732018,1.0000000000000002,1.734723475976807e-18
169244561.5115023,0.440282418084033,169244561.5115023,215155438.4884977,5.291679589680879e-11,-3.07314442470186e-19,-0.013810022333534873,-0.013810022333534872,1.0000000000000002,1.734723475976807e-18
169319802.4460892,0.4404781541261426,169319802.4460892,215080197.5539108,5.289368368674938e-11,-3.0703763797438713e-19,-0.01379758335983003,-0.013797583359830027,1.0000000000000002,3.469446951953614e-18
169395043.38067615,0.4406738901682522,169395043.38067615,215004956.61932385,5.287059228998939e-11,-3.067611983181151e-19,-0.013785160781195894,-0.013785160781195892,1.0000000000000002,1.734723475976807e-18
169470284.31526306,0.44086962621036174,169470284.31526306,214929715.68473694,5.284752167910256e-11,-3.064851228480949e-19,-0.013772754568275751,-0.01377275456827575,1.0000000000000002,1.734723475976807e-18
169545525.24984998,0.44106536225247134,169545525.24984998,214854474.75015002,5.2824471826711686e-11,-3.0620941091249096e-19,-0.013760364691777572,-0.013760364691777572,1.0,0.0
169620766.1844369,0.4412610982945809,169620766.1844369,214779233.8155631,5.280144270548859e-11,-3.059340618609035e-19,-0.013747991122473846,-0.013747991122473845,1.0000000000000002,1.734723475976807e-18
169696007.1190238,0.4414568343366904,169696007.1190238,214703992.8809762,5.2778434288153955e-11,-3.0565907504436456e-19,-0.01373563383120141,-0.013735633831201409,1.0000000000000002,1.734723475976807e-18
169771248.0536107,0.44165257037879996,169771248.0536107,214628751.9463893,5.2755446547477245e-11,-3.0538444981533435e-19,-0.013723292788861276,-0.013723292788861276,1.0,0.0
169846488.98819765,0.4418483064209096,169846488.98819765,214553511.01180235,5.273247945627659e-11,-3.051101855276974e-19,-0.013710967966418464,-0.01371096796641846,1.0000000000000002,3.469446951953614e-18
169921729.92278457,0.44204404246301915,169921729.92278457,214478270.07721543,5.27095329874187e-11,-3.048362815367587e-19,-0.013698659334901822,-0.01369865933490182,1.0000000000000002,1.734723475976807e-18
169996970.85737148,0.44223977850512874,169996970.85737148,214403029.14262852,5.268660711381872e-11,-3.0456273719923983e-19,-0.01368636686540386,-0.01368636686540386,1.0,0.0
170072211.7919584,0.4424355145472383,170072211.7919584,214327788.2080416,5.2663701808440144e-11,-3.042895518732754e-19,-0.013674090529080588,-0.013674090529080586,1.0000000000000002,1.734723475976807e-18
170147452.7265453,0.4426312505893478,170147452.7265453,214252547.2734547,5.2640817044294706e-11,-3.0401672491840897e-19,-0.013661830297151328,-0.013661830297151326,1.0000000000000002,1.734723475976807e-18
170222693.66113222,0.44282698663145736,170222693.66113222,214177306.33886778,5.2617952794442286e-11,-3.0374425569558964e-19,-0.013649586140898565,-0.013649586140898565,1.0,0.0
170297934.59571916,0.443022722673567,170297934.59571916,214102065.40428084,5.2595109031990776e-11,-3.03472143567168e-19,-0.013637358031667761,-0.013637358031667761,1.0,0.0
170373175.53030607,0.44321845871567656,170373175.53030607,214026824.46969393,5.257228573009602e-11,-3.0320038789689277e-19,-0.013625145940867214,-0.013625145940867216,0.9999999999999999,1.734723475976807e-18
170448416.46489298,0.4434141947577861,170448416.46489298,213951583.53510702,5.2549482861961664e-11,-3.029289880499067e-19,-0.01361294983996786,-0.013612949839967858,1.0000000000000002,1.734723475976807e-18
170523657.3994799,0.4436099307998957,170523657.3994799,213876342.6005201,5.252670040083907e-11,-3.0265794339274287e-19,-0.013600769700503113,-0.013600769700503109,1.0000000000000002,3.469446951953614e-18
170598898.3340668,0.44380566684200523,170598898.3340668,213801101.6659332,5.25039383200272e-11,-3.0238725329332127e-19,-0.013588605494068715,-0.013588605494068715,1.0,0.0
170674139.26865372,0.44400140288411477,170674139.26865372,213725860.73134628,5.2481196592872555e-11,-3.0211691712094503e-19,-0.013576457192322562,-0.013576457192322562,1.0,0.0
170749380.20324066,0.4441971389262244,170749380.20324066,213650619.79675934,5.2458475192768985e-11,-3.018469342462964e-19,-0.013564324766984527,-0.013564324766984525,1.0000000000000002,1.734723475976807e-18
170824621.13782758,0.44439287496833396,170824621.13782758,213575378.86217242,5.24357740931577e-11,-3.015773040414338e-19,-0.01355220818983632,-0.013552208189836318,1.0000000000000002,1.734723475976807e-18
170899862.0724145,0.4445886110104435,170899862.0724145,213500137.9275855,5.2413093267527075e-11,-3.013080258797874e-19,-0.0135401074327213,-0.013540107432721297,1.0000000000000002,3.469446951953614e-18
170975103.0070014,0.4447843470525531,170975103.0070014,213424896.9929986,5.239043268941257e-11,-3.0103909913615584e-19,-0.013528022467544315,-0.013528022467544313,1.0000000000000002,1.734723475976807e-18
171050343.9415883,0.44498008309466264,171050343.9415883,213349656.0584117,5.2367792332396636e-11,-3.007705231867026e-19,-0.013515953266271552,-0.01351595326627155,1.0000000000000002,1.734723475976807e-18
171125584.87617522,0.4451758191367722,171125584.87617522,213274415.12382478,5.234517217010863e-11,-3.0050229740895244e-19,-0.013503899800930369,-0.013503899800930369,1.0,0.0
171200825.81076217,0.44537155517888183,171200825.81076217,213199174.18923783,5.232257217622466e-11,-3.0023442118178744e-19,-0.013491862043609117,-0.013491862043609115,1.0000000000000002,1.734723475976807e-18
171276066.74534908,0.44556729122099137,171276066.74534908,213123933.25465092,5.2299992324467565e-11,-2.9996689388544398e-19,-0.01347983996645701,-0.01347983996645701,1.0,0.0
171351307.679936,0.4457630272631009,171351307.679936,213048692.320064,5.227743258860673e-11,-2.9969971490150873e-19,-0.013467833541683938,-0.013467833541683938,1.0,0.0
171426548.6145229,0.44595876330521045,171426548.6145229,212973451.3854771,5.225489294245802e-11,-2.9943288361291486e-19,-0.0134558427415603,-0.0134558427415603,1.0,0.0
171501789.54910982,0.44615449934732004,171501789.54910982,212898210.45089018,5.223237335988368e-11,-2.991663994039393e-19,-0.01344386753841688,-0.013443867538416879,1.0000000000000002,1.734723475976807e-18
171577030.48369673,0.4463502353894296,171577030.48369673,212822969.51630327,5.2209873814792256e-11,-2.989002616601983e-19,-0.013431907904644652,-0.01343190790464465,1.0000000000000002,1.734723475976807e-18
171652271.41828367,0.4465459714315392,171652271.41828367,212747728.58171633,5.218739428113843e-11,-2.9863446976864416e-19,-0.013419963812694627,-0.013419963812694627,1.0,0.0
171727512.35287058,0.4467417074736488,171727512.35287058,212672487.64712942,5.216493473292299e-11,-2.9836902311756233e-19,-0.01340803523507772,-0.013408035235077716,1.0000000000000002,3.469446951953614e-18
171802753.2874575,0.4469374435157583,171802753.2874575,212597246.7125425,5.21424951441927e-11,-2.981039210965668e-19,-0.013396122144364553,-0.013396122144364555,0.9999999999999999,1.734723475976807e-18
171877994.2220444,0.44713317955786785,171877994.2220444,212522005.7779556,5.212007548904018e-11,-2.9783916309659743e-19,-0.01338422451318533,-0.01338422451318533,1.0,0.0
171953235.15663132,0.4473289155999774,171953235.15663132,212446764.84336868,5.209767574160385e-11,-2.9757474850991615e-19,-0.013372342314229662,-0.01337234231422966,1.0000000000000002,1.734723475976807e-18
172028476.09121823,0.447524651642087,172028476.09121823,212371523.90878177,5.207529587606777e-11,-2.973106767301033e-19,-0.013360475520246409,-0.013360475520246409,1.0,0.0
172103717.02580518,0.4477203876841966,172103717.02580518,212296282.97419482,5.205293586666163e-11,-2.970469471520542e-19,-0.013348624104043524,-0.013348624104043524,1.0,0.0
172178957.9603921,0.4479161237263062,172178957.9603921,212221042.0396079,5.2030595687660564e-11,-2.9678355917197656e-19,-0.013336788038487934,-0.013336788038487932,1.0000000000000002,1.734723475976807e-18
172254198.894979,0.4481118597684157,172254198.894979,212145801.105021,5.2008275313385094e-11,-2.965205121873854e-19,-0.013324967296505313,-0.013324967296505312,1.0000000000000002,1.734723475976807e-18
172329439.8295659,0.44830759581052526,172329439.8295659,212070560.1704341,5.198597471820103e-11,-2.962578055971009e-19,-0.01331316185107999,-0.01331316185107999,1.0,0.0
172404680.76415282,0.4485033318526348,172404680.76415282,211995319.23584718,5.1963693876519364e-11,-2.959954388012445e-19,-0.013301371675254763,-0.013301371675254765,0.9999999999999999,1.734723475976807e-18
172479921.69873974,0.4486990678947444,172479921.69873974,211920078.30126026,5.194143276279616e-11,-2.9573341120123555e-19,-0.013289596742130762,-0.013289596742130759,1.0000000000000002,3.469446951953614e-18
172555162.63332668,0.448894803936854,172555162.63332668,211844837.36667332,5.191919135153248e-11,-2.954717221997874e-19,-0.013277837024867263,-0.013277837024867263,1.0,0.0
172630403.5679136,0.44909053997896353,172630403.5679136,211769596.4320864,5.189696961727431e-11,-2.9521037120090526e-19,-0.013266092496681594,-0.013266092496681592,1.0000000000000002,1.734723475976807e-18
172705644.5025005,0.4492862760210731,172705644.5025005,211694355.4974995,5.1874767534612384e-11,-2.9494935760988137e-19,-0.013254363130848924,-0.013254363130848922,1.0000000000000002,1.734723475976807e-18
172780885.43708742,0.44948201206318267,172780885.43708742,211619114.56291258,5.185258507818214e-11,-2.946886808332923e-19,-0.01324264890070213,-0.01324264890070213,1.0,0.0
172856126.37167433,0.4496777481052922,172856126.37167433,211543873.62832567,5.183042222266366e-11,-2.9442834027899577e-19,-0.01323094977963167,-0.013230949779631667,1.0000000000000002,3.469446951953614e-18
172931367.30626124,0.44987348414740175,172931367.30626124,211468632.69373876,5.180827894278147e-11,-2.9416833535612683e-19,-0.013219265741085394,-0.01321926574108539,1.0000000000000002,3.469446951953614e-18
173006608.24084818,0.4500692201895114,173006608.24084818,211393391.75915182,5.1786155213304554e-11,-2.939086654750945e-19,-0.013207596758568405,-0.013207596758568405,1.0,0.0
173081849.1754351,0.45026495623162094,173081849.1754351,211318150.8245649,5.176405100904619e-11,-2.9364933004757925e-19,-0.013195942805642942,-0.01319594280564294,1.0000000000000002,1.734723475976807e-18
173157090.110022,0.45046069227373053,173157090.110022,211242909.889978,5.174196630486388e-11,-2.933903284865285e-19,-0.013184303855928177,-0.013184303855928172,1.0000000000000004,5.204170427930421e-18
173232331.04460892,0.4506564283158401,173232331.04460892,211167668.95539108,5.1719901075659236e-11,-2.931316602061537e-19,-0.01317267988310009,-0.013172679883100087,1.0000000000000002,1.734723475976807e-18
173307571.97919583,0.4508521643579496,173307571.97919583,211092428.02080417,5.1697855296377905e-11,-2.9287332462192785e-19,-0.013161070860891338,-0.013161070860891338,1.0,0.0
173382812.91378275,0.45104790040005915,173382812.91378275,211017187.08621725,5.167582894200948e-11,-2.926153211505808e-19,-0.013149476763091077,-0.013149476763091077,1.0,0.0
173458053.8483697,0.4512436364421688,173458053.8483697,210941946.1516303,5.165382198758736e-11,-2.9235764921009685e-19,-0.013137897563544821,-0.013137897563544821,1.0,0.0
173533294.7829566,0.45143937248427835,173533294.7829566,210866705.2170434,5.163183440818874e-11,-2.9210030821971166e-19,-0.013126333236154324,-0.01312633323615432,1.0000000000000002,3.469446951953614e-18
173608535.7175435,0.4516351085263879,173608535.7175435,210791464.2824565,5.1609866178934415e-11,-2.91843297599908e-19,-0.013114783754877377,-0.013114783754877376,1.0000000000000002,1.734723475976807e-18
173683776.65213042,0.4518308445684975,173683776.65213042,210716223.34786958,5.158791727498876e-11,-2.915866167724133e-19,-0.013103249093727712,-0.013103249093727712,1.0,0.0
173759017.58671734,0.452026580610607,173759017.58671734,210640982.41328266,5.156598767155961e-11,-2.913302651601963e-19,-0.013091729226774833,-0.013091729226774833,1.0,0.0
173834258.52130425,0.45222231665271656,173834258.52130425,210565741.47869575,5.154407734389817e-11,-2.910742421874635e-19,-0.013080224128143874,-0.013080224128143874,1.0,0.0
173909499.4558912,0.4524180526948262,173909499.4558912,210490500.5441088,5.1522186267298906e-11,-2.9081854727965603e-19,-0.013068733772015445,-0.013068733772015444,1.0000000000000002,1.734723475976807e-18
173984740.3904781,0.45261378873693575,173984740.3904781,210415259.6095219,5.1500314417099514e-11,-2.9056317986344677e-19,-0.01305725813262551,-0.013057258132625506,1.0000000000000002,3.469446951953614e-18
174059981.32506502,0.4528095247790453,174059981.32506502,210340018.67493498,5.147846176868073e-11,-2.903081393667365e-19,-0.01304579718426521,-0.013045797184265209,1.0000000000000002,1.734723475976807e-18
174135222.25965193,0.4530052608211549,174135222.25965193,210264777.74034807,5.145662829746631e-11,-2.900534252186513e-19,-0.013034350901280755,-0.013034350901280753,1.0000000000000002,1.734723475976807e-18
174210463.19423884,0.4532009968632644,174210463.19423884,210189536.80576116,5.143481397892291e-11,-2.897990368495389e-19,-0.013022919258073246,-0.013022919258073244,1.0000000000000002,1.734723475976807e-18
174285704.12882575,0.45339673290537397,174285704.12882575,210114295.87117425,5.141301878856003e-11,-2.895449736909659e-19,-0.013011502229098559,-0.013011502229098559,1.0,0.0
174360945.0634127,0.4535924689474836,174360945.0634127,210039054.9365873,5.139124270192985e-11,-2.8929123517571403e-19,-0.01300009978886718,-0.01300009978886718,1.0,0.0
174436185.9979996,0.45378820498959316,174436185.9979996,209963814.0020004,5.136948569462722e-11,-2.890378207377779e-19,-0.01298871191194409,-0.012988711911944088,1.0000000000000002,1.734723475976807e-18
174511426.93258652,0.4539839410317027,174511426.93258652,209888573.06741348,5.134774774228951e-11,-2.8878472981236066e-19,-0.01297733857294859,-0.012977338572948588,1.0000000000000002,1.734723475976807e-18
174586667.86717343,0.45417967707381224,174586667.86717343,209813332.13282657,5.132602882059654e-11,-2.885319618358719e-19,-0.012965979746554186,-0.012965979746554186,1.0,0.0
174661908.80176035,0.45437541311592183,174661908.80176035,209738091.19823965,5.13043289052705e-11,-2.8827951624592386e-19,-0.012954635407488431,-0.01295463540748843,1.0000000000000002,1.734723475976807e-18
174737149.73634726,0.4545711491580314,174737149.73634726,209662850.26365274,5.128264797207584e-11,-2.880273924813286e-19,-0.012943305530532799,-0.012943305530532797,1.0000000000000002,1.734723475976807e-18
174812390.6709342,0.454766885200141,174812390.6709342,209587609.3290658,5.1260985996819206e-11,-2.8777558998209447e-19,-0.012931990090522523,-0.012931990090522521,1.0000000000000002,1.734723475976807e-18
174887631.6055211,0.45496262124225056,174887631.6055211,209512368.3944789,5.123934295534931e-11,-2.87524108189424e-19,-0.012920689062346493,-0.012920689062346493,1.0,0.0
174962872.54010803,0.4551583572843601,174962872.54010803,209437127.45989197,5.121771882355689e-11,-2.872729465457096e-19,-0.012909402420947074,-0.012909402420947074,1.0,0.0
175038113.47469494,0.45535409332646964,175038113.47469494,209361886.52530506,5.119611357737456e-11,-2.8702210449453113e-19,-0.012898130141319993,-0.012898130141319991,1.0000000000000002,1.734723475976807e-18
175113354.40928185,0.45554982936857924,175113354.40928185,209286645.59071815,5.117452719277679e-11,-2.867715814806526e-19,-0.012886872198514188,-0.012886872198514185,1.0000000000000002,3.469446951953614e-18
175188595.34386876,0.4557455654106888,175188595.34386876,209211404.65613124,5.1152959645779763e-11,-2.8652137695001913e-19,-0.012875628567631676,-0.012875628567631674,1.0000000000000002,1.734723475976807e-18
175263836.2784557,0.4559413014527984,175263836.2784557,209136163.7215443,5.113141091244129e-11,-2.862714903497541e-19,-0.01286439922382742,-0.012864399223827419,1.0000000000000002,1.734723475976807e-18
175339077.21304262,0.45613703749490797,175339077.21304262,209060922.78695738,5.110988096886079e-11,-2.8602192112815597e-19,-0.012853184142309189,-0.012853184142309187,1.0000000000000002,1.734723475976807e-18
175414318.14762953,0.4563327735370175,175414318.14762953,208985681.85237047,5.10883697911791e-11,-2.8577266873469494e-19,-0.012841983298337406,-0.012841983298337405,1.0000000000000002,1.734723475976807e-18
175489559.08221644,0.45652850957912705,175489559.08221644,208910440.91778356,5.1066877355578435e-11,-2.855237326200102e-19,-0.012830796667225029,-0.012830796667225029,1.0,0.0
175564800.01680335,0.4567242456212366,175564800.01680335,208835199.98319665,5.104540363828233e-11,-2.85275112235907e-19,-0.012819624224337415,-0.012819624224337413,1.0000000000000002,1.734723475976807e-18
175640040.95139027,0.4569199816633462,175640040.95139027,208759959.04860973,5.10239486155555e-11,-2.850268070353533e-19,-0.01280846594509217,-0.012808465945092168,1.0000000000000002,1.734723475976807e-18
175715281.8859772,0.4571157177054558,175715281.8859772,208684718.1140228,5.1002512263703784e-11,-2.84778816472477e-19,-0.012797321804959022,-0.01279732180495902,1.0000000000000002,1.734723475976807e-18
175790522.82056412,0.4573114537475654,175790522.82056412,208609477.17943588,5.098109455907405e-11,-2.845311400025631e-19,-0.012786191779459702,-0.0127861917794597,1.0000000000000002,1.734723475976807e-18
175865763.75515103,0.4575071897896749,175865763.75515103,208534236.24484897,5.095969547805412e-11,-2.8428377708205006e-19,-0.012775075844167776,-0.012775075844167776,1.0,0.0
175941004.68973795,0.45770292583178446,175941004.68973795,208458995.31026205,5.093831499707264e-11,-2.8403672716852764e-19,-0.012763973974708537,-0.01276397397470854,0.9999999999999999,1.734723475976807e-18
176016245.62432486,0.457898661873894,176016245.62432486,208383754.37567514,5.0916953092599046e-11,-2.837899897207334e-19,-0.012752886146758869,-0.012752886146758865,1.0000000000000002,3.469446951953614e-18
176091486.5589118,0.45809439791600365,176091486.5589118,208308513.4410882,5.089560974114345e-11,-2.8354356419854954e-19,-0.012741812336047086,-0.012741812336047082,1.0000000000000002,3.469446951953614e-18
176166727.4934987,0.4582901339581132,176166727.4934987,208233272.5065013,5.087428491925656e-11,-2.8329745006300085e-19,-0.01273075251835285,-0.012730752518352846,1.0000000000000002,3.469446951953614e-18
176241968.42808563,0.45848587000022273,176241968.42808563,208158031.57191437,5.0852978603529604e-11,-2.8305164677625076e-19,-0.01271970666950699,-0.01271970666950699,1.0,0.0
176317209.36267254,0.4586816060423323,176317209.36267254,208082790.63732746,5.083169077059422e-11,-2.8280615380159894e-19,-0.0127086747653914,-0.0127086747653914,1.0,0.0
176392450.29725945,0.45887734208444186,176392450.29725945,208007549.70274055,5.081042139712239e-11,-2.8256097060347827e-19,-0.012697656781938889,-0.012697656781938887,1.0000000000000002,1.734723475976807e-18
176467691.23184636,0.4590730781265514,176467691.23184636,207932308.76815364,5.078917045982635e-11,-2.823160966474517e-19,-0.012686652695133057,-0.012686652695133057,1.0,0.0
176542932.1664333,0.45926881416866105,176542932.1664333,207857067.8335667,5.0767937935458504e-11,-2.8207153140020983e-19,-0.012675662481008172,-0.012675662481008172,1.0,0.0
176618173.10102022,0.4594645502107706,176618173.10102022,207781826.89897978,5.074672380081135e-11,-2.8182727432956747e-19,-0.012664686115649026,-0.012664686115649026,1.0,0.0
176693414.03560713,0.45966028625288013,176693414.03560713,207706585.96439287,5.072552803271738e-11,-2.815833249044611e-19,-0.012653723575190816,-0.012653723575190816,1.0,0.0
176768654.97019404,0.45985602229498973,176768654.97019404,207631345.02980596,5.070435060804899e-11,-2.8133968259494583e-19,-0.012642774835819003,-0.012642774835819002,1.0000000000000002,1.734723475976807e-18
176843895.90478095,0.46005175833709927,176843895.90478095,207556104.09521905,5.0683191503718426e-11,-2.8109634687219243e-19,-0.01263183987376919,-0.012631839873769188,1.0000000000000002,1.734723475976807e-18
176919136.83936787,0.4602474943792088,176919136.83936787,207480863.16063213,5.0662050696677675e-11,-2.8085331720848464e-19,-0.012620918665326988,-0.012620918665326986,1.0000000000000002,1.734723475976807e-18
176994377.7739548,0.46044323042131846,176994377.7739548,207405622.2260452,5.0640928163918374e-11,-2.806105930772163e-19,-0.012610011186827896,-0.012610011186827894,1.0000000000000002,1.734723475976807e-18
177069618.70854172,0.460638966463428,177069618.70854172,207330381.29145828,5.061982388247176e-11,-2.803681739528885e-19,-0.012599117414657173,-0.01259911741465717,1.0000000000000002,3.469446951953614e-18
177144859.64312863,0.46083470250553754,177144859.64312863,207255140.35687137,5.059873782940858e-11,-2.8012605931110644e-19,-0.012588237325249692,-0.01258823732524969,1.0000000000000002,1.734723475976807e-18
177220100.57771555,0.4610304385476471,177220100.57771555,207179899.42228445,5.057766998183894e-11,-2.798842486285771e-19,-0.012577370895089835,-0.012577370895089833,1.0000000000000002,1.734723475976807e-18
177295341.51230246,0.4612261745897567,177295341.51230246,207104658.48769754,5.055662031691234e-11,-2.796427413831059e-19,-0.01256651810071135,-0.012566518100711348,1.0000000000000002,1.734723475976807e-18
177370582.44688937,0.4614219106318662,177370582.44688937,207029417.55311063,5.053558881181749e-11,-2.794015370535941e-19,-0.012555678918697228,-0.012555678918697227,1.0000000000000002,1.734723475976807e-18
177445823.3814763,0.46161764667397587,177445823.3814763,206954176.6185237,5.0514575443782276e-11,-2.791606351200363e-19,-0.012544853325679587,-0.012544853325679586,1.0000000000000002,1.734723475976807e-18
177521064.31606323,0.4618133827160854,177521064.31606323,206878935.68393677,5.04935801900737e-11,-2.789200350635171e-19,-0.012534041298339536,-0.012534041298339533,1.0000000000000002,3.469446951953614e-18
177596305.25065014,0.46200911875819495,177596305.25065014,206803694.74934986,5.0472603027997716e-11,-2.786797363662085e-19,-0.012523242813407045,-0.012523242813407045,1.0,0.0
177671546.18523705,0.4622048548003045,177671546.18523705,206728453.81476295,5.045164393489922e-11,-2.784397385113674e-19,-0.012512457847660837,-0.012512457847660837,1.0,0.0
177746787.11982396,0.462400590842414,177746787.11982396,206653212.88017604,5.043070288816196e-11,-2.7820004098333233e-19,-0.012501686377928242,-0.012501686377928239,1.0000000000000002,3.469446951953614e-18
177822028.05441087,0.4625963268845236,177822028.05441087,206577971.94558913,5.040977986520843e-11,-2.779606432675209e-19,-0.012490928381085079,-0.012490928381085079,1.0,0.0
177897268.98899782,0.4627920629266332,177897268.98899782,206502731.01100218,5.038887484349979e-11,-2.7772154485042727e-19,-0.012480183834055544,-0.012480183834055542,1.0000000000000002,1.734723475976807e-18
177972509.92358473,0.4629877989687428,177972509.92358473,206427490.07641527,5.0367987800535837e-11,-2.774827452196192e-19,-0.012469452713812083,-0.012469452713812081,1.0000000000000002,1.734723475976807e-18
178047750.85817164,0.46318353501085235,178047750.85817164,206352249.14182836,5.0347118713854836e-11,-2.772442438637349e-19,-0.012458734997375246,-0.012458734997375247,0.9999999999999999,1.734723475976807e-18
178122991.79275855,0.4633792710529619,178122991.79275855,206277008.20724145,5.032626756103351e-11,-2.7700604027248123e-19,-0.012448030661813598,-0.012448030661813598,1.0,0.0
178198232.72734547,0.46357500709507143,178198232.72734547,206201767.27265453,5.0305434319686934e-11,-2.7676813393663007e-19,-0.012437339684243572,-0.01243733968424357,1.0000000000000002,1.734723475976807e-18
178273473.66193238,0.46377074313718103,178273473.66193238,206126526.33806762,5.028461896746846e-11,-2.765305243480159e-19,-0.012426662041829345,-0.012426662041829344,1.0000000000000002,1.734723475976807e-18
178348714.59651932,0.4639664791792906,178348714.59651932,206051285.40348068,5.026382148206963e-11,-2.7629321099953315e-19,-0.012415997711782733,-0.012415997711782733,1.0,0.0
178423955.53110623,0.46416221522140017,178423955.53110623,205976044.46889377,5.024304184122011e-11,-2.7605619338513383e-19,-0.012405346671363072,-0.01240534667136307,1.0000000000000002,1.734723475976807e-18
178499196.46569315,0.46435795126350976,178499196.46569315,205900803.53430685,5.022228002268758e-11,-2.7581947099982416e-19,-0.012394708897877072,-0.01239470889787707,1.0000000000000002,1.734723475976807e-18
178574437.40028006,0.4645536873056193,178574437.40028006,205825562.59971994,5.020153600427771e-11,-2.755830433396621e-19,-0.012384084368678707,-0.012384084368678706,1.0000000000000002,1.734723475976807e-18
178649678.33486697,0.46474942334772884,178649678.33486697,205750321.66513303,5.018080976383403e-11,-2.75346909901755e-19,-0.01237347306116911,-0.01237347306116911,1.0,0.0
178724919.26945388,0.4649451593898384,178724919.26945388,205675080.73054612,5.0160101279237865e-11,-2.751110701842566e-19,-0.012362874952796435,-0.012362874952796433,1.0000000000000002,1.734723475976807e-18
178800160.20404083,0.46514089543194803,178800160.20404083,205599839.79595917,5.013941052840825e-11,-2.7487552368636426e-19,-0.012352290021055732,-0.012352290021055732,1.0,0.0
178875401.13862774,0.46533663147405757,178875401.13862774,205524598.86137226,5.0118737489301894e-11,-2.746402699083169e-19,-0.012341718243488859,-0.012341718243488857,1.0000000000000002,1.734723475976807e-18
178950642.07321465,0.46553236751616717,178950642.07321465,205449357.92678535,5.009808213991305e-11,-2.744053083513916e-19,-0.012331159597684325,-0.012331159597684323,1.0000000000000002,1.734723475976807e-18
179025883.00780156,0.4657281035582767,179025883.00780156,205374116.99219844,5.007744445827344e-11,-2.7417063851790135e-19,-0.012320614061277192,-0.01232061406127719,1.0000000000000002,1.734723475976807e-18
179101123.94238847,0.46592383960038625,179101123.94238847,205298876.05761153,5.0056824422452236e-11,-2.7393625991119233e-19,-0.012310081611948949,-0.012310081611948949,1.0,0.0
179176364.8769754,0.4661195756424958,179176364.8769754,205223635.1230246,5.0036222010555897e-11,-2.7370217203564154e-19,-0.01229956222742741,-0.012299562227427408,1.0000000000000002,1.734723475976807e-18
179251605.81156233,0.46631531168460544,179251605.81156233,205148394.18843767,5.0015637200728146e-11,-2.7346837439665344e-19,-0.012289055885486561,-0.012289055885486561,1.0,0.0
179326846.74614924,0.466511047726715,179326846.74614924,205073153.25385076,4.999506997114991e-11,-2.732348665006585e-19,-0.012278562563946492,-0.012278562563946492,1.0,0.0
179402087.68073615,0.4667067837688245,179402087.68073615,204997912.31926385,4.997452030003918e-11,-2.7300164785510953e-19,-0.012268082240673236,-0.012268082240673234,1.0000000000000002,1.734723475976807e-18
179477328.61532307,0.4669025198109341,179477328.61532307,204922671.38467693,4.995398816565097e-11,-2.7276871796847936e-19,-0.012257614893578662,-0.012257614893578664,0.9999999999999999,1.734723475976807e-18
179552569.54990998,0.46709825585304365,179552569.54990998,204847430.45009002,4.9933473546277266e-11,-2.725360763502587e-19,-0.012247160500620387,-0.012247160500620384,1.0000000000000002,3.469446951953614e-18
179627810.4844969,0.4672939918951532,179627810.4844969,204772189.5155031,4.9912976420246904e-11,-2.723037225109531e-19,-0.012236719039801622,-0.01223671903980162,1.0000000000000002,1.734723475976807e-18
179703051.41908383,0.46748972793726284,179703051.41908383,204696948.58091617,4.989249676592549e-11,-2.720716559620803e-19,-0.012226290489171072,-0.012226290489171069,1.0000000000000002,3.469446951953614e-18
179778292.35367075,0.4676854639793724,179778292.35367075,204621707.64632925,4.9872034561715396e-11,-2.718398762161683e-19,-0.012215874826822836,-0.012215874826822834,1.0000000000000002,1.734723475976807e-18
179853533.28825766,0.4678812000214819,179853533.28825766,204546466.71174234,4.985158978605559e-11,-2.7160838278675203e-19,-0.012205472030896265,-0.012205472030896263,1.0000000000000002,1.734723475976807e-18
179928774.22284457,0.4680769360635915,179928774.22284457,204471225.77715543,4.9831162417421635e-11,-2.7137717518837123e-19,-0.012195082079575863,-0.01219508207957586,1.0000000000000002,3.469446951953614e-18
180004015.15743148,0.46827267210570106,180004015.15743148,204395984.84256852,4.9810752434325554e-11,-2.7114625293656775e-19,-0.012184704951091165,-0.012184704951091163,1.0000000000000002,1.734723475976807e-18
180079256.0920184,0.4684684081478106,180079256.0920184,204320743.9079816,4.979035981531581e-11,-2.709156155478832e-19,-0.012174340623716636,-0.012174340623716633,1.0000000000000002,3.469446951953614e-18
180154497.02660534,0.46866414418992025,180154497.02660534,204245502.97339466,4.9769984538977165e-11,-2.70685262539856e-19,-0.012163989075771533,-0.012163989075771533,1.0,0.0
180229737.96119225,0.4688598802320298,180229737.96119225,204170262.03880775,4.974962658393071e-11,-2.7045519343101956e-19,-0.012153650285619828,-0.012153650285619827,1.0000000000000002,1.734723475976807e-18
180304978.89577916,0.46905561627413933,180304978.89577916,204095021.10422084,4.972928592883367e-11,-2.702254077408991e-19,-0.012143324231670059,-0.012143324231670057,1.0000000000000002,1.734723475976807e-18
180380219.83036608,0.46925135231624887,180380219.83036608,204019780.16963392,4.97089625523794e-11,-2.699959049900093e-19,-0.01213301089237523,-0.012133010892375229,1.0000000000000002,1.734723475976807e-18
180455460.764953,0.46944708835835847,180455460.764953,203944539.235047,4.9688656433297294e-11,-2.69766684699852e-19,-0.012122710246232711,-0.012122710246232711,1.0,0.0
180530701.6995399,0.469642824400468,180530701.6995399,203869298.3004601,4.966836755035272e-11,-2.6953774639291363e-19,-0.012112422271784105,-0.012112422271784105,1.0,0.0
180605942.63412684,0.46983856044257766,180605942.63412684,203794057.36587316,4.9648095882346906e-11,-2.6930908959266246e-19,-0.012102146947615149,-0.012102146947615147,1.0000000000000002,1.734723475976807e-18
180681183.56871375,0.4700342964846872,180681183.56871375,203718816.43128625,4.962784140811696e-11,-2.690807138235467e-19,-0.01209188425235561,-0.012091884252355608,1.0000000000000002,1.734723475976807e-18
180756424.50330067,0.47023003252679674,180756424.50330067,203643575.49669933,4.960760410653567e-11,-2.688526186109914e-19,-0.012081634164679151,-0.012081634164679151,1.0,0.0
180831665.43788758,0.4704257685689063,180831665.43788758,203568334.56211242,4.958738395651153e-11,-2.686248034813963e-19,-0.012071396663303242,-0.01207139666330324,1.0000000000000002,1.734723475976807e-18
180906906.3724745,0.4706215046110159,180906906.3724745,203493093.6275255,4.956718093698862e-11,-2.683972679621333e-19,-0.012061171726989032,-0.01206117172698903,1.0000000000000002,1.734723475976807e-18
180982147.3070614,0.4708172406531254,180982147.3070614,203417852.6929386,4.9546995026946555e-11,-2.68170011581544e-19,-0.01205095933454125,-0.01205095933454125,1.0,0.0
181057388.24164835,0.471012976695235,181057388.24164835,203342611.75835165,4.952682620540038e-11,-2.6794303386893734e-19,-0.012040759464808098,-0.012040759464808096,1.0000000000000002,1.734723475976807e-18
181132629.17623526,0.4712087127373446,181132629.17623526,203267370.82376474,4.950667445140055e-11,-2.6771633435458717e-19,-0.01203057209668113,-0.012030572096681132,0.9999999999999999,1.734723475976807e-18
181207870.11082217,0.47140444877945414,181207870.11082217,203192129.88917783,4.948653974403279e-11,-2.6748991256972966e-19,-0.012020397209095155,-0.012020397209095155,1.0,0.0
181283111.04540908,0.4716001848215637,181283111.04540908,203116888.95459092,4.94664220624181e-11,-2.672637680465611e-19,-0.012010234781028119,-0.012010234781028115,1.0000000000000002,3.469446951953614e-18
181358351.979996,0.4717959208636732,181358351.979996,203041648.020004,4.9446321385712604e-11,-2.6703790031823494e-19,-0.012000084791500986,-0.012000084791500986,1.0,0.0
181433592.9145829,0.4719916569057828,181433592.9145829,202966407.0854171,4.9426237693107544e-11,-2.668123089188603e-19,-0.011989947219577664,-0.011989947219577664,1.0,0.0
181508833.84916985,0.4721873929478924,181508833.84916985,202891166.15083015,4.940617096382915e-11,-2.6658699338349867e-19,-0.011979822044364858,-0.011979822044364857,1.0000000000000002,1.734723475976807e-18
181584074.78375676,0.472383128990002,181584074.78375676,202815925.21624324,4.938612117713864e-11,-2.663619532481623e-19,-0.011969709245011999,-0.011969709245011997,1.0000000000000002,1.734723475976807e-18
181659315.71834368,0.47257886503211155,181659315.71834368,202740684.28165632,4.9366088312332074e-11,-2.661371880498111e-19,-0.0119596088007111,-0.011959608800711098,1.0000000000000002,1.734723475976807e-18
181734556.6529306,0.4727746010742211,181734556.6529306,202665443.3470694,4.9346072348740326e-11,-2.659126973263505e-19,-0.011949520690696672,-0.011949520690696672,1.0,0.0
181809797.5875175,0.47297033711633063,181809797.5875175,202590202.4124825,4.9326073265729e-11,-2.656884806166295e-19,-0.011939444894245617,-0.011939444894245614,1.0000000000000002,3.469446951953614e-18
181885038.5221044,0.4731660731584402,181885038.5221044,202514961.4778956,4.930609104269837e-11,-2.654645374604376e-19,-0.01192938139067711,-0.011929381390677108,1.0000000000000002,1.734723475976807e-18
181960279.45669135,0.4733618092005498,181960279.45669135,202439720.54330865,4.928612565908329e-11,-2.6524086739850283e-19,-0.011919330159352497,-0.011919330159352497,1.0,0.0
182035520.39127827,0.47355754524265936,182035520.39127827,202364479.60872173,4.9266177094353156e-11,-2.6501746997248965e-19,-0.011909291179675206,-0.011909291179675202,1.0000000000000002,3.469446951953614e-18
182110761.32586518,0.47375328128476896,182110761.32586518,202289238.67413482,4.924624532801179e-11,-2.6479434472499596e-19,-0.011899264431090613,-0.01189926443109061,1.0000000000000002,1.734723475976807e-18
182186002.2604521,0.4739490173268785,182186002.2604521,202213997.7395479,4.9226330339597406e-11,-2.6457149119955125e-19,-0.011889249893085952,-0.011889249893085952,1.0,0.0
182261243.195039,0.47414475336898804,182261243.195039,202138756.804961,4.920643210868253e-11,-2.6434890894061404e-19,-0.011879247545190215,-0.011879247545190215,1.0,0.0
182336484.12962592,0.4743404894110976,182336484.12962592,202063515.87037408,4.9186550614873915e-11,-2.641265974935697e-19,-0.011869257366974036,-0.011869257366974032,1.0000000000000002,3.469446951953614e-18
182411725.06421286,0.4745362254532072,182411725.06421286,201988274.93578714,4.91666858378125e-11,-2.6390455640472777e-19,-0.011859279338049583,-0.011859279338049582,1.0000000000000002,1.734723475976807e-18
182486965.99879977,0.47473196149531677,182486965.99879977,201913034.00120023,4.914683775717333e-11,-2.6368278522132043e-19,-0.011849313438070486,-0.011849313438070486,1.0,0.0
182562206.93338668,0.47492769753742636,182562206.93338668,201837793.06661332,4.9127006352665455e-11,-2.634612834914994e-19,-0.011839359646731697,-0.011839359646731693,1.0000000000000002,3.469446951953614e-18
182637447.8679736,0.4751234335795359,182637447.8679736,201762552.1320264,4.910719160403192e-11,-2.632400507643337e-19,-0.011829417943769384,-0.011829417943769386,0.9999999999999999,1.734723475976807e-18
182712688.8025605,0.47531916962164544,182712688.8025605,201687311.1974395,4.908739349104965e-11,-2.6301908658980807e-19,-0.011819488308960872,-0.011819488308960872,1.0,0.0
182787929.73714742,0.475514905663755,182787929.73714742,201612070.26285258,4.9067611993529376e-11,-2.6279839051881978e-19,-0.011809570722124492,-0.01180957072212449,1.0000000000000002,1.734723475976807e-18
182863170.67173436,0.47571064170586463,182863170.67173436,201536829.32826564,4.9047847091315614e-11,-2.6257796210317667e-19,-0.011799665163119493,-0.011799665163119494,0.9999999999999999,1.734723475976807e-18
182938411.60632128,0.4759063777479742,182938411.60632128,201461588.39367872,4.9028098764286566e-11,-2.623578008955957e-19,-0.011789771611845976,-0.011789771611845974,1.0000000000000002,1.734723475976807e-18
183013652.5409082,0.4761021137900837,183013652.5409082,201386347.4590918,4.900836699235404e-11,-2.6213790644969897e-19,-0.011779890048244718,-0.011779890048244718,1.0,0.0
183088893.4754951,0.4762978498321933,183088893.4754951,201311106.5245049,4.898865175546341e-11,-2.6191827832001316e-19,-0.011770020452297148,-0.011770020452297147,1.0000000000000002,1.734723475976807e-18
183164134.410082,0.47649358587430285,183164134.410082,201235865.589918,4.8968953033593514e-11,-2.6169891606196612e-19,-0.01176016280402519,-0.011760162804025186,1.0000000000000002,3.469446951953614e-18
183239375.34466892,0.4766893219164124,183239375.34466892,201160624.65533108,4.8949270806756626e-11,-2.6147981923188518e-19,-0.011750317083491186,-0.011750317083491182,1.0000000000000002,3.469446951953614e-18
183314616.27925587,0.47688505795852204,183314616.27925587,201085383.72074413,4.8929605054998345e-11,-2.6126098738699464e-19,-0.011740483270797792,-0.011740483270797788,1.0000000000000002,3.469446951953614e-18
183389857.21384278,0.4770807940006316,183389857.21384278,201010142.78615722,4.8909955758397593e-11,-2.6104242008541407e-19,-0.011730661346087887,-0.011730661346087884,1.0000000000000002,3.469446951953614e-18
183465098.1484297,0.4772765300427411,183465098.1484297,200934901.8515703,4.889032289706647e-11,-2.608241168861552e-19,-0.01172085128954445,-0.011720851289544447,1.0000000000000002,3.469446951953614e-18
183540339.0830166,0.47747226608485066,183540339.0830166,200859660.9169834,4.887070645115023e-11,-2.6060607734912023e-19,-0.011711053081390473,-0.011711053081390472,1.0000000000000002,1.734723475976807e-18
183615580.01760352,0.47766800212696026,183615580.01760352,200784419.98239648,4.8851106400827203e-11,-2.6038830103509986e-19,-0.011701266701888872,-0.011701266701888868,1.0000000000000002,3.469446951953614e-18
183690820.95219043,0.4778637381690698,183690820.95219043,200709179.04780957,4.883152272630875e-11,-2.601707875057703e-19,-0.011691492131342358,-0.011691492131342358,1.0,0.0
183766061.88677737,0.47805947421117945,183766061.88677737,200633938.11322263,4.8811955407839154e-11,-2.5995353632369187e-19,-0.011681729350093375,-0.011681729350093376,0.9999999999999999,1.734723475976807e-18
183841302.82136428,0.478255210253289,183841302.82136428,200558697.17863572,4.87924044256956e-11,-2.597365470523065e-19,-0.011671978338523977,-0.011671978338523977,1.0,0.0
183916543.7559512,0.4784509462953985,183916543.7559512,200483456.2440488,4.877286976018809e-11,-2.5951981925593513e-19,-0.01166223907705573,-0.01166223907705573,1.0,0.0
183991784.6905381,0.47864668233750807,183991784.6905381,200408215.3094619,4.8753351391659346e-11,-2.5930335249977625e-19,-0.011652511546149621,-0.011652511546149621,1.0,0.0
184067025.62512502,0.47884241837961766,184067025.62512502,200332974.37487498,4.87338493004848e-11,-2.590871463499031e-19,-0.011642795726305959,-0.011642795726305957,1.0000000000000002,1.734723475976807e-18
184142266.55971193,0.4790381544217272,184142266.55971193,200257733.44028807,4.871436346707248e-11,-2.5887120037326177e-19,-0.01163309159806427,-0.011633091598064268,1.0000000000000002,1.734723475976807e-18
184217507.49429888,0.4792338904638368,184217507.49429888,200182492.50570112,4.869489387186296e-11,-2.586555141376691e-19,-0.011623399142003213,-0.011623399142003213,1.0,0.0
184292748.4288858,0.4794296265059464,184292748.4288858,200107251.5711142,4.867544049532935e-11,-2.584400872118105e-19,-0.011613718338740473,-0.011613718338740473,1.0,0.0
184367989.3634727,0.47962536254805593,184367989.3634727,200032010.6365273,4.8656003317977116e-11,-2.582249191652376e-19,-0.01160404916893267,-0.011604049168932668,1.0000000000000002,1.734723475976807e-18
184443230.2980596,0.4798210985901655,184443230.2980596,199956769.7019404,4.86365823203441e-11,-2.5801000956836617e-19,-0.011594391613275247,-0.011594391613275246,1.0000000000000002,1.734723475976807e-18
184518471.23264652,0.480016834632275,184518471.23264652,199881528.76735348,4.861717748300046e-11,-2.5779535799247414e-19,-0.011584745652502398,-0.011584745652502395,1.0000000000000002,3.469446951953614e-18
184593712.16723344,0.4802125706743846,184593712.16723344,199806287.83276656,4.8597788786548546e-11,-2.575809640096991e-19,-0.011575111267386945,-0.011575111267386947,0.9999999999999999,1.734723475976807e-18
184668953.10182038,0.4804083067164942,184668953.10182038,199731046.89817962,4.857841621162287e-11,-2.573668271930368e-19,-0.011565488438740272,-0.01156548843874027,1.0000000000000002,1.734723475976807e-18
184744194.0364073,0.4806040427586038,184744194.0364073,199655805.9635927,4.855905973889008e-11,-2.5715294711633844e-19,-0.011555877147412208,-0.011555877147412205,1.0000000000000002,3.469446951953614e-18
184819434.9709942,0.48079977880071334,184819434.9709942,199580565.0290058,4.8539719349048796e-11,-2.569393233543086e-19,-0.011546277374290929,-0.011546277374290929,1.0,0.0
184894675.90558112,0.4809955148428229,184894675.90558112,199505324.09441888,4.8520395022829654e-11,-2.5672595548250347e-19,-0.011536689100302883,-0.011536689100302883,1.0,0.0
184969916.84016803,0.4811912508849324,184969916.84016803,199430083.15983197,4.850108674099517e-11,-2.565128430773285e-19,-0.01152711230641268,-0.011527112306412679,1.0000000000000002,1.734723475976807e-18
185045157.77475494,0.481386986927042,185045157.77475494,199354842.22524506,4.848179448433971e-11,-2.5629998571603626e-19,-0.011517546973622998,-0.011517546973622996,1.0000000000000002,1.734723475976807e-18
185120398.70934188,0.4815827229691516,185120398.70934188,199279601.29065812,4.846251823368939e-11,-2.560873829767244e-19,-0.011507993082974491,-0.011507993082974488,1.0000000000000002,3.469446951953614e-18
185195639.6439288,0.48177845901126115,185195639.6439288,199204360.3560712,4.844325796990209e-11,-2.5587503443833386e-19,-0.011498450615545705,-0.011498450615545703,1.0000000000000002,1.734723475976807e-18
185270880.5785157,0.48197419505337075,185270880.5785157,199129119.4214843,4.8424013673867296e-11,-2.5566293968064612e-19,-0.011488919552452966,-0.011488919552452966,1.0,0.0
185346121.51310262,0.4821699310954803,185346121.51310262,199053878.48689738,4.8404785326506093e-11,-2.554510982842818e-19,-0.011479399874850303,-0.011479399874850301,1.0000000000000002,1.734723475976807e-18
185421362.44768953,0.4823656671375898,185421362.44768953,198978637.55231047,4.838557290877109e-11,-2.5523950983069805e-19,-0.011469891563929337,-0.011469891563929335,1.0000000000000002,1.734723475976807e-18
185496603.38227645,0.48256140317969937,185496603.38227645,198903396.61772355,4.8366376401646353e-11,-2.5502817390218685e-19,-0.011460394600919207,-0.011460394600919209,0.9999999999999999,1.734723475976807e-18
185571844.3168634,0.482757139221809,185571844.3168634,198828155.6831366,4.834719578614734e-11,-2.5481709008187293e-19,-0.011450908967086473,-0.011450908967086471,1.0000000000000002,1.734723475976807e-18
185647085.2514503,0.48295287526391856,185647085.2514503,198752914.7485497,4.8328031043320874e-11,-2.546062579537114e-19,-0.01144143464373501,-0.01144143464373501,1.0,0.0
185722326.1860372,0.48314861130602815,185722326.1860372,198677673.8139628,4.8308882154245015e-11,-2.5439567710248606e-19,-0.01143197161220593,-0.01143197161220593,1.0,0.0
185797567.12062413,0.4833443473481377,185797567.12062413,198602432.87937587,4.828974910002904e-11,-2.5418534711380713e-19,-0.011422519853877489,-0.011422519853877485,1.0000000000000002,3.469446951953614e-18
185872808.05521104,0.48354008339024723,185872808.05521104,198527191.94478896,4.827063186181339e-11,-2.5397526757410925e-19,-0.011413079350164982,-0.01141307935016498,1.0000000000000002,1.734723475976807e-18
185948048.98979795,0.4837358194323568,185948048.98979795,198451951.01020205,4.825153042076958e-11,-2.537654380706495e-19,-0.01140365008252067,-0.01140365008252067,1.0,0.0
186023289.9243849,0.4839315554744664,186023289.9243849,198376710.0756151,4.823244475810014e-11,-2.5355585819150536e-19,-0.011394232032433678,-0.011394232032433678,1.0,0.0
186098530.8589718,0.48412729151657596,186098530.8589718,198301469.1410282,4.82133748550386e-11,-2.533465275255728e-19,-0.011384825181429914,-0.011384825181429912,1.0000000000000002,1.734723475976807e-18
186173771.79355872,0.4843230275586855,186173771.79355872,198226228.20644128,4.819432069284934e-11,-2.5313744566256396e-19,-0.011375429511071957,-0.011375429511071955,1.0000000000000002,1.734723475976807e-18
186249012.72814563,0.4845187636007951,186249012.72814563,198150987.27185437,4.817528225282762e-11,-2.5292861219300547e-19,-0.011366045002958992,-0.01136604500295899,1.0000000000000002,1.734723475976807e-18
186324253.66273254,0.48471449964290464,186324253.66273254,198075746.33726746,4.815625951629946e-11,-2.5272002670823604e-19,-0.0113566716387267,-0.011356671638726702,0.9999999999999999,1.734723475976807e-18
186399494.59731945,0.4849102356850142,186399494.59731945,198000505.40268055,4.8137252464621603e-11,-2.5251168880040507e-19,-0.011347309400047186,-0.011347309400047184,1.0000000000000002,1.734723475976807e-18
186474735.5319064,0.48510597172712383,186474735.5319064,197925264.4680936,4.811826107918143e-11,-2.5230359806246994e-19,-0.011337958268628868,-0.011337958268628868,1.0,0.0
186549976.4664933,0.48530170776923337,186549976.4664933,197850023.5335067,4.809928534139696e-11,-2.5209575408819484e-19,-0.01132861822621642,-0.011328618226216417,1.0000000000000002,1.734723475976807e-18
186625217.40108022,0.4854974438113429,186625217.40108022,197774782.59891978,4.8080325232716716e-11,-2.518881564721479e-19,-0.011319289254590638,-0.011319289254590638,1.0,0.0
186700458.33566713,0.4856931798534525,186700458.33566713,197699541.66433287,4.80613807346197e-11,-2.516808048096998e-19,-0.011309971335568393,-0.011309971335568393,1.0,0.0
186775699.27025405,0.48588891589556205,186775699.27025405,197624300.72974595,4.8042451828615315e-11,-2.514736986970218e-19,-0.011300664451002522,-0.011300664451002522,1.0,0.0
186850940.20484096,0.4860846519376716,186850940.20484096,197549059.79515904,4.8023538496243356e-11,-2.512668377310833e-19,-0.011291368582781736,-0.011291368582781734,1.0000000000000002,1.734723475976807e-18
186926181.1394279,0.48628038797978124,186926181.1394279,197473818.8605721,4.800464071907387e-11,-2.5106022150965036e-19,-0.011282083712830541,-0.011282083712830541,1.0,0.0
187001422.0740148,0.4864761240218908,187001422.0740148,197398577.9259852,4.798575847870718e-11,-2.508538496312837e-19,-0.011272809823109159,-0.011272809823109159,1.0,0.0
187076663.00860173,0.4866718600640003,187076663.00860173,197323336.99139827,4.796689175677375e-11,-2.506477216953366e-19,-0.011263546895613418,-0.011263546895613416,1.0000000000000002,1.734723475976807e-18
187151903.94318864,0.48686759610610986,187151903.94318864,197248096.05681136,4.794804053493418e-11,-2.504418373019527e-19,-0.011254294912374676,-0.011254294912374672,1.0000000000000002,3.469446951953614e-18
187227144.87777555,0.48706333214821945,187227144.87777555,197172855.12222445,4.792920479487912e-11,-2.502361960520646e-19,-0.011245053855459732,-0.011245053855459734,0.9999999999999999,1.734723475976807e-18
187302385.81236246,0.487259068190329,187302385.81236246,197097614.18763754,4.7910384518329196e-11,-2.500307975473917e-19,-0.011235823706970755,-0.011235823706970753,1.0000000000000002,1.734723475976807e-18
187377626.7469494,0.48745480423243864,187377626.7469494,197022373.2530506,4.7891579687035e-11,-2.4982564139043797e-19,-0.011226604449045158,-0.011226604449045158,1.0,0.0
187452867.68153632,0.4876505402745482,187452867.68153632,196947132.31846368,4.7872790282777004e-11,-2.4962072718449074e-19,-0.011217396063855568,-0.011217396063855568,1.0,0.0
187528108.61612323,0.4878462763166577,187528108.61612323,196871891.38387677,4.785401628736547e-11,-2.494160545336179e-19,-0.01120819853360968,-0.01120819853360968,1.0,0.0
187603349.55071014,0.48804201235876726,187603349.55071014,196796650.44928986,4.783525768264046e-11,-2.492116230426668e-19,-0.011199011840550221,-0.01119901184055022,1.0000000000000002,1.734723475976807e-18
187678590.48529705,0.48823774840087686,187678590.48529705,196721409.51470295,4.781651445047169e-11,-2.4900743231726167e-19,-0.011189835966954826,-0.011189835966954826,1.0,0.0
187753831.41988397,0.4884334844429864,187753831.41988397,196646168.58011603,4.779778657275858e-11,-2.4880348196380214e-19,-0.011180670895135978,-0.011180670895135976,1.0000000000000002,1.734723475976807e-18
187829072.3544709,0.488629220485096,187829072.3544709,196570927.6455291,4.777907403143007e-11,-2.485997715894612e-19,-0.011171516607440911,-0.01117151660744091,1.0000000000000002,1.734723475976807e-18
187904313.28905782,0.4888249565272056,187904313.28905782,196495686.71094218,4.776037680844469e-11,-2.4839630080218346e-19,-0.011162373086251535,-0.011162373086251533,1.0000000000000002,1.734723475976807e-18
187979554.22364473,0.48902069256931513,187979554.22364473,196420445.77635527,4.774169488579039e-11,-2.481930692106829e-19,-0.011153240313984332,-0.011153240313984332,1.0,0.0
188054795.15823165,0.48921642861142467,188054795.15823165,196345204.84176835,4.772302824548456e-11,-2.479900764244415e-19,-0.0111441182730903,-0.011144118273090297,1.0000000000000002,3.469446951953614e-18
188130036.09281856,0.4894121646535342,188130036.09281856,196269963.90718144,4.770437686957394e-11,-2.4778732205370686e-19,-0.011135006946054835,-0.011135006946054833,1.0000000000000002,1.734723475976807e-18
188205277.02740547,0.4896079006956438,188205277.02740547,196194722.97259453,4.7685740740134563e-11,-2.475848057094906e-19,-0.011125906315397675,-0.011125906315397671,1.0000000000000002,3.469446951953614e-18
188280517.9619924,0.4898036367377534,188280517.9619924,196119482.0380076,4.766711983927169e-11,-2.473825270035664e-19,-0.011116816363672797,-0.011116816363672795,1.0000000000000002,1.734723475976807e-18
188355758.89657933,0.489999372779863,188355758.89657933,196044241.10342067,4.764851414911979e-11,-2.471804855484685e-19,-0.011107737073468358,-0.01110773707346836,0.9999999999999999,1.734723475976807e-18
188430999.83116624,0.49019510882197254,188430999.83116624,195969000.16883376,4.762992365184244e-11,-2.4697868095748918e-19,-0.011098668427406581,-0.011098668427406581,1.0,0.0
188506240.76575315,0.4903908448640821,188506240.76575315,195893759.23424685,4.761134832963228e-11,-2.4677711284467747e-19,-0.011089610408143696,-0.011089610408143694,1.0000000000000002,1.734723475976807e-18
188581481.70034006,0.4905865809061916,188581481.70034006,195818518.29965994,4.7592788164710964e-11,-2.4657578082483684e-19,-0.01108056299836983,-0.01108056299836983,1.0,0.0
188656722.63492697,0.49078231694830116,188656722.63492697,195743277.36507303,4.757424313932912e-11,-2.4637468451352397e-19,-0.011071526180808963,-0.011071526180808961,1.0000000000000002,1.734723475976807e-18
188731963.56951392,0.4909780529904108,188731963.56951392,195668036.43048608,4.755571323576623e-11,-2.461738235270462e-19,-0.01106249993821881,-0.01106249993821881,1.0,0.0
188807204.50410083,0.49117378903252035,188807204.50410083,195592795.49589917,4.753719843633068e-11,-2.4597319748246047e-19,-0.011053484253390764,-0.011053484253390766,0.9999999999999999,1.734723475976807e-18
188882445.43868774,0.49136952507462994,188882445.43868774,195517554.56131226,4.7518698723359583e-11,-2.457728059975708e-19,-0.011044479109149796,-0.011044479109149795,1.0000000000000002,1.734723475976807e-18
188957686.37327465,0.4915652611167395,188957686.37327465,195442313.62672535,4.750021407921881e-11,-2.455726486909267e-19,-0.011035484488354376,-0.011035484488354376,1.0,0.0
189032927.30786157,0.491760997158849,189032927.30786157,195367072.69213843,4.748174448630289e-11,-2.453727251818216e-19,-0.011026500373896405,-0.011026500373896405,1.0,0.0
189108168.24244848,0.49195673320095856,189108168.24244848,195291831.75755152,4.746328992703499e-11,-2.4517303509029085e-19,-0.01101752674870112,-0.011017526748701118,1.0000000000000002,1.734723475976807e-18
189183409.17703542,0.4921524692430682,189183409.17703542,195216590.82296458,4.7444850383866807e-11,-2.4497357803710967e-19,-0.011008563595727012,-0.011008563595727012,1.0,0.0
189258650.11162233,0.49234820528517775,189258650.11162233,195141349.88837767,4.742642583927857e-11,-2.4477435364379197e-19,-0.010999610897965762,-0.010999610897965762,1.0,0.0
189333891.04620925,0.4925439413272873,189333891.04620925,195066108.95379075,4.740801627577896e-11,-2.4457536153258788e-19,-0.01099066863844214,-0.010990668638442138,1.0000000000000002,1.734723475976807e-18
189409131.98079616,0.4927396773693969,189409131.98079616,194990868.01920384,4.738962167590503e-11,-2.4437660132648234e-19,-0.010981736800213932,-0.010981736800213932,1.0,0.0
189484372.91538307,0.49293541341150643,189484372.91538307,194915627.08461693,4.7371242022222194e-11,-2.441780726491933e-19,-0.010972815366371867,-0.010972815366371865,1.0000000000000002,1.734723475976807e-18
189559613.84996998,0.49313114945361597,189559613.84996998,194840386.15003002,4.735287729732413e-11,-2.439797751251698e-19,-0.010963904320039526,-0.010963904320039523,1.0000000000000002,3.469446951953614e-18
189634854.78455693,0.4933268854957256,189634854.78455693,194765145.21544307,4.733452748383275e-11,-2.4378170837959007e-19,-0.010955003644373261,-0.01095500364437326,1.0000000000000002,1.734723475976807e-18
189710095.71914384,0.49352262153783516,189710095.71914384,194689904.28085616,4.7316192564398157e-11,-2.4358387203836056e-19,-0.010946113322562142,-0.010946113322562142,1.0,0.0
189785336.65373075,0.4937183575799447,189785336.65373075,194614663.34626925,4.729787252169857e-11,-2.4338626572811297e-19,-0.010937233337827838,-0.010937233337827836,1.0000000000000002,1.734723475976807e-18
189860577.58831766,0.4939140936220543,189860577.58831766,194539422.41168234,4.727956733844025e-11,-2.4318888907620324e-19,-0.010928363673424557,-0.010928363673424557,1.0,0.0
189935818.52290457,0.49410982966416384,189935818.52290457,194464181.47709543,4.72612769973575e-11,-2.429917417107098e-19,-0.01091950431263898,-0.010919504312638979,1.0000000000000002,1.734723475976807e-18
190011059.4574915,0.4943055657062734,190011059.4574915,194388940.5425085,4.724300148121256e-11,-2.427948232604315e-19,-0.010910655238790158,-0.010910655238790158,1.0,0.0
190086300.39207843,0.494501301748383,190086300.39207843,194313699.60792157,4.7224740772795564e-11,-2.4259813335488595e-19,-0.010901816435229441,-0.010901816435229441,1.0,0.0
190161541.32666534,0.49469703779049257,190161541.32666534,194238458.67333466,4.7206494854924525e-11,-2.424016716243082e-19,-0.010892987885340424,-0.01089298788534042,1.0000000000000002,3.469446951953614e-18
190236782.26125225,0.4948927738326021,190236782.26125225,194163217.73874775,4.718826371044523e-11,-2.4220543769964825e-19,-0.010884169572538824,-0.010884169572538823,1.0000000000000002,1.734723475976807e-18
190312023.19583917,0.49508850987471165,190312023.19583917,194087976.80416083,4.717004732223122e-11,-2.4200943121256977e-19,-0.010875361480272435,-0.010875361480272436,0.9999999999999999,1.734723475976807e-18
190387264.13042608,0.49528424591682124,190387264.13042608,194012735.86957392,4.715184567318369e-11,-2.418136517954487e-19,-0.010866563592021055,-0.010866563592021053,1.0000000000000002,1.734723475976807e-18
190462505.065013,0.4954799819589308,190462505.065013,193937494.934987,4.7133658746231504e-11,-2.4161809908137074e-19,-0.010857775891296374,-0.010857775891296372,1.0000000000000002,1.734723475976807e-18
190537745.99959993,0.49567571800104043,190537745.99959993,193862254.00040007,4.7115486524331094e-11,-2.4142277270413e-19,-0.010848998361641923,-0.010848998361641922,1.0000000000000002,1.734723475976807e-18
190612986.93418685,0.49587145404315,190612986.93418685,193787013.06581315,4.709732899046643e-11,-2.412276722982277e-19,-0.010840230986633004,-0.010840230986633004,1.0,0.0
190688227.86877376,0.4960671900852595,190688227.86877376,193711772.13122624,4.7079186127648925e-11,-2.410327974988699e-19,-0.0108314737498766,-0.010831473749876596,1.0000000000000002,3.469446951953614e-18
190763468.80336067,0.49626292612736905,190763468.80336067,193636531.19663933,4.706105791891744e-11,-2.408381479419657e-19,-0.010822726635011274,-0.010822726635011272,1.0000000000000002,1.734723475976807e-18
190838709.73794758,0.49645866216947865,190838709.73794758,193561290.26205242,4.704294434733821e-11,-2.4064372326412613e-19,-0.010813989625707147,-0.010813989625707149,0.9999999999999999,1.734723475976807e-18
190913950.6725345,0.4966543982115882,190913950.6725345,193486049.3274655,4.702484539600477e-11,-2.4044952310266217e-19,-0.010805262705665784,-0.010805262705665784,1.0,0.0
190989191.60712144,0.4968501342536978,190989191.60712144,193410808.39287856,4.7006761048037906e-11,-2.4025554709558277e-19,-0.010796545858620119,-0.010796545858620115,1.0000000000000002,3.469446951953614e-18
191064432.54170835,0.4970458702958074,191064432.54170835,193335567.45829165,4.698869128658564e-11,-2.4006179488159367e-19,-0.010787839068334398,-0.010787839068334396,1.0000000000000002,1.734723475976807e-18
191139673.47629526,0.4972416063379169,191139673.47629526,193260326.52370474,4.6970636094823144e-11,-2.398682661000953e-19,-0.010779142318604084,-0.010779142318604083,1.0000000000000002,1.734723475976807e-18
191214914.41088217,0.49743734238002646,191214914.41088217,193185085.58911783,4.695259545595268e-11,-2.3967496039118137e-19,-0.010770455593255795,-0.010770455593255795,1.0,0.0
191290155.3454691,0.497633078422136,191290155.3454691,193109844.6545309,4.6934569353203595e-11,-2.3948187739563705e-19,-0.01076177887614722,-0.010761778876147219,1.0000000000000002,1.734723475976807e-18
191365396.280056,0.4978288144642456,191365396.280056,193034603.719944,4.691655776983221e-11,-2.392890167549373e-19,-0.010753112151167052,-0.010753112151167053,0.9999999999999999,1.734723475976807e-18
191440637.21464294,0.4980245505063552,191440637.21464294,192959362.78535706,4.689856068912178e-11,-2.390963781112453e-19,-0.0107444554022349,-0.010744455402234898,1.0000000000000002,1.734723475976807e-18
191515878.14922985,0.4982202865484648,191515878.14922985,192884121.85077015,4.688057809438253e-11,-2.389039611074109e-19,-0.01073580861330124,-0.010735808613301237,1.0000000000000002,3.469446951953614e-18
191591119.08381677,0.4984160225905743,191591119.08381677,192808880.91618323,4.6862609968951454e-11,-2.3871176538696843e-19,-0.010727171768347305,-0.010727171768347307,0.9999999999999999,1.734723475976807e-18
191666360.01840368,0.49861175863268387,191666360.01840368,192733639.98159632,4.6844656296192384e-11,-2.385197905941359e-19,-0.010718544851385046,-0.010718544851385044,1.0000000000000002,1.734723475976807e-18
191741600.9529906,0.4988074946747934,191741600.9529906,192658399.0470094,4.682671705949587e-11,-2.3832803637381245e-19,-0.010709927846457029,-0.010709927846457027,1.0000000000000002,1.734723475976807e-18
191816841.88757753,0.49900323071690306,191816841.88757753,192583158.11242247,4.680879224227918e-11,-2.3813650237157733e-19,-0.01070132073763638,-0.010701320737636378,1.0000000000000002,1.734723475976807e-18
191892082.82216445,0.4991989667590126,191892082.82216445,192507917.17783555,4.679088182798621e-11,-2.3794518823368816e-19,-0.010692723509026706,-0.010692723509026702,1.0000000000000002,3.469446951953614e-18
191967323.75675136,0.49939470280112214,191967323.75675136,192432676.24324864,4.6772985800087444e-11,-2.37754093607079e-19,-0.010684136144762019,-0.010684136144762019,1.0,0.0
192042564.69133827,0.49959043884323173,192042564.69133827,192357435.30866173,4.6755104142079915e-11,-2.375632181393592e-19,-0.010675558629006668,-0.010675558629006668,1.0,0.0
192117805.62592518,0.49978617488534127,192117805.62592518,192282194.37407482,4.6737236837487133e-11,-2.373725614788112e-19,-0.01066699094595526,-0.010666990945955258,1.0000000000000002,1.734723475976807e-18
192193046.5605121,0.4999819109274508,192193046.5605121,192206953.4394879,4.6719383869859055e-11,-2.3718212327438944e-19,-0.010658433079832589,-0.010658433079832589,1.0,0.0
192268287.49509904,0.5001776469695605,192268287.49509904,192131712.50490096,4.670154522277202e-11,-2.3699190317571827e-19,-0.010649885014893562,-0.010649885014893562,1.0,0.0
192343528.42968595,0.50037338301167,192343528.42968595,192056471.57031405,4.6683720879828716e-11,-2.368019008330909e-19,-0.010641346735423138,-0.010641346735423138,1.0,0.0
192418769.36427286,0.5005691190537795,192418769.36427286,191981230.63572714,4.666591082465811e-11,-2.3661211589746744e-19,-0.010632818225736248,-0.010632818225736244,1.0000000000000002,3.469446951953614e-18
192494010.29885978,0.5007648550958891,192494010.29885978,191905989.70114022,4.6648115040915396e-11,-2.3642254802047297e-19,-0.0106242994701777,-0.0106242994701777,1.0,0.0
192569251.2334467,0.5009605911379986,192569251.2334467,191830748.7665533,4.663033351228197e-11,-2.362331968543967e-19,-0.010615790453122156,-0.010615790453122156,1.0,0.0
192644492.1680336,0.5011563271801083,192644492.1680336,191755507.8319664,4.661256622246536e-11,-2.3604406205218984e-19,-0.010607291158974018,-0.010607291158974014,1.0000000000000002,3.469446951953614e-18
192719733.10262054,0.5013520632222178,192719733.10262054,191680266.89737946,4.659481315519918e-11,-2.3585514326746404e-19,-0.010598801572167369,-0.010598801572167367,1.0000000000000002,1.734723475976807e-18
192794974.03720745,0.5015477992643274,192794974.03720745,191605025.96279255,4.657707429424309e-11,-2.3566644015449017e-19,-0.010590321677165917,-0.010590321677165917,1.0,0.0
192870214.97179437,0.501743535306437,192870214.97179437,191529785.02820563,4.655934962338273e-11,-2.3547795236819627e-19,-0.010581851458462903,-0.010581851458462903,1.0,0.0
192945455.90638128,0.5019392713485465,192945455.90638128,191454544.09361872,4.654163912642968e-11,-2.3528967956416637e-19,-0.010573390900581044,-0.010573390900581042,1.0000000000000002,1.734723475976807e-18
193020696.8409682,0.5021350073906561,193020696.8409682,191379303.1590318,4.65239427872214e-11,-2.351016213986385e-19,-0.010564939988072447,-0.010564939988072447,1.0,0.0
193095937.7755551,0.5023307434327656,193095937.7755551,191304062.2244449,4.6506260589621225e-11,-2.3491377752850358e-19,-0.010556498705518561,-0.010556498705518558,1.0000000000000002,3.469446951953614e-18
193171178.71014205,0.5025264794748753,193171178.71014205,191228821.28985795,4.648859251751822e-11,-2.347261476113033e-19,-0.010548067037530076,-0.010548067037530076,1.0,0.0
193246419.64472896,0.5027222155169848,193246419.64472896,191153580.35527104,4.647093855482726e-11,-2.345387313052295e-19,-0.0105396449687469,-0.010539644968746898,1.0000000000000002,1.734723475976807e-18
193321660.57931587,0.5029179515590944,193321660.57931587,191078339.42068413,4.645329868548888e-11,-2.3435152826912137e-19,-0.010531232483838027,-0.010531232483838025,1.0000000000000002,1.734723475976807e-18
193396901.51390278,0.5031136876012039,193396901.51390278,191003098.48609722,4.643567289346925e-11,-2.3416453816246475e-19,-0.010522829567501517,-0.010522829567501519,0.9999999999999999,1.734723475976807e-18
193472142.4484897,0.5033094236433134,193472142.4484897,190927857.5515103,4.641806116276015e-11,-2.3397776064539056e-19,-0.010514436204464416,-0.010514436204464414,1.0000000000000002,1.734723475976807e-18
193547383.3830766,0.503505159685423,193547383.3830766,190852616.6169234,4.640046347737892e-11,-2.3379119537867277e-19,-0.010506052379482664,-0.010506052379482666,0.9999999999999999,1.734723475976807e-18
193622624.31766355,0.5037008957275326,193622624.31766355,190777375.68233645,4.638287982136837e-11,-2.3360484202372726e-19,-0.010497678077341052,-0.010497678077341052,1.0,0.0
193697865.25225046,0.5038966317696422,193697865.25225046,190702134.74774954,4.6365310178796787e-11,-2.334187002426103e-19,-0.010489313282853142,-0.01048931328285314,1.0000000000000002,1.734723475976807e-18
193773106.18683738,0.5040923678117517,193773106.18683738,190626893.81316262,4.634775453375786e-11,-2.332327696980166e-19,-0.010480957980861195,-0.010480957980861195,1.0,0.0
193848347.1214243,0.5042881038538614,193848347.1214243,190551652.8785757,4.633021287037061e-11,-2.330470500532783e-19,-0.010472612156236112,-0.010472612156236112,1.0,0.0
193923588.0560112,0.5044838398959709,193923588.0560112,190476411.9439888,4.6312685172779385e-11,-2.3286154097236325e-19,-0.010464275793877355,-0.010464275793877351,1.0000000000000002,3.469446951953614e-18
193998828.9905981,0.5046795759380804,193998828.9905981,190401171.0094019,4.6295171425153796e-11,-2.326762421198732e-19,-0.010455948878712883,-0.010455948878712883,1.0,0.0
194074069.92518505,0.5048753119801901,194074069.92518505,190325930.07481495,4.6277671611688644e-11,-2.3249115316104266e-19,-0.010447631395699087,-0.010447631395699089,0.9999999999999999,1.734723475976807e-18
194149310.85977197,0.5050710480222996,194149310.85977197,190250689.14022803,4.626018571660392e-11,-2.3230627376173754e-19,-0.010439323329820725,-0.010439323329820723,1.0000000000000002,1.734723475976807e-18
194224551.79435888,0.5052667840644092,194224551.79435888,190175448.20564112,4.6242713724144717e-11,-2.3212160358845294e-19,-0.010431024666090838,-0.010431024666090836,1.0000000000000002,1.734723475976807e-18
194299792.7289458,0.5054625201065187,194299792.7289458,190100207.2710542,4.6225255618581197e-11,-2.319371423083123e-19,-0.010422735389550696,-0.010422735389550694,1.0000000000000002,1.734723475976807e-18
194375033.6635327,0.5056582561486282,194375033.6635327,190024966.3364673,4.620781138420856e-11,-2.317528895890657e-19,-0.010414455485269734,-0.010414455485269734,1.0,0.0
194450274.59811962,0.5058539921907378,194450274.59811962,189949725.40188038,4.6190381005346945e-11,-2.315688450990882e-19,-0.010406184938345471,-0.010406184938345471,1.0,0.0
194525515.53270656,0.5060497282328474,194525515.53270656,189874484.46729344,4.617296446634146e-11,-2.3138500850737855e-19,-0.010397923733903454,-0.010397923733903452,1.0000000000000002,1.734723475976807e-18
194600756.46729347,0.506245464274957,194600756.46729347,189799243.53270653,4.615556175156208e-11,-2.312013794835578e-19,-0.01038967185709719,-0.01038967185709719,1.0,0.0
194675997.40188038,0.5064412003170665,194675997.40188038,189724002.59811962,4.613817284540361e-11,-2.3101795769786743e-19,-0.01038142929310807,-0.010381429293108068,1.0000000000000002,1.734723475976807e-18
194751238.3364673,0.5066369363591761,194751238.3364673,189648761.6635327,4.6120797732285644e-11,-2.3083474282116815e-19,-0.010373196027145315,-0.010373196027145315,1.0,0.0
194826479.2710542,0.5068326724012857,194826479.2710542,189573520.7289458,4.610343639665252e-11,-2.3065173452493846e-19,-0.010364972044445904,-0.010364972044445902,1.0000000000000002,1.734723475976807e-18
194901720.20564112,0.5070284084433953,194901720.20564112,189498279.79435888,4.608608882297327e-11,-2.3046893248127293e-19,-0.0103567573302745,-0.0103567573302745,1.0,0.0
194976961.14022806,0.5072241444855048,194976961.14022806,189423038.85977194,4.6068754995741565e-11,-2.30286336362881e-19,-0.010348551869923402,-0.010348551869923402,1.0,0.0
195052202.07481498,0.5074198805276144,195052202.07481498,189347797.92518502,4.605143489947571e-11,-2.301039458430855e-19,-0.010340355648712466,-0.010340355648712465,1.0000000000000002,1.734723475976807e-18
195127443.0094019,0.507615616569724,195127443.0094019,189272556.9905981,4.6034128518718526e-11,-2.2992176059582084e-19,-0.010332168651989037,-0.010332168651989035,1.0000000000000002,1.734723475976807e-18
195202683.9439888,0.5078113526118335,195202683.9439888,189197316.0560112,4.601683583803737e-11,-2.2973978029563195e-19,-0.010323990865127895,-0.010323990865127895,1.0,0.0
195277924.8785757,0.5080070886539431,195277924.8785757,189122075.1214243,4.599955684202407e-11,-2.2955800461767267e-19,-0.01031582227353118,-0.01031582227353118,1.0,0.0
195353165.81316262,0.5082028246960526,195353165.81316262,189046834.18683738,4.5982291515294835e-11,-2.293764332377043e-19,-0.010307662862628332,-0.010307662862628332,1.0,0.0
195428406.74774957,0.5083985607381623,195428406.74774957,188971593.25225043,4.596503984249029e-11,-2.2919506583209406e-19,-0.010299512617876018,-0.010299512617876016,1.0000000000000002,1.734723475976807e-18
195503647.68233648,0.5085942967802718,195503647.68233648,188896352.31766352,4.5947801808275365e-11,-2.29013902077814e-19,-0.010291371524758088,-0.010291371524758088,1.0,0.0
195578888.6169234,0.5087900328223813,195578888.6169234,188821111.3830766,4.593057739733928e-11,-2.2883294165243914e-19,-0.010283239568785485,-0.010283239568785484,1.0000000000000002,1.734723475976807e-18
195654129.5515103,0.5089857688644909,195654129.5515103,188745870.4484897,4.5913366594395474e-11,-2.2865218423414616e-19,-0.010275116735496189,-0.010275116735496187,1.0000000000000002,1.734723475976807e-18
195729370.48609722,0.5091815049066004,195729370.48609722,188670629.51390278,4.589616938418162e-11,-2.2847162950171214e-19,-0.010267003010455163,-0.010267003010455163,1.0,0.0
195804611.42068413,0.5093772409487101,195804611.42068413,188595388.57931587,4.587898575145949e-11,-2.2829127713451284e-19,-0.010258898379254273,-0.010258898379254273,1.0,0.0
195879852.35527107,0.5095729769908196,195879852.35527107,188520147.64472893,4.586181568101497e-11,-2.281111268125217e-19,-0.010250802827512239,-0.010250802827512239,1.0,0.0
195955093.28985798,0.5097687130329291,195955093.28985798,188444906.71014202,4.584465915765804e-11,-2.2793117821630806e-19,-0.010242716340874569,-0.010242716340874567,1.0000000000000002,1.734723475976807e-18
196030334.2244449,0.5099644490750388,196030334.2244449,188369665.7755551,4.582751616622264e-11,-2.277514310270356e-19,-0.01023463890501347,-0.01023463890501347,1.0,0.0
196105575.1590318,0.5101601851171483,196105575.1590318,188294424.8409682,4.5810386691566714e-11,-2.2757188492646168e-19,-0.010226570505627827,-0.010226570505627827,1.0,0.0
196180816.09361872,0.5103559211592579,196180816.09361872,188219183.90638128,4.57932707185721e-11,-2.2739253959693486e-19,-0.010218511128443103,-0.010218511128443103,1.0,0.0
196256057.02820563,0.5105516572013674,196256057.02820563,188143942.97179437,4.5776168232144536e-11,-2.272133947213946e-19,-0.010210460759211304,-0.010210460759211304,1.0,0.0
196331297.96279258,0.5107473932434771,196331297.96279258,188068702.03720742,4.575907921721358e-11,-2.2703444998336884e-19,-0.010202419383710887,-0.010202419383710888,0.9999999999999998,1.734723475976807e-18
196406538.8973795,0.5109431292855866,196406538.8973795,187993461.1026205,4.574200365873259e-11,-2.268557050669735e-19,-0.010194386987746728,-0.010194386987746728,1.0,0.0
196481779.8319664,0.5111388653276961,196481779.8319664,187918220.1680336,4.572494154167867e-11,-2.2667715965691046e-19,-0.010186363557150035,-0.010186363557150035,1.0,0.0
196557020.7665533,0.5113346013698057,196557020.7665533,187842979.2334467,4.570789285105262e-11,-2.264988134384664e-19,-0.010178349077778297,-0.010178349077778297,1.0,0.0
196632261.70114022,0.5115303374119152,196632261.70114022,187767738.29885978,4.5690857571878893e-11,-2.263206660975113e-19,-0.010170343535515219,-0.010170343535515217,1.0000000000000002,1.734723475976807e-18
196707502.63572714,0.5117260734540248,196707502.63572714,187692497.36427286,4.5673835689205555e-11,-2.261427173204973e-19,-0.01016234691627066,-0.01016234691627066,1.0,0.0
196782743.57031408,0.5119218094961344,196782743.57031408,187617256.42968592,4.565682718810425e-11,-2.2596496679445715e-19,-0.01015435920598057,-0.010154359205980568,1.0000000000000002,1.734723475976807e-18
196857984.504901,0.512117545538244,196857984.504901,187542015.495099,4.563983205367016e-11,-2.257874142070028e-19,-0.010146380390606934,-0.010146380390606932,1.0000000000000002,1.734723475976807e-18
196933225.4394879,0.5123132815803535,196933225.4394879,187466774.5605121,4.562285027102191e-11,-2.2561005924632415e-19,-0.010138410456137704,-0.010138410456137703,1.0000000000000002,1.734723475976807e-18
197008466.37407482,0.5125090176224631,197008466.37407482,187391533.62592518,4.560588182530162e-11,-2.254329016011875e-19,-0.010130449388586734,-0.010130449388586732,1.0000000000000002,1.734723475976807e-18
197083707.30866173,0.5127047536645727,197083707.30866173,187316292.69133827,4.558892670167475e-11,-2.2525594096093434e-19,-0.010122497173993729,-0.01012249717399373,0.9999999999999998,1.734723475976807e-18
197158948.24324864,0.5129004897066822,197158948.24324864,187241051.75675136,4.557198488533014e-11,-2.2507917701548006e-19,-0.01011455379842418,-0.010114553798424178,1.0000000000000002,1.734723475976807e-18
197234189.17783558,0.5130962257487919,197234189.17783558,187165810.82216442,4.555505636147994e-11,-2.249026094553123e-19,-0.010106619247969295,-0.010106619247969292,1.0000000000000004,3.469446951953614e-18
197309430.1124225,0.5132919617909014,197309430.1124225,187090569.8875775,4.553814111535957e-11,-2.2472623797148983e-19,-0.010098693508745947,-0.010098693508745947,1.0,0.0
197384671.0470094,0.513487697833011,197384671.0470094,187015328.9529906,4.552123913222767e-11,-2.245500622556412e-19,-0.010090776566896616,-0.010090776566896616,1.0,0.0
197459911.98159632,0.5136834338751205,197459911.98159632,186940088.01840368,4.5504350397366046e-11,-2.243740819999633e-19,-0.010082868408589319,-0.010082868408589319,1.0,0.0
197535152.91618323,0.51387916991723,197535152.91618323,186864847.08381677,4.548747489607965e-11,-2.2419829689722005e-19,-0.010074969020017555,-0.010074969020017557,0.9999999999999998,1.734723475976807e-18
197610393.85077015,0.5140749059593396,197610393.85077015,186789606.14922985,4.547061261369656e-11,-2.24022706640741e-19,-0.010067078387400242,-0.01006707838740024,1.0000000000000002,1.734723475976807e-18
197685634.7853571,0.5142706420014492,197685634.7853571,186714365.2146429,4.545376353556785e-11,-2.2384731092442004e-19,-0.010059196496981657,-0.010059196496981653,1.0000000000000004,3.469446951953614e-18
197760875.719944,0.5144663780435588,197760875.719944,186639124.280056,4.543692764706765e-11,-2.236721094427142e-19,-0.01005132333503138,-0.01005132333503138,1.0,0.0
197836116.6545309,0.5146621140856683,197836116.6545309,186563883.3454691,4.5420104933593035e-11,-2.2349710189064205e-19,-0.010043458887844237,-0.010043458887844234,1.0000000000000004,3.469446951953614e-18
197911357.58911783,0.5148578501277778,197911357.58911783,186488642.41088217,4.540329538056403e-11,-2.233222879637826e-19,-0.010035603141740224,-0.010035603141740223,1.0000000000000002,1.734723475976807e-18
197986598.52370474,0.5150535861698875,197986598.52370474,186413401.47629526,4.5386498973423514e-11,-2.231476673582738e-19,-0.010027756083064464,-0.010027756083064466,0.9999999999999998,1.734723475976807e-18
198061839.45829165,0.515249322211997,198061839.45829165,186338160.54170835,4.5369715697637225e-11,-2.2297323977081156e-19,-0.010019917698187152,-0.01001991769818715,1.0000000000000002,1.734723475976807e-18
198137080.3928786,0.5154450582541067,198137080.3928786,186262919.6071214,4.5352945538693694e-11,-2.227990048986477e-19,-0.01001208797350346,-0.010012087973503458,1.0000000000000002,1.734723475976807e-18
198212321.3274655,0.5156407942962162,198212321.3274655,186187678.6725345,4.533618848210423e-11,-2.226249624395896e-19,-0.010004266895433532,-0.01000426689543353,1.0000000000000002,1.734723475976807e-18
198287562.26205242,0.5158365303383258,198287562.26205242,186112437.73794758,4.531944451340281e-11,-2.224511120919982e-19,-0.009996454450422384,-0.009996454450422384,1.0,0.0
198362803.19663933,0.5160322663804353,198362803.19663933,186037196.80336067,4.5302713618146156e-11,-2.222774535547869e-19,-0.009988650624939859,-0.009988650624939855,1.0000000000000004,3.469446951953614e-18
198438044.13122624,0.5162280024225449,198438044.13122624,185961955.86877376,4.528599578191357e-11,-2.221039865274203e-19,-0.009980855405480568,-0.009980855405480563,1.0000000000000004,5.204170427930421e-18
198513285.06581315,0.5164237384646544,198513285.06581315,185886714.93418685,4.526929099030695e-11,-2.219307107099127e-19,-0.009973068778563826,-0.009973068778563826,1.0,0.0
198588526.0004001,0.516619474506764,198588526.0004001,185811473.9995999,4.5252599228950766e-11,-2.2175762580282715e-19,-0.00996529073073361,-0.00996529073073361,1.0,0.0
198663766.934987,0.5168152105488736,198663766.934987,185736233.065013,4.523592048349199e-11,-2.2158473150727395e-19,-0.009957521248558487,-0.009957521248558487,1.0,0.0
198739007.86957392,0.5170109465909831,198739007.86957392,185660992.13042608,4.5219254739600056e-11,-2.2141202752490943e-19,-0.009949760318631557,-0.009949760318631554,1.0000000000000004,3.469446951953614e-18
198814248.80416083,0.5172066826330927,198814248.80416083,185585751.19583917,4.520260198296683e-11,-2.212395135579342e-19,-0.009942007927570388,-0.009942007927570386,1.0000000000000002,1.734723475976807e-18
198889489.73874775,0.5174024186752022,198889489.73874775,185510510.26125225,4.518596219930656e-11,-2.2106718930909283e-19,-0.009934264062016982,-0.00993426406201698,1.0000000000000002,1.734723475976807e-18
198964730.67333466,0.5175981547173119,198964730.67333466,185435269.32666534,4.5169335374355845e-11,-2.208950544816716e-19,-0.00992652870863769,-0.009926528708637689,1.0000000000000002,1.734723475976807e-18
199039971.6079216,0.5177938907594214,199039971.6079216,185360028.3920784,4.5152721493873575e-11,-2.2072310877949776e-19,-0.009918801854123176,-0.009918801854123176,1.0,0.0
199115212.5425085,0.517989626801531,199115212.5425085,185284787.4574915,4.5136120543640936e-11,-2.205513519069383e-19,-0.009911083485188354,-0.009911083485188354,1.0,0.0
199190453.47709543,0.5181853628436406,199190453.47709543,185209546.52290457,4.5119532509461305e-11,-2.2037978356889833e-19,-0.00990337358857232,-0.009903373588572318,1.0000000000000002,1.734723475976807e-18
199265694.41168234,0.5183810988857501,199265694.41168234,185134305.58831766,4.5102957377160256e-11,-2.202084034708199e-19,-0.0098956721510383,-0.009895672151038301,0.9999999999999998,1.734723475976807e-18
199340935.34626925,0.5185768349278597,199340935.34626925,185059064.65373075,4.508639513258549e-11,-2.2003721131868107e-19,-0.009887979159373606,-0.009887979159373604,1.0000000000000002,1.734723475976807e-18
199416176.28085616,0.5187725709699692,199416176.28085616,184983823.71914384,4.506984576160684e-11,-2.198662068189942e-19,-0.009880294600389562,-0.00988029460038956,1.0000000000000002,1.734723475976807e-18
199491417.2154431,0.5189683070120789,199491417.2154431,184908582.7845569,4.5053309250116165e-11,-2.1969538967880486e-19,-0.009872618460921452,-0.009872618460921453,0.9999999999999998,1.734723475976807e-18
199566658.15003002,0.5191640430541884,199566658.15003002,184833341.84996998,4.5036785584027394e-11,-2.19524759605691e-19,-0.009864950727828486,-0.009864950727828486,1.0,0.0
199641899.08461693,0.5193597790962979,199641899.08461693,184758100.91538307,4.5020274749276393e-11,-2.193543163077608e-19,-0.009857291387993699,-0.0098572913879937,0.9999999999999998,1.734723475976807e-18
199717140.01920384,0.5195555151384075,199717140.01920384,184682859.98079616,4.5003776731820984e-11,-2.191840594936523e-19,-0.009849640428323935,-0.009849640428323935,1.0,0.0
199792380.95379075,0.519751251180517,199792380.95379075,184607619.04620925,4.49872915176409e-11,-2.1901398887253155e-19,-0.009841997835749773,-0.00984199783574977,1.0000000000000004,3.469446951953614e-18
199867621.88837767,0.5199469872226266,199867621.88837767,184532378.11162233,4.4970819092737734e-11,-2.188441041540917e-19,-0.009834363597225471,-0.009834363597225471,1.0,0.0
199942862.8229646,0.5201427232647362,199942862.8229646,184457137.1770354,4.4954359443134884e-11,-2.1867440504855157e-19,-0.00982673769972891,-0.00982673769972891,1.0,0.0
200018103.75755152,0.5203384593068457,200018103.75755152,184381896.24244848,4.493791255487757e-11,-2.1850489126665474e-19,-0.009819120130261559,-0.009819120130261559,1.0,0.0
200093344.69213843,0.5205341953489554,200093344.69213843,184306655.30786157,4.4921478414032724e-11,-2.18335562519668e-19,-0.009811510875848391,-0.00981151087584839,1.0000000000000002,1.734723475976807e-18
200168585.62672535,0.5207299313910649,200168585.62672535,184231414.37327465,4.490505700668899e-11,-2.1816641851937986e-19,-0.00980390992353783,-0.009803909923537829,1.0000000000000002,1.734723475976807e-18
200243826.56131226,0.5209256674331745,200243826.56131226,184156173.43868774,4.488864831895668e-11,-2.179974589781002e-19,-0.009796317260401725,-0.009796317260401722,1.0000000000000004,3.469446951953614e-18
200319067.49589917,0.521121403475284,200319067.49589917,184080932.50410083,4.4872252336967736e-11,-2.1782868360865803e-19,-0.009788732873535258,-0.009788732873535254,1.0000000000000004,3.469446951953614e-18
200394308.4304861,0.5213171395173937,200394308.4304861,184005691.5695139,4.4855869046875673e-11,-2.17660092124401e-19,-0.00978115675005691,-0.009781156750056908,1.0000000000000002,1.734723475976807e-18
200469549.36507303,0.5215128755595032,200469549.36507303,183930450.63492697,4.483949843485558e-11,-2.17491684239194e-19,-0.009773588877108415,-0.009773588877108415,1.0,0.0
200544790.29965994,0.5217086116016127,200544790.29965994,183855209.70034006,4.4823140487104035e-11,-2.1732345966741785e-19,-0.009766029241854685,-0.009766029241854683,1.0000000000000002,1.734723475976807e-18
200620031.23424685,0.5219043476437223,200620031.23424685,183779968.76575315,4.48067951898391e-11,-2.171554181239678e-19,-0.009758477831483751,-0.009758477831483751,1.0,0.0
200695272.16883376,0.5221000836858318,200695272.16883376,183704727.83116624,4.479046252930025e-11,-2.1698755932425307e-19,-0.009750934633206743,-0.009750934633206743,1.0,0.0
200770513.10342067,0.5222958197279414,200770513.10342067,183629486.89657933,4.477414249174837e-11,-2.1681988298419493e-19,-0.009743399634257799,-0.009743399634257797,1.0000000000000002,1.734723475976807e-18
200845754.03800762,0.522491555770051,200845754.03800762,183554245.96199238,4.4757835063465704e-11,-2.1665238882022584e-19,-0.009735872821894028,-0.00973587282189403,0.9999999999999998,1.734723475976807e-18
200920994.97259453,0.5226872918121606,200920994.97259453,183479005.02740547,4.474154023075579e-11,-2.1648507654928838e-19,-0.009728354183395465,-0.009728354183395465,1.0,0.0
200996235.90718144,0.5228830278542701,200996235.90718144,183403764.09281856,4.4725257979943474e-11,-2.1631794588883357e-19,-0.009720843706064993,-0.009720843706064991,1.0000000000000002,1.734723475976807e-18
201071476.84176835,0.5230787638963796,201071476.84176835,183328523.15823165,4.4708988297374827e-11,-2.161509965568201e-19,-0.009713341377228304,-0.009713341377228304,1.0,0.0
201146717.77635527,0.5232744999384893,201146717.77635527,183253282.22364473,4.4692731169417106e-11,-2.1598422827171307e-19,-0.009705847184233854,-0.009705847184233852,1.0000000000000002,1.734723475976807e-18
201221958.71094218,0.5234702359805988,201221958.71094218,183178041.28905782,4.467648658245877e-11,-2.158176407524826e-19,-0.00969836111445279,-0.009698361114452788,1.0000000000000002,1.734723475976807e-18
201297199.64552912,0.5236659720227085,201297199.64552912,183102800.35447088,4.4660254522909354e-11,-2.1565123371860286e-19,-0.009690883155278907,-0.009690883155278907,1.0,0.0
201372440.58011603,0.523861708064818,201372440.58011603,183027559.41988397,4.464403497719954e-11,-2.1548500689005098e-19,-0.009683413294128607,-0.009683413294128605,1.0000000000000002,1.734723475976807e-18
201447681.51470295,0.5240574441069276,201447681.51470295,182952318.48529705,4.462782793178101e-11,-2.1531895998730543e-19,-0.009675951518440818,-0.009675951518440817,1.0000000000000002,1.734723475976807e-18
201522922.44928986,0.5242531801490371,201522922.44928986,182877077.55071014,4.4611633373126486e-11,-2.1515309273134525e-19,-0.009668497815676965,-0.009668497815676962,1.0000000000000004,3.469446951953614e-18
201598163.38387677,0.5244489161911466,201598163.38387677,182801836.61612323,4.4595451287729655e-11,-2.1498740484364868e-19,-0.009661052173320903,-0.009661052173320903,1.0,0.0
201673404.31846368,0.5246446522332562,201673404.31846368,182726595.68153632,4.457928166210514e-11,-2.1482189604619219e-19,-0.009653614578878875,-0.009653614578878875,1.0,0.0
201748645.25305063,0.5248403882753658,201748645.25305063,182651354.74694937,4.4563124482788475e-11,-2.14656566061449e-19,-0.009646185019879456,-0.009646185019879454,1.0000000000000002,1.734723475976807e-18
201823886.18763754,0.5250361243174754,201823886.18763754,182576113.81236246,4.454697973633605e-11,-2.1449141461238837e-19,-0.009638763483873498,-0.009638763483873497,1.0000000000000002,1.734723475976807e-18
201899127.12222445,0.5252318603595849,201899127.12222445,182500872.87777555,4.453084740932507e-11,-2.1432644142247383e-19,-0.009631349958434076,-0.009631349958434074,1.0000000000000002,1.734723475976807e-18
201974368.05681136,0.5254275964016945,201974368.05681136,182425631.94318864,4.451472748835355e-11,-2.1416164621566256e-19,-0.009623944431156444,-0.009623944431156444,1.0,0.0
202049608.99139827,0.525623332443804,202049608.99139827,182350391.00860173,4.4498619960040236e-11,-2.1399702871640402e-19,-0.00961654688965798,-0.00961654688965798,1.0,0.0
202124849.9259852,0.5258190684859136,202124849.9259852,182275150.0740148,4.44825248110246e-11,-2.138325886496387e-19,-0.00960915732157812,-0.00960915732157812,1.0,0.0
202200090.86057213,0.5260148045280232,202200090.86057213,182199909.13942787,4.446644202796678e-11,-2.136683257407972e-19,-0.009601775714578337,-0.009601775714578334,1.0000000000000004,3.469446951953614e-18
202275331.79515904,0.5262105405701328,202275331.79515904,182124668.20484096,4.445037159754758e-11,-2.1350423971579887e-19,-0.009594402056342058,-0.009594402056342058,1.0,0.0
202350572.72974595,0.5264062766122424,202350572.72974595,182049427.27025405,4.443431350646837e-11,-2.133403303010508e-19,-0.009587036334574632,-0.00958703633457463,1.0000000000000002,1.734723475976807e-18
202425813.66433287,0.5266020126543519,202425813.66433287,181974186.33566713,4.4418267741451124e-11,-2.1317659722344671e-19,-0.009579678537003271,-0.009579678537003271,1.0,0.0
202501054.59891978,0.5267977486964615,202501054.59891978,181898945.40108022,4.440223428923832e-11,-2.1301304021036556e-19,-0.009572328651377,-0.009572328651376999,1.0000000000000002,1.734723475976807e-18
202576295.5335067,0.526993484738571,202576295.5335067,181823704.4664933,4.438621313659294e-11,-2.1284965898967065e-19,-0.009564986665466606,-0.009564986665466606,1.0,0.0
202651536.46809363,0.5271892207806806,202651536.46809363,181748463.53190637,4.437020427029842e-11,-2.1268645328970847e-19,-0.009557652567064588,-0.009557652567064586,1.0000000000000002,1.734723475976807e-18
202726777.40268055,0.5273849568227902,202726777.40268055,181673222.59731945,4.435420767715863e-11,-2.1252342283930764e-19,-0.009550326343985109,-0.009550326343985109,1.0,0.0
202802018.33726746,0.5275806928648997,202802018.33726746,181597981.66273254,4.433822334399781e-11,-2.123605673677774e-19,-0.009543007984063939,-0.009543007984063939,1.0,0.0
202877259.27185437,0.5277764289070093,202877259.27185437,181522740.72814563,4.4322251257660566e-11,-2.1219788660490703e-19,-0.009535697475158408,-0.009535697475158407,1.0000000000000002,1.734723475976807e-18
202952500.20644128,0.5279721649491188,202952500.20644128,181447499.79355872,4.430629140501179e-11,-2.1203538028096419e-19,-0.009528394805147352,-0.00952839480514735,1.0000000000000002,1.734723475976807e-18
203027741.1410282,0.5281679009912283,203027741.1410282,181372258.8589718,4.4290343772936674e-11,-2.1187304812669425e-19,-0.009521099961931073,-0.009521099961931071,1.0000000000000002,1.734723475976807e-18
203102982.07561514,0.528363637033338,203102982.07561514,181297017.92438486,4.4274408348340637e-11,-2.1171088987331886e-19,-0.00951381293343127,-0.00951381293343127,1.0,0.0
203178223.01020205,0.5285593730754475,203178223.01020205,181221776.98979795,4.425848511814932e-11,-2.115489052525352e-19,-0.009506533707591018,-0.009506533707591018,1.0,0.0
203253463.94478896,0.5287551091175572,203253463.94478896,181146536.05521104,4.4242574069308514e-11,-2.113870939965143e-19,-0.009499262272374683,-0.009499262272374681,1.0000000000000002,1.734723475976807e-18
203328704.87937587,0.5289508451596667,203328704.87937587,181071295.12062413,4.4226675188784166e-11,-2.1122545583790048e-19,-0.009491998615767902,-0.009491998615767898,1.0000000000000004,3.469446951953614e-18
203403945.8139628,0.5291465812017763,203403945.8139628,180996054.1860372,4.4210788463562295e-11,-2.1106399050981e-19,-0.009484742725777514,-0.009484742725777514,1.0,0.0
203479186.7485497,0.5293423172438858,203479186.7485497,180920813.2514503,4.4194913880649e-11,-2.1090269774582993e-19,-0.00947749459043152,-0.00947749459043152,1.0,0.0
203554427.68313664,0.5295380532859955,203554427.68313664,180845572.31686336,4.41790514270704e-11,-2.107415772800171e-19,-0.009470254197779032,-0.00947025419777903,1.0000000000000002,1.734723475976807e-18
203629668.61772355,0.529733789328105,203629668.61772355,180770331.38227645,4.416320108987262e-11,-2.1058062884689714e-19,-0.009463021535890225,-0.009463021535890223,1.0000000000000002,1.734723475976807e-18
203704909.55231047,0.5299295253702145,203704909.55231047,180695090.44768953,4.4147362856121736e-11,-2.104198521814631e-19,-0.00945579659285628,-0.009455796592856279,1.0000000000000002,1.734723475976807e-18
203780150.48689738,0.5301252614123241,203780150.48689738,180619849.51310262,4.4131536712903726e-11,-2.1025924701917456e-19,-0.009448579356789345,-0.009448579356789345,1.0,0.0
203855391.4214843,0.5303209974544336,203855391.4214843,180544608.5785157,4.4115722647324474e-11,-2.1009881309595646e-19,-0.009441369815822479,-0.009441369815822479,1.0,0.0
203930632.3560712,0.5305167334965432,203930632.3560712,180469367.6439288,4.409992064650973e-11,-2.0993855014819817e-19,-0.00943416795810961,-0.00943416795810961,1.0,0.0
204005873.29065815,0.5307124695386528,204005873.29065815,180394126.70934185,4.408413069760501e-11,-2.0977845791275207e-19,-0.009426973771825473,-0.009426973771825472,1.0000000000000002,1.734723475976807e-18
204081114.22524506,0.5309082055807623,204081114.22524506,180318885.77475494,4.406835278777568e-11,-2.096185361269329e-19,-0.009419787245165581,-0.009419787245165583,0.9999999999999998,1.734723475976807e-18
204156355.15983197,0.5311039416228719,204156355.15983197,180243644.84016803,4.40525869042068e-11,-2.0945878452851634e-19,-0.009412608366346163,-0.009412608366346163,1.0,0.0
204231596.09441888,0.5312996776649815,204231596.09441888,180168403.90558112,4.403683303410316e-11,-2.0929920285573804e-19,-0.009405437123604114,-0.009405437123604114,1.0,0.0
204306837.0290058,0.5314954137070911,204306837.0290058,180093162.9709942,4.402109116468924e-11,-2.091397908472926e-19,-0.009398273505196956,-0.009398273505196956,1.0,0.0
204382077.9635927,0.5316911497492006,204382077.9635927,180017922.0364073,4.4005361283209144e-11,-2.0898054824233245e-19,-0.009391117499402782,-0.009391117499402782,1.0,0.0
204457318.89817965,0.5318868857913103,204457318.89817965,179942681.10182035,4.3989643376926594e-11,-2.0882147478046675e-19,-0.009383969094520212,-0.00938396909452021,1.0000000000000002,1.734723475976807e-18
204532559.83276656,0.5320826218334198,204532559.83276656,179867440.16723344,4.39739374331249e-11,-2.0866257020176046e-19,-0.009376828278868349,-0.009376828278868347,1.0000000000000002,1.734723475976807e-18
204607800.76735348,0.5322783578755294,204607800.76735348,179792199.23264652,4.3958243439106886e-11,-2.0850383424673306e-19,-0.009369695040786719,-0.009369695040786719,1.0,0.0
204683041.7019404,0.5324740939176389,204683041.7019404,179716958.2980596,4.39425613821949e-11,-2.0834526665635774e-19,-0.009362569368635236,-0.009362569368635235,1.0000000000000002,1.734723475976807e-18
204758282.6365273,0.5326698299597484,204758282.6365273,179641717.3634727,4.392689124973077e-11,-2.0818686717206006e-19,-0.009355451250794147,-0.009355451250794148,0.9999999999999998,1.734723475976807e-18
204833523.5711142,0.532865566001858,204833523.5711142,179566476.4288858,4.3911233029075736e-11,-2.080286355357172e-19,-0.00934834067566399,-0.009348340675663988,1.0000000000000002,1.734723475976807e-18
204908764.50570115,0.5330613020439676,204908764.50570115,179491235.49429885,4.389558670761045e-11,-2.0787057148965652e-19,-0.009341237631665533,-0.009341237631665531,1.0000000000000002,1.734723475976807e-18
204984005.44028807,0.5332570380860772,204984005.44028807,179415994.55971193,4.3879952272734967e-11,-2.0771267477665508e-19,-0.009334142107239755,-0.009334142107239755,1.0,0.0
205059246.37487498,0.5334527741281867,205059246.37487498,179340753.62512502,4.3864329711868645e-11,-2.07554945139938e-19,-0.009327054090847768,-0.009327054090847766,1.0000000000000002,1.734723475976807e-18
205134487.3094619,0.5336485101702962,205134487.3094619,179265512.6905381,4.384871901245014e-11,-2.0739738232317777e-19,-0.009319973570970787,-0.009319973570970785,1.0000000000000002,1.734723475976807e-18
205209728.2440488,0.5338442462124059,205209728.2440488,179190271.7559512,4.383312016193741e-11,-2.0723998607049298e-19,-0.009312900536110075,-0.009312900536110075,1.0,0.0
205284969.17863572,0.5340399822545154,205284969.17863572,179115030.82136428,4.3817533147807625e-11,-2.0708275612644758e-19,-0.00930583497478691,-0.00930583497478691,1.0,0.0
205360210.11322266,0.534235718296625,205360210.11322266,179039789.88677734,4.3801957957557155e-11,-2.0692569223604952e-19,-0.00929877687554252,-0.00929877687554252,1.0,0.0
205435451.04780957,0.5344314543387346,205435451.04780957,178964548.95219043,4.378639457870155e-11,-2.0676879414474995e-19,-0.00929172622693805,-0.00929172622693805,1.0,0.0
205510691.98239648,0.5346271903808442,205510691.98239648,178889308.01760352,4.377084299877551e-11,-2.0661206159844213e-19,-0.009284683017554512,-0.00928468301755451,1.0000000000000002,1.734723475976807e-18
205585932.9169834,0.5348229264229537,205585932.9169834,178814067.0830166,4.375530320533281e-11,-2.0645549434346022e-19,-0.00927764723599273,-0.00927764723599273,1.0,0.0
205661173.8515703,0.5350186624650632,205661173.8515703,178738826.1484297,4.37397751859463e-11,-2.0629909212657847e-19,-0.009270618870873312,-0.009270618870873309,1.0000000000000004,3.469446951953614e-18
205736414.78615722,0.5352143985071728,205736414.78615722,178663585.21384278,4.372425892820787e-11,-2.061428546950102e-19,-0.009263597910836585,-0.009263597910836583,1.0000000000000002,1.734723475976807e-18
205811655.72074416,0.5354101345492824,205811655.72074416,178588344.27925584,4.3708754419728414e-11,-2.0598678179640653e-19,-0.00925658434454256,-0.009256584344542558,1.0000000000000002,1.734723475976807e-18
205886896.65533108,0.535605870591392,205886896.65533108,178513103.34466892,4.3693261648137817e-11,-2.0583087317885576e-19,-0.009249578160670888,-0.009249578160670886,1.0000000000000002,1.734723475976807e-18
205962137.589918,0.5358016066335015,205962137.589918,178437862.410082,4.367778060108487e-11,-2.0567512859088191e-19,-0.0092425793479208,-0.0092425793479208,1.0,0.0
206037378.5245049,0.535997342675611,206037378.5245049,178362621.4754951,4.366231126623728e-11,-2.0551954778144406e-19,-0.009235587895011084,-0.009235587895011083,1.0000000000000002,1.734723475976807e-18
206112619.4590918,0.5361930787177206,206112619.4590918,178287380.5409082,4.364685363128163e-11,-2.0536413049993505e-19,-0.009228603790680013,-0.009228603790680013,1.0,0.0
206187860.39367872,0.5363888147598301,206187860.39367872,178212139.60632128,4.363140768392334e-11,-2.052088764961807e-19,-0.00922162702368532,-0.00922162702368532,1.0,0.0
206263101.32826567,0.5365845508019398,206263101.32826567,178136898.67173433,4.361597341188662e-11,-2.0505378552043864e-19,-0.009214657582804145,-0.009214657582804145,1.0,0.0
206338342.26285258,0.5367802868440493,206338342.26285258,178061657.73714742,4.3600550802914504e-11,-2.0489885732339756e-19,-0.009207695456832993,-0.009207695456832993,1.0,0.0
206413583.1974395,0.536976022886159,206413583.1974395,177986416.8025605,4.358513984476872e-11,-2.047440916561758e-19,-0.009200740634587682,-0.00920074063458768,1.0000000000000002,1.734723475976807e-18
206488824.1320264,0.5371717589282685,206488824.1320264,177911175.8679736,4.356974052522972e-11,-2.0458948827032065e-19,-0.009193793104903304,-0.009193793104903304,1.0,0.0
206564065.06661332,0.5373674949703781,206564065.06661332,177835934.93338668,4.355435283209664e-11,-2.0443504691780729e-19,-0.009186852856634179,-0.009186852856634177,1.0000000000000002,1.734723475976807e-18
206639306.00120023,0.5375632310124876,206639306.00120023,177760693.99879977,4.3538976753187254e-11,-2.0428076735103777e-19,-0.00917991987865381,-0.009179919878653808,1.0000000000000002,1.734723475976807e-18
206714546.93578717,0.5377589670545972,206714546.93578717,177685453.06421283,4.3523612276337946e-11,-2.0412664932283985e-19,-0.009172994159854831,-0.00917299415985483,1.0000000000000002,1.734723475976807e-18
206789787.87037408,0.5379547030967068,206789787.87037408,177610212.12962592,4.350825938940371e-11,-2.0397269258646657e-19,-0.009166075689148985,-0.009166075689148985,1.0,0.0
206865028.804961,0.5381504391388163,206865028.804961,177534971.195039,4.3492918080258046e-11,-2.0381889689559443e-19,-0.009159164455467049,-0.009159164455467047,1.0000000000000002,1.734723475976807e-18
206940269.7395479,0.5383461751809259,206940269.7395479,177459730.2604521,4.3477588336793015e-11,-2.0366526200432314e-19,-0.009152260447758812,-0.009152260447758812,1.0,0.0
207015510.67413482,0.5385419112230354,207015510.67413482,177384489.32586518,4.346227014691911e-11,-2.0351178766717416e-19,-0.009145363654993018,-0.009145363654993017,1.0000000000000002,1.734723475976807e-18
207090751.60872176,0.5387376472651451,207090751.60872176,177309248.39127824,4.3446963498565343e-11,-2.033584736390899e-19,-0.009138474066157332,-0.009138474066157328,1.0000000000000004,3.469446951953614e-18
207165992.54330868,0.5389333833072546,207165992.54330868,177234007.45669132,4.34316683796791e-11,-2.0320531967543285e-19,-0.00913159167025829,-0.00913159167025829,1.0,0.0
207241233.4778956,0.5391291193493641,207241233.4778956,177158766.5221044,4.341638477822618e-11,-2.0305232553198442e-19,-0.009124716456321257,-0.009124716456321255,1.0000000000000002,1.734723475976807e-18
207316474.4124825,0.5393248553914737,207316474.4124825,177083525.5875175,4.340111268219073e-11,-2.0289949096494398e-19,-0.009117848413390377,-0.009117848413390377,1.0,0.0
207391715.3470694,0.5395205914335833,207391715.3470694,177008284.6529306,4.338585207957523e-11,-2.0274681573092795e-19,-0.009110987530528539,-0.009110987530528537,1.0000000000000002,1.734723475976807e-18
207466956.28165632,0.5397163274756929,207466956.28165632,176933043.71834368,4.337060295840047e-11,-2.0259429958696883e-19,-0.009104133796817328,-0.009104133796817328,1.0,0.0
207542197.21624327,0.5399120635178024,207542197.21624327,176857802.78375673,4.335536530670547e-11,-2.0244194229051415e-19,-0.009097287201356979,-0.009097287201356979,1.0,0.0
207617438.15083018,0.5401077995599121,207617438.15083018,176782561.84916982,4.334013911254754e-11,-2.022897435994257e-19,-0.009090447733266343,-0.009090447733266343,1.0,0.0
207692679.0854171,0.5403035356020216,207692679.0854171,176707320.9145829,4.332492436400213e-11,-2.0213770327197836e-19,-0.009083615381682836,-0.009083615381682834,1.0000000000000002,1.734723475976807e-18
207767920.020004,0.5404992716441311,207767920.020004,176632079.979996,4.33097210491629e-11,-2.0198582106685914e-19,-0.009076790135762392,-0.00907679013576239,1.0000000000000002,1.734723475976807e-18
207843160.95459092,0.5406950076862407,207843160.95459092,176556839.04540908,4.329452915614166e-11,-2.0183409674316625e-19,-0.009069971984679426,-0.009069971984679424,1.0000000000000002,1.734723475976807e-18
207918401.88917783,0.5408907437283502,207918401.88917783,176481598.11082217,4.3279348673068305e-11,-2.0168253006040843e-19,-0.009063160917626798,-0.009063160917626798,1.0,0.0
207993642.82376477,0.5410864797704599,207993642.82376477,176406357.17623523,4.32641795880908e-11,-2.0153112077850338e-19,-0.00905635692381575,-0.009056356923815748,1.0000000000000002,1.734723475976807e-18
208068883.75835168,0.5412822158125694,208068883.75835168,176331116.24164832,4.32490218893752e-11,-2.0137986865777759e-19,-0.009049559992475887,-0.009049559992475885,1.0000000000000002,1.734723475976807e-18
208144124.6929386,0.541477951854679,208144124.6929386,176255875.3070614,4.3233875565105544e-11,-2.0122877345896457e-19,-0.009042770112855114,-0.009042770112855113,1.0000000000000002,1.734723475976807e-18
208219365.6275255,0.5416736878967885,208219365.6275255,176180634.3724745,4.3218740603483875e-11,-2.0107783494320458e-19,-0.009035987274219608,-0.009035987274219604,1.0000000000000004,3.469446951953614e-18
208294606.56211242,0.541869423938898,208294606.56211242,176105393.43788758,4.320361699273019e-11,-2.009270528720432e-19,-0.009029211465853759,-0.00902921146585376,0.9999999999999998,1.734723475976807e-18
208369847.49669933,0.5420651599810077,208369847.49669933,176030152.50330067,4.318850472108239e-11,-2.0077642700743076e-19,-0.009022442677060153,-0.009022442677060151,1.0000000000000002,1.734723475976807e-18
208445088.43128628,0.5422608960231172,208445088.43128628,175954911.56871372,4.317340377679631e-11,-2.0062595711172105e-19,-0.009015680897159498,-0.009015680897159494,1.0000000000000004,3.469446951953614e-18
208520329.3658732,0.5424566320652268,208520329.3658732,175879670.6341268,4.3158314148145636e-11,-2.0047564294767075e-19,-0.009008926115490612,-0.009008926115490612,1.0,0.0
208595570.3004601,0.5426523681073364,208595570.3004601,175804429.6995399,4.314323582342187e-11,-2.0032548427843817e-19,-0.009002178321410361,-0.00900217832141036,1.0000000000000002,1.734723475976807e-18
208670811.235047,0.542848104149446,208670811.235047,175729188.764953,4.3128168790934333e-11,-2.0017548086758243e-19,-0.008995437504293623,-0.008995437504293624,0.9999999999999998,1.734723475976807e-18
208746052.16963392,0.5430438401915555,208746052.16963392,175653947.83036608,4.3113113039010136e-11,-2.0002563247906265e-19,-0.008988703653533247,-0.008988703653533246,1.0000000000000002,1.734723475976807e-18
208821293.10422084,0.543239576233665,208821293.10422084,175578706.89577916,4.3098068555994116e-11,-1.9987593887723678e-19,-0.008981976758540008,-0.008981976758540008,1.0,0.0
208896534.03880778,0.5434353122757747,208896534.03880778,175503465.96119222,4.3083035330248805e-11,-1.9972639982686075e-19,-0.008975256808742567,-0.008975256808742567,1.0,0.0
208971774.9733947,0.5436310483178842,208971774.9733947,175428225.0266053,4.306801335015449e-11,-1.9957701509308791e-19,-0.008968543793587438,-0.008968543793587438,1.0,0.0
209047015.9079816,0.5438267843599938,209047015.9079816,175352984.0920184,4.305300260410904e-11,-1.9942778444146743e-19,-0.00896183770253893,-0.008961837702538927,1.0000000000000004,3.469446951953614e-18
209122256.84256852,0.5440225204021033,209122256.84256852,175277743.15743148,4.303800308052799e-11,-1.9927870763794386e-19,-0.008955138525079112,-0.008955138525079112,1.0,0.0
209197497.77715543,0.5442182564442128,209197497.77715543,175202502.22284457,4.3023014767844445e-11,-1.9912978444885607e-19,-0.00894844625070778,-0.008948446250707778,1.0000000000000002,1.734723475976807e-18
209272738.71174234,0.5444139924863224,209272738.71174234,175127261.28825766,4.3008037654509096e-11,-1.9898101464093643e-19,-0.008941760868942408,-0.008941760868942404,1.0000000000000004,3.469446951953614e-18
209347979.64632928,0.544609728528432,209347979.64632928,175052020.35367072,4.299307172899016e-11,-1.9883239798130954e-19,-0.008935082369318096,-0.008935082369318096,1.0,0.0
209423220.5809162,0.5448054645705416,209423220.5809162,174976779.4190838,4.2978116979773374e-11,-1.9868393423749198e-19,-0.00892841074138756,-0.00892841074138756,1.0,0.0
209498461.5155031,0.5450012006126511,209498461.5155031,174901538.4844969,4.2963173395361936e-11,-1.9853562317739074e-19,-0.008921745974721064,-0.008921745974721063,1.0000000000000002,1.734723475976807e-18
209573702.45009002,0.5451969366547608,209573702.45009002,174826297.54990998,4.294824096427651e-11,-1.983874645693025e-19,-0.008915088058906376,-0.008915088058906376,1.0,0.0
209648943.38467693,0.5453926726968703,209648943.38467693,174751056.61532307,4.293331967505515e-11,-1.9823945818191299e-19,-0.008908436983548753,-0.008908436983548755,0.9999999999999998,1.734723475976807e-18
209724184.31926385,0.5455884087389798,209724184.31926385,174675815.68073615,4.291840951625333e-11,-1.9809160378429576e-19,-0.008901792738270879,-0.008901792738270879,1.0,0.0
209799425.2538508,0.5457841447810895,209799425.2538508,174600574.7461492,4.2903510476443876e-11,-1.9794390114591133e-19,-0.008895155312712824,-0.008895155312712824,1.0,0.0
209874666.1884377,0.545979880823199,209874666.1884377,174525333.8115623,4.2888622544216936e-11,-1.9779635003660666e-19,-0.008888524696532028,-0.008888524696532028,1.0,0.0
209949907.1230246,0.5461756168653086,209949907.1230246,174450092.8769754,4.2873745708179967e-11,-1.9764895022661361e-19,-0.008881900879403224,-0.008881900879403224,1.0,0.0
210025148.05761153,0.5463713529074181,210025148.05761153,174374851.94238847,4.285887995695771e-11,-1.975017014865485e-19,-0.008875283851018425,-0.008875283851018424,1.0000000000000002,1.734723475976807e-18
210100388.99219844,0.5465670889495277,210100388.99219844,174299611.00780156,4.284402527919213e-11,-1.9735460358741115e-19,-0.008868673601086875,-0.008868673601086874,1.0000000000000002,1.734723475976807e-18
210175629.92678535,0.5467628249916372,210175629.92678535,174224370.07321465,4.2829181663542414e-11,-1.9720765630058387e-19,-0.008862070119335007,-0.008862070119335007,1.0,0.0
210250870.8613723,0.5469585610337468,210250870.8613723,174149129.1386277,4.281434909868494e-11,-1.970608593978305e-19,-0.008855473395506401,-0.0088554733955064,1.0000000000000002,1.734723475976807e-18
210326111.7959592,0.5471542970758564,210326111.7959592,174073888.2040408,4.2799527573313256e-11,-1.9691421265129593e-19,-0.008848883419361759,-0.008848883419361759,1.0,0.0
210401352.73054612,0.5473500331179659,210401352.73054612,173998647.26945388,4.278471707613802e-11,-1.9676771583350477e-19,-0.008842300180678846,-0.008842300180678844,1.0000000000000002,1.734723475976807e-18
210476593.66513303,0.5475457691600755,210476593.66513303,173923406.33486697,4.276991759588701e-11,-1.9662136871736053e-19,-0.008835723669252454,-0.008835723669252454,1.0,0.0
210551834.59971994,0.5477415052021851,210551834.59971994,173848165.40028006,4.275512912130504e-11,-1.9647517107614502e-19,-0.008829153874894377,-0.008829153874894375,1.0000000000000002,1.734723475976807e-18
210627075.53430685,0.5479372412442947,210627075.53430685,173772924.46569315,4.274035164115402e-11,-1.963291226835171e-19,-0.008822590787433351,-0.008822590787433351,1.0,0.0
210702316.4688938,0.5481329772864043,210702316.4688938,173697683.5311062,4.272558514421283e-11,-1.9618322331351204e-19,-0.008816034396715026,-0.008816034396715026,1.0,0.0
210777557.4034807,0.5483287133285139,210777557.4034807,173622442.5965193,4.2710829619277374e-11,-1.9603747274054072e-19,-0.008809484692601934,-0.008809484692601934,1.0,0.0
210852798.33806762,0.5485244493706234,210852798.33806762,173547201.66193238,4.2696085055160494e-11,-1.9589187073938837e-19,-0.008802941664973429,-0.008802941664973427,1.0000000000000002,1.734723475976807e-18
210928039.27265453,0.5487201854127329,210928039.27265453,173471960.72734547,4.268135144069197e-11,-1.9574641708521407e-19,-0.008796405303725661,-0.008796405303725661,1.0,0.0
211003280.20724145,0.5489159214548425,211003280.20724145,173396719.79275855,4.266662876471847e-11,-1.9560111155354982e-19,-0.008789875598771544,-0.00878987559877154,1.0000000000000004,3.469446951953614e-18
211078521.14182836,0.549111657496952,211078521.14182836,173321478.85817164,4.265191701610357e-11,-1.9545595392029938e-19,-0.008783352540040692,-0.00878335254004069,1.0000000000000002,1.734723475976807e-18
211153762.0764153,0.5493073935390617,211153762.0764153,173246237.9235847,4.263721618372766e-11,-1.9531094396173774e-19,-0.008776836117479408,-0.008776836117479408,1.0,0.0
211229003.0110022,0.5495031295811712,211229003.0110022,173170996.9889978,4.262252625648797e-11,-1.9516608145451025e-19,-0.008770326321050634,-0.008770326321050632,1.0000000000000002,1.734723475976807e-18
211304243.94558913,0.5496988656232807,211304243.94558913,173095756.05441087,4.2607847223298524e-11,-1.9502136617563146e-19,-0.0087638231407339,-0.0087638231407339,1.0,0.0
211379484.88017604,0.5498946016653903,211379484.88017604,173020515.11982396,4.2593179073090084e-11,-1.948767979024845e-19,-0.008757326566525307,-0.008757326566525307,1.0,0.0
211454725.81476295,0.5500903377074998,211454725.81476295,172945274.18523705,4.257852179481017e-11,-1.947323764128202e-19,-0.008750836588437474,-0.008750836588437472,1.0000000000000002,1.734723475976807e-18
211529966.74934986,0.5502860737496095,211529966.74934986,172870033.25065014,4.256387537742301e-11,-1.9458810148475601e-19,-0.008744353196499495,-0.008744353196499494,1.0000000000000002,1.734723475976807e-18
211605207.6839368,0.550481809791719,211605207.6839368,172794792.3160632,4.25492398099095e-11,-1.9444397289677553e-19,-0.008737876380756921,-0.00873787638075692,1.0000000000000002,1.734723475976807e-18
211680448.61852372,0.5506775458338287,211680448.61852372,172719551.38147628,4.253461508126721e-11,-1.942999904277274e-19,-0.008731406131271704,-0.008731406131271702,1.0000000000000002,1.734723475976807e-18
211755689.55311063,0.5508732818759382,211755689.55311063,172644310.44688937,4.2520001180510306e-11,-1.9415615385682438e-19,-0.008724942438122163,-0.008724942438122163,1.0,0.0
211830930.48769754,0.5510690179180477,211830930.48769754,172569069.51230246,4.2505398096669583e-11,-1.9401246296364276e-19,-0.008718485291402947,-0.008718485291402947,1.0,0.0
211906171.42228445,0.5512647539601573,211906171.42228445,172493828.57771555,4.24908058187924e-11,-1.938689175281212e-19,-0.008712034681224995,-0.008712034681224994,1.0000000000000002,1.734723475976807e-18
211981412.35687137,0.5514604900022668,211981412.35687137,172418587.64312863,4.247622433594264e-11,-1.937255173305602e-19,-0.008705590597715505,-0.008705590597715503,1.0000000000000002,1.734723475976807e-18
212056653.2914583,0.5516562260443765,212056653.2914583,172343346.7085417,4.246165363720071e-11,-1.9358226215162097e-19,-0.008699153031017879,-0.008699153031017879,1.0,0.0
212131894.22604522,0.551851962086486,212131894.22604522,172268105.77395478,4.2447093711663536e-11,-1.9343915177232482e-19,-0.008692721971291709,-0.008692721971291707,1.0000000000000002,1.734723475976807e-18
212207135.16063213,0.5520476981285956,212207135.16063213,172192864.83936787,4.243254454844448e-11,-1.9329618597405217e-19,-0.008686297408712719,-0.00868629740871272,0.9999999999999998,1.734723475976807e-18
212282376.09521905,0.5522434341707051,212282376.09521905,172117623.90478095,4.241800613667333e-11,-1.9315336453854178e-19,-0.00867987933347274,-0.008679879333472739,1.0000000000000002,1.734723475976807e-18
212357617.02980596,0.5524391702128146,212357617.02980596,172042382.97019404,4.2403478465496305e-11,-1.9301068724788983e-19,-0.008673467735779662,-0.008673467735779658,1.0000000000000004,3.469446951953614e-18
212432857.96439287,0.5526349062549242,212432857.96439287,171967142.03560713,4.2388961524075996e-11,-1.9286815388454917e-19,-0.008667062605857402,-0.0086670626058574,1.0000000000000002,1.734723475976807e-18
212508098.8989798,0.5528306422970338,212508098.8989798,171891901.1010202,4.2374455301591355e-11,-1.9272576423132841e-19,-0.008660663933945868,-0.008660663933945866,1.0000000000000002,1.734723475976807e-18
212583339.83356673,0.5530263783391434,212583339.83356673,171816660.16643327,4.2359959787237656e-11,-1.9258351807139135e-19,-0.008654271710300924,-0.008654271710300922,1.0000000000000002,1.734723475976807e-18
212658580.76815364,0.5532221143812529,212658580.76815364,171741419.23184636,4.234547497022647e-11,-1.9244141518825565e-19,-0.00864788592519434,-0.00864788592519434,1.0,0.0
212733821.70274055,0.5534178504233626,212733821.70274055,171666178.29725945,4.233100083978566e-11,-1.9229945536579244e-19,-0.008641506568913772,-0.008641506568913772,1.0,0.0
212809062.63732746,0.5536135864654721,212809062.63732746,171590937.36267254,4.2316537385159327e-11,-1.921576383882253e-19,-0.00863513363176271,-0.00863513363176271,1.0,0.0
212884303.57191437,0.5538093225075816,212884303.57191437,171515696.42808563,4.230208459560778e-11,-1.9201596404012946e-19,-0.008628767104060445,-0.008628767104060445,1.0,0.0
212959544.50650132,0.5540050585496913,212959544.50650132,171440455.49349868,4.2287642460407546e-11,-1.9187443210643102e-19,-0.00862240697614204,-0.008622406976142038,1.0000000000000002,1.734723475976807e-18
213034785.44108823,0.5542007945918008,213034785.44108823,171365214.55891177,4.2273210968851324e-11,-1.9173304237240614e-19,-0.008616053238358285,-0.008616053238358285,1.0,0.0
213110026.37567514,0.5543965306339104,213110026.37567514,171289973.62432486,4.2258790110247935e-11,-1.915917946236801e-19,-0.008609705881075663,-0.00860970588107566,1.0000000000000002,1.734723475976807e-18
213185267.31026205,0.5545922666760199,213185267.31026205,171214732.68973795,4.224437987392232e-11,-1.9145068864622657e-19,-0.00860336489467631,-0.008603364894676307,1.0000000000000002,1.734723475976807e-18
213260508.24484897,0.5547880027181294,213260508.24484897,171139491.75515103,4.222998024921552e-11,-1.9130972422636682e-19,-0.00859703026955798,-0.008597030269557979,1.0000000000000002,1.734723475976807e-18
213335749.17943588,0.554983738760239,213335749.17943588,171064250.82056412,4.2215591225484645e-11,-1.9116890115076888e-19,-0.008590701996134015,-0.008590701996134013,1.0000000000000002,1.734723475976807e-18
213410990.11402282,0.5551794748023486,213410990.11402282,170989009.88597718,4.220121279210283e-11,-1.9102821920644663e-19,-0.008584380064833296,-0.008584380064833296,1.0,0.0
213486231.04860973,0.5553752108444582,213486231.04860973,170913768.95139027,4.218684493845922e-11,-1.9088767818075924e-19,-0.008578064466100219,-0.008578064466100219,1.0,0.0
213561471.98319665,0.5555709468865677,213561471.98319665,170838528.01680335,4.217248765395898e-11,-1.9074727786141004e-19,-0.00857175519039465,-0.00857175519039465,1.0,0.0
213636712.91778356,0.5557666829286773,213636712.91778356,170763287.08221644,4.2158140928023176e-11,-1.9060701803644597e-19,-0.00856545222819189,-0.008565452228191892,0.9999999999999998,1.734723475976807e-18
213711953.85237047,0.5559624189707869,213711953.85237047,170688046.14762953,4.214380475008887e-11,-1.904668984942566e-19,-0.008559155569982643,-0.008559155569982643,1.0,0.0
213787194.78695738,0.5561581550128964,213787194.78695738,170612805.21304262,4.212947910960898e-11,-1.903269190235735e-19,-0.008552865206272981,-0.00855286520627298,1.0000000000000002,1.734723475976807e-18
213862435.72154433,0.5563538910550061,213862435.72154433,170537564.27845567,4.211516399605235e-11,-1.9018707941346922e-19,-0.008546581127584293,-0.008546581127584291,1.0000000000000002,1.734723475976807e-18
213937676.65613124,0.5565496270971156,213937676.65613124,170462323.34386876,4.210085939890366e-11,-1.9004737945335668e-19,-0.008540303324453269,-0.008540303324453267,1.0000000000000002,1.734723475976807e-18
214012917.59071815,0.5567453631392252,214012917.59071815,170387082.40928185,4.208656530766343e-11,-1.8990781893298835e-19,-0.008534031787431857,-0.008534031787431857,1.0,0.0
214088158.52530506,0.5569410991813347,214088158.52530506,170311841.47469494,4.207228171184798e-11,-1.8976839764245532e-19,-0.00852776650708722,-0.008527766507087219,1.0000000000000002,1.734723475976807e-18
214163399.45989197,0.5571368352234443,214163399.45989197,170236600.54010803,4.205800860098941e-11,-1.8962911537218655e-19,-0.008521507474001707,-0.008521507474001707,1.0,0.0
214238640.3944789,0.5573325712655538,214238640.3944789,170161359.6055211,4.204374596463556e-11,-1.8948997191294834e-19,-0.00851525467877282,-0.00851525467877282,1.0,0.0
214313881.32906583,0.5575283073076635,214313881.32906583,170086118.67093417,4.202949379235006e-11,-1.8935096705584298e-19,-0.008509008112013172,-0.008509008112013168,1.0000000000000004,3.469446951953614e-18
214389122.26365274,0.557724043349773,214389122.26365274,170010877.73634726,4.201525207371217e-11,-1.8921210059230853e-19,-0.008502767764350449,-0.008502767764350449,1.0,0.0
214464363.19823965,0.5579197793918825,214464363.19823965,169935636.80176035,4.2001020798316886e-11,-1.8907337231411783e-19,-0.008496533626427391,-0.00849653362642739,1.0000000000000002,1.734723475976807e-18
214539604.13282657,0.5581155154339921,214539604.13282657,169860395.86717343,4.198679995577483e-11,-1.8893478201337749e-19,-0.008490305688901738,-0.008490305688901734,1.0000000000000004,3.469446951953614e-18
214614845.06741348,0.5583112514761016,214614845.06741348,169785154.93258652,4.197258953571226e-11,-1.887963294825274e-19,-0.0084840839424462,-0.0084840839424462,1.0,0.0
214690086.0020004,0.5585069875182113,214690086.0020004,169709913.9979996,4.195838952777103e-11,-1.8865801451433978e-19,-0.00847786837774843,-0.00847786837774843,1.0,0.0
214765326.93658733,0.5587027235603208,214765326.93658733,169634673.06341267,4.1944199921608585e-11,-1.8851983690191857e-19,-0.008471658985510977,-0.008471658985510975,1.0000000000000002,1.734723475976807e-18
214840567.87117425,0.5588984596024305,214840567.87117425,169559432.12882575,4.1930020706897937e-11,-1.8838179643869846e-19,-0.008465455756451261,-0.008465455756451261,1.0,0.0
214915808.80576116,0.55909419564454,214915808.80576116,169484191.19423884,4.191585187332759e-11,-1.8824389291844424e-19,-0.008459258681301535,-0.008459258681301533,1.0000000000000002,1.734723475976807e-18
214991049.74034807,0.5592899316866495,214991049.74034807,169408950.25965193,4.19016934106016e-11,-1.881061261352499e-19,-0.008453067750808844,-0.008453067750808844,1.0,0.0
215066290.67493498,0.5594856677287591,215066290.67493498,169333709.32506502,4.1887545308439464e-11,-1.879684958835379e-19,-0.008446882955734994,-0.008446882955734992,1.0000000000000002,1.734723475976807e-18
215141531.6095219,0.5596814037708686,215141531.6095219,169258468.3904781,4.187340755657615e-11,-1.8783100195805856e-19,-0.008440704286856523,-0.008440704286856521,1.0000000000000002,1.734723475976807e-18
215216772.54410884,0.5598771398129783,215216772.54410884,169183227.45589116,4.185928014476205e-11,-1.87693644153889e-19,-0.008434531734964657,-0.008434531734964655,1.0000000000000002,1.734723475976807e-18
215292013.47869575,0.5600728758550878,215292013.47869575,169107986.52130425,4.184516306276299e-11,-1.875564222664327e-19,-0.008428365290865289,-0.008428365290865289,1.0,0.0
215367254.41328266,0.5602686118971973,215367254.41328266,169032745.58671734,4.183105630036013e-11,-1.8741933609141844e-19,-0.008422204945378924,-0.008422204945378924,1.0,0.0
215442495.34786958,0.5604643479393069,215442495.34786958,168957504.65213042,4.1816959847350035e-11,-1.872823854248996e-19,-0.00841605068934066,-0.00841605068934066,1.0,0.0
215517736.2824565,0.5606600839814164,215517736.2824565,168882263.7175435,4.180287369354457e-11,-1.8714557006325352e-19,-0.008409902513600152,-0.008409902513600152,1.0,0.0
215592977.2170434,0.560855820023526,215592977.2170434,168807022.7829566,4.178879782877093e-11,-1.870088898031807e-19,-0.008403760409021575,-0.008403760409021573,1.0000000000000002,1.734723475976807e-18
215668218.15163034,0.5610515560656356,215668218.15163034,168731781.84836966,4.177473224287156e-11,-1.868723444417038e-19,-0.008397624366483582,-0.00839762436648358,1.0000000000000002,1.734723475976807e-18
215743459.08621725,0.5612472921077452,215743459.08621725,168656540.91378275,4.1760676925704223e-11,-1.8673593377616733e-19,-0.008391494376879291,-0.008391494376879291,1.0,0.0
215818700.02080417,0.5614430281498548,215818700.02080417,168581299.97919583,4.174663186714187e-11,-1.8659965760423647e-19,-0.008385370431116226,-0.008385370431116226,1.0,0.0
215893940.95539108,0.5616387641919643,215893940.95539108,168506059.04460892,4.1732597057072665e-11,-1.8646351572389648e-19,-0.0083792525201163,-0.0083792525201163,1.0,0.0
215969181.889978,0.5618345002340739,215969181.889978,168430818.110022,4.1718572485399996e-11,-1.8632750793345205e-19,-0.008373140634815774,-0.008373140634815776,0.9999999999999998,1.734723475976807e-18
216044422.8245649,0.5620302362761834,216044422.8245649,168355577.1754351,4.170455814204238e-11,-1.8619163403152636e-19,-0.00836703476616523,-0.008367034766165229,1.0000000000000002,1.734723475976807e-18
216119663.75915185,0.5622259723182931,216119663.75915185,168280336.24084815,4.1690554016933476e-11,-1.8605589381706034e-19,-0.00836093490512952,-0.00836093490512952,1.0,0.0
216194904.69373876,0.5624217083604026,216194904.69373876,168205095.30626124,4.167656010002209e-11,-1.8592028708931213e-19,-0.008354841042687758,-0.008354841042687756,1.0000000000000002,1.734723475976807e-18
216270145.62832567,0.5626174444025122,216270145.62832567,168129854.37167433,4.166257638127208e-11,-1.8578481364785613e-19,-0.008348753169833264,-0.00834875316983326,1.0000000000000004,3.469446951953614e-18
216345386.56291258,0.5628131804446217,216345386.56291258,168054613.43708742,4.16486028506624e-11,-1.8564947329258219e-19,-0.008342671277573538,-0.008342671277573538,1.0,0.0
216420627.4974995,0.5630089164867312,216420627.4974995,167979372.5025005,4.163463949818705e-11,-1.8551426582369515e-19,-0.00833659535693023,-0.00833659535693023,1.0,0.0
216495868.4320864,0.5632046525288408,216495868.4320864,167904131.5679136,4.162068631385501e-11,-1.8537919104171385e-19,-0.00833052539893911,-0.00833052539893911,1.0,0.0
216571109.36667335,0.5634003885709504,216571109.36667335,167828890.63332665,4.1606743287690315e-11,-1.8524424874747033e-19,-0.00832446139465001,-0.00832446139465001,1.0,0.0
216646350.30126026,0.56359612461306,216646350.30126026,167753649.69873974,4.1592810409731944e-11,-1.851094387421096e-19,-0.008318403335126835,-0.008318403335126835,1.0,0.0
216721591.23584718,0.5637918606551695,216721591.23584718,167678408.76415282,4.157888767003382e-11,-1.849747608270881e-19,-0.008312351211447482,-0.008312351211447482,1.0,0.0
216796832.1704341,0.5639875966972792,216796832.1704341,167603167.8295659,4.1564975058664805e-11,-1.8484021480417356e-19,-0.008306305014703839,-0.008306305014703837,1.0000000000000002,1.734723475976807e-18
216872073.105021,0.5641833327393887,216872073.105021,167527926.894979,4.1551072565708666e-11,-1.8470580047544409e-19,-0.008300264736001735,-0.008300264736001735,1.0,0.0
216947314.0396079,0.5643790687814982,216947314.0396079,167452685.9603921,4.153718018126404e-11,-1.8457151764328741e-19,-0.008294230366460924,-0.008294230366460922,1.0000000000000002,1.734723475976807e-18
217022554.97419485,0.5645748048236079,217022554.97419485,167377445.02580515,4.152329789544442e-11,-1.8443736611040013e-19,-0.008288201897215026,-0.008288201897215026,1.0,0.0
217097795.90878177,0.5647705408657174,217097795.90878177,167302204.09121823,4.150942569837816e-11,-1.843033456797871e-19,-0.008282179319411527,-0.008282179319411526,1.0000000000000002,1.734723475976807e-18
217173036.84336868,0.564966276907827,217173036.84336868,167226963.15663132,4.149556358020839e-11,-1.8416945615476057e-19,-0.008276162624211717,-0.008276162624211715,1.0000000000000002,1.734723475976807e-18
217248277.7779556,0.5651620129499365,217248277.7779556,167151722.2220444,4.148171153109303e-11,-1.8403569733893937e-19,-0.008270151802790665,-0.008270151802790664,1.0000000000000002,1.734723475976807e-18
217323518.7125425,0.565357748992046,217323518.7125425,167076481.2874575,4.14678695412048e-11,-1.8390206903624853e-19,-0.008264146846337205,-0.008264146846337207,0.9999999999999998,1.734723475976807e-18
217398759.64712942,0.5655534850341556,217398759.64712942,167001240.35287058,4.1454037600731125e-11,-1.8376857105091818e-19,-0.008258147746053877,-0.008258147746053875,1.0000000000000002,1.734723475976807e-18
217474000.58171636,0.5657492210762652,217474000.58171636,166925999.41828364,4.144021569987416e-11,-1.8363520318748298e-19,-0.008252154493156904,-0.008252154493156904,1.0,0.0
217549241.51630327,0.5659449571183748,217549241.51630327,166850758.48369673,4.142640382885075e-11,-1.8350196525078157e-19,-0.008246167078876173,-0.008246167078876173,1.0,0.0
217624482.45089018,0.5661406931604843,217624482.45089018,166775517.54910982,4.141260197789243e-11,-1.833688570459554e-19,-0.00824018549445518,-0.00824018549445518,1.0,0.0
217699723.3854771,0.5663364292025939,217699723.3854771,166700276.6145229,4.1398810137245366e-11,-1.832358783784485e-19,-0.008234209731151012,-0.008234209731151012,1.0,0.0
217774964.320064,0.5665321652447034,217774964.320064,166625035.679936,4.138502829717037e-11,-1.8310302905400639e-19,-0.008228239780234311,-0.00822823978023431,1.0000000000000002,1.734723475976807e-18
217850205.25465092,0.566727901286813,217850205.25465092,166549794.74534908,4.1371256447942836e-11,-1.829703088786756e-19,-0.00822227563298924,-0.00822227563298924,1.0,0.0
217925446.18923786,0.5669236373289226,217925446.18923786,166474553.81076214,4.1357494579852744e-11,-1.828377176588028e-19,-0.008216317280713455,-0.008216317280713455,1.0,0.0
218000687.12382478,0.5671193733710322,218000687.12382478,166399312.87617522,4.134374268320466e-11,-1.8270525520103428e-19,-0.008210364714718072,-0.00821036471471807,1.0000000000000002,1.734723475976807e-18
218075928.0584117,0.5673151094131418,218075928.0584117,166324071.9415883,4.1330000748317666e-11,-1.82572921312315e-19,-0.008204417926327631,-0.008204417926327628,1.0000000000000004,3.469446951953614e-18
218151168.9929986,0.5675108454552513,218151168.9929986,166248831.0070014,4.1316268765525345e-11,-1.824407157998879e-19,-0.00819847690688006,-0.008198476906880059,1.0000000000000002,1.734723475976807e-18
218226409.9275855,0.5677065814973609,218226409.9275855,166173590.0724145,4.13025467251758e-11,-1.8230863847129348e-19,-0.008192541647726662,-0.00819254164772666,1.0000000000000002,1.734723475976807e-18
218301650.86217242,0.5679023175394704,218301650.86217242,166098349.13782758,4.1288834617631574e-11,-1.8217668913436873e-19,-0.008186612140232061,-0.00818661214023206,1.0000000000000002,1.734723475976807e-18
218376891.79675937,0.56809805358158,218376891.79675937,166023108.20324063,4.1275132433269695e-11,-1.8204486759724655e-19,-0.008180688375774181,-0.008180688375774181,1.0,0.0
218452132.73134628,0.5682937896236896,218452132.73134628,165947867.26865372,4.126144016248159e-11,-1.8191317366835523e-19,-0.008174770345744218,-0.008174770345744214,1.0000000000000004,3.469446951953614e-18
218527373.6659332,0.5684895256657991,218527373.6659332,165872626.3340668,4.124775779567308e-11,-1.8178160715641746e-19,-0.008168858041546597,-0.008168858041546597,1.0,0.0
218602614.6005201,0.5686852617079087,218602614.6005201,165797385.3994799,4.12340853232644e-11,-1.8165016787044976e-19,-0.00816295145459895,-0.008162951454598949,1.0000000000000002,1.734723475976807e-18
218677855.53510702,0.5688809977500182,218677855.53510702,165722144.46489298,4.122042273569011e-11,-1.8151885561976182e-19,-0.008157050576332082,-0.00815705057633208,1.0000000000000002,1.734723475976807e-18
218753096.46969393,0.5690767337921278,218753096.46969393,165646903.53030607,4.120677002339914e-11,-1.8138767021395563e-19,-0.008151155398189931,-0.00815115539818993,1.0000000000000002,1.734723475976807e-18
218828337.40428087,0.5692724698342374,218828337.40428087,165571662.59571913,4.119312717685468e-11,-1.8125661146292497e-19,-0.008145265911629552,-0.00814526591162955,1.0000000000000002,1.734723475976807e-18
218903578.33886778,0.569468205876347,218903578.33886778,165496421.66113222,4.1179494186534294e-11,-1.811256791768547e-19,-0.008139382108121077,-0.008139382108121077,1.0,0.0
218978819.2734547,0.5696639419184566,218978819.2734547,165421180.7265453,4.116587104292974e-11,-1.8099487316621987e-19,-0.008133503979147678,-0.008133503979147678,1.0,0.0
219054060.2080416,0.5698596779605661,219054060.2080416,165345939.7919584,4.115225773654708e-11,-1.808641932417853e-19,-0.008127631516205554,-0.008127631516205554,1.0,0.0
219129301.14262852,0.5700554140026757,219129301.14262852,165270698.85737148,4.1138654257906564e-11,-1.8073363921460457e-19,-0.008121764710803872,-0.00812176471080387,1.0000000000000002,1.734723475976807e-18
219204542.07721543,0.5702511500447852,219204542.07721543,165195457.92278457,4.112506059754267e-11,-1.8060321089601957e-19,-0.008115903554464761,-0.008115903554464761,1.0,0.0
219279783.01180238,0.5704468860868949,219279783.01180238,165120216.98819762,4.111147674600405e-11,-1.804729080976598e-19,-0.008110048038723274,-0.008110048038723274,1.0,0.0
219355023.9463893,0.5706426221290044,219355023.9463893,165044976.0536107,4.1097902693853525e-11,-1.803427306314415e-19,-0.008104198155127348,-0.008104198155127347,1.0000000000000002,1.734723475976807e-18
219430264.8809762,0.570838358171114,219430264.8809762,164969735.1190238,4.108433843166805e-11,-1.8021267830956718e-19,-0.008098353895237782,-0.008098353895237782,1.0,0.0
219505505.8155631,0.5710340942132235,219505505.8155631,164894494.1844369,4.1070783950038724e-11,-1.8008275094452473e-19,-0.008092515250628207,-0.008092515250628207,1.0,0.0
219580746.75015002,0.571229830255333,219580746.75015002,164819253.24984998,4.10572392395707e-11,-1.7995294834908695e-19,-0.008086682212885048,-0.008086682212885046,1.0000000000000002,1.734723475976807e-18
219655987.68473694,0.5714255662974426,219655987.68473694,164744012.31526306,4.104370429088324e-11,-1.7982327033631056e-19,-0.008080854773607494,-0.008080854773607492,1.0000000000000002,1.734723475976807e-18
219731228.61932388,0.5716213023395522,219731228.61932388,164668771.38067612,4.103017909460964e-11,-1.7969371671953588e-19,-0.008075032924407477,-0.008075032924407477,1.0,0.0
219806469.5539108,0.5718170383816618,219806469.5539108,164593530.4460892,4.1016663641397266e-11,-1.7956428731238592e-19,-0.008069216656909633,-0.008069216656909633,1.0,0.0
219881710.4884977,0.5720127744237713,219881710.4884977,164518289.5115023,4.100315792190746e-11,-1.794349819287657e-19,-0.008063405962751274,-0.008063405962751274,1.0,0.0
219956951.42308462,0.572208510465881,219956951.42308462,164443048.57691538,4.098966192681557e-11,-1.7930580038286169e-19,-0.008057600833582349,-0.00805760083358235,0.9999999999999998,1.734723475976807e-18
220032192.35767153,0.5724042465079905,220032192.35767153,164367807.64232847,4.0976175646810906e-11,-1.7917674248914098e-19,-0.008051801261065432,-0.008051801261065432,1.0,0.0
220107433.29225844,0.5725999825501,220107433.29225844,164292566.70774156,4.096269907259674e-11,-1.790478080623507e-19,-0.008046007236875671,-0.008046007236875671,1.0,0.0
220182674.22684538,0.5727957185922097,220182674.22684538,164217325.77315462,4.094923219489025e-11,-1.7891899691751736e-19,-0.008040218752700772,-0.008040218752700772,1.0,0.0
220257915.1614323,0.5729914546343192,220257915.1614323,164142084.8385677,4.093577500442256e-11,-1.7879030886994621e-19,-0.008034435800240967,-0.008034435800240967,1.0,0.0
220333156.0960192,0.5731871906764288,220333156.0960192,164066843.9039808,4.092232749193864e-11,-1.7866174373522037e-19,-0.008028658371208974,-0.008028658371208974,1.0,0.0
220408397.03060612,0.5733829267185383,220408397.03060612,163991602.96939388,4.090888964819736e-11,-1.7853330132920033e-19,-0.008022886457329978,-0.008022886457329978,1.0,0.0
220483637.96519303,0.5735786627606478,220483637.96519303,163916362.03480697,4.089546146397139e-11,-1.7840498146802325e-19,-0.008017120050341593,-0.008017120050341595,0.9999999999999998,1.734723475976807e-18
220558878.89977995,0.5737743988027574,220558878.89977995,163841121.10022005,4.088204293004727e-11,-1.7827678396810233e-19,-0.008011359141993841,-0.008011359141993841,1.0,0.0
220634119.8343669,0.573970134844867,220634119.8343669,163765880.1656331,4.08686340372253e-11,-1.781487086461259e-19,-0.008005603724049105,-0.008005603724049104,1.0000000000000002,1.734723475976807e-18
220709360.7689538,0.5741658708869766,220709360.7689538,163690639.2310462,4.085523477631962e-11,-1.7802075531905722e-19,-0.007999853788282127,-0.007999853788282127,1.0,0.0
220784601.7035407,0.5743616069290861,220784601.7035407,163615398.2964593,4.084184513815807e-11,-1.778929238041333e-19,-0.007994109326479945,-0.007994109326479945,1.0,0.0
220859842.63812762,0.5745573429711957,220859842.63812762,163540157.36187238,4.0828465113582266e-11,-1.7776521391886467e-19,-0.00798837033044189,-0.00798837033044189,1.0,0.0
220935083.57271454,0.5747530790133053,220935083.57271454,163464916.42728546,4.081509469344754e-11,-1.7763762548103427e-19,-0.00798263679197954,-0.00798263679197954,1.0,0.0
221010324.50730145,0.5749488150554148,221010324.50730145,163389675.49269855,4.0801733868622907e-11,-1.775101583086973e-19,-0.007976908702916702,-0.007976908702916702,1.0,0.0
221085565.4418884,0.5751445510975244,221085565.4418884,163314434.5581116,4.078838262999108e-11,-1.7738281222018008e-19,-0.007971186055089365,-0.007971186055089365,1.0,0.0
221160806.3764753,0.575340287139634,221160806.3764753,163239193.6235247,4.0775040968448424e-11,-1.772555870340798e-19,-0.007965468840345696,-0.007965468840345694,1.0000000000000002,1.734723475976807e-18
221236047.31106222,0.5755360231817436,221236047.31106222,163163952.68893778,4.076170887490496e-11,-1.7712848256926353e-19,-0.007959757050545985,-0.007959757050545987,0.9999999999999998,1.734723475976807e-18
221311288.24564913,0.5757317592238531,221311288.24564913,163088711.75435087,4.074838634028429e-11,-1.7700149864486775e-19,-0.007954050677562635,-0.007954050677562633,1.0000000000000002,1.734723475976807e-18
221386529.18023604,0.5759274952659627,221386529.18023604,163013470.81976396,4.073507335552365e-11,-1.768746350802976e-19,-0.007948349713280112,-0.007948349713280112,1.0,0.0
221461770.11482295,0.5761232313080722,221461770.11482295,162938229.88517705,4.0721769911573834e-11,-1.7674789169522638e-19,-0.007942654149594943,-0.007942654149594943,1.0,0.0
221537011.0494099,0.5763189673501818,221537011.0494099,162862988.9505901,4.070847599939919e-11,-1.7662126830959466e-19,-0.007936963978415658,-0.007936963978415658,1.0,0.0
221612251.9839968,0.5765147033922914,221612251.9839968,162787748.0160032,4.0695191609977636e-11,-1.7649476474360987e-19,-0.007931279191662784,-0.007931279191662782,1.0000000000000002,1.734723475976807e-18
221687492.91858372,0.5767104394344009,221687492.91858372,162712507.08141628,4.068191673430057e-11,-1.7636838081774548e-19,-0.007925599781268798,-0.007925599781268796,1.0000000000000002,1.734723475976807e-18
221762733.85317063,0.5769061754765105,221762733.85317063,162637266.14682937,4.06686513633729e-11,-1.7624211635274037e-19,-0.007919925739178109,-0.007919925739178107,1.0000000000000002,1.734723475976807e-18
221837974.78775755,0.57710191151862,221837974.78775755,162562025.21224245,4.065539548821303e-11,-1.7611597116959827e-19,-0.007914257057347026,-0.007914257057347024,1.0000000000000002,1.734723475976807e-18
221913215.72234446,0.5772976475607297,221913215.72234446,162486784.27765554,4.064214909985279e-11,-1.7598994508958704e-19,-0.007908593727743727,-0.007908593727743727,1.0,0.0
221988456.6569314,0.5774933836028392,221988456.6569314,162411543.3430686,4.062891218933748e-11,-1.75864037934238e-19,-0.007902935742348228,-0.007902935742348228,1.0,0.0
222063697.5915183,0.5776891196449487,222063697.5915183,162336302.4084817,4.061568474772579e-11,-1.757382495253455e-19,-0.007897283093152367,-0.007897283093152367,1.0,0.0
222138938.52610523,0.5778848556870584,222138938.52610523,162261061.47389477,4.060246676608983e-11,-1.7561257968496592e-19,-0.007891635772159759,-0.007891635772159757,1.0000000000000002,1.734723475976807e-18
222214179.46069214,0.5780805917291679,222214179.46069214,162185820.53930786,4.058925823551508e-11,-1.7548702823541723e-19,-0.007885993771385769,-0.007885993771385769,1.0,0.0
222289420.39527905,0.5782763277712775,222289420.39527905,162110579.60472095,4.057605914710038e-11,-1.7536159499927838e-19,-0.007880357082857493,-0.007880357082857491,1.0000000000000002,1.734723475976807e-18
222364661.329866,0.5784720638133871,222364661.329866,162035338.670134,4.05628694919579e-11,-1.752362797993886e-19,-0.007874725698613723,-0.007874725698613723,1.0,0.0
222439902.2644529,0.5786677998554967,222439902.2644529,161960097.7355471,4.054968926121315e-11,-1.7511108245884684e-19,-0.007869099610704925,-0.007869099610704923,1.0000000000000002,1.734723475976807e-18
222515143.19903982,0.5788635358976062,222515143.19903982,161884856.80096018,4.053651844600492e-11,-1.7498600280101093e-19,-0.007863478811193193,-0.007863478811193191,1.0000000000000002,1.734723475976807e-18
222590384.13362673,0.5790592719397157,222590384.13362673,161809615.86637327,4.05233570374853e-11,-1.7486104064949718e-19,-0.007857863292152238,-0.007857863292152236,1.0000000000000002,1.734723475976807e-18
222665625.06821364,0.5792550079818253,222665625.06821364,161734374.93178636,4.0510205026819625e-11,-1.7473619582817957e-19,-0.007852253045667355,-0.007852253045667354,1.0000000000000002,1.734723475976807e-18
222740866.00280055,0.5794507440239348,222740866.00280055,161659133.99719945,4.049706240518648e-11,-1.7461146816118925e-19,-0.00784664806383539,-0.007846648063835388,1.0000000000000002,1.734723475976807e-18
222816106.9373875,0.5796464800660445,222816106.9373875,161583893.0626125,4.0483929163777676e-11,-1.744868574729137e-19,-0.007841048338764709,-0.007841048338764707,1.0000000000000002,1.734723475976807e-18
222891347.8719744,0.579842216108154,222891347.8719744,161508652.1280256,4.047080529379822e-11,-1.743623635879965e-19,-0.00783545386257519,-0.007835453862575188,1.0000000000000002,1.734723475976807e-18
222966588.80656132,0.5800379521502635,222966588.80656132,161433411.19343868,4.045769078646632e-11,-1.7423798633133621e-19,-0.007829864627398164,-0.007829864627398162,1.0000000000000002,1.734723475976807e-18
223041829.74114823,0.5802336881923731,223041829.74114823,161358170.25885177,4.044458563301331e-11,-1.741137255280861e-19,-0.007824280625376412,-0.00782428062537641,1.0000000000000002,1.734723475976807e-18
223117070.67573515,0.5804294242344827,223117070.67573515,161282929.32426485,4.043148982468372e-11,-1.7398958100365326e-19,-0.007818701848664119,-0.007818701848664117,1.0000000000000002,1.734723475976807e-18
223192311.61032206,0.5806251602765923,223192311.61032206,161207688.38967794,4.0418403352735175e-11,-1.7386555258369822e-19,-0.007813128289426862,-0.007813128289426862,1.0,0.0
223267552.544909,0.5808208963187019,223267552.544909,161132447.455091,4.040532620843841e-11,-1.737416400941341e-19,-0.007807559939841566,-0.007807559939841566,1.0,0.0
223342793.4794959,0.5810166323608115,223342793.4794959,161057206.5205041,4.039225838307727e-11,-1.7361784336112625e-19,-0.007801996792096491,-0.0078019967920964885,1.0000000000000004,2.6020852139652106e-18
223418034.41408283,0.581212368402921,223418034.41408283,160981965.58591717,4.0379199867948645e-11,-1.734941622110913e-19,-0.007796438838391189,-0.007796438838391189,1.0,0.0
223493275.34866974,0.5814081044450305,223493275.34866974,160906724.65133026,4.0366150654362484e-11,-1.7337059647069682e-19,-0.00779088607093649,-0.007790886070936489,1.0000000000000002,8.673617379884035e-19
223568516.28325665,0.5816038404871401,223568516.28325665,160831483.71674335,4.035311073364178e-11,-1.7324714596686045e-19,-0.00778533848195446,-0.00778533848195446,1.0,0.0
223643757.21784356,0.5817995765292496,223643757.21784356,160756242.78215644,4.034008009712253e-11,-1.7312381052674954e-19,-0.007779796063678387,-0.007779796063678385,1.0000000000000002,1.734723475976807e-18
223718998.1524305,0.5819953125713593,223718998.1524305,160681001.8475695,4.032705873615371e-11,-1.7300058997778031e-19,-0.007774258808352742,-0.007774258808352741,1.0000000000000002,1.734723475976807e-18
223794239.08701742,0.5821910486134688,223794239.08701742,160605760.91298258,4.0314046642097306e-11,-1.7287748414761737e-19,-0.00776872670823316,-0.007768726708233161,0.9999999999999999,8.673617379884035e-19
223869480.02160433,0.5823867846555784,223869480.02160433,160530519.97839567,4.030104380632824e-11,-1.7275449286417307e-19,-0.007763199755586407,-0.007763199755586407,1.0,0.0
223944720.95619124,0.5825825206976879,223944720.95619124,160455279.04380876,4.028805022023438e-11,-1.7263161595560675e-19,-0.0077576779426903495,-0.007757677942690348,1.0000000000000002,1.734723475976807e-18
224019961.89077815,0.5827782567397974,224019961.89077815,160380038.10922185,4.027506587521649e-11,-1.725088532503243e-19,-0.0077521612618339335,-0.007752161261833933,1.0000000000000002,8.673617379884035e-19
224095202.82536507,0.5829739927819071,224095202.82536507,160304797.17463493,4.026209076268828e-11,-1.723862045769776e-19,-0.007746649705317155,-0.007746649705317153,1.0000000000000002,1.734723475976807e-18
224170443.759952,0.5831697288240166,224170443.759952,160229556.240048,4.02491248740763e-11,-1.7226366976446351e-19,-0.007741143265451026,-0.007741143265451026,1.0,0.0
224245684.69453892,0.5833654648661262,224245684.69453892,160154315.30546108,4.0236168200819994e-11,-1.7214124864192388e-19,-0.007735641934557563,-0.007735641934557563,1.0,0.0
224320925.62912583,0.5835612009082358,224320925.62912583,160079074.37087417,4.022322073437164e-11,-1.7201894103874434e-19,-0.007730145704969738,-0.007730145704969738,1.0,0.0
224396166.56371275,0.5837569369503454,224396166.56371275,160003833.43628725,4.0210282466196354e-11,-1.7189674678455403e-19,-0.007724654569031467,-0.007724654569031465,1.0000000000000002,1.734723475976807e-18
224471407.49829966,0.5839526729924549,224471407.49829966,159928592.50170034,4.0197353387772046e-11,-1.717746657092249e-19,-0.007719168519097576,-0.007719168519097575,1.0000000000000002,8.673617379884035e-19
224546648.43288657,0.5841484090345644,224546648.43288657,159853351.56711343,4.0184433490589425e-11,-1.7165269764287108e-19,-0.007713687547533776,-0.0077136875475337765,0.9999999999999999,8.673617379884035e-19
224621889.3674735,0.5843441450766741,224621889.3674735,159778110.6325265,4.0171522766151965e-11,-1.7153084241584836e-19,-0.007708211646716635,-0.007708211646716634,1.0000000000000002,8.673617379884035e-19
224697130.30206043,0.5845398811187836,224697130.30206043,159702869.69793957,4.015862120597592e-11,-1.7140909985875348e-19,-0.00770274080903355,-0.00770274080903355,1.0,0.0
224772371.23664734,0.5847356171608932,224772371.23664734,159627628.76335266,4.014572880159026e-11,-1.7128746980242356e-19,-0.007697275026882722,-0.007697275026882721,1.0000000000000002,8.673617379884035e-19
224847612.17123425,0.5849313532030027,224847612.17123425,159552387.82876575,4.0132845544536676e-11,-1.711659520779355e-19,-0.007691814292673124,-0.007691814292673123,1.0000000000000002,1.734723475976807e-18
224922853.10582116,0.5851270892451123,224922853.10582116,159477146.89417884,4.011997142636957e-11,-1.7104454651660542e-19,-0.00768635859882448,-0.007686358598824479,1.0000000000000002,1.734723475976807e-18
224998094.04040807,0.5853228252872218,224998094.04040807,159401905.95959193,4.010710643865601e-11,-1.7092325294998795e-19,-0.007680907937767235,-0.007680907937767236,0.9999999999999999,8.673617379884035e-19
225073334.97499502,0.5855185613293314,225073334.97499502,159326665.02500498,4.0094250572975737e-11,-1.708020712098757e-19,-0.007675462301942524,-0.007675462301942522,1.0000000000000002,1.734723475976807e-18
225148575.90958193,0.585714297371441,225148575.90958193,159251424.09041807,4.008140382092115e-11,-1.706810011282987e-19,-0.007670021683802154,-0.007670021683802152,1.0000000000000002,1.734723475976807e-18
225223816.84416884,0.5859100334135505,225223816.84416884,159176183.15583116,4.006856617409727e-11,-1.7056004253752382e-19,-0.007664586075808571,-0.007664586075808572,0.9999999999999999,8.673617379884035e-19
225299057.77875575,0.5861057694556602,225299057.77875575,159100942.22124425,4.0055737624121714e-11,-1.7043919527005394e-19,-0.007659155470434834,-0.007659155470434833,1.0000000000000002,8.673617379884035e-19
225374298.71334267,0.5863015054977697,225374298.71334267,159025701.28665733,4.004291816262472e-11,-1.7031845915862757e-19,-0.007653729860164584,-0.007653729860164584,1.0,0.0
225449539.64792958,0.5864972415398793,225449539.64792958,158950460.35207042,4.0030107781249076e-11,-1.7019783403621833e-19,-0.007648309237492031,-0.00764830923749203,1.0000000000000002,8.673617379884035e-19
225524780.58251652,0.5866929775819889,225524780.58251652,158875219.41748348,4.001730647165015e-11,-1.7007731973603397e-19,-0.007642893594921905,-0.007642893594921904,1.0000000000000002,8.673617379884035e-19
225600021.51710343,0.5868887136240984,225600021.51710343,158799978.48289657,4.000451422549584e-11,-1.6995691609151632e-19,-0.007637482924969454,-0.007637482924969452,1.0000000000000002,1.734723475976807e-18
225675262.45169035,0.587084449666208,225675262.45169035,158724737.54830965,3.9991731034466574e-11,-1.6983662293634022e-19,-0.007632077220160398,-0.007632077220160397,1.0000000000000002,8.673617379884035e-19
225750503.38627726,0.5872801857083175,225750503.38627726,158649496.61372274,3.997895689025527e-11,-1.697164401044132e-19,-0.007626676473030914,-0.007626676473030914,1.0,0.0
225825744.32086417,0.5874759217504271,225825744.32086417,158574255.67913583,3.9966191784567354e-11,-1.6959636742987472e-19,-0.007621280676127602,-0.007621280676127601,1.0000000000000002,8.673617379884035e-19
225900985.25545108,0.5876716577925366,225900985.25545108,158499014.74454892,3.9953435709120704e-11,-1.6947640474709578e-19,-0.007615889822007465,-0.007615889822007464,1.0000000000000002,1.734723475976807e-18
225976226.19003803,0.5878673938346463,225976226.19003803,158423773.80996197,3.9940688655645664e-11,-1.6935655189067804e-19,-0.007610503903237874,-0.007610503903237874,1.0,0.0
226051467.12462494,0.5880631298767558,226051467.12462494,158348532.87537506,3.992795061588502e-11,-1.692368086954536e-19,-0.00760512291239655,-0.00760512291239655,1.0,0.0
226126708.05921185,0.5882588659188653,226126708.05921185,158273291.94078815,3.9915221581593956e-11,-1.6911717499648418e-19,-0.00759974684207154,-0.0075997468420715385,1.0000000000000002,1.734723475976807e-18
226201948.99379876,0.5884546019609749,226201948.99379876,158198051.00620124,3.990250154454008e-11,-1.6899765062906037e-19,-0.007594375684861171,-0.007594375684861171,1.0,0.0
226277189.92838567,0.5886503380030845,226277189.92838567,158122810.07161433,3.9889790496503374e-11,-1.688782354287015e-19,-0.007589009433374049,-0.007589009433374048,1.0000000000000002,8.673617379884035e-19
226352430.8629726,0.5888460740451941,226352430.8629726,158047569.1370274,3.987708842927617e-11,-1.6875892923115466e-19,-0.007583648080229018,-0.007583648080229018,1.0,0.0
226427671.79755953,0.5890418100873037,226427671.79755953,157972328.20244047,3.9864395334663184e-11,-1.6863973187239421e-19,-0.007578291618055133,-0.007578291618055133,1.0,0.0
226502912.73214644,0.5892375461294133,226502912.73214644,157897087.26785356,3.9851711204481434e-11,-1.6852064318862147e-19,-0.007572940039491648,-0.007572940039491646,1.0000000000000002,1.734723475976807e-18
226578153.66673335,0.5894332821715228,226578153.66673335,157821846.33326665,3.983903603056028e-11,-1.6840166301626364e-19,-0.007567593337187968,-0.007567593337187967,1.0000000000000002,8.673617379884035e-19
226653394.60132027,0.5896290182136323,226653394.60132027,157746605.39867973,3.982636980474136e-11,-1.6828279119197357e-19,-0.007562251503803638,-0.007562251503803638,1.0,0.0
226728635.53590718,0.5898247542557419,226728635.53590718,157671364.46409282,3.981371251887861e-11,-1.6816402755262926e-19,-0.007556914532008322,-0.007556914532008321,1.0000000000000002,8.673617379884035e-19
226803876.4704941,0.5900204902978514,226803876.4704941,157596123.5295059,3.980106416483822e-11,-1.680453719353329e-19,-0.0075515824144817565,-0.007551582414481755,1.0000000000000002,1.734723475976807e-18
226879117.40508103,0.5902162263399611,226879117.40508103,157520882.59491897,3.978842473449862e-11,-1.679268241774105e-19,-0.007546255143913736,-0.007546255143913735,1.0000000000000002,8.673617379884035e-19
226954358.33966795,0.5904119623820706,226954358.33966795,157445641.66033205,3.97757942197505e-11,-1.6780838411641163e-19,-0.007540932713004104,-0.007540932713004104,1.0,0.0
227029599.27425486,0.5906076984241801,227029599.27425486,157370400.72574514,3.976317261249674e-11,-1.6769005159010816e-19,-0.007535615114462691,-0.00753561511446269,1.0000000000000002,8.673617379884035e-19
227104840.20884177,0.5908034344662897,227104840.20884177,157295159.79115823,3.975055990465243e-11,-1.6757182643649426e-19,-0.007530302341009319,-0.007530302341009318,1.0000000000000002,8.673617379884035e-19
227180081.14342868,0.5909991705083992,227180081.14342868,157219918.85657132,3.973795608814482e-11,-1.6745370849378555e-19,-0.007524994385373759,-0.007524994385373759,1.0,0.0
227255322.0780156,0.5911949065505089,227255322.0780156,157144677.9219844,3.972536115491336e-11,-1.673356976004187e-19,-0.0075196912402957184,-0.007519691240295717,1.0000000000000002,1.734723475976807e-18
227330563.01260254,0.5913906425926184,227330563.01260254,157069436.98739746,3.9712775096909615e-11,-1.6721779359505056e-19,-0.007514392898524797,-0.007514392898524797,1.0,0.0
227405803.94718945,0.5915863786347281,227405803.94718945,156994196.05281055,3.970019790609731e-11,-1.670999963165581e-19,-0.007509099352820486,-0.007509099352820486,1.0,0.0
227481044.88177636,0.5917821146768376,227481044.88177636,156918955.11822364,3.968762957445225e-11,-1.669823056040372e-19,-0.007503810595952117,-0.007503810595952115,1.0000000000000002,1.734723475976807e-18
227556285.81636328,0.5919778507189472,227556285.81636328,156843714.18363672,3.9675070093962376e-11,-1.6686472129680252e-19,-0.00749852662069885,-0.00749852662069885,1.0,0.0
227631526.7509502,0.5921735867610567,227631526.7509502,156768473.2490498,3.966251945662769e-11,-1.6674724323438687e-19,-0.007493247419849649,-0.007493247419849648,1.0000000000000002,8.673617379884035e-19
227706767.6855371,0.5923693228031662,227706767.6855371,156693232.3144629,3.964997765446025e-11,-1.6662987125654055e-19,-0.00748797298620325,-0.00748797298620325,1.0,0.0
227782008.62012404,0.5925650588452759,227782008.62012404,156617991.37987596,3.963744467948418e-11,-1.6651260520323072e-19,-0.007482703312568138,-0.007482703312568138,1.0,0.0
227857249.55471095,0.5927607948873854,227857249.55471095,156542750.44528905,3.9624920523735645e-11,-1.6639544491464114e-19,-0.007477438391762529,-0.007477438391762527,1.0000000000000002,1.734723475976807e-18
227932490.48929787,0.592956530929495,227932490.48929787,156467509.51070213,3.961240517926281e-11,-1.6627839023117112e-19,-0.007472178216614326,-0.007472178216614325,1.0000000000000002,8.673617379884035e-19
228007731.42388478,0.5931522669716045,228007731.42388478,156392268.57611522,3.959989863812584e-11,-1.6616144099343545e-19,-0.007466922779961112,-0.007466922779961111,1.0000000000000002,8.673617379884035e-19
228082972.3584717,0.593348003013714,228082972.3584717,156317027.6415283,3.9587400892396883e-11,-1.6604459704226353e-19,-0.00746167207465012,-0.00746167207465012,1.0,0.0
228158213.2930586,0.5935437390558236,228158213.2930586,156241786.7069414,3.9574911934160065e-11,-1.6592785821869881e-19,-0.007456426093538199,-0.007456426093538199,1.0,0.0
228233454.22764555,0.5937394750979332,228233454.22764555,156166545.77235445,3.9562431755511466e-11,-1.6581122436399838e-19,-0.007451184829491796,-0.007451184829491796,1.0,0.0
228308695.16223246,0.5939352111400428,228308695.16223246,156091304.83776754,3.954996034855909e-11,-1.656946953196324e-19,-0.007445948275386938,-0.007445948275386938,1.0,0.0
228383936.09681937,0.5941309471821524,228383936.09681937,156016063.90318063,3.953749770542288e-11,-1.655782709272834e-19,-0.00744071642410919,-0.00744071642410919,1.0,0.0
228459177.03140628,0.594326683224262,228459177.03140628,155940822.96859372,3.952504381823465e-11,-1.654619510288457e-19,-0.0074354892685536385,-0.007435489268553638,1.0000000000000002,8.673617379884035e-19
228534417.9659932,0.5945224192663715,228534417.9659932,155865582.0340068,3.951259867913812e-11,-1.6534573546642507e-19,-0.007430266801624871,-0.00743026680162487,1.0000000000000002,8.673617379884035e-19
228609658.9005801,0.594718155308481,228609658.9005801,155790341.0994199,3.950016228028891e-11,-1.6522962408233798e-19,-0.007425049016236943,-0.007425049016236942,1.0000000000000002,8.673617379884035e-19
228684899.83516705,0.5949138913505907,228684899.83516705,155715100.16483295,3.948773461385445e-11,-1.651136167191111e-19,-0.007419835905313354,-0.007419835905313353,1.0000000000000002,8.673617379884035e-19
228760140.76975396,0.5951096273927002,228760140.76975396,155639859.23024604,3.9475315672014033e-11,-1.6499771321948086e-19,-0.007414627461787035,-0.007414627461787034,1.0000000000000002,8.673617379884035e-19
228835381.70434088,0.5953053634348098,228835381.70434088,155564618.29565912,3.946290544695878e-11,-1.6488191342639258e-19,-0.0074094236786002975,-0.007409423678600297,1.0000000000000002,8.673617379884035e-19
228910622.6389278,0.5955010994769193,228910622.6389278,155489377.3610722,3.9450503930891616e-11,-1.647662171830003e-19,-0.007404224548704838,-0.007404224548704838,1.0,0.0
228985863.5735147,0.5956968355190289,228985863.5735147,155414136.4264853,3.943811111602725e-11,-1.6465062433266589e-19,-0.007399030065061687,-0.007399030065061685,1.0000000000000002,1.734723475976807e-18
229061104.5081016,0.5958925715611384,229061104.5081016,155338895.4918984,3.942572699459219e-11,-1.645351347189587e-19,-0.007393840220641205,-0.007393840220641205,1.0,0.0
229136345.44268855,0.596088307603248,229136345.44268855,155263654.55731145,3.9413351558824686e-11,-1.6441974818565495e-19,-0.007388655008423043,-0.007388655008423043,1.0,0.0
229211586.37727547,0.5962840436453576,229211586.37727547,155188413.62272453,3.940098480097475e-11,-1.643044645767373e-19,-0.0073834744213961325,-0.007383474421396131,1.0000000000000002,1.734723475976807e-18
229286827.31186238,0.5964797796874671,229286827.31186238,155113172.68813762,3.9388626713304106e-11,-1.6418928373639392e-19,-0.007378298452558639,-0.007378298452558639,1.0,0.0
229362068.2464493,0.5966755157295767,229362068.2464493,155037931.7535507,3.937627728808622e-11,-1.6407420550901846e-19,-0.007373127094917962,-0.007373127094917961,1.0000000000000002,8.673617379884035e-19
229437309.1810362,0.5968712517716863,229437309.1810362,154962690.8189638,3.936393651760623e-11,-1.6395922973920903e-19,-0.007367960341490688,-0.007367960341490685,1.0000000000000004,2.6020852139652106e-18
229512550.11562312,0.5970669878137959,229512550.11562312,154887449.88437688,3.9351604394160984e-11,-1.6384435627176796e-19,-0.007362798185302582,-0.0073627981853025826,0.9999999999999999,8.673617379884035e-19
229587791.05021006,0.5972627238559055,229587791.05021006,154812208.94978994,3.933928091005898e-11,-1.6372958495170106e-19,-0.007357640619388553,-0.007357640619388553,1.0,0.0
229663031.98479697,0.597458459898015,229663031.98479697,154736968.01520303,3.932696605762039e-11,-1.636149156242174e-19,-0.007352487636792642,-0.007352487636792641,1.0000000000000002,8.673617379884035e-19
229738272.91938388,0.5976541959401246,229738272.91938388,154661727.08061612,3.9314659829177e-11,-1.635003481347282e-19,-0.0073473392305679775,-0.0073473392305679775,1.0,0.0
229813513.8539708,0.5978499319822341,229813513.8539708,154586486.1460292,3.930236221707225e-11,-1.633858823288468e-19,-0.007342195393776767,-0.0073421953937767665,1.0000000000000002,8.673617379884035e-19
229888754.7885577,0.5980456680243437,229888754.7885577,154511245.2114423,3.929007321366116e-11,-1.6327151805238788e-19,-0.007337056119490271,-0.00733705611949027,1.0000000000000002,8.673617379884035e-19
229963995.72314462,0.5982414040664532,229963995.72314462,154436004.27685538,3.927779281131034e-11,-1.6315725515136691e-19,-0.007331921400788766,-0.007331921400788765,1.0000000000000002,8.673617379884035e-19
230039236.65773156,0.5984371401085629,230039236.65773156,154360763.34226844,3.9265521002398026e-11,-1.630430934719996e-19,-0.007326791230761532,-0.007326791230761532,1.0,0.0
230114477.59231848,0.5986328761506724,230114477.59231848,154285522.40768152,3.925325777931397e-11,-1.629290328607017e-19,-0.007321665602506839,-0.0073216656025068385,1.0000000000000002,8.673617379884035e-19
230189718.5269054,0.5988286121927819,230189718.5269054,154210281.4730946,3.924100313445949e-11,-1.628150731640878e-19,-0.007316544509131889,-0.007316544509131887,1.0000000000000002,1.734723475976807e-18
230264959.4614923,0.5990243482348915,230264959.4614923,154135040.5385077,3.922875706024744e-11,-1.6270121422897139e-19,-0.007311427943752821,-0.007311427943752821,1.0,0.0
230340200.3960792,0.599220084277001,230340200.3960792,154059799.6039208,3.9216519549102177e-11,-1.6258745590236387e-19,-0.007306315899494675,-0.007306315899494675,1.0,0.0
230415441.33066612,0.5994158203191107,230415441.33066612,153984558.66933388,3.920429059345957e-11,-1.624737980314745e-19,-0.007301208369491373,-0.007301208369491372,1.0000000000000002,8.673617379884035e-19
230490682.26525307,0.5996115563612202,230490682.26525307,153909317.73474693,3.919207018576699e-11,-1.623602404637093e-19,-0.007296105346885687,-0.0072961053468856875,0.9999999999999999,8.673617379884035e-19
230565923.19983998,0.5998072924033299,230565923.19983998,153834076.80016002,3.9179858318483266e-11,-1.62246783046671e-19,-0.007291006824829224,-0.007291006824829222,1.0000000000000002,1.734723475976807e-18
230641164.1344269,0.6000030284454394,230641164.1344269,153758835.8655731,3.9167654984078695e-11,-1.6213342562815816e-19,-0.007285912796482391,-0.007285912796482389,1.0000000000000002,1.734723475976807e-18
230716405.0690138,0.6001987644875489,230716405.0690138,153683594.9309862,3.9155460175035004e-11,-1.6202016805616486e-19,-0.007280823255014383,-0.007280823255014383,1.0,0.0
230791646.00360072,0.6003945005296585,230791646.00360072,153608353.99639928,3.914327388384537e-11,-1.6190701017887998e-19,-0.007275738193603151,-0.00727573819360315,1.0000000000000002,8.673617379884035e-19
230866886.93818763,0.600590236571768,230866886.93818763,153533113.06181237,3.913109610301437e-11,-1.6179395184468676e-19,-0.007270657605435375,-0.007270657605435374,1.0000000000000002,8.673617379884035e-19
230942127.87277457,0.6007859726138777,230942127.87277457,153457872.12722543,3.9118926825057986e-11,-1.6168099290216229e-19,-0.00726558148370645,-0.00726558148370645,1.0,0.0
231017368.80736148,0.6009817086559872,231017368.80736148,153382631.19263852,3.910676604250359e-11,-1.6156813320007702e-19,-0.007260509821620459,-0.0072605098216204575,1.0000000000000002,1.734723475976807e-18
231092609.7419484,0.6011774446980968,231092609.7419484,153307390.2580516,3.9094613747889914e-11,-1.6145537258739398e-19,-0.007255442612390138,-0.007255442612390137,1.0000000000000002,8.673617379884035e-19
231167850.6765353,0.6013731807402063,231167850.6765353,153232149.3234647,3.908246993376707e-11,-1.6134271091326852e-19,-0.007250379849236867,-0.007250379849236867,1.0,0.0
231243091.61112222,0.6015689167823158,231243091.61112222,153156908.38887778,3.9070334592696486e-11,-1.6123014802704763e-19,-0.007245321525390637,-0.007245321525390638,0.9999999999999999,8.673617379884035e-19
231318332.54570913,0.6017646528244254,231318332.54570913,153081667.45429087,3.905820771725093e-11,-1.6111768377826946e-19,-0.007240267634090031,-0.00724026763409003,1.0000000000000002,8.673617379884035e-19
231393573.48029608,0.601960388866535,231393573.48029608,153006426.51970392,3.9046089300014487e-11,-1.6100531801666275e-19,-0.007235218168582194,-0.007235218168582193,1.0000000000000002,8.673617379884035e-19
231468814.414883,0.6021561249086446,231468814.414883,152931185.585117,3.903397933358253e-11,-1.6089305059214633e-19,-0.007230173122122816,-0.0072301731221228165,0.9999999999999999,8.673617379884035e-19
231544055.3494699,0.6023518609507542,231544055.3494699,152855944.6505301,3.902187781056173e-11,-1.607808813548287e-19,-0.007225132487976106,-0.007225132487976106,1.0,0.0
231619296.2840568,0.6025475969928638,231619296.2840568,152780703.7159432,3.9009784723570025e-11,-1.606688101550072e-19,-0.007220096259414765,-0.007220096259414765,1.0,0.0
231694537.21864372,0.6027433330349733,231694537.21864372,152705462.78135628,3.899770006523661e-11,-1.605568368431677e-19,-0.007215064429719962,-0.007215064429719963,0.9999999999999999,8.673617379884035e-19
231769778.15323064,0.6029390690770828,231769778.15323064,152630221.84676936,3.8985623828201915e-11,-1.6044496126998421e-19,-0.007210036992181322,-0.007210036992181322,1.0,0.0
231845019.08781758,0.6031348051191925,231845019.08781758,152554980.91218242,3.8973556005117605e-11,-1.603331832863179e-19,-0.0072050139400968785,-0.0072050139400968785,1.0,0.0
231920260.0224045,0.603330541161302,231920260.0224045,152479739.9775955,3.8961496588646557e-11,-1.6022150274321712e-19,-0.007199995266773081,-0.007199995266773081,1.0,0.0
231995500.9569914,0.6035262772034116,231995500.9569914,152404499.0430086,3.894944557146285e-11,-1.6010991949191648e-19,-0.007194980965524744,-0.007194980965524742,1.0000000000000002,1.734723475976807e-18
232070741.89157832,0.6037220132455211,232070741.89157832,152329258.10842168,3.893740294625176e-11,-1.5999843338383645e-19,-0.007189971029675037,-0.007189971029675036,1.0000000000000002,8.673617379884035e-19
232145982.82616523,0.6039177492876306,232145982.82616523,152254017.17383477,3.892536870570971e-11,-1.5988704427058276e-19,-0.007184965452555454,-0.007184965452555453,1.0000000000000002,8.673617379884035e-19
232221223.76075214,0.6041134853297402,232221223.76075214,152178776.23924786,3.8913342842544305e-11,-1.597757520039461e-19,-0.007179964227505801,-0.0071799642275058,1.0000000000000002,8.673617379884035e-19
232296464.69533908,0.6043092213718498,232296464.69533908,152103535.30466092,3.890132534947427e-11,-1.5966455643590132e-19,-0.00717496734787416,-0.007174967347874159,1.0000000000000002,8.673617379884035e-19
232371705.629926,0.6045049574139594,232371705.629926,152028294.370074,3.8889316219229494e-11,-1.5955345741860714e-19,-0.007169974807016874,-0.007169974807016873,1.0000000000000002,8.673617379884035e-19
232446946.5645129,0.6047006934560689,232446946.5645129,151953053.4354871,3.887731544455095e-11,-1.594424548044055e-19,-0.007164986598298521,-0.00716498659829852,1.0000000000000002,8.673617379884035e-19
232522187.49909982,0.6048964294981786,232522187.49909982,151877812.50090018,3.886532301819074e-11,-1.5933154844582096e-19,-0.007160002715091886,-0.007160002715091885,1.0000000000000002,8.673617379884035e-19
232597428.43368673,0.6050921655402881,232597428.43368673,151802571.56631327,3.8853338932912035e-11,-1.592207381955603e-19,-0.007155023150777942,-0.007155023150777943,0.9999999999999999,8.673617379884035e-19
232672669.36827365,0.6052879015823976,232672669.36827365,151727330.63172635,3.88413631814891e-11,-1.5911002390651215e-19,-0.007150047898745833,-0.007150047898745832,1.0000000000000002,8.673617379884035e-19
232747910.3028606,0.6054836376245073,232747910.3028606,151652089.6971394,3.882939575670724e-11,-1.58999405431746e-19,-0.00714507695239283,-0.007145076952392829,1.0000000000000002,8.673617379884035e-19
232823151.2374475,0.6056793736666168,232823151.2374475,151576848.7625525,3.8817436651362825e-11,-1.5888888262451222e-19,-0.007140110305124335,-0.007140110305124335,1.0,0.0
232898392.1720344,0.6058751097087264,232898392.1720344,151501607.8279656,3.8805485858263266e-11,-1.587784553382412e-19,-0.0071351479503538396,-0.007135147950353839,1.0000000000000002,8.673617379884035e-19
232973633.10662133,0.6060708457508359,232973633.10662133,151426366.89337867,3.879354337022697e-11,-1.586681234265429e-19,-0.0071301898815029005,-0.0071301898815029,1.0000000000000002,8.673617379884035e-19
233048874.04120824,0.6062665817929455,233048874.04120824,151351125.95879176,3.878160918008338e-11,-1.5855788674320648e-19,-0.007125236092001131,-0.00712523609200113,1.0000000000000002,8.673617379884035e-19
233124114.97579515,0.606462317835055,233124114.97579515,151275885.02420485,3.876968328067291e-11,-1.5844774514219946e-19,-0.00712028657528616,-0.007120286575286159,1.0000000000000002,8.673617379884035e-19
233199355.9103821,0.6066580538771646,233199355.9103821,151200644.0896179,3.875776566484696e-11,-1.5833769847766755e-19,-0.007115341324803621,-0.00711534132480362,1.0000000000000002,1.734723475976807e-18
233274596.844969,0.6068537899192742,233274596.844969,151125403.155031,3.874585632546792e-11,-1.58227746603934e-19,-0.0071104003340071295,-0.007110400334007129,1.0000000000000002,8.673617379884035e-19
233349837.77955592,0.6070495259613837,233349837.77955592,151050162.22044408,3.873395525540911e-11,-1.5811788937549898e-19,-0.007105463596358247,-0.007105463596358247,1.0,0.0
233425078.71414283,0.6072452620034933,233425078.71414283,150974921.28585717,3.8722062447554786e-11,-1.5800812664703926e-19,-0.007100531105326474,-0.007100531105326474,1.0,0.0
233500319.64872974,0.6074409980456029,233500319.64872974,150899680.35127026,3.871017789480016e-11,-1.5789845827340753e-19,-0.007095602854389216,-0.007095602854389215,1.0000000000000002,8.673617379884035e-19
233575560.58331665,0.6076367340877125,233575560.58331665,150824439.41668335,3.8698301590051326e-11,-1.5778888410963193e-19,-0.007090678837031762,-0.007090678837031762,1.0,0.0
233650801.5179036,0.607832470129822,233650801.5179036,150749198.4820964,3.86864335262253e-11,-1.5767940401091549e-19,-0.007085759046747261,-0.007085759046747262,0.9999999999999999,8.673617379884035e-19
233726042.4524905,0.6080282061719317,233726042.4524905,150673957.5475095,3.867457369624999e-11,-1.57570017832636e-19,-0.007080843477036715,-0.007080843477036713,1.0000000000000002,1.734723475976807e-18
233801283.38707742,0.6082239422140412,233801283.38707742,150598716.61292258,3.866272209306416e-11,-1.5746072543034478e-19,-0.007075932121408924,-0.007075932121408923,1.0000000000000002,8.673617379884035e-19
233876524.32166433,0.6084196782561507,233876524.32166433,150523475.67833567,3.865087870961745e-11,-1.573515266597668e-19,-0.007071024973380492,-0.007071024973380491,1.0000000000000002,8.673617379884035e-19
233951765.25625125,0.6086154142982603,233951765.25625125,150448234.74374875,3.8639043538870344e-11,-1.5724242137679988e-19,-0.007066122026475788,-0.007066122026475787,1.0000000000000002,8.673617379884035e-19
234027006.19083816,0.6088111503403698,234027006.19083816,150372993.80916184,3.8627216573794164e-11,-1.5713340943751426e-19,-0.007061223274226934,-0.007061223274226932,1.0000000000000002,1.734723475976807e-18
234102247.1254251,0.6090068863824795,234102247.1254251,150297752.8745749,3.861539780737104e-11,-1.5702449069815195e-19,-0.007056328710173765,-0.007056328710173765,1.0,0.0
234177488.060012,0.609202622424589,234177488.060012,150222511.939988,3.860358723259396e-11,-1.5691566501512659e-19,-0.007051438327863834,-0.007051438327863833,1.0000000000000002,1.734723475976807e-18
234252728.99459893,0.6093983584666985,234252728.99459893,150147271.00540107,3.859178484246663e-11,-1.5680693224502238e-19,-0.007046552120852357,-0.007046552120852355,1.0000000000000002,1.734723475976807e-18
234327969.92918584,0.6095940945088081,234327969.92918584,150072030.07081416,3.8579990630003617e-11,-1.566982922445941e-19,-0.007041670082702212,-0.007041670082702211,1.0000000000000002,8.673617379884035e-19
234403210.86377275,0.6097898305509176,234403210.86377275,149996789.13622725,3.8568204588230215e-11,-1.5658974487076628e-19,-0.007036792206983911,-0.00703679220698391,1.0000000000000002,8.673617379884035e-19
234478451.79835966,0.6099855665930272,234478451.79835966,149921548.20164034,3.855642671018249e-11,-1.5648128998063283e-19,-0.007031918487275572,-0.007031918487275571,1.0000000000000002,8.673617379884035e-19
234553692.7329466,0.6101813026351368,234553692.7329466,149846307.2670534,3.854465698890725e-11,-1.5637292743145642e-19,-0.007027048917162901,-0.0070270489171629005,1.0000000000000002,8.673617379884035e-19
234628933.66753352,0.6103770386772464,234628933.66753352,149771066.33246648,3.8532895417462053e-11,-1.5626465708066823e-19,-0.007022183490239174,-0.0070221834902391735,1.0000000000000002,8.673617379884035e-19
234704174.60212043,0.610572774719356,234704174.60212043,149695825.39787957,3.852114198891515e-11,-1.5615647878586706e-19,-0.007017322200105201,-0.0070173222001052,1.0000000000000002,8.673617379884035e-19
234779415.53670734,0.6107685107614655,234779415.53670734,149620584.46329266,3.8509396696345525e-11,-1.5604839240481914e-19,-0.007012465040369314,-0.007012465040369314,1.0,0.0
234854656.47129425,0.6109642468035751,234854656.47129425,149545343.52870575,3.8497659532842843e-11,-1.5594039779545746e-19,-0.0070076120046473405,-0.0070076120046473405,1.0,0.0
234929897.40588117,0.6111599828456846,234929897.40588117,149470102.59411883,3.8485930491507454e-11,-1.558324948158814e-19,-0.007002763086562584,-0.007002763086562583,1.0000000000000002,8.673617379884035e-19
235005138.3404681,0.6113557188877943,235005138.3404681,149394861.6595319,3.8474209565450376e-11,-1.5572468332435595e-19,-0.006997918279745792,-0.006997918279745792,1.0,0.0
235080379.27505502,0.6115514549299038,235080379.27505502,149319620.72494498,3.8462496747793306e-11,-1.5561696317931166e-19,-0.006993077577835151,-0.00699307757783515,1.0000000000000002,8.673617379884035e-19
235155620.20964193,0.6117471909720134,235155620.20964193,149244379.79035807,3.8450792031668544e-11,-1.5550933423934371e-19,-0.006988240974476243,-0.0069882409744762425,1.0000000000000002,8.673617379884035e-19
235230861.14422885,0.6119429270141229,235230861.14422885,149169138.85577115,3.843909541021908e-11,-1.5540179636321158e-19,-0.006983408463322038,-0.006983408463322038,1.0,0.0
235306102.07881576,0.6121386630562324,235306102.07881576,149093897.92118424,3.842740687659847e-11,-1.5529434940983863e-19,-0.006978580038032867,-0.006978580038032864,1.0000000000000004,2.6020852139652106e-18
235381343.01340267,0.612334399098342,235381343.01340267,149018656.98659733,3.8415726423970915e-11,-1.5518699323831139e-19,-0.006973755692276392,-0.006973755692276392,1.0,0.0
235456583.9479896,0.6125301351404516,235456583.9479896,148943416.0520104,3.840405404551119e-11,-1.550797277078792e-19,-0.006968935419727599,-0.006968935419727598,1.0000000000000002,8.673617379884035e-19
235531824.88257653,0.6127258711825612,235531824.88257653,148868175.11742347,3.839238973440468e-11,-1.5497255267795383e-19,-0.006964119214068764,-0.006964119214068763,1.0000000000000002,8.673617379884035e-19
235607065.81716344,0.6129216072246707,235607065.81716344,148792934.18283656,3.8380733483847316e-11,-1.5486546800810867e-19,-0.006959307068989431,-0.006959307068989431,1.0,0.0
235682306.75175035,0.6131173432667804,235682306.75175035,148717693.24824965,3.8369085287045606e-11,-1.547584735580785e-19,-0.006954498978186395,-0.006954498978186394,1.0000000000000002,8.673617379884035e-19
235757547.68633726,0.6133130793088899,235757547.68633726,148642452.31366274,3.8357445137216587e-11,-1.5465156918775874e-19,-0.006949694935363671,-0.006949694935363671,1.0,0.0
235832788.62092417,0.6135088153509994,235832788.62092417,148567211.37907583,3.8345813027587845e-11,-1.545447547572053e-19,-0.006944894934232484,-0.006944894934232484,1.0,0.0
235908029.55551112,0.6137045513931091,235908029.55551112,148491970.44448888,3.833418895139749e-11,-1.5443803012663368e-19,-0.0069400989685112335,-0.006940098968511233,1.0000000000000002,8.673617379884035e-19
235983270.49009803,0.6139002874352186,235983270.49009803,148416729.50990197,3.832257290189415e-11,-1.5433139515641888e-19,-0.006935307031925484,-0.006935307031925484,1.0,0.0
236058511.42468494,0.6140960234773282,236058511.42468494,148341488.57531506,3.8310964872336934e-11,-1.5422484970709448e-19,-0.0069305191182079265,-0.006930519118207927,0.9999999999999999,8.673617379884035e-19
236133752.35927185,0.6142917595194377,236133752.35927185,148266247.64072815,3.8299364855995456e-11,-1.5411839363935256e-19,-0.006925735221098376,-0.006925735221098375,1.0000000000000002,8.673617379884035e-19
236208993.29385877,0.6144874955615472,236208993.29385877,148191006.70614123,3.8287772846149794e-11,-1.5401202681404279e-19,-0.006920955334343728,-0.0069209553343437275,1.0000000000000002,8.673617379884035e-19
236284234.22844568,0.6146832316036568,236284234.22844568,148115765.77155432,3.8276188836090484e-11,-1.5390574909217223e-19,-0.006916179451697952,-0.006916179451697953,0.9999999999999999,8.673617379884035e-19
236359475.16303262,0.6148789676457664,236359475.16303262,148040524.83696738,3.826461281911854e-11,-1.537995603349048e-19,-0.006911407566922066,-0.006911407566922066,1.0,0.0
236434716.09761953,0.615074703687876,236434716.09761953,147965283.90238047,3.8253044788545394e-11,-1.5369346040356074e-19,-0.006906639673784112,-0.006906639673784111,1.0000000000000002,8.673617379884035e-19
236509957.03220645,0.6152704397299855,236509957.03220645,147890042.96779355,3.824148473769291e-11,-1.5358744915961594e-19,-0.006901875766059125,-0.006901875766059124,1.0000000000000002,8.673617379884035e-19
236585197.96679336,0.6154661757720951,236585197.96679336,147814802.03320664,3.8229932659893376e-11,-1.534815264647018e-19,-0.006897115837529133,-0.006897115837529134,0.9999999999999999,8.673617379884035e-19
236660438.90138027,0.6156619118142047,236660438.90138027,147739561.09861973,3.8218388548489484e-11,-1.5337569218060446e-19,-0.006892359881983114,-0.006892359881983112,1.0000000000000002,1.734723475976807e-18
236735679.83596718,0.6158576478563142,236735679.83596718,147664320.16403282,3.8206852396834304e-11,-1.5326994616926432e-19,-0.006887607893216978,-0.006887607893216978,1.0,0.0
236810920.77055413,0.6160533838984238,236810920.77055413,147589079.22944587,3.81953241982913e-11,-1.5316428829277573e-19,-0.006882859865033556,-0.006882859865033555,1.0000000000000002,8.673617379884035e-19
236886161.70514104,0.6162491199405334,236886161.70514104,147513838.29485896,3.818380394623433e-11,-1.5305871841338636e-19,-0.006878115791242564,-0.006878115791242563,1.0000000000000002,8.673617379884035e-19
236961402.63972795,0.616444855982643,236961402.63972795,147438597.36027205,3.817229163404756e-11,-1.5295323639349667e-19,-0.006873375665660591,-0.006873375665660591,1.0,0.0
237036643.57431486,0.6166405920247525,237036643.57431486,147363356.42568514,3.8160787255125555e-11,-1.5284784209565956e-19,-0.006868639482111069,-0.006868639482111068,1.0000000000000002,8.673617379884035e-19
237111884.50890177,0.6168363280668621,237111884.50890177,147288115.49109823,3.8149290802873176e-11,-1.527425353825797e-19,-0.006863907234424256,-0.006863907234424257,0.9999999999999999,8.673617379884035e-19
237187125.4434887,0.6170320641089716,237187125.4434887,147212874.5565113,3.8137802270705617e-11,-1.526373161171133e-19,-0.006859178916437214,-0.006859178916437212,1.0000000000000002,1.734723475976807e-18
237262366.37807563,0.6172278001510813,237262366.37807563,147137633.62192437,3.8126321652048406e-11,-1.525321841622671e-19,-0.0068544545219937775,-0.0068544545219937775,1.0,0.0
237337607.31266254,0.6174235361931908,237337607.31266254,147062392.68733746,3.811484894033737e-11,-1.524271393811987e-19,-0.006849734044944553,-0.006849734044944552,1.0000000000000002,8.673617379884035e-19
237412848.24724945,0.6176192722353003,237412848.24724945,146987151.75275055,3.810338412901859e-11,-1.523221816372153e-19,-0.006845017479146872,-0.006845017479146871,1.0000000000000002,8.673617379884035e-19
237488089.18183637,0.6178150082774099,237488089.18183637,146911910.81816363,3.809192721154847e-11,-1.522173107937735e-19,-0.0068403048184647805,-0.00684030481846478,1.0000000000000002,8.673617379884035e-19
237563330.11642328,0.6180107443195194,237563330.11642328,146836669.88357672,3.808047818139366e-11,-1.5211252671447898e-19,-0.006835596056769025,-0.006835596056769024,1.0000000000000002,8.673617379884035e-19
237638571.0510102,0.6182064803616291,237638571.0510102,146761428.9489898,3.806903703203107e-11,-1.5200782926308566e-19,-0.00683089118793701,-0.006830891187937009,1.0000000000000002,8.673617379884035e-19
237713811.98559713,0.6184022164037386,237713811.98559713,146686188.01440287,3.805760375694785e-11,-1.5190321830349556e-19,-0.0068261902058527986,-0.0068261902058527986,1.0,0.0
237789052.92018405,0.6185979524458481,237789052.92018405,146610947.07981595,3.8046178349641404e-11,-1.5179869369975812e-19,-0.006821493104407077,-0.006821493104407076,1.0000000000000002,8.673617379884035e-19
237864293.85477096,0.6187936884879578,237864293.85477096,146535706.14522904,3.803476080361934e-11,-1.516942553160697e-19,-0.006816799877497133,-0.006816799877497132,1.0000000000000002,8.673617379884035e-19
237939534.78935787,0.6189894245300673,237939534.78935787,146460465.21064213,3.802335111239948e-11,-1.5158990301677307e-19,-0.006812110519026836,-0.006812110519026836,1.0,0.0
238014775.72394478,0.6191851605721769,238014775.72394478,146385224.27605522,3.8011949269509874e-11,-1.5148563666635712e-19,-0.00680742502290662,-0.00680742502290662,1.0,0.0
238090016.65853173,0.6193808966142865,238090016.65853173,146309983.34146827,3.8000555268488715e-11,-1.5138145612945615e-19,-0.0068027433830534535,-0.006802743383053453,1.0000000000000002,8.673617379884035e-19
238165257.59311864,0.6195766326563961,238165257.59311864,146234742.40688136,3.7989169102884416e-11,-1.5127736127084954e-19,-0.006798065593390825,-0.006798065593390825,1.0,0.0
238240498.52770555,0.6197723686985056,238240498.52770555,146159501.47229445,3.797779076625554e-11,-1.511733519554611e-19,-0.006793391647848714,-0.006793391647848712,1.0000000000000002,1.734723475976807e-18
238315739.46229246,0.6199681047406151,238315739.46229246,146084260.53770754,3.796642025217081e-11,-1.5106942804835871e-19,-0.006788721540363572,-0.006788721540363573,0.9999999999999999,8.673617379884035e-19
238390980.39687937,0.6201638407827247,238390980.39687937,146009019.60312063,3.795505755420911e-11,-1.5096558941475387e-19,-0.0067840552648783066,-0.0067840552648783066,1.0,0.0
238466221.3314663,0.6203595768248342,238466221.3314663,145933778.6685337,3.7943702665959445e-11,-1.5086183592000106e-19,-0.00677939281534225,-0.006779392815342249,1.0000000000000002,8.673617379884035e-19
238541462.26605323,0.6205553128669439,238541462.26605323,145858537.73394677,3.793235558102094e-11,-1.507581674295973e-19,-0.006774734185711139,-0.0067747341857111384,1.0000000000000002,8.673617379884035e-19
238616703.20064014,0.6207510489090534,238616703.20064014,145783296.79935986,3.792101629300285e-11,-1.506545838091818e-19,-0.006770079369947103,-0.0067700793699471025,1.0000000000000002,8.673617379884035e-19
238691944.13522705,0.620946784951163,238691944.13522705,145708055.86477295,3.790968479552453e-11,-1.5055108492453536e-19,-0.006765428362018629,-0.006765428362018629,1.0,0.0
238767185.06981397,0.6211425209932725,238767185.06981397,145632814.93018603,3.7898361082215423e-11,-1.504476706415799e-19,-0.006760781155900551,-0.00676078115590055,1.0000000000000002,8.673617379884035e-19
238842426.00440088,0.6213382570353821,238842426.00440088,145557573.99559912,3.788704514671506e-11,-1.503443408263779e-19,-0.006756137745574015,-0.006756137745574013,1.0000000000000002,1.734723475976807e-18
238917666.9389878,0.6215339930774917,238917666.9389878,145482333.0610122,3.787573698267304e-11,-1.5024109534513207e-19,-0.006751498125026472,-0.006751498125026471,1.0000000000000002,8.673617379884035e-19
238992907.87357473,0.6217297291196013,238992907.87357473,145407092.12642527,3.786443658374903e-11,-1.501379340641847e-19,-0.006746862288251642,-0.0067468622882516415,1.0000000000000002,8.673617379884035e-19
239068148.80816165,0.6219254651617109,239068148.80816165,145331851.19183835,3.785314394361274e-11,-1.5003485685001737e-19,-0.00674223022924951,-0.00674223022924951,1.0,0.0
239143389.74274856,0.6221212012038204,239143389.74274856,145256610.25725144,3.784185905594393e-11,-1.499318635692504e-19,-0.00673760194202629,-0.006737601942026289,1.0000000000000002,8.673617379884035e-19
239218630.67733547,0.62231693724593,239218630.67733547,145181369.32266453,3.783058191443239e-11,-1.4982895408864214e-19,-0.0067329774205944,-0.006732977420594399,1.0000000000000002,8.673617379884035e-19
239293871.61192238,0.6225126732880395,239293871.61192238,145106128.38807762,3.7819312512777917e-11,-1.4972612827508876e-19,-0.006728356658972454,-0.006728356658972454,1.0,0.0
239369112.5465093,0.622708409330149,239369112.5465093,145030887.4534907,3.7808050844690335e-11,-1.4962338599562375e-19,-0.006723739651185234,-0.006723739651185233,1.0000000000000002,8.673617379884035e-19
239444353.48109624,0.6229041453722587,239444353.48109624,144955646.51890376,3.779679690388945e-11,-1.4952072711741726e-19,-0.0067191263912636644,-0.006719126391263662,1.0000000000000004,2.6020852139652106e-18
239519594.41568315,0.6230998814143682,239519594.41568315,144880405.58431685,3.778555068410507e-11,-1.494181515077758e-19,-0.006714516873244797,-0.006714516873244796,1.0000000000000002,8.673617379884035e-19
239594835.35027006,0.6232956174564778,239594835.35027006,144805164.64972994,3.777431217907698e-11,-1.493156590341417e-19,-0.006709911091171787,-0.006709911091171785,1.0000000000000002,1.734723475976807e-18
239670076.28485698,0.6234913534985873,239670076.28485698,144729923.71514302,3.776308138255494e-11,-1.4921324956409248e-19,-0.006705309039093866,-0.0067053090390938675,0.9999999999999998,1.734723475976807e-18
239745317.2194439,0.6236870895406968,239745317.2194439,144654682.7805561,3.775185828829864e-11,-1.491109229653407e-19,-0.006700710711066331,-0.006700710711066329,1.0000000000000002,1.734723475976807e-18
239820558.1540308,0.6238828255828065,239820558.1540308,144579441.8459692,3.774064289007775e-11,-1.4900867910573306e-19,-0.006696116101150511,-0.006696116101150509,1.0000000000000002,1.734723475976807e-18
239895799.08861774,0.624078561624916,239895799.08861774,144504200.91138226,3.7729435181671874e-11,-1.4890651785325023e-19,-0.006691525203413751,-0.0066915252034137505,1.0000000000000002,8.673617379884035e-19
239971040.02320465,0.6242742976670257,239971040.02320465,144428959.97679535,3.771823515687052e-11,-1.4880443907600637e-19,-0.006686938011929399,-0.006686938011929399,1.0,0.0
240046280.95779157,0.6244700337091352,240046280.95779157,144353719.04220843,3.770704280947315e-11,-1.4870244264224845e-19,-0.006682354520776769,-0.006682354520776767,1.0000000000000002,1.734723475976807e-18
240121521.89237848,0.6246657697512448,240121521.89237848,144278478.10762152,3.769585813328911e-11,-1.4860052842035586e-19,-0.006677774724041124,-0.006677774724041123,1.0000000000000002,8.673617379884035e-19
240196762.8269654,0.6248615057933543,240196762.8269654,144203237.1730346,3.768468112213764e-11,-1.4849869627884e-19,-0.006673198615813661,-0.0066731986158136605,1.0000000000000002,8.673617379884035e-19
240272003.7615523,0.6250572418354639,240272003.7615523,144127996.2384477,3.7673511769847886e-11,-1.4839694608634376e-19,-0.006668626190191489,-0.006668626190191487,1.0000000000000002,1.734723475976807e-18
240347244.69613925,0.6252529778775735,240347244.69613925,144052755.30386075,3.7662350070258855e-11,-1.4829527771164078e-19,-0.006664057441277586,-0.006664057441277587,0.9999999999999999,8.673617379884035e-19
240422485.63072616,0.625448713919683,240422485.63072616,143977514.36927384,3.765119601721945e-11,-1.4819369102363574e-19,-0.0066594923631808235,-0.006659492363180822,1.0000000000000002,1.734723475976807e-18
240497726.56531307,0.6256444499617926,240497726.56531307,143902273.43468693,3.7640049604588405e-11,-1.4809218589136277e-19,-0.006654930950015888,-0.006654930950015889,0.9999999999999999,8.673617379884035e-19
240572967.49989998,0.6258401860039021,240572967.49989998,143827032.50010002,3.762891082623432e-11,-1.4799076218398597e-19,-0.0066503731959033086,-0.0066503731959033086,1.0,0.0
240648208.4344869,0.6260359220460117,240648208.4344869,143751791.5655131,3.7617779676035624e-11,-1.478894197707983e-19,-0.006645819094969404,-0.006645819094969405,0.9999999999999999,8.673617379884035e-19
240723449.3690738,0.6262316580881212,240723449.3690738,143676550.6309262,3.7606656147880566e-11,-1.477881585212214e-19,-0.0066412686413462735,-0.006641268641346272,1.0000000000000002,1.734723475976807e-18
240798690.30366075,0.6264273941302309,240798690.30366075,143601309.69633925,3.759554023566725e-11,-1.476869783048049e-19,-0.006636721829171772,-0.006636721829171771,1.0000000000000002,8.673617379884035e-19
240873931.23824766,0.6266231301723404,240873931.23824766,143526068.76175234,3.7584431933303555e-11,-1.4758587899122632e-19,-0.006632178652589497,-0.006632178652589497,1.0,0.0
240949172.17283458,0.6268188662144499,240949172.17283458,143450827.82716542,3.757333123470718e-11,-1.4748486045029015e-19,-0.006627639105748756,-0.0066276391057487555,1.0000000000000002,8.673617379884035e-19
241024413.1074215,0.6270146022565596,241024413.1074215,143375586.8925785,3.756223813380561e-11,-1.473839225519276e-19,-0.006623103182804548,-0.006623103182804547,1.0000000000000002,1.734723475976807e-18
241099654.0420084,0.6272103382986691,241099654.0420084,143300345.9579916,3.755115262453612e-11,-1.4728306516619602e-19,-0.006618570877917542,-0.006618570877917542,1.0,0.0
241174894.9765953,0.6274060743407787,241174894.9765953,143225105.0234047,3.754007470084573e-11,-1.4718228816327865e-19,-0.006614042185254065,-0.006614042185254064,1.0000000000000002,8.673617379884035e-19
241250135.91118225,0.6276018103828883,241250135.91118225,143149864.08881775,3.7529004356691246e-11,-1.4708159141348377e-19,-0.0066095170989860594,-0.00660951709898606,0.9999999999999999,8.673617379884035e-19
241325376.84576917,0.6277975464249979,241325376.84576917,143074623.15423083,3.751794158603924e-11,-1.4698097478724475e-19,-0.006604995613291092,-0.006604995613291091,1.0000000000000002,8.673617379884035e-19
241400617.78035608,0.6279932824671074,241400617.78035608,142999382.21964392,3.7506886382865995e-11,-1.4688043815511885e-19,-0.0066004777223522965,-0.006600477722352296,1.0000000000000002,8.673617379884035e-19
241475858.714943,0.6281890185092169,241475858.714943,142924141.285057,3.749583874115755e-11,-1.4677998138778745e-19,-0.006595963420358383,-0.006595963420358383,1.0,0.0
241551099.6495299,0.6283847545513265,241551099.6495299,142848900.3504701,3.7484798654909665e-11,-1.466796043560551e-19,-0.0065914527015036,-0.006591452701503599,1.0000000000000002,8.673617379884035e-19
241626340.58411682,0.628580490593436,241626340.58411682,142773659.41588318,3.747376611812782e-11,-1.465793069308493e-19,-0.006586945559987715,-0.006586945559987715,1.0,0.0
241701581.51870376,0.6287762266355457,241701581.51870376,142698418.48129624,3.746274112482718e-11,-1.4647908898321984e-19,-0.006582441990015998,-0.006582441990015998,1.0,0.0
241776822.45329067,0.6289719626776552,241776822.45329067,142623177.54670933,3.745172366903265e-11,-1.463789503843386e-19,-0.0065779419857992,-0.006577941985799199,1.0000000000000002,1.734723475976807e-18
241852063.38787758,0.6291676987197647,241852063.38787758,142547936.61212242,3.744071374477878e-11,-1.462788910054987e-19,-0.006573445541553522,-0.006573445541553522,1.0,0.0
241927304.3224645,0.6293634347618743,241927304.3224645,142472695.6775355,3.7429711346109825e-11,-1.4617891071811431e-19,-0.006568952651500606,-0.0065689526515006055,1.0000000000000002,8.673617379884035e-19
242002545.2570514,0.6295591708039839,242002545.2570514,142397454.7429486,3.741871646707971e-11,-1.4607900939372001e-19,-0.0065644633098675045,-0.006564463309867504,1.0000000000000002,8.673617379884035e-19
242077786.19163832,0.6297549068460935,242077786.19163832,142322213.80836168,3.7407729101752e-11,-1.4597918690397046e-19,-0.0065599775108866635,-0.0065599775108866635,1.0,0.0
242153027.12622526,0.6299506428882031,242153027.12622526,142246972.87377474,3.739674924419994e-11,-1.4587944312063978e-19,-0.006555495248795901,-0.0065554952487959,1.0000000000000002,8.673617379884035e-19
242228268.06081218,0.6301463789303127,242228268.06081218,142171731.93918782,3.7385776888506404e-11,-1.457797779156212e-19,-0.006551016517838385,-0.006551016517838384,1.0000000000000002,8.673617379884035e-19
242303508.9953991,0.6303421149724222,242303508.9953991,142096491.0046009,3.7374812028763895e-11,-1.4568019116092646e-19,-0.006546541312262611,-0.006546541312262611,1.0,0.0
242378749.929986,0.6305378510145317,242378749.929986,142021250.070014,3.7363854659074554e-11,-1.4558068272868545e-19,-0.006542069626322381,-0.00654206962632238,1.0000000000000002,8.673617379884035e-19
242453990.8645729,0.6307335870566413,242453990.8645729,141946009.1354271,3.735290477355013e-11,-1.4548125249114563e-19,-0.006537601454276784,-0.006537601454276783,1.0000000000000002,8.673617379884035e-19
242529231.79915982,0.6309293230987508,242529231.79915982,141870768.20084018,3.734196236631199e-11,-1.453819003206716e-19,-0.00653313679039017,-0.006533136790390169,1.0000000000000002,8.673617379884035e-19
242604472.73374677,0.6311250591408605,242604472.73374677,141795527.26625323,3.733102743149108e-11,-1.452826260897447e-19,-0.006528675628932137,-0.006528675628932135,1.0000000000000002,1.734723475976807e-18
242679713.66833368,0.63132079518297,242679713.66833368,141720286.33166632,3.7320099963227963e-11,-1.4518342967096237e-19,-0.006524217964177499,-0.006524217964177499,1.0,0.0
242754954.6029206,0.6315165312250796,242754954.6029206,141645045.3970794,3.730917995567277e-11,-1.450843109370379e-19,-0.006519763790406276,-0.006519763790406275,1.0000000000000002,8.673617379884035e-19
242830195.5375075,0.6317122672671891,242830195.5375075,141569804.4624925,3.7298267402985196e-11,-1.4498526976079966e-19,-0.006515313101903661,-0.00651531310190366,1.0000000000000002,8.673617379884035e-19
242905436.47209442,0.6319080033092986,242905436.47209442,141494563.52790558,3.7287362299334514e-11,-1.4488630601519087e-19,-0.006510865892960006,-0.006510865892960006,1.0,0.0
242980677.40668133,0.6321037393514083,242980677.40668133,141419322.59331867,3.727646463889954e-11,-1.4478741957326907e-19,-0.006506422157870802,-0.006506422157870802,1.0,0.0
243055918.34126827,0.6322994753935178,243055918.34126827,141344081.65873173,3.726557441586864e-11,-1.4468861030820547e-19,-0.006501981890936648,-0.006501981890936648,1.0,0.0
243131159.27585518,0.6324952114356275,243131159.27585518,141268840.72414482,3.725469162443975e-11,-1.4458987809328485e-19,-0.006497545086463245,-0.006497545086463243,1.0000000000000002,1.734723475976807e-18
243206400.2104421,0.632690947477737,243206400.2104421,141193599.7895579,3.724381625882029e-11,-1.4449122280190468e-19,-0.006493111738761359,-0.006493111738761359,1.0,0.0
243281641.145029,0.6328866835198466,243281641.145029,141118358.854971,3.7232948313227215e-11,-1.4439264430757487e-19,-0.006488681842146809,-0.0064886818421468085,1.0000000000000002,8.673617379884035e-19
243356882.07961592,0.6330824195619561,243356882.07961592,141043117.92038408,3.7222087781887005e-11,-1.4429414248391723e-19,-0.006484255390940443,-0.006484255390940442,1.0000000000000002,8.673617379884035e-19
243432123.01420283,0.6332781556040656,243432123.01420283,140967876.98579717,3.721123465903564e-11,-1.4419571720466503e-19,-0.006479832379468116,-0.006479832379468116,1.0,0.0
243507363.94878978,0.6334738916461753,243507363.94878978,140892636.05121022,3.720038893891859e-11,-1.4409736834366246e-19,-0.0064754128020606695,-0.0064754128020606695,1.0,0.0
243582604.8833767,0.6336696276882848,243582604.8833767,140817395.1166233,3.718955061579082e-11,-1.439990957748643e-19,-0.006470996653053914,-0.006470996653053914,1.0,0.0
243657845.8179636,0.6338653637303944,243657845.8179636,140742154.1820364,3.7178719683916774e-11,-1.439008993723352e-19,-0.006466583926788596,-0.006466583926788597,0.9999999999999999,8.673617379884035e-19
243733086.7525505,0.6340610997725039,243733086.7525505,140666913.2474495,3.716789613757036e-11,-1.438027790102495e-19,-0.006462174617610394,-0.006462174617610392,1.0000000000000002,1.734723475976807e-18
243808327.68713742,0.6342568358146135,243808327.68713742,140591672.31286258,3.715707997103495e-11,-1.4370473456289043e-19,-0.0064577687198698755,-0.006457768719869876,0.9999999999999999,8.673617379884035e-19
243883568.62172434,0.634452571856723,243883568.62172434,140516431.37827566,3.714627117860339e-11,-1.4360676590464996e-19,-0.0064533662279225,-0.0064533662279225,1.0,0.0
243958809.55631128,0.6346483078988326,243958809.55631128,140441190.44368872,3.7135469754577945e-11,-1.435088729100281e-19,-0.006448967136128577,-0.006448967136128577,1.0,0.0
244034050.4908982,0.6348440439409422,244034050.4908982,140365949.5091018,3.7124675693270334e-11,-1.4341105545363255e-19,-0.006444571438853259,-0.006444571438853259,1.0,0.0
244109291.4254851,0.6350397799830518,244109291.4254851,140290708.5745149,3.7113888989001714e-11,-1.4331331341017806e-19,-0.006440179130466507,-0.0064401791304665055,1.0000000000000002,1.734723475976807e-18
244184532.36007202,0.6352355160251614,244184532.36007202,140215467.63992798,3.710310963610264e-11,-1.4321564665448618e-19,-0.006435790205343082,-0.006435790205343082,1.0,0.0
244259773.29465893,0.6354312520672709,244259773.29465893,140140226.70534107,3.7092337628913106e-11,-1.431180550614846e-19,-0.006431404657862515,-0.006431404657862515,1.0,0.0
244335014.22924584,0.6356269881093805,244335014.22924584,140064985.77075416,3.70815729617825e-11,-1.430205385062069e-19,-0.006427022482409094,-0.006427022482409092,1.0000000000000002,1.734723475976807e-18
244410255.16383278,0.6358227241514901,244410255.16383278,139989744.83616722,3.70708156290696e-11,-1.4292309686379158e-19,-0.006422643673371825,-0.006422643673371823,1.0000000000000002,1.734723475976807e-18
244485496.0984197,0.6360184601935996,244485496.0984197,139914503.9015803,3.7060065625142605e-11,-1.4282573000948232e-19,-0.0064182682251444365,-0.006418268225144436,1.0000000000000002,8.673617379884035e-19
244560737.0330066,0.6362141962357092,244560737.0330066,139839262.9669934,3.704932294437907e-11,-1.4272843781862686e-19,-0.006413896132125337,-0.006413896132125337,1.0,0.0
244635977.96759352,0.6364099322778187,244635977.96759352,139764022.03240648,3.703858758116594e-11,-1.4263122016667693e-19,-0.006409527388717606,-0.006409527388717604,1.0000000000000002,1.734723475976807e-18
244711218.90218043,0.6366056683199283,244711218.90218043,139688781.09781957,3.702785952989951e-11,-1.4253407692918746e-19,-0.006405161989328959,-0.0064051619893289585,1.0000000000000002,8.673617379884035e-19
244786459.83676735,0.6368014043620378,244786459.83676735,139613540.16323265,3.701713878498545e-11,-1.4243700798181636e-19,-0.006400799928371744,-0.0064007999283717445,0.9999999999999999,8.673617379884035e-19
244861700.7713543,0.6369971404041475,244861700.7713543,139538299.2286457,3.700642534083877e-11,-1.4234001320032391e-19,-0.0063964412002629045,-0.0063964412002629045,1.0,0.0
244936941.7059412,0.637192876446257,244936941.7059412,139463058.2940588,3.6995719191883845e-11,-1.4224309246057245e-19,-0.006392085799423974,-0.006392085799423973,1.0000000000000002,8.673617379884035e-19
245012182.6405281,0.6373886124883665,245012182.6405281,139387817.3594719,3.698502033255436e-11,-1.4214624563852562e-19,-0.006387733720281033,-0.006387733720281033,1.0,0.0
245087423.57511503,0.6375843485304762,245087423.57511503,139312576.42488497,3.697432875729335e-11,-1.420494726102481e-19,-0.00638338495726471,-0.006383384957264709,1.0000000000000002,8.673617379884035e-19
245162664.50970194,0.6377800845725857,245162664.50970194,139237335.49029806,3.696364446055315e-11,-1.4195277325190504e-19,-0.006379039504810143,-0.006379039504810143,1.0,0.0
245237905.44428885,0.6379758206146953,245237905.44428885,139162094.55571115,3.6952967436795436e-11,-1.4185614743976172e-19,-0.00637469735735697,-0.00637469735735697,1.0,0.0
245313146.3788758,0.6381715566568049,245313146.3788758,139086853.6211242,3.6942297680491154e-11,-1.4175959505018288e-19,-0.0063703585093493,-0.0063703585093492976,1.0000000000000004,2.6020852139652106e-18
245388387.3134627,0.6383672926989145,245388387.3134627,139011612.6865373,3.693163518612059e-11,-1.4166311595963236e-19,-0.006366022955235695,-0.006366022955235695,1.0,0.0
245463628.24804962,0.638563028741024,245463628.24804962,138936371.75195038,3.692097994817329e-11,-1.4156671004467267e-19,-0.006361690689469151,-0.00636169068946915,1.0000000000000002,8.673617379884035e-19
245538869.18263653,0.6387587647831335,245538869.18263653,138861130.81736347,3.6910331961148105e-11,-1.4147037718196437e-19,-0.00635736170650707,-0.006357361706507067,1.0000000000000004,2.6020852139652106e-18
245614110.11722344,0.6389545008252431,245614110.11722344,138785889.88277656,3.6899691219553147e-11,-1.4137411724826567e-19,-0.006353036000811241,-0.006353036000811239,1.0000000000000002,1.734723475976807e-18
245689351.05181035,0.6391502368673526,245689351.05181035,138710648.94818965,3.6889057717905795e-11,-1.4127793012043198e-19,-0.006348713566847824,-0.006348713566847822,1.0000000000000002,1.734723475976807e-18
245764591.9863973,0.6393459729094623,245764591.9863973,138635408.0136027,3.68784314507327e-11,-1.4118181567541538e-19,-0.006344394399087319,-0.0063443943990873185,1.0000000000000002,8.673617379884035e-19
245839832.9209842,0.6395417089515718,245839832.9209842,138560167.0790158,3.6867812412569774e-11,-1.410857737902643e-19,-0.00634007849200456,-0.006340078492004559,1.0000000000000002,8.673617379884035e-19
245915073.85557112,0.6397374449936813,245915073.85557112,138484926.14442888,3.685720059796216e-11,-1.4098980434212276e-19,-0.006335765840078674,-0.006335765840078673,1.0000000000000002,1.734723475976807e-18
245990314.79015803,0.6399331810357909,245990314.79015803,138409685.20984197,3.684659600146426e-11,-1.4089390720823007e-19,-0.006331456437793071,-0.00633145643779307,1.0000000000000002,8.673617379884035e-19
246065555.72474495,0.6401289170779004,246065555.72474495,138334444.27525505,3.6835998617639674e-11,-1.4079808226592038e-19,-0.006327150279635421,-0.006327150279635421,1.0,0.0
246140796.65933186,0.6403246531200101,246140796.65933186,138259203.34066814,3.6825408441061274e-11,-1.407023293926222e-19,-0.006322847360097637,-0.006322847360097637,1.0,0.0
246216037.5939188,0.6405203891621196,246216037.5939188,138183962.4060812,3.6814825466311115e-11,-1.4060664846585765e-19,-0.006318547673675838,-0.006318547673675839,0.9999999999999999,8.673617379884035e-19
246291278.5285057,0.6407161252042293,246291278.5285057,138108721.4714943,3.680424968798049e-11,-1.4051103936324256e-19,-0.006314251214870354,-0.006314251214870353,1.0000000000000002,8.673617379884035e-19
246366519.46309263,0.6409118612463388,246366519.46309263,138033480.53690737,3.679368110066988e-11,-1.4041550196248535e-19,-0.0063099579781856745,-0.0063099579781856745,1.0,0.0
246441760.39767954,0.6411075972884483,246441760.39767954,137958239.60232046,3.6783119698988955e-11,-1.4032003614138699e-19,-0.006305667958130448,-0.006305667958130449,0.9999999999999999,8.673617379884035e-19
246517001.33226645,0.6413033333305579,246517001.33226645,137882998.66773355,3.6772565477556603e-11,-1.4022464177784035e-19,-0.006301381149217456,-0.006301381149217456,1.0,0.0
246592242.26685336,0.6414990693726674,246592242.26685336,137807757.73314664,3.676201843100088e-11,-1.401293187498297e-19,-0.006297097545963584,-0.006297097545963583,1.0000000000000002,8.673617379884035e-19
246667483.2014403,0.6416948054147771,246667483.2014403,137732516.7985597,3.675147855395901e-11,-1.4003406693543027e-19,-0.006292817142889806,-0.006292817142889806,1.0,0.0
246742724.13602722,0.6418905414568866,246742724.13602722,137657275.86397278,3.674094584107742e-11,-1.3993888621280792e-19,-0.006288539934521168,-0.006288539934521168,1.0,0.0
246817965.07061413,0.6420862774989962,246817965.07061413,137582034.92938587,3.6730420287011654e-11,-1.3984377646021844e-19,-0.006284265915386759,-0.006284265915386758,1.0000000000000002,8.673617379884035e-19
246893206.00520104,0.6422820135411057,246893206.00520104,137506793.99479896,3.671990188642646e-11,-1.3974873755600705e-19,-0.006279995080019686,-0.006279995080019686,1.0,0.0
246968446.93978795,0.6424777495832152,246968446.93978795,137431553.06021205,3.6709390633995694e-11,-1.3965376937860822e-19,-0.006275727422957067,-0.006275727422957066,1.0000000000000002,8.673617379884035e-19
247043687.87437487,0.6426734856253248,247043687.87437487,137356312.12562513,3.669888652440239e-11,-1.3955887180654484e-19,-0.006271462938739991,-0.0062714629387399905,1.0000000000000002,8.673617379884035e-19
247118928.8089618,0.6428692216674344,247118928.8089618,137281071.1910382,3.668838955233869e-11,-1.3946404471842794e-19,-0.006267201621913511,-0.006267201621913512,0.9999999999999999,8.673617379884035e-19
247194169.74354872,0.643064957709544,247194169.74354872,137205830.25645128,3.66778997125059e-11,-1.3936928799295632e-19,-0.006262943467026623,-0.006262943467026622,1.0000000000000002,8.673617379884035e-19
247269410.67813563,0.6432606937516536,247269410.67813563,137130589.32186437,3.666741699961441e-11,-1.3927460150891566e-19,-0.006258688468632227,-0.006258688468632227,1.0,0.0
247344651.61272255,0.6434564297937632,247344651.61272255,137055348.38727745,3.665694140838375e-11,-1.391799851451785e-19,-0.006254436621287125,-0.006254436621287125,1.0,0.0
247419892.54730946,0.6436521658358727,247419892.54730946,136980107.45269054,3.6646472933542575e-11,-1.3908543878070345e-19,-0.006250187919551992,-0.006250187919551991,1.0000000000000002,8.673617379884035e-19
247495133.48189637,0.6438479018779822,247495133.48189637,136904866.51810363,3.663601156982861e-11,-1.3899096229453485e-19,-0.0062459423579913475,-0.006245942357991348,0.9999999999999999,8.673617379884035e-19
247570374.4164833,0.6440436379200919,247570374.4164833,136829625.5835167,3.662555731198868e-11,-1.3889655556580232e-19,-0.006241699931173549,-0.006241699931173548,1.0000000000000002,8.673617379884035e-19
247645615.35107023,0.6442393739622014,247645615.35107023,136754384.64892977,3.6615110154778747e-11,-1.388022184737201e-19,-0.006237460633670756,-0.006237460633670756,1.0,0.0
247720856.28565714,0.644435110004311,247720856.28565714,136679143.71434286,3.66046700929638e-11,-1.3870795089758684e-19,-0.006233224460058919,-0.006233224460058918,1.0000000000000002,8.673617379884035e-19
247796097.22024405,0.6446308460464205,247796097.22024405,136603902.77975595,3.659423712131795e-11,-1.386137527167848e-19,-0.0062289914049177475,-0.0062289914049177475,1.0,0.0
247871338.15483096,0.64482658208853,247871338.15483096,136528661.84516904,3.6583811234624347e-11,-1.3851962381077964e-19,-0.0062247614628307,-0.0062247614628307,1.0,0.0
247946579.08941787,0.6450223181306396,247946579.08941787,136453420.91058213,3.657339242767523e-11,-1.3842556405911984e-19,-0.006220534628384952,-0.0062205346283849515,1.0000000000000002,8.673617379884035e-19
248021820.02400482,0.6452180541727492,248021820.02400482,136378179.97599518,3.656298069527189e-11,-1.3833157334143612e-19,-0.00621631089617138,-0.006216310896171381,0.9999999999999999,8.673617379884035e-19
248097060.95859173,0.6454137902148588,248097060.95859173,136302939.04140827,3.655257603222468e-11,-1.3823765153744118e-19,-0.006212090260784542,-0.006212090260784541,1.0000000000000002,1.734723475976807e-18
248172301.89317864,0.6456095262569683,248172301.89317864,136227698.10682136,3.654217843335298e-11,-1.3814379852692893e-19,-0.006207872716822647,-0.006207872716822648,0.9999999999999999,8.673617379884035e-19
248247542.82776555,0.645805262299078,248247542.82776555,136152457.17223445,3.6531787893485226e-11,-1.3805001418977435e-19,-0.006203658258887542,-0.006203658258887542,1.0,0.0
248322783.76235247,0.6460009983411875,248322783.76235247,136077216.23764753,3.6521404407458885e-11,-1.3795629840593268e-19,-0.006199446881584689,-0.006199446881584687,1.0000000000000002,1.734723475976807e-18
248398024.69693938,0.6461967343832971,248398024.69693938,136001975.30306062,3.651102797012047e-11,-1.3786265105543906e-19,-0.006195238579523132,-0.006195238579523133,0.9999999999999999,8.673617379884035e-19
248473265.63152632,0.6463924704254067,248473265.63152632,135926734.36847368,3.650065857632548e-11,-1.3776907201840819e-19,-0.006191033347315497,-0.006191033347315497,1.0,0.0
248548506.56611323,0.6465882064675162,248548506.56611323,135851493.43388677,3.649029622093847e-11,-1.3767556117503366e-19,-0.006186831179577952,-0.006186831179577952,1.0,0.0
248623747.50070015,0.6467839425096258,248623747.50070015,135776252.49929985,3.647994089883299e-11,-1.3758211840558754e-19,-0.006182632070930192,-0.00618263207093019,1.0000000000000002,1.734723475976807e-18
248698988.43528706,0.6469796785517353,248698988.43528706,135701011.56471294,3.646959260489159e-11,-1.3748874359041977e-19,-0.0061784360159954105,-0.00617843601599541,1.0000000000000002,8.673617379884035e-19
248774229.36987397,0.6471754145938449,248774229.36987397,135625770.63012603,3.645925133400583e-11,-1.3739543660995798e-19,-0.006174243009400294,-0.006174243009400293,1.0000000000000002,8.673617379884035e-19
248849470.30446088,0.6473711506359544,248849470.30446088,135550529.69553912,3.644891708107625e-11,-1.3730219734470667e-19,-0.006170053045774982,-0.006170053045774982,1.0,0.0
248924711.23904783,0.6475668866780641,248924711.23904783,135475288.76095217,3.6438589841012396e-11,-1.3720902567524688e-19,-0.0061658661197530554,-0.0061658661197530554,1.0,0.0
248999952.17363474,0.6477626227201736,248999952.17363474,135400047.82636526,3.642826960873279e-11,-1.3711592148223587e-19,-0.0061616822259715175,-0.006161682225971516,1.0000000000000002,1.734723475976807e-18
249075193.10822165,0.6479583587622831,249075193.10822165,135324806.89177835,3.641795637916492e-11,-1.3702288464640616e-19,-0.006157501359070755,-0.006157501359070753,1.0000000000000002,1.734723475976807e-18
249150434.04280856,0.6481540948043927,249150434.04280856,135249565.95719144,3.640765014724526e-11,-1.3692991504856553e-19,-0.006153323513694538,-0.006153323513694539,0.9999999999999999,8.673617379884035e-19
249225674.97739547,0.6483498308465023,249225674.97739547,135174325.02260453,3.639735090791924e-11,-1.3683701256959638e-19,-0.006149148684489987,-0.006149148684489986,1.0000000000000002,1.734723475976807e-18
249300915.9119824,0.6485455668886119,249300915.9119824,135099084.0880176,3.6387058656141244e-11,-1.3674417709045502e-19,-0.006144976866107547,-0.006144976866107547,1.0,0.0
249376156.84656933,0.6487413029307214,249376156.84656933,135023843.15343067,3.6376773386874634e-11,-1.3665140849217152e-19,-0.006140808053200974,-0.006140808053200973,1.0000000000000002,8.673617379884035e-19
249451397.78115624,0.6489370389728311,249451397.78115624,134948602.21884376,3.6366495095091693e-11,-1.3655870665584903e-19,-0.006136642240427312,-0.006136642240427312,1.0,0.0
249526638.71574315,0.6491327750149406,249526638.71574315,134873361.28425685,3.6356223775773666e-11,-1.3646607146266338e-19,-0.006132479422446868,-0.006132479422446868,1.0,0.0
249601879.65033007,0.6493285110570501,249601879.65033007,134798120.34966993,3.634595942391073e-11,-1.363735027938625e-19,-0.0061283195939231885,-0.0061283195939231885,1.0,0.0
249677120.58491698,0.6495242470991597,249677120.58491698,134722879.41508302,3.633570203450199e-11,-1.3628100053076588e-19,-0.0061241627495230416,-0.0061241627495230416,1.0,0.0
249752361.5195039,0.6497199831412692,249752361.5195039,134647638.4804961,3.632545160255548e-11,-1.3618856455476435e-19,-0.006120008883916393,-0.006120008883916393,1.0,0.0
249827602.45409083,0.6499157191833789,249827602.45409083,134572397.54590917,3.6315208123088155e-11,-1.3609619474731933e-19,-0.0061158579917763856,-0.006115857991776385,1.0000000000000002,8.673617379884035e-19
249902843.38867775,0.6501114552254884,249902843.38867775,134497156.61132225,3.63049715911259e-11,-1.3600389098996244e-19,-0.006111710067779317,-0.006111710067779318,0.9999999999999999,8.673617379884035e-19
249978084.32326466,0.650307191267598,249978084.32326466,134421915.67673534,3.629474200170349e-11,-1.35911653164295e-19,-0.0061075651066046155,-0.0061075651066046155,1.0,0.0
250053325.25785157,0.6505029273097075,250053325.25785157,134346674.74214843,3.628451934986461e-11,-1.3581948115198751e-19,-0.006103423102934818,-0.006103423102934819,0.9999999999999999,8.673617379884035e-19
250128566.19243848,0.650698663351817,250128566.19243848,134271433.80756152,3.627430363066186e-11,-1.3572737483477928e-19,-0.006099284051455555,-0.006099284051455553,1.0000000000000002,1.734723475976807e-18
250203807.1270254,0.6508943993939267,250203807.1270254,134196192.8729746,3.6264094839156725e-11,-1.3563533409447765e-19,-0.006095147946855512,-0.006095147946855511,1.0000000000000002,8.673617379884035e-19
250279048.06161234,0.6510901354360362,250279048.06161234,134120951.93838766,3.625389297041958e-11,-1.355433588129579e-19,-0.006091014783826429,-0.006091014783826428,1.0000000000000002,8.673617379884035e-19
250354288.99619925,0.6512858714781458,250354288.99619925,134045711.00380075,3.624369801952969e-11,-1.3545144887216247e-19,-0.006086884557063065,-0.006086884557063064,1.0000000000000002,8.673617379884035e-19
250429529.93078616,0.6514816075202554,250429529.93078616,133970470.06921384,3.623350998157519e-11,-1.3535960415410053e-19,-0.006082757261263175,-0.006082757261263174,1.0000000000000002,1.734723475976807e-18
250504770.86537308,0.651677343562365,250504770.86537308,133895229.13462692,3.62233288516531e-11,-1.3526782454084755e-19,-0.006078632891127496,-0.006078632891127495,1.0000000000000002,8.673617379884035e-19
250580011.79996,0.6518730796044745,250580011.79996,133819988.20004001,3.621315462486931e-11,-1.3517610991454467e-19,-0.006074511441359715,-0.006074511441359715,1.0,0.0
250655252.7345469,0.652068815646584,250655252.7345469,133744747.2654531,3.620298729633857e-11,-1.3508446015739844e-19,-0.006070392906666457,-0.006070392906666456,1.0000000000000002,8.673617379884035e-19
250730493.66913384,0.6522645516886937,250730493.66913384,133669506.33086616,3.61928268611845e-11,-1.3499287515167997e-19,-0.006066277281757252,-0.006066277281757252,1.0,0.0
250805734.60372075,0.6524602877308032,250805734.60372075,133594265.39627925,3.618267331453956e-11,-1.3490135477972498e-19,-0.006062164561344528,-0.0060621645613445265,1.0000000000000002,1.734723475976807e-18
250880975.53830767,0.6526560237729128,250880975.53830767,133519024.46169233,3.617252665154508e-11,-1.348098989239326e-19,-0.006058054740143568,-0.006058054740143567,1.0000000000000002,8.673617379884035e-19
250956216.47289458,0.6528517598150223,250956216.47289458,133443783.52710542,3.616238686735122e-11,-1.347185074667655e-19,-0.006053947812872507,-0.006053947812872506,1.0000000000000002,8.673617379884035e-19
251031457.4074815,0.6530474958571318,251031457.4074815,133368542.59251851,3.615225395711698e-11,-1.3462718029074904e-19,-0.006049843774252296,-0.006049843774252297,0.9999999999999999,8.673617379884035e-19
251106698.3420684,0.6532432318992414,251106698.3420684,133293301.6579316,3.614212791601021e-11,-1.3453591727847095e-19,-0.006045742619006693,-0.006045742619006693,1.0,0.0
251181939.27665535,0.653438967941351,251181939.27665535,133218060.72334465,3.6132008739207594e-11,-1.344447183125806e-19,-0.006041644341862223,-0.006041644341862222,1.0000000000000002,8.673617379884035e-19
251257180.21124226,0.6536347039834606,251257180.21124226,133142819.78875774,3.612189642189462e-11,-1.3435358327578882e-19,-0.006037548937548174,-0.006037548937548175,0.9999999999999999,8.673617379884035e-19
251332421.14582917,0.6538304400255701,251332421.14582917,133067578.85417083,3.611179095926563e-11,-1.342625120508672e-19,-0.006033456400796564,-0.006033456400796564,1.0,0.0
251407662.08041608,0.6540261760676798,251407662.08041608,132992337.91958392,3.6101692346523754e-11,-1.3417150452064763e-19,-0.00602936672634212,-0.006029366726342118,1.0000000000000002,1.734723475976807e-18
251482903.015003,0.6542219121097893,251482903.015003,132917096.984997,3.6091600578880956e-11,-1.3408056056802175e-19,-0.006025279908922254,-0.006025279908922254,1.0,0.0
251558143.9495899,0.6544176481518988,251558143.9495899,132841856.05041009,3.6081515651557995e-11,-1.3398968007594054e-19,-0.006021195943277047,-0.006021195943277047,1.0,0.0
251633384.88417685,0.6546133841940085,251633384.88417685,132766615.11582315,3.6071437559784444e-11,-1.338988629274138e-19,-0.006017114824149221,-0.00601711482414922,1.0000000000000002,8.673617379884035e-19
251708625.81876376,0.654809120236118,251708625.81876376,132691374.18123624,3.606136629879868e-11,-1.3380810900550962e-19,-0.006013036546284119,-0.006013036546284118,1.0000000000000002,8.673617379884035e-19
251783866.75335068,0.6550048562782276,251783866.75335068,132616133.24664932,3.6051301863847864e-11,-1.337174181933539e-19,-0.006008961104429679,-0.006008961104429678,1.0000000000000002,8.673617379884035e-19
251859107.6879376,0.6552005923203371,251859107.6879376,132540892.31206241,3.604124425018796e-11,-1.3362679037412983e-19,-0.006004888493336416,-0.006004888493336416,1.0,0.0
251934348.6225245,0.6553963283624467,251934348.6225245,132465651.3774755,3.603119345308371e-11,-1.335362254310774e-19,-0.006000818707757397,-0.006000818707757397,1.0,0.0
252009589.5571114,0.6555920644045562,252009589.5571114,132390410.44288859,3.6021149467808654e-11,-1.3344572324749292e-19,-0.00599675174244822,-0.005996751742448219,1.0000000000000002,8.673617379884035e-19
252084830.49169835,0.6557878004466658,252084830.49169835,132315169.50830165,3.6011112289645075e-11,-1.333552837067284e-19,-0.005992687592166985,-0.005992687592166984,1.0000000000000002,8.673617379884035e-19
252160071.42628527,0.6559835364887754,252160071.42628527,132239928.57371473,3.600108191388408e-11,-1.3326490669219124e-19,-0.0059886262516742825,-0.0059886262516742825,1.0,0.0
252235312.36087218,0.6561792725308849,252235312.36087218,132164687.63912782,3.5991058335825506e-11,-1.3317459208734362e-19,-0.005984567715733164,-0.005984567715733165,0.9999999999999999,8.673617379884035e-19
252310553.2954591,0.6563750085729945,252310553.2954591,132089446.70454091,3.598104155077798e-11,-1.3308433977570198e-19,-0.00598051197910912,-0.005980511979109118,1.0000000000000002,1.734723475976807e-18
252385794.230046,0.6565707446151041,252385794.230046,132014205.769954,3.5971031554058874e-11,-1.3299414964083643e-19,-0.005976459036570051,-0.00597645903657005,1.0000000000000002,8.673617379884035e-19
252461035.16463292,0.6567664806572137,252461035.16463292,131938964.83536708,3.596102834099435e-11,-1.3290402156637054e-19,-0.005972408882886261,-0.00597240888288626,1.0000000000000002,8.673617379884035e-19
252536276.09921986,0.6569622166993232,252536276.09921986,131863723.90078014,3.595103190691927e-11,-1.3281395543598042e-19,-0.0059683615128304154,-0.0059683615128304154,1.0,0.0
252611517.03380677,0.6571579527414328,252611517.03380677,131788482.96619323,3.5941042247177304e-11,-1.3272395113339465e-19,-0.005964316921177538,-0.005964316921177537,1.0000000000000002,8.673617379884035e-19
252686757.96839368,0.6573536887835424,252686757.96839368,131713242.03160632,3.593105935712084e-11,-1.3263400854239347e-19,-0.005960275102704972,-0.0059602751027049705,1.0000000000000002,1.734723475976807e-18
252761998.9029806,0.6575494248256519,252761998.9029806,131638001.0970194,3.5921083232111e-11,-1.3254412754680825e-19,-0.00595623605219236,-0.00595623605219236,1.0,0.0
252837239.8375675,0.6577451608677615,252837239.8375675,131562760.16243249,3.5911113867517666e-11,-1.324543080305212e-19,-0.0059521997644216285,-0.00595219976442163,0.9999999999999997,1.734723475976807e-18
252912480.77215442,0.657940896909871,252912480.77215442,131487519.22784558,3.590115125871943e-11,-1.3236454987746485e-19,-0.005948166234176966,-0.005948166234176965,1.0000000000000002,1.734723475976807e-18
252987721.70674136,0.6581366329519807,252987721.70674136,131412278.29325864,3.5891195401103643e-11,-1.322748529716211e-19,-0.00594413545624478,-0.005944135456244778,1.0000000000000004,2.6020852139652106e-18
253062962.64132828,0.6583323689940902,253062962.64132828,131337037.35867172,3.588124629006637e-11,-1.321852171970214e-19,-0.005940107425413702,-0.005940107425413701,1.0000000000000002,8.673617379884035e-19
253138203.5759152,0.6585281050361997,253138203.5759152,131261796.42408481,3.5871303921012405e-11,-1.320956424377457e-19,-0.005936082136474544,-0.005936082136474544,1.0,0.0
253213444.5105021,0.6587238410783093,253213444.5105021,131186555.4894979,3.586136828935524e-11,-1.3200612857792225e-19,-0.005932059584220292,-0.005932059584220291,1.0000000000000002,8.673617379884035e-19
253288685.445089,0.6589195771204188,253288685.445089,131111314.55491099,3.5851439390517125e-11,-1.3191667550172674e-19,-0.005928039763446059,-0.0059280397634460585,1.0000000000000002,8.673617379884035e-19
253363926.37967595,0.6591153131625285,253363926.37967595,131036073.62032405,3.584151721992898e-11,-1.3182728309338217e-19,-0.005924022668949087,-0.005924022668949087,1.0,0.0
253439167.31426287,0.659311049204638,253439167.31426287,130960832.68573713,3.5831601773030456e-11,-1.3173795123715823e-19,-0.005920008295528715,-0.005920008295528715,1.0,0.0
253514408.24884978,0.6595067852467476,253514408.24884978,130885591.75115022,3.5821693045269915e-11,-1.3164867981737056e-19,-0.0059159966379863475,-0.0059159966379863475,1.0,0.0
253589649.1834367,0.6597025212888572,253589649.1834367,130810350.81656331,3.5811791032104415e-11,-1.3155946871838055e-19,-0.005911987691125444,-0.005911987691125442,1.0000000000000002,1.734723475976807e-18
253664890.1180236,0.6598982573309667,253664890.1180236,130735109.8819764,3.580189572899969e-11,-1.314703178245945e-19,-0.005907981449751482,-0.005907981449751481,1.0000000000000002,8.673617379884035e-19
253740131.05261052,0.6600939933730763,253740131.05261052,130659868.94738948,3.5792007131430225e-11,-1.3138122702046345e-19,-0.005903977908671951,-0.005903977908671952,0.9999999999999999,8.673617379884035e-19
253815371.98719746,0.6602897294151859,253815371.98719746,130584628.01280254,3.578212523487913e-11,-1.3129219619048237e-19,-0.005899977062696315,-0.005899977062696315,1.0,0.0
253890612.92178437,0.6604854654572955,253890612.92178437,130509387.07821563,3.5772250034838265e-11,-1.3120322521918996e-19,-0.005895978906636,-0.0058959789066359986,1.0000000000000002,1.734723475976807e-18
253965853.85637128,0.660681201499405,253965853.85637128,130434146.14362872,3.576238152680813e-11,-1.311143139911676e-19,-0.005891983435304352,-0.005891983435304352,1.0,0.0
254041094.7909582,0.6608769375415146,254041094.7909582,130358905.2090418,3.575251970629794e-11,-1.3102546239103946e-19,-0.005887990643516642,-0.005887990643516642,1.0,0.0
254116335.7255451,0.6610726735836241,254116335.7255451,130283664.27445489,3.574266456882557e-11,-1.3093667030347157e-19,-0.005884000526090017,-0.0058840005260900165,1.0000000000000002,8.673617379884035e-19
254191576.66013202,0.6612684096257336,254191576.66013202,130208423.33986798,3.5732816109917575e-11,-1.308479376131714e-19,-0.005880013077843491,-0.00588001307784349,1.0000000000000002,8.673617379884035e-19
254266817.59471896,0.6614641456678433,254266817.59471896,130133182.40528104,3.5722974325109185e-11,-1.3075926420488733e-19,-0.0058760282935979135,-0.0058760282935979135,1.0,0.0
254342058.52930588,0.6616598817099528,254342058.52930588,130057941.47069412,3.57131392099443e-11,-1.3067064996340823e-19,-0.005872046168175955,-0.005872046168175954,1.0000000000000002,8.673617379884035e-19
254417299.4638928,0.6618556177520624,254417299.4638928,129982700.53610721,3.57033107599755e-11,-1.305820947735628e-19,-0.005868066696402075,-0.005868066696402075,1.0,0.0
254492540.3984797,0.6620513537941719,254492540.3984797,129907459.6015203,3.5693488970764e-11,-1.3049359852021914e-19,-0.005864089873102504,-0.005864089873102503,1.0000000000000002,8.673617379884035e-19
254567781.3330666,0.6622470898362816,254567781.3330666,129832218.66693339,3.5683673837879697e-11,-1.3040516108828411e-19,-0.005860115693105214,-0.005860115693105213,1.0000000000000002,8.673617379884035e-19
254643022.26765352,0.6624428258783911,254643022.26765352,129756977.73234648,3.567386535690115e-11,-1.3031678236270293e-19,-0.0058561441512399014,-0.0058561441512399014,1.0,0.0
254718263.20224047,0.6626385619205007,254718263.20224047,129681736.79775953,3.5664063523415544e-11,-1.302284622284586e-19,-0.00585217524233796,-0.00585217524233796,1.0,0.0
254793504.13682738,0.6628342979626103,254793504.13682738,129606495.86317262,3.565426833301877e-11,-1.3014020057057135e-19,-0.005848208961232457,-0.005848208961232458,0.9999999999999999,8.673617379884035e-19
254868745.0714143,0.6630300340047198,254868745.0714143,129531254.92858571,3.564447978131531e-11,-1.3005199727409826e-19,-0.005844245302758115,-0.005844245302758114,1.0000000000000002,8.673617379884035e-19
254943986.0060012,0.6632257700468294,254943986.0060012,129456013.9939988,3.563469786391833e-11,-1.299638522241324e-19,-0.005840284261751274,-0.005840284261751273,1.0000000000000002,8.673617379884035e-19
255019226.94058812,0.6634215060889389,255019226.94058812,129380773.05941188,3.562492257644963e-11,-1.298757653058027e-19,-0.005836325833049883,-0.005836325833049883,1.0,0.0
255094467.87517503,0.6636172421310484,255094467.87517503,129305532.12482497,3.561515391453965e-11,-1.297877364042731e-19,-0.005832370011493472,-0.00583237001149347,1.0000000000000002,1.734723475976807e-18
255169708.80976197,0.6638129781731581,255169708.80976197,129230291.19023803,3.5605391873827475e-11,-1.2969976540474217e-19,-0.005828416791923118,-0.005828416791923117,1.0000000000000002,8.673617379884035e-19
255244949.74434888,0.6640087142152676,255244949.74434888,129155050.25565112,3.559563644996082e-11,-1.2961185219244265e-19,-0.005824466169181439,-0.005824466169181438,1.0000000000000002,8.673617379884035e-19
255320190.6789358,0.6642044502573772,255320190.6789358,129079809.3210642,3.558588763859603e-11,-1.2952399665264076e-19,-0.0058205181381125555,-0.0058205181381125555,1.0,0.0
255395431.6135227,0.6644001862994867,255395431.6135227,129004568.38647729,3.5576145435398095e-11,-1.2943619867063576e-19,-0.005816572693562074,-0.005816572693562072,1.0000000000000002,1.734723475976807e-18
255470672.54810962,0.6645959223415963,255470672.54810962,128929327.45189038,3.556640983604063e-11,-1.2934845813175925e-19,-0.005812629830377052,-0.0058126298303770516,1.0000000000000002,8.673617379884035e-19
255545913.48269653,0.6647916583837059,255545913.48269653,128854086.51730347,3.555668083620586e-11,-1.2926077492137493e-19,-0.0058086895434059935,-0.005808689543405995,0.9999999999999997,1.734723475976807e-18
255621154.41728348,0.6649873944258154,255621154.41728348,128778845.58271652,3.5546958431584655e-11,-1.291731489248779e-19,-0.00580475182749881,-0.005804751827498809,1.0000000000000002,8.673617379884035e-19
255696395.3518704,0.6651831304679251,255696395.3518704,128703604.64812961,3.55372426178765e-11,-1.29085580027694e-19,-0.005800816677506795,-0.005800816677506795,1.0,0.0
255771636.2864573,0.6653788665100346,255771636.2864573,128628363.7135427,3.55275333907895e-11,-1.2899806811527958e-19,-0.005796884088282613,-0.005796884088282613,1.0,0.0
255846877.2210442,0.6655746025521442,255846877.2210442,128553122.77895579,3.551783074604038e-11,-1.2891061307312062e-19,-0.005792954054680263,-0.0057929540546802615,1.0000000000000002,1.734723475976807e-18
255922118.15563112,0.6657703385942537,255922118.15563112,128477881.84436888,3.5508134679354465e-11,-1.2882321478673235e-19,-0.005789026571555054,-0.005789026571555054,1.0,0.0
255997359.09021804,0.6659660746363633,255997359.09021804,128402640.90978196,3.5498445186465704e-11,-1.2873587314165893e-19,-0.005785101633763597,-0.005785101633763596,1.0000000000000002,8.673617379884035e-19
256072600.02480498,0.6661618106784729,256072600.02480498,128327399.97519502,3.548876226311667e-11,-1.2864858802347235e-19,-0.005781179236163755,-0.005781179236163754,1.0000000000000002,8.673617379884035e-19
256147840.9593919,0.6663575467205824,256147840.9593919,128252159.04060811,3.5479085905058515e-11,-1.2856135931777255e-19,-0.005777259373614645,-0.005777259373614643,1.0000000000000002,1.734723475976807e-18
256223081.8939788,0.666553282762692,256223081.8939788,128176918.1060212,3.546941610805103e-11,-1.2847418691018638e-19,-0.0057733420409765935,-0.005773342040976593,1.0000000000000002,8.673617379884035e-19
256298322.82856572,0.6667490188048015,256298322.82856572,128101677.17143428,3.5459752867862575e-11,-1.2838707068636722e-19,-0.00576942723311112,-0.0057694272331111195,1.0000000000000002,8.673617379884035e-19
256373563.76315263,0.6669447548469111,256373563.76315263,128026436.23684737,3.545009618027015e-11,-1.2830001053199453e-19,-0.005765514944880916,-0.005765514944880917,0.9999999999999999,8.673617379884035e-19
256448804.69773954,0.6671404908890206,256448804.69773954,127951195.30226046,3.544044604105933e-11,-1.2821300633277318e-19,-0.005761605171149814,-0.005761605171149814,1.0,0.0
256524045.63232648,0.6673362269311303,256524045.63232648,127875954.36767352,3.543080244602429e-11,-1.281260579744329e-19,-0.005757697906782764,-0.0057576979067827634,1.0000000000000002,8.673617379884035e-19
256599286.5669134,0.6675319629732398,256599286.5669134,127800713.4330866,3.5421165390967814e-11,-1.2803916534272786e-19,-0.005753793146645816,-0.005753793146645816,1.0,0.0
256674527.5015003,0.6677276990153495,256674527.5015003,127725472.49849969,3.541153487170128e-11,-1.27952328323436e-19,-0.005749890885606085,-0.005749890885606084,1.0000000000000002,8.673617379884035e-19
256749768.43608722,0.667923435057459,256749768.43608722,127650231.56391278,3.540191088404465e-11,-1.2786554680235847e-19,-0.00574599111853173,-0.005745991118531729,1.0000000000000002,8.673617379884035e-19
256825009.37067413,0.6681191710995685,256825009.37067413,127574990.62932587,3.5392293423826484e-11,-1.2777882066531913e-19,-0.005742093840291933,-0.005742093840291933,1.0,0.0
256900250.30526105,0.6683149071416781,256900250.30526105,127499749.69473895,3.538268248688392e-11,-1.276921497981641e-19,-0.005738199045756873,-0.005738199045756872,1.0000000000000002,1.734723475976807e-18
256975491.239848,0.6685106431837877,256975491.239848,127424508.76015201,3.53730780690627e-11,-1.276055340867609e-19,-0.005734306729797693,-0.005734306729797694,0.9999999999999999,8.673617379884035e-19
257050732.1744349,0.6687063792258973,257050732.1744349,127349267.8255651,3.5363480166217156e-11,-1.2751897341699843e-19,-0.0057304168872864955,-0.005730416887286494,1.0000000000000002,1.734723475976807e-18
257125973.1090218,0.6689021152680068,257125973.1090218,127274026.89097819,3.5353888774210184e-11,-1.2743246767478565e-19,-0.005726529513096285,-0.005726529513096285,1.0,0.0
257201214.04360873,0.6690978513101163,257201214.04360873,127198785.95639127,3.534430388891328e-11,-1.2734601674605184e-19,-0.005722644602100979,-0.005722644602100979,1.0,0.0
257276454.97819564,0.6692935873522259,257276454.97819564,127123545.02180436,3.533472550620652e-11,-1.2725962051674544e-19,-0.005718762149175357,-0.005718762149175356,1.0000000000000002,8.673617379884035e-19
257351695.91278255,0.6694893233943354,257351695.91278255,127048304.08721745,3.5325153621978554e-11,-1.2717327887283373e-19,-0.005714882149195041,-0.005714882149195041,1.0,0.0
257426936.8473695,0.6696850594364451,257426936.8473695,126973063.15263051,3.531558823212661e-11,-1.2708699170030233e-19,-0.005711004597036484,-0.005711004597036483,1.0000000000000002,8.673617379884035e-19
257502177.7819564,0.6698807954785546,257502177.7819564,126897822.2180436,3.530602933255651e-11,-1.2700075888515451e-19,-0.005707129487576926,-0.005707129487576926,1.0,0.0
257577418.71654332,0.6700765315206642,257577418.71654332,126822581.28345668,3.529647691918263e-11,-1.269145803134108e-19,-0.005703256815694386,-0.005703256815694385,1.0000000000000002,8.673617379884035e-19
257652659.65113023,0.6702722675627738,257652659.65113023,126747340.34886977,3.528693098792795e-11,-1.2682845587110806e-19,-0.005699386576267615,-0.005699386576267614,1.0000000000000002,8.673617379884035e-19
257727900.58571714,0.6704680036048833,257727900.58571714,126672099.41428286,3.5277391534724e-11,-1.267423854442994e-19,-0.005695518764176097,-0.0056955187641760975,0.9999999999999999,8.673617379884035e-19
257803141.52030405,0.6706637396469929,257803141.52030405,126596858.47969595,3.5267858555510875e-11,-1.266563689190533e-19,-0.005691653374300003,-0.005691653374300002,1.0000000000000002,8.673617379884035e-19
257878382.454891,0.6708594756891025,257878382.454891,126521617.545109,3.5258332046237267e-11,-1.2657040618145306e-19,-0.005687790401520173,-0.005687790401520172,1.0000000000000002,8.673617379884035e-19
257953623.3894779,0.6710552117312121,257953623.3894779,126446376.61052209,3.524881200286044e-11,-1.264844971175965e-19,-0.005683929840718097,-0.005683929840718096,1.0000000000000002,8.673617379884035e-19
258028864.32406482,0.6712509477733216,258028864.32406482,126371135.67593518,3.5239298421346205e-11,-1.2639864161359493e-19,-0.005680071686775873,-0.005680071686775873,1.0,0.0
258104105.25865173,0.6714466838154312,258104105.25865173,126295894.74134827,3.5229791297668956e-11,-1.2631283955557307e-19,-0.005676215934576202,-0.005676215934576202,1.0,0.0
258179346.19323865,0.6716424198575407,258179346.19323865,126220653.80676135,3.522029062781164e-11,-1.262270908296682e-19,-0.005672362579002347,-0.005672362579002346,1.0000000000000002,8.673617379884035e-19
258254587.12782556,0.6718381558996502,258254587.12782556,126145412.87217444,3.52107964077658e-11,-1.2614139532202949e-19,-0.005668511614938109,-0.0056685116149381085,1.0000000000000002,8.673617379884035e-19
258329828.0624125,0.6720338919417599,258329828.0624125,126070171.9375875,3.520130863353151e-11,-1.2605575291881776e-19,-0.005664663037267809,-0.005664663037267808,1.0000000000000002,8.673617379884035e-19
258405068.9969994,0.6722296279838694,258405068.9969994,125994931.00300059,3.519182730111744e-11,-1.2597016350620475e-19,-0.005660816840876259,-0.00566081684087626,0.9999999999999999,8.673617379884035e-19
258480309.93158633,0.672425364025979,258480309.93158633,125919690.06841367,3.51823524065408e-11,-1.2588462697037242e-19,-0.005656973020648734,-0.005656973020648733,1.0000000000000002,8.673617379884035e-19
258555550.86617324,0.6726211000680885,258555550.86617324,125844449.13382676,3.517288394582738e-11,-1.2579914319751253e-19,-0.005653131571470944,-0.005653131571470943,1.0000000000000002,8.673617379884035e-19
258630791.80076015,0.672816836110198,258630791.80076015,125769208.19923985,3.516342191501151e-11,-1.2571371207382596e-19,-0.005649292488229014,-0.005649292488229013,1.0000000000000002,8.673617379884035e-19
258706032.73534706,0.6730125721523077,258706032.73534706,125693967.26465294,3.5153966310136124e-11,-1.2562833348552227e-19,-0.005645455765809455,-0.0056454557658094555,0.9999999999999999,8.673617379884035e-19
258781273.669934,0.6732083081944172,258781273.669934,125618726.330066,3.514451712725267e-11,-1.2554300731881897e-19,-0.005641621399099138,-0.005641621399099137,1.0000000000000002,8.673617379884035e-19
258856514.60452092,0.6734040442365269,258856514.60452092,125543485.39547908,3.513507436242118e-11,-1.2545773345994114e-19,-0.005637789382985271,-0.005637789382985269,1.0000000000000002,1.734723475976807e-18
258931755.53910783,0.6735997802786364,258931755.53910783,125468244.46089217,3.5125638011710255e-11,-1.2537251179512054e-19,-0.0056339597123553666,-0.0056339597123553666,1.0,0.0
259006996.47369474,0.673795516320746,259006996.47369474,125393003.52630526,3.5116208071197044e-11,-1.252873422105953e-19,-0.0056301323820972205,-0.00563013238209722,1.0000000000000002,8.673617379884035e-19
259082237.40828165,0.6739912523628555,259082237.40828165,125317762.59171835,3.510678453696725e-11,-1.2520222459260926e-19,-0.005626307387098886,-0.005626307387098885,1.0000000000000002,8.673617379884035e-19
259157478.34286857,0.674186988404965,259157478.34286857,125242521.65713143,3.509736740511515e-11,-1.251171588274113e-19,-0.005622484722248642,-0.005622484722248642,1.0,0.0
259232719.2774555,0.6743827244470747,259232719.2774555,125167280.72254449,3.508795667174355e-11,-1.2503214480125488e-19,-0.005618664382434974,-0.005618664382434973,1.0000000000000002,8.673617379884035e-19
259307960.21204242,0.6745784604891842,259307960.21204242,125092039.78795758,3.5078552332963856e-11,-1.249471824003974e-19,-0.0056148463625465455,-0.0056148463625465455,1.0,0.0
259383201.14662933,0.6747741965312938,259383201.14662933,125016798.85337067,3.506915438489601e-11,-1.2486227151109952e-19,-0.005611030657472165,-0.005611030657472166,0.9999999999999999,8.673617379884035e-19
259458442.08121625,0.6749699325734033,259458442.08121625,124941557.91878375,3.5059762823668505e-11,-1.2477741201962484e-19,-0.005607217262100773,-0.005607217262100771,1.0000000000000002,1.734723475976807e-18
259533683.01580316,0.6751656686155129,259533683.01580316,124866316.98419684,3.50503776454184e-11,-1.2469260381223892e-19,-0.005603406171321399,-0.005603406171321398,1.0000000000000002,8.673617379884035e-19
259608923.95039007,0.6753614046576224,259608923.95039007,124791076.04960993,3.504099884629132e-11,-1.2460784677520893e-19,-0.0055995973800231445,-0.0055995973800231445,1.0,0.0
259684164.884977,0.675557140699732,259684164.884977,124715835.11502299,3.5031626422441426e-11,-1.2452314079480316e-19,-0.005595790883095161,-0.005595790883095161,1.0,0.0
259759405.81956393,0.6757528767418416,259759405.81956393,124640594.18043607,3.502226037003145e-11,-1.244384857572902e-19,-0.005591986675426614,-0.005591986675426612,1.0000000000000002,1.734723475976807e-18
259834646.75415084,0.6759486127839512,259834646.75415084,124565353.24584916,3.5012900685232695e-11,-1.2435388154893832e-19,-0.005588184751906655,-0.0055881847519066545,1.0000000000000002,8.673617379884035e-19
259909887.68873775,0.6761443488260608,259909887.68873775,124490112.31126225,3.500354736422499e-11,-1.2426932805601517e-19,-0.005584385107424407,-0.005584385107424407,1.0,0.0
259985128.62332466,0.6763400848681703,259985128.62332466,124414871.37667534,3.4994200403196744e-11,-1.2418482516478693e-19,-0.005580587736868926,-0.005580587736868925,1.0000000000000002,8.673617379884035e-19
260060369.55791157,0.6765358209102799,260060369.55791157,124339630.44208843,3.498485979834492e-11,-1.2410037276151766e-19,-0.005576792635129175,-0.005576792635129175,1.0,0.0
260135610.49249852,0.6767315569523895,260135610.49249852,124264389.50750148,3.4975525545875014e-11,-1.2401597073246892e-19,-0.005572999797094002,-0.005572999797094001,1.0000000000000002,8.673617379884035e-19
260210851.42708543,0.676927292994499,260210851.42708543,124189148.57291457,3.4966197642001135e-11,-1.2393161896389904e-19,-0.005569209217652113,-0.005569209217652113,1.0,0.0
260286092.36167234,0.6771230290366086,260286092.36167234,124113907.63832766,3.495687608294589e-11,-1.238473173420626e-19,-0.005565420891692042,-0.005565420891692043,0.9999999999999999,8.673617379884035e-19
260361333.29625925,0.6773187650787181,260361333.29625925,124038666.70374075,3.4947560864940496e-11,-1.2376306575320964e-19,-0.005561634814102122,-0.005561634814102121,1.0000000000000002,8.673617379884035e-19
260436574.23084617,0.6775145011208277,260436574.23084617,123963425.76915383,3.493825198422468e-11,-1.2367886408358518e-19,-0.005557850979770459,-0.005557850979770458,1.0000000000000002,8.673617379884035e-19
260511815.16543308,0.6777102371629372,260511815.16543308,123888184.83456692,3.492894943704676e-11,-1.235947122194287e-19,-0.0055540693835849095,-0.0055540693835849095,1.0,0.0
260587056.10002002,0.6779059732050469,260587056.10002002,123812943.89997998,3.4919653219663616e-11,-1.2351061004697336e-19,-0.005550290020433046,-0.005550290020433046,1.0,0.0
260662297.03460693,0.6781017092471564,260662297.03460693,123737702.96539307,3.491036332834067e-11,-1.234265574524455e-19,-0.005546512885202136,-0.0055465128852021355,1.0000000000000002,8.673617379884035e-19
260737537.96919385,0.6782974452892659,260737537.96919385,123662462.03080615,3.49010797593519e-11,-1.2334255432206393e-19,-0.00554273797277911,-0.00554273797277911,1.0,0.0
260812778.90378076,0.6784931813313756,260812778.90378076,123587221.09621924,3.4891802508979884e-11,-1.2325860054203942e-19,-0.005538965278050532,-0.005538965278050531,1.0000000000000002,8.673617379884035e-19
260888019.83836767,0.6786889173734851,260888019.83836767,123511980.16163233,3.488253157351572e-11,-1.2317469599857409e-19,-0.005535194795902581,-0.00553519479590258,1.0000000000000002,8.673617379884035e-19
260963260.77295458,0.6788846534155947,260963260.77295458,123436739.22704542,3.487326694925909e-11,-1.2309084057786065e-19,-0.005531426521221013,-0.005531426521221012,1.0000000000000002,8.673617379884035e-19
261038501.70754153,0.6790803894577043,261038501.70754153,123361498.29245847,3.486400863251822e-11,-1.2300703416608187e-19,-0.005527660448891137,-0.005527660448891136,1.0000000000000002,8.673617379884035e-19
261113742.64212844,0.6792761254998139,261113742.64212844,123286257.35787156,3.485475661960994e-11,-1.229232766494101e-19,-0.005523896573797793,-0.005523896573797793,1.0,0.0
261188983.57671535,0.6794718615419234,261188983.57671535,123211016.42328465,3.48455109068596e-11,-1.2283956791400637e-19,-0.005520134890825312,-0.005520134890825312,1.0,0.0
261264224.51130226,0.679667597584033,261264224.51130226,123135775.48869774,3.4836271490601137e-11,-1.2275590784602006e-19,-0.005516375394857503,-0.005516375394857502,1.0000000000000002,8.673617379884035e-19
261339465.44588917,0.6798633336261425,261339465.44588917,123060534.55411083,3.482703836717706e-11,-1.2267229633158789e-19,-0.005512618080777606,-0.0055126180807776055,1.0000000000000002,8.673617379884035e-19
261414706.3804761,0.680059069668252,261414706.3804761,122985293.61952391,3.481781153293844e-11,-1.2258873325683378e-19,-0.005508862943468285,-0.005508862943468285,1.0,0.0
261489947.31506303,0.6802548057103617,261489947.31506303,122910052.68493697,3.480859098424489e-11,-1.2250521850786783e-19,-0.005505109977811582,-0.005505109977811582,1.0,0.0
261565188.24964994,0.6804505417524712,261565188.24964994,122834811.75035006,3.479937671746465e-11,-1.2242175197078588e-19,-0.005501359178688901,-0.005501359178688901,1.0,0.0
261640429.18423685,0.6806462777945808,261640429.18423685,122759570.81576315,3.4790168728974477e-11,-1.223383335316689e-19,-0.005497610540980974,-0.005497610540980974,1.0,0.0
261715670.11882377,0.6808420138366903,261715670.11882377,122684329.88117623,3.478096701515974e-11,-1.2225496307658218e-19,-0.005493864059567833,-0.005493864059567833,1.0,0.0
261790911.05341068,0.6810377498788,261790911.05341068,122609088.94658932,3.477177157241435e-11,-1.2217164049157484e-19,-0.005490119729328779,-0.005490119729328779,1.0,0.0
261866151.9879976,0.6812334859209095,261866151.9879976,122533848.01200241,3.4762582397140795e-11,-1.2208836566267927e-19,-0.005486377545142362,-0.005486377545142362,1.0,0.0
261941392.92258453,0.681429221963019,261941392.92258453,122458607.07741547,3.4753399485750163e-11,-1.2200513847591022e-19,-0.0054826375018863435,-0.005482637501886342,1.0000000000000002,1.734723475976807e-18
262016633.85717145,0.6816249580051287,262016633.85717145,122383366.14282855,3.474422283466211e-11,-1.2192195881726443e-19,-0.005478899594437671,-0.005478899594437668,1.0000000000000004,2.6020852139652106e-18
262091874.79175836,0.6818206940472382,262091874.79175836,122308125.20824164,3.473505244030484e-11,-1.2183882657271988e-19,-0.005475163817672449,-0.005475163817672449,1.0,0.0
262167115.72634527,0.6820164300893478,262167115.72634527,122232884.27365473,3.4725888299115195e-11,-1.2175574162823524e-19,-0.005471430166465918,-0.005471430166465917,1.0000000000000002,8.673617379884035e-19
262242356.66093218,0.6822121661314573,262242356.66093218,122157643.33906782,3.471673040753854e-11,-1.2167270386974898e-19,-0.005467698635692406,-0.005467698635692405,1.0000000000000002,8.673617379884035e-19
262317597.5955191,0.6824079021735668,262317597.5955191,122082402.4044809,3.470757876202887e-11,-1.21589713183179e-19,-0.005463969220225321,-0.0054639692202253206,1.0000000000000002,8.673617379884035e-19
262392838.53010604,0.6826036382156765,262392838.53010604,122007161.46989396,3.469843335904871e-11,-1.2150676945442185e-19,-0.00546024191493711,-0.00546024191493711,1.0,0.0
262468079.46469295,0.682799374257786,262468079.46469295,121931920.53530705,3.468929419506923e-11,-1.2142387256935217e-19,-0.005456516714699234,-0.005456516714699233,1.0000000000000002,8.673617379884035e-19
262543320.39927986,0.6829951102998956,262543320.39927986,121856679.60072014,3.468016126657016e-11,-1.213410224138219e-19,-0.005452793614382134,-0.005452793614382133,1.0000000000000002,8.673617379884035e-19
262618561.33386678,0.6831908463420051,262618561.33386678,121781438.66613322,3.4671034570039813e-11,-1.212582188736597e-19,-0.0054490726088552086,-0.005449072608855207,1.0000000000000002,1.734723475976807e-18
262693802.2684537,0.6833865823841146,262693802.2684537,121706197.73154631,3.46619141019751e-11,-1.2117546183467037e-19,-0.00544535369298678,-0.005445353692986779,1.0000000000000002,8.673617379884035e-19
262769043.2030406,0.6835823184262243,262769043.2030406,121630956.7969594,3.4652799858881526e-11,-1.2109275118263413e-19,-0.005441636861644066,-0.005441636861644065,1.0000000000000002,8.673617379884035e-19
262844284.13762754,0.6837780544683338,262844284.13762754,121555715.86237246,3.464369183727319e-11,-1.210100868033059e-19,-0.00543792210969315,-0.005437922109693148,1.0000000000000002,1.734723475976807e-18
262919525.07221445,0.6839737905104434,262919525.07221445,121480474.92778555,3.463459003367281e-11,-1.2092746858241474e-19,-0.005434209431998953,-0.005434209431998952,1.0000000000000002,8.673617379884035e-19
262994766.00680137,0.684169526552553,262994766.00680137,121405233.99319863,3.462549444461165e-11,-1.208448964056632e-19,-0.005430498823425202,-0.005430498823425201,1.0000000000000002,8.673617379884035e-19
263070006.94138828,0.6843652625946626,263070006.94138828,121329993.05861172,3.4616405066629636e-11,-1.2076237015872657e-19,-0.005426790278834402,-0.005426790278834401,1.0000000000000002,8.673617379884035e-19
263145247.8759752,0.6845609986367721,263145247.8759752,121254752.12402481,3.460732189627524e-11,-1.2067988972725225e-19,-0.005423083793087802,-0.005423083793087801,1.0000000000000002,8.673617379884035e-19
263220488.8105621,0.6847567346788817,263220488.8105621,121179511.1894379,3.459824493010559e-11,-1.2059745499685915e-19,-0.005419379361045373,-0.005419379361045373,1.0,0.0
263295729.74514905,0.6849524707209913,263295729.74514905,121104270.25485095,3.458917416468638e-11,-1.2051506585313688e-19,-0.005415676977565769,-0.005415676977565768,1.0000000000000002,8.673617379884035e-19
263370970.67973596,0.6851482067631008,263370970.67973596,121029029.32026404,3.458010959659194e-11,-1.204327221816453e-19,-0.005411976637506305,-0.005411976637506305,1.0,0.0
263446211.61432287,0.6853439428052104,263446211.61432287,120953788.38567713,3.4571051222405204e-11,-1.2035042386791365e-19,-0.005408278335722925,-0.005408278335722924,1.0000000000000002,8.673617379884035e-19
263521452.54890978,0.6855396788473199,263521452.54890978,120878547.45109022,3.456199903871772e-11,-1.2026817079743994e-19,-0.005404582067070162,-0.005404582067070162,1.0,0.0
263596693.4834967,0.6857354148894295,263596693.4834967,120803306.5165033,3.4552953042129645e-11,-1.2018596285569033e-19,-0.005400887826401124,-0.005400887826401125,0.9999999999999999,8.673617379884035e-19
263671934.4180836,0.685931150931539,263671934.4180836,120728065.58191639,3.4543913229249773e-11,-1.2010379992809842e-19,-0.005397195608567454,-0.005397195608567452,1.0000000000000002,1.734723475976807e-18
263747175.35267055,0.6861268869736487,263747175.35267055,120652824.64732945,3.4534879596695486e-11,-1.200216819000644e-19,-0.005393505408419292,-0.00539350540841929,1.0000000000000002,1.734723475976807e-18
263822416.28725746,0.6863226230157582,263822416.28725746,120577583.71274254,3.452585214109284e-11,-1.1993960865695477e-19,-0.005389817220805267,-0.005389817220805266,1.0000000000000002,8.673617379884035e-19
263897657.22184438,0.6865183590578677,263897657.22184438,120502342.77815562,3.451683085907647e-11,-1.198575800841013e-19,-0.005386131040572445,-0.0053861310405724444,1.0000000000000002,8.673617379884035e-19
263972898.1564313,0.6867140950999774,263972898.1564313,120427101.84356871,3.4507815747289665e-11,-1.1977559606680049e-19,-0.005382446862566307,-0.005382446862566307,1.0,0.0
264048139.0910182,0.6869098311420869,264048139.0910182,120351860.9089818,3.4498806802384335e-11,-1.196936564903129e-19,-0.005378764681630721,-0.00537876468163072,1.0000000000000002,8.673617379884035e-19
264123380.0256051,0.6871055671841965,264123380.0256051,120276619.97439489,3.448980402102104e-11,-1.1961176123986232e-19,-0.005375084492607901,-0.0053750844926079,1.0000000000000002,8.673617379884035e-19
264198620.96019205,0.6873013032263061,264198620.96019205,120201379.03980795,3.448080739986895e-11,-1.1952991020063526e-19,-0.005371406290338385,-0.005371406290338385,1.0,0.0
264273861.89477897,0.6874970392684157,264273861.89477897,120126138.10522103,3.4471816935605915e-11,-1.194481032577803e-19,-0.005367730069661009,-0.005367730069661009,1.0,0.0
264349102.82936588,0.6876927753105252,264349102.82936588,120050897.17063412,3.4462832624918386e-11,-1.1936634029640712e-19,-0.005364055825412858,-0.005364055825412857,1.0000000000000002,8.673617379884035e-19
264424343.7639528,0.6878885113526347,264424343.7639528,119975656.23604721,3.4453854464501486e-11,-1.1928462120158597e-19,-0.005360383552429249,-0.005360383552429249,1.0,0.0
264499584.6985397,0.6880842473947443,264499584.6985397,119900415.3014603,3.444488245105898e-11,-1.192029458583471e-19,-0.005356713245543696,-0.005356713245543696,1.0,0.0
264574825.63312662,0.6882799834368538,264574825.63312662,119825174.36687338,3.4435916581303276e-11,-1.1912131415167986e-19,-0.005353044899587881,-0.005353044899587881,1.0,0.0
264650066.56771356,0.6884757194789635,264650066.56771356,119749933.43228644,3.442695685195546e-11,-1.1903972596653205e-19,-0.005349378509391615,-0.005349378509391614,1.0000000000000002,8.673617379884035e-19
264725307.50230047,0.688671455521073,264725307.50230047,119674692.49769953,3.441800325974524e-11,-1.1895818118780934e-19,-0.0053457140697828155,-0.005345714069782815,1.0000000000000002,8.673617379884035e-19
264800548.43688738,0.6888671915631825,264800548.43688738,119599451.56311262,3.440905580141103e-11,-1.188766797003744e-19,-0.0053420515755874705,-0.005342051575587469,1.0000000000000002,1.734723475976807e-18
264875789.3714743,0.6890629276052921,264875789.3714743,119524210.6285257,3.4400114473699886e-11,-1.1879522138904619e-19,-0.005338391021629601,-0.005338391021629601,1.0,0.0
264951030.3060612,0.6892586636474017,264951030.3060612,119448969.69393879,3.439117927336751e-11,-1.1871380613859953e-19,-0.005334732402731247,-0.005334732402731246,1.0000000000000002,8.673617379884035e-19
265026271.24064812,0.6894543996895113,265026271.24064812,119373728.75935188,3.438225019717832e-11,-1.1863243383376395e-19,-0.005331075713712411,-0.005331075713712411,1.0,0.0
265101512.17523506,0.6896501357316208,265101512.17523506,119298487.82476494,3.437332724190537e-11,-1.1855110435922337e-19,-0.005327420949391046,-0.005327420949391045,1.0000000000000002,8.673617379884035e-19
265176753.10982198,0.6898458717737305,265176753.10982198,119223246.89017802,3.436441040433041e-11,-1.184698175996152e-19,-0.005323768104583016,-0.005323768104583016,1.0,0.0
265251994.0444089,0.69004160781584,265251994.0444089,119148005.95559111,3.435549968124388e-11,-1.183885734395296e-19,-0.005320117174102064,-0.005320117174102064,1.0,0.0
265327234.9789958,0.6902373438579495,265327234.9789958,119072765.0210042,3.43465950694449e-11,-1.1830737176350883e-19,-0.005316468152759776,-0.005316468152759775,1.0000000000000002,8.673617379884035e-19
265402475.9135827,0.6904330799000591,265402475.9135827,118997524.08641729,3.433769656574125e-11,-1.1822621245604653e-19,-0.005312821035365553,-0.005312821035365553,1.0,0.0
265477716.84816962,0.6906288159421686,265477716.84816962,118922283.15183038,3.432880416694945e-11,-1.1814509540158694e-19,-0.0053091758167265815,-0.005309175816726581,1.0000000000000002,8.673617379884035e-19
265552957.78275657,0.6908245519842783,265552957.78275657,118847042.21724343,3.431991786989468e-11,-1.180640204845242e-19,-0.005305532491647792,-0.005305532491647792,1.0,0.0
265628198.71734348,0.6910202880263878,265628198.71734348,118771801.28265652,3.4311037671410845e-11,-1.1798298758920176e-19,-0.005301891054931838,-0.005301891054931837,1.0000000000000002,8.673617379884035e-19
265703439.6519304,0.6912160240684974,265703439.6519304,118696560.34806961,3.430216356834053e-11,-1.1790199659991132e-19,-0.005298251501379048,-0.005298251501379047,1.0000000000000002,8.673617379884035e-19
265778680.5865173,0.6914117601106069,265778680.5865173,118621319.4134827,3.429329555753505e-11,-1.178210474008925e-19,-0.00529461382578741,-0.005294613825787409,1.0000000000000002,8.673617379884035e-19
265853921.52110422,0.6916074961527164,265853921.52110422,118546078.47889578,3.428443363585441e-11,-1.177401398763318e-19,-0.005290978022952524,-0.005290978022952523,1.0000000000000002,1.734723475976807e-18
265929162.45569113,0.6918032321948261,265929162.45569113,118470837.54430887,3.4275577800167365e-11,-1.1765927391036192e-19,-0.005287344087667576,-0.005287344087667573,1.0000000000000004,2.6020852139652106e-18
266004403.39027807,0.6919989682369356,266004403.39027807,118395596.60972193,3.426672804735135e-11,-1.1757844938706116e-19,-0.005283712014723301,-0.005283712014723301,1.0,0.0
266079644.32486498,0.6921947042790452,266079644.32486498,118320355.67513502,3.425788437429255e-11,-1.1749766619045265e-19,-0.0052800817989079605,-0.0052800817989079605,1.0,0.0
266154885.2594519,0.6923904403211548,266154885.2594519,118245114.7405481,3.424904677788587e-11,-1.1741692420450343e-19,-0.005276453435007292,-0.005276453435007292,1.0,0.0
266230126.1940388,0.6925861763632644,266230126.1940388,118169873.80596119,3.424021525503495e-11,-1.1733622331312388e-19,-0.00527282691780449,-0.005272826917804489,1.0000000000000002,8.673617379884035e-19
266305367.12862572,0.6927819124053739,266305367.12862572,118094632.87137428,3.423138980265216e-11,-1.172555634001669e-19,-0.005269202242080162,-0.005269202242080161,1.0000000000000002,8.673617379884035e-19
266380608.06321263,0.6929776484474834,266380608.06321263,118019391.93678737,3.422257041765863e-11,-1.1717494434942713e-19,-0.005265579402612302,-0.005265579402612302,1.0,0.0
266455848.99779958,0.6931733844895931,266455848.99779958,117944151.00220042,3.42137570969842e-11,-1.1709436604464034e-19,-0.005261958394176254,-0.005261958394176255,0.9999999999999999,8.673617379884035e-19
266531089.9323865,0.6933691205317026,266531089.9323865,117868910.06761351,3.4204949837567496e-11,-1.1701382836948262e-19,-0.005258339211544683,-0.005258339211544682,1.0000000000000002,8.673617379884035e-19
266606330.8669734,0.6935648565738122,266606330.8669734,117793669.1330266,3.419614863635589e-11,-1.1693333120756943e-19,-0.005254721849487528,-0.005254721849487527,1.0000000000000002,8.673617379884035e-19
266681571.8015603,0.6937605926159217,266681571.8015603,117718428.19843969,3.41873534903055e-11,-1.1685287444245503e-19,-0.005251106302771979,-0.005251106302771979,1.0,0.0
266756812.73614722,0.6939563286580313,266756812.73614722,117643187.26385278,3.417856439638121e-11,-1.167724579576318e-19,-0.0052474925661624445,-0.005247492566162444,1.0000000000000002,8.673617379884035e-19
266832053.67073414,0.6941520647001408,266832053.67073414,117567946.32926586,3.416978135155669e-11,-1.1669208163652926e-19,-0.005243880634420508,-0.005243880634420508,1.0,0.0
266907294.60532108,0.6943478007422504,266907294.60532108,117492705.39467892,3.416100435281437e-11,-1.1661174536251338e-19,-0.005240270502304899,-0.005240270502304897,1.0000000000000002,1.734723475976807e-18
266982535.539908,0.69454353678436,266982535.539908,117417464.46009201,3.415223339714545e-11,-1.1653144901888596e-19,-0.00523666216457146,-0.005236662164571459,1.0000000000000002,8.673617379884035e-19
267057776.4744949,0.6947392728264695,267057776.4744949,117342223.5255051,3.414346848154994e-11,-1.1645119248888363e-19,-0.005233055615973108,-0.005233055615973108,1.0,0.0
267133017.40908182,0.6949350088685792,267133017.40908182,117266982.59091818,3.4134709603036594e-11,-1.1637097565567725e-19,-0.005229450851259802,-0.005229450851259802,1.0,0.0
267208258.34366873,0.6951307449106887,267208258.34366873,117191741.65633127,3.4125956758623006e-11,-1.1629079840237095e-19,-0.005225847865178507,-0.005225847865178506,1.0000000000000002,8.673617379884035e-19
267283499.27825564,0.6953264809527983,267283499.27825564,117116500.72174436,3.411720994533555e-11,-1.1621066061200161e-19,-0.005222246652473158,-0.005222246652473158,1.0,0.0
267358740.21284258,0.6955222169949079,267358740.21284258,117041259.78715742,3.4108469160209376e-11,-1.1613056216753782e-19,-0.005218647207884628,-0.005218647207884628,1.0,0.0
267433981.1474295,0.6957179530370174,267433981.1474295,116966018.8525705,3.40997344002885e-11,-1.1605050295187935e-19,-0.005215049526150695,-0.0052150495261506944,1.0000000000000002,8.673617379884035e-19
267509222.0820164,0.695913689079127,267509222.0820164,116890777.91798359,3.4091005662625683e-11,-1.1597048284785608e-19,-0.005211453602005997,-0.005211453602005995,1.0000000000000002,1.734723475976807e-18
267584463.01660332,0.6961094251212365,267584463.01660332,116815536.98339668,3.408228294428256e-11,-1.1589050173822738e-19,-0.005207859430182001,-0.005207859430182002,0.9999999999999998,8.673617379884035e-19
267659703.95119023,0.6963051611633461,267659703.95119023,116740296.04880977,3.4073566242329574e-11,-1.1581055950568147e-19,-0.00520426700540698,-0.005204267005406979,1.0000000000000002,8.673617379884035e-19
267734944.88577715,0.6965008972054556,267734944.88577715,116665055.11422285,3.406485555384598e-11,-1.1573065603283423e-19,-0.005200676322405955,-0.005200676322405954,1.0000000000000002,8.673617379884035e-19
267810185.8203641,0.6966966332475653,267810185.8203641,116589814.17963591,3.4056150875919875e-11,-1.156507912022287e-19,-0.005197087375900671,-0.005197087375900672,0.9999999999999998,8.673617379884035e-19
267885426.754951,0.6968923692896748,267885426.754951,116514573.245049,3.404745220564822e-11,-1.1557096489633434e-19,-0.005193500160609572,-0.005193500160609572,1.0,0.0
267960667.6895379,0.6970881053317843,267960667.6895379,116439332.31046209,3.403875954013679e-11,-1.1549117699754596e-19,-0.005189914671247743,-0.0051899146712477435,0.9999999999999998,8.673617379884035e-19
268035908.62412483,0.6972838413738939,268035908.62412483,116364091.37587517,3.403007287650023e-11,-1.154114273881831e-19,-0.005186330902526888,-0.005186330902526887,1.0000000000000002,8.673617379884035e-19
268111149.55871174,0.6974795774160035,268111149.55871174,116288850.44128826,3.4021392211862046e-11,-1.1533171595048912e-19,-0.005182748849155287,-0.005182748849155287,1.0,0.0
268186390.49329865,0.6976753134581131,268186390.49329865,116213609.50670135,3.4012717543354574e-11,-1.1525204256663057e-19,-0.005179168505837768,-0.005179168505837769,0.9999999999999998,8.673617379884035e-19
268261631.4278856,0.6978710495002227,268261631.4278856,116138368.57211441,3.400404886811907e-11,-1.1517240711869613e-19,-0.005175589867275663,-0.005175589867275663,1.0,0.0
268336872.3624725,0.6980667855423323,268336872.3624725,116063127.6375275,3.399538618330562e-11,-1.150928094886961e-19,-0.005172012928166778,-0.005172012928166777,1.0000000000000002,8.673617379884035e-19
268412113.29705942,0.6982625215844418,268412113.29705942,115987886.70294058,3.398672948607321e-11,-1.1501324955856118e-19,-0.0051684376832053435,-0.005168437683205343,1.0000000000000002,8.673617379884035e-19
268487354.2316463,0.6984582576265512,268487354.2316463,115912645.7683537,3.397807877358973e-11,-1.1493372721014212e-19,-0.005164864127081996,-0.005164864127081994,1.0000000000000004,1.734723475976807e-18
268562595.16623324,0.6986539936686609,268562595.16623324,115837404.83376676,3.396943404303192e-11,-1.1485424232520832e-19,-0.0051612922544837184,-0.005161292254483719,0.9999999999999998,8.673617379884035e-19
268637836.1008202,0.6988497297107705,268637836.1008202,115762163.89917982,3.3960795291585455e-11,-1.1477479478544778e-19,-0.0051577220600938336,-0.0051577220600938336,1.0,0.0
268713077.03540707,0.69904546575288,268713077.03540707,115686922.96459293,3.395216251644491e-11,-1.146953844724655e-19,-0.005154153538591937,-0.0051541535385919365,1.0000000000000002,8.673617379884035e-19
268788317.969994,0.6992412017949896,268788317.969994,115611682.03000599,3.394353571481374e-11,-1.1461601126778308e-19,-0.005150586684653874,-0.005150586684653874,1.0,0.0
268863558.90458095,0.6994369378370993,268863558.90458095,115536441.09541905,3.393491488390436e-11,-1.145366750528378e-19,-0.005147021492951702,-0.005147021492951702,1.0,0.0
268938799.83916783,0.6996326738792087,268938799.83916783,115461200.16083217,3.3926300020938096e-11,-1.1445737570898188e-19,-0.005143457958153655,-0.005143457958153654,1.0000000000000002,8.673617379884035e-19
269014040.7737547,0.6998284099213182,269014040.7737547,115385959.22624528,3.391769112314519e-11,-1.1437811311748129e-19,-0.005139896074924092,-0.005139896074924092,1.0,0.0
269089281.7083417,0.700024145963428,269089281.7083417,115310718.29165828,3.3909088187764816e-11,-1.142988871595152e-19,-0.005136335837923472,-0.005136335837923472,1.0,0.0
269164522.6429286,0.7002198820055374,269164522.6429286,115235477.3570714,3.390049121204513e-11,-1.1421969771617542e-19,-0.005132777241808326,-0.005132777241808327,0.9999999999999998,8.673617379884035e-19
269239763.5775155,0.700415618047647,269239763.5775155,115160236.42248452,3.3891900193243205e-11,-1.1414054466846486e-19,-0.005129220281231192,-0.005129220281231191,1.0000000000000002,8.673617379884035e-19
269315004.5121024,0.7006113540897566,269315004.5121024,115084995.48789757,3.388331512862508e-11,-1.1406142789729703e-19,-0.005125664950840591,-0.005125664950840591,1.0,0.0
269390245.44668937,0.7008070901318662,269390245.44668937,115009754.55331063,3.3874736015465746e-11,-1.1398234728349542e-19,-0.005122111245280997,-0.005122111245280996,1.0000000000000002,8.673617379884035e-19
269465486.38127625,0.7010028261739757,269465486.38127625,114934513.61872375,3.386616285104919e-11,-1.1390330270779228e-19,-0.005118559159192785,-0.005118559159192784,1.0000000000000002,8.673617379884035e-19
269540727.3158632,0.7011985622160853,269540727.3158632,114859272.68413681,3.385759563266835e-11,-1.1382429405082791e-19,-0.005115008687212197,-0.005115008687212196,1.0000000000000002,8.673617379884035e-19
269615968.25045013,0.701394298258195,269615968.25045013,114784031.74954987,3.384903435762516e-11,-1.1374532119314982e-19,-0.005111459823971305,-0.005111459823971304,1.0000000000000002,8.673617379884035e-19
269691209.185037,0.7015900343003044,269691209.185037,114708790.81496298,3.384047902323057e-11,-1.136663840152118e-19,-0.0051079125640979715,-0.005107912564097971,1.0000000000000002,8.673617379884035e-19
269766450.1196239,0.7017857703424139,269766450.1196239,114633549.8803761,3.3831929626804475e-11,-1.1358748239737317e-19,-0.005104366902215812,-0.0051043669022158115,1.0000000000000002,8.673617379884035e-19
269841691.05421084,0.7019815063845235,269841691.05421084,114558308.94578916,3.382338616567581e-11,-1.1350861621989756e-19,-0.005100822832944143,-0.005100822832944142,1.0000000000000002,8.673617379884035e-19
269916931.9887978,0.7021772424266332,269916931.9887978,114483068.01120222,3.3814848637182516e-11,-1.1342978536295261e-19,-0.005097280350897967,-0.005097280350897966,1.0000000000000002,8.673617379884035e-19
269992172.92338467,0.7023729784687426,269992172.92338467,114407827.07661533,3.3806317038671564e-11,-1.1335098970660866e-19,-0.005093739450687912,-0.005093739450687912,1.0,0.0
270067413.8579716,0.7025687145108522,270067413.8579716,114332586.14202839,3.3797791367498924e-11,-1.1327222913083794e-19,-0.0050902001269202005,-0.0050902001269202,1.0000000000000002,8.673617379884035e-19
270142654.79255855,0.7027644505529619,270142654.79255855,114257345.20744145,3.3789271621029645e-11,-1.1319350351551372e-19,-0.0050866623741966065,-0.005086662374196606,1.0000000000000002,8.673617379884035e-19
270217895.72714543,0.7029601865950713,270217895.72714543,114182104.27285457,3.378075779663778e-11,-1.131148127404096e-19,-0.005083126187114425,-0.005083126187114424,1.0000000000000002,8.673617379884035e-19
270293136.6617323,0.7031559226371809,270293136.6617323,114106863.33826768,3.377224989170644e-11,-1.130361566851983e-19,-0.005079591560266416,-0.005079591560266416,1.0,0.0
270368377.59631926,0.7033516586792905,270368377.59631926,114031622.40368074,3.37637479036278e-11,-1.1295753522945094e-19,-0.005076058488240777,-0.005076058488240777,1.0,0.0
270443618.5309062,0.7035473947214002,270443618.5309062,113956381.4690938,3.375525182980309e-11,-1.1287894825263614e-19,-0.005072526965621099,-0.005072526965621098,1.0000000000000002,8.673617379884035e-19
270518859.4654931,0.7037431307635096,270518859.4654931,113881140.53450692,3.374676166764265e-11,-1.1280039563411924e-19,-0.005068996986986329,-0.005068996986986328,1.0000000000000002,8.673617379884035e-19
270594100.40008,0.7039388668056192,270594100.40008,113805899.59991997,3.373827741456584e-11,-1.1272187725316101e-19,-0.005065468546910717,-0.0050654685469107156,1.0000000000000004,1.734723475976807e-18
270669341.33466697,0.7041346028477289,270669341.33466697,113730658.66533303,3.3729799068001145e-11,-1.1264339298891724e-19,-0.005061941639963795,-0.005061941639963794,1.0000000000000002,8.673617379884035e-19
270744582.26925385,0.7043303388898383,270744582.26925385,113655417.73074615,3.372132662538616e-11,-1.125649427204375e-19,-0.005058416260710323,-0.005058416260710323,1.0,0.0
270819823.20384073,0.7045260749319477,270819823.20384073,113580176.79615927,3.371286008416754e-11,-1.1248652632666438e-19,-0.005054892403710249,-0.0050548924037102485,1.0000000000000002,8.673617379884035e-19
270895064.13842773,0.7047218109740576,270895064.13842773,113504935.86157227,3.370439944180109e-11,-1.1240814368643217e-19,-0.005051370063518661,-0.00505137006351866,1.0000000000000002,8.673617379884035e-19
270970305.0730146,0.704917547016167,270970305.0730146,113429694.92698538,3.3695944695751735e-11,-1.1232979467846695e-19,-0.00504784923468578,-0.005047849234685779,1.0000000000000002,8.673617379884035e-19
271045546.0076015,0.7051132830582766,271045546.0076015,113354453.9923985,3.368749584349351e-11,-1.122514791813844e-19,-0.0050443299117568655,-0.005044329911756865,1.0000000000000002,8.673617379884035e-19
271120786.94218844,0.7053090191003861,271120786.94218844,113279213.05781156,3.367905288250958e-11,-1.1217319707368972e-19,-0.005040812089272213,-0.0050408120892722124,1.0000000000000002,8.673617379884035e-19
271196027.8767754,0.7055047551424958,271196027.8767754,113203972.12322462,3.367061581029229e-11,-1.120949482337764e-19,-0.0050372957617671014,-0.005037295761767101,1.0000000000000002,8.673617379884035e-19
271271268.81136227,0.7057004911846053,271271268.81136227,113128731.18863773,3.36621846243431e-11,-1.1201673253992551e-19,-0.0050337809237717525,-0.005033780923771753,0.9999999999999998,8.673617379884035e-19
271346509.7459492,0.7058962272267149,271346509.7459492,113053490.25405079,3.3653759322172677e-11,-1.1193854987030437e-19,-0.005030267569811279,-0.005030267569811279,1.0,0.0
271421750.68053615,0.7060919632688245,271421750.68053615,112978249.31946385,3.364533990130081e-11,-1.1186040010296597e-19,-0.005026755694405655,-0.005026755694405655,1.0,0.0
271496991.61512303,0.706287699310934,271496991.61512303,112903008.38487697,3.363692635925651e-11,-1.1178228311584792e-19,-0.005023245292069672,-0.005023245292069672,1.0,0.0
271572232.5497099,0.7064834353530435,271572232.5497099,112827767.45029008,3.362851869357795e-11,-1.117041987867714e-19,-0.005019736357312886,-0.0050197363573128845,1.0000000000000004,1.734723475976807e-18
271647473.48429686,0.7066791713951531,271647473.48429686,112752526.51570314,3.3620116901812504e-11,-1.116261469934402e-19,-0.005016228884639581,-0.005016228884639582,0.9999999999999998,8.673617379884035e-19
271722714.4188838,0.7068749074372628,271722714.4188838,112677285.5811162,3.3611720981516765e-11,-1.1154812761344015e-19,-0.005012722868548737,-0.005012722868548738,0.9999999999999998,8.673617379884035e-19
271797955.3534707,0.7070706434793722,271797955.3534707,112602044.64652932,3.3603330930256534e-11,-1.1147014052423776e-19,-0.005009218303533974,-0.005009218303533973,1.0000000000000002,8.673617379884035e-19
271873196.2880576,0.7072663795214819,271873196.2880576,112526803.71194237,3.359494674560682e-11,-1.1139218560317916e-19,-0.005005715184083503,-0.005005715184083502,1.0000000000000002,8.673617379884035e-19
271948437.22264457,0.7074621155635915,271948437.22264457,112451562.77735543,3.3586568425151894e-11,-1.1131426272748956e-19,-0.005002213504680097,-0.005002213504680098,0.9999999999999998,8.673617379884035e-19
272023678.15723145,0.7076578516057009,272023678.15723145,112376321.84276855,3.3578195966485253e-11,-1.1123637177427218e-19,-0.004998713259801054,-0.004998713259801052,1.0000000000000004,1.734723475976807e-18
272098919.09181833,0.7078535876478105,272098919.09181833,112301080.90818167,3.356982936720965e-11,-1.111585126205068e-19,-0.00499521444391812,-0.004995214443918119,1.0000000000000002,8.673617379884035e-19
272174160.0264053,0.70804932368992,272174160.0264053,112225839.97359473,3.3561468624937085e-11,-1.110806851430495e-19,-0.004991717051497481,-0.00499171705149748,1.0000000000000004,1.734723475976807e-18
272249400.9609922,0.7082450597320297,272249400.9609922,112150599.03900778,3.355311373728885e-11,-1.1100288921863117e-19,-0.004988221076999701,-0.0049882210769997,1.0000000000000002,8.673617379884035e-19
272324641.8955791,0.7084407957741392,272324641.8955791,112075358.1044209,3.354476470189551e-11,-1.1092512472385683e-19,-0.004984726514879687,-0.004984726514879685,1.0000000000000004,1.734723475976807e-18
272399882.83016604,0.7086365318162489,272399882.83016604,112000117.16983396,3.35364215163969e-11,-1.1084739153520428e-19,-0.004981233359586627,-0.004981233359586626,1.0000000000000002,8.673617379884035e-19
272475123.764753,0.7088322678583584,272475123.764753,111924876.23524702,3.352808417844218e-11,-1.107696895290236e-19,-0.0049777416055639696,-0.004977741605563969,1.0000000000000002,8.673617379884035e-19
272550364.69933987,0.7090280039004679,272550364.69933987,111849635.30066013,3.351975268568981e-11,-1.1069201858153583e-19,-0.004974251247249368,-0.0049742512472493675,1.0000000000000002,8.673617379884035e-19
272625605.63392675,0.7092237399425774,272625605.63392675,111774394.36607325,3.351142703580755e-11,-1.1061437856883192e-19,-0.004970762279074627,-0.004970762279074626,1.0000000000000002,8.673617379884035e-19
272700846.56851375,0.7094194759846871,272700846.56851375,111699153.43148625,3.350310722647252e-11,-1.1053676936687183e-19,-0.004967274695465664,-0.004967274695465662,1.0000000000000004,1.734723475976807e-18
272776087.50310063,0.7096152120267967,272776087.50310063,111623912.49689937,3.3494793255371153e-11,-1.104591908514839e-19,-0.004963788490842483,-0.004963788490842483,1.0,0.0
272851328.4376875,0.7098109480689061,272851328.4376875,111548671.56231248,3.348648512019925e-11,-1.1038164289836315e-19,-0.004960303659619097,-0.004960303659619096,1.0000000000000002,8.673617379884035e-19
272926569.37227446,0.7100066841110158,272926569.37227446,111473430.62772554,3.347818281866194e-11,-1.1030412538307058e-19,-0.004956820196203497,-0.004956820196203496,1.0000000000000002,8.673617379884035e-19
273001810.3068614,0.7102024201531254,273001810.3068614,111398189.6931386,3.346988634847375e-11,-1.1022663818103243e-19,-0.004953338094997616,-0.0049533380949976155,1.0000000000000002,8.673617379884035e-19
273077051.2414483,0.7103981561952348,273077051.2414483,111322948.75855172,3.346159570735857e-11,-1.1014918116753881e-19,-0.004949857350397272,-0.004949857350397272,1.0,0.0
273152292.1760352,0.7105938922373445,273152292.1760352,111247707.82396477,3.3453310893049686e-11,-1.1007175421774264e-19,-0.004946377956792117,-0.004946377956792116,1.0000000000000002,8.673617379884035e-19
273227533.11062217,0.7107896282794541,273227533.11062217,111172466.88937783,3.344503190328977e-11,-1.0999435720665896e-19,-0.004942899908565607,-0.004942899908565606,1.0000000000000002,8.673617379884035e-19
273302774.04520905,0.7109853643215636,273302774.04520905,111097225.95479095,3.343675873583092e-11,-1.0991699000916368e-19,-0.004939423200094945,-0.004939423200094945,1.0,0.0
273378014.97979593,0.7111811003636731,273378014.97979593,111021985.02020407,3.342849138843464e-11,-1.0983965249999242e-19,-0.004935947825751031,-0.004935947825751031,1.0,0.0
273453255.9143829,0.7113768364057828,273453255.9143829,110946744.08561713,3.342022985887187e-11,-1.0976234455373965e-19,-0.004932473779898422,-0.0049324737798984225,0.9999999999999998,8.673617379884035e-19
273528496.8489698,0.7115725724478923,273528496.8489698,110871503.15103018,3.341197414492299e-11,-1.0968506604485778e-19,-0.004929001056895289,-0.004929001056895289,1.0,0.0
273603737.7835567,0.7117683084900018,273603737.7835567,110796262.2164433,3.340372424437784e-11,-1.096078168476558e-19,-0.004925529651093363,-0.004925529651093362,1.0000000000000002,8.673617379884035e-19
273678978.71814364,0.7119640445321115,273678978.71814364,110721021.28185636,3.33954801550357e-11,-1.0953059683629832e-19,-0.00492205955683788,-0.00492205955683788,1.0,0.0
273754219.6527306,0.7121597805742211,273754219.6527306,110645780.34726942,3.338724187470535e-11,-1.094534058848047e-19,-0.004918590768467555,-0.004918590768467555,1.0,0.0
273829460.58731747,0.7123555166163306,273829460.58731747,110570539.41268253,3.337900940120504e-11,-1.0937624386704785e-19,-0.004915123280314517,-0.004915123280314518,0.9999999999999998,8.673617379884035e-19
273904701.52190435,0.71255125265844,273904701.52190435,110495298.47809565,3.337078273236253e-11,-1.092991106567531e-19,-0.004911657086704267,-0.004911657086704267,1.0,0.0
273979942.4564913,0.7127469887005496,273979942.4564913,110420057.54350871,3.3362561866015056e-11,-1.0922200612749712e-19,-0.004908192181955623,-0.004908192181955623,1.0,0.0
274055183.39107823,0.7129427247426593,274055183.39107823,110344816.60892177,3.335434680000939e-11,-1.0914493015270715e-19,-0.0049047285603806895,-0.0049047285603806895,1.0,0.0
274130424.3256651,0.7131384607847687,274130424.3256651,110269575.67433488,3.3346137532201853e-11,-1.090678826056596e-19,-0.004901266216284792,-0.00490126621628479,1.0000000000000004,1.734723475976807e-18
274205665.26025206,0.7133341968268784,274205665.26025206,110194334.73974794,3.3337934060458264e-11,-1.0899086335947898e-19,-0.00489780514396643,-0.004897805143966428,1.0000000000000004,1.734723475976807e-18
274280906.194839,0.713529932868988,274280906.194839,110119093.805161,3.3329736382654035e-11,-1.0891387228713705e-19,-0.004894345337717239,-0.004894345337717238,1.0000000000000002,8.673617379884035e-19
274356147.1294259,0.7137256689110976,274356147.1294259,110043852.87057412,3.332154449667412e-11,-1.0883690926145158e-19,-0.004890886791821936,-0.004890886791821935,1.0000000000000002,8.673617379884035e-19
274431388.06401277,0.713921404953207,274431388.06401277,109968611.93598723,3.3313358400413047e-11,-1.087599741550852e-19,-0.004887429500558263,-0.004887429500558263,1.0,0.0
274506628.99859977,0.7141171409953168,274506628.99859977,109893371.00140023,3.3305178091774934e-11,-1.0868306684054423e-19,-0.004883973458196941,-0.004883973458196941,1.0,0.0
274581869.93318665,0.7143128770374263,274581869.93318665,109818130.06681335,3.32970035686735e-11,-1.0860618719017814e-19,-0.004880518659001641,-0.004880518659001639,1.0000000000000004,1.734723475976807e-18
274657110.86777353,0.7145086130795357,274657110.86777353,109742889.13222647,3.3288834829032096e-11,-1.0852933507617757e-19,-0.0048770650972288975,-0.004877065097228897,1.0000000000000002,8.673617379884035e-19
274732351.8023605,0.7147043491216454,274732351.8023605,109667648.19763952,3.3280671870783636e-11,-1.084525103705739e-19,-0.004873612767128085,-0.004873612767128084,1.0000000000000002,8.673617379884035e-19
274807592.7369474,0.714900085163755,274807592.7369474,109592407.26305258,3.3272514691870733e-11,-1.0837571294523774e-19,-0.004870161662941359,-0.0048701616629413585,1.0000000000000002,8.673617379884035e-19
274882833.6715343,0.7150958212058645,274882833.6715343,109517166.3284657,3.3264363290245613e-11,-1.0829894267187828e-19,-0.004866711778903616,-0.004866711778903616,1.0,0.0
274958074.60612124,0.7152915572479741,274958074.60612124,109441925.39387876,3.325621766387016e-11,-1.0822219942204146e-19,-0.004863263109242419,-0.004863263109242419,1.0,0.0
275033315.5407081,0.7154872932900835,275033315.5407081,109366684.45929188,3.3248077810715954e-11,-1.0814548306710955e-19,-0.0048598156481779765,-0.004859815648177976,1.0000000000000002,8.673617379884035e-19
275108556.47529507,0.7156830293321932,275108556.47529507,109291443.52470493,3.3239943728764213e-11,-1.0806879347829944e-19,-0.004856369389923062,-0.004856369389923061,1.0000000000000002,8.673617379884035e-19
275183797.409882,0.7158787653743028,275183797.409882,109216202.59011799,3.32318154160059e-11,-1.0799213052666196e-19,-0.00485292432868299,-0.0048529243286829895,1.0000000000000002,8.673617379884035e-19
275259038.3444689,0.7160745014164123,275259038.3444689,109140961.65553111,3.322369287044167e-11,-1.0791549408308053e-19,-0.004849480458655551,-0.004849480458655552,0.9999999999999998,8.673617379884035e-19
275334279.27905583,0.7162702374585219,275334279.27905583,109065720.72094417,3.3215576090081877e-11,-1.0783888401826985e-19,-0.004846037774030953,-0.004846037774030953,1.0,0.0
275409520.2136427,0.7164659735006315,275409520.2136427,108990479.78635728,3.320746507294664e-11,-1.0776230020277516e-19,-0.004842596268991789,-0.004842596268991788,1.0000000000000002,8.673617379884035e-19
275484761.14822966,0.716661709542741,275484761.14822966,108915238.85177034,3.31993598170658e-11,-1.0768574250697058e-19,-0.004839155937712963,-0.004839155937712962,1.0000000000000002,8.673617379884035e-19
275560002.08281654,0.7168574455848505,275560002.08281654,108839997.91718346,3.3191260320478986e-11,-1.076092108010584e-19,-0.004835716774361656,-0.004835716774361657,0.9999999999999998,8.673617379884035e-19
275635243.0174035,0.7170531816269602,275635243.0174035,108764756.98259652,3.3183166581235564e-11,-1.0753270495506763e-19,-0.004832278773097264,-0.004832278773097264,1.0,0.0
275710483.9519904,0.7172489176690698,275710483.9519904,108689516.04800957,3.3175078597394715e-11,-1.07456224838853e-19,-0.004828841928071349,-0.0048288419280713485,1.0000000000000002,8.673617379884035e-19
275785724.8865773,0.7174446537111793,275785724.8865773,108614275.11342269,3.3166996367025406e-11,-1.0737977032209368e-19,-0.004825406233427586,-0.004825406233427585,1.0000000000000002,8.673617379884035e-19
275860965.82116425,0.7176403897532889,275860965.82116425,108539034.17883575,3.315891988820641e-11,-1.0730334127429199e-19,-0.004821971683301702,-0.004821971683301701,1.0000000000000002,8.673617379884035e-19
275936206.75575113,0.7178361257953983,275936206.75575113,108463793.24424887,3.315084915902636e-11,-1.0722693756477254e-19,-0.004818538271821437,-0.004818538271821436,1.0000000000000002,8.673617379884035e-19
276011447.6903381,0.718031861837508,276011447.6903381,108388552.30966192,3.314278417758367e-11,-1.0715055906268069e-19,-0.004815105993106476,-0.0048151059931064765,0.9999999999999998,8.673617379884035e-19
276086688.624925,0.7182275978796177,276086688.624925,108313311.37507498,3.313472494198666e-11,-1.0707420563698161e-19,-0.004811674841268408,-0.004811674841268408,1.0,0.0
276161929.5595119,0.7184233339217271,276161929.5595119,108238070.4404881,3.3126671450353486e-11,-1.0699787715645901e-19,-0.004808244810410669,-0.004808244810410668,1.0000000000000002,8.673617379884035e-19
276237170.49409884,0.7186190699638367,276237170.49409884,108162829.50590116,3.311862370081219e-11,-1.069215734897137e-19,-0.004804815894628471,-0.004804815894628471,1.0,0.0
276312411.4286857,0.7188148060059462,276312411.4286857,108087588.57131428,3.3110581691500705e-11,-1.0684529450516285e-19,-0.0048013880880087775,-0.0048013880880087775,1.0,0.0
276387652.36327267,0.7190105420480558,276387652.36327267,108012347.63672733,3.3102545420566886e-11,-1.0676904007103826e-19,-0.004797961384630222,-0.004797961384630221,1.0000000000000002,8.673617379884035e-19
276462893.29785955,0.7192062780901654,276462893.29785955,107937106.70214045,3.3094514886168504e-11,-1.0669281005538557e-19,-0.004794535778563069,-0.00479453577856307,0.9999999999999998,8.673617379884035e-19
276538134.2324465,0.719402014132275,276538134.2324465,107861865.76755351,3.308649008647324e-11,-1.0661660432606273e-19,-0.004791111263869154,-0.004791111263869154,1.0,0.0
276613375.16703343,0.7195977501743845,276613375.16703343,107786624.83296657,3.307847101965875e-11,-1.0654042275073895e-19,-0.004787687834601825,-0.004787687834601824,1.0000000000000002,8.673617379884035e-19
276688616.1016203,0.7197934862164941,276688616.1016203,107711383.89837968,3.3070457683912666e-11,-1.0646426519689341e-19,-0.004784265484805894,-0.0047842654848058936,1.0000000000000002,8.673617379884035e-19
276763857.03620726,0.7199892222586037,276763857.03620726,107636142.96379274,3.306245007743257e-11,-1.063881315318139e-19,-0.004780844208517573,-0.004780844208517573,1.0,0.0
276839097.97079414,0.7201849583007132,276839097.97079414,107560902.02920586,3.305444819842605e-11,-1.0631202162259587e-19,-0.004777423999764429,-0.004777423999764427,1.0000000000000004,1.734723475976807e-18
276914338.9053811,0.7203806943428228,276914338.9053811,107485661.09461892,3.304645204511068e-11,-1.062359353361407e-19,-0.004774004852565307,-0.004774004852565306,1.0000000000000002,8.673617379884035e-19
276989579.839968,0.7205764303849325,276989579.839968,107410420.16003197,3.3038461615714105e-11,-1.0615987253915505e-19,-0.004770586760930303,-0.004770586760930303,1.0,0.0
277064820.7745549,0.7207721664270419,277064820.7745549,107335179.22544509,3.303047690847396e-11,-1.0608383309814916e-19,-0.004767169718860689,-0.004767169718860688,1.0000000000000002,8.673617379884035e-19
277140061.70914185,0.7209679024691515,277140061.70914185,107259938.29085815,3.302249792163795e-11,-1.0600781687943554e-19,-0.004763753720348846,-0.004763753720348845,1.0000000000000002,8.673617379884035e-19
277215302.64372873,0.721163638511261,277215302.64372873,107184697.35627127,3.301452465346384e-11,-1.059318237491281e-19,-0.004760338759378234,-0.004760338759378233,1.0000000000000002,8.673617379884035e-19
277290543.5783157,0.7213593745533706,277290543.5783157,107109456.42168432,3.3006557102219485e-11,-1.0585585357314042e-19,-0.004756924829923311,-0.00475692482992331,1.0000000000000002,8.673617379884035e-19
277365784.51290256,0.7215551105954802,277365784.51290256,107034215.48709744,3.2998595266182836e-11,-1.0577990621718488e-19,-0.00475351192594949,-0.004753511925949491,0.9999999999999998,8.673617379884035e-19
277441025.4474895,0.7217508466375897,277441025.4474895,106958974.5525105,3.299063914364193e-11,-1.0570398154677097e-19,-0.004750100041413071,-0.00475010004141307,1.0000000000000002,8.673617379884035e-19
277516266.38207644,0.7219465826796994,277516266.38207644,106883733.61792356,3.298268873289497e-11,-1.0562807942720427e-19,-0.004746689170261187,-0.004746689170261186,1.0000000000000002,8.673617379884035e-19
277591507.3166633,0.7221423187218089,277591507.3166633,106808492.68333668,3.297474403225029e-11,-1.0555219972358517e-19,-0.004743279306431753,-0.004743279306431753,1.0,0.0
277666748.25125027,0.7223380547639184,277666748.25125027,106733251.74874973,3.2966805040026347e-11,-1.0547634230080719e-19,-0.004739870443853386,-0.004739870443853386,1.0,0.0
277741989.18583715,0.722533790806028,277741989.18583715,106658010.81416285,3.2958871754551825e-11,-1.0540050702355621e-19,-0.004736462576445373,-0.0047364625764453735,0.9999999999999998,8.673617379884035e-19
277817230.1204241,0.7227295268481376,277817230.1204241,106582769.87957591,3.2950944174165555e-11,-1.0532469375630871e-19,-0.0047330556981175905,-0.0047330556981175905,1.0,0.0
277892471.05501103,0.7229252628902473,277892471.05501103,106507528.94498897,3.2943022297216597e-11,-1.052489023633307e-19,-0.004729649802770458,-0.004729649802770458,1.0,0.0
277967711.9895979,0.7231209989323567,277967711.9895979,106432288.01040208,3.293510612206422e-11,-1.0517313270867634e-19,-0.004726244884294872,-0.004726244884294872,1.0,0.0
278042952.92418486,0.7233167349744664,278042952.92418486,106357047.07581514,3.292719564707794e-11,-1.0509738465618638e-19,-0.0047228409365721435,-0.004722840936572143,1.0000000000000002,8.673617379884035e-19
278118193.85877174,0.7235124710165758,278118193.85877174,106281806.14122826,3.291929087063751e-11,-1.0502165806948725e-19,-0.004719437953473948,-0.004719437953473947,1.0000000000000002,8.673617379884035e-19
278193434.7933587,0.7237082070586854,278193434.7933587,106206565.20664132,3.291139179113296e-11,-1.0494595281198927e-19,-0.004716035928862252,-0.0047160359288622505,1.0000000000000004,1.734723475976807e-18
278268675.72794557,0.7239039431007949,278268675.72794557,106131324.27205443,3.290349840696462e-11,-1.0487026874688563e-19,-0.004712634856589264,-0.004712634856589265,0.9999999999999998,8.673617379884035e-19
278343916.6625325,0.7240996791429045,278343916.6625325,106056083.33746749,3.2895610716543095e-11,-1.0479460573715087e-19,-0.004709234730497368,-0.004709234730497368,1.0,0.0
278419157.59711945,0.7242954151850142,278419157.59711945,105980842.40288055,3.2887728718289325e-11,-1.0471896364553951e-19,-0.004705835544419059,-0.004705835544419059,1.0,0.0
278494398.53170633,0.7244911512271237,278494398.53170633,105905601.46829367,3.287985241063458e-11,-1.0464334233458481e-19,-0.004702437292176888,-0.004702437292176887,1.0000000000000002,8.673617379884035e-19
278569639.4662933,0.7246868872692332,278569639.4662933,105830360.53370672,3.2871981792020485e-11,-1.0456774166659712e-19,-0.004699039967583393,-0.004699039967583393,1.0,0.0
278644880.40088016,0.7248826233113428,278644880.40088016,105755119.59911984,3.2864116860899035e-11,-1.044921615036629e-19,-0.004695643564441048,-0.004695643564441048,1.0,0.0
278720121.3354671,0.7250783593534524,278720121.3354671,105679878.6645329,3.2856257615732595e-11,-1.0441660170764291e-19,-0.004692248076542185,-0.0046922480765421845,1.0000000000000002,8.673617379884035e-19
278795362.27005404,0.725274095395562,278795362.27005404,105604637.72994596,3.2848404054993944e-11,-1.0434106214017117e-19,-0.004688853497668947,-0.004688853497668947,1.0,0.0
278870603.2046409,0.7254698314376715,278870603.2046409,105529396.79535908,3.28405561771663e-11,-1.0426554266265336e-19,-0.004685459821593215,-0.004685459821593214,1.0000000000000002,8.673617379884035e-19
278945844.13922787,0.7256655674797812,278945844.13922787,105454155.86077213,3.283271398074327e-11,-1.0419004313626531e-19,-0.0046820670420765435,-0.004682067042076543,1.0000000000000002,8.673617379884035e-19
279021085.07381475,0.7258613035218906,279021085.07381475,105378914.92618525,3.282487746422896e-11,-1.0411456342195204e-19,-0.004678675152870112,-0.00467867515287011,1.0000000000000004,1.734723475976807e-18
279096326.0084017,0.7260570395640003,279096326.0084017,105303673.99159831,3.281704662613791e-11,-1.040391033804256e-19,-0.004675284147714632,-0.004675284147714632,1.0,0.0
279171566.9429886,0.7262527756061097,279171566.9429886,105228433.05701143,3.28092214649952e-11,-1.0396366287216457e-19,-0.004671894020340326,-0.004671894020340325,1.0000000000000002,8.673617379884035e-19
279246807.8775755,0.7264485116482193,279246807.8775755,105153192.12242448,3.280140197933636e-11,-1.0388824175741172e-19,-0.004668504764466814,-0.004668504764466814,1.0,0.0
279322048.81216246,0.726644247690329,279322048.81216246,105077951.18783754,3.279358816770747e-11,-1.0381283989617325e-19,-0.0046651163738030904,-0.00466511637380309,1.0000000000000002,8.673617379884035e-19
279397289.74674934,0.7268399837324384,279397289.74674934,105002710.25325066,3.278578002866517e-11,-1.0373745714821699e-19,-0.004661728842047436,-0.004661728842047436,1.0,0.0
279472530.6813363,0.7270357197745481,279472530.6813363,104927469.31866372,3.2777977560776625e-11,-1.0366209337307097e-19,-0.004658342162887354,-0.004658342162887353,1.0000000000000002,8.673617379884035e-19
279547771.61592317,0.7272314558166576,279547771.61592317,104852228.38407683,3.2770180762619606e-11,-1.0358674843002221e-19,-0.004654956329999518,-0.004654956329999519,0.9999999999999998,8.673617379884035e-19
279623012.5505101,0.7274271918587671,279623012.5505101,104776987.44948989,3.2762389632782455e-11,-1.0351142217811486e-19,-0.00465157133704969,-0.00465157133704969,1.0,0.0
279698253.48509705,0.7276229279008768,279698253.48509705,104701746.51490295,3.2754604169864155e-11,-1.0343611447614911e-19,-0.004648187177692666,-0.004648187177692665,1.0000000000000002,8.673617379884035e-19
279773494.41968393,0.7278186639429863,279773494.41968393,104626505.58031607,3.274682437247432e-11,-1.0336082518267956e-19,-0.004644803845572206,-0.0046448038455722054,1.0000000000000002,8.673617379884035e-19
279848735.3542709,0.728014399985096,279848735.3542709,104551264.64572912,3.273905023923318e-11,-1.0328555415601352e-19,-0.0046414213343209595,-0.004641421334320959,1.0000000000000002,8.673617379884035e-19
279923976.28885776,0.7282101360272054,279923976.28885776,104476023.71114224,3.2731281768771686e-11,-1.0321030125421006e-19,-0.004638039637560418,-0.004638039637560417,1.0000000000000002,8.673617379884035e-19
279999217.2234447,0.7284058720693151,279999217.2234447,104400782.7765553,3.272351895973144e-11,-1.0313506633507776e-19,-0.004634658748900818,-0.004634658748900818,1.0,0.0
280074458.1580316,0.7286016081114245,280074458.1580316,104325541.84196842,3.271576181076478e-11,-1.0305984925617403e-19,-0.004631278661941109,-0.004631278661941109,1.0,0.0
280149699.0926185,0.7287973441535341,280149699.0926185,104250300.90738147,3.270801032053474e-11,-1.0298464987480289e-19,-0.0046278993702688525,-0.0046278993702688525,1.0,0.0
280224940.02720547,0.7289930801956438,280224940.02720547,104175059.97279453,3.270026448771513e-11,-1.0290946804801393e-19,-0.004624520867460179,-0.004624520867460178,1.0000000000000002,8.673617379884035e-19
280300180.96179235,0.7291888162377532,280300180.96179235,104099819.03820765,3.269252431099051e-11,-1.028343036326006e-19,-0.004621143147079706,-0.004621143147079706,1.0,0.0
280375421.8963793,0.7293845522798629,280375421.8963793,104024578.10362071,3.268478978905622e-11,-1.0275915648509853e-19,-0.004617766202680467,-0.004617766202680466,1.0000000000000002,8.673617379884035e-19
280450662.8309662,0.7295802883219723,280450662.8309662,103949337.16903383,3.267706092061843e-11,-1.0268402646178433e-19,-0.004614390027803854,-0.004614390027803853,1.0000000000000002,8.673617379884035e-19
280525903.7655531,0.729776024364082,280525903.7655531,103874096.23444688,3.2669337704394084e-11,-1.0260891341867369e-19,-0.004611014615979536,-0.0046110146159795366,0.9999999999999998,8.673617379884035e-19
280601144.70014006,0.7299717604061916,280601144.70014006,103798855.29985994,3.2661620139111027e-11,-1.0253381721152019e-19,-0.0046076399607254005,-0.0046076399607254005,1.0,0.0
280676385.63472694,0.7301674964483011,280676385.63472694,103723614.36527306,3.265390822350795e-11,-1.0245873769581345e-19,-0.004604266055547476,-0.0046042660555474756,1.0000000000000002,8.673617379884035e-19
280751626.5693139,0.7303632324904107,280751626.5693139,103648373.43068612,3.264620195633438e-11,-1.0238367472677757e-19,-0.004600892893939858,-0.004600892893939858,1.0,0.0
280826867.50390077,0.7305589685325202,280826867.50390077,103573132.49609923,3.2638501336350815e-11,-1.0230862815936987e-19,-0.004597520469384654,-0.0045975204693846534,1.0000000000000002,8.673617379884035e-19
280902108.4384877,0.7307547045746299,280902108.4384877,103497891.56151229,3.263080636232863e-11,-1.0223359784827879e-19,-0.004594148775351887,-0.004594148775351887,1.0,0.0
280977349.3730746,0.7309504406167393,280977349.3730746,103422650.62692541,3.262311703305018e-11,-1.0215858364792295e-19,-0.004590777805299456,-0.0045907778052994555,1.0000000000000002,8.673617379884035e-19
281052590.30766153,0.731146176658849,281052590.30766153,103347409.69233847,3.2615433347308744e-11,-1.0208358541244885e-19,-0.004587407552673033,-0.004587407552673031,1.0000000000000004,1.734723475976807e-18
281127831.2422485,0.7313419127009586,281127831.2422485,103272168.75775152,3.26077553039086e-11,-1.020086029957298e-19,-0.00458403801090601,-0.00458403801090601,1.0,0.0
281203072.17683536,0.731537648743068,281203072.17683536,103196927.82316464,3.2600082901665065e-11,-1.0193363625136423e-19,-0.004580669173419431,-0.004580669173419429,1.0000000000000004,1.734723475976807e-18
281278313.1114223,0.7317333847851777,281278313.1114223,103121686.8885777,3.2592416139404425e-11,-1.0185868503267364e-19,-0.004577301033621891,-0.004577301033621891,1.0,0.0
281353554.0460092,0.7319291208272871,281353554.0460092,103046445.95399082,3.258475501596405e-11,-1.0178374919270171e-19,-0.0045739335849095016,-0.0045739335849095016,1.0,0.0
281428794.9805961,0.7321248568693968,281428794.9805961,102971205.01940387,3.257709953019238e-11,-1.0170882858421186e-19,-0.0045705668206657835,-0.0045705668206657835,1.0,0.0
281504035.91518307,0.7323205929115064,281504035.91518307,102895964.08481693,3.2569449680948905e-11,-1.0163392305968627e-19,-0.004567200734261615,-0.004567200734261615,1.0,0.0
281579276.84976995,0.7325163289536158,281579276.84976995,102820723.15023005,3.256180546710428e-11,-1.0155903247132395e-19,-0.004563835319055151,-0.004563835319055151,1.0,0.0
281654517.7843569,0.7327120649957255,281654517.7843569,102745482.21564311,3.255416688754025e-11,-1.0148415667103896e-19,-0.004560470568391741,-0.0045604705683917396,1.0000000000000004,1.734723475976807e-18
281729758.7189438,0.732907801037835,281729758.7189438,102670241.28105623,3.254653394114972e-11,-1.01409295510459e-19,-0.004557106475603866,-0.004557106475603865,1.0000000000000002,8.673617379884035e-19
281804999.6535307,0.7331035370799446,281804999.6535307,102595000.34646928,3.2538906626836796e-11,-1.0133444884092355e-19,-0.004553743034011058,-0.004553743034011057,1.0000000000000002,8.673617379884035e-19
281880240.5881176,0.7332992731220541,281880240.5881176,102519759.4118824,3.2531284943516736e-11,-1.0125961651348237e-19,-0.004550380236919823,-0.004550380236919824,0.9999999999999998,8.673617379884035e-19
281955481.52270454,0.7334950091641638,281955481.52270454,102444518.47729546,3.252366889011606e-11,-1.011847983788936e-19,-0.004547018077623569,-0.004547018077623569,1.0,0.0
282030722.4572915,0.7336907452062734,282030722.4572915,102369277.54270852,3.251605846557249e-11,-1.0110999428762223e-19,-0.004543656549402526,-0.004543656549402525,1.0000000000000002,8.673617379884035e-19
282105963.39187837,0.7338864812483828,282105963.39187837,102294036.60812163,3.250845366883505e-11,-1.0103520408983843e-19,-0.004540295645523679,-0.004540295645523678,1.0000000000000004,1.734723475976807e-18
282181204.3264653,0.7340822172904925,282181204.3264653,102218795.67353469,3.2500854498864e-11,-1.0096042763541541e-19,-0.004536935359240666,-0.004536935359240666,1.0,0.0
282256445.2610522,0.7342779533326019,282256445.2610522,102143554.73894781,3.2493260954630964e-11,-1.0088566477392853e-19,-0.00453357568379374,-0.00453357568379374,1.0,0.0
282331686.19563913,0.7344736893747116,282331686.19563913,102068313.80436087,3.2485673035118844e-11,-1.0081091535465263e-19,-0.004530216612409651,-0.00453021661240965,1.0000000000000002,8.673617379884035e-19
282406927.1302261,0.7346694254168212,282406927.1302261,101993072.86977392,3.247809073932192e-11,-1.0073617922656099e-19,-0.004526858138301596,-0.004526858138301596,1.0,0.0
282482168.06481296,0.7348651614589307,282482168.06481296,101917831.93518704,3.247051406624585e-11,-1.0066145623832338e-19,-0.004523500254669134,-0.004523500254669134,1.0,0.0
282557408.9993999,0.7350608975010403,282557408.9993999,101842591.0006001,3.2462943014907665e-11,-1.0058674623830405e-19,-0.004520142954698094,-0.004520142954698093,1.0000000000000002,8.673617379884035e-19
282632649.9339868,0.7352566335431499,282632649.9339868,101767350.06601322,3.245537758433585e-11,-1.0051204907456038e-19,-0.004516786231560515,-0.004516786231560515,1.0,0.0
282707890.8685737,0.7354523695852594,282707890.8685737,101692109.13142627,3.2447817773570315e-11,-1.004373645948408e-19,-0.004513430078414553,-0.004513430078414553,1.0,0.0
282783131.8031606,0.7356481056273689,282783131.8031606,101616868.19683939,3.244026358166244e-11,-1.0036269264658327e-19,-0.004510074488404412,-0.004510074488404412,1.0,0.0
282858372.73774755,0.7358438416694786,282858372.73774755,101541627.26225245,3.243271500767509e-11,-1.0028803307691312e-19,-0.004506719454660246,-0.004506719454660246,1.0,0.0
282933613.6723345,0.7360395777115881,282933613.6723345,101466386.32766551,3.242517205068264e-11,-1.002133857326417e-19,-0.004503364970298102,-0.0045033649702981016,1.0000000000000002,8.673617379884035e-19
283008854.6069214,0.7362353137536977,283008854.6069214,101391145.39307863,3.241763470977103e-11,-1.0013875046026438e-19,-0.004500011028419825,-0.004500011028419825,1.0,0.0
283084095.5415083,0.7364310497958073,283084095.5415083,101315904.45849168,3.241010298403773e-11,-1.0006412710595851e-19,-0.004496657622112969,-0.004496657622112969,1.0,0.0
283159336.4760952,0.7366267858379167,283159336.4760952,101240663.5239048,3.240257687259184e-11,-9.998951551558211e-20,-0.00449330474445074,-0.004493304744450739,1.0000000000000002,8.673617379884035e-19
283234577.41068214,0.7368225218800264,283234577.41068214,101165422.58931786,3.2395056374553994e-11,-9.991491553467136e-20,-0.0044899523884918795,-0.0044899523884918795,1.0,0.0
283309818.3452691,0.737018257922136,283309818.3452691,101090181.65473092,3.238754148905654e-11,-9.984032700843957e-20,-0.004486600547280621,-0.0044866005472806204,1.0000000000000002,8.673617379884035e-19
283385059.27985597,0.7372139939642455,283385059.27985597,101014940.72014403,3.238003221524344e-11,-9.976574978177469e-20,-0.004483249213846577,-0.004483249213846575,1.0000000000000004,1.734723475976807e-18
283460300.2144429,0.7374097300063551,283460300.2144429,100939699.78555709,3.2372528552270353e-11,-9.969118369923761e-20,-0.004479898381204661,-0.004479898381204661,1.0,0.0
283535541.1490298,0.7376054660484646,283535541.1490298,100864458.85097021,3.2365030499304636e-11,-9.961662860506057e-20,-0.004476548042355019,-0.004476548042355018,1.0000000000000002,8.673617379884035e-19
283610782.08361673,0.7378012020905742,283610782.08361673,100789217.91638327,3.235753805552539e-11,-9.954208434314482e-20,-0.004473198190282924,-0.004473198190282924,1.0,0.0
283686023.0182036,0.7379969381326837,283686023.0182036,100713976.98179638,3.235005122012347e-11,-9.946755075705931e-20,-0.004469848817958716,-0.004469848817958715,1.0000000000000002,8.673617379884035e-19
283761263.95279056,0.7381926741747933,283761263.95279056,100638736.04720944,3.23425699923015e-11,-9.939302769003816e-20,-0.004466499918337685,-0.004466499918337684,1.0000000000000002,8.673617379884035e-19
283836504.8873775,0.7383884102169029,283836504.8873775,100563495.1126225,3.233509437127394e-11,-9.931851498497927e-20,-0.004463151484360017,-0.004463151484360016,1.0000000000000002,8.673617379884035e-19
283911745.8219644,0.7385841462590125,283911745.8219644,100488254.17803562,3.232762435626706e-11,-9.924401248444225e-20,-0.004459803508950692,-0.004459803508950692,1.0,0.0
283986986.7565513,0.7387798823011221,283986986.7565513,100413013.24344867,3.232015994651899e-11,-9.916952003064636e-20,-0.004456455985019399,-0.004456455985019399,1.0,0.0
284062227.6911382,0.7389756183432316,284062227.6911382,100337772.30886179,3.231270114127977e-11,-9.909503746546881e-20,-0.004453108905460453,-0.004453108905460453,1.0,0.0
284137468.62572515,0.7391713543853412,284137468.62572515,100262531.37427485,3.230524793981131e-11,-9.902056463044252e-20,-0.004449762263152698,-0.004449762263152698,1.0,0.0
284212709.5603121,0.7393670904274509,284212709.5603121,100187290.43968791,3.229780034138747e-11,-9.894610136675458e-20,-0.00444641605095944,-0.004446416050959438,1.0000000000000004,1.734723475976807e-18
284287950.494899,0.7395628264695603,284287950.494899,100112049.50510103,3.229035834529411e-11,-9.8871647515244e-20,-0.004443070261728337,-0.0044430702617283355,1.0000000000000004,1.734723475976807e-18
284363191.4294859,0.7397585625116699,284363191.4294859,100036808.57051408,3.228292195082902e-11,-9.879720291639963e-20,-0.004439724888291319,-0.004439724888291319,1.0,0.0
284438432.3640728,0.7399542985537794,284438432.3640728,99961567.6359272,3.227549115730206e-11,-9.872276741035871e-20,-0.00443637992346451,-0.004436379923464511,0.9999999999999998,8.673617379884035e-19
284513673.29865974,0.740150034595889,284513673.29865974,99886326.70134026,3.2268065964035076e-11,-9.864834083690428e-20,-0.004433035360048121,-0.00443303536004812,1.0000000000000002,8.673617379884035e-19
284588914.2332467,0.7403457706379987,284588914.2332467,99811085.76675332,3.2260646370362014e-11,-9.857392303546349e-20,-0.004429691190826365,-0.004429691190826365,1.0,0.0
284664155.16783357,0.7405415066801081,284664155.16783357,99735844.83216643,3.225323237562893e-11,-9.84995138451057e-20,-0.00442634740856738,-0.00442634740856738,1.0,0.0
284739396.1024205,0.7407372427222177,284739396.1024205,99660603.89757949,3.224582397919397e-11,-9.842511310454007e-20,-0.00442300400602312,-0.004423004006023119,1.0000000000000002,8.673617379884035e-19
284814637.0370074,0.7409329787643273,284814637.0370074,99585362.96299261,3.223842118042744e-11,-9.835072065211406e-20,-0.00441966097592928,-0.004419660975929279,1.0000000000000002,8.673617379884035e-19
284889877.97159433,0.7411287148064368,284889877.97159433,99510122.02840567,3.223102397871183e-11,-9.827633632581083e-20,-0.004416318311005186,-0.004416318311005186,1.0,0.0
284965118.9061812,0.7413244508485464,284965118.9061812,99434881.09381878,3.2223632373441844e-11,-9.820195996324779e-20,-0.004412976003953729,-0.004412976003953729,1.0,0.0
285040359.84076816,0.741520186890656,285040359.84076816,99359640.15923184,3.221624636402438e-11,-9.81275914016739e-20,-0.0044096340474612415,-0.0044096340474612415,1.0,0.0
285115600.7753551,0.7417159229327656,285115600.7753551,99284399.2246449,3.2208865949878635e-11,-9.805323047796821e-20,-0.004406292434197434,-0.004406292434197433,1.0000000000000002,8.673617379884035e-19
285190841.709942,0.7419116589748751,285190841.709942,99209158.29005802,3.2201491130436066e-11,-9.797887702863742e-20,-0.004402951156815285,-0.004402951156815284,1.0000000000000002,8.673617379884035e-19
285266082.6445289,0.7421073950169847,285266082.6445289,99133917.35547107,3.2194121905140455e-11,-9.79045308898138e-20,-0.004399610207950944,-0.004399610207950944,1.0,0.0
285341323.5791158,0.7423031310590942,285341323.5791158,99058676.42088419,3.218675827344795e-11,-9.783019189725337e-20,-0.004396269580223656,-0.004396269580223656,1.0,0.0
285416564.51370275,0.7424988671012038,285416564.51370275,98983435.48629725,3.2179400234827026e-11,-9.775585988633339e-20,-0.004392929266235643,-0.004392929266235643,1.0,0.0
285491805.4482897,0.7426946031433135,285491805.4482897,98908194.55171031,3.2172047788758586e-11,-9.768153469205058e-20,-0.0043895892585720285,-0.0043895892585720285,1.0,0.0
285567046.3828766,0.7428903391854229,285567046.3828766,98832953.61712343,3.216470093473598e-11,-9.760721614901895e-20,-0.004386249549800736,-0.0043862495498007345,1.0000000000000004,1.734723475976807e-18
285642287.3174635,0.7430860752275326,285642287.3174635,98757712.68253648,3.2157359672264976e-11,-9.753290409146731e-20,-0.00438291013247238,-0.00438291013247238,1.0,0.0
285717528.2520504,0.743281811269642,285717528.2520504,98682471.7479496,3.2150024000863856e-11,-9.745859835323773e-20,-0.004379570999120195,-0.004379570999120195,1.0,0.0
285792769.18663734,0.7434775473117516,285792769.18663734,98607230.81336266,3.21426939200634e-11,-9.738429876778269e-20,-0.004376232142259909,-0.004376232142259908,1.0000000000000002,8.673617379884035e-19
285868010.1212242,0.7436732833538612,285868010.1212242,98531989.87877578,3.213536942940697e-11,-9.731000516816357e-20,-0.004372893554389675,-0.004372893554389674,1.0000000000000002,8.673617379884035e-19
285943251.05581117,0.7438690193959708,285943251.05581117,98456748.94418883,3.2128050528450456e-11,-9.723571738704792e-20,-0.004369555227989947,-0.004369555227989946,1.0000000000000002,8.673617379884035e-19
286018491.9903981,0.7440647554380804,286018491.9903981,98381508.00960189,3.212073721676238e-11,-9.716143525670765e-20,-0.004366217155523401,-0.0043662171555234,1.0000000000000002,8.673617379884035e-19
286093732.924985,0.7442604914801899,286093732.924985,98306267.07501501,3.2113429493923905e-11,-9.708715860901664e-20,-0.004362879329434825,-0.004362879329434825,1.0,0.0
286168973.85957193,0.7444562275222996,286168973.85957193,98231026.14042807,3.210612735952884e-11,-9.701288727544847e-20,-0.004359541742151021,-0.004359541742151021,1.0,0.0
286244214.7941588,0.744651963564409,286244214.7941588,98155785.20584118,3.20988308131837e-11,-9.693862108707454e-20,-0.004356204386080716,-0.004356204386080715,1.0000000000000002,8.673617379884035e-19
286319455.72874576,0.7448476996065186,286319455.72874576,98080544.27125424,3.2091539854507725e-11,-9.686435987456122e-20,-0.004352867253614435,-0.004352867253614434,1.0000000000000002,8.673617379884035e-19
286394696.6633327,0.7450434356486283,286394696.6633327,98005303.3366673,3.2084254483132906e-11,-9.679010346816823e-20,-0.00434953033712443,-0.00434953033712443,1.0,0.0
286469937.5979196,0.7452391716907377,286469937.5979196,97930062.40208042,3.2076974698704036e-11,-9.671585169774609e-20,-0.004346193628964567,-0.004346193628964565,1.0000000000000004,1.734723475976807e-18
286545178.5325065,0.7454349077328474,286545178.5325065,97854821.46749347,3.2069700500878696e-11,-9.664160439273369e-20,-0.004342857121470209,-0.004342857121470209,1.0,0.0
286620419.4670934,0.7456306437749568,286620419.4670934,97779580.53290659,3.2062431889327356e-11,-9.656736138215645e-20,-0.004339520806958144,-0.004339520806958144,1.0,0.0
286695660.40168035,0.7458263798170665,286695660.40168035,97704339.59831965,3.205516886373332e-11,-9.649312249462347e-20,-0.004336184677726448,-0.004336184677726447,1.0000000000000002,8.673617379884035e-19
286770901.33626723,0.746022115859176,286770901.33626723,97629098.66373277,3.2047911423792847e-11,-9.64188875583258e-20,-0.004332848726054411,-0.00433284872605441,1.0000000000000002,8.673617379884035e-19
286846142.2708542,0.7462178519012855,286846142.2708542,97553857.72914582,3.20406595692151e-11,-9.634465640103356e-20,-0.00432951294420241,-0.00432951294420241,1.0,0.0
286921383.2054411,0.7464135879433952,286921383.2054411,97478616.79455888,3.2033413299722256e-11,-9.627042885009409e-20,-0.00432617732441182,-0.004326177324411819,1.0000000000000002,8.673617379884035e-19
286996624.140028,0.7466093239855047,286996624.140028,97403375.859972,3.2026172615049464e-11,-9.61962047324294e-20,-0.004322841858904905,-0.004322841858904905,1.0,0.0
287071865.07461494,0.7468050600276143,287071865.07461494,97328134.92538506,3.201893751494494e-11,-9.612198387453363e-20,-0.0043195065398846984,-0.004319506539884698,1.0000000000000002,8.673617379884035e-19
287147106.0092018,0.7470007960697238,287147106.0092018,97252893.99079818,3.2011707999169936e-11,-9.604776610247112e-20,-0.004316171359534924,-0.004316171359534923,1.0000000000000002,8.673617379884035e-19
287222346.94378877,0.7471965321118335,287222346.94378877,97177653.05621123,3.2004484067498846e-11,-9.597355124187356e-20,-0.004312836310019859,-0.00431283631001986,0.9999999999999998,8.673617379884035e-19
287297587.8783757,0.7473922681539431,287297587.8783757,97102412.12162429,3.199726571971917e-11,-9.589933911793798e-20,-0.004309501383484252,-0.004309501383484252,1.0,0.0
287372828.8129626,0.7475880041960525,287372828.8129626,97027171.18703741,3.1990052955631605e-11,-9.582512955542418e-20,-0.0043061665720531975,-0.0043061665720531975,1.0,0.0
287448069.74754953,0.7477837402381622,287448069.74754953,96951930.25245047,3.198284577505001e-11,-9.575092237865219e-20,-0.0043028318678320346,-0.0043028318678320346,1.0,0.0
287523310.6821364,0.7479794762802716,287523310.6821364,96876689.31786358,3.1975644177801524e-11,-9.56767174115002e-20,-0.004299497262906243,-0.004299497262906243,1.0,0.0
287598551.61672336,0.7481752123223813,287598551.61672336,96801448.38327664,3.196844816372652e-11,-9.560251447740167e-20,-0.0042961627493413165,-0.004296162749341316,1.0000000000000002,8.673617379884035e-19
287673792.55131024,0.7483709483644907,287673792.55131024,96726207.44868976,3.196125773267869e-11,-9.552831339934329e-20,-0.004292828319182675,-0.004292828319182674,1.0000000000000004,1.734723475976807e-18
287749033.4858972,0.7485666844066003,287749033.4858972,96650966.51410282,3.1954072884525065e-11,-9.545411399986219e-20,-0.0042894939644555355,-0.004289493964455535,1.0000000000000002,8.673617379884035e-19
287824274.4204841,0.74876242044871,287824274.4204841,96575725.57951587,3.1946893619146026e-11,-9.537991610104368e-20,-0.004286159677164809,-0.004286159677164808,1.0000000000000002,8.673617379884035e-19
287899515.355071,0.7489581564908194,287899515.355071,96500484.64492899,3.193971993643537e-11,-9.530571952451874e-20,-0.004282825449294992,-0.004282825449294992,1.0,0.0
287974756.28965795,0.7491538925329291,287974756.28965795,96425243.71034205,3.1932551836300336e-11,-9.523152409146131e-20,-0.004279491272810043,-0.0042794912728100435,0.9999999999999998,8.673617379884035e-19
288049997.22424483,0.7493496285750386,288049997.22424483,96350002.77575517,3.192538931866163e-11,-9.515732962258607e-20,-0.00427615713965328,-0.00427615713965328,1.0,0.0
288125238.1588318,0.7495453646171483,288125238.1588318,96274761.84116822,3.1918232383453466e-11,-9.508313593814561e-20,-0.0042728230417472595,-0.004272823041747259,1.0000000000000002,8.673617379884035e-19
288200479.0934187,0.7497411006592578,288200479.0934187,96199520.90658128,3.1911081030623596e-11,-9.500894285792818e-20,-0.004269488970993667,-0.004269488970993667,1.0,0.0
288275720.0280056,0.7499368367013673,288275720.0280056,96124279.9719944,3.190393526013335e-11,-9.493475020125497e-20,-0.004266154919273202,-0.004266154919273202,1.0,0.0
288350960.96259254,0.750132572743477,288350960.96259254,96049039.03740746,3.189679507195768e-11,-9.486055778697743e-20,-0.004262820878445456,-0.004262820878445455,1.0000000000000002,8.673617379884035e-19
288426201.8971794,0.7503283087855864,288426201.8971794,95973798.10282058,3.1889660466085175e-11,-9.478636543347504e-20,-0.004259486840348809,-0.004259486840348809,1.0,0.0
288501442.83176637,0.7505240448276961,288501442.83176637,95898557.16823363,3.18825314425181e-11,-9.471217295865222e-20,-0.004256152796800293,-0.0042561527968002924,1.0000000000000002,8.673617379884035e-19
288576683.76635325,0.7507197808698055,288576683.76635325,95823316.23364675,3.1875408001272465e-11,-9.46379801799363e-20,-0.004252818739595503,-0.004252818739595502,1.0000000000000002,8.673617379884035e-19
288651924.7009402,0.7509155169119152,288651924.7009402,95748075.29905981,3.1868290142377995e-11,-9.456378691427428e-20,-0.004249484660508446,-0.004249484660508445,1.0000000000000002,8.673617379884035e-19
288727165.63552713,0.7511112529540248,288727165.63552713,95672834.36447287,3.1861177865878255e-11,-9.448959297813069e-20,-0.00424615055129145,-0.004246150551291449,1.0000000000000002,8.673617379884035e-19
288802406.570114,0.7513069889961342,288802406.570114,95597593.42988598,3.1854071171830606e-11,-9.441539818748482e-20,-0.004242816403675036,-0.004242816403675036,1.0,0.0
288877647.50470096,0.7515027250382439,288877647.50470096,95522352.49529904,3.1846970060306275e-11,-9.434120235782775e-20,-0.004239482209367788,-0.004239482209367787,1.0000000000000002,8.673617379884035e-19
288952888.43928784,0.7516984610803534,288952888.43928784,95447111.56071216,3.183987453139039e-11,-9.42670053041601e-20,-0.004236147960056247,-0.004236147960056247,1.0,0.0
289028129.3738748,0.751894197122463,289028129.3738748,95371870.62612522,3.1832784585182035e-11,-9.419280684098902e-20,-0.004232813647404781,-0.00423281364740478,1.0000000000000002,8.673617379884035e-19
289103370.3084617,0.7520899331645726,289103370.3084617,95296629.69153827,3.182570022179424e-11,-9.411860678232564e-20,-0.004229479263055467,-0.004229479263055466,1.0000000000000002,8.673617379884035e-19
289178611.2430486,0.7522856692066822,289178611.2430486,95221388.75695139,3.181862144135408e-11,-9.404440494168243e-20,-0.004226144798627972,-0.004226144798627971,1.0000000000000002,8.673617379884035e-19
289253852.17763555,0.7524814052487917,289253852.17763555,95146147.82236445,3.1811548244002654e-11,-9.397020113207008e-20,-0.0042228102457194175,-0.0042228102457194175,1.0,0.0
289329093.11222243,0.7526771412909012,289329093.11222243,95070906.88777757,3.180448062989518e-11,-9.389599516599532e-20,-0.004219475595904274,-0.004219475595904274,1.0,0.0
289404334.0468094,0.7528728773330109,289404334.0468094,94995665.95319062,3.179741859920094e-11,-9.382178685545759e-20,-0.004216140840734219,-0.0042161408407342185,1.0000000000000002,8.673617379884035e-19
289479574.98139626,0.7530686133751203,289479574.98139626,94920425.01860374,3.179036215210347e-11,-9.374757601194671e-20,-0.004212805971738028,-0.004212805971738028,1.0,0.0
289554815.9159832,0.75326434941723,289554815.9159832,94845184.0840168,3.1783311288800415e-11,-9.367336244643968e-20,-0.00420947098042143,-0.004209470980421429,1.0000000000000002,8.673617379884035e-19
289630056.85057014,0.7534600854593396,289630056.85057014,94769943.14942986,3.177626600950374e-11,-9.359914596939826e-20,-0.004206135858267001,-0.0042061358582670015,0.9999999999999998,8.673617379884035e-19
289705297.785157,0.753655821501449,289705297.785157,94694702.21484298,3.176922631443965e-11,-9.352492639076602e-20,-0.004202800596734031,-0.004202800596734031,1.0,0.0
289780538.71974397,0.7538515575435587,289780538.71974397,94619461.28025603,3.1762192203848685e-11,-9.345070351996517e-20,-0.004199465187258382,-0.004199465187258382,1.0,0.0
289855779.65433085,0.7540472935856681,289855779.65433085,94544220.34566915,3.1755163677985724e-11,-9.337647716589432e-20,-0.004196129621252385,-0.0041961296212523844,1.0000000000000002,8.673617379884035e-19
289931020.5889178,0.7542430296277778,289931020.5889178,94468979.41108221,3.174814073712006e-11,-9.330224713692492e-20,-0.004192793890104685,-0.004192793890104684,1.0000000000000002,8.673617379884035e-19
290006261.52350473,0.7544387656698874,290006261.52350473,94393738.47649527,3.174112338153542e-11,-9.3228013240899e-20,-0.004189457985180129,-0.004189457985180129,1.0,0.0
290081502.4580916,0.754634501711997,290081502.4580916,94318497.54190838,3.1734111611530024e-11,-9.315377528512595e-20,-0.004186121897819636,-0.004186121897819636,1.0,0.0
290156743.39267856,0.7548302377541065,290156743.39267856,94243256.60732144,3.1727105427416584e-11,-9.307953307637953e-20,-0.00418278561934005,-0.00418278561934005,1.0,0.0
290231984.32726544,0.755025973796216,290231984.32726544,94168015.67273456,3.172010482952239e-11,-9.300528642089515e-20,-0.0041794491410340265,-0.0041794491410340265,1.0,0.0
290307225.2618524,0.7552217098383257,290307225.2618524,94092774.73814762,3.171310981818932e-11,-9.293103512436676e-20,-0.004176112454169886,-0.004176112454169885,1.0000000000000002,8.673617379884035e-19
290382466.19643927,0.7554174458804351,290382466.19643927,94017533.80356073,3.1706120393773904e-11,-9.285677899194405e-20,-0.0041727755499914925,-0.004172775549991491,1.0000000000000004,1.734723475976807e-18
290457707.1310262,0.7556131819225448,290457707.1310262,93942292.86897379,3.169913655664734e-11,-9.278251782822923e-20,-0.004169438419718106,-0.004169438419718105,1.0000000000000002,8.673617379884035e-19
290532948.06561315,0.7558089179646544,290532948.06561315,93867051.93438685,3.169215830719555e-11,-9.270825143727426e-20,-0.0041661010545442625,-0.0041661010545442625,1.0,0.0
290608189.00020003,0.7560046540067639,290608189.00020003,93791810.99979997,3.168518564581925e-11,-9.26339796225779e-20,-0.004162763445639635,-0.004162763445639635,1.0,0.0
290683429.934787,0.7562003900488735,290683429.934787,93716570.06521302,3.1678218572933914e-11,-9.25597021870822e-20,-0.004159425584148883,-0.0041594255841488825,1.0000000000000002,8.673617379884035e-19
290758670.86937386,0.756396126090983,290758670.86937386,93641329.13062614,3.1671257088969887e-11,-9.248541893317012e-20,-0.004156087461191538,-0.004156087461191537,1.0000000000000002,8.673617379884035e-19
290833911.8039608,0.7565918621330926,290833911.8039608,93566088.1960392,3.166430119437242e-11,-9.241112966266186e-20,-0.0041527490678618445,-0.004152749067861844,1.0000000000000002,8.673617379884035e-19
290909152.73854774,0.7567875981752022,290909152.73854774,93490847.26145226,3.1657350889601664e-11,-9.233683417681228e-20,-0.004149410395228641,-0.004149410395228639,1.0000000000000004,1.734723475976807e-18
290984393.6731346,0.7569833342173117,290984393.6731346,93415606.32686538,3.1650406175132777e-11,-9.226253227630753e-20,-0.004146071434335209,-0.004146071434335208,1.0000000000000002,8.673617379884035e-19
291059634.60772157,0.7571790702594213,291059634.60772157,93340365.39227843,3.164346705145591e-11,-9.218822376126186e-20,-0.004142732176199131,-0.004142732176199131,1.0,0.0
291134875.54230845,0.7573748063015309,291134875.54230845,93265124.45769155,3.163653351907629e-11,-9.211390843121485e-20,-0.004139392611812167,-0.004139392611812167,1.0,0.0
291210116.4768954,0.7575705423436404,291210116.4768954,93189883.52310461,3.162960557851424e-11,-9.203958608512779e-20,-0.004136052732140087,-0.004136052732140086,1.0000000000000002,8.673617379884035e-19
291285357.4114823,0.75776627838575,291285357.4114823,93114642.58851773,3.1622683230305236e-11,-9.196525652138102e-20,-0.004132712528122554,-0.0041327125281225546,0.9999999999999998,8.673617379884035e-19
291360598.3460692,0.7579620144278596,291360598.3460692,93039401.65393078,3.1615766474999945e-11,-9.189091953777026e-20,-0.004129371990672962,-0.004129371990672961,1.0000000000000002,8.673617379884035e-19
291435839.28065616,0.7581577504699692,291435839.28065616,92964160.71934384,3.1608855313164266e-11,-9.181657493150383e-20,-0.004126031110678306,-0.004126031110678306,1.0,0.0
291511080.21524304,0.7583534865120787,291511080.21524304,92888919.78475696,3.160194974537939e-11,-9.174222249919921e-20,-0.004122689878999034,-0.004122689878999034,1.0,0.0
291586321.14983,0.7585492225541883,291586321.14983,92813678.85017002,3.1595049772241814e-11,-9.166786203687976e-20,-0.00411934828646889,-0.00411934828646889,1.0,0.0
291661562.08441687,0.7587449585962978,291661562.08441687,92738437.91558313,3.158815539436344e-11,-9.159349333997172e-20,-0.00411600632389479,-0.00411600632389479,1.0,0.0
291736803.0190038,0.7589406946384074,291736803.0190038,92663196.98099619,3.158126661237153e-11,-9.151911620330058e-20,-0.0041126639820566495,-0.004112663982056649,1.0000000000000002,8.673617379884035e-19
291812043.95359075,0.7591364306805171,291812043.95359075,92587956.04640925,3.1574383426908855e-11,-9.144473042108817e-20,-0.00410932125170726,-0.00410932125170726,1.0,0.0
291887284.88817763,0.7593321667226265,291887284.88817763,92512715.11182237,3.156750583863367e-11,-9.137033578694922e-20,-0.004105978123572129,-0.00410597812357213,0.9999999999999998,8.673617379884035e-19
291962525.8227646,0.7595279027647361,291962525.8227646,92437474.17723542,3.156063384821979e-11,-9.129593209388777e-20,-0.004102634588349323,-0.004102634588349323,1.0,0.0
292037766.75735146,0.7597236388068456,292037766.75735146,92362233.24264854,3.155376745635663e-11,-9.122151913429433e-20,-0.0040992906367093365,-0.0040992906367093365,1.0,0.0
292113007.6919384,0.7599193748489552,292113007.6919384,92286992.3080616,3.154690666374922e-11,-9.114709669994199e-20,-0.004095946259294918,-0.004095946259294918,1.0,0.0
292188248.6265253,0.7601151108910648,292188248.6265253,92211751.37347472,3.154005147111832e-11,-9.107266458198354e-20,-0.004092601446720943,-0.004092601446720943,1.0,0.0
292263489.5611122,0.7603108469331744,292263489.5611122,92136510.43888777,3.1533201879200405e-11,-9.099822257094769e-20,-0.00408925618957424,-0.004089256189574241,0.9999999999999998,8.673617379884035e-19
292338730.49569917,0.760506582975284,292338730.49569917,92061269.50430083,3.1526357888747734e-11,-9.092377045673588e-20,-0.004085910478413452,-0.004085910478413452,1.0,0.0
292413971.43028605,0.7607023190173935,292413971.43028605,91986028.56971395,3.1519519500528415e-11,-9.084930802861878e-20,-0.004082564303768873,-0.004082564303768873,1.0,0.0
292489212.364873,0.7608980550595031,292489212.364873,91910787.63512701,3.1512686715326416e-11,-9.07748350752327e-20,-0.0040792176561422954,-0.004079217656142295,1.0000000000000002,8.673617379884035e-19
292564453.2994599,0.7610937911016126,292564453.2994599,91835546.70054013,3.1505859533941644e-11,-9.070035138457642e-20,-0.004075870526006857,-0.004075870526006857,1.0,0.0
292639694.2340468,0.7612895271437222,292639694.2340468,91760305.76595318,3.149903795718997e-11,-9.062585674400736e-20,-0.004072522903806879,-0.004072522903806878,1.0000000000000002,8.673617379884035e-19
292714935.16863376,0.7614852631858319,292714935.16863376,91685064.83136624,3.14922219859033e-11,-9.055135094023832e-20,-0.00406917477995771,-0.00406917477995771,1.0,0.0
292790176.10322064,0.7616809992279413,292790176.10322064,91609823.89677936,3.148541162092961e-11,-9.047683375933396e-20,-0.004065826144845576,-0.004065826144845576,1.0,0.0
292865417.0378076,0.761876735270051,292865417.0378076,91534582.96219242,3.147860686313299e-11,-9.040230498670693e-20,-0.004062476988827404,-0.004062476988827403,1.0000000000000002,8.673617379884035e-19
292940657.97239447,0.7620724713121604,292940657.97239447,91459342.02760553,3.147180771339371e-11,-9.032776440711471e-20,-0.004059127302230677,-0.004059127302230676,1.0000000000000002,8.673617379884035e-19
293015898.9069814,0.76226820735427,293015898.9069814,91384101.09301859,3.1465014172608243e-11,-9.025321180465568e-20,-0.004055777075353258,-0.004055777075353258,1.0,0.0
293091139.8415683,0.7624639433963796,293091139.8415683,91308860.15843171,3.145822624168938e-11,-9.017864696276585e-20,-0.004052426298463249,-0.004052426298463249,1.0,0.0
293166380.77615523,0.7626596794384891,293166380.77615523,91233619.22384477,3.1451443921566145e-11,-9.010406966421481e-20,-0.004049074961798803,-0.004049074961798802,1.0000000000000002,8.673617379884035e-19
293241621.7107422,0.7628554154805988,293241621.7107422,91158378.28925782,3.144466721318401e-11,-9.002947969110249e-20,-0.004045723055567975,-0.004045723055567975,1.0,0.0
293316862.64532906,0.7630511515227083,293316862.64532906,91083137.35467094,3.143789611750484e-11,-8.995487682485532e-20,-0.004042370569948562,-0.004042370569948562,1.0,0.0
293392103.579916,0.7632468875648178,293392103.579916,91007896.420084,3.143113063550696e-11,-8.988026084622236e-20,-0.004039017495087918,-0.004039017495087918,1.0,0.0
293467344.5145029,0.7634426236069274,293467344.5145029,90932655.48549712,3.1424370768185253e-11,-8.980563153527197e-20,-0.0040356638211028065,-0.004035663821102807,0.9999999999999998,8.673617379884035e-19
293542585.4490898,0.763638359649037,293542585.4490898,90857414.55091017,3.141761651655111e-11,-8.973098867138763e-20,-0.004032309538079217,-0.004032309538079217,1.0,0.0
293617826.38367677,0.7638340956911467,293617826.38367677,90782173.61632323,3.141086788163262e-11,-8.965633203326461e-20,-0.00402895463607221,-0.00402895463607221,1.0,0.0
293693067.31826365,0.7640298317332561,293693067.31826365,90706932.68173635,3.140412486447451e-11,-8.958166139890599e-20,-0.004025599105105741,-0.004025599105105741,1.0,0.0
293768308.2528506,0.7642255677753658,293768308.2528506,90631691.74714941,3.139738746613823e-11,-8.95069765456187e-20,-0.004022242935172484,-0.004022242935172483,1.0000000000000002,8.673617379884035e-19
293843549.1874375,0.7644213038174752,293843549.1874375,90556450.81256253,3.139065568770204e-11,-8.943227725001014e-20,-0.004018886116233675,-0.004018886116233673,1.0000000000000004,1.734723475976807e-18
293918790.1220244,0.7646170398595848,293918790.1220244,90481209.87797558,3.1383929530261016e-11,-8.93575632879838e-20,-0.004015528638218919,-0.004015528638218918,1.0000000000000002,8.673617379884035e-19
293994031.0566113,0.7648127759016943,293994031.0566113,90405968.9433887,3.1377208994927125e-11,-8.928283443473592e-20,-0.004012170491026039,-0.004012170491026039,1.0,0.0
294069271.99119824,0.7650085119438039,294069271.99119824,90330728.00880176,3.137049408282927e-11,-8.920809046475118e-20,-0.004008811664520882,-0.004008811664520882,1.0,0.0
294144512.9257852,0.7652042479859136,294144512.9257852,90255487.07421482,3.136378479511336e-11,-8.913333115179906e-20,-0.004005452148537156,-0.004005452148537155,1.0000000000000002,8.673617379884035e-19
294219753.86037207,0.7653999840280231,294219753.86037207,90180246.13962793,3.135708113294236e-11,-8.905855626892993e-20,-0.004002091932876252,-0.004002091932876252,1.0,0.0
294294994.794959,0.7655957200701327,294294994.794959,90105005.20504099,3.13503830974963e-11,-8.898376558847076e-20,-0.003998731007307056,-0.003998731007307056,1.0,0.0
294370235.7295459,0.7657914561122422,294370235.7295459,90029764.27045411,3.134369068997241e-11,-8.890895888202166e-20,-0.003995369361565787,-0.003995369361565786,1.0000000000000002,8.673617379884035e-19
294445476.66413283,0.7659871921543518,294445476.66413283,89954523.33586717,3.1337003911585115e-11,-8.883413592045128e-20,-0.003992006985355797,-0.003992006985355797,1.0,0.0
294520717.5987198,0.7661829281964614,294520717.5987198,89879282.40128022,3.133032276356611e-11,-8.875929647389345e-20,-0.003988643868347415,-0.003988643868347415,1.0,0.0
294595958.53330666,0.7663786642385709,294595958.53330666,89804041.46669334,3.1323647247164404e-11,-8.86844403117427e-20,-0.0039852800001777475,-0.003985280000177747,1.0000000000000002,8.673617379884035e-19
294671199.4678936,0.7665744002806806,294671199.4678936,89728800.5321064,3.1316977363646396e-11,-8.860956720265016e-20,-0.003981915370450495,-0.003981915370450494,1.0000000000000002,8.673617379884035e-19
294746440.4024805,0.76677013632279,294746440.4024805,89653559.59751952,3.131031311429592e-11,-8.853467691451986e-20,-0.003978549968735785,-0.003978549968735785,1.0,0.0
294821681.3370674,0.7669658723648997,294821681.3370674,89578318.66293257,3.1303654500414286e-11,-8.845976921450416e-20,-0.0039751837845699665,-0.003975183784569965,1.0000000000000004,1.734723475976807e-18
294896922.2716543,0.7671616084070091,294896922.2716543,89503077.72834569,3.129700152332039e-11,-8.838484386899999e-20,-0.003971816807455441,-0.00397181680745544,1.0000000000000002,8.673617379884035e-19
294972163.20624125,0.7673573444491187,294972163.20624125,89427836.79375875,3.129035418435068e-11,-8.830990064364445e-20,-0.003968449026860463,-0.003968449026860464,0.9999999999999998,8.673617379884035e-19
295047404.1408282,0.7675530804912284,295047404.1408282,89352595.85917181,3.12837124848593e-11,-8.823493930331075e-20,-0.003965080432218966,-0.003965080432218966,1.0,0.0
295122645.0754151,0.7677488165333378,295122645.0754151,89277354.92458493,3.1277076426218116e-11,-8.815995961210405e-20,-0.00396171101293036,-0.00396171101293036,1.0,0.0
295197886.010002,0.7679445525754475,295197886.010002,89202113.98999798,3.1270446009816764e-11,-8.808496133335689e-20,-0.003958340758359342,-0.003958340758359342,1.0,0.0
295273126.9445889,0.768140288617557,295273126.9445889,89126873.0554111,3.126382123706271e-11,-8.800994422962554e-20,-0.0039549696578357225,-0.0039549696578357225,1.0,0.0
295348367.87917584,0.7683360246596665,295348367.87917584,89051632.12082416,3.1257202109381315e-11,-8.793490806268501e-20,-0.003951597700654204,-0.003951597700654205,0.9999999999999998,8.673617379884035e-19
295423608.8137628,0.7685317607017762,295423608.8137628,88976391.18623722,3.1250588628215905e-11,-8.785985259352543e-20,-0.003948224876074219,-0.003948224876074219,1.0,0.0
295498849.74834967,0.7687274967438857,295498849.74834967,88901150.25165033,3.124398079502783e-11,-8.778477758234726e-20,-0.003944851173319715,-0.003944851173319715,1.0,0.0
295574090.6829366,0.7689232327859954,295574090.6829366,88825909.31706339,3.123737861129646e-11,-8.770968278855698e-20,-0.003941476581578955,-0.0039414765815789544,1.0000000000000002,8.673617379884035e-19
295649331.6175235,0.7691189688281048,295649331.6175235,88750668.38247651,3.123078207851937e-11,-8.763456797076299e-20,-0.0039381010900043445,-0.003938101090004344,1.0000000000000002,8.673617379884035e-19
295724572.55211043,0.7693147048702145,295724572.55211043,88675427.44788957,3.122419119821226e-11,-8.755943288677084e-20,-0.0039347246877122054,-0.0039347246877122054,1.0,0.0
295799813.4866973,0.7695104409123239,295799813.4866973,88600186.51330268,3.1217605971909144e-11,-8.748427729357922e-20,-0.003931347363782606,-0.003931347363782605,1.0000000000000002,8.673617379884035e-19
295875054.42128426,0.7697061769544336,295875054.42128426,88524945.57871574,3.121102640116229e-11,-8.740910094737495e-20,-0.003927969107259125,-0.003927969107259125,1.0,0.0
295950295.3558712,0.7699019129965432,295950295.3558712,88449704.6441288,3.12044524875424e-11,-8.733390360352904e-20,-0.003924589907148687,-0.003924589907148687,1.0,0.0
296025536.2904581,0.7700976490386526,296025536.2904581,88374463.70954192,3.1197884232638575e-11,-8.725868501659201e-20,-0.0039212097524213415,-0.003921209752421341,1.0000000000000002,8.673617379884035e-19
296100777.225045,0.7702933850807623,296100777.225045,88299222.77495497,3.119132163805841e-11,-8.718344494028899e-20,-0.003917828632010047,-0.003917828632010046,1.0000000000000002,8.673617379884035e-19
296176018.1596319,0.7704891211228718,296176018.1596319,88223981.84036809,3.1184764705428105e-11,-8.710818312751581e-20,-0.003914446534810496,-0.003914446534810496,1.0,0.0
296251259.09421885,0.7706848571649814,296251259.09421885,88148740.90578115,3.1178213436392424e-11,-8.703289933033381e-20,-0.00391106344968088,-0.00391106344968088,1.0,0.0
296326500.0288058,0.770880593207091,296326500.0288058,88073499.97119421,3.1171667832614866e-11,-8.695759329996564e-20,-0.003907679365441705,-0.003907679365441705,1.0,0.0
296401740.9633927,0.7710763292492006,296401740.9633927,87998259.03660733,3.116512789577766e-11,-8.688226478679049e-20,-0.00390429427087557,-0.0039042942708755702,0.9999999999999999,4.336808689942018e-19
296476981.8979796,0.7712720652913101,296476981.8979796,87923018.10202038,3.115859362758185e-11,-8.680691354033921e-20,-0.003900908154726952,-0.003900908154726952,1.0,0.0
296552222.8325665,0.7714678013334196,296552222.8325665,87847777.1674335,3.115206502974736e-11,-8.673153930929005e-20,-0.003897521005702015,-0.003897521005702014,1.0000000000000002,8.673617379884035e-19
296627463.76715344,0.7716635373755293,296627463.76715344,87772536.23284656,3.114554210401305e-11,-8.665614184146336e-20,-0.003894132812468371,-0.003894132812468371,1.0,0.0
296702704.7017403,0.7718592734176387,296702704.7017403,87697295.29825968,3.1139024852136794e-11,-8.658072088381755e-20,-0.0038907435636548983,-0.003890743563654898,1.0000000000000002,4.336808689942018e-19
296777945.63632727,0.7720550094597484,296777945.63632727,87622054.36367273,3.113251327589553e-11,-8.650527618244359e-20,-0.003887353247851493,-0.0038873532478514924,1.0000000000000002,4.336808689942018e-19
296853186.5709142,0.772250745501858,296853186.5709142,87546813.42908579,3.1126007377085355e-11,-8.642980748256071e-20,-0.0038839618536088793,-0.0038839618536088798,0.9999999999999999,4.336808689942018e-19
296928427.5055011,0.7724464815439674,296928427.5055011,87471572.49449891,3.111950715752153e-11,-8.635431452851145e-20,-0.003880569369438384,-0.0038805693694383835,1.0000000000000002,4.336808689942018e-19
297003668.44008803,0.7726422175860771,297003668.44008803,87396331.55991197,3.111301261903861e-11,-8.62787970637565e-20,-0.0038771757838117044,-0.003877175783811705,0.9999999999999999,4.336808689942018e-19
297078909.3746749,0.7728379536281865,297078909.3746749,87321090.62532508,3.1106523763490496e-11,-8.620325483087029e-20,-0.003873781085160713,-0.0038737810851607133,0.9999999999999999,4.336808689942018e-19
297154150.30926186,0.7730336896702962,297154150.30926186,87245849.69073814,3.1100040592750465e-11,-8.612768757153564e-20,-0.003870385261877215,-0.0038703852618772144,1.0000000000000002,4.336808689942018e-19
297229391.2438488,0.7732294257124058,297229391.2438488,87170608.7561512,3.109356310871128e-11,-8.605209502653909e-20,-0.0038669883023127374,-0.0038669883023127374,1.0,0.0
297304632.1784357,0.7734251617545153,297304632.1784357,87095367.82156432,3.1087091313285235e-11,-8.597647693576583e-20,-0.0038635901947783047,-0.003863590194778304,1.0000000000000002,8.673617379884035e-19
297379873.1130226,0.7736208977966249,297379873.1130226,87020126.88697737,3.108062520840425e-11,-8.590083303819457e-20,-0.003860190927544204,-0.003860190927544203,1.0000000000000004,1.3010426069826053e-18
297455114.0476095,0.7738166338387344,297455114.0476095,86944885.95239049,3.1074164796019874e-11,-8.58251630718927e-20,-0.0038567904888397717,-0.0038567904888397717,1.0,0.0
297530354.98219645,0.7740123698808441,297530354.98219645,86869645.01780355,3.1067710078103445e-11,-8.574946677401106e-20,-0.0038533888668531554,-0.0038533888668531554,1.0,0.0
297605595.91678333,0.7742081059229535,297605595.91678333,86794404.08321667,3.106126105664608e-11,-8.567374388077906e-20,-0.0038499860497310957,-0.003849986049731095,1.0000000000000002,8.673617379884035e-19
297680836.8513703,0.7744038419650632,297680836.8513703,86719163.14862972,3.10548177336588e-11,-8.559799412749913e-20,-0.0038465820255786775,-0.0038465820255786766,1.0000000000000002,8.673617379884035e-19
297756077.7859572,0.7745995780071728,297756077.7859572,86643922.21404278,3.1048380111172564e-11,-8.552221724854204e-20,-0.0038431767824591173,-0.0038431767824591164,1.0000000000000002,8.673617379884035e-19
297831318.7205441,0.7747953140492823,297831318.7205441,86568681.2794559,3.104194819123835e-11,-8.544641297734147e-20,-0.003839770308393523,-0.0038397703083935227,1.0000000000000002,4.336808689942018e-19
297906559.65513104,0.7749910500913919,297906559.65513104,86493440.34486896,3.103552197592725e-11,-8.537058104638866e-20,-0.003836362591360651,-0.00383636259136065,1.0000000000000002,8.673617379884035e-19
297981800.5897179,0.7751867861335013,297981800.5897179,86418199.41028208,3.1029101467330486e-11,-8.529472118722749e-20,-0.0038329536192966834,-0.003832953619296684,0.9999999999999999,4.336808689942018e-19
298057041.52430487,0.775382522175611,298057041.52430487,86342958.47569513,3.102268666755954e-11,-8.521883313044887e-20,-0.0038295433800949806,-0.00382954338009498,1.0000000000000002,4.336808689942018e-19
298132282.4588918,0.7755782582177206,298132282.4588918,86267717.54110819,3.1016277578746185e-11,-8.514291660568561e-20,-0.003826131861605846,-0.0038261318616058457,1.0000000000000002,4.336808689942018e-19
298207523.3934787,0.7757739942598301,298207523.3934787,86192476.60652131,3.100987420304259e-11,-8.506697134160707e-20,-0.0038227190516362903,-0.0038227190516362903,1.0,0.0
298282764.32806563,0.7759697303019397,298282764.32806563,86117235.67193437,3.1003476542621357e-11,-8.499099706591361e-20,-0.0038193049379497764,-0.003819304937949776,1.0000000000000002,4.336808689942018e-19
298358005.2626525,0.7761654663440493,298358005.2626525,86041994.73734748,3.099708459967564e-11,-8.491499350533144e-20,-0.0038158895082659934,-0.0038158895082659942,0.9999999999999998,8.673617379884035e-19
298433246.19723946,0.7763612023861588,298433246.19723946,85966753.80276054,3.0990698376419146e-11,-8.483896038560685e-20,-0.0038124727502605936,-0.0038124727502605936,1.0,0.0
298508487.13182634,0.7765569384282683,298508487.13182634,85891512.86817366,3.09843178750863e-11,-8.47628974315011e-20,-0.0038090546515649657,-0.003809054651564966,0.9999999999999999,4.336808689942018e-19
298583728.0664133,0.776752674470378,298583728.0664133,85816271.93358672,3.097794309793225e-11,-8.468680436678454e-20,-0.003805635199765967,-0.0038056351997659667,1.0000000000000002,4.336808689942018e-19
298658969.0010002,0.7769484105124875,298658969.0010002,85741030.99899977,3.097157404723296e-11,-8.461068091423132e-20,-0.003802214382405691,-0.0038022143824056904,1.0000000000000002,4.336808689942018e-19
298734209.9355871,0.7771441465545971,298734209.9355871,85665790.06441289,3.0965210725285323e-11,-8.453452679561383e-20,-0.00379879218698121,-0.0037987921869812096,1.0000000000000002,4.336808689942018e-19
298809450.87017405,0.7773398825967067,298809450.87017405,85590549.12982595,3.095885313440715e-11,-8.445834173169668e-20,-0.0037953686009443138,-0.003795368600944313,1.0000000000000002,8.673617379884035e-19
298884691.80476093,0.7775356186388162,298884691.80476093,85515308.19523907,3.095250127693736e-11,-8.438212544223177e-20,-0.003791943611701279,-0.0037919436117012793,0.9999999999999999,4.336808689942018e-19
298959932.7393479,0.7777313546809258,298959932.7393479,85440067.26065212,3.094615515523594e-11,-8.43058776459518e-20,-0.003788517206612584,-0.0037885172066125846,0.9999999999999999,4.336808689942018e-19
299035173.6739348,0.7779270907230355,299035173.6739348,85364826.32606518,3.093981477168413e-11,-8.422959806056524e-20,-0.003785089372992681,-0.0037850893729926807,1.0000000000000002,4.336808689942018e-19
299110414.6085217,0.7781228267651449,299110414.6085217,85289585.3914783,3.093348012868442e-11,-8.415328640275018e-20,-0.003781660098109717,-0.003781660098109717,1.0,0.0
299185655.54310864,0.7783185628072545,299185655.54310864,85214344.45689136,3.092715122866064e-11,-8.407694238814859e-20,-0.00377822936918528,-0.0037782293691852797,1.0000000000000002,4.336808689942018e-19
299260896.4776955,0.778514298849364,299260896.4776955,85139103.52230448,3.09208280740581e-11,-8.40005657313607e-20,-0.003774797173394144,-0.0037747971733941435,1.0000000000000002,4.336808689942018e-19
299336137.41228247,0.7787100348914736,299336137.41228247,85063862.58771753,3.091451066734359e-11,-8.392415614593881e-20,-0.003771363497863991,-0.0037713634978639916,0.9999999999999999,4.336808689942018e-19
299411378.3468694,0.7789057709335833,299411378.3468694,84988621.65313059,3.090819901100549e-11,-8.384771334438183e-20,-0.0037679283296751668,-0.0037679283296751663,1.0000000000000002,4.336808689942018e-19
299486619.2814563,0.7791015069756927,299486619.2814563,84913380.71854371,3.090189310755388e-11,-8.377123703812898e-20,-0.0037644916558603964,-0.003764491655860396,1.0000000000000002,4.336808689942018e-19
299561860.21604323,0.7792972430178023,299561860.21604323,84838139.78395677,3.089559295952056e-11,-8.369472693755391e-20,-0.0037610534634045204,-0.00376105346340452,1.0000000000000002,4.336808689942018e-19
299637101.1506301,0.7794929790599119,299637101.1506301,84762898.84936988,3.088929856945919e-11,-8.361818275195891e-20,-0.0037576137392442356,-0.003757613739244235,1.0000000000000002,4.336808689942018e-19
299712342.08521706,0.7796887151020215,299712342.08521706,84687657.91478294,3.088300993994531e-11,-8.354160418956848e-20,-0.003754172470267805,-0.0037541724702678044,1.0000000000000002,4.336808689942018e-19
299787583.01980394,0.779884451144131,299787583.01980394,84612416.98019606,3.0876727073576486e-11,-8.346499095752379e-20,-0.003750729643314808,-0.003750729643314807,1.0000000000000002,8.673617379884035e-19
299862823.9543909,0.7800801871862406,299862823.9543909,84537176.04560912,3.087044997297234e-11,-8.338834276187595e-20,-0.0037472852451758414,-0.0037472852451758414,1.0,0.0
299938064.8889778,0.7802759232283503,299938064.8889778,84461935.11102217,3.0864178640774665e-11,-8.331165930758039e-20,-0.0037438392625922636,-0.0037438392625922627,1.0000000000000002,8.673617379884035e-19
300013305.8235647,0.7804716592704597,300013305.8235647,84386694.17643529,3.0857913079647484e-11,-8.32349402984904e-20,-0.003740391682255904,-0.003740391682255904,1.0,0.0
300088546.75815165,0.7806673953125693,300088546.75815165,84311453.24184835,3.0851653292277154e-11,-8.31581854373509e-20,-0.003736942490808787,-0.0037369424908087864,1.0000000000000002,4.336808689942018e-19
300163787.69273853,0.7808631313546788,300163787.69273853,84236212.30726147,3.0845399281372434e-11,-8.308139442579236e-20,-0.003733491674842853,-0.003733491674842853,1.0,0.0
300239028.6273255,0.7810588673967884,300239028.6273255,84160971.37267452,3.0839151049664565e-11,-8.30045669643242e-20,-0.0037300392208996667,-0.0037300392208996667,1.0,0.0
300314269.5619124,0.7812546034388981,300314269.5619124,84085730.43808758,3.0832908599907385e-11,-8.292770275232876e-20,-0.003726585115470146,-0.0037265851154701457,1.0000000000000002,4.336808689942018e-19
300389510.4964993,0.7814503394810075,300389510.4964993,84010489.5035007,3.082667193487739e-11,-8.285080148805482e-20,-0.0037231293449942653,-0.0037231293449942653,1.0,0.0
300464751.43108624,0.7816460755231172,300464751.43108624,83935248.56891376,3.0820441057373796e-11,-8.277386286861095e-20,-0.003719671895860763,-0.003719671895860763,1.0,0.0
300539992.3656731,0.7818418115652267,300539992.3656731,83860007.63432688,3.0814215970218686e-11,-8.269688658995946e-20,-0.0037162127544068677,-0.003716212754406867,1.0000000000000002,8.673617379884035e-19
300615233.30026007,0.7820375476073362,300615233.30026007,83784766.69973993,3.080799667625704e-11,-8.261987234690945e-20,-0.0037127519069179832,-0.003712751906917983,1.0000000000000002,4.336808689942018e-19
300690474.23484695,0.7822332836494458,300690474.23484695,83709525.76515305,3.080178317835686e-11,-8.254281983311077e-20,-0.00370928933962742,-0.00370928933962742,1.0,0.0
300765715.1694339,0.7824290196915554,300765715.1694339,83634284.83056611,3.079557547940923e-11,-8.246572874104691e-20,-0.0037058250387160766,-0.003705825038716076,1.0000000000000002,4.336808689942018e-19
300840956.10402083,0.782624755733665,300840956.10402083,83559043.89597917,3.0789373582328415e-11,-8.23885987620288e-20,-0.003702358990312157,-0.0037023589903121563,1.0000000000000002,8.673617379884035e-19
300916197.0386077,0.7828204917757745,300916197.0386077,83483802.96139228,3.0783177490051975e-11,-8.231142958618798e-20,-0.0036988911804908676,-0.003698891180490867,1.0000000000000002,4.336808689942018e-19
300991437.97319466,0.7830162278178842,300991437.97319466,83408562.02680534,3.077698720554079e-11,-8.223422090246975e-20,-0.0036954215952741073,-0.003695421595274107,1.0000000000000002,4.336808689942018e-19
301066678.90778154,0.7832119638599936,301066678.90778154,83333321.09221846,3.0770802731779215e-11,-8.21569723986268e-20,-0.003691950220630181,-0.003691950220630182,0.9999999999999998,8.673617379884035e-19
301141919.8423685,0.7834076999021032,301141919.8423685,83258080.15763152,3.076462407177514e-11,-8.207968376121195e-20,-0.0036884770424734756,-0.003688477042473476,0.9999999999999999,4.336808689942018e-19
301217160.7769554,0.7836034359442129,301217160.7769554,83182839.22304457,3.075845122856008e-11,-8.200235467557176e-20,-0.0036850020466641705,-0.00368500204666417,1.0000000000000002,4.336808689942018e-19
301292401.7115423,0.7837991719863223,301292401.7115423,83107598.28845769,3.075228420518928e-11,-8.192498482583944e-20,-0.00368152521900792,-0.0036815252190079196,1.0000000000000002,4.336808689942018e-19
301367642.64612925,0.783994908028432,301367642.64612925,83032357.35387075,3.074612300474178e-11,-8.184757389492773e-20,-0.003678046545255533,-0.0036780465452555325,1.0000000000000002,4.336808689942018e-19
301442883.58071613,0.7841906440705414,301442883.58071613,82957116.41928387,3.073996763032054e-11,-8.177012156452248e-20,-0.0036745660111026854,-0.003674566011102685,1.0000000000000002,4.336808689942018e-19
301518124.5153031,0.784386380112651,301518124.5153031,82881875.48469692,3.07338180850525e-11,-8.169262751507504e-20,-0.0036710836021895763,-0.003671083602189576,1.0000000000000002,4.336808689942018e-19
301593365.44988996,0.7845821161547606,301593365.44988996,82806634.55011004,3.0727674372088724e-11,-8.161509142579573e-20,-0.0036675993041006376,-0.0036675993041006367,1.0000000000000002,8.673617379884035e-19
301668606.3844769,0.7847778521968702,301668606.3844769,82731393.6155231,3.07215364946044e-11,-8.15375129746463e-20,-0.003664113102364191,-0.0036641131023641906,1.0000000000000002,4.336808689942018e-19
301743847.31906384,0.7849735882389798,301743847.31906384,82656152.68093616,3.071540445579906e-11,-8.145989183833319e-20,-0.0036606249824521486,-0.0036606249824521486,1.0,0.0
301819088.2536507,0.7851693242810893,301819088.2536507,82580911.74634928,3.070927825889657e-11,-8.138222769230013e-20,-0.0036571349297796793,-0.003657134929779678,1.0000000000000004,1.3010426069826053e-18
301894329.18823767,0.785365060323199,301894329.18823767,82505670.81176233,3.070315790714526e-11,-8.130452021072077e-20,-0.0036536429297048772,-0.0036536429297048772,1.0,0.0
301969570.12282455,0.7855607963653084,301969570.12282455,82430429.87717545,3.069704340381805e-11,-8.12267690664919e-20,-0.003650148967528457,-0.0036501489675284564,1.0000000000000002,4.336808689942018e-19
302044811.0574115,0.785756532407418,302044811.0574115,82355188.94258851,3.069093475221249e-11,-8.114897393122548e-20,-0.0036466530284933953,-0.003646653028493395,1.0000000000000002,4.336808689942018e-19
302120051.99199843,0.7859522684495277,302120051.99199843,82279948.00800157,3.0684831955650914e-11,-8.107113447524185e-20,-0.003643155097784628,-0.0036431550977846275,1.0000000000000002,4.336808689942018e-19
302195292.9265853,0.7861480044916371,302195292.9265853,82204707.07341468,3.0678735017480495e-11,-8.099325036756206e-20,-0.0036396551605287026,-0.003639655160528702,1.0000000000000002,4.336808689942018e-19
302270533.86117226,0.7863437405337468,302270533.86117226,82129466.13882774,3.067264394107335e-11,-8.091532127590023e-20,-0.0036361532017934366,-0.0036361532017934353,1.0000000000000004,1.3010426069826053e-18
302345774.79575914,0.7865394765758562,302345774.79575914,82054225.20424086,3.0666558729826675e-11,-8.083734686665647e-20,-0.0036326492065875977,-0.0036326492065875972,1.0000000000000002,4.336808689942018e-19
302421015.7303461,0.7867352126179659,302421015.7303461,81978984.26965392,3.066047938716278e-11,-8.075932680490895e-20,-0.0036291431598605506,-0.0036291431598605497,1.0000000000000002,8.673617379884035e-19
302496256.66493297,0.7869309486600754,302496256.66493297,81903743.33506703,3.0654405916529265e-11,-8.068126075440657e-20,-0.0036256350465019233,-0.003625635046501923,1.0000000000000002,4.336808689942018e-19
302571497.5995199,0.7871266847021849,302571497.5995199,81828502.40048009,3.064833832139903e-11,-8.060314837756101e-20,-0.003622124851341254,-0.0036221248513412536,1.0000000000000002,4.336808689942018e-19
302646738.53410685,0.7873224207442946,302646738.53410685,81753261.46589315,3.064227660527049e-11,-8.05249893354394e-20,-0.0036186125591476585,-0.003618612559147657,1.0000000000000004,1.3010426069826053e-18
302721979.46869373,0.7875181567864041,302721979.46869373,81678020.53130627,3.063622077166755e-11,-8.044678328775629e-20,-0.0036150981546294717,-0.0036150981546294713,1.0000000000000002,4.336808689942018e-19
302797220.4032807,0.7877138928285137,302797220.4032807,81602779.59671932,3.063017082413981e-11,-8.036852989286586e-20,-0.0036115816224338965,-0.0036115816224338957,1.0000000000000002,8.673617379884035e-19
302872461.33786756,0.7879096288706232,302872461.33786756,81527538.66213244,3.062412676626261e-11,-8.029022880775432e-20,-0.0036080629471466606,-0.0036080629471466606,1.0,0.0
302947702.2724545,0.7881053649127329,302947702.2724545,81452297.7275455,3.061808860163714e-11,-8.021187968803164e-20,-0.0036045421132916496,-0.0036045421132916487,1.0000000000000002,8.673617379884035e-19
303022943.20704144,0.7883011009548425,303022943.20704144,81377056.79295856,3.06120563338906e-11,-8.013348218792398e-20,-0.0036010191053305603,-0.00360101910533056,1.0000000000000002,4.336808689942018e-19
303098184.1416283,0.7884968369969519,303098184.1416283,81301815.85837168,3.06060299666762e-11,-8.005503596026548e-20,-0.0035974939076625382,-0.003597493907662538,1.0000000000000002,4.336808689942018e-19
303173425.07621527,0.7886925730390616,303173425.07621527,81226574.92378473,3.060000950367336e-11,-7.997654065649008e-20,-0.003593966504623805,-0.0035939665046238046,1.0000000000000002,4.336808689942018e-19
303248666.01080215,0.788888309081171,303248666.01080215,81151333.98919785,3.059399494858777e-11,-7.989799592662387e-20,-0.003590436880487318,-0.0035904368804873183,0.9999999999999999,4.336808689942018e-19
303323906.9453891,0.7890840451232807,303323906.9453891,81076093.05461091,3.058798630515151e-11,-7.981940141927633e-20,-0.003586905019462375,-0.003586905019462375,1.0,0.0
303399147.879976,0.7892797811653901,303399147.879976,81000852.12002403,3.0581983577123145e-11,-7.974075678163273e-20,-0.003583370905694271,-0.003583370905694271,1.0,0.0
303474388.8145629,0.7894755172074998,303474388.8145629,80925611.18543708,3.057598676828784e-11,-7.966206165944529e-20,-0.0035798345232639067,-0.0035798345232639062,1.0000000000000002,4.336808689942018e-19
303549629.74914986,0.7896712532496094,303549629.74914986,80850370.25085014,3.0569995882457475e-11,-7.958331569702538e-20,-0.0035762958561874315,-0.003576295856187431,1.0000000000000002,4.336808689942018e-19
303624870.68373674,0.7898669892917188,303624870.68373674,80775129.31626326,3.0564010923470747e-11,-7.950451853723488e-20,-0.003572754888415858,-0.0035727548884158583,0.9999999999999999,4.336808689942018e-19
303700111.6183237,0.7900627253338285,303700111.6183237,80699888.38167632,3.0558031895193267e-11,-7.942566982147768e-20,-0.0035692116038346816,-0.003569211603834681,1.0000000000000002,4.336808689942018e-19
303775352.55291057,0.790258461375938,303775352.55291057,80624647.44708943,3.0552058801517695e-11,-7.934676918969153e-20,-0.003565665986263511,-0.0035656659862635105,1.0000000000000002,4.336808689942018e-19
303850593.4874975,0.7904541974180477,303850593.4874975,80549406.51250249,3.0546091646363835e-11,-7.926781628033904e-20,-0.0035621180194556666,-0.0035621180194556666,1.0,0.0
303925834.42208445,0.7906499334601572,303925834.42208445,80474165.57791555,3.054013043367874e-11,-7.918881073039962e-20,-0.0035585676870978165,-0.0035585676870978156,1.0000000000000002,8.673617379884035e-19
304001075.35667133,0.7908456695022668,304001075.35667133,80398924.64332867,3.0534175167436856e-11,-7.910975217536051e-20,-0.0035550149728095742,-0.0035550149728095725,1.0000000000000004,1.734723475976807e-18
304076316.2912583,0.7910414055443764,304076316.2912583,80323683.70874172,3.052822585164008e-11,-7.903064024920799e-20,-0.003551459860143103,-0.003551459860143103,1.0,0.0
304151557.22584516,0.7912371415864858,304151557.22584516,80248442.77415484,3.0522282490317926e-11,-7.895147458441906e-20,-0.0035479023325827434,-0.003547902332582743,1.0000000000000002,4.336808689942018e-19
304226798.1604321,0.7914328776285955,304226798.1604321,80173201.8395679,3.051634508752762e-11,-7.887225481195207e-20,-0.0035443423735445905,-0.0035443423735445896,1.0000000000000002,8.673617379884035e-19
304302039.095019,0.7916286136707049,304302039.095019,80097960.90498102,3.05104136473542e-11,-7.879298056123842e-20,-0.0035407799663761215,-0.0035407799663761206,1.0000000000000002,8.673617379884035e-19
304377280.0296059,0.7918243497128146,304377280.0296059,80022719.97039407,3.050448817391065e-11,-7.871365146017303e-20,-0.0035372150943557687,-0.0035372150943557687,1.0,0.0
304452520.96419287,0.7920200857549242,304452520.96419287,79947479.03580713,3.0498568671338007e-11,-7.863426713510594e-20,-0.00353364774069254,-0.0035336477406925394,1.0000000000000002,4.336808689942018e-19
304527761.89877975,0.7922158217970336,304527761.89877975,79872238.10122025,3.049265514380549e-11,-7.855482721083295e-20,-0.0035300778885255994,-0.003530077888525599,1.0000000000000002,4.336808689942018e-19
304603002.8333667,0.7924115578391433,304603002.8333667,79796997.16663331,3.048674759551059e-11,-7.847533131058641e-20,-0.0035265055209238536,-0.003526505520923853,1.0000000000000002,4.336808689942018e-19
304678243.7679536,0.7926072938812528,304678243.7679536,79721756.23204643,3.048084603067922e-11,-7.839577905602646e-20,-0.003522930620885556,-0.0035229306208855557,1.0000000000000002,4.336808689942018e-19
304753484.7025405,0.7928030299233624,304753484.7025405,79646515.29745948,3.0474950453565807e-11,-7.831617006723126e-20,-0.003519353171337872,-0.0035193531713378716,1.0000000000000002,4.336808689942018e-19
304828725.63712746,0.792998765965472,304828725.63712746,79571274.36287254,3.046906086845344e-11,-7.823650396268827e-20,-0.0035157731551364816,-0.0035157731551364807,1.0000000000000002,8.673617379884035e-19
304903966.57171434,0.7931945020075816,304903966.57171434,79496033.42828566,3.046317727965397e-11,-7.815678035928459e-20,-0.0035121905550651506,-0.00351219055506515,1.0000000000000002,4.336808689942018e-19
304979207.5063013,0.7933902380496911,304979207.5063013,79420792.49369872,3.0457299691508105e-11,-7.807699887229737e-20,-0.0035086053538352967,-0.0035086053538352967,1.0,0.0
305054448.44088817,0.7935859740918006,305054448.44088817,79345551.55911183,3.045142810838561e-11,-7.799715911538502e-20,-0.0035050175340855935,-0.003505017534085593,1.0000000000000002,4.336808689942018e-19
305129689.3754751,0.7937817101339103,305129689.3754751,79270310.62452489,3.0445562534685334e-11,-7.791726070057677e-20,-0.0035014270783815045,-0.0035014270783815045,1.0,0.0
305204930.310062,0.7939774461760197,305204930.310062,79195069.68993801,3.043970297483541e-11,-7.783730323826392e-20,-0.0034978339692148877,-0.003497833969214887,1.0000000000000002,8.673617379884035e-19
305280171.24464893,0.7941731822181294,305280171.24464893,79119828.75535107,3.043384943329333e-11,-7.775728633718947e-20,-0.0034942381890035313,-0.003494238189003531,1.0000000000000002,4.336808689942018e-19
305355412.1792359,0.794368918260239,305355412.1792359,79044587.82076412,3.04280019145461e-11,-7.767720960443901e-20,-0.003490639720090741,-0.0034906397200907403,1.0000000000000002,8.673617379884035e-19
305430653.11382276,0.7945646543023485,305430653.11382276,78969346.88617724,3.042216042311034e-11,-7.759707264543063e-20,-0.003487038544744891,-0.0034870385447448916,0.9999999999999999,4.336808689942018e-19
305505894.0484097,0.7947603903444581,305505894.0484097,78894105.9515903,3.0416324963532426e-11,-7.751687506390492e-20,-0.0034834346451589715,-0.003483434645158971,1.0000000000000002,4.336808689942018e-19
305581134.9829966,0.7949561263865675,305581134.9829966,78818865.01700342,3.041049554038862e-11,-7.743661646191549e-20,-0.0034798280034501624,-0.0034798280034501624,1.0,0.0
305656375.9175835,0.7951518624286772,305656375.9175835,78743624.08241647,3.0404672158285174e-11,-7.735629643981846e-20,-0.0034762186016593644,-0.0034762186016593635,1.0000000000000002,8.673617379884035e-19
305731616.85217047,0.7953475984707868,305731616.85217047,78668383.14782953,3.0398854821858485e-11,-7.727591459626288e-20,-0.0034726064217507646,-0.003472606421750764,1.0000000000000002,4.336808689942018e-19
305806857.78675735,0.7955433345128964,305806857.78675735,78593142.21324265,3.039304353577522e-11,-7.719547052818047e-20,-0.003468991445611379,-0.0034689914456113784,1.0000000000000002,4.336808689942018e-19
305882098.7213443,0.7957390705550059,305882098.7213443,78517901.27865571,3.0387238304732413e-11,-7.711496383077517e-20,-0.003465373655050578,-0.0034653736550505783,0.9999999999999999,4.336808689942018e-19
305957339.6559312,0.7959348065971155,305957339.6559312,78442660.34406883,3.038143913345765e-11,-7.70343940975134e-20,-0.003461753031799655,-0.0034617530317996538,1.0000000000000004,1.3010426069826053e-18
306032580.5905181,0.7961305426392251,306032580.5905181,78367419.40948188,3.037564602670915e-11,-7.695376092011315e-20,-0.0034581295575113313,-0.0034581295575113313,1.0,0.0
306107821.525105,0.7963262786813345,306107821.525105,78292178.474895,3.036985898927592e-11,-7.687306388853422e-20,-0.0034545032137593182,-0.0034545032137593182,1.0,0.0
306183062.45969194,0.7965220147234442,306183062.45969194,78216937.54030806,3.036407802597789e-11,-7.679230259096712e-20,-0.003450873982037822,-0.003450873982037821,1.0000000000000002,8.673617379884035e-19
306258303.3942789,0.7967177507655538,306258303.3942789,78141696.60572112,3.035830314166604e-11,-7.671147661382313e-20,-0.0034472418437610907,-0.0034472418437610907,1.0,0.0
306333544.32886577,0.7969134868076633,306333544.32886577,78066455.67113423,3.0352534341222555e-11,-7.663058554172343e-20,-0.0034436067802629316,-0.0034436067802629316,1.0,0.0
306408785.2634527,0.7971092228497729,306408785.2634527,77991214.73654729,3.034677162956091e-11,-7.654962895748821e-20,-0.0034399687727962192,-0.0034399687727962184,1.0000000000000002,8.673617379884035e-19
306484026.1980396,0.7973049588918824,306484026.1980396,77915973.80196041,3.034101501162604e-11,-7.646860644212646e-20,-0.0034363278025324366,-0.0034363278025324366,1.0,0.0
306559267.13262653,0.797500694933992,306559267.13262653,77840732.86737347,3.03352644923945e-11,-7.638751757482461e-20,-0.003432683850561164,-0.0034326838505611633,1.0000000000000002,8.673617379884035e-19
306634508.0672135,0.7976964309761017,306634508.0672135,77765491.93278652,3.0329520076874555e-11,-7.630636193293606e-20,-0.003429036897889612,-0.0034290368978896115,1.0000000000000002,4.336808689942018e-19
306709749.00180036,0.7978921670182111,306709749.00180036,77690250.99819964,3.0323781770106356e-11,-7.62251390919701e-20,-0.0034253869254421182,-0.0034253869254421182,1.0,0.0
306784989.9363873,0.7980879030603207,306784989.9363873,77615010.0636127,3.0318049577162025e-11,-7.614384862558064e-20,-0.0034217339140596454,-0.0034217339140596445,1.0000000000000002,8.673617379884035e-19
306860230.8709742,0.7982836391024303,306860230.8709742,77539769.12902582,3.0312323503145894e-11,-7.606249010555558e-20,-0.003418077844499301,-0.003418077844499301,1.0,0.0
306935471.8055611,0.7984793751445398,306935471.8055611,77464528.19443887,3.030660355319452e-11,-7.598106310180505e-20,-0.0034144186974338106,-0.00341441869743381,1.0000000000000002,4.336808689942018e-19
307010712.740148,0.7986751111866494,307010712.740148,77389287.25985199,3.030088973247694e-11,-7.589956718235077e-20,-0.003410756453451038,-0.003410756453451037,1.0000000000000002,8.673617379884035e-19
307085953.67473495,0.798870847228759,307085953.67473495,77314046.32526505,3.029518204619474e-11,-7.581800191331414e-20,-0.0034070910930534513,-0.003407091093053451,1.0000000000000002,4.336808689942018e-19
307161194.6093219,0.7990665832708687,307161194.6093219,77238805.39067811,3.0289480499582235e-11,-7.573636685890521e-20,-0.003403422596657627,-0.0034034225966576266,1.0000000000000002,4.336808689942018e-19
307236435.5439088,0.7992623193129781,307236435.5439088,77163564.45609123,3.0283785097906595e-11,-7.565466158141125e-20,-0.0033997509445937357,-0.0033997509445937357,1.0,0.0
307311676.4784957,0.7994580553550877,307311676.4784957,77088323.52150428,3.027809584646799e-11,-7.557288564118464e-20,-0.003396076117104999,-0.003396076117104999,1.0,0.0
307386917.4130826,0.7996537913971972,307386917.4130826,77013082.5869174,3.0272412750599765e-11,-7.549103859663201e-20,-0.0033923980943472,-0.0033923980943472,1.0,0.0
307462158.34766954,0.7998495274393068,307462158.34766954,76937841.65233046,3.026673581566854e-11,-7.540912000420174e-20,-0.003388716856388123,-0.0033887168563881227,1.0000000000000002,4.336808689942018e-19
307537399.2822565,0.8000452634814165,307537399.2822565,76862600.71774352,3.026106504707439e-11,-7.532712941837278e-20,-0.003385032383207051,-0.003385032383207051,1.0,0.0
307612640.21684337,0.8002409995235259,307612640.21684337,76787359.78315663,3.0255400450251004e-11,-7.52450663916425e-20,-0.0033813446546942178,-0.0033813446546942178,1.0,0.0
307687881.1514303,0.8004367355656355,307687881.1514303,76712118.84856969,3.024974203066578e-11,-7.516293047451457e-20,-0.003377653650650267,-0.0033776536506502667,1.0000000000000002,4.336808689942018e-19
307763122.0860172,0.8006324716077451,307763122.0860172,76636877.91398281,3.0244089793820055e-11,-7.50807212154873e-20,-0.003373959350785723,-0.0033739593507857227,1.0000000000000002,4.336808689942018e-19
307838363.02060413,0.8008282076498546,307838363.02060413,76561636.97939587,3.0238443745249164e-11,-7.499843816104107e-20,-0.0033702617347204315,-0.003370261734720431,1.0000000000000002,4.336808689942018e-19
307913603.955191,0.8010239436919642,307913603.955191,76486396.04480898,3.0232803890522696e-11,-7.49160808556266e-20,-0.003366560781983028,-0.003366560781983027,1.0000000000000002,8.673617379884035e-19
307988844.88977796,0.8012196797340738,307988844.88977796,76411155.11022204,3.022717023524455e-11,-7.483364884165211e-20,-0.0033628564720103644,-0.0033628564720103644,1.0,0.0
308064085.8243649,0.8014154157761834,308064085.8243649,76335914.1756351,3.022154278505314e-11,-7.475114165947148e-20,-0.003359148784146973,-0.0033591487841469732,0.9999999999999999,4.336808689942018e-19
308139326.7589518,0.8016111518182929,308139326.7589518,76260673.24104822,3.021592154562157e-11,-7.466855884737152e-20,-0.0033554376976444988,-0.0033554376976444988,1.0,0.0
308214567.6935387,0.8018068878604026,308214567.6935387,76185432.30646127,3.021030652265773e-11,-7.45858999415592e-20,-0.0033517231916611215,-0.003351723191661122,0.9999999999999999,4.336808689942018e-19
308289808.6281256,0.802002623902512,308289808.6281256,76110191.37187439,3.020469772190449e-11,-7.450316447614956e-20,-0.003348005245261016,-0.0033480052452610153,1.0000000000000002,8.673617379884035e-19
308365049.56271255,0.8021983599446216,308365049.56271255,76034950.43728745,3.019909514913987e-11,-7.442035198315238e-20,-0.00334428383741375,-0.00334428383741375,1.0,0.0
308440290.4972995,0.8023940959867313,308440290.4972995,75959709.50270051,3.0193498810177157e-11,-7.433746199245991e-20,-0.0033405589469937347,-0.0033405589469937343,1.0000000000000002,4.336808689942018e-19
308515531.4318864,0.8025898320288407,308515531.4318864,75884468.56811363,3.0187908710865113e-11,-7.425449403183364e-20,-0.00333683055277963,-0.0033368305527796296,1.0000000000000002,4.336808689942018e-19
308590772.3664733,0.8027855680709504,308590772.3664733,75809227.63352668,3.0182324857088093e-11,-7.41714476268913e-20,-0.0033330986334537595,-0.00333309863345376,0.9999999999999999,4.336808689942018e-19
308666013.3010602,0.8029813041130598,308666013.3010602,75733986.6989398,3.017674725476625e-11,-7.408832230109408e-20,-0.0033293631676015382,-0.0033293631676015374,1.0000000000000002,8.673617379884035e-19
308741254.23564714,0.8031770401551694,308741254.23564714,75658745.76435286,3.017117590985563e-11,-7.4005117575733e-20,-0.0033256241337108554,-0.003325624133710855,1.0000000000000002,4.336808689942018e-19
308816495.170234,0.803372776197279,308816495.170234,75583504.82976598,3.0165610828348446e-11,-7.39218329699162e-20,-0.0033218815101715106,-0.0033218815101715093,1.0000000000000004,1.3010426069826053e-18
308891736.10482097,0.8035685122393885,308891736.10482097,75508263.89517903,3.0160052016273105e-11,-7.383846800055495e-20,-0.0033181352752745777,-0.0033181352752745777,1.0,0.0
308966977.0394079,0.8037642482814982,308966977.0394079,75433022.96059209,3.0154499479694496e-11,-7.37550221823509e-20,-0.0033143854072118367,-0.003314385407211836,1.0000000000000002,8.673617379884035e-19
309042217.9739948,0.8039599843236077,309042217.9739948,75357782.02600521,3.014895322471409e-11,-7.367149502778204e-20,-0.003310631884075141,-0.0033106318840751404,1.0000000000000002,4.336808689942018e-19
309117458.90858173,0.8041557203657174,309117458.90858173,75282541.09141827,3.014341325747011e-11,-7.358788604708908e-20,-0.0033068746838558058,-0.003306874683855805,1.0000000000000002,8.673617379884035e-19
309192699.8431686,0.8043514564078268,309192699.8431686,75207300.15683138,3.0137879584137735e-11,-7.350419474826214e-20,-0.0033031137844440096,-0.0033031137844440088,1.0000000000000002,8.673617379884035e-19
309267940.77775556,0.8045471924499364,309267940.77775556,75132059.22224444,3.013235221092923e-11,-7.342042063702633e-20,-0.0032993491636281467,-0.003299349163628146,1.0000000000000002,8.673617379884035e-19
309343181.7123425,0.8047429284920461,309343181.7123425,75056818.2876575,3.0126831144094155e-11,-7.33365632168284e-20,-0.0032955807990942263,-0.003295580799094226,1.0000000000000002,4.336808689942018e-19
309418422.6469294,0.8049386645341555,309418422.6469294,74981577.35307062,3.0121316389919504e-11,-7.325262198882242e-20,-0.003291808668425231,-0.003291808668425231,1.0,0.0
309493663.5815163,0.8051344005762652,309493663.5815163,74906336.41848367,3.011580795472989e-11,-7.316859645185554e-20,-0.0032880327491004754,-0.003288032749100475,1.0000000000000002,4.336808689942018e-19
309568904.5161032,0.8053301366183746,309568904.5161032,74831095.48389679,3.011030584488773e-11,-7.30844861024542e-20,-0.003284253018494984,-0.003284253018494984,1.0,0.0
309644145.45069015,0.8055258726604843,309644145.45069015,74755854.54930985,3.010481006679339e-11,-7.300029043480929e-20,-0.003280469453878831,-0.0032804694538788306,1.0000000000000002,4.336808689942018e-19
309719386.38527703,0.8057216087025937,309719386.38527703,74680613.61472297,3.009932062688541e-11,-7.291600894076224e-20,-0.003276682032416508,-0.0032766820324165082,0.9999999999999999,4.336808689942018e-19
309794627.319864,0.8059173447447033,309794627.319864,74605372.68013602,3.0093837531640645e-11,-7.28316411097901e-20,-0.0032728907311662574,-0.0032728907311662583,0.9999999999999998,8.673617379884035e-19
309869868.2544509,0.806113080786813,309869868.2544509,74530131.74554908,3.008836078757443e-11,-7.274718642899117e-20,-0.0032690955270794275,-0.0032690955270794275,1.0,0.0
309945109.1890378,0.8063088168289225,309945109.1890378,74454890.8109622,3.008289040124081e-11,-7.266264438307027e-20,-0.003265296396999807,-0.003265296396999807,1.0,0.0
310020350.12362474,0.8065045528710321,310020350.12362474,74379649.87637526,3.0077426379232676e-11,-7.257801445432365e-20,-0.003261493317662949,-0.0032614933176629488,1.0000000000000002,4.336808689942018e-19
310095591.0582116,0.8067002889131416,310095591.0582116,74304408.94178838,3.0071968728181974e-11,-7.249329612262445e-20,-0.003257686265695519,-0.0032576862656955186,1.0000000000000002,4.336808689942018e-19
310170831.99279857,0.8068960249552513,310170831.99279857,74229168.00720143,3.006651745475985e-11,-7.240848886540725e-20,-0.003253875217614598,-0.003253875217614598,1.0,0.0
310246072.9273855,0.8070917609973608,310246072.9273855,74153927.07261449,3.00610725656769e-11,-7.232359215765336e-20,-0.0032500601498270222,-0.0032500601498270222,1.0,0.0
310321313.8619724,0.8072874970394703,310321313.8619724,74078686.13802761,3.0055634067683276e-11,-7.223860547187531e-20,-0.0032462410386286875,-0.0032462410386286875,1.0,0.0
310396554.79655933,0.80748323308158,310396554.79655933,74003445.20344067,3.0050201967568945e-11,-7.215352827810139e-20,-0.0032424178602038518,-0.0032424178602038518,1.0,0.0
310471795.7311462,0.8076789691236894,310471795.7311462,73928204.26885378,3.004477627216382e-11,-7.206836004386053e-20,-0.00323859059062446,-0.0032385905906244595,1.0000000000000002,4.336808689942018e-19
310547036.66573316,0.8078747051657991,310547036.66573316,73852963.33426684,3.003935698833799e-11,-7.198310023416633e-20,-0.0032347592058494207,-0.00323475920584942,1.0000000000000002,8.673617379884035e-19
310622277.60032004,0.8080704412079085,310622277.60032004,73777722.39967996,3.003394412300188e-11,-7.189774831150175e-20,-0.003230923681723924,-0.003230923681723924,1.0,0.0
310697518.534907,0.8082661772500181,310697518.534907,73702481.46509302,3.002853768310645e-11,-7.181230373580298e-20,-0.0032270839939787122,-0.003227083993978712,1.0000000000000002,4.336808689942018e-19
310772759.4694939,0.8084619132921278,310772759.4694939,73627240.53050607,3.002313767564341e-11,-7.17267659644438e-20,-0.0032232401182293786,-0.003223240118229378,1.0000000000000002,4.336808689942018e-19
310848000.4040808,0.8086576493342372,310848000.4040808,73551999.59591919,3.0017744107645375e-11,-7.164113445221942e-20,-0.0032193920299756424,-0.003219392029975642,1.0000000000000002,4.336808689942018e-19
310923241.33866775,0.8088533853763469,310923241.33866775,73476758.66133225,3.001235698618609e-11,-7.15554086513302e-20,-0.0032155397046006147,-0.0032155397046006143,1.0000000000000002,4.336808689942018e-19
310998482.27325463,0.8090491214184564,310998482.27325463,73401517.72674537,3.0006976318380617e-11,-7.146958801136581e-20,-0.0032116831173700897,-0.0032116831173700884,1.0000000000000004,1.3010426069826053e-18
311073723.2078416,0.809244857460566,311073723.2078416,73326276.79215842,3.000160211138552e-11,-7.138367197928828e-20,-0.00320782224343178,-0.00320782224343178,1.0,0.0
311148964.1424285,0.8094405935026756,311148964.1424285,73251035.85757148,2.999623437239908e-11,-7.129765999941614e-20,-0.0032039570578146054,-0.003203957057814606,0.9999999999999999,4.336808689942018e-19
311224205.0770154,0.8096363295447851,311224205.0770154,73175794.9229846,2.999087310866149e-11,-7.121155151340743e-20,-0.0032000875354279293,-0.003200087535427929,1.0000000000000002,4.336808689942018e-19
311299446.01160234,0.8098320655868948,311299446.01160234,73100553.98839766,2.998551832745504e-11,-7.112534596024283e-20,-0.0031962136510608015,-0.0031962136510608015,1.0,0.0
311374686.9461892,0.8100278016290042,311374686.9461892,73025313.05381078,2.998017003610437e-11,-7.103904277620934e-20,-0.0031923353793812228,-0.0031923353793812228,1.0,0.0
311449927.88077617,0.8102235376711139,311449927.88077617,72950072.11922383,2.9974828241976575e-11,-7.095264139488275e-20,-0.0031884526949353584,-0.003188452694935358,1.0000000000000002,4.336808689942018e-19
311525168.81536305,0.8104192737132233,311525168.81536305,72874831.18463695,2.9969492952481536e-11,-7.086614124711106e-20,-0.003184565572146793,-0.0031845655721467925,1.0000000000000002,4.336808689942018e-19
311600409.74995,0.810615009755333,311600409.74995,72799590.25005001,2.996416417507201e-11,-7.077954176099673e-20,-0.003180673985315733,-0.003180673985315733,1.0,0.0
311675650.68453693,0.8108107457974426,311675650.68453693,72724349.31546307,2.995884191724392e-11,-7.069284236187986e-20,-0.00317677790861825,-0.00317677790861825,1.0,0.0
311750891.6191238,0.811006481839552,311750891.6191238,72649108.38087618,2.9953526186536515e-11,-7.060604247232049e-20,-0.003172877316105487,-0.003172877316105487,1.0,0.0
311826132.55371076,0.8112022178816617,311826132.55371076,72573867.44628924,2.99482169905326e-11,-7.051914151208081e-20,-0.003168972181702856,-0.003168972181702856,1.0,0.0
311901373.48829764,0.8113979539237712,311901373.48829764,72498626.51170236,2.994291433685875e-11,-7.043213889810792e-20,-0.003165062479209267,-0.0031650624792092666,1.0000000000000002,4.336808689942018e-19
311976614.4228846,0.8115936899658808,311976614.4228846,72423385.57711542,2.9937618233185495e-11,-7.034503404451542e-20,-0.003161148182296299,-0.0031611481822962986,1.0000000000000002,4.336808689942018e-19
312051855.3574715,0.8117894260079904,312051855.3574715,72348144.64252847,2.993232868722759e-11,-7.025782636256606e-20,-0.0031572292645074174,-0.003157229264507417,1.0000000000000002,4.336808689942018e-19
312127096.2920584,0.8119851620501,312127096.2920584,72272903.70794159,2.992704570674417e-11,-7.017051526065316e-20,-0.0031533056992571456,-0.003153305699257145,1.0000000000000002,4.336808689942018e-19
312202337.22664535,0.8121808980922095,312202337.22664535,72197662.77335465,2.992176929953899e-11,-7.00831001442824e-20,-0.003149377459830241,-0.0031493774598302404,1.0000000000000002,4.336808689942018e-19
312277578.16123223,0.812376634134319,312277578.16123223,72122421.83876777,2.991649947346066e-11,-6.999558041605387e-20,-0.0031454445193808897,-0.0031454445193808893,1.0000000000000002,4.336808689942018e-19
312352819.0958192,0.8125723701764287,312352819.0958192,72047180.90418082,2.991123623640283e-11,-6.990795547564294e-20,-0.003141506850931848,-0.003141506850931847,1.0000000000000002,8.673617379884035e-19
312428060.03040606,0.8127681062185381,312428060.03040606,71971939.96959394,2.9905979596304444e-11,-6.982022471978228e-20,-0.0031375644273736345,-0.0031375644273736345,1.0,0.0
312503300.964993,0.8129638422606478,312503300.964993,71896699.035007,2.9900729561149946e-11,-6.973238754224247e-20,-0.0031336172214636586,-0.0031336172214636586,1.0,0.0
312578541.89957994,0.8131595783027574,312578541.89957994,71821458.10042006,2.9895486138969497e-11,-6.964444333381361e-20,-0.003129665205825391,-0.0031296652058253917,0.9999999999999998,8.673617379884035e-19
312653782.8341668,0.8133553143448669,312653782.8341668,71746217.16583318,2.9890249337839227e-11,-6.955639148228605e-20,-0.003125708352947503,-0.0031257083529475024,1.0000000000000002,4.336808689942018e-19
312729023.76875377,0.8135510503869765,312729023.76875377,71670976.23124623,2.9885019165881404e-11,-6.946823137243094e-20,-0.0031217466351829886,-0.0031217466351829877,1.0000000000000002,8.673617379884035e-19
312804264.70334065,0.8137467864290859,312804264.70334065,71595735.29665935,2.9879795631264754e-11,-6.937996238598145e-20,-0.003117780024748322,-0.0031177800247483224,0.9999999999999999,4.336808689942018e-19
312879505.6379276,0.8139425224711956,312879505.6379276,71520494.36207241,2.9874578742204596e-11,-6.929158390161282e-20,-0.003113808493722561,-0.0031138084937225607,1.0000000000000002,4.336808689942018e-19
312954746.57251453,0.8141382585133052,312954746.57251453,71445253.42748547,2.986936850696312e-11,-6.920309529492301e-20,-0.0031098320140464774,-0.0031098320140464783,0.9999999999999997,8.673617379884035e-19
313029987.5071014,0.8143339945554147,313029987.5071014,71370012.49289858,2.986416493384964e-11,-6.911449593841294e-20,-0.003105850557521669,-0.003105850557521668,1.0000000000000002,8.673617379884035e-19
313105228.44168836,0.8145297305975243,313105228.44168836,71294771.55831164,2.9858968031220756e-11,-6.902578520146629e-20,-0.0031018640958096503,-0.00310186409580965,1.0000000000000002,4.336808689942018e-19
313180469.37627524,0.8147254666396339,313180469.37627524,71219530.62372476,2.985377780748068e-11,-6.89369624503299e-20,-0.0030978726004309764,-0.003097872600430976,1.0000000000000002,4.336808689942018e-19
313255710.3108622,0.8149212026817435,313255710.3108622,71144289.68913782,2.984859427108138e-11,-6.884802704809311e-20,-0.0030938760427643088,-0.0030938760427643083,1.0000000000000002,4.336808689942018e-19
313330951.24544907,0.8151169387238529,313330951.24544907,71069048.75455093,2.984341743052293e-11,-6.875897835466792e-20,-0.003089874394045527,-0.0030898743940455265,1.0000000000000002,4.336808689942018e-19
313406192.180036,0.8153126747659626,313406192.180036,70993807.81996399,2.9838247294353604e-11,-6.866981572676791e-20,-0.003085867625366781,-0.00308586762536678,1.0000000000000002,8.673617379884035e-19
313481433.11462295,0.8155084108080722,313481433.11462295,70918566.88537705,2.983308387117026e-11,-6.85805385178881e-20,-0.003081855707675586,-0.003081855707675586,1.0,0.0
313556674.04920983,0.8157041468501817,313556674.04920983,70843325.95079017,2.9827927169618504e-11,-6.849114607828395e-20,-0.003077838611773879,-0.003077838611773878,1.0000000000000002,8.673617379884035e-19
313631914.9837968,0.8158998828922913,313631914.9837968,70768085.01620322,2.9822777198392944e-11,-6.840163775495014e-20,-0.0030738163083170633,-0.003073816308317062,1.0000000000000004,1.3010426069826053e-18
313707155.91838366,0.8160956189344007,313707155.91838366,70692844.08161634,2.9817633966237445e-11,-6.831201289160002e-20,-0.0030697887678130882,-0.003069788767813088,1.0000000000000002,4.336808689942018e-19
313782396.8529706,0.8162913549765104,313782396.8529706,70617603.1470294,2.981249748194538e-11,-6.822227082864374e-20,-0.003065755960621464,-0.003065755960621464,1.0,0.0
313857637.78755754,0.81648709101862,313857637.78755754,70542362.21244246,2.9807367754359894e-11,-6.813241090316731e-20,-0.003061717856952322,-0.003061717856952322,1.0,0.0
313932878.7221444,0.8166828270607295,313932878.7221444,70467121.27785558,2.980224479237409e-11,-6.804243244891079e-20,-0.0030576744268654326,-0.0030576744268654317,1.0000000000000002,8.673617379884035e-19
314008119.65673137,0.8168785631028391,314008119.65673137,70391880.34326863,2.979712860493137e-11,-6.795233479624632e-20,-0.0030536256402692217,-0.0030536256402692212,1.0000000000000002,4.336808689942018e-19
314083360.59131825,0.8170742991449487,314083360.59131825,70316639.40868175,2.9792019201025637e-11,-6.786211727215677e-20,-0.003049571466919807,-0.003049571466919806,1.0000000000000004,1.3010426069826053e-18
314158601.5259052,0.8172700351870582,314158601.5259052,70241398.47409481,2.978691658970154e-11,-6.777177920021299e-20,-0.003045511876419978,-0.0030455118764199777,1.0000000000000002,4.336808689942018e-19
314233842.4604921,0.8174657712291677,314233842.4604921,70166157.53950793,2.9781820780054786e-11,-6.768131990055227e-20,-0.003041446838218229,-0.00304144683821823,0.9999999999999997,8.673617379884035e-19
314309083.395079,0.8176615072712774,314309083.395079,70090916.60492098,2.977673178123232e-11,-6.759073868985522e-20,-0.003037376321607718,-0.0030373763216077175,1.0000000000000002,4.336808689942018e-19
314384324.32966596,0.8178572433133869,314384324.32966596,70015675.67033404,2.9771649602432674e-11,-6.750003488132374e-20,-0.0030333002957252772,-0.0030333002957252772,1.0,0.0
314459565.26425284,0.8180529793554965,314459565.26425284,69940434.73574716,2.9766574252906185e-11,-6.740920778465816e-20,-0.003029218729550386,-0.0030292187295503856,1.0000000000000002,4.336808689942018e-19
314534806.1988398,0.8182487153976061,314534806.1988398,69865193.80116022,2.976150574195522e-11,-6.731825670603393e-20,-0.0030251315919041246,-0.003025131591904124,1.0000000000000002,4.336808689942018e-19
314610047.13342667,0.8184444514397156,314610047.13342667,69789952.86657333,2.975644407893453e-11,-6.722718094807917e-20,-0.0030210388514481635,-0.003021038851448164,0.9999999999999999,4.336808689942018e-19
314685288.0680136,0.8186401874818252,314685288.0680136,69714711.93198639,2.975138927325144e-11,-6.713597980985077e-20,-0.00301694047668369,-0.0030169404766836904,0.9999999999999999,4.336808689942018e-19
314760529.00260055,0.8188359235239349,314760529.00260055,69639470.99739945,2.974634133436617e-11,-6.704465258681151e-20,-0.003012836435950381,-0.0030128364359503813,0.9999999999999999,4.336808689942018e-19
314835769.93718743,0.8190316595660443,314835769.93718743,69564230.06281257,2.9741300271792065e-11,-6.695319857080607e-20,-0.0030087266974253226,-0.003008726697425323,0.9999999999999999,4.336808689942018e-19
314911010.8717744,0.8192273956081539,314911010.8717744,69488989.12822562,2.973626609509592e-11,-6.686161705003727e-20,-0.003004611229121945,-0.0030046112291219444,1.0000000000000002,4.336808689942018e-19
314986251.80636126,0.8194231316502634,314986251.80636126,69413748.19363874,2.973123881389819e-11,-6.676990730904232e-20,-0.0030004899988889536,-0.0030004899988889536,1.0,0.0
315061492.7409482,0.819618867692373,315061492.7409482,69338507.2590518,2.972621843787333e-11,-6.667806862866836e-20,-0.002996362974409231,-0.002996362974409232,0.9999999999999997,8.673617379884035e-19
315136733.67553514,0.8198146037344827,315136733.67553514,69263266.32446486,2.9721204976750014e-11,-6.658610028604838e-20,-0.002992230123198754,-0.0029922301231987535,1.0000000000000002,4.336808689942018e-19
315211974.610122,0.8200103397765922,315211974.610122,69188025.38987797,2.971619844031148e-11,-6.649400155457662e-20,-0.0029880914126054867,-0.002988091412605487,0.9999999999999999,4.336808689942018e-19
315287215.54470897,0.8202060758187018,315287215.54470897,69112784.45529103,2.971119883839574e-11,-6.640177170388361e-20,-0.0029839468098082638,-0.0029839468098082638,1.0,0.0
315362456.47929585,0.8204018118608113,315362456.47929585,69037543.52070415,2.970620618089594e-11,-6.63094099998118e-20,-0.0029797962818156887,-0.002979796281815688,1.0000000000000002,8.673617379884035e-19
315437697.4138828,0.8205975479029209,315437697.4138828,68962302.58611721,2.9701220477760585e-11,-6.621691570438976e-20,-0.00297563979546498,-0.0029756397954649803,0.9999999999999999,4.336808689942018e-19
315512938.3484697,0.8207932839450304,315512938.3484697,68887061.65153033,2.969624173899386e-11,-6.612428807580766e-20,-0.002971477317420866,-0.0029714773174208666,0.9999999999999999,4.336808689942018e-19
315588179.2830566,0.82098901998714,315588179.2830566,68811820.71694338,2.969126997465589e-11,-6.603152636839114e-20,-0.002967308814174413,-0.002967308814174413,1.0,0.0
315663420.21764356,0.8211847560292497,315663420.21764356,68736579.78235644,2.968630519486307e-11,-6.593862983257608e-20,-0.0029631342520418883,-0.0029631342520418883,1.0,0.0
315738661.15223044,0.8213804920713591,315738661.15223044,68661338.84776956,2.9681347409788355e-11,-6.584559771488261e-20,-0.0029589535971635953,-0.0029589535971635945,1.0000000000000002,8.673617379884035e-19
315813902.0868174,0.8215762281134688,315813902.0868174,68586097.91318262,2.9676396629661497e-11,-6.575242925788878e-20,-0.002954766815502689,-0.002954766815502688,1.0000000000000002,8.673617379884035e-19
315889143.02140427,0.8217719641555782,315889143.02140427,68510856.97859573,2.967145286476943e-11,-6.565912370020477e-20,-0.0029505738728440177,-0.0029505738728440173,1.0000000000000002,4.336808689942018e-19
315964383.9559912,0.8219677001976878,315964383.9559912,68435616.04400879,2.96665161254565e-11,-6.556568027644599e-20,-0.0029463747347929126,-0.002946374734792912,1.0000000000000002,4.336808689942018e-19
316039624.89057815,0.8221634362397975,316039624.89057815,68360375.10942185,2.966158642212479e-11,-6.547209821720672e-20,-0.002942169366774005,-0.002942169366774004,1.0000000000000002,8.673617379884035e-19
316114865.82516503,0.8223591722819069,316114865.82516503,68285134.17483497,2.9656663765234456e-11,-6.537837674903313e-20,-0.0029379577340300136,-0.0029379577340300136,1.0,0.0
316190106.759752,0.8225549083240166,316190106.759752,68209893.24024802,2.965174816530396e-11,-6.5284515094396e-20,-0.0029337398016205172,-0.002933739801620516,1.0000000000000004,1.3010426069826053e-18
316265347.69433886,0.8227506443661261,316265347.69433886,68134652.30566114,2.964683963291046e-11,-6.519051247166381e-20,-0.0029295155344207474,-0.0029295155344207465,1.0000000000000002,8.673617379884035e-19
316340588.6289258,0.8229463804082356,316340588.6289258,68059411.3710742,2.964193817869005e-11,-6.509636809507482e-20,-0.002925284897120332,-0.0029252848971203314,1.0000000000000002,4.336808689942018e-19
316415829.5635127,0.8231421164503452,316415829.5635127,67984170.43648732,2.9637043813338126e-11,-6.500208117470983e-20,-0.002921047854222073,-0.002921047854222073,1.0,0.0
316491070.4980996,0.8233378524924548,316491070.4980996,67908929.50190037,2.963215654760965e-11,-6.490765091646365e-20,-0.0029168043700406624,-0.0029168043700406624,1.0,0.0
316566311.43268657,0.8235335885345644,316566311.43268657,67833688.56731343,2.962727639231951e-11,-6.481307652201758e-20,-0.002912554408701447,-0.0029125544087014467,1.0000000000000002,4.336808689942018e-19
316641552.36727345,0.8237293245766739,316641552.36727345,67758447.63272655,2.962240335834282e-11,-6.47183571888107e-20,-0.0029082979341391382,-0.0029082979341391374,1.0000000000000002,8.673617379884035e-19
316716793.3018604,0.8239250606187836,316716793.3018604,67683206.69813961,2.961753745661522e-11,-6.462349211001112e-20,-0.0029040349100965183,-0.002904034910096518,1.0000000000000002,4.336808689942018e-19
316792034.2364473,0.824120796660893,316792034.2364473,67607965.76355273,2.961267869813325e-11,-6.45284804744877e-20,-0.002899765300123172,-0.0028997653001231714,1.0000000000000002,4.336808689942018e-19
316867275.1710342,0.8243165327030026,316867275.1710342,67532724.82896578,2.9607827093954606e-11,-6.443332146678039e-20,-0.002895489067574152,-0.002895489067574152,1.0,0.0
316942516.10562116,0.8245122687451123,316942516.10562116,67457483.89437884,2.960298265519854e-11,-6.433801426707154e-20,-0.0028912061756086902,-0.0028912061756086902,1.0,0.0
317017757.04020804,0.8247080047872217,317017757.04020804,67382242.95979196,2.9598145393046134e-11,-6.424255805115613e-20,-0.0028869165871888603,-0.00288691658718886,1.0000000000000002,4.336808689942018e-19
317092997.974795,0.8249037408293314,317092997.974795,67307002.02520502,2.9593315318740645e-11,-6.414695199041184e-20,-0.0028826202650782326,-0.002882620265078232,1.0000000000000002,4.336808689942018e-19
317168238.90938187,0.8250994768714408,317168238.90938187,67231761.09061813,2.9588492443587856e-11,-6.405119525176969e-20,-0.0028783171718405535,-0.002878317171840553,1.0000000000000002,4.336808689942018e-19
317243479.8439688,0.8252952129135505,317243479.8439688,67156520.15603119,2.9583676778956395e-11,-6.395528699768317e-20,-0.00287400726983836,-0.00287400726983836,1.0,0.0
317318720.7785557,0.82549094895566,317318720.7785557,67081279.22144431,2.957886833627807e-11,-6.385922638609849e-20,-0.0028696905212316423,-0.0028696905212316423,1.0,0.0
317393961.71314263,0.8256866849977696,317393961.71314263,67006038.28685737,2.9574067127048224e-11,-6.376301257042324e-20,-0.0028653668879764344,-0.0028653668879764344,1.0,0.0
317469202.6477296,0.8258824210398792,317469202.6477296,66930797.352270424,2.9569273162826065e-11,-6.366664469949609e-20,-0.0028610363318234532,-0.0028610363318234524,1.0000000000000002,8.673617379884035e-19
317544443.58231646,0.8260781570819887,317544443.58231646,66855556.41768354,2.956448645523503e-11,-6.357012191755537e-20,-0.0028566988143166883,-0.002856698814316688,1.0000000000000002,4.336808689942018e-19
317619684.5169034,0.8262738931240984,317619684.5169034,66780315.4830966,2.95597070159631e-11,-6.347344336420751e-20,-0.0028523542967919795,-0.002852354296791979,1.0000000000000002,4.336808689942018e-19
317694925.4514903,0.8264696291662078,317694925.4514903,66705074.54850972,2.955493485676317e-11,-6.337660817439581e-20,-0.002848002740375618,-0.002848002740375618,1.0,0.0
317770166.3860772,0.8266653652083175,317770166.3860772,66629833.613922775,2.9550169989453414e-11,-6.327961547836818e-20,-0.002843644105982894,-0.0028436441059828937,1.0000000000000002,4.336808689942018e-19
317845407.32066417,0.8268611012504271,317845407.32066417,66554592.67933583,2.9545412425917616e-11,-6.318246440164525e-20,-0.0028392783543166643,-0.0028392783543166643,1.0,0.0
317920648.25525105,0.8270568372925365,317920648.25525105,66479351.74474895,2.9540662178105534e-11,-6.308515406498794e-20,-0.002834905445865896,-0.002834905445865895,1.0000000000000002,8.673617379884035e-19
317995889.189838,0.8272525733346462,317995889.189838,66404110.81016201,2.953591925803325e-11,-6.298768358436452e-20,-0.0028305253409041825,-0.002830525340904181,1.0000000000000004,1.3010426069826053e-18
318071130.1244249,0.8274483093767556,318071130.1244249,66328869.875575125,2.953118367778358e-11,-6.289005207091821e-20,-0.002826137999488293,-0.0028261379994882936,0.9999999999999999,4.336808689942018e-19
318146371.0590118,0.8276440454188653,318146371.0590118,66253628.94098818,2.952645544950635e-11,-6.279225863093351e-20,-0.0028217433814566564,-0.0028217433814566556,1.0000000000000002,8.673617379884035e-19
318221611.9935987,0.8278397814609748,318221611.9935987,66178388.0064013,2.9521734585418846e-11,-6.269430236580324e-20,-0.0028173414464278787,-0.0028173414464278783,1.0000000000000002,4.336808689942018e-19
318296852.92818564,0.8280355175030844,318296852.92818564,66103147.07181436,2.9517021097806157e-11,-6.259618237199426e-20,-0.0028129321537992066,-0.0028129321537992066,1.0,0.0
318372093.8627726,0.828231253545194,318372093.8627726,66027906.137227416,2.9512314999021505e-11,-6.249789774101412e-20,-0.0028085154627450247,-0.002808515462745024,1.0000000000000002,8.673617379884035e-19
318447334.79735947,0.8284269895873035,318447334.79735947,65952665.20264053,2.950761630148671e-11,-6.239944755937651e-20,-0.0028040913322153055,-0.002804091332215305,1.0000000000000002,4.336808689942018e-19
318522575.7319464,0.8286227256294131,318522575.7319464,65877424.26805359,2.950292501769245e-11,-6.230083090856651e-20,-0.002799659720934047,-0.002799659720934047,1.0,0.0
318597816.6665333,0.8288184616715226,318597816.6665333,65802183.33346671,2.9498241160198765e-11,-6.220204686500646e-20,-0.0027952205873977396,-0.0027952205873977396,1.0,0.0
318673057.60112023,0.8290141977136323,318673057.60112023,65726942.39887977,2.949356474163532e-11,-6.210309450002011e-20,-0.0027907738898737522,-0.0027907738898737522,1.0,0.0
318748298.5357072,0.8292099337557419,318748298.5357072,65651701.464292824,2.9488895774701885e-11,-6.200397287979789e-20,-0.0027863195863987774,-0.0027863195863987765,1.0000000000000002,8.673617379884035e-19
318823539.47029406,0.8294056697978514,318823539.47029406,65576460.52970594,2.9484234272168684e-11,-6.190468106536109e-20,-0.0027818576347772147,-0.0027818576347772147,1.0,0.0
318898780.404881,0.829601405839961,318898780.404881,65501219.595119,2.9479580246876766e-11,-6.180521811252562e-20,-0.002777387992579548,-0.0027773879925795473,1.0000000000000002,8.673617379884035e-19
318974021.3394679,0.8297971418820704,318974021.3394679,65425978.66053212,2.947493371173843e-11,-6.170558307186642e-20,-0.0027729106171407425,-0.002772910617140743,0.9999999999999999,4.336808689942018e-19
319049262.2740548,0.8299928779241801,319049262.2740548,65350737.725945175,2.9470294679737605e-11,-6.160577498868031e-20,-0.002768425465558577,-0.0027684254655585775,0.9999999999999999,4.336808689942018e-19
319124503.2086417,0.8301886139662895,319124503.2086417,65275496.79135829,2.946566316393026e-11,-6.150579290294981e-20,-0.002763932494692017,-0.002763932494692017,1.0,0.0
319199744.14322865,0.8303843500083992,319199744.14322865,65200255.85677135,2.9461039177444794e-11,-6.140563584930543e-20,-0.002759431661159522,-0.002759431661159522,1.0,0.0
319274985.0778156,0.8305800860505088,319274985.0778156,65125014.92218441,2.945642273348244e-11,-6.130530285698887e-20,-0.0027549229213373883,-0.002754922921337388,1.0000000000000002,4.336808689942018e-19
319350226.0124025,0.8307758220926184,319350226.0124025,65049773.987597525,2.9451813845317684e-11,-6.120479294981501e-20,-0.0027504062313580455,-0.002750406231358045,1.0000000000000002,4.336808689942018e-19
319425466.9469894,0.8309715581347279,319425466.9469894,64974533.05301058,2.9447212526298646e-11,-6.110410514613375e-20,-0.002745881547108337,-0.0027458815471083373,0.9999999999999999,4.336808689942018e-19
319500707.8815763,0.8311672941768374,319500707.8815763,64899292.1184237,2.944261878984755e-11,-6.100323845879228e-20,-0.002741348824227828,-0.0027413488242278277,1.0000000000000002,4.336808689942018e-19
319575948.81616324,0.8313630302189471,319575948.81616324,64824051.18383676,2.9438032649461063e-11,-6.090219189509567e-20,-0.002736808018107034,-0.002736808018107033,1.0000000000000002,8.673617379884035e-19
319651189.7507502,0.8315587662610566,319651189.7507502,64748810.249249816,2.9433454118710776e-11,-6.080096445676873e-20,-0.002732259083885704,-0.002732259083885703,1.0000000000000002,8.673617379884035e-19
319726430.68533707,0.8317545023031662,319726430.68533707,64673569.31466293,2.9428883211243605e-11,-6.069955513991631e-20,-0.0027277019764510397,-0.0027277019764510406,0.9999999999999997,8.673617379884035e-19
319801671.619924,0.8319502383452758,319801671.619924,64598328.38007599,2.942431994078219e-11,-6.059796293498366e-20,-0.002723136650435914,-0.0027231366504359136,1.0000000000000002,4.336808689942018e-19
319876912.5545109,0.8321459743873852,319876912.5545109,64523087.44548911,2.941976432112537e-11,-6.049618682671696e-20,-0.0027185630602170954,-0.0027185630602170954,1.0,0.0
319952153.48909783,0.8323417104294949,319952153.48909783,64447846.51090217,2.941521636614857e-11,-6.039422579412262e-20,-0.0027139811599134196,-0.0027139811599134196,1.0,0.0
320027394.4236847,0.8325374464716043,320027394.4236847,64372605.576315284,2.941067608980427e-11,-6.02920788104272e-20,-0.0027093909033839895,-0.002709390903383989,1.0000000000000002,4.336808689942018e-19
320102635.35827166,0.832733182513714,320102635.35827166,64297364.64172834,2.940614350612241e-11,-6.018974484303604e-20,-0.002704792244226315,-0.002704792244226314,1.0000000000000004,1.3010426069826053e-18
320177876.2928586,0.8329289185558236,320177876.2928586,64222123.7071414,2.9401618629210843e-11,-6.008722285349251e-20,-0.0027001851357744827,-0.0027001851357744823,1.0000000000000002,4.336808689942018e-19
320253117.2274455,0.8331246545979331,320253117.2274455,64146882.77255452,2.939710147325579e-11,-5.998451179743633e-20,-0.0026955695310972813,-0.0026955695310972813,1.0,0.0
320328358.1620324,0.8333203906400427,320328358.1620324,64071641.837967575,2.939259205252227e-11,-5.98816106245613e-20,-0.0026909453829963054,-0.002690945382996305,1.0000000000000002,4.336808689942018e-19
320403599.0966193,0.8335161266821522,320403599.0966193,63996400.90338069,2.9388090381354545e-11,-5.977851827857379e-20,-0.002686312644004085,-0.0026863126440040846,1.0000000000000002,4.336808689942018e-19
320478840.03120625,0.8337118627242618,320478840.03120625,63921159.96879375,2.938359647417658e-11,-5.967523369714932e-20,-0.00268167126638214,-0.0026816712663821395,1.0000000000000002,4.336808689942018e-19
320554080.9657932,0.8339075987663714,320554080.9657932,63845919.03420681,2.937911034549252e-11,-5.957175581189039e-20,-0.0026770212021190796,-0.002677021202119079,1.0000000000000002,4.336808689942018e-19
320629321.9003801,0.834103334808481,320629321.9003801,63770678.099619925,2.937463200988711e-11,-5.946808354828279e-20,-0.002672362402928645,-0.0026723624029286446,1.0000000000000002,4.336808689942018e-19
320704562.834967,0.8342990708505906,320704562.834967,63695437.16503298,2.9370161482026164e-11,-5.936421582565183e-20,-0.0026676948202477365,-0.002667694820247736,1.0000000000000002,4.336808689942018e-19
320779803.7695539,0.8344948068927001,320779803.7695539,63620196.2304461,2.9365698776657056e-11,-5.926015155711883e-20,-0.0026630184052344615,-0.0026630184052344615,1.0,0.0
320855044.70414084,0.8346905429348097,320855044.70414084,63544955.29585916,2.9361243908609167e-11,-5.915588964955611e-20,-0.002658333108766113,-0.002658333108766113,1.0,0.0
320930285.6387277,0.8348862789769191,320930285.6387277,63469714.361272275,2.9356796892794364e-11,-5.905142900354294e-20,-0.0026536388814371865,-0.0026536388814371865,1.0,0.0
321005526.57331467,0.8350820150190288,321005526.57331467,63394473.42668533,2.9352357744207474e-11,-5.894676851331971e-20,-0.0026489356735573235,-0.002648935673557323,1.0000000000000002,4.336808689942018e-19
321080767.5079016,0.8352777510611384,321080767.5079016,63319232.49209839,2.9347926477926765e-11,-5.884190706674308e-20,-0.0026442234351492944,-0.0026442234351492936,1.0000000000000002,8.673617379884035e-19
321156008.4424885,0.8354734871032479,321156008.4424885,63243991.55751151,2.9343503109114414e-11,-5.873684354523984e-20,-0.0026395021159469263,-0.0026395021159469263,1.0,0.0
321231249.37707543,0.8356692231453575,321231249.37707543,63168750.622924566,2.933908765301702e-11,-5.863157682376043e-20,-0.002634771665393013,-0.002634771665393013,1.0,0.0
321306490.3116623,0.835864959187467,321306490.3116623,63093509.68833768,2.933468012496606e-11,-5.85261057707329e-20,-0.002630032032637247,-0.002630032032637247,1.0,0.0
321381731.24624926,0.8360606952295766,321381731.24624926,63018268.75375074,2.933028054037841e-11,-5.842042924801517e-20,-0.002625283166534074,-0.0026252831665340734,1.0000000000000002,4.336808689942018e-19
321456972.1808362,0.8362564312716863,321456972.1808362,62943027.8191638,2.932588891475683e-11,-5.83145461108482e-20,-0.002620525015640588,-0.0026205250156405876,1.0000000000000002,4.336808689942018e-19
321532213.1154231,0.8364521673137958,321532213.1154231,62867786.88457692,2.9321505263690456e-11,-5.820845520780804e-20,-0.002615757528214378,-0.0026157575282143774,1.0000000000000002,4.336808689942018e-19
321607454.05001,0.8366479033559053,321607454.05001,62792545.949989974,2.931712960285531e-11,-5.810215538075724e-20,-0.002610980652211341,-0.002610980652211341,1.0,0.0
321682694.9845969,0.8368436393980149,321682694.9845969,62717305.01540309,2.931276194801482e-11,-5.799564546479686e-20,-0.0026061943352835306,-0.002606194335283531,0.9999999999999999,4.336808689942018e-19
321757935.91918385,0.8370393754401245,321757935.91918385,62642064.08081615,2.9308402315020306e-11,-5.788892428821683e-20,-0.002601398524776921,-0.002601398524776922,0.9999999999999997,8.673617379884035e-19
321833176.85377073,0.837235111482234,321833176.85377073,62566823.14622927,2.9304050719811506e-11,-5.778199067244708e-20,-0.002596593167729215,-0.002596593167729215,1.0,0.0
321908417.7883577,0.8374308475243436,321908417.7883577,62491582.211642325,2.92997071784171e-11,-5.767484343200705e-20,-0.0025917782108675733,-0.002591778210867573,1.0000000000000002,4.336808689942018e-19
321983658.7229446,0.8376265835664533,321983658.7229446,62416341.27705538,2.929537170695522e-11,-5.756748137445608e-20,-0.0025869536006063844,-0.002586953600606384,1.0000000000000002,4.336808689942018e-19
322058899.6575315,0.8378223196085627,322058899.6575315,62341100.3424685,2.929104432163399e-11,-5.745990330034231e-20,-0.0025821192830449706,-0.00258211928304497,1.0000000000000002,4.336808689942018e-19
322134140.59211844,0.8380180556506723,322134140.59211844,62265859.40788156,2.9286725038752054e-11,-5.735210800315149e-20,-0.0025772752039652843,-0.0025772752039652843,1.0,0.0
322209381.5267053,0.8382137916927818,322209381.5267053,62190618.473294675,2.928241387469908e-11,-5.724409426925584e-20,-0.0025724213088296134,-0.002572421308829613,1.0000000000000002,4.336808689942018e-19
322284622.46129227,0.8384095277348914,322284622.46129227,62115377.53870773,2.927811084595632e-11,-5.713586087786143e-20,-0.002567557542778215,-0.0025675575427782137,1.0000000000000004,1.3010426069826053e-18
322359863.3958792,0.8386052637770011,322359863.3958792,62040136.60412079,2.927381596909719e-11,-5.702740660095636e-20,-0.002562683850626985,-0.0025626838506269847,1.0000000000000002,4.336808689942018e-19
322435104.3304661,0.8388009998191105,322435104.3304661,61964895.66953391,2.926952926078773e-11,-5.691873020325758e-20,-0.002557800176865073,-0.0025578001768650736,0.9999999999999998,4.336808689942018e-19
322510345.26505303,0.8389967358612201,322510345.26505303,61889654.734946966,2.926525073778722e-11,-5.680983044215741e-20,-0.0025529064656524742,-0.002552906465652474,1.0000000000000002,4.336808689942018e-19
322585586.1996399,0.8391924719033297,322585586.1996399,61814413.80036008,2.926098041694871e-11,-5.67007060676701e-20,-0.00254800266081763,-0.0025480026608176304,0.9999999999999998,4.336808689942018e-19
322660827.13422686,0.8393882079454392,322660827.13422686,61739172.86577314,2.925671831521959e-11,-5.65913558223772e-20,-0.002543088705854973,-0.002543088705854973,1.0,0.0
322736068.06881374,0.8395839439875488,322736068.06881374,61663931.93118626,2.925246444964211e-11,-5.648177844137334e-20,-0.002538164543922491,-0.0025381645439224903,1.0000000000000004,8.673617379884035e-19
322811309.0034007,0.8397796800296584,322811309.0034007,61588690.99659932,2.9248218837354005e-11,-5.637197265221036e-20,-0.002533230117839216,-0.002533230117839215,1.0000000000000004,8.673617379884035e-19
322886549.9379876,0.8399754160717681,322886549.9379876,61513450.062012374,2.924398149558903e-11,-5.626193717484238e-20,-0.0025282853700827534,-0.002528285370082753,1.0000000000000002,4.336808689942018e-19
322961790.8725745,0.8401711521138775,322961790.8725745,61438209.12742549,2.923975244167754e-11,-5.615167072156936e-20,-0.0025233302427867497,-0.0025233302427867497,1.0,0.0
323037031.80716145,0.8403668881559871,323037031.80716145,61362968.19283855,2.9235531693047046e-11,-5.604117199698016e-20,-0.0025183646777383324,-0.002518364677738332,1.0000000000000002,4.336808689942018e-19
323112272.74174833,0.8405626241980966,323112272.74174833,61287727.25825167,2.923131926722285e-11,-5.593043969789615e-20,-0.0025133886163755726,-0.002513388616375572,1.0000000000000002,4.336808689942018e-19
323187513.6763353,0.8407583602402062,323187513.6763353,61212486.323664725,2.922711518182859e-11,-5.581947251331287e-20,-0.002508401999784869,-0.002508401999784869,1.0,0.0
323262754.6109222,0.8409540962823159,323262754.6109222,61137245.38907778,2.922291945458683e-11,-5.570826912434258e-20,-0.0025034047686983626,-0.0025034047686983618,1.0000000000000004,8.673617379884035e-19
323337995.5455091,0.8411498323244253,323337995.5455091,61062004.4544909,2.921873210331967e-11,-5.559682820415536e-20,-0.0024983968634912897,-0.0024983968634912897,1.0,0.0
323413236.48009604,0.841345568366535,323413236.48009604,60986763.51990396,2.9214553145949356e-11,-5.548514841791989e-20,-0.0024933782241793223,-0.0024933782241793223,1.0,0.0
323488477.4146829,0.8415413044086445,323488477.4146829,60911522.585317075,2.9210382600498864e-11,-5.537322842274434e-20,-0.002488348790415911,-0.0024883487904159107,1.0000000000000002,4.336808689942018e-19
323563718.34926987,0.841737040450754,323563718.34926987,60836281.65073013,2.920622048509251e-11,-5.526106686761552e-20,-0.002483308501489551,-0.0024833085014895513,0.9999999999999998,4.336808689942018e-19
323638959.28385675,0.8419327764928636,323638959.28385675,60761040.71614325,2.9202066817956564e-11,-5.514866239333911e-20,-0.002478257296321095,-0.002478257296321095,1.0,0.0
323714200.2184437,0.8421285125349732,323714200.2184437,60685799.78155631,2.919792161741989e-11,-5.503601363247762e-20,-0.0024731951134609677,-0.0024731951134609677,1.0,0.0
323789441.15303063,0.8423242485770828,323789441.15303063,60610558.846969366,2.919378490191455e-11,-5.492311920928943e-20,-0.002468121891086423,-0.0024681218910864227,1.0000000000000002,4.336808689942018e-19
323864682.0876175,0.8425199846191923,323864682.0876175,60535317.91238248,2.9189656689976416e-11,-5.480997773966622e-20,-0.0024630375669987352,-0.002463037566998735,1.0000000000000002,4.336808689942018e-19
323939923.02220446,0.842715720661302,323939923.02220446,60460076.97779554,2.918553700024583e-11,-5.469658783106999e-20,-0.0024579420786203674,-0.002457942078620367,1.0000000000000002,4.336808689942018e-19
324015163.95679134,0.8429114567034114,324015163.95679134,60384836.04320866,2.9181425851468223e-11,-5.458294808247029e-20,-0.002452835362992151,-0.002452835362992151,1.0,0.0
324090404.8913783,0.843107192745521,324090404.8913783,60309595.10862172,2.917732326249477e-11,-5.446905708427968e-20,-0.0024477173567703852,-0.0024477173567703852,1.0,0.0
324165645.8259652,0.8433029287876307,324165645.8259652,60234354.174034774,2.917322925228302e-11,-5.435491341828992e-20,-0.00244258799622397,-0.00244258799622397,1.0,0.0
324240886.7605521,0.8434986648297401,324240886.7605521,60159113.23944789,2.9169143839897575e-11,-5.424051565760671e-20,-0.0024374472172314734,-0.002437447217231474,0.9999999999999998,4.336808689942018e-19
324316127.69513905,0.8436944008718498,324316127.69513905,60083872.30486095,2.916506704451069e-11,-5.412586236658383e-20,-0.002432294955278172,-0.002432294955278172,1.0,0.0
324391368.62972593,0.8438901369139592,324391368.62972593,60008631.37027407,2.9160998885403006e-11,-5.401095210075762e-20,-0.0024271311454531056,-0.0024271311454531043,1.0000000000000004,1.3010426069826053e-18
324466609.5643129,0.8440858729560689,324466609.5643129,59933390.435687125,2.915693938196416e-11,-5.389578340677958e-20,-0.0024219557224460495,-0.002421955722446049,1.0000000000000002,4.336808689942018e-19
324541850.49889976,0.8442816089981784,324541850.49889976,59858149.50110024,2.915288855369349e-11,-5.378035482234973e-20,-0.00241676862054452,-0.00241676862054452,1.0,0.0
324617091.4334867,0.8444773450402879,324617091.4334867,59782908.5665133,2.914884642020069e-11,-5.3664664876148036e-20,-0.002411569773630692,-0.0024115697736306918,1.0000000000000002,4.336808689942018e-19
324692332.36807364,0.8446730810823976,324692332.36807364,59707667.63192636,2.9144813001206496e-11,-5.354871208776651e-20,-0.002406359115178349,-0.002406359115178349,1.0,0.0
324767573.3026605,0.8448688171245071,324767573.3026605,59632426.697339475,2.914078831654338e-11,-5.3432494967639825e-20,-0.0024011365782497618,-0.0024011365782497618,1.0,0.0
324842814.23724747,0.8450645531666168,324842814.23724747,59557185.76275253,2.913677238615625e-11,-5.331601201697534e-20,-0.0023959020954925493,-0.002395902095492549,1.0000000000000002,4.336808689942018e-19
324918055.17183435,0.8452602892087262,324918055.17183435,59481944.82816565,2.9132765230103106e-11,-5.3199261727683404e-20,-0.002390655599136542,-0.002390655599136542,1.0,0.0
324993296.1064213,0.8454560252508359,324993296.1064213,59406703.89357871,2.9128766868555785e-11,-5.3082242582305644e-20,-0.002385397020990561,-0.00238539702099056,1.0000000000000004,8.673617379884035e-19
325068537.04100823,0.8456517612929455,325068537.04100823,59331462.958991766,2.9124777321800656e-11,-5.296495305394402e-20,-0.0023801262924392306,-0.0023801262924392297,1.0000000000000004,8.673617379884035e-19
325143777.9755951,0.8458474973350549,325143777.9755951,59256222.02440488,2.912079661023934e-11,-5.2847391606188363e-20,-0.002374843344439721,-0.0023748433444397204,1.0000000000000002,4.336808689942018e-19
325219018.91018206,0.8460432333771646,325219018.91018206,59180981.08981794,2.9116824754389385e-11,-5.2729556693043226e-20,-0.002369548107518461,-0.0023695481075184607,1.0000000000000002,4.336808689942018e-19
325294259.84476894,0.846238969419274,325294259.84476894,59105740.15523106,2.9112861774885066e-11,-5.2611446758854934e-20,-0.0023642405117678613,-0.002364240511767861,1.0000000000000002,4.336808689942018e-19
325369500.7793559,0.8464347054613837,325369500.7793559,59030499.22064412,2.910890769247804e-11,-5.2493060238236746e-20,-0.00235892048684295,-0.00235892048684295,1.0,0.0
325444741.71394277,0.8466304415034932,325444741.71394277,58955258.286057234,2.9104962528038134e-11,-5.2374395555994784e-20,-0.002353587961958044,-0.0023535879619580435,1.0000000000000002,4.336808689942018e-19
325519982.6485297,0.8468261775456027,325519982.6485297,58880017.35147029,2.9101026302554052e-11,-5.225545112705167e-20,-0.002348242865883318,-0.0023482428658833177,1.0000000000000002,4.336808689942018e-19
325595223.58311665,0.8470219135877124,325595223.58311665,58804776.41688335,2.9097099037134142e-11,-5.2136225356371115e-20,-0.002342885126941416,-0.002342885126941416,1.0,0.0
325670464.51770353,0.8472176496298219,325670464.51770353,58729535.48229647,2.9093180753007143e-11,-5.2016716638880743e-20,-0.002337514673003983,-0.002337514673003982,1.0000000000000004,8.673617379884035e-19
325745705.4522905,0.8474133856719315,325745705.4522905,58654294.547709525,2.9089271471522934e-11,-5.189692335939417e-20,-0.0023321314314881615,-0.0023321314314881615,1.0,0.0
325820946.38687736,0.847609121714041,325820946.38687736,58579053.61312264,2.908537121415331e-11,-5.177684389253357e-20,-0.0023267353293531154,-0.0023267353293531154,1.0,0.0
325896187.3214643,0.8478048577561507,325896187.3214643,58503812.6785357,2.9081480002492747e-11,-5.165647660264979e-20,-0.0023213262930964376,-0.002321326293096437,1.0000000000000002,4.336808689942018e-19
325971428.25605124,0.8480005937982602,325971428.25605124,58428571.74394876,2.907759785825917e-11,-5.1535819843743466e-20,-0.0023159042487506045,-0.002315904248750605,0.9999999999999998,4.336808689942018e-19
326046669.1906381,0.8481963298403697,326046669.1906381,58353330.809361875,2.907372480329476e-11,-5.1414871959384336e-20,-0.002310469121879353,-0.002310469121879353,1.0,0.0
326121910.12522507,0.8483920658824794,326121910.12522507,58278089.87477493,2.9069860859566704e-11,-5.129363128262974e-20,-0.0023050208375740154,-0.0023050208375740154,1.0,0.0
326197151.05981195,0.8485878019245888,326197151.05981195,58202848.94018805,2.9066006049168027e-11,-5.1172096135943584e-20,-0.0022995593204498794,-0.0022995593204498794,1.0,0.0
326272391.9943989,0.8487835379666985,326272391.9943989,58127608.00560111,2.9062160394318356e-11,-5.105026483111288e-20,-0.0022940844946424364,-0.0022940844946424364,1.0,0.0
326347632.9289858,0.8489792740088079,326347632.9289858,58052367.071014225,2.9058323917364763e-11,-5.092813566916521e-20,-0.0022885962838036737,-0.002288596283803673,1.0000000000000004,8.673617379884035e-19
326422873.8635727,0.8491750100509176,326422873.8635727,57977126.13642728,2.9054496640782547e-11,-5.080570694028387e-20,-0.0022830946110982604,-0.0022830946110982604,1.0,0.0
326498114.79815966,0.8493707460930272,326498114.79815966,57901885.20184034,2.9050678587176067e-11,-5.0682976923723674e-20,-0.0022775793991997636,-0.0022775793991997636,1.0,0.0
326573355.73274654,0.8495664821351366,326573355.73274654,57826644.26725346,2.9046869779279583e-11,-5.0559943887725e-20,-0.0022720505702867877,-0.002272050570286787,1.0000000000000004,8.673617379884035e-19
326648596.6673335,0.8497622181772463,326648596.6673335,57751403.33266652,2.9043070239958044e-11,-5.043660608942714e-20,-0.0022665080460390775,-0.0022665080460390775,1.0,0.0
326723837.60192037,0.8499579542193558,326723837.60192037,57676162.39807963,2.9039279992207977e-11,-5.031296177478173e-20,-0.002260951747633631,-0.0022609517476336305,1.0000000000000002,4.336808689942018e-19
326799078.5365073,0.8501536902614655,326799078.5365073,57600921.46349269,2.9035499059158294e-11,-5.0189009178463987e-20,-0.002255381595740709,-0.0022553815957407084,1.0000000000000002,4.336808689942018e-19
326874319.47109425,0.850349426303575,326874319.47109425,57525680.52890575,2.903172746407117e-11,-5.006474652378458e-20,-0.0022497975105198738,-0.0022497975105198738,1.0,0.0
326949560.40568113,0.8505451623456846,326949560.40568113,57450439.59431887,2.902796523034288e-11,-4.9940172022599736e-20,-0.0022441994116159524,-0.0022441994116159515,1.0000000000000004,8.673617379884035e-19
327024801.3402681,0.8507408983877942,327024801.3402681,57375198.659731925,2.902421238150468e-11,-4.981528387522042e-20,-0.002238587218154952,-0.0022385872181549522,0.9999999999999998,4.336808689942018e-19
327100042.27485496,0.8509366344299036,327100042.27485496,57299957.72514504,2.9020468941223673e-11,-4.969008027032187e-20,-0.002232960848739997,-0.0022329608487399967,1.0000000000000002,4.336808689942018e-19
327175283.2094419,0.8511323704720133,327175283.2094419,57224716.7905581,2.9016734933303687e-11,-4.95645593848506e-20,-0.0022273202214471506,-0.00222732022144715,1.0000000000000002,4.336808689942018e-19
327250524.1440288,0.8513281065141227,327250524.1440288,57149475.85597122,2.901301038168617e-11,-4.943871938393224e-20,-0.0022216652538212694,-0.0022216652538212694,1.0,0.0
327325765.0786157,0.8515238425562324,327325765.0786157,57074234.921384275,2.9009295310451058e-11,-4.9312558420776967e-20,-0.002215995862871758,-0.0022159958628717577,1.0000000000000002,4.336808689942018e-19
327401006.01320267,0.851719578598342,327401006.01320267,56998993.98679733,2.9005589743817707e-11,-4.918607463658541e-20,-0.0022103119650683386,-0.002210311965068338,1.0000000000000002,4.336808689942018e-19
327476246.94778955,0.8519153146404514,327476246.94778955,56923753.05221045,2.9001893706145785e-11,-4.905926616045291e-20,-0.002204613476336748,-0.0022046134763367476,1.0000000000000002,4.336808689942018e-19
327551487.8823765,0.8521110506825611,327551487.8823765,56848512.11762351,2.899820722193618e-11,-4.8932131109272655e-20,-0.002198900312054387,-0.0021989003120543864,1.0000000000000002,4.336808689942018e-19
327626728.8169634,0.8523067867246706,327626728.8169634,56773271.183036625,2.8994530315831936e-11,-4.880466758763911e-20,-0.002193172387045978,-0.002193172387045978,1.0,0.0
327701969.7515503,0.8525025227667802,327701969.7515503,56698030.24844968,2.8990863012619163e-11,-4.867687368774892e-20,-0.0021874296155791136,-0.002187429615579113,1.0000000000000002,4.336808689942018e-19
327777210.68613726,0.8526982588088898,327777210.68613726,56622789.31386274,2.8987205337228e-11,-4.854874748930246e-20,-0.0021816719113598327,-0.0021816719113598327,1.0,0.0
327852451.62072414,0.8528939948509994,327852451.62072414,56547548.37927586,2.8983557314733542e-11,-4.8420287059403455e-20,-0.0021758991875281083,-0.0021758991875281087,0.9999999999999998,4.336808689942018e-19
327927692.5553111,0.8530897308931089,327927692.5553111,56472307.444688916,2.8979918970356785e-11,-4.8291490452457606e-20,-0.002170111356653293,-0.0021701113566532926,1.0000000000000002,4.336808689942018e-19
328002933.48989797,0.8532854669352185,328002933.48989797,56397066.51010203,2.89762903294656e-11,-4.816235571007141e-20,-0.0021643083307295707,-0.0021643083307295702,1.0000000000000002,4.336808689942018e-19
328078174.4244849,0.8534812029773281,328078174.4244849,56321825.57551509,2.897267141757569e-11,-4.803288086094831e-20,-0.0021584900211712933,-0.002158490021171293,1.0000000000000002,4.336808689942018e-19
328153415.3590718,0.8536769390194375,328153415.3590718,56246584.64092821,2.8969062260351578e-11,-4.7903063920785747e-20,-0.0021526563388083496,-0.0021526563388083496,1.0,0.0
328228656.29365873,0.8538726750615472,328228656.29365873,56171343.70634127,2.896546288360757e-11,-4.777290289216945e-20,-0.0021468071938814193,-0.0021468071938814193,1.0,0.0
328303897.2282457,0.8540684111036568,328303897.2282457,56096102.771754324,2.8961873313308766e-11,-4.764239576446823e-20,-0.0021409424960372424,-0.002140942496037242,1.0000000000000002,4.336808689942018e-19
328379138.16283256,0.8542641471457663,328379138.16283256,56020861.83716744,2.8958293575572038e-11,-4.751154051372691e-20,-0.002135062154323809,-0.002135062154323809,1.0,0.0
328454379.0974195,0.8544598831878759,328454379.0974195,55945620.9025805,2.8954723696667054e-11,-4.7380335102558154e-20,-0.0021291660771854985,-0.002129166077185498,1.0000000000000002,4.336808689942018e-19
328529620.0320064,0.8546556192299853,328529620.0320064,55870379.96799362,2.895116370301728e-11,-4.7248777480034345e-20,-0.0021232541724582193,-0.0021232541724582185,1.0000000000000004,8.673617379884035e-19
328604860.9665933,0.854851355272095,328604860.9665933,55795139.033406675,2.8947613621201017e-11,-4.711686558157676e-20,-0.0021173263473644316,-0.0021173263473644316,1.0,0.0
328680101.90118027,0.8550470913142046,328680101.90118027,55719898.09881973,2.8944073477952417e-11,-4.698459732884554e-20,-0.002111382508508199,-0.002111382508508199,1.0,0.0
328755342.83576715,0.8552428273563141,328755342.83576715,55644657.16423285,2.8940543300162534e-11,-4.6851970629627277e-20,-0.0021054225618701394,-0.0021054225618701394,1.0,0.0
328830583.7703541,0.8554385633984237,328830583.7703541,55569416.22964591,2.8937023114880355e-11,-4.671898337772168e-20,-0.0020994464128023327,-0.0020994464128023327,1.0,0.0
328905824.704941,0.8556342994405333,328905824.704941,55494175.295059025,2.893351294931389e-11,-4.6585633452828165e-20,-0.0020934539660232222,-0.002093453966023222,1.0000000000000002,4.336808689942018e-19
328981065.6395279,0.8558300354826429,328981065.6395279,55418934.36047208,2.89300128308312e-11,-4.645191872042991e-20,-0.0020874451256124053,-0.0020874451256124057,0.9999999999999998,4.336808689942018e-19
329056306.5741148,0.8560257715247523,329056306.5741148,55343693.4258852,2.8926522786961498e-11,-4.6317837031678306e-20,-0.0020814197950054414,-0.002081419795005441,1.0000000000000002,4.336808689942018e-19
329131547.50870174,0.856221507566862,329131547.50870174,55268452.49129826,2.892304284539621e-11,-4.618338622327477e-20,-0.0020753778769885397,-0.0020753778769885397,1.0,0.0
329206788.4432887,0.8564172436089716,329206788.4432887,55193211.556711316,2.8919573033990084e-11,-4.604856411735288e-20,-0.0020693192736932647,-0.002069319273693265,0.9999999999999998,4.336808689942018e-19
329282029.37787557,0.8566129796510811,329282029.37787557,55117970.62212443,2.8916113380762294e-11,-4.591336852135852e-20,-0.0020632438865911475,-0.002063243886591147,1.0000000000000002,4.336808689942018e-19
329357270.3124625,0.8568087156931907,329357270.3124625,55042729.68753749,2.891266391389752e-11,-4.577779722792859e-20,-0.0020571516164882377,-0.0020571516164882373,1.0000000000000002,4.336808689942018e-19
329432511.2470494,0.8570044517353002,329432511.2470494,54967488.75295061,2.8909224661747105e-11,-4.564184801476998e-20,-0.0020510423635196626,-0.0020510423635196626,1.0,0.0
329507752.18163633,0.8572001877774098,329507752.18163633,54892247.81836367,2.8905795652830158e-11,-4.5505518644535437e-20,-0.0020449160271440517,-0.0020449160271440517,1.0,0.0
329582993.1162233,0.8573959238195195,329582993.1162233,54817006.883776724,2.890237691583469e-11,-4.536880686470009e-20,-0.0020387725061379843,-0.002038772506137984,1.0000000000000002,4.336808689942018e-19
329658234.05081016,0.8575916598616289,329658234.05081016,54741765.94918984,2.8898968479618784e-11,-4.52317104074355e-20,-0.0020326116985903333,-0.002032611698590333,1.0000000000000002,4.336808689942018e-19
329733474.9853971,0.8577873959037385,329733474.9853971,54666525.0146029,2.889557037321173e-11,-4.509422698948274e-20,-0.0020264335018965593,-0.002026433501896559,1.0000000000000002,4.336808689942018e-19
329808715.919984,0.8579831319458481,329808715.919984,54591284.08001602,2.8892182625815195e-11,-4.495635431202517e-20,-0.002020237812752994,-0.0020202378127529936,1.0000000000000002,4.336808689942018e-19
329883956.8545709,0.8581788679879576,329883956.8545709,54516043.145429075,2.8888805266804404e-11,-4.481809006055833e-20,-0.0020140245271509944,-0.0020140245271509935,1.0000000000000004,8.673617379884035e-19
329959197.7891578,0.8583746040300672,329959197.7891578,54440802.21084219,2.888543832572931e-11,-4.4679431904760445e-20,-0.0020077935403711223,-0.002007793540371122,1.0000000000000002,4.336808689942018e-19
330034438.72374475,0.8585703400721768,330034438.72374475,54365561.27625525,2.8882081832315825e-11,-4.454037749835982e-20,-0.0020015447469771855,-0.0020015447469771855,1.0,0.0
330109679.6583317,0.8587660761142863,330109679.6583317,54290320.34166831,2.8878735816466974e-11,-4.440092447900267e-20,-0.0019952780408102992,-0.001995278040810299,1.0000000000000002,4.336808689942018e-19
330184920.5929186,0.8589618121563959,330184920.5929186,54215079.407081425,2.8875400308264157e-11,-4.426107046811843e-20,-0.001988993314982833,-0.001988993314982833,1.0,0.0
330260161.5275055,0.8591575481985055,330260161.5275055,54139838.47249448,2.887207533796834e-11,-4.412081307078402e-20,-0.0019826904618723104,-0.0019826904618723096,1.0000000000000004,8.673617379884035e-19
330335402.4620924,0.859353284240615,330335402.4620924,54064597.5379076,2.8868760936021317e-11,-4.3980149875587484e-20,-0.0019763693731152825,-0.001976369373115282,1.0000000000000002,4.336808689942018e-19
330410643.39667934,0.8595490202827246,330410643.39667934,53989356.60332066,2.8865457133046936e-11,-4.383907845448913e-20,-0.0019700299396010874,-0.001970029939601088,0.9999999999999998,4.336808689942018e-19
330485884.3312663,0.8597447563248343,330485884.3312663,53914115.668733716,2.8862163959852362e-11,-4.369759636268257e-20,-0.0019636720514656044,-0.001963672051465604,1.0000000000000002,4.336808689942018e-19
330561125.26585317,0.8599404923669437,330561125.26585317,53838874.73414683,2.8858881447429352e-11,-4.355570113845344e-20,-0.0019572955980849066,-0.0019572955980849066,1.0,0.0
330636366.2004401,0.8601362284090533,330636366.2004401,53763633.79955989,2.8855609626955512e-11,-4.3413390303036816e-20,-0.0019509004680688538,-0.0019509004680688538,1.0,0.0
330711607.135027,0.8603319644511628,330711607.135027,53688392.86497301,2.8852348529795622e-11,-4.327066136047419e-20,-0.0019444865492546646,-0.0019444865492546641,1.0000000000000002,4.336808689942018e-19
330786848.06961393,0.8605277004932724,330786848.06961393,53613151.93038607,2.884909818750288e-11,-4.3127511797467476e-20,-0.0019380537287003545,-0.0019380537287003545,1.0,0.0
330862089.0042009,0.8607234365353821,330862089.0042009,53537910.995799124,2.8845858631820268e-11,-4.298393908323326e-20,-0.0019316018926781896,-0.0019316018926781894,1.0000000000000002,2.168404344971009e-19
330937329.93878776,0.8609191725774916,330937329.93878776,53462670.06121224,2.8842629894681846e-11,-4.283994066935438e-20,-0.0019251309266680129,-0.001925130926668013,0.9999999999999999,2.168404344971009e-19
331012570.8733747,0.8611149086196012,331012570.8733747,53387429.1266253,2.8839412008214075e-11,-4.2695513989630167e-20,-0.0019186407153505179,-0.0019186407153505174,1.0000000000000002,4.336808689942018e-19
331087811.8079616,0.8613106446617107,331087811.8079616,53312188.19203842,2.8836205004737187e-11,-4.255065645992624e-20,-0.0019121311426004966,-0.0019121311426004966,1.0,0.0
331163052.7425485,0.8615063807038204,331163052.7425485,53236947.257451475,2.8833008916766512e-11,-4.240536547802122e-20,-0.0019056020914799518,-0.0019056020914799518,1.0,0.0
331238293.6771354,0.8617021167459298,331238293.6771354,53161706.32286459,2.8829823777013876e-11,-4.225963842345363e-20,-0.0018990534442312175,-0.0018990534442312173,1.0000000000000002,2.168404344971009e-19
331313534.61172235,0.8618978527880394,331313534.61172235,53086465.38827765,2.8826649618388946e-11,-4.211347265736556e-20,-0.0018924850822699332,-0.0018924850822699332,1.0,0.0
331388775.5463093,0.8620935888301491,331388775.5463093,53011224.45369071,2.8823486474000647e-11,-4.1966865522346364e-20,-0.0018858968861780198,-0.0018858968861780196,1.0000000000000002,2.168404344971009e-19
331464016.4808962,0.8622893248722585,331464016.4808962,52935983.519103825,2.882033437715855e-11,-4.181981434227377e-20,-0.0018792887356965395,-0.0018792887356965389,1.0000000000000004,6.505213034913027e-19
331539257.4154831,0.8624850609143682,331539257.4154831,52860742.58451688,2.8817193361374283e-11,-4.167231642215335e-20,-0.0018726605097184826,-0.0018726605097184826,1.0,0.0
331614498.35007,0.8626807969564776,331614498.35007,52785501.64993,2.8814063460362974e-11,-4.1524369047957615e-20,-0.0018660120862815362,-0.0018660120862815353,1.0000000000000004,8.673617379884035e-19
331689739.28465694,0.8628765329985872,331689739.28465694,52710260.71534306,2.8810944708044665e-11,-4.137596948646153e-20,-0.0018593433425606923,-0.0018593433425606921,1.0000000000000002,2.168404344971009e-19
331764980.2192439,0.8630722690406969,331764980.2192439,52635019.780756116,2.8807837138545787e-11,-4.1227114985078573e-20,-0.0018526541548608813,-0.0018526541548608813,1.0,0.0
331840221.15383077,0.8632680050828063,331840221.15383077,52559778.84616923,2.880474078620061e-11,-4.1077802771693466e-20,-0.001845944398609455,-0.0018459443986094547,1.0000000000000002,4.336808689942018e-19
331915462.0884177,0.863463741124916,331915462.0884177,52484537.91158229,2.8801655685552712e-11,-4.092803005449355e-20,-0.0018392139483486096,-0.0018392139483486096,1.0,0.0
331990703.0230046,0.8636594771670255,331990703.0230046,52409296.97699541,2.8798581871356486e-11,-4.077779402179966e-20,-0.0018324626777277842,-0.0018324626777277838,1.0000000000000002,4.336808689942018e-19
332065943.95759153,0.863855213209135,332065943.95759153,52334056.04240847,2.8795519378578625e-11,-4.062709184189325e-20,-0.0018256904594958936,-0.0018256904594958932,1.0000000000000002,4.336808689942018e-19
332141184.8921784,0.8640509492512446,332141184.8921784,52258815.107821584,2.879246824239965e-11,-4.0475920662843987e-20,-0.0018188971654935799,-0.0018188971654935799,1.0,0.0
332216425.82676536,0.8642466852933542,332216425.82676536,52183574.17323464,2.8789428498215417e-11,-4.0324277612333534e-20,-0.0018120826666452939,-0.0018120826666452939,1.0,0.0
332291666.7613523,0.8644424213354639,332291666.7613523,52108333.2386477,2.878640018163868e-11,-4.0172159797479326e-20,-0.0018052468329513764,-0.0018052468329513762,1.0000000000000002,2.168404344971009e-19
332366907.6959392,0.8646381573775733,332366907.6959392,52033092.30406082,2.878338332850064e-11,-4.0019564304655447e-20,-0.0017983895334800085,-0.0017983895334800083,1.0000000000000002,2.168404344971009e-19
332442148.6305261,0.864833893419683,332442148.6305261,51957851.369473875,2.878037797485249e-11,-3.9866488199311656e-20,-0.0017915106363590788,-0.0017915106363590783,1.0000000000000002,4.336808689942018e-19
332517389.565113,0.8650296294617924,332517389.565113,51882610.43488699,2.8777384156967032e-11,-3.971292852579172e-20,-0.00178461000876802,-0.0017846100087680202,0.9999999999999999,2.168404344971009e-19
332592630.49969995,0.865225365503902,332592630.49969995,51807369.50030005,2.8774401911340245e-11,-3.955888230714824e-20,-0.0017776875169294873,-0.001777687516929488,0.9999999999999997,6.505213034913027e-19
332667871.4342869,0.8654211015460117,332667871.4342869,51732128.56571311,2.877143127469291e-11,-3.940434654495723e-20,-0.001770743026101027,-0.001770743026101027,1.0,0.0
332743112.3688738,0.8656168375881211,332743112.3688738,51656887.631126225,2.876847228397222e-11,-3.924931821912968e-20,-0.0017637764005666062,-0.0017637764005666065,0.9999999999999999,2.168404344971009e-19
332818353.3034607,0.8658125736302308,332818353.3034607,51581646.69653928,2.876552497635342e-11,-3.909379428772121e-20,-0.0017567875036280628,-0.0017567875036280628,1.0,0.0
332893594.2380476,0.8660083096723402,332893594.2380476,51506405.7619524,2.8762589389241474e-11,-3.893777168674095e-20,-0.0017497761975965131,-0.001749776197596513,1.0000000000000002,2.168404344971009e-19
332968835.17263454,0.8662040457144499,332968835.17263454,51431164.82736546,2.8759665560272706e-11,-3.8781247329956664e-20,-0.0017427423437835967,-0.0017427423437835969,0.9999999999999999,2.168404344971009e-19
333044076.1072214,0.8663997817565594,333044076.1072214,51355923.892778575,2.8756753527316508e-11,-3.862421810869985e-20,-0.001735685802492718,-0.0017356858024927182,0.9999999999999999,2.168404344971009e-19
333119317.04180837,0.8665955177986691,333119317.04180837,51280682.95819163,2.8753853328477007e-11,-3.846668089166671e-20,-0.001728606433010102,-0.0017286064330101025,0.9999999999999998,4.336808689942018e-19
333194557.9763953,0.8667912538407786,333194557.9763953,51205442.02360469,2.8750965002094795e-11,-3.8308632524719266e-20,-0.0017215040935958563,-0.001721504093595856,1.0000000000000002,4.336808689942018e-19
333269798.9109822,0.8669869898828881,333269798.9109822,51130201.08901781,2.874808858674866e-11,-3.8150069830682756e-20,-0.0017143786414748677,-0.0017143786414748668,1.0000000000000004,8.673617379884035e-19
333345039.84556913,0.8671827259249978,333345039.84556913,51054960.154430866,2.8745224121257295e-11,-3.799098960914129e-20,-0.0017072299328276179,-0.0017072299328276177,1.0000000000000002,2.168404344971009e-19
333420280.780156,0.8673784619671072,333420280.780156,50979719.21984398,2.87423716446811e-11,-3.783138863623247e-20,-0.0017000578227809563,-0.0017000578227809558,1.0000000000000002,4.336808689942018e-19
333495521.71474296,0.8675741980092169,333495521.71474296,50904478.28525704,2.873953119632391e-11,-3.7671263664438084e-20,-0.0016928621653986915,-0.0016928621653986915,1.0,0.0
333570762.6493299,0.8677699340513265,333570762.6493299,50829237.3506701,2.8736702815734813e-11,-3.751061142237438e-20,-0.00168564281367217,-0.00168564281367217,1.0,0.0
333646003.5839168,0.867965670093436,333646003.5839168,50753996.41608322,2.8733886542709947e-11,-3.7349428614579115e-20,-0.001678399619510703,-0.0016783996195107022,1.0000000000000004,8.673617379884035e-19
333721244.5185037,0.8681614061355456,333721244.5185037,50678755.481496274,2.8731082417294313e-11,-3.718771192129613e-20,-0.0016711324337318895,-0.0016711324337318892,1.0000000000000002,2.168404344971009e-19
333796485.4530906,0.868357142177655,333796485.4530906,50603514.54690939,2.8728290479783602e-11,-3.702545799825925e-20,-0.0016638411060519013,-0.001663841106051901,1.0000000000000002,2.168404344971009e-19
333871726.38767755,0.8685528782197647,333871726.38767755,50528273.61232245,2.872551077072608e-11,-3.6862663476471765e-20,-0.001656525485075577,-0.0016565254850755765,1.0000000000000002,4.336808689942018e-19
333946967.32226443,0.8687486142618742,333946967.32226443,50453032.67773557,2.8722743330924424e-11,-3.669932496198575e-20,-0.001649185418286503,-0.0016491854182865025,1.0000000000000002,4.336808689942018e-19
334022208.2568514,0.8689443503039838,334022208.2568514,50377791.743148625,2.8719988201437622e-11,-3.6535439035677043e-20,-0.0016418207520369013,-0.0016418207520369009,1.0000000000000002,4.336808689942018e-19
334097449.1914383,0.8691400863460934,334097449.1914383,50302550.80856168,2.8717245423582876e-11,-3.6371002253019794e-20,-0.0016344313315375,-0.0016344313315374995,1.0000000000000002,4.336808689942018e-19
334172690.1260252,0.869335822388203,334172690.1260252,50227309.8739748,2.871451503893752e-11,-3.620601114385731e-20,-0.0016270170008472343,-0.001627017000847234,1.0000000000000002,2.168404344971009e-19
334247931.06061214,0.8695315584303125,334247931.06061214,50152068.93938786,2.871179708934096e-11,-3.604046221217057e-20,-0.001619577602862844,-0.001619577602862843,1.0000000000000004,8.673617379884035e-19
334323171.995199,0.869727294472422,334323171.995199,50076828.004800975,2.870909161689662e-11,-3.587435193584542e-20,-0.0016121129793084125,-0.0016121129793084132,0.9999999999999996,6.505213034913027e-19
334398412.92978597,0.8699230305145317,334398412.92978597,50001587.07021403,2.8706398663973925e-11,-3.570767676643574e-20,-0.001604622970724723,-0.0016046229707247224,1.0000000000000004,6.505213034913027e-19
334473653.8643729,0.8701187665566413,334473653.8643729,49926346.13562709,2.8703718273210285e-11,-3.554043312892555e-20,-0.0015971074164585698,-0.0015971074164585698,1.0,0.0
334548894.7989598,0.8703145025987508,334548894.7989598,49851105.20104021,2.8701050487513105e-11,-3.5372617421487786e-20,-0.0015895661546519162,-0.001589566154651916,1.0000000000000002,2.168404344971009e-19
334624135.73354673,0.8705102386408604,334624135.73354673,49775864.266453266,2.8698395350061813e-11,-3.5204226015240165e-20,-0.001581999022230925,-0.0015819990222309247,1.0000000000000002,2.168404344971009e-19
334699376.6681336,0.8707059746829698,334699376.6681336,49700623.33186638,2.8695752904309898e-11,-3.503525525399998e-20,-0.001574405854894939,-0.0015744058548949392,0.9999999999999999,2.168404344971009e-19
334774617.60272056,0.8709017107250795,334774617.60272056,49625382.39727944,2.869312319398698e-11,-3.4865701454034246e-20,-0.0015667864871052534,-0.0015667864871052534,1.0,0.0
334849858.53730744,0.8710974467671889,334849858.53730744,49550141.46269256,2.8690506263100893e-11,-3.4695560903809306e-20,-0.0015591407520738638,-0.0015591407520738633,1.0000000000000002,4.336808689942018e-19
334925099.4718944,0.8712931828092986,334925099.4718944,49474900.52810562,2.8687902155939786e-11,-3.452482986373557e-20,-0.0015514684817519938,-0.001551468481751994,0.9999999999999999,2.168404344971009e-19
335000340.4064813,0.8714889188514082,335000340.4064813,49399659.593518674,2.8685310917074233e-11,-3.435350456591176e-20,-0.0015437695068186053,-0.0015437695068186048,1.0000000000000002,4.336808689942018e-19
335075581.3410682,0.8716846548935178,335075581.3410682,49324418.65893179,2.8682732591359396e-11,-3.418158121386478e-20,-0.0015360436566687044,-0.0015360436566687042,1.0000000000000002,2.168404344971009e-19
335150822.27565515,0.8718803909356273,335150822.27565515,49249177.72434485,2.8680167223937154e-11,-3.400905598228705e-20,-0.0015282907594015415,-0.001528290759401541,1.0000000000000002,4.336808689942018e-19
335226063.21024203,0.8720761269777368,335226063.21024203,49173936.78975797,2.8677614860238314e-11,-3.383592501677222e-20,-0.0015205106418087336,-0.0015205106418087339,0.9999999999999999,2.168404344971009e-19
335301304.144829,0.8722718630198465,335301304.144829,49098695.855171025,2.8675075545984785e-11,-3.366218443354613e-20,-0.0015127031293621733,-0.0015127031293621735,0.9999999999999999,2.168404344971009e-19
335376545.0794159,0.872467599061956,335376545.0794159,49023454.92058408,2.8672549327191806e-11,-3.348783031919681e-20,-0.0015048680462018973,-0.0015048680462018968,1.0000000000000002,4.336808689942018e-19
335451786.0140028,0.8726633351040656,335451786.0140028,48948213.9859972,2.8670036250170202e-11,-3.331285873040027e-20,-0.0014970052151237626,-0.0014970052151237622,1.0000000000000002,4.336808689942018e-19
335527026.94858974,0.8728590711461752,335527026.94858974,48872973.05141026,2.8667536361528617e-11,-3.3137265693643326e-20,-0.0014891144575669912,-0.001489114457566991,1.0000000000000002,2.168404344971009e-19
335602267.8831766,0.8730548071882847,335602267.8831766,48797732.116823375,2.866504970817582e-11,-3.296104720494481e-20,-0.0014811955936016427,-0.0014811955936016434,0.9999999999999996,6.505213034913027e-19
335677508.81776357,0.8732505432303943,335677508.81776357,48722491.18223643,2.8662576337322986e-11,-3.278419922957171e-20,-0.001473248441915858,-0.0014732484419158576,1.0000000000000002,4.336808689942018e-19
335752749.75235045,0.8734462792725037,335752749.75235045,48647250.24764955,2.866011629648605e-11,-3.260671770175434e-20,-0.0014652728198030587,-0.0014652728198030584,1.0000000000000002,2.168404344971009e-19
335827990.6869374,0.8736420153146134,335827990.6869374,48572009.31306261,2.8657669633488023e-11,-3.2428598524396386e-20,-0.0014572685431489187,-0.0014572685431489185,1.0000000000000002,2.168404344971009e-19
335903231.62152433,0.873837751356723,335903231.62152433,48496768.378475666,2.865523639646138e-11,-3.2249837568783747e-20,-0.0014492354264182786,-0.001449235426418278,1.0000000000000004,6.505213034913027e-19
335978472.5561112,0.8740334873988325,335978472.5561112,48421527.44388878,2.865281663385044e-11,-3.207043067428882e-20,-0.0014411732826418583,-0.0014411732826418579,1.0000000000000002,4.336808689942018e-19
336053713.49069816,0.8742292234409421,336053713.49069816,48346286.50930184,2.8650410394413785e-11,-3.189037364807163e-20,-0.0014330819234028259,-0.001433081923402826,0.9999999999999999,2.168404344971009e-19
336128954.42528504,0.8744249594830517,336128954.42528504,48271045.57471496,2.864801772722668e-11,-3.170966226477913e-20,-0.0014249611588232841,-0.0014249611588232841,1.0,0.0
336204195.359872,0.8746206955251612,336204195.359872,48195804.64012802,2.8645638681683558e-11,-3.152829226623889e-20,-0.001416810797550508,-0.0014168107975505075,1.0000000000000002,4.336808689942018e-19
336279436.2944589,0.8748164315672708,336279436.2944589,48120563.705541074,2.864327330750047e-11,-3.1346259361151766e-20,-0.0014086306467431299,-0.0014086306467431297,1.0000000000000002,2.168404344971009e-19
336354677.2290458,0.8750121676093804,336354677.2290458,48045322.77095419,2.8640921654717622e-11,-3.116355922477978e-20,-0.0014004205120571175,-0.0014004205120571166,1.0000000000000007,8.673617379884035e-19
336429918.16363275,0.87520790365149,336429918.16363275,47970081.83636725,2.8638583773701868e-11,-3.098018749863034e-20,-0.0013921801976315817,-0.0013921801976315815,1.0000000000000002,2.168404344971009e-19
336505159.09821963,0.8754036396935995,336505159.09821963,47894840.90178037,2.8636259715149293e-11,-3.079613979013877e-20,-0.0013839095060745096,-0.0013839095060745096,1.0,0.0
336580400.0328066,0.8755993757357091,336580400.0328066,47819599.967193425,2.863394953008776e-11,-3.0611411672344846e-20,-0.0013756082384482299,-0.0013756082384482294,1.0000000000000002,4.336808689942018e-19
336655640.96739346,0.8757951117778185,336655640.96739346,47744359.03260654,2.863165326987954e-11,-3.0425998683568237e-20,-0.0013672761942548275,-0.0013672761942548272,1.0000000000000002,2.168404344971009e-19
336730881.9019804,0.8759908478199282,336730881.9019804,47669118.0980196,2.8629370986223902e-11,-3.023989632707807e-20,-0.0013589131714212943,-0.0013589131714212936,1.0000000000000004,6.505213034913027e-19
336806122.83656734,0.8761865838620378,336806122.83656734,47593877.16343266,2.862710273115981e-11,-3.0053100070760936e-20,-0.0013505189662846105,-0.0013505189662846098,1.0000000000000004,6.505213034913027e-19
336881363.7711542,0.8763823199041473,336881363.7711542,47518636.228845775,2.8624848557068542e-11,-2.9865605346783756e-20,-0.0013420933735765945,-0.001342093373576594,1.0000000000000002,4.336808689942018e-19
336956604.70574117,0.8765780559462569,336956604.70574117,47443395.29425883,2.8622608516676437e-11,-2.9677407551253e-20,-0.0013336361864085885,-0.0013336361864085882,1.0000000000000002,2.168404344971009e-19
337031845.64032805,0.8767737919883665,337031845.64032805,47368154.35967195,2.86203826630576e-11,-2.9488502043871436e-20,-0.0013251471962560343,-0.001325147196256034,1.0000000000000002,2.168404344971009e-19
337107086.574915,0.876969528030476,337107086.574915,47292913.42508501,2.8618171049636644e-11,-2.9298884147588975e-20,-0.001316626192942782,-0.0013166261929427815,1.0000000000000002,4.336808689942018e-19
337182327.50950193,0.8771652640725857,337182327.50950193,47217672.490498066,2.8615973730191497e-11,-2.910854914825171e-20,-0.0013080729646253203,-0.0013080729646253201,1.0000000000000002,2.168404344971009e-19
337257568.4440888,0.8773610001146952,337257568.4440888,47142431.55591118,2.8613790758856188e-11,-2.891749229424576e-20,-0.0012994872977767696,-0.0012994872977767696,1.0,0.0
337332809.37867576,0.8775567361568047,337332809.37867576,47067190.62132424,2.8611622190123668e-11,-2.8725708796136795e-20,-0.001290868977170685,-0.0012908689771706848,1.0000000000000002,2.168404344971009e-19
337408050.31326264,0.8777524721989143,337408050.31326264,46991949.68673736,2.8609468078848706e-11,-2.853319382630735e-20,-0.0012822177858647563,-0.001282217785864756,1.0000000000000002,2.168404344971009e-19
337483291.2478496,0.8779482082410239,337483291.2478496,46916708.75215042,2.860732848025074e-11,-2.8339942518587615e-20,-0.0012735335051842175,-0.0012735335051842172,1.0000000000000002,2.168404344971009e-19
337558532.18243647,0.8781439442831334,337558532.18243647,46841467.817563534,2.8605203449916804e-11,-2.814594996788452e-20,-0.0012648159147051789,-0.0012648159147051787,1.0000000000000002,2.168404344971009e-19
337633773.1170234,0.878339680325243,337633773.1170234,46766226.88297659,2.8603093043804476e-11,-2.7951211229804255e-20,-0.0012560647922376634,-0.001256064792237663,1.0000000000000004,4.336808689942018e-19
337709014.05161035,0.8785354163673527,337709014.05161035,46690985.94838965,2.860099731824485e-11,-2.775572132027274e-20,-0.0012472799138085512,-0.0012472799138085514,0.9999999999999998,2.168404344971009e-19
337784254.98619723,0.8787311524094621,337784254.98619723,46615745.01380277,2.8598916329945523e-11,-2.755947521515039e-20,-0.001238461053644269,-0.0012384610536442697,0.9999999999999994,6.505213034913027e-19
337859495.9207842,0.8789268884515717,337859495.9207842,46540504.079215825,2.8596850135993634e-11,-2.7362467849842417e-20,-0.0012296079841532773,-0.0012296079841532782,0.9999999999999993,8.673617379884035e-19
337934736.85537106,0.8791226244936812,337934736.85537106,46465263.14462894,2.8594798793858923e-11,-2.716469411890629e-20,-0.0012207204759084299,-0.0012207204759084292,1.0000000000000004,6.505213034913027e-19
338009977.789958,0.8793183605357908,338009977.789958,46390022.210042,2.859276236139682e-11,-2.696614887565234e-20,-0.0012117982976290276,-0.0012117982976290278,0.9999999999999998,2.168404344971009e-19
338085218.72454494,0.8795140965779005,338085218.72454494,46314781.27545506,2.8590740896851553e-11,-2.6766826931742325e-20,-0.0012028412161627768,-0.0012028412161627765,1.0000000000000002,2.168404344971009e-19
338160459.6591318,0.8797098326200099,338160459.6591318,46239540.340868175,2.8588734458859317e-11,-2.6566723056781708e-20,-0.0011938489964674688,-0.0011938489964674684,1.0000000000000004,4.336808689942018e-19
338235700.59371877,0.8799055686621196,338235700.59371877,46164299.40628123,2.8586743106451426e-11,-2.6365831977907278e-20,-0.0011848214015924478,-0.001184821401592448,0.9999999999999998,2.168404344971009e-19
338310941.52830565,0.8801013047042291,338310941.52830565,46089058.47169435,2.858476689905756e-11,-2.616414837937182e-20,-0.0011757581926599469,-0.0011757581926599464,1.0000000000000004,4.336808689942018e-19
338386182.4628926,0.8802970407463387,338386182.4628926,46013817.53710741,2.858280589650897e-11,-2.5961666902121305e-20,-0.0011666591288460877,-0.0011666591288460879,0.9999999999999998,2.168404344971009e-19
338461423.3974795,0.8804927767884482,338461423.3974795,45938576.602520525,2.8580860159041776e-11,-2.5758382143370164e-20,-0.0011575239673617952,-0.001157523967361795,1.0000000000000002,2.168404344971009e-19
338536664.3320664,0.8806885128305578,338536664.3320664,45863335.66793358,2.8578929747300267e-11,-2.555428865616878e-20,-0.00114835246343336,-0.0011483524634333594,1.0000000000000007,6.505213034913027e-19
338611905.26665336,0.8808842488726675,338611905.26665336,45788094.73334664,2.857701472234024e-11,-2.5349380948968735e-20,-0.0011391443702829037,-0.0011391443702829024,1.000000000000001,1.3010426069826053e-18
338687146.20124024,0.8810799849147769,338687146.20124024,45712853.79875976,2.857511514563238e-11,-2.5143653485181094e-20,-0.001129899439108527,-0.0011298994391085266,1.0000000000000004,4.336808689942018e-19
338762387.1358272,0.8812757209568866,338762387.1358272,45637612.86417282,2.8573231079065644e-11,-2.4937100682729922e-20,-0.0011206174190642475,-0.0011206174190642472,1.0000000000000002,2.168404344971009e-19
338837628.07041407,0.881471456998996,338837628.07041407,45562371.92958593,2.857136258495073e-11,-2.4729716913601974e-20,-0.0011112980572397621,-0.0011112980572397621,1.0,0.0
338912869.005001,0.8816671930411056,338912869.005001,45487130.99499899,2.8569509726023528e-11,-2.4521496503388904e-20,-0.001101941098639877,-0.001101941098639877,1.0,0.0
338988109.93958795,0.8818629290832153,338988109.93958795,45411890.06041205,2.856767256544863e-11,-2.431243373082652e-20,-0.001092546286163801,-0.0010925462861638008,1.0000000000000002,2.168404344971009e-19
339063350.87417483,0.8820586651253247,339063350.87417483,45336649.12582517,2.856585116682289e-11,-2.410252282732711e-20,-0.0010831133605841302,-0.0010831133605841295,1.0000000000000007,6.505213034913027e-19
339138591.8087618,0.8822544011674344,339138591.8087618,45261408.191238225,2.8564045594178993e-11,-2.3891757976506286e-20,-0.0010736420605255848,-0.001073642060525585,0.9999999999999998,2.168404344971009e-19
339213832.74334866,0.8824501372095439,339213832.74334866,45186167.25665134,2.8562255911989052e-11,-2.3680133313705966e-20,-0.0010641321224435737,-0.0010641321224435733,1.0000000000000004,4.336808689942018e-19
339289073.6779356,0.8826458732516534,339289073.6779356,45110926.3220644,2.8560482185168283e-11,-2.3467642925509196e-20,-0.0010545832806023916,-0.0010545832806023911,1.0000000000000004,4.336808689942018e-19
339364314.6125225,0.882841609293763,339364314.6125225,45035685.38747752,2.8558724479078686e-11,-2.3254280849252238e-20,-0.0010449952670532924,-0.0010449952670532922,1.0000000000000002,2.168404344971009e-19
339439555.5471094,0.8830373453358726,339439555.5471094,44960444.452890575,2.8556982859532753e-11,-2.3040041072527885e-20,-0.0010353678116121708,-0.00103536781161217,1.0000000000000009,8.673617379884035e-19
339514796.48169637,0.8832330813779822,339514796.48169637,44885203.51830363,2.855525739279726e-11,-2.282491753268582e-20,-0.0010257006418371083,-0.0010257006418371083,1.0,0.0
339590037.41628325,0.8834288174200917,339590037.41628325,44809962.58371675,2.8553548145597033e-11,-2.2608904116325122e-20,-0.0010159934830055678,-0.0010159934830055685,0.9999999999999993,6.505213034913027e-19
339665278.3508702,0.8836245534622014,339665278.3508702,44734721.64912981,2.8551855185118813e-11,-2.2391994658781005e-20,-0.0010062460580913294,-0.00100624605809133,0.9999999999999993,6.505213034913027e-19
339740519.2854571,0.8838202895043108,339740519.2854571,44659480.714542925,2.8550178579015107e-11,-2.217418294360706e-20,-0.000996458087741223,-0.0009964580877412227,1.0000000000000002,2.168404344971009e-19
339815760.220044,0.8840160255464204,339815760.220044,44584239.77995598,2.8548518395408135e-11,-2.1955462702048848e-20,-0.0009866292902514723,-0.0009866292902514719,1.0000000000000004,4.336808689942018e-19
339891001.15463096,0.8842117615885301,339891001.15463096,44508998.84536904,2.8546874702893755e-11,-2.1735827612513927e-20,-0.0009767593815438805,-0.00097675938154388,1.0000000000000004,4.336808689942018e-19
339966242.08921784,0.8844074976306395,339966242.08921784,44433757.91078216,2.854524757054548e-11,-2.1515271300033697e-20,-0.0009668480751416454,-0.0009668480751416457,0.9999999999999997,3.2526065174565133e-19
340041483.0238048,0.8846032336727492,340041483.0238048,44358516.976195216,2.8543637067918496e-11,-2.1293787335719056e-20,-0.0009568950821448981,-0.0009568950821448982,0.9999999999999999,1.0842021724855044e-19
340116723.95839167,0.8847989697148586,340116723.95839167,44283276.04160833,2.8542043265053764e-11,-2.1071369236211138e-20,-0.000946900111206021,-0.0009469001112060215,0.9999999999999996,4.336808689942018e-19
340191964.8929786,0.8849947057569683,340191964.8929786,44208035.10702139,2.854046623248212e-11,-2.08480104631229e-20,-0.0009368628685045532,-0.0009368628685045535,0.9999999999999997,3.2526065174565133e-19
340267205.8275655,0.8851904417990778,340267205.8275655,44132794.17243451,2.8538906041228437e-11,-2.0623704422477006e-20,-0.0009267830577219308,-0.0009267830577219301,1.0000000000000007,6.505213034913027e-19
340342446.76215243,0.8853861778411873,340342446.76215243,44057553.23784757,2.8537362762815842e-11,-2.0398444464133966e-20,-0.0009166603800157885,-0.0009166603800157885,1.0,0.0
340417687.6967394,0.885581913883297,340417687.6967394,43982312.303260624,2.8535836469269952e-11,-2.0172223881216228e-20,-0.0009064945339940796,-0.0009064945339940793,1.0000000000000004,3.2526065174565133e-19
340492928.63132626,0.8857776499254065,340492928.63132626,43907071.36867374,2.8534327233123166e-11,-1.9945035909523486e-20,-0.0008962852156888013,-0.0008962852156888007,1.0000000000000007,5.421010862427522e-19
340568169.5659132,0.8859733859675162,340568169.5659132,43831830.4340868,2.853283512741901e-11,-1.9716873726940962e-20,-0.0008860321185294044,-0.0008860321185294043,1.0000000000000002,1.0842021724855044e-19
340643410.5005001,0.8861691220096256,340643410.5005001,43756589.49949992,2.8531360225716503e-11,-1.9487730452842443e-20,-0.0008757349333159667,-0.0008757349333159666,1.0000000000000002,1.0842021724855044e-19
340718651.435087,0.8863648580517353,340718651.435087,43681348.564912975,2.8529902602094592e-11,-1.9257599147483334e-20,-0.0008653933481919184,-0.0008653933481919175,1.000000000000001,9.75781955236954e-19
340793892.36967397,0.8865605940938449,340793892.36967397,43606107.63032603,2.852846233115662e-11,-1.9026472811389004e-20,-0.0008550070486165563,-0.0008550070486165562,1.0000000000000002,1.0842021724855044e-19
340869133.30426085,0.8867563301359543,340869133.30426085,43530866.69573915,2.8527039488034843e-11,-1.8794344384734188e-20,-0.000844575717337154,-0.0008445757173371538,1.0000000000000002,1.0842021724855044e-19
340944374.2388478,0.886952066178064,340944374.2388478,43455625.76115221,2.852563414839499e-11,-1.8561206746714472e-20,-0.0008340990343607195,-0.0008340990343607187,1.0000000000000009,7.589415207398531e-19
341019615.1734347,0.8871478022201734,341019615.1734347,43380384.826565325,2.8524246388440895e-11,-1.8327052714912383e-20,-0.0008235766769255079,-0.0008235766769255077,1.0000000000000002,1.0842021724855044e-19
341094856.1080216,0.8873435382622831,341094856.1080216,43305143.89197838,2.8522876284919123e-11,-1.8091875044652643e-20,-0.0008130083194720478,-0.0008130083194720478,1.0,0.0
341170097.0426085,0.8875392743043926,341170097.0426085,43229902.9573915,2.852152391512371e-11,-1.7855666428352746e-20,-0.0008023936336139583,-0.0008023936336139579,1.0000000000000004,3.2526065174565133e-19
341245337.97719544,0.8877350103465022,341245337.97719544,43154662.02280456,2.8520189356900906e-11,-1.761841949486257e-20,-0.000791732288108272,-0.0007917322881082719,1.0000000000000002,1.0842021724855044e-19
341320578.9117824,0.8879307463886118,341320578.9117824,43079421.088217616,2.851887268865398e-11,-1.7380126808798666e-20,-0.00078102394882552,-0.0007810239488255199,1.0000000000000002,1.0842021724855044e-19
341395819.84636927,0.8881264824307213,341395819.84636927,43004180.15363073,2.8517573989348092e-11,-1.7140780869868616e-20,-0.0007702682787193696,-0.0007702682787193698,0.9999999999999997,2.168404344971009e-19
341471060.7809562,0.8883222184728309,341471060.7809562,42928939.21904379,2.851629333851519e-11,-1.6900374112186877e-20,-0.0007594649377958801,-0.0007594649377958805,0.9999999999999994,4.336808689942018e-19
341546301.7155431,0.8885179545149404,341546301.7155431,42853698.28445691,2.851503081625898e-11,-1.6658898903584424e-20,-0.0007486135830824796,-0.0007486135830824798,0.9999999999999997,2.168404344971009e-19
341621542.65013003,0.8887136905570501,341621542.65013003,42778457.34986997,2.8513786503259924e-11,-1.6416347544906774e-20,-0.0007377138685964202,-0.0007377138685964197,1.0000000000000007,5.421010862427522e-19
341696783.584717,0.8889094265991596,341696783.584717,42703216.415283024,2.851256048078033e-11,-1.6172712269306237e-20,-0.0007267654453129725,-0.0007267654453129721,1.0000000000000004,3.2526065174565133e-19
341772024.51930386,0.8891051626412692,341772024.51930386,42627975.48069614,2.851135283066946e-11,-1.5927985241523668e-20,-0.0007157679611331498,-0.0007157679611331505,0.9999999999999991,6.505213034913027e-19
341847265.4538908,0.8893008986833788,341847265.4538908,42552734.5461092,2.8510163635368687e-11,-1.5682158557161205e-20,-0.0007047210608510266,-0.0007047210608510266,1.0,0.0
341922506.3884777,0.8894966347254882,341922506.3884777,42477493.61152232,2.8508992977916763e-11,-1.5435224241947778e-20,-0.0006936243861207317,-0.0006936243861207316,1.0000000000000002,1.0842021724855044e-19
341997747.3230646,0.8896923707675979,341997747.3230646,42402252.676935375,2.8507840941955077e-11,-1.5187174250992884e-20,-0.0006824775754229152,-0.0006824775754229154,0.9999999999999997,2.168404344971009e-19
342072988.2576515,0.8898881068097073,342072988.2576515,42327011.74234849,2.8506707611733e-11,-1.493800046803392e-20,-0.0006712802640309246,-0.000671280264030925,0.9999999999999996,3.2526065174565133e-19
342148229.19223845,0.890083842851817,342148229.19223845,42251770.80776155,2.8505593072113285e-11,-1.4687694704671148e-20,-0.0006600320839764264,-0.0006600320839764266,0.9999999999999997,2.168404344971009e-19
342223470.1268254,0.8902795788939266,342223470.1268254,42176529.87317461,2.850449740857754e-11,-1.4436248699595978e-20,-0.0006487326640147267,-0.0006487326640147264,1.0000000000000004,3.2526065174565133e-19
342298711.0614123,0.890475314936036,342298711.0614123,42101288.938587725,2.8503420707231716e-11,-1.4183654117807557e-20,-0.0006373816295895665,-0.0006373816295895669,0.9999999999999993,4.336808689942018e-19
342373951.9959992,0.8906710509781457,342373951.9959992,42026048.00400078,2.8502363054811688e-11,-1.392990254981975e-20,-0.000625978602797485,-0.0006259786027974848,1.0000000000000004,2.168404344971009e-19
342449192.9305861,0.8908667870202552,342449192.9305861,41950807.0694139,2.850132453868892e-11,-1.3674985510859872e-20,-0.0006145232023518128,-0.0006145232023518125,1.0000000000000004,3.2526065174565133e-19
342524433.86517304,0.8910625230623649,342524433.86517304,41875566.13482696,2.8500305246876112e-11,-1.3418894440054547e-20,-0.0006030150435460856,-0.0006030150435460853,1.0000000000000004,3.2526065174565133e-19
342599674.79976,0.8912582591044744,342599674.79976,41800325.200240016,2.849930526803299e-11,-1.316162069960813e-20,-0.0005914537382171252,-0.000591453738217125,1.0000000000000002,1.0842021724855044e-19
342674915.73434687,0.891453995146584,342674915.73434687,41725084.26565313,2.8498324691472124e-11,-1.2903155573968949e-20,-0.0005798388947075713,-0.0005798388947075715,0.9999999999999997,2.168404344971009e-19
342750156.6689338,0.8916497311886936,342750156.6689338,41649843.33106619,2.8497363607164782e-11,-1.2643490268984848e-20,-0.0005681701178279346,-0.0005681701178279347,0.9999999999999998,1.0842021724855044e-19
342825397.6035207,0.891845467230803,342825397.6035207,41574602.39647931,2.8496422105746922e-11,-1.2382615911050005e-20,-0.0005564470088182554,-0.000556447008818255,1.0000000000000009,4.336808689942018e-19
342900638.53810763,0.8920412032729127,342900638.53810763,41499361.46189237,2.8495500278525153e-11,-1.2120523546238029e-20,-0.0005446691653091483,-0.0005446691653091481,1.0000000000000004,2.168404344971009e-19
342975879.4726945,0.8922369393150221,342975879.4726945,41424120.527305484,2.8494598217482845e-11,-1.185720413942709e-20,-0.0005328361812824864,-0.0005328361812824852,1.0000000000000022,1.1926223897340549e-18
343051120.40728146,0.8924326753571318,343051120.40728146,41348879.59271854,2.8493716015286265e-11,-1.159264857341088e-20,-0.0005209476470314505,-0.0005209476470314505,1.0,0.0
343126361.3418684,0.8926284113992414,343126361.3418684,41273638.6581316,2.8492853765290774e-11,-1.1326847648001035e-20,-0.0005090031491201936,-0.0005090031491201937,0.9999999999999998,1.0842021724855044e-19
343201602.2764553,0.8928241474413509,343201602.2764553,41198397.72354472,2.8492011561547124e-11,-1.1059792079116156e-20,-0.0004970022703429041,-0.0004970022703429042,0.9999999999999998,1.0842021724855044e-19
343276843.2110422,0.8930198834834605,343276843.2110422,41123156.788957775,2.849118949880779e-11,-1.0791472497859116e-20,-0.00048494458968234105,-0.0004849445896823413,0.9999999999999994,2.710505431213761e-19
343352084.1456291,0.89321561952557,343352084.1456291,41047915.85437089,2.8490387672533388e-11,-1.0521879449584582e-20,-0.00047282968226793195,-0.0004728296822679324,0.9999999999999991,4.336808689942018e-19
343427325.08021605,0.8934113555676796,343427325.08021605,40972674.91978395,2.8489606178899167e-11,-1.0251003392951513e-20,-0.000460657119333193,-0.0004606571193331928,1.0000000000000004,2.168404344971009e-19
343502566.014803,0.8936070916097892,343502566.014803,40897433.98519701,2.848884511480158e-11,-9.978834698966326e-21,-0.0004484264681727319,-0.00044842646817273195,0.9999999999999999,5.421010862427522e-20
343577806.9493899,0.8938028276518988,343577806.9493899,40822193.050610125,2.8488104577864884e-11,-9.705363650012052e-21,-0.0004361372920986197,-0.00043613729209861967,1.0000000000000002,5.421010862427522e-20
343653047.8839768,0.8939985636940083,343653047.8839768,40746952.11602318,2.8487384666447877e-11,-9.43058043886434e-21,-0.00042378915039617283,-0.0004237891503961729,0.9999999999999999,5.421010862427522e-20
343728288.8185637,0.8941942997361179,343728288.8185637,40671711.1814363,2.8486685479650652e-11,-9.154475167697403e-21,-0.00041138159827928185,-0.00041138159827928174,1.0000000000000002,1.0842021724855044e-19
343803529.75315064,0.8943900357782275,343803529.75315064,40596470.24684936,2.8486007117321474e-11,-8.877037847073463e-21,-0.00039891418684500024,-0.00039891418684499975,1.0000000000000013,4.87890977618477e-19
343878770.6877375,0.8945857718203369,343878770.6877375,40521229.312262475,2.8485349680063694e-11,-8.59825839492267e-21,-0.0003863864630277033,-0.0003863864630277037,0.999999999999999,3.7947076036992655e-19
343954011.62232447,0.8947815078624466,343954011.62232447,40445988.37767553,2.848471326924277e-11,-8.318126635506266e-21,-0.0003737979695524959,-0.0003737979695524955,1.000000000000001,3.7947076036992655e-19
344029252.5569114,0.8949772439045562,344029252.5569114,40370747.44308859,2.8484097986993352e-11,-8.036632298369238e-21,-0.00036114824488814627,-0.00036114824488814616,1.0000000000000002,1.0842021724855044e-19
344104493.4914983,0.8951729799466657,344104493.4914983,40295506.50850171,2.848350393622643e-11,-7.753765017277569e-21,-0.0003484368231993292,-0.0003484368231993287,1.0000000000000013,4.87890977618477e-19
344179734.42608523,0.8953687159887753,344179734.42608523,40220265.57391477,2.8482931220636615e-11,-7.469514329140962e-21,-0.0003356632342982153,-0.00033566323429821575,0.9999999999999987,4.336808689942018e-19
344254975.3606721,0.8955644520308848,344254975.3606721,40145024.63932788,2.8482379944709434e-11,-7.183869672924175e-21,-0.00032282700359554853,-0.00032282700359554826,1.0000000000000009,2.710505431213761e-19
344330216.29525906,0.8957601880729944,344330216.29525906,40069783.70474094,2.8481850213728762e-11,-6.89682038854024e-21,-0.00030992765205091054,-0.00030992765205091087,0.999999999999999,3.2526065174565133e-19
344405457.229846,0.895955924115104,344405457.229846,39994542.770154,2.848134213378431e-11,-6.608355715732759e-21,-0.0002969646961224933,-0.0002969646961224941,0.9999999999999972,8.131516293641283e-19
344480698.1644329,0.8961516601572135,344480698.1644329,39919301.83556712,2.8480855811779202e-11,-6.3184647929412235e-21,-0.00028393764771610894,-0.0002839376477161092,0.999999999999999,2.710505431213761e-19
344555939.0990198,0.8963473961993231,344555939.0990198,39844060.900980175,2.8480391355437643e-11,-6.0271366561508786e-21,-0.0002708460141335054,-0.00027084601413350506,1.000000000000001,3.2526065174565133e-19
344631180.0336067,0.8965431322414327,344631180.0336067,39768819.96639329,2.8479948873312686e-11,-5.734360237730155e-21,-0.0002576892980201233,-0.0002576892980201222,1.0000000000000042,1.0842021724855044e-18
344706420.96819365,0.8967388682835423,344706420.96819365,39693579.03180635,2.847952847479403e-11,-5.44012436524897e-21,-0.00024446699731199274,-0.00024446699731199215,1.0000000000000024,5.963111948670274e-19
344781661.90278053,0.8969346043256518,344781661.90278053,39618338.09721947,2.8479130270116004e-11,-5.1444177602849486e-21,-0.0002311786051820879,-0.00023117860518208746,1.0000000000000018,4.336808689942018e-19
344856902.8373675,0.8971303403677614,344856902.8373675,39543097.162632525,2.8478754370365543e-11,-4.847229037210163e-21,-0.0002178236099858056,-0.00021782360998580602,0.999999999999998,4.336808689942018e-19
344932143.7719544,0.897326076409871,344932143.7719544,39467856.22804558,2.8478400887490334e-11,-4.548546701965059e-21,-0.00020440149520586841,-0.00020440149520586882,0.999999999999998,4.0657581468206416e-19
345007384.7065413,0.8975218124519805,345007384.7065413,39392615.2934587,2.8478069934306998e-11,-4.248359150813645e-21,-0.00019091173939638558,-0.00019091173939638547,1.0000000000000007,1.0842021724855044e-19
345082625.64112824,0.8977175484940901,345082625.64112824,39317374.35887176,2.84777616245094e-11,-3.9466546690819825e-21,-0.00017735381612616363,-0.00017735381612616393,0.9999999999999983,2.981555974335137e-19
345157866.5757151,0.8979132845361996,345157866.5757151,39242133.424284875,2.847747607267703e-11,-3.643421429882235e-21,-0.000163727193921368,-0.0001637271939213679,1.0000000000000004,8.131516293641283e-20
345233107.51030207,0.8981090205783092,345233107.51030207,39166892.48969793,2.8477213394283528e-11,-3.3386474928157457e-21,-0.00015003133620724218,-0.00015003133620724142,1.000000000000005,7.589415207398531e-19
345308348.444889,0.8983047566204189,345308348.444889,39091651.55511099,2.8476973705705235e-11,-3.032320802662357e-21,-0.00013626570124920884,-0.00013626570124920844,1.0000000000000029,4.0657581468206416e-19
345383589.3794759,0.8985004926625283,345383589.3794759,39016410.62052411,2.84767571242299e-11,-2.7244291880496425e-21,-0.00012242974209306797,-0.0001224297420930674,1.0000000000000047,5.692061405548898e-19
345458830.31406283,0.898696228704638,345458830.31406283,38941169.685937166,2.8476563768065486e-11,-2.414960360103986e-21,-0.00010852290650437936,-0.00010852290650437959,0.9999999999999979,2.303929616531697e-19
345534071.2486497,0.8988919647467475,345534071.2486497,38865928.75135028,2.8476393756349024e-11,-2.1039019110859623e-21,-9.454463690713982e-05,-9.45446369071401e-05,0.999999999999997,2.846030702774449e-19
345609312.18323666,0.899087700788857,345609312.18323666,38790687.81676334,2.8476247209155645e-11,-1.7912413130033078e-21,-8.049437032145299e-05,-8.049437032145272e-05,1.0000000000000033,2.710505431213761e-19
345684553.1178236,0.8992834368309667,345684553.1178236,38715446.8821764,2.8476124247507655e-11,-1.4769659162088909e-21,-6.637153830052547e-05,-6.637153830052521e-05,1.0000000000000038,2.574980159653073e-19
345759794.0524105,0.8994791728730762,345759794.0524105,38640205.94758952,2.847602499338376e-11,-1.1610629479770167e-21,-5.2175566866689e-05,-5.217556686668836e-05,1.0000000000000122,6.369687763352339e-19
345835034.9869974,0.8996749089151858,345835034.9869974,38564965.013002574,2.8475949569728372e-11,-8.435195110601234e-22,-3.790587644654171e-05,-3.790587644654118e-05,1.000000000000014,5.285485590866834e-19
345910275.9215843,0.8998706449572953,345910275.9215843,38489724.07841569,2.8475898100461036e-11,-5.243225822284212e-22,-2.356188180532272e-05,-2.356188180532284e-05,0.999999999999995,1.1858461261560205e-19
345985516.85617125,0.900066380999405,345985516.85617125,38414483.14382875,2.847587071048596e-11,-2.0345901078568676e-22,-9.142991980215301e-06,-9.142991980214728e-06,1.0000000000000626,5.72594272343907e-19
346060757.79075813,0.9002621170415144,346060757.79075813,38339242.20924187,2.847586752570166e-11,1.1908448293154155e-22,5.351389787095957e-06,5.3513897870960565e-06,0.9999999999999813,9.994988777600744e-20
346135998.7253451,0.900457853083624,346135998.7253451,38264001.274654925,2.8475888673010735e-11,4.433213090791682e-22,1.992186611896439e-05,1.9921866118963877e-05,1.0000000000000258,5.116079001415974e-19
346211239.659932,0.9006535891257337,346211239.659932,38188760.34006798,2.847593428032973e-11,7.692650098481741e-22,3.456904557110377e-05,3.456904557110367e-05,1.0000000000000029,1.0164395367051604e-19
346286480.5945189,0.9008493251678431,346286480.5945189,38113519.4054811,2.8476004476599134e-11,1.0969292610311919e-21,4.929354270298671e-05,4.929354270298645e-05,1.0000000000000053,2.574980159653073e-19
346361721.52910584,0.9010450612099528,346361721.52910584,38038278.47089416,2.8476099391793488e-11,1.426327873610592e-21,6.409597814920964e-05,6.409597814921019e-05,0.9999999999999913,5.55653613398821e-19
346436962.4636927,0.9012407972520622,346436962.4636927,37963037.536307275,2.8476219156931633e-11,1.757474795366333e-21,7.897697869174602e-05,7.897697869174627e-05,0.9999999999999969,2.439454888092385e-19
346512203.39827967,0.9014365332941718,346512203.39827967,37887796.60172033,2.847636390408703e-11,2.090384112509704e-21,9.393717733336314e-05,9.39371773333638e-05,0.9999999999999929,6.640738306473715e-19
346587444.3328666,0.9016322693362815,346587444.3328666,37812555.66713339,2.8476533766398283e-11,2.425070051336302e-21,0.00010897721337190308,0.00010897721337190273,1.0000000000000033,3.5236570605778894e-19
346662685.2674535,0.901828005378391,346662685.2674535,37737314.73254651,2.8476728878079695e-11,2.7615469799044324e-21,0.00012409773247570635,0.0001240977324757065,0.9999999999999989,1.3552527156068805e-19
346737926.20204043,0.9020237414205006,346737926.20204043,37662073.797959566,2.847694937443204e-11,3.0998294097372443e-21,0.00013929938676010204,0.00013929938676010166,1.0000000000000027,3.7947076036992655e-19
346813167.1366273,0.9022194774626101,346813167.1366273,37586832.86337268,2.84771953918534e-11,3.439931997545886e-21,0.00015458283486484252,0.00015458283486484209,1.0000000000000029,4.336808689942018e-19
346888408.07121426,0.9024152135047198,346888408.07121426,37511591.92878574,2.847746706785015e-11,3.7818695469810885e-21,0.0001699487420328158,0.0001699487420328159,0.9999999999999993,1.0842021724855044e-19
346963649.00580114,0.9026109495468292,346963649.00580114,37436350.99419886,2.8477764541048095e-11,4.12565701040477e-21,0.00018539778018965717,0.00018539778018965714,1.0000000000000002,2.710505431213761e-20
347038889.9403881,0.9028066855889388,347038889.9403881,37361110.05961192,2.847808795120372e-11,4.471309490691464e-21,0.00020093062802470178,0.00020093062802470146,1.0000000000000016,3.2526065174565133e-19
347114130.874975,0.9030024216310485,347114130.874975,37285869.125024974,2.847843743921559e-11,4.818842243050734e-21,0.00021654797107287948,0.00021654797107287975,0.9999999999999988,2.710505431213761e-19
347189371.8095619,0.9031981576731579,347189371.8095619,37210628.19043809,2.847881314713586e-11,5.168270676878218e-21,0.0002322505017978968,0.00023225050179789646,1.0000000000000016,3.5236570605778894e-19
347264612.74414885,0.9033938937152676,347264612.74414885,37135387.25585115,2.8479215218181977e-11,5.519610357633157e-21,0.00024803891967660886,0.0002480389196766082,1.0000000000000027,6.505213034913027e-19
347339853.67873573,0.903589629757377,347339853.67873573,37060146.32126427,2.847964379674847e-11,5.87287700873964e-21,0.0002639139312844571,0.00026391393128445684,1.000000000000001,2.710505431213761e-19
347415094.6133227,0.9037853657994867,347415094.6133227,36984905.386677325,2.848009902841892e-11,6.228086513519237e-21,0.0002798762503823173,0.00027987625038231696,1.000000000000001,3.2526065174565133e-19
347490335.5479096,0.9039811018415963,347490335.5479096,36909664.45209038,2.848058105997806e-11,6.58525491714696e-21,0.0002959265980043962,0.0002959265980043962,1.0,0.0
347565576.4824965,0.9041768378837057,347565576.4824965,36834423.5175035,2.848109003942402e-11,6.944398428638175e-21,0.0003120657025475189,0.0003120657025475191,0.9999999999999993,2.168404344971009e-19
347640817.41708344,0.9043725739258154,347640817.41708344,36759182.58291656,2.8481626115980754e-11,7.305533422863832e-21,0.00032829429986168894,0.0003282942998616891,0.9999999999999996,1.6263032587282567e-19
347716058.3516703,0.9045683099679249,347716058.3516703,36683941.648329675,2.8482189440110565e-11,7.668676442591992e-21,0.0003446131333418294,0.0003446131333418299,0.9999999999999986,4.87890977618477e-19
347791299.28625727,0.9047640460100345,347791299.28625727,36608700.71374273,2.8482780163526845e-11,8.033844200562854e-21,0.00036102295402103065,0.0003610229540210305,1.0000000000000004,1.6263032587282567e-19
347866540.22084415,0.904959782052144,347866540.22084415,36533459.77915585,2.8483398439206915e-11,8.40105358158931e-21,0.0003775245206649441,0.0003775245206649436,1.0000000000000013,4.87890977618477e-19
347941781.1554311,0.9051555180942537,347941781.1554311,36458218.84456891,2.8484044421405072e-11,8.770321644692356e-21,0.00039411859986774293,0.00039411859986774244,1.0000000000000013,4.87890977618477e-19
348017022.09001803,0.9053512541363633,348017022.09001803,36382977.909981966,2.8484718265665773e-11,9.141665625263273e-21,0.0004108059661492857,0.00041080596614928577,0.9999999999999999,5.421010862427522e-20
348092263.0246049,0.9055469901784727,348092263.0246049,36307736.97539508,2.848542012883698e-11,9.515102937259774e-21,0.0004275874020538063,0.000427587402053807,0.9999999999999983,7.047314121155779e-19
348167503.95919186,0.9057427262205824,348167503.95919186,36232496.04080814,2.848615016908369e-11,9.890651175434636e-21,0.0004444636982500636,0.0004444636982500641,0.9999999999999989,4.87890977618477e-19
348242744.89377874,0.9059384622626918,348242744.89377874,36157255.10622126,2.8486908545901608e-11,1.026832811759333e-20,0.00046143565363279416,0.00046143565363279465,0.9999999999999989,4.87890977618477e-19
348317985.8283657,0.9061341983048015,348317985.8283657,36082014.17163432,2.8487695420131034e-11,1.0648151726889478e-20,0.0004785040754258653,0.00047850407542586503,1.0000000000000007,2.710505431213761e-19
348393226.7629526,0.9063299343469111,348393226.7629526,36006773.237047374,2.848851095397087e-11,1.10301401541492e-20,0.0004956697792867257,0.0004956697792867257,1.0,0.0
348468467.6975395,0.9065256703890205,348468467.6975395,35931532.30246049,2.8489355310992823e-11,1.141431174023283e-20,0.0005129335894125356,0.000512933589412535,1.0000000000000013,6.505213034913027e-19
348543708.63212645,0.9067214064311302,348543708.63212645,35856291.36787355,2.849022865615583e-11,1.1800685018431053e-20,0.0005302963386478443,0.0005302963386478446,0.9999999999999996,2.168404344971009e-19
348618949.56671333,0.9069171424732397,348618949.56671333,35781050.43328667,2.8491131155820597e-11,1.2189278716893514e-20,0.0005477588685937258,0.0005477588685937266,0.9999999999999984,8.673617379884035e-19
348694190.5013003,0.9071128785153493,348694190.5013003,35705809.498699725,2.8492062977764353e-11,1.2580111761097929e-20,0.0005653220297187355,0.0005653220297187358,0.9999999999999997,2.168404344971009e-19
348769431.43588716,0.9073086145574588,348769431.43588716,35630568.56411284,2.849302429119581e-11,1.2973203276350477e-20,0.0005829866814712721,0.0005829866814712724,0.9999999999999994,3.2526065174565133e-19
348844672.3704741,0.9075043505995685,348844672.3704741,35555327.6295259,2.8494015266770282e-11,1.3368572590328637e-20,0.0006007536923938468,0.0006007536923938466,1.0000000000000004,2.168404344971009e-19
348919913.30506104,0.907700086641678,348919913.30506104,35480086.69493896,2.8495036076605005e-11,1.3766239235656896e-20,0.0006186239402388303,0.0006186239402388304,0.9999999999999998,1.0842021724855044e-19
348995154.2396479,0.9078958226837875,348995154.2396479,35404845.760352075,2.8496086894294656e-11,1.4166222952523983e-20,0.000636598312086065,0.0006365983120860653,0.9999999999999997,2.168404344971009e-19
349070395.17423487,0.9080915587258972,349070395.17423487,35329604.82576513,2.849716789492709e-11,1.456854369133917e-20,0.0006546777044622335,0.000654677704462234,0.9999999999999993,4.336808689942018e-19
349145636.10882175,0.9082872947680066,349145636.10882175,35254363.89117825,2.849827925509923e-11,1.4973221615425216e-20,0.0006728630234618735,0.0006728630234618732,1.0000000000000004,3.2526065174565133e-19
349220877.0434087,0.9084830308101163,349220877.0434087,35179122.95659131,2.8499421152933204e-11,1.5380277103756293e-20,0.0006911551848704135,0.000691155184870413,1.0000000000000009,5.421010862427522e-19
349296117.97799563,0.9086787668522259,349296117.97799563,35103882.022004366,2.850059376809267e-11,1.578973075373228e-20,0.0007095551142888441,0.0007095551142888442,0.9999999999999999,1.0842021724855044e-19
349371358.9125825,0.9088745028943354,349371358.9125825,35028641.08741748,2.850179728179937e-11,1.6201603383998244e-20,0.0007280637472604185,0.0007280637472604182,1.0000000000000004,3.2526065174565133e-19
349446599.84716946,0.909070238936445,349446599.84716946,34953400.15283054,2.8503031876849855e-11,1.6615916037306078e-20,0.0007466820293992489,0.0007466820293992485,1.0000000000000007,4.336808689942018e-19
349521840.78175634,0.9092659749785544,349521840.78175634,34878159.21824366,2.8504297737632496e-11,1.703268998341643e-20,0.0007654109165207118,0.0007654109165207124,0.9999999999999991,6.505213034913027e-19
349597081.7163433,0.9094617110206641,349597081.7163433,34802918.28365672,2.8505595050144636e-11,1.7451946722049418e-20,0.0007842513747740471,0.000784251374774047,1.0000000000000002,1.0842021724855044e-19
349672322.65093017,0.9096574470627736,349672322.65093017,34727677.349069834,2.8506924002010028e-11,1.7873707985874844e-20,0.0008032043807767315,0.0008032043807767323,0.999999999999999,7.589415207398531e-19
349747563.5855171,0.9098531831048832,349747563.5855171,34652436.41448289,2.850828478249647e-11,1.8297995743553226e-20,0.0008222709217511353,0.0008222709217511363,0.9999999999999988,9.75781955236954e-19
349822804.52010405,0.9100489191469928,349822804.52010405,34577195.47989595,2.8509677582533682e-11,1.8724832202818267e-20,0.0008414519956630425,0.0008414519956630416,1.000000000000001,8.673617379884035e-19
349898045.45469093,0.9102446551891024,349898045.45469093,34501954.54530907,2.851110259473139e-11,1.915423981360963e-20,0.0008607486113624295,0.00086074861136243,0.9999999999999993,5.421010862427522e-19
349973286.3892779,0.910440391231212,349973286.3892779,34426713.610722125,2.8512560013397713e-11,1.9586241271253912e-20,0.0008801617887264122,0.0008801617887264123,0.9999999999999999,1.0842021724855044e-19
350048527.32386476,0.9106361272733214,350048527.32386476,34351472.67613524,2.85140500345577e-11,2.0020859519690858e-20,0.0008996925588042236,0.0008996925588042231,1.0000000000000007,5.421010862427522e-19
350123768.2584517,0.9108318633154311,350123768.2584517,34276231.7415483,2.8515572855972177e-11,2.045811775475426e-20,0.0009193419639646513,0.0009193419639646505,1.0000000000000009,8.673617379884035e-19
350199009.19303864,0.9110275993575407,350199009.19303864,34200990.80696136,2.8517128677156844e-11,2.0898039427498718e-20,0.0009391110580455336,0.0009391110580455339,0.9999999999999997,3.2526065174565133e-19
350274250.1276255,0.9112233353996502,350274250.1276255,34125749.872374475,2.851871769940157e-11,2.1340648247580704e-20,0.0009590009065056974,0.000959000906505698,0.9999999999999994,5.421010862427522e-19
350349491.06221247,0.9114190714417598,350349491.06221247,34050508.93778753,2.8520340125790006e-11,2.1785968186692252e-20,0.0009790125865792609,0.0009790125865792618,0.9999999999999991,8.673617379884035e-19
350424731.99679935,0.9116148074838692,350424731.99679935,33975268.00320065,2.8521996161219428e-11,2.2234023482044585e-20,0.000999147187432179,0.0009991471874321797,0.9999999999999993,6.505213034913027e-19
350499972.9313863,0.9118105435259789,350499972.9313863,33900027.06861371,2.8523686012420825e-11,2.2684838639910883e-20,0.0010194058103214485,0.0010194058103214485,1.0,0.0
350575213.8659732,0.9120062795680883,350575213.8659732,33824786.134026825,2.8525409887979312e-11,2.3138438439218735e-20,0.0010397895687565442,0.0010397895687565438,1.0000000000000004,4.336808689942018e-19
350650454.8005601,0.912202015610198,350650454.8005601,33749545.19943988,2.8527167998354755e-11,2.3594847935204553e-20,0.00106029958866364,0.0010602995886636402,0.9999999999999998,2.168404344971009e-19
350725695.73514706,0.9123977516523076,350725695.73514706,33674304.26485294,2.8528960555902722e-11,2.4054092463119747e-20,0.0010809370085521563,0.0010809370085521565,0.9999999999999998,2.168404344971009e-19
350800936.66973394,0.9125934876944172,350800936.66973394,33599063.33026606,2.8530787774895663e-11,2.4516197641998474e-20,0.0011017029796840743,0.0011017029796840747,0.9999999999999996,4.336808689942018e-19
350876177.6043209,0.9127892237365267,350876177.6043209,33523822.395679116,2.8532649871544443e-11,2.4981189378484948e-20,0.0011225986662459265,0.0011225986662459272,0.9999999999999994,6.505213034913027e-19
350951418.53890777,0.9129849597786363,350951418.53890777,33448581.461092234,2.8534547064020098e-11,2.5449093870717324e-20,0.0011436252455233299,0.00114362524552333,0.9999999999999998,2.168404344971009e-19
351026659.4734947,0.9131806958207459,351026659.4734947,33373340.52650529,2.853647957247593e-11,2.591993761227827e-20,0.001164783908078516,0.001164783908078516,1.0,0.0
351101900.40808165,0.9133764318628554,351101900.40808165,33298099.59191835,2.8538447619069875e-11,2.6393747396202904e-20,0.0011860758579304378,0.0011860758579304376,1.0000000000000002,2.168404344971009e-19
351177141.34266853,0.913572167904965,351177141.34266853,33222858.657331467,2.8540451427987208e-11,2.687055031905373e-20,0.0012075023127378892,0.0012075023127378886,1.0000000000000004,6.505213034913027e-19
351252382.2772555,0.9137679039470746,351252382.2772555,33147617.722744524,2.8542491225463517e-11,2.7350373785060536e-20,0.0012290645039855427,0.0012290645039855432,0.9999999999999997,4.336808689942018e-19
351327623.21184236,0.9139636399891841,351327623.21184236,33072376.788157642,2.8544567239808014e-11,2.783324551032271e-20,0.0012507636771727905,0.0012507636771727916,0.9999999999999991,1.0842021724855044e-18
351402864.1464293,0.9141593760312937,351402864.1464293,32997135.8535707,2.8546679701427168e-11,2.8319193527083925e-20,0.0012726010920058421,0.0012726010920058417,1.0000000000000004,4.336808689942018e-19
351478105.0810162,0.9143551120734031,351478105.0810162,32921894.918983817,2.8548828842848638e-11,2.880824618806962e-20,0.0012945780225926378,0.001294578022592638,0.9999999999999998,2.168404344971009e-19
351553346.0156031,0.9145508481155128,351553346.0156031,32846653.984396875,2.855101489874558e-11,2.9300432170900194e-20,0.0013166957576411702,0.0013166957576411704,0.9999999999999999,2.168404344971009e-19
351628586.95019007,0.9147465841576224,351628586.95019007,32771413.049809933,2.855323810596123e-11,2.9795780482569125e-20,0.0013389556006607197,0.0013389556006607197,1.0,0.0
351703827.88477695,0.9149423201997319,351703827.88477695,32696172.11522305,2.855549870353388e-11,3.0294320463997476e-20,0.0013613588701665241,0.0013613588701665248,0.9999999999999996,6.505213034913027e-19
351779068.8193639,0.9151380562418415,351779068.8193639,32620931.180636108,2.855779693272216e-11,3.0796081794662005e-20,0.0013839068998877553,0.0013839068998877549,1.0000000000000002,4.336808689942018e-19
351854309.7539508,0.9153337922839511,351854309.7539508,32545690.246049225,2.85601330370307e-11,3.13010944972941e-20,0.001406601038978679,0.0014066010389786779,1.0000000000000007,1.0842021724855044e-18
351929550.6885377,0.9155295283260606,351929550.6885377,32470449.311462283,2.8562507262236135e-11,3.180938894266123e-20,0.0014294426522335221,0.0014294426522335224,0.9999999999999999,2.168404344971009e-19
352004791.62312466,0.9157252643681703,352004791.62312466,32395208.37687534,2.8564919856413462e-11,3.232099585442013e-20,0.001452433120304565,0.0014524331203045653,0.9999999999999999,2.168404344971009e-19
352080032.55771154,0.9159210004102798,352080032.55771154,32319967.44228846,2.8567371069962787e-11,3.283594631405307e-20,0.0014755738399239657,0.0014755738399239659,0.9999999999999999,2.168404344971009e-19
352155273.4922985,0.9161167364523894,352155273.4922985,32244726.507701516,2.856986115563644e-11,3.335427176588501e-20,0.0014988662241292184,0.0014988662241292193,0.9999999999999994,8.673617379884035e-19
352230514.42688537,0.9163124724944989,352230514.42688537,32169485.573114634,2.8572390368566456e-11,3.3876004022178984e-20,0.0015223117024921312,0.0015223117024921315,0.9999999999999999,2.168404344971009e-19
352305755.3614723,0.9165082085366085,352305755.3614723,32094244.63852769,2.8574958966292456e-11,3.4401175268320974e-20,0.0015459117213518204,0.0015459117213518195,1.0000000000000007,8.673617379884035e-19
352380996.2960592,0.916703944578718,352380996.2960592,32019003.70394081,2.8577567208789936e-11,3.4929818068084e-20,0.001569667744051268,0.001569667744051268,1.0,0.0
352456237.23064613,0.9168996806208276,352456237.23064613,31943762.769353867,2.8580215358498902e-11,3.546196536898558e-20,0.0015935812511780737,0.0015935812511780746,0.9999999999999994,8.673617379884035e-19
352531478.1652331,0.9170954166629373,352531478.1652331,31868521.834766924,2.8582903680352983e-11,3.5997650507727485e-20,0.0016176537408089055,0.0016176537408089053,1.0000000000000002,2.168404344971009e-19
352606719.09981996,0.9172911527050467,352606719.09981996,31793280.90018004,2.85856324418089e-11,3.653690721572997e-20,0.0016418867287581955,0.0016418867287581952,1.0000000000000002,2.168404344971009e-19
352681960.0344069,0.9174868887471563,352681960.0344069,31718039.9655931,2.85884019128764e-11,3.707976962475819e-20,0.0016662817488309783,0.0016662817488309776,1.0000000000000004,6.505213034913027e-19
352757200.9689938,0.9176826247892659,352757200.9689938,31642799.031006217,2.859121236614855e-11,3.762627227263771e-20,0.0016908403530797335,0.0016908403530797333,1.0000000000000002,2.168404344971009e-19
352832441.9035807,0.9178783608313754,352832441.9035807,31567558.096419275,2.8594064076832557e-11,3.8176450109072506e-20,0.001715564112065833,0.0017155641120658325,1.0000000000000002,4.336808689942018e-19
352907682.83816767,0.9180740968734851,352907682.83816767,31492317.161832333,2.8596957322780937e-11,3.873033850155323e-20,0.001740454615125046,0.0017404546151250462,0.9999999999999999,2.168404344971009e-19
352982923.77275455,0.9182698329155946,352982923.77275455,31417076.22724545,2.8599892384523205e-11,3.9287973241369613e-20,0.0017655134706377226,0.001765513470637723,0.9999999999999998,4.336808689942018e-19
353058164.7073415,0.9184655689577041,353058164.7073415,31341835.292658508,2.8602869545297983e-11,3.984939054972347e-20,0.0017907423063034983,0.0017907423063034992,0.9999999999999996,8.673617379884035e-19
353133405.6419284,0.9186613049998137,353133405.6419284,31266594.358071625,2.860588909108557e-11,4.041462708394103e-20,0.0018161427694204624,0.0018161427694204629,0.9999999999999998,4.336808689942018e-19
353208646.5765153,0.9188570410419233,353208646.5765153,31191353.423484683,2.8608951310641007e-11,4.0983719943796203e-20,0.0018417165271693116,0.001841716527169311,1.0000000000000004,6.505213034913027e-19
353283887.5111022,0.9190527770840328,353283887.5111022,31116112.4888978,2.861205649552761e-11,4.155670667793446e-20,0.0018674652669020241,0.001867465266902024,1.0000000000000002,2.168404344971009e-19
353359128.44568914,0.9192485131261424,353359128.44568914,31040871.55431086,2.861520494015096e-11,4.213362529041282e-20,0.0018933906964357537,0.0018933906964357533,1.0000000000000002,4.336808689942018e-19
353434369.3802761,0.9194442491682521,353434369.3802761,30965630.619723916,2.8618396941793464e-11,4.271451424734432e-20,0.0019194945443514145,0.0019194945443514145,1.0,0.0
353509610.31486297,0.9196399852103615,353509610.31486297,30890389.685137033,2.862163280064933e-11,4.329941248366068e-20,0.0019457785602975824,0.0019457785602975822,1.0000000000000002,2.168404344971009e-19
353584851.2494499,0.9198357212524712,353584851.2494499,30815148.75055009,2.8624912819860134e-11,4.3888359409990454e-20,0.001972244515299583,0.001972244515299583,1.0,0.0
353660092.1840368,0.9200314572945806,353660092.1840368,30739907.81596321,2.8628237305550853e-11,4.4481394919650737e-20,0.0019988942020736835,0.001998894202073684,0.9999999999999998,4.336808689942018e-19
353735333.11862373,0.9202271933366902,353735333.11862373,30664666.881376266,2.8631606566866452e-11,4.507855939576612e-20,0.0020257294353470015,0.002025729435347001,1.0000000000000002,4.336808689942018e-19
353810574.0532107,0.9204229293787999,353810574.0532107,30589425.946789324,2.8635020916009026e-11,4.5679893718503025e-20,0.002052752052182601,0.0020527520521826004,1.0000000000000002,4.336808689942018e-19
353885814.98779756,0.9206186654209093,353885814.98779756,30514185.01220244,2.8638480668275442e-11,4.628543927243426e-20,0.0020799639123104383,0.002079963912310438,1.0000000000000002,4.336808689942018e-19
353961055.9223845,0.920814401463019,353961055.9223845,30438944.0776155,2.8641986142095603e-11,4.689523795403065e-20,0.0021073668984640205,0.0021073668984640205,1.0,0.0
354036296.8569714,0.9210101375051285,354036296.8569714,30363703.143028617,2.8645537659071244e-11,4.750933217927848e-20,0.0021349629167227136,0.002134962916722713,1.0000000000000002,4.336808689942018e-19
354111537.7915583,0.9212058735472382,354111537.7915583,30288462.208441675,2.86491355440153e-11,4.81277648914364e-20,0.002162753896860323,0.0021627538968603233,0.9999999999999998,4.336808689942018e-19
354186778.7261452,0.9214016095893476,354186778.7261452,30213221.273854792,2.8652780124991868e-11,4.8750579568920127e-20,0.002190741792699413,0.0021907417926994134,0.9999999999999998,4.336808689942018e-19
354262019.66073215,0.9215973456314572,354262019.66073215,30137980.33926785,2.8656471733356808e-11,4.9377820233332926e-20,0.002218928582472179,0.002218928582472179,1.0,0.0
354337260.5953191,0.9217930816735669,354337260.5953191,30062739.404680908,2.8660210703798882e-11,5.0009531457629624e-20,0.002247316269187321,0.002247316269187321,1.0,0.0
354412501.529906,0.9219888177156763,354412501.529906,29987498.470094025,2.866399737438156e-11,5.064575837442894e-20,0.0022759068810035777,0.0022759068810035777,1.0,0.0
354487742.4644929,0.922184553757786,354487742.4644929,29912257.535507083,2.8667832086585472e-11,5.1286546684472567e-20,0.002304702471609864,0.002304702471609864,1.0,0.0
354562983.3990798,0.9223802897998954,354562983.3990798,29837016.6009202,2.8671715185351437e-11,5.193194266522878e-20,0.002333705120611893,0.002333705120611894,0.9999999999999997,8.673617379884035e-19
354638224.33366674,0.922576025842005,354638224.33366674,29761775.66633326,2.8675647019124218e-11,5.258199317965589e-20,0.0023629169339259874,0.002362916933925988,0.9999999999999998,4.336808689942018e-19
354713465.2682537,0.9227717618841147,354713465.2682537,29686534.731746316,2.8679627939896895e-11,5.323674568511362e-20,0.00239234004417954,0.00239234004417954,1.0,0.0
354788706.20284057,0.9229674979262241,354788706.20284057,29611293.797159433,2.8683658303255915e-11,5.389624824243889e-20,0.0024219766111188527,0.002421976611118853,0.9999999999999998,4.336808689942018e-19
354863947.1374275,0.9231632339683338,354863947.1374275,29536052.86257249,2.868773846842688e-11,5.456054952518294e-20,0.002451828822024239,0.00245182882202424,0.9999999999999997,8.673617379884035e-19
354939188.0720144,0.9233589700104433,354939188.0720144,29460811.92798561,2.8691868798320965e-11,5.522969882900914e-20,0.0024818988921323356,0.002481898892132335,1.0000000000000002,4.336808689942018e-19
355014429.00660133,0.9235547060525529,355014429.00660133,29385570.993398666,2.8696049659582113e-11,5.590374608126689e-20,0.0025121890650663344,0.0025121890650663344,1.0,0.0
355089669.9411882,0.9237504420946624,355089669.9411882,29310330.058811784,2.8700281422634902e-11,5.658274185072969e-20,0.0025427016132735887,0.0025427016132735882,1.0000000000000002,4.336808689942018e-19
355164910.87577516,0.923946178136772,355164910.87577516,29235089.12422484,2.8704564461733206e-11,5.726673735751724e-20,0.0025734388384714897,0.0025734388384714905,0.9999999999999997,8.673617379884035e-19
355240151.8103621,0.9241419141788816,355240151.8103621,29159848.1896379,2.8708899155009567e-11,5.795578448318887e-20,0.0026044030721010447,0.002604403072101044,1.0000000000000002,8.673617379884035e-19
355315392.744949,0.9243376502209911,355315392.744949,29084607.255051017,2.8713285884525332e-11,5.864993578102538e-20,0.0026355966757889166,0.0026355966757889166,1.0,0.0
355390633.6795359,0.9245333862631008,355390633.6795359,29009366.320464075,2.871772503632163e-11,5.934924448649798e-20,0.002667022041817879,0.0026670220418178792,0.9999999999999999,4.336808689942018e-19
355465874.6141228,0.9247291223052102,355465874.6141228,28934125.385877192,2.8722217000471053e-11,6.005376452792244e-20,0.0026986815936055845,0.002698681593605584,1.0000000000000002,4.336808689942018e-19
355541115.54870975,0.9249248583473199,355541115.54870975,28858884.45129025,2.8726762171130236e-11,6.07635505373162e-20,0.0027305777861924632,0.0027305777861924632,1.0,0.0
355616356.4832967,0.9251205943894295,355616356.4832967,28783643.516703308,2.873136094659318e-11,6.147865786144597e-20,0.0027627131067381764,0.0027627131067381764,1.0,0.0
355691597.4178836,0.9253163304315389,355691597.4178836,28708402.582116425,2.8736013729345462e-11,6.219914257308416e-20,0.0027950900750274526,0.002795090075027452,1.0000000000000002,4.336808689942018e-19
355766838.3524705,0.9255120664736486,355766838.3524705,28633161.647529483,2.8740720926119328e-11,6.292506148247243e-20,0.0028277112439852375,0.002827711243985237,1.0000000000000002,4.336808689942018e-19
355842079.2870574,0.925707802515758,355842079.2870574,28557920.7129426,2.8745482947949564e-11,6.365647214899124e-20,0.0028605792002010934,0.0028605792002010934,1.0,0.0
355917320.22164434,0.9259035385578677,355917320.22164434,28482679.778355658,2.8750300210230347e-11,6.439343289305408e-20,0.0028936965644637044,0.002893696564463704,1.0000000000000002,4.336808689942018e-19
355992561.1562312,0.9260992745999772,355992561.1562312,28407438.843768775,2.8755173132772933e-11,6.513600280821335e-20,0.002927065992304882,0.0029270659923048815,1.0000000000000002,4.336808689942018e-19
356067802.09081817,0.9262950106420867,356067802.09081817,28332197.909181833,2.8760102139864315e-11,6.588424177350093e-20,0.0029606901745541266,0.0029606901745541266,1.0,0.0
356143043.0254051,0.9264907466841964,356143043.0254051,28256956.97459489,2.8765087660326782e-11,6.663821046599011e-20,0.0029945718379031307,0.0029945718379031303,1.0000000000000002,4.336808689942018e-19
356218283.959992,0.9266864827263059,356218283.959992,28181716.04000801,2.877013012757843e-11,6.739797037359852e-20,0.003028713745481114,0.0030287137454811136,1.0000000000000002,4.336808689942018e-19
356293524.89457893,0.9268822187684156,356293524.89457893,28106475.105421066,2.8775229979694702e-11,6.816358380813155e-20,0.0030631186974409657,0.0030631186974409657,1.0,0.0
356368765.8291658,0.927077954810525,356368765.8291658,28031234.170834184,2.8780387659470826e-11,6.893511391856486e-20,0.0030977895315561325,0.003097789531556132,1.0000000000000002,4.336808689942018e-19
356444006.76375276,0.9272736908526347,356444006.76375276,27955993.23624724,2.878560361448536e-11,6.971262470458682e-20,0.0031327291238291807,0.0031327291238291803,1.0000000000000002,4.336808689942018e-19
356519247.6983397,0.9274694268947443,356519247.6983397,27880752.3016603,2.8790878297164678e-11,7.049618103038762e-20,0.0031679403891114537,0.0031679403891114524,1.0000000000000004,1.3010426069826053e-18
356594488.6329266,0.9276651629368537,356594488.6329266,27805511.367073417,2.8796212164848554e-11,7.128584863871637e-20,0.0032034262817347632,0.003203426281734763,1.0000000000000002,4.336808689942018e-19
356669729.5675135,0.9278608989789634,356669729.5675135,27730270.432486475,2.8801605679856827e-11,7.208169416520564e-20,0.0032391897961551006,0.0032391897961551,1.0000000000000002,4.336808689942018e-19
356744970.5021004,0.9280566350210728,356744970.5021004,27655029.497899592,2.8807059309557094e-11,7.288378515296248e-20,0.00327523396760833,0.0032752339676083296,1.0000000000000002,4.336808689942018e-19
356820211.43668735,0.9282523710631825,356820211.43668735,27579788.56331265,2.8812573526433572e-11,7.369219006744828e-20,0.0033115618727788507,0.00331156187277885,1.0000000000000002,8.673617379884035e-19
356895452.37127423,0.928448107105292,356895452.37127423,27504547.628725767,2.8818148808157055e-11,7.450697831163367e-20,0.0033481766304806256,0.0033481766304806256,1.0,0.0
356970693.3058612,0.9286438431474016,356970693.3058612,27429306.694138825,2.882378563765604e-11,7.532822024145525e-20,0.0033850814023517737,0.0033850814023517737,1.0,0.0
357045934.2404481,0.9288395791895112,357045934.2404481,27354065.759551883,2.8829484503189e-11,7.615598718156026e-20,0.003422279393562099,0.0034222793935620994,0.9999999999999999,4.336808689942018e-19
357121175.175035,0.9290353152316208,357121175.175035,27278824.824965,2.8835245898417894e-11,7.699035144136247e-20,0.0034597738535346065,0.0034597738535346056,1.0000000000000002,8.673617379884035e-19
357196416.10962194,0.9292310512737303,357196416.10962194,27203583.890378058,2.884107032248288e-11,7.78313863314093e-20,0.003497568076681003,0.0034975680766810044,0.9999999999999997,1.3010426069826053e-18
357271657.0442088,0.9294267873158398,357271657.0442088,27128342.955791175,2.8846958280078232e-11,7.867916618006052e-20,0.0035356654031512033,0.0035356654031512024,1.0000000000000002,8.673617379884035e-19
357346897.97879577,0.9296225233579495,357346897.97879577,27053102.021204233,2.8852910281529605e-11,7.95337663505021e-20,0.0035740692195978902,0.0035740692195978902,1.0,0.0
357422138.9133827,0.929818259400059,357422138.9133827,26977861.08661729,2.8858926842872518e-11,8.039526325808251e-20,0.003612782959955572,0.0036127829599555726,0.9999999999999999,4.336808689942018e-19
357497379.8479696,0.9300139954421686,357497379.8479696,26902620.15203041,2.8865008485932166e-11,8.126373438799595e-20,0.003651810106235228,0.003651810106235228,1.0,0.0
357572620.78255653,0.9302097314842782,357572620.78255653,26827379.217443466,2.8871155738404646e-11,8.213925831331275e-20,0.0036911541893345514,0.003691154189334551,1.0000000000000002,4.336808689942018e-19
357647861.7171434,0.9304054675263876,357647861.7171434,26752138.282856584,2.887736913393945e-11,8.302191471335893e-20,0.0037308187898638864,0.003730818789863887,0.9999999999999999,4.336808689942018e-19
357723102.65173036,0.9306012035684973,357723102.65173036,26676897.34826964,2.8883649212223433e-11,8.391178439246917e-20,0.0037708075389889465,0.003770807538988945,1.0000000000000004,1.3010426069826053e-18
357798343.58631724,0.9307969396106067,357798343.58631724,26601656.41368276,2.8889996519066146e-11,8.480894929910034e-20,0.0038111241192897317,0.003811124119289731,1.0000000000000002,8.673617379884035e-19
357873584.5209042,0.9309926756527164,357873584.5209042,26526415.479095817,2.8896411606486697e-11,8.571349254533677e-20,0.0038517722656370517,0.0038517722656370526,0.9999999999999998,8.673617379884035e-19
357948825.4554911,0.931188411694826,357948825.4554911,26451174.544508874,2.8902895032802e-11,8.66254984267735e-20,0.0038927557660860365,0.003892755766086036,1.0000000000000002,4.336808689942018e-19
358024066.390078,0.9313841477369355,358024066.390078,26375933.60992199,2.8909447362716615e-11,8.754505244280401e-20,0.003934078462787819,0.003934078462787819,1.0,0.0
358099307.32466495,0.9315798837790451,358099307.32466495,26300692.67533505,2.8916069167414103e-11,8.847224131731549e-20,0.003975744252919537,0.0039757442529195375,0.9999999999999998,8.673617379884035e-19
358174548.25925183,0.9317756198211546,358174548.25925183,26225451.740748167,2.8922761024649914e-11,8.940715301979255e-20,0.004017757089632683,0.0040177570896326835,0.9999999999999998,8.673617379884035e-19
358249789.1938388,0.9319713558632643,358249789.1938388,26150210.806161225,2.8929523518845966e-11,9.034987678685773e-20,0.0040601209830210885,0.004060120983021088,1.0000000000000002,8.673617379884035e-19
358325030.1284257,0.9321670919053738,358325030.1284257,26074969.871574283,2.893635724118676e-11,9.130050314423652e-20,0.0041028400011079835,0.004102840001107982,1.0000000000000004,1.734723475976807e-18
358400271.0630126,0.9323628279474834,358400271.0630126,25999728.9369874,2.894326278971724e-11,9.22591239291757e-20,0.004145918270853426,0.004145918270853425,1.0000000000000002,8.673617379884035e-19
358475511.99759954,0.932558563989593,358475511.99759954,25924488.002400458,2.8950240769442337e-11,9.322583231331757e-20,0.0041893599791822155,0.004189359979182216,0.9999999999999998,8.673617379884035e-19
358550752.9321864,0.9327543000317025,358550752.9321864,25849247.067813575,2.895729179242821e-11,9.420072282603341e-20,0.004233169374032454,0.004233169374032453,1.0000000000000002,8.673617379884035e-19
358625993.86677337,0.9329500360738121,358625993.86677337,25774006.133226633,2.8964416477905356e-11,9.518389137824587e-20,0.00427735076542606,0.004277350765426059,1.0000000000000002,8.673617379884035e-19
358701234.80136025,0.9331457721159215,358701234.80136025,25698765.19863975,2.8971615452373396e-11,9.617543528672816e-20,0.00432190852656073,0.004321908526560729,1.0000000000000002,8.673617379884035e-19
358776475.7359472,0.9333415081580312,358776475.7359472,25623524.26405281,2.8978889349707853e-11,9.717545329891545e-20,0.004366847094924901,0.004366847094924901,1.0,0.0
358851716.67053413,0.9335372442001408,358851716.67053413,25548283.329465866,2.8986238811268696e-11,9.818404561821742e-20,0.004412170973435242,0.004412170973435242,1.0,0.0
358926957.605121,0.9337329802422503,358926957.605121,25473042.394878983,2.899366448601086e-11,9.920131392986208e-20,0.004457884731598017,0.004457884731598017,1.0,0.0
359002198.53970796,0.9339287162843599,359002198.53970796,25397801.46029204,2.900116703059679e-11,1.0022736142727698e-19,0.004503993006694597,0.0045039930066945975,0.9999999999999998,8.673617379884035e-19
359077439.47429484,0.9341244523264695,359077439.47429484,25322560.52570516,2.900874710951083e-11,1.0126229283901154e-19,0.004550500504991289,0.00455050050499129,0.9999999999999998,8.673617379884035e-19
359152680.4088818,0.934320188368579,359152680.4088818,25247319.591118217,2.9016405395175857e-11,1.0230621445623408e-19,0.004597412002974992,0.004597412002974992,1.0,0.0
359227921.3434687,0.9345159244106886,359227921.3434687,25172078.656531274,2.9024142568071818e-11,1.0335923416079277e-19,0.004644732348614194,0.0046447323486141934,1.0000000000000002,8.673617379884035e-19
359303162.2780556,0.9347116604527982,359303162.2780556,25096837.72194439,2.9031959316856557e-11,1.0442146145387453e-19,0.004692466462646836,0.004692466462646837,0.9999999999999998,8.673617379884035e-19
359378403.21264255,0.9349073964949077,359378403.21264255,25021596.78735745,2.903985633848872e-11,1.0549300748526854e-19,0.004740619339895348,0.004740619339895348,1.0,0.0
359453644.14722943,0.9351031325370173,359453644.14722943,24946355.852770567,2.9047834338352907e-11,1.0657398508323922e-19,0.004789196050609079,0.0047891960506090785,1.0000000000000002,8.673617379884035e-19
359528885.0818164,0.9352988685791269,359528885.0818164,24871114.918183625,2.905589403038715e-11,1.0766450878504637e-19,0.004838201741835801,0.0048382017418358006,1.0000000000000002,8.673617379884035e-19
359604126.01640326,0.9354946046212363,359604126.01640326,24795873.983596742,2.9064036137212615e-11,1.0876469486810044e-19,0.004887641638821752,0.004887641638821752,1.0,0.0
359679366.9509902,0.935690340663346,359679366.9509902,24720633.0490098,2.907226139026576e-11,1.0987466138179645e-19,0.004937521046442189,0.004937521046442189,1.0,0.0
359754607.88557714,0.9358860767054556,359754607.88557714,24645392.114422858,2.908057052993288e-11,1.109945281800162e-19,0.00498784535066196,0.004987845350661959,1.0000000000000002,8.673617379884035e-19
359829848.820164,0.9360818127475651,359829848.820164,24570151.179835975,2.9088964305687073e-11,1.1212441695433702e-19,0.0050386200200278316,0.005038620020027832,0.9999999999999998,8.673617379884035e-19
359905089.75475097,0.9362775487896747,359905089.75475097,24494910.245249033,2.9097443476227885e-11,1.1326445126795595e-19,0.005089850607192966,0.005089850607192968,0.9999999999999997,1.734723475976807e-18
359980330.68933785,0.9364732848317842,359980330.68933785,24419669.31066215,2.91060088096233e-11,1.1441475659033724e-19,0.005141542750473901,0.005141542750473902,0.9999999999999998,8.673617379884035e-19
360055571.6239248,0.9366690208738938,360055571.6239248,24344428.37607521,2.9114661083454626e-11,1.155754603326246e-19,0.005193702175441899,0.0051937021754419,0.9999999999999998,8.673617379884035e-19
360130812.55851173,0.9368647569160035,360130812.55851173,24269187.441488266,2.912340108496383e-11,1.167466918838094e-19,0.0052463346965482644,0.005246334696548264,1.0000000000000002,8.673617379884035e-19
360206053.4930986,0.937060492958113,360206053.4930986,24193946.506901383,2.913222961120382e-11,1.1792858264769627e-19,0.005299446218785492,0.005299446218785492,1.0,0.0
360281294.42768556,0.9372562290002225,360281294.42768556,24118705.57231444,2.9141147469191434e-11,1.1912126608067787e-19,0.005353042739384782,0.005353042739384781,1.0000000000000002,8.673617379884035e-19
360356535.36227244,0.9374519650423321,360356535.36227244,24043464.63772756,2.915015547606329e-11,1.2032487773032823e-19,0.005407130349550343,0.005407130349550342,1.0000000000000002,8.673617379884035e-19
360431776.2968594,0.9376477010844417,360431776.2968594,23968223.703140616,2.915925445923468e-11,1.2153955527486065e-19,0.005461715236232535,0.005461715236232534,1.0000000000000002,8.673617379884035e-19
360507017.23144627,0.9378434371265512,360507017.23144627,23892982.768553734,2.9168445256561307e-11,1.2276543856344036e-19,0.005516803683939432,0.005516803683939432,1.0,0.0
360582258.1660332,0.9380391731686608,360582258.1660332,23817741.83396679,2.9177728716504263e-11,1.240026696574065e-19,0.005572402076589246,0.005572402076589246,1.0,0.0
360657499.10062015,0.9382349092107705,360657499.10062015,23742500.89937985,2.918710569829796e-11,1.2525139287239465e-19,0.005628516899403221,0.00562851689940322,1.0000000000000002,8.673617379884035e-19
360732740.03520703,0.9384306452528799,360732740.03520703,23667259.964792967,2.919657707212144e-11,1.265117548214084e-19,0.0056851547408411675,0.005685154740841166,1.0000000000000002,1.734723475976807e-18
360807980.969794,0.9386263812949895,360807980.969794,23592019.030206025,2.920614371927285e-11,1.2778390445885382e-19,0.00574232229458028,0.00574232229458028,1.0,0.0
360883221.90438086,0.938822117337099,360883221.90438086,23516778.095619142,2.9215806532347276e-11,1.290679931255522e-19,0.0058000263615379,0.0058000263615379,1.0,0.0
360958462.8389678,0.9390178533792086,360958462.8389678,23441537.1610322,2.9225566415418076e-11,1.3036417459477993e-19,0.005858273851940456,0.005858273851940456,1.0,0.0
361033703.77355474,0.9392135894213183,361033703.77355474,23366296.226445258,2.923542428422162e-11,1.316726051193336e-19,0.005917071787438454,0.005917071787438452,1.0000000000000002,1.734723475976807e-18
361108944.7081416,0.9394093254634277,361108944.7081416,23291055.291858375,2.9245381066345654e-11,1.3299344347967068e-19,0.005976427303269814,0.0059764273032698115,1.0000000000000004,2.6020852139652106e-18
361184185.64272857,0.9396050615055374,361184185.64272857,23215814.357271433,2.9255437701421385e-11,1.3432685103314434e-19,0.006036347650472376,0.006036347650472376,1.0,0.0
361259426.57731545,0.9398007975476469,361259426.57731545,23140573.42268455,2.9265595141319183e-11,1.3567299176435026e-19,0.00609684019814637,0.006096840198146371,0.9999999999999999,8.673617379884035e-19
361334667.5119024,0.9399965335897564,361334667.5119024,23065332.488097608,2.9275854350348244e-11,1.3703203233664084e-19,0.00615791243576935,0.006157912435769349,1.0000000000000002,8.673617379884035e-19
361409908.44648933,0.9401922696318661,361409908.44648933,22990091.553510666,2.928621630546008e-11,1.384041421448051e-19,0.006219571975563511,0.00621957197556351,1.0000000000000002,8.673617379884035e-19
361485149.3810762,0.9403880056739756,361485149.3810762,22914850.618923783,2.929668199645606e-11,1.3978949336897274e-19,0.006281826554918013,0.006281826554918015,0.9999999999999998,1.734723475976807e-18
361560390.31566316,0.9405837417160853,361560390.31566316,22839609.68433684,2.930725242619909e-11,1.4118826102976302e-19,0.006344684038867256,0.006344684038867255,1.0000000000000002,1.734723475976807e-18
361635631.25025004,0.9407794777581947,361635631.25025004,22764368.74974996,2.9317928610829386e-11,1.4260062304470042e-19,0.006408152422626064,0.006408152422626063,1.0000000000000002,8.673617379884035e-19
361710872.184837,0.9409752138003044,361710872.184837,22689127.815163016,2.9328711579984656e-11,1.4402676028595913e-19,0.006472239834184599,0.006472239834184599,1.0,0.0
361786113.11942387,0.9411709498424138,361786113.11942387,22613886.880576134,2.9339602377024576e-11,1.454668566394367e-19,0.006536954536962997,0.0065369545369629994,0.9999999999999996,2.6020852139652106e-18
361861354.0540108,0.9413666858845234,361861354.0540108,22538645.94598919,2.935060205925988e-11,1.469210990652281e-19,0.006602304932528938,0.0066023049325289376,1.0000000000000002,8.673617379884035e-19
361936594.98859775,0.9415624219266331,361936594.98859775,22463405.01140225,2.9361711698185895e-11,1.4838967765950336e-19,0.006668299563378285,0.006668299563378284,1.0000000000000002,8.673617379884035e-19
362011835.92318463,0.9417581579687425,362011835.92318463,22388164.076815367,2.9372932379720935e-11,1.498727857178548e-19,0.006734947115781768,0.006734947115781768,1.0,0.0
362087076.8577716,0.9419538940108522,362087076.8577716,22312923.142228425,2.938426520444949e-11,1.5137061980014184e-19,0.006802256422698967,0.006802256422698966,1.0000000000000002,1.734723475976807e-18
362162317.79235846,0.9421496300529616,362162317.79235846,22237682.207641542,2.9395711287870203e-11,1.5288337979686246e-19,0.006870236466760895,0.006870236466760894,1.0000000000000002,8.673617379884035e-19
362237558.7269454,0.9423453660950712,362237558.7269454,22162441.2730546,2.940727176064917e-11,1.544112689971231e-19,0.0069388963833244095,0.006938896383324409,1.0000000000000002,8.673617379884035e-19
362312799.66153234,0.9425411021371809,362312799.66153234,22087200.338467658,2.941894776887812e-11,1.5595449415821286e-19,0.007008245463598729,0.007008245463598729,1.0,0.0
362388040.5961192,0.9427368381792904,362388040.5961192,22011959.403880775,2.943074047433812e-11,1.5751326557685871e-19,0.007078293157847473,0.007078293157847474,0.9999999999999999,8.673617379884035e-19
362463281.53070617,0.9429325742214,362463281.53070617,21936718.469293833,2.9442651054768607e-11,1.590877971621936e-19,0.007149049078667695,0.007149049078667693,1.0000000000000002,1.734723475976807e-18
362538522.46529305,0.9431283102635095,362538522.46529305,21861477.53470695,2.9454680704141955e-11,1.606783065104731e-19,0.007220523004347471,0.007220523004347469,1.0000000000000002,1.734723475976807e-18
362613763.39988,0.9433240463056192,362613763.39988,21786236.600120008,2.946683063294383e-11,1.6228501498162097e-19,0.007292724882305694,0.007292724882305696,0.9999999999999998,1.734723475976807e-18
362689004.3344669,0.9435197823477286,362689004.3344669,21710995.665533125,2.94791020684592e-11,1.6390814777761386e-19,0.007365664832614503,0.0073656648326145035,0.9999999999999999,8.673617379884035e-19
362764245.2690538,0.9437155183898382,362764245.2690538,21635754.730946183,2.9491496255064564e-11,1.655479340227982e-19,0.007439353151608544,0.007439353151608542,1.0000000000000004,2.6020852139652106e-18
362839486.20364076,0.9439112544319479,362839486.20364076,21560513.79635924,2.9504014454526045e-11,1.6720460684615292e-19,0.007513800315581675,0.007513800315581673,1.0000000000000002,1.734723475976807e-18
362914727.13822764,0.9441069904740573,362914727.13822764,21485272.86177236,2.9516657946303895e-11,1.6887840346558598e-19,0.0075890169845750565,0.007589016984575058,0.9999999999999998,1.734723475976807e-18
362989968.0728146,0.944302726516167,362989968.0728146,21410031.927185416,2.952942802786343e-11,1.7056956527430744e-19,0.007665014006258573,0.007665014006258572,1.0000000000000002,8.673617379884035e-19
363065209.00740147,0.9444984625582764,363065209.00740147,21334790.992598534,2.954232601499241e-11,1.722783379293255e-19,0.007741802419907641,0.007741802419907638,1.0000000000000004,2.6020852139652106e-18
363140449.9419884,0.9446941986003861,363140449.9419884,21259550.05801159,2.9555353242125354e-11,1.7400497144215908e-19,0.007819393460479626,0.007819393460479626,1.0,0.0
363215690.87657535,0.9448899346424957,363215690.87657535,21184309.12342465,2.956851106267457e-11,1.7574972027178953e-19,0.007897798562790895,0.007897798562790895,1.0,0.0
363290931.81116223,0.9450856706846051,363290931.81116223,21109068.188837767,2.958180084936839e-11,1.7751284341994887e-19,0.007977029365798843,0.007977029365798841,1.0000000000000002,1.734723475976807e-18
363366172.7457492,0.9452814067267148,363366172.7457492,21033827.254250824,2.9595223994596665e-11,1.792946045287986e-19,0.00805709771699137,0.00805709771699137,1.0,0.0
363441413.68033606,0.9454771427688243,363441413.68033606,20958586.31966394,2.96087819107636e-11,1.8109527198105376e-19,0.008138015676886228,0.008138015676886228,1.0,0.0
363516654.614923,0.9456728788109339,363516654.614923,20883345.385077,2.962247603064835e-11,1.8291511900265734e-19,0.008219795523644978,0.00821979552364498,0.9999999999999998,1.734723475976807e-18
363591895.5495099,0.9458686148530434,363591895.5495099,20808104.450490117,2.9636307807773315e-11,1.8475442376803612e-19,0.008302449757802952,0.008302449757802952,1.0,0.0
363667136.4840968,0.9460643508951531,363667136.4840968,20732863.515903175,2.965027871678057e-11,1.866134695080575e-19,0.008385991107120594,0.00838599110712059,1.0000000000000004,3.469446951953614e-18
363742377.41868377,0.9462600869372627,363742377.41868377,20657622.581316233,2.966439025381641e-11,1.8849254462072252e-19,0.008470432531557753,0.008470432531557753,1.0,0.0
363817618.35327065,0.9464558229793721,363817618.35327065,20582381.64672935,2.9678643936924377e-11,1.9039194278471118e-19,0.008555787228376152,0.008555787228376154,0.9999999999999998,1.734723475976807e-18
363892859.2878576,0.9466515590214818,363892859.2878576,20507140.712142408,2.9693041306447043e-11,1.9231196307584914e-19,0.008642068637373154,0.008642068637373152,1.0000000000000002,1.734723475976807e-18
363968100.2224445,0.9468472950635912,363968100.2224445,20431899.777555525,2.970758392543645e-11,1.9425291008656706e-19,0.008729290446249977,0.008729290446249975,1.0000000000000002,1.734723475976807e-18
364043341.1570314,0.9470430311057009,364043341.1570314,20356658.842968583,2.972227338007386e-11,1.9621509404847967e-19,0.00881746659612014,0.008817466596120142,0.9999999999999998,1.734723475976807e-18
364118582.09161836,0.9472387671478105,364118582.09161836,20281417.90838164,2.973711128009871e-11,1.9819883095813046e-19,0.008906611287160141,0.008906611287160141,1.0,0.0
364193823.02620524,0.94743450318992,364193823.02620524,20206176.97379476,2.975209925924723e-11,2.0020444270603545e-19,0.008996738984408392,0.008996738984408392,1.0,0.0
364269063.9607922,0.9476302392320296,364269063.9607922,20130936.039207816,2.9767238975700885e-11,2.0223225720911034e-19,0.009087864423716202,0.009087864423716202,1.0,0.0
364344304.89537907,0.9478259752741391,364344304.89537907,20055695.104620934,2.978253211254486e-11,2.0428260854656473e-19,0.009180002617854557,0.009180002617854557,1.0,0.0
364419545.829966,0.9480217113162487,364419545.829966,19980454.17003399,2.9797980378236975e-11,2.0635583709941045e-19,0.009273168862783312,0.009273168862783312,1.0,0.0
364494786.7645529,0.9482174473583582,364494786.7645529,19905213.23544711,2.9813585507087184e-11,2.0845228969364144e-19,0.00936737874408538,0.00936737874408538,1.0,0.0
364570027.69913983,0.9484131834004679,364570027.69913983,19829972.300860167,2.982934925974803e-11,2.1057231974725045e-19,0.009462648143573319,0.009462648143573319,1.0,0.0
364645268.6337268,0.9486089194425774,364645268.6337268,19754731.366273224,2.984527342371624e-11,2.1271628742114743e-19,0.009558993246071281,0.009558993246071281,1.0,0.0
364720509.56831366,0.948804655484687,364720509.56831366,19679490.43168634,2.98613598138459e-11,2.148845597741422e-19,0.009656430546379576,0.009656430546379578,0.9999999999999998,1.734723475976807e-18
364795750.5029006,0.9490003915267966,364795750.5029006,19604249.4970994,2.9877610272873476e-11,2.170775109220982e-19,0.009754976856426692,0.00975497685642669,1.0000000000000002,1.734723475976807e-18
364870991.4374875,0.949196127568906,364870991.4374875,19529008.562512517,2.9894026671954785e-11,2.1929552220136957e-19,0.009854649312613782,0.009854649312613782,1.0,0.0
364946232.3720744,0.9493918636110157,364946232.3720744,19453767.627925575,2.9910610911214705e-11,2.215389823366985e-19,0.009955465383359606,0.009955465383359606,1.0,0.0
365021473.30666137,0.9495875996531253,365021473.30666137,19378526.693338633,2.992736492030943e-11,2.2380828761365726e-19,0.010057442876849681,0.01005744287684968,1.0000000000000002,1.734723475976807e-18
365096714.24124825,0.9497833356952348,365096714.24124825,19303285.75875175,2.994429065900202e-11,2.261038420558227e-19,0.010160599948998105,0.010160599948998102,1.0000000000000004,3.469446951953614e-18
365171955.1758352,0.9499790717373444,365171955.1758352,19228044.824164808,2.9961390117751506e-11,2.284260576068134e-19,0.010264955111627908,0.010264955111627908,1.0,0.0
365247196.1104221,0.9501748077794538,365247196.1104221,19152803.889577925,2.997866531831568e-11,2.3077535431732426e-19,0.010370527240875959,0.010370527240875957,1.0000000000000002,1.734723475976807e-18
365322437.045009,0.9503705438215635,365322437.045009,19077562.954990983,2.99961183143684e-11,2.33152160537362e-19,0.0104773355858316,0.010477335585831598,1.0000000000000002,1.734723475976807e-18
365397677.9795959,0.950566279863673,365397677.9795959,19002322.0204041,3.001375119213131e-11,2.355569131137904e-19,0.010585399777413886,0.010585399777413886,1.0,0.0
365472918.91418284,0.9507620159057826,365472918.91418284,18927081.08581716,3.003156607102091e-11,2.379900575934128e-19,0.010694739837497661,0.01069473983749766,1.0000000000000002,1.734723475976807e-18
365548159.8487698,0.9509577519478922,365548159.8487698,18851840.151230216,3.0049565104310806e-11,2.4045204843171124e-19,0.010805376188293829,0.010805376188293827,1.0000000000000002,1.734723475976807e-18
365623400.78335667,0.9511534879900018,365623400.78335667,18776599.216643333,3.006775047981014e-11,2.4294334920747287e-19,0.01091732966199417,0.010917329661994166,1.0000000000000002,3.469446951953614e-18
365698641.7179436,0.9513492240321114,365698641.7179436,18701358.28205639,3.008612442055831e-11,2.454644328434709e-19,0.011030621510688262,0.01103062151068826,1.0000000000000002,1.734723475976807e-18
365773882.6525305,0.9515449600742208,365773882.6525305,18626117.34746951,3.010468918553643e-11,2.480157818333806e-19,0.011145273416560577,0.011145273416560575,1.0000000000000002,1.734723475976807e-18
365849123.58711743,0.9517406961163305,365849123.58711743,18550876.412882566,3.0123447070396296e-11,2.505978884751795e-19,0.01126130750237895,0.011261307502378947,1.0000000000000002,3.469446951953614e-18
365924364.5217044,0.9519364321584401,365924364.5217044,18475635.478295624,3.014240040820699e-11,2.532112551111847e-19,0.011378746342281337,0.011378746342281337,1.0,0.0
365999605.45629126,0.9521321682005496,365999605.45629126,18400394.54370874,3.016155157021987e-11,2.558563943749956e-19,0.011497612972872842,0.011497612972872842,1.0,0.0
366074846.3908782,0.9523279042426592,366074846.3908782,18325153.6091218,3.0180902966652476e-11,2.5853382944554775e-19,0.01161793090464236,0.01161793090464236,1.0,0.0
366150087.3254651,0.9525236402847687,366150087.3254651,18249912.674534917,3.020045704749166e-11,2.612440943084942e-19,0.011739724133708438,0.011739724133708437,1.0000000000000002,1.734723475976807e-18
366225328.260052,0.9527193763268783,366225328.260052,18174671.739947975,3.022021630331688e-11,2.639877340252073e-19,0.011863017153907633,0.011863017153907633,1.0,0.0
366300569.1946389,0.9529151123689878,366300569.1946389,18099430.805361092,3.024018326614377e-11,2.6676530500959125e-19,0.011987834969233842,0.011987834969233844,0.9999999999999999,1.734723475976807e-18
366375810.12922585,0.9531108484110974,366375810.12922585,18024189.87077415,3.0260360510289143e-11,2.695773753130347e-19,0.012114203106643432,0.012114203106643434,0.9999999999999999,1.734723475976807e-18
366451051.0638128,0.953306584453207,366451051.0638128,17948948.936187208,3.0280750653257447e-11,2.7242452491770933e-19,0.012242147629235423,0.012242147629235419,1.0000000000000002,3.469446951953614e-18
366526291.9983997,0.9535023204953166,366526291.9983997,17873708.001600325,3.0301356356649806e-11,2.75307346038551e-19,0.01237169514982184,0.01237169514982184,1.0,0.0
366601532.9329866,0.9536980565374261,366601532.9329866,17798467.067013383,3.032218032709613e-11,2.782264434341976e-19,0.012502872844900566,0.012502872844900568,0.9999999999999999,1.734723475976807e-18
366676773.8675735,0.9538937925795357,366676773.8675735,17723226.1324265,3.034322531721078e-11,2.8118243472716114e-19,0.012635708469043163,0.012635708469043163,1.0,0.0
366752014.80216044,0.9540895286216453,366752014.80216044,17647985.197839558,3.036449412657291e-11,2.841759507336125e-19,0.01277023036971465,0.012770230369714645,1.0000000000000004,5.204170427930421e-18
366827255.7367474,0.9542852646637549,366827255.7367474,17572744.263252616,3.0385989602731825e-11,2.8720763580303505e-19,0.01290646750253678,0.012906467502536781,0.9999999999999999,1.734723475976807e-18
366902496.67133427,0.9544810007058644,366902496.67133427,17497503.328665733,3.040771464223831e-11,2.902781481681479e-19,0.013044449447012808,0.013044449447012808,1.0,0.0
366977737.6059212,0.954676736747974,366977737.6059212,17422262.39407879,3.042967219170286e-11,2.9338816030543065e-19,0.013184206422728672,0.013184206422728668,1.0000000000000002,3.469446951953614e-18
367052978.5405081,0.9548724727900835,367052978.5405081,17347021.45949191,3.0451865248881075e-11,2.965383593065933e-19,0.013325769306045994,0.013325769306045992,1.0000000000000002,1.734723475976807e-18
367128219.47509503,0.9550682088321931,367128219.47509503,17271780.524904966,3.0474296863787876e-11,2.997294472614355e-19,0.013469169647306949,0.013469169647306949,1.0,0.0
367203460.4096819,0.9552639448743026,367203460.4096819,17196539.590318084,3.049697013984058e-11,3.029621416524176e-19,0.01361443968856538,0.013614439688565377,1.0000000000000002,3.469446951953614e-18
367278701.34426886,0.9554596809164122,367278701.34426886,17121298.65573114,3.05198882350324e-11,3.0623717576143576e-19,0.013761612381866371,0.013761612381866368,1.0000000000000002,3.469446951953614e-18
367353942.2788558,0.9556554169585219,367353942.2788558,17046057.7211442,3.0543054363136804e-11,3.0955529908915635e-19,0.013910721408090188,0.013910721408090188,1.0,0.0
367429183.2134427,0.9558511530006313,367429183.2134427,16970816.786557317,3.056647179494406e-11,3.1291727778741666e-19,0.014061801196383403,0.014061801196383403,1.0,0.0
367504424.1480296,0.9560468890427409,367504424.1480296,16895575.851970375,3.0590143859530845e-11,3.163238951051375e-19,0.01421488694419721,0.014214886944197206,1.0000000000000002,3.469446951953614e-18
367579665.0826165,0.9562426250848505,367579665.0826165,16820334.917383492,3.06140739455637e-11,3.197759518482004e-19,0.014370014637953267,0.014370014637953264,1.0000000000000002,3.469446951953614e-18
367654906.01720345,0.95643836112696,367654906.01720345,16745093.98279655,3.063826550263796e-11,3.2327426685386393e-19,0.014527221074362908,0.014527221074362908,1.0,0.0
367730146.9517904,0.9566340971690697,367730146.9517904,16669853.048209608,3.066272204265262e-11,3.2681967748016167e-19,0.014686543882419589,0.014686543882419587,1.0000000000000002,1.734723475976807e-18
367805387.8863773,0.9568298332111792,367805387.8863773,16594612.113622725,3.0687447141222826e-11,3.3041304011089455e-19,0.014848021546092115,0.014848021546092115,1.0,0.0
367880628.8209642,0.9570255692532889,367880628.8209642,16519371.179035783,3.071244443913095e-11,3.3405523067676224e-19,0.015011693427743115,0.015011693427743117,0.9999999999999999,1.734723475976807e-18
367955869.7555511,0.9572213052953983,367955869.7555511,16444130.2444489,3.073771764381728e-11,3.3774714519319376e-19,0.015177599792297937,0.015177599792297939,0.9999999999999999,1.734723475976807e-18
368031110.69013804,0.9574170413375079,368031110.69013804,16368889.309861958,3.076327053091218e-11,3.4148970031556704e-19,0.015345781832194988,0.015345781832194986,1.0000000000000002,1.734723475976807e-18
368106351.6247249,0.9576127773796174,368106351.6247249,16293648.375275075,3.078910694581035e-11,3.4528383391237016e-19,0.015516281693142293,0.015516281693142293,1.0,0.0
368181592.55931187,0.957808513421727,368181592.55931187,16218407.440688133,3.08152308052892e-11,3.4913050565706597e-19,0.01568914250071459,0.015689142500714594,0.9999999999999998,3.469446951953614e-18
368256833.4938988,0.9580042494638367,368256833.4938988,16143166.506101191,3.0841646099172216e-11,3.530306976392671e-19,0.015864408387818146,0.015864408387818146,1.0,0.0
368332074.4284857,0.9581999855059461,368332074.4284857,16067925.571514308,3.086835689203926e-11,3.569854149960209e-19,0.016042124523059288,0.016042124523059288,1.0,0.0
368407315.36307263,0.9583957215480557,368407315.36307263,15992684.636927366,3.089536732498516e-11,3.609956865639344e-19,0.01622233714004945,0.016222337140049448,1.0000000000000002,3.469446951953614e-18
368482556.2976595,0.9585914575901653,368482556.2976595,15917443.702340484,3.092268161742789e-11,3.6506256555289523e-19,0.016405093567680676,0.016405093567680676,1.0,0.0
368557797.23224646,0.9587871936322748,368557797.23224646,15842202.767753541,3.095030406896873e-11,3.691871302422929e-19,0.016590442261412236,0.016590442261412236,1.0,0.0
368633038.1668334,0.9589829296743845,368633038.1668334,15766961.8331666,3.0978239061305235e-11,3.733704847005031e-19,0.016778432835602645,0.016778432835602645,1.0,0.0
368708279.1014203,0.959178665716494,368708279.1014203,15691720.898579717,3.100649106019952e-11,3.7761375952861144e-19,0.016969116096930942,0.016969116096930935,1.0000000000000004,6.938893903907228e-18
368783520.0360072,0.9593744017586036,368783520.0360072,15616479.963992774,3.103506461750347e-11,3.8191811262928115e-19,0.01716254407894788,0.01716254407894788,1.0,0.0
368858760.9705941,0.9595701378007131,368858760.9705941,15541239.029405892,3.106396437324247e-11,3.862847300017063e-19,0.017358770077799342,0.017358770077799342,1.0,0.0
368934001.90518105,0.9597658738428227,368934001.90518105,15465998.09481895,3.10931950577604e-11,3.9071482656375305e-19,0.01755784868917153,0.017557848689171526,1.0000000000000002,3.469446951953614e-18
369009242.83976793,0.9599616098849322,369009242.83976793,15390757.160232067,3.112276149392708e-11,3.952096470022493e-19,0.01775983584650106,0.017759835846501055,1.0000000000000002,3.469446951953614e-18
369084483.7743549,0.9601573459270418,369084483.7743549,15315516.225645125,3.115266859941124e-11,3.9977046665264164e-19,0.017964788860504795,0.017964788860504798,0.9999999999999998,3.469446951953614e-18
369159724.7089418,0.9603530819691515,369159724.7089418,15240275.291058183,3.118292138902042e-11,4.0439859240907532e-19,0.018172766460076796,0.0181727664600768,0.9999999999999998,3.469446951953614e-18
369234965.6435287,0.9605488180112609,369234965.6435287,15165034.3564713,3.121352497711078e-11,4.0909536366619343e-19,0.018383828834610653,0.01838382883461065,1.0000000000000002,3.469446951953614e-18
369310206.57811564,0.9607445540533706,369310206.57811564,15089793.421884358,3.124448458006898e-11,4.1386215329389177e-19,0.018598037677802794,0.01859803767780279,1.0000000000000002,3.469446951953614e-18
369385447.5127025,0.96094029009548,369385447.5127025,15014552.487297475,3.127580551886848e-11,4.1870036864631353e-19,0.018815456232994448,0.018815456232994448,1.0,0.0
369460688.44728947,0.9611360261375896,369460688.44728947,14939311.552710533,3.130749322170343e-11,4.236114526065636e-19,0.01903614934011875,0.01903614934011875,1.0,0.0
369535929.3818764,0.9613317621796993,369535929.3818764,14864070.618123591,3.133955322670219e-11,4.2859688466847398e-19,0.019260183484312875,0.019260183484312875,1.0,0.0
369611170.3164633,0.9615274982218087,369611170.3164633,14788829.683536708,3.137199118472394e-11,4.3365818205703338e-19,0.01948762684626762,0.019487626846267616,1.0000000000000002,3.469446951953614e-18
369686411.25105023,0.9617232342639184,369686411.25105023,14713588.748949766,3.1404812862241065e-11,4.387969008890259e-19,0.019718549354383906,0.019718549354383903,1.0000000000000002,3.469446951953614e-18
369761652.1856371,0.9619189703060279,369761652.1856371,14638347.814362884,3.1438024144310233e-11,4.44014637375495e-19,0.019953022738808814,0.01995302273880881,1.0000000000000002,3.469446951953614e-18
369836893.12022406,0.9621147063481376,369836893.12022406,14563106.879775941,3.147163103763592e-11,4.493130290678693e-19,0.02019112058743369,0.020191120587433692,0.9999999999999998,3.469446951953614e-18
369912134.05481094,0.962310442390247,369912134.05481094,14487865.945189059,3.150563967372897e-11,4.546937561494401e-19,0.02043291840393025,0.020432918403930248,1.0000000000000002,3.469446951953614e-18
369987374.9893979,0.9625061784323566,369987374.9893979,14412625.010602117,3.154005631216457e-11,4.601585427742245e-19,0.020678493667916083,0.020678493667916083,1.0,0.0
370062615.9239848,0.9627019144744663,370062615.9239848,14337384.076015174,3.1574887343942317e-11,4.657091584550754e-19,0.02092792589733321,0.02092792589733321,1.0,0.0
370137856.8585717,0.9628976505165757,370137856.8585717,14262143.141428292,3.161013929495301e-11,4.713474195032315e-19,0.021181296713138228,0.021181296713138228,1.0,0.0
370213097.79315865,0.9630933865586854,370213097.79315865,14186902.20684135,3.164581882955569e-11,4.770751905214519e-19,0.02143868990640044,0.021438689906400438,1.0000000000000002,3.469446951953614e-18
370288338.72774553,0.9632891226007948,370288338.72774553,14111661.272254467,3.16819327542689e-11,4.8289438595298055e-19,0.02170019150790884,0.021700191507908837,1.0000000000000002,3.469446951953614e-18
370363579.6623325,0.9634848586429045,370363579.6623325,14036420.337667525,3.1718488021580975e-11,4.888069716888575e-19,0.021965889860401083,0.02196588986040108,1.0000000000000002,3.469446951953614e-18
370438820.5969194,0.9636805946850141,370438820.5969194,13961179.403080583,3.1755491733883264e-11,4.948149667359573e-19,0.02223587569352139,0.02223587569352139,1.0,0.0
370514061.5315063,0.9638763307271235,370514061.5315063,13885938.4684937,3.179295114753139e-11,5.009204449485149e-19,0.022510242201631437,0.022510242201631434,1.0000000000000002,3.469446951953614e-18
370589302.46609324,0.9640720667692332,370589302.46609324,13810697.533906758,3.183087367703933e-11,5.07125536825862e-19,0.02278908512459661,0.02278908512459661,1.0,0.0
370664543.4006801,0.9642678028113427,370664543.4006801,13735456.599319875,3.1869266899411024e-11,5.134324313792395e-19,0.02307250283167636,0.023072502831676358,1.0000000000000002,3.469446951953614e-18
370739784.33526707,0.9644635388534523,370739784.33526707,13660215.664732933,3.1908138558615573e-11,5.198433780708571e-19,0.02336059640866121,0.02336059640866121,1.0,0.0
370815025.26985395,0.9646592748955618,370815025.26985395,13584974.73014605,3.1947496570210705e-11,5.2636068882825695e-19,0.023653469748393725,0.023653469748393725,1.0,0.0
370890266.2044409,0.9648550109376715,370890266.2044409,13509733.795559108,3.198734902612121e-11,5.329867401375087e-19,0.02395122964483202,0.023951229644832022,0.9999999999999999,3.469446951953614e-18
370965507.13902783,0.965050746979781,370965507.13902783,13434492.860972166,3.202770419957746e-11,5.397239752186166e-19,0.024253985890807673,0.02425398589080767,1.0000000000000002,3.469446951953614e-18
371040748.0736147,0.9652464830218905,371040748.0736147,13359251.926385283,3.2068570550221176e-11,5.465749062869839e-19,0.02456185137965088,0.02456185137965088,1.0,0.0
371115989.00820166,0.9654422190640002,371115989.00820166,13284010.991798341,3.210995672938467e-11,5.535421169047955e-19,0.024874942210856295,0.024874942210856295,1.0,0.0
371191229.94278854,0.9656379551061096,371191229.94278854,13208770.057211459,3.2151871585550235e-11,5.606282644263688e-19,0.025193377799971647,0.025193377799971647,1.0,0.0
371266470.8773755,0.9658336911482193,371266470.8773755,13133529.122624516,3.219432416999761e-11,5.678360825419324e-19,0.025517280992909435,0.02551728099290943,1.0000000000000002,3.469446951953614e-18
371341711.8119624,0.9660294271903289,371341711.8119624,13058288.188037574,3.223732374264631e-11,5.751683839242131e-19,0.025846778184878634,0.025846778184878634,1.0,0.0
371416952.7465493,0.9662251632324383,371416952.7465493,12983047.253450692,3.22808797781013e-11,5.826280629827573e-19,0.026181999444157694,0.026181999444157694,1.0,0.0
371492193.68113625,0.966420899274548,371492193.68113625,12907806.31886375,3.2325001971910255e-11,5.902180987309615e-19,0.026523078640932497,0.026523078640932497,1.0,0.0
371567434.61572313,0.9666166353166574,371567434.61572313,12832565.384276867,3.236970024704047e-11,5.979415577710606e-19,0.026870153581435036,0.026870153581435026,1.0000000000000004,1.0408340855860843e-17
371642675.5503101,0.9668123713587671,371642675.5503101,12757324.449689925,3.241498476058562e-11,6.058015974028027e-19,0.02722336614764028,0.02722336614764028,1.0,0.0
371717916.48489696,0.9670081074008766,371717916.48489696,12682083.515103042,3.2460865910710576e-11,6.13801468861511e-19,0.027582862442777425,0.027582862442777422,1.0000000000000002,3.469446951953614e-18
371793157.4194839,0.9672038434429863,371793157.4194839,12606842.5805161,3.250735434384559e-11,6.219445206919247e-19,0.027948792942942755,0.027948792942942755,1.0,0.0
371868398.35407084,0.9673995794850958,371868398.35407084,12531601.645929158,3.2554460962139016e-11,6.302342022641683e-19,0.02832131265509941,0.02832131265509941,1.0,0.0
371943639.2886577,0.9675953155272053,371943639.2886577,12456360.711342275,3.260219693118058e-11,6.386740674388942e-19,0.02870058128178068,0.028700581281780678,1.0000000000000002,3.469446951953614e-18
372018880.22324467,0.967791051569315,372018880.22324467,12381119.776755333,3.265057368800618e-11,6.472677783888129e-19,0.029086763392821017,0.02908676339282102,0.9999999999999999,3.469446951953614e-18
372094121.15783155,0.9679867876114244,372094121.15783155,12305878.84216845,3.2699602949396035e-11,6.560191095842111e-19,0.02948002860445628,0.029480028604456275,1.0000000000000002,3.469446951953614e-18
372169362.0924185,0.9681825236535341,372169362.0924185,12230637.907581508,3.274929672047968e-11,6.64931951950726e-19,0.029880551766164786,0.029880551766164793,0.9999999999999998,6.938893903907228e-18
372244603.02700543,0.9683782596956437,372244603.02700543,12155396.972994566,3.279966730365993e-11,6.740103172077256e-19,0.03028851315562443,0.03028851315562442,1.0000000000000004,1.0408340855860843e-17
372319843.9615923,0.9685739957377532,372319843.9615923,12080156.038407683,3.2850727307870783e-11,6.83258342396493e-19,0.030704098682199088,0.030704098682199085,1.0000000000000002,3.469446951953614e-18
372395084.89617926,0.9687697317798628,372395084.89617926,12004915.103820741,3.2902489658183445e-11,6.926802946076972e-19,0.031127500099380617,0.03112750009938061,1.0000000000000002,6.938893903907228e-18
372470325.83076614,0.9689654678219722,372470325.83076614,11929674.169233859,3.295496760577545e-11,7.022805759181566e-19,0.031558915226635904,0.0315589152266359,1.0000000000000002,6.938893903907228e-18
372545566.7653531,0.9691612038640819,372545566.7653531,11854433.234646916,3.300817473828009e-11,7.12063728547747e-19,0.03199854818114676,0.031998548181146745,1.0000000000000004,1.3877787807814457e-17
372620807.69993997,0.9693569399061914,372620807.69993997,11779192.300060034,3.306212499053176e-11,7.22034440247501e-19,0.03244660961993904,0.03244660961993904,1.0,0.0
372696048.6345269,0.969552675948301,372696048.6345269,11703951.365473092,3.311683265572651e-11,7.321975499310769e-19,0.032903316992948246,0.032903316992948246,1.0,0.0
372771289.56911385,0.9697484119904106,372771289.56911385,11628710.43088615,3.3172312397015207e-11,7.425580535619896e-19,0.033368894807578466,0.033368894807578466,1.0,0.0
372846530.50370073,0.9699441480325202,372846530.50370073,11553469.496299267,3.322857925955009e-11,7.531211103101698e-19,0.03384357490536436,0.033843574905364354,1.0000000000000002,6.938893903907228e-18
372921771.4382877,0.9701398840746297,372921771.4382877,11478228.561712325,3.3285648683005175e-11,7.63892048991945e-19,0.03432759675136947,0.03432759675136947,1.0,0.0
372997012.37287456,0.9703356201167392,372997012.37287456,11402987.627125442,3.3343536514591906e-11,7.748763748083641e-19,0.034821207736991426,0.03482120773699142,1.0000000000000002,6.938893903907228e-18
373072253.3074615,0.9705313561588489,373072253.3074615,11327746.6925385,3.340225902259412e-11,7.860797763979854e-19,0.03532466349689845,0.03532466349689845,1.0,0.0
373147494.24204844,0.9707270922009585,373147494.24204844,11252505.757951558,3.346183291044543e-11,7.975081332207464e-19,0.035838228240843886,0.03583822824084388,1.0000000000000002,6.938893903907228e-18
373222735.1766353,0.970922828243068,373222735.1766353,11177264.823364675,3.35222753313756e-11,8.091675232910208e-19,0.03636217510117247,0.03636217510117248,0.9999999999999998,6.938893903907228e-18
373297976.11122227,0.9711185642851776,373297976.11122227,11102023.888777733,3.35836039036525e-11,8.210642312787787e-19,0.036896786496868325,0.036896786496868325,1.0,0.0
373373217.04580915,0.971314300327287,373373217.04580915,11026782.95419085,3.3645836726447626e-11,8.332047569989064e-19,0.03744235451504594,0.037442354515045934,1.0000000000000002,6.938893903907228e-18
373448457.9803961,0.9715100363693967,373448457.9803961,10951542.019603908,3.370899239635632e-11,8.4559582431034e-19,0.03799918131085731,0.03799918131085731,1.0,0.0
373523698.914983,0.9717057724115061,373523698.914983,10876301.085017025,3.377309002460295e-11,8.582443904474671e-19,0.03856757952682422,0.038567579526824214,1.0000000000000002,6.938893903907228e-18
373598939.8495699,0.9719015084536158,373598939.8495699,10801060.150430083,3.383814925496597e-11,8.711576558082827e-19,0.03914787273269601,0.03914787273269601,1.0,0.0
373674180.78415686,0.9720972444957254,373674180.78415686,10725819.215843141,3.390419028245671e-11,8.843430742247164e-19,0.03974039588697509,0.03974039588697509,1.0,0.0
373749421.71874374,0.9722929805378349,373749421.71874374,10650578.281256258,3.397123387279036e-11,8.978083637427252e-19,0.040345495821350136,0.04034549582135014,0.9999999999999998,6.938893903907228e-18
373824662.6533307,0.9724887165799445,373824662.6533307,10575337.346669316,3.4039301382688244e-11,9.115615179411731e-19,0.04096353174934119,0.04096353174934119,1.0,0.0
373899903.58791757,0.972684452622054,373899903.58791757,10500096.412082434,3.4108414781052344e-11,9.256108178203777e-19,0.04159487580054427,0.04159487580054428,0.9999999999999998,6.938893903907228e-18
373975144.5225045,0.9728801886641637,373975144.5225045,10424855.477495492,3.4178596671057635e-11,9.399648442936184e-19,0.042239913581971794,0.0422399135819718,0.9999999999999999,6.938893903907228e-18
374050385.45709145,0.9730759247062732,374050385.45709145,10349614.54290855,3.424987031320729e-11,9.546324913164524e-19,0.04289904476805458,0.042899044768054576,1.0000000000000002,6.938893903907228e-18
374125626.39167833,0.9732716607483828,374125626.39167833,10274373.608321667,3.432225964940138e-11,9.696229796916359e-19,0.04357268372100409,0.0435726837210041,0.9999999999999999,6.938893903907228e-18
374200867.3262653,0.9734673967904924,374200867.3262653,10199132.673734725,3.439578932807101e-11,9.849458715895507e-19,0.04426126014332786,0.04426126014332785,1.0000000000000002,6.938893903907228e-18
374276108.26085216,0.9736631328326019,374276108.26085216,10123891.739147842,3.4470484730432605e-11,1.0006110858267117e-18,0.04496521976441137,0.04496521976441136,1.0000000000000002,6.938893903907228e-18
374351349.1954391,0.9738588688747115,374351349.1954391,10048650.8045609,3.454637199792266e-11,1.0166289139482404e-18,0.04568502506322838,0.045685025063228364,1.0000000000000002,1.3877787807814457e-17
374426590.130026,0.9740546049168209,374426590.130026,9973409.869974017,3.462347806087322e-11,1.0330100371626238e-18,0.04642115602935103,0.04642115602935102,1.0000000000000002,6.938893903907228e-18
374501831.0646129,0.9742503409589306,374501831.0646129,9898168.935387075,3.470183066849636e-11,1.0497655441811878e-18,0.0471741109646158,0.04717411096461579,1.0000000000000002,1.3877787807814457e-17
374577071.99919987,0.9744460770010402,374577071.99919987,9822928.000800133,3.4781458420245656e-11,1.066906950017534e-18,0.04794440732792808,0.04794440732792808,1.0,0.0
374652312.93378675,0.9746418130431497,374652312.93378675,9747687.06621325,3.4862390798630784e-11,1.0844462158067747e-18,0.048732582625894166,0.048732582625894166,1.0,0.0
374727553.8683737,0.9748375490852593,374727553.8683737,9672446.131626308,3.494465820356366e-11,1.1023957697081435e-18,0.04953919535213771,0.0495391953521377,1.0000000000000002,6.938893903907228e-18
374802794.8029606,0.9750332851273689,374802794.8029606,9597205.197039425,3.502829198831958e-11,1.1207685289590492e-18,0.05036482597835952,0.05036482597835952,1.0,0.0
374878035.7375475,0.9752290211694784,374878035.7375475,9521964.262452483,3.511332449720429e-11,1.1395779231540074e-18,0.05121007800044057,0.05121007800044056,1.0000000000000002,6.938893903907228e-18
374953276.67213446,0.9754247572115881,374953276.67213446,9446723.327865541,3.519978910502007e-11,1.1588379188263643e-18,0.052075579043089536,0.05207557904308953,1.0000000000000002,6.938893903907228e-18
375028517.60672134,0.9756204932536976,375028517.60672134,9371482.393278658,3.5287720258433736e-11,1.1785630454171948e-18,0.05296198202682695,0.05296198202682694,1.0000000000000002,6.938893903907228e-18
375103758.5413083,0.9758162292958071,375103758.5413083,9296241.458691716,3.537715351935351e-11,1.1987684227214128e-18,0.05386996640135181,0.05386996640135182,0.9999999999999999,6.938893903907228e-18
375178999.47589517,0.9760119653379167,375178999.47589517,9221000.524104834,3.5468125610428885e-11,1.2194697899077437e-18,0.05480023944963418,0.05480023944963417,1.0000000000000002,6.938893903907228e-18
375254240.4104821,0.9762077013800263,375254240.4104821,9145759.589517891,3.5560674462797425e-11,1.2406835362169707e-18,0.05575353766742552,0.05575353766742551,1.0000000000000002,1.3877787807814457e-17
375329481.345069,0.9764034374221358,375329481.345069,9070518.654931009,3.5654839266206925e-11,1.2624267334497814e-18,0.05673062822318975,0.05673062822318975,1.0,0.0
375404722.27965593,0.9765991734642454,375404722.27965593,8995277.720344067,3.5750660521654047e-11,1.2847171703649934e-18,0.05773231050388241,0.0577323105038824,1.0000000000000002,6.938893903907228e-18
375479963.2142429,0.9767949095063551,375479963.2142429,8920036.785757124,3.584818009668606e-11,1.3075733891170838e-18,0.05875941775237155,0.058759417752371555,0.9999999999999999,6.938893903907228e-18
375555204.14882976,0.9769906455484645,375555204.14882976,8844795.851170242,3.594744128352587e-11,1.3310147238728286e-18,0.059812818802783,0.059812818802783004,0.9999999999999999,6.938893903907228e-18
375630445.0834167,0.9771863815905741,375630445.0834167,8769554.9165833,3.604848886018934e-11,1.3550613417570829e-18,0.06089341992051195,0.06089341992051195,1.0,0.0
375705686.0180036,0.9773821176326836,375705686.0180036,8694313.981996417,3.615136915477519e-11,1.3797342862894547e-18,0.06200216675416972,0.06200216675416971,1.0000000000000002,6.938893903907228e-18
375780926.9525905,0.9775778536747932,375780926.9525905,8619073.047409475,3.6256130113123555e-11,1.405055523487061e-18,0.06314004640733832,0.06314004640733832,1.0,0.0
375856167.88717747,0.9777735897169029,375856167.88717747,8543832.112822533,3.636282137004825e-11,1.431047990821428e-18,0.06430808963858381,0.0643080896385838,1.0000000000000002,1.3877787807814457e-17
375931408.82176435,0.9779693257590124,375931408.82176435,8468591.17823565,3.647149432436711e-11,1.457735649233791e-18,0.06550737319890733,0.06550737319890733,1.0,0.0
376006649.7563513,0.978165061801122,376006649.7563513,8393350.243648708,3.658220221796802e-11,1.4851435384289113e-18,0.06673902231652529,0.0667390223165253,0.9999999999999998,1.3877787807814457e-17
376081890.6909382,0.9783607978432315,376081890.6909382,8318109.309061825,3.6695000219165086e-11,1.513297835685489e-18,0.06800421333967754,0.06800421333967754,1.0,0.0
376157131.6255251,0.9785565338853411,376157131.6255251,8242868.374474883,3.680994551062144e-11,1.5422259184416801e-18,0.06930417654908025,0.06930417654908025,1.0,0.0
376232372.560112,0.9787522699274506,376232372.560112,8167627.4398880005,3.692709738213034e-11,1.5719564309345121e-18,0.07064019915255186,0.07064019915255187,0.9999999999999998,1.3877787807814457e-17
376307613.49469894,0.9789480059695602,376307613.49469894,8092386.505301058,3.7046517328573604e-11,1.6025193551968531e-18,0.07201362847545786,0.07201362847545786,1.0,0.0
376382854.4292859,0.9791437420116699,376382854.4292859,8017145.570714116,3.716826915339476e-11,1.6339460867398923e-18,0.07342587536171179,0.07342587536171177,1.0000000000000002,1.3877787807814457e-17
376458095.36387277,0.9793394780537793,376458095.36387277,7941904.6361272335,3.729241907795486e-11,1.6662695152785226e-18,0.07487841780139295,0.07487841780139294,1.0000000000000002,1.3877787807814457e-17
376533336.2984597,0.979535214095889,376533336.2984597,7866663.701540291,3.741903585716395e-11,1.699524110887078e-18,0.07637280480239234,0.07637280480239232,1.0000000000000002,1.3877787807814457e-17
376608577.2330466,0.9797309501379984,376608577.2330466,7791422.766953409,3.754819090181137e-11,1.7337460160066841e-18,0.07791066052501665,0.07791066052501662,1.0000000000000004,2.7755575615628914e-17
376683818.16763353,0.979926686180108,376683818.16763353,7716181.8323664665,3.767995840805474e-11,1.7689731437635764e-18,0.07949368870019316,0.07949368870019316,1.0,0.0
376759059.1022205,0.9801224222222177,376759059.1022205,7640940.897779524,3.7814415494557775e-11,1.8052452830971424e-18,0.08112367735368846,0.08112367735368846,1.0,0.0
376834300.03680736,0.9803181582643271,376834300.03680736,7565699.963192642,3.7951642347812335e-11,1.842604211242834e-18,0.0828025038608383,0.08280250386083828,1.0000000000000004,2.7755575615628914e-17
376909540.9713943,0.9805138943064368,376909540.9713943,7490459.0286057,3.809172237621889e-11,1.881093814163652e-18,0.08453214035846876,0.08453214035846877,0.9999999999999999,1.3877787807814457e-17
376984781.9059812,0.9807096303485463,376984781.9059812,7415218.094018817,3.82347423735464e-11,1.9207602155783544e-18,0.08631465954313461,0.08631465954313461,1.0,0.0
377060022.8405681,0.9809053663906558,377060022.8405681,7339977.159431875,3.8380792692447566e-11,1.9616519152957118e-18,0.0881522408875509,0.0881522408875509,1.0,0.0
377135263.77515507,0.9811011024327655,377135263.77515507,7264736.224844933,3.85299674287549e-11,2.00381993762891e-18,0.09004717731000349,0.09004717731000347,1.0000000000000002,1.3877787807814457e-17
377210504.70974195,0.981296838474875,377210504.70974195,7189495.29025805,3.8682364617350395e-11,2.0473179907391866e-18,0.092001882334895,0.09200188233489501,0.9999999999999999,1.3877787807814457e-17
377285745.6443289,0.9814925745169847,377285745.6443289,7114254.355671108,3.8838086440464376e-11,2.092202637837955e-18,0.09401889778618464,0.09401889778618461,1.0000000000000002,2.7755575615628914e-17
377360986.5789158,0.9816883105590941,377360986.5789158,7039013.421084225,3.899723944933231e-11,2.1385334812664567e-18,0.09610090205951516,0.09610090205951514,1.0000000000000002,1.3877787807814457e-17
377436227.5135027,0.9818840466012038,377436227.5135027,6963772.486497283,3.915993480022308e-11,2.186373360572898e-18,0.09825071902335557,0.09825071902335555,1.0000000000000002,1.3877787807814457e-17
377511468.4480896,0.9820797826433132,377511468.4480896,6888531.5519104,3.9326288505933374e-11,2.235788565815648e-18,0.10047132760436878,0.10047132760436876,1.0000000000000002,1.3877787807814457e-17
377586709.38267654,0.9822755186854228,377586709.38267654,6813290.617323458,3.949642170394827e-11,2.2868490674462277e-18,0.10276587211783796,0.10276587211783796,1.0,0.0
377661950.3172635,0.9824712547275325,377661950.3172635,6738049.682736516,3.9670460942566244e-11,2.3396287642601755e-18,0.10513767341002268,0.10513767341002268,1.0,0.0
377737191.25185037,0.9826669907696419,377737191.25185037,6662808.748149633,3.984853848641236e-11,2.394205751058174e-18,0.10759024088625029,0.10759024088625027,1.0000000000000002,1.3877787807814457e-17
377812432.1864373,0.9828627268117516,377812432.1864373,6587567.813562691,4.0030792642888205e-11,2.450662607828225e-18,0.11012728550611459,0.11012728550611459,1.0,0.0
377887673.1210242,0.9830584628538611,377887673.1210242,6512326.878975809,4.021736811125048e-11,2.5090867124489278e-18,0.1127527338356605,0.11275273383566049,1.0000000000000002,1.3877787807814457e-17
377962914.05561113,0.9832541988959707,377962914.05561113,6437085.944388866,4.0408416356173357e-11,2.5695705791271622e-18,0.11547074325601503,0.11547074325601503,1.0,0.0
378038154.9901981,0.9834499349380803,378038154.9901981,6361845.009801924,4.0604096007817135e-11,2.632212225017874e-18,0.11828571843845878,0.11828571843845875,1.0000000000000002,2.7755575615628914e-17
378113395.92478496,0.9836456709801898,378113395.92478496,6286604.075215042,4.080457329062756e-11,2.6971155677414883e-18,0.12120232920796774,0.12120232920796772,1.0000000000000002,1.3877787807814457e-17
378188636.8593719,0.9838414070222994,378188636.8593719,6211363.140628099,4.101002248330069e-11,2.764390856810631e-18,0.12422552993056316,0.12422552993056314,1.0000000000000002,1.3877787807814457e-17
378263877.7939588,0.9840371430644089,378263877.7939588,6136122.206041217,4.1220626412586426e-11,2.8341551423120938e-18,0.12736058057482882,0.12736058057482885,0.9999999999999998,2.7755575615628914e-17
378339118.7285457,0.9842328791065186,378339118.7285457,6060881.271454275,4.1436576983875674e-11,2.9065327845680864e-18,0.13061306961494554,0.13061306961494554,1.0,0.0
378414359.6631326,0.984428615148628,378414359.6631326,5985640.336867392,4.1658075751802385e-11,2.9816560089215446e-18,0.13398893896149947,0.13398893896149947,1.0,0.0
378489600.59771955,0.9846243511907377,378489600.59771955,5910399.40228045,4.188533453443188e-11,3.059665510271815e-18,0.13749451112796107,0.13749451112796104,1.0000000000000002,2.7755575615628914e-17
378564841.5323065,0.9848200872328473,378564841.5323065,5835158.467693508,4.211857607496408e-11,3.140711112523523e-18,0.1411365188648394,0.1411365188648394,1.0,0.0
378640082.4668934,0.9850158232749567,378640082.4668934,5759917.533106625,4.235803475530089e-11,3.2249524887257685e-18,0.14492213752112365,0.14492213752112365,1.0,0.0
378715323.4014803,0.9852115593170664,378715323.4014803,5684676.598519683,4.260395736628128e-11,3.312559948369306e-18,0.14885902042365395,0.14885902042365395,1.0,0.0
378790564.3360672,0.9854072953591758,378790564.3360672,5609435.6639328,4.285660393990259e-11,3.403715299095148e-18,0.15295533760037502,0.15295533760037502,1.0,0.0
378865805.27065414,0.9856030314012855,378865805.27065414,5534194.729345858,4.3116248649432366e-11,3.498612790964078e-18,0.15721981821369183,0.1572198182136918,1.0000000000000002,2.7755575615628914e-17
378941046.2052411,0.9857987674433951,378941046.2052411,5458953.794758916,4.33831807839548e-11,3.5974601524502856e-18,0.16166179711570178,0.16166179711570178,1.0,0.0
379016287.13982797,0.9859945034855045,379016287.13982797,5383712.860172033,4.3657705804638733e-11,3.7004797284869765e-18,0.16629126598941416,0.16629126598941413,1.0000000000000002,2.7755575615628914e-17
379091528.0744149,0.9861902395276142,379091528.0744149,5308471.925585091,4.3940146490833413e-11,3.8079097322157825e-18,0.17111892959956315,0.1711189295995631,1.0000000000000002,5.551115123125783e-17
379166769.0090018,0.9863859755697237,379166769.0090018,5233230.9909982085,4.423084418503012e-11,3.9200056236100676e-18,0.17615626774484983,0.1761562677448498,1.0000000000000002,2.7755575615628914e-17
379242009.94358873,0.9865817116118334,379242009.94358873,5157990.056411266,4.453016014679071e-11,4.0370416298867646e-18,0.18141560358184264,0.18141560358184258,1.0000000000000002,5.551115123125783e-17
379317250.8781756,0.9867774476539428,379317250.8781756,5082749.121824384,4.483847702692722e-11,4.1593124246178485e-18,0.18691017908048405,0.18691017908048396,1.0000000000000004,8.326672684688674e-17
379392491.81276256,0.9869731836960525,379392491.81276256,5007508.187237442,4.515620047458815e-11,4.287134984762266e-18,0.1926542384749437,0.19265423847494367,1.0000000000000002,2.7755575615628914e-17
379467732.7473495,0.9871689197381621,379467732.7473495,4932267.252650499,4.5483760891436035e-11,4.420850647491679e-18,0.198663120692758,0.19866312069275793,1.0000000000000002,5.551115123125783e-17
379542973.6819364,0.9873646557802715,379542973.6819364,4857026.318063617,4.5821615348872986e-11,4.560827391761806e-18,0.20495336188353278,0.20495336188353275,1.0000000000000002,2.7755575615628914e-17
379618214.6165233,0.9875603918223812,379618214.6165233,4781785.383476675,4.61702496862704e-11,4.707462373138508e-18,0.21154280932834718,0.21154280932834715,1.0000000000000002,2.7755575615628914e-17
379693455.5511102,0.9877561278644906,379693455.5511102,4706544.448889792,4.6530180810455376e-11,4.8611847445214875e-18,0.21845074819675503,0.21845074819675503,1.0,0.0
379768696.48569715,0.9879518639066003,379768696.48569715,4631303.51430285,4.690195921934847e-11,5.0224588002238215e-18,0.22569804283467315,0.22569804283467312,1.0000000000000002,2.7755575615628914e-17
379843937.4202841,0.9881475999487099,379843937.4202841,4556062.579715908,4.7286171775656145e-11,5.191787486471225e-18,0.23330729451835094,0.23330729451835094,1.0,0.0
379919178.354871,0.9883433359908194,379919178.354871,4480821.645129025,4.7683444760017555e-11,5.369716327953742e-18,0.24130301790480366,0.24130301790480366,1.0,0.0
379994419.2894579,0.988539072032929,379994419.2894579,4405580.710542083,4.8094447237011305e-11,5.556837827750806e-18,0.24971183875458422,0.2497118387545842,1.0000000000000002,2.7755575615628914e-17
380069660.2240448,0.9887348080750386,380069660.2240448,4330339.7759552,4.851989477207108e-11,5.7537964069905085e-18,0.25856271590900065,0.25856271590900065,1.0,0.0
380144901.15863174,0.9889305441171481,380144901.15863174,4255098.841368258,4.8960553542753325e-11,5.9612939612617294e-18,0.2678871909828249,0.2678871909828249,1.0,0.0
380220142.0932186,0.9891262801592576,380220142.0932186,4179857.9067813754,4.9417244894036743e-11,6.180096123376691e-18,0.2777196697988066,0.2777196697988066,1.0,0.0
380295383.02780557,0.9893220162013673,380295383.02780557,4104616.972194433,4.989085039464166e-11,6.411039337006208e-18,0.2880977402609891,0.28809774026098905,1.0000000000000002,5.551115123125783e-17
380370623.9623925,0.9895177522434768,380370623.9623925,4029376.037607491,5.0382317459846373e-11,6.655038863425543e-18,0.29906253215992457,0.2990625321599245,1.0000000000000002,5.551115123125783e-17
380445864.8969794,0.9897134882855864,380445864.8969794,3954135.1030206084,5.089266561626741e-11,6.91309786474786e-18,0.31065912535282875,0.3106591253528288,0.9999999999999998,5.551115123125783e-17
380521105.83156633,0.989909224327696,380521105.83156633,3878894.168433666,5.142299349576689e-11,7.186317732284075e-18,0.32293701389692675,0.32293701389692675,1.0,0.0
380596346.7661532,0.9901049603698054,380596346.7661532,3803653.2338467836,5.197448665944436e-11,7.475909858980886e-18,0.33595063507643513,0.3359506350764351,1.0000000000000002,5.551115123125783e-17
380671587.70074016,0.9903006964119151,380671587.70074016,3728412.2992598414,5.2548426368983724e-11,7.783209091387953e-18,0.34975997390382013,0.3497599739038202,0.9999999999999999,5.551115123125783e-17
380746828.6353271,0.9904964324540247,380746828.6353271,3653171.3646728992,5.3146199441924675e-11,8.109689140676163e-18,0.3644312556564217,0.36443125565642165,1.0000000000000002,5.551115123125783e-17
380822069.569914,0.9906921684961342,380822069.569914,3577930.4300860167,5.3769309350428094e-11,8.456980285688972e-18,0.3800377414119067,0.38003774141190666,1.0000000000000002,5.551115123125783e-17
380897310.5045009,0.9908879045382438,380897310.5045009,3502689.4954990745,5.441938875051082e-11,8.826889766050754e-18,0.39666064446885657,0.3966606444688565,1.0000000000000002,5.551115123125783e-17
380972551.4390878,0.9910836405803533,380972551.4390878,3427448.560912192,5.5098213661560344e-11,9.221425342836622e-18,0.4143901891104674,0.41439018911046743,0.9999999999999999,5.551115123125783e-17
381047792.37367475,0.9912793766224629,381047792.37367475,3352207.6263252497,5.5807719555429054e-11,9.64282260183504e-18,0.4333268375519838,0.43332683755198387,0.9999999999999999,5.551115123125783e-17
381123033.30826163,0.9914751126645724,381123033.30826163,3276966.691738367,5.655001966200536e-11,1.0093576694574949e-17,0.45358271631132424,0.4535827163113242,1.0000000000000002,5.551115123125783e-17
381198274.2428486,0.991670848706682,381198274.2428486,3201725.757151425,5.7327425855892967e-11,1.057647936102453e-17,0.47528327992619324,0.4752832799261931,1.0000000000000002,1.1102230246251565e-16
381273515.1774355,0.9918665847487916,381273515.1774355,3126484.8225644827,5.814247255899171e-11,1.1094662262772486e-17,0.49856925825013554,0.4985692582501354,1.0000000000000002,1.1102230246251565e-16
381348756.1120224,0.9920623207909012,381348756.1120224,3051243.8879776,5.899794417958177e-11,1.1651647886591837e-17,0.5235989439446155,0.5235989439446154,1.0000000000000002,1.1102230246251565e-16
381423997.04660934,0.9922580568330108,381423997.04660934,2976002.953390658,5.989690671378786e-11,1.225140956848218e-17,0.5505508898249579,0.5505508898249579,1.0,0.0
381499237.9811962,0.9924537928751203,381499237.9811962,2900762.0188037753,6.0842744265172e-11,1.2898442554712412e-17,0.5796271021843564,0.5796271021843564,1.0,0.0
381574478.91578317,0.9926495289172299,381574478.91578317,2825521.084216833,6.183920139922955e-11,1.359784848166596e-17,0.6110568371287927,0.6110568371287927,1.0,0.0
381649719.8503701,0.9928452649593396,381649719.8503701,2750280.149629891,6.289043245016541e-11,1.4355436250497435e-17,0.6451011336580407,0.6451011336580407,1.0,0.0
381724960.784957,0.993041001001449,381724960.784957,2675039.2150430083,6.400105914880046e-11,1.517784303628217e-17,0.6820582515456572,0.682058251545657,1.0000000000000002,2.220446049250313e-16
381800201.71954393,0.9932367370435586,381800201.71954393,2599798.280456066,6.517623825735666e-11,1.607268015906717e-17,0.7222702264571058,0.7222702264571057,1.0000000000000002,1.1102230246251565e-16
381875442.6541308,0.9934324730856681,381875442.6541308,2524557.3458691835,6.64217412987991e-11,1.704870983058946e-17,0.7661308125511784,0.7661308125511784,1.0,0.0
381950683.58871776,0.9936282091277777,381950683.58871776,2449316.4112822413,6.774404898150181e-11,1.8116060477826263e-17,0.814095158637787,0.814095158637787,1.0,0.0
382025924.52330464,0.9938239451698873,382025924.52330464,2374075.4766953588,6.915046357934978e-11,1.928649057481406e-17,0.866691664188648,0.8666916641886478,1.0000000000000002,1.1102230246251565e-16
382101165.4578916,0.9940196812119968,382101165.4578916,2298834.5421084166,7.064924338108678e-11,2.0573713886011444e-17,0.9245365950451181,0.9245365950451181,1.0,0.0
382176406.3924785,0.9942154172541064,382176406.3924785,2223593.6075214744,7.224976443625535e-11,2.199380301815456e-17,0.9883522181341929,0.988352218134193,0.9999999999999999,1.1102230246251565e-16
382251647.3270654,0.994411153296216,382251647.3270654,2148352.672934592,7.39627162897466e-11,2.356569359354949e-17,1.0589894578863825,1.0589894578863825,1.0,0.0
382326888.26165235,0.9946068893383255,382326888.26165235,2073111.7383476496,7.58003403399589e-11,2.5311818773515917e-17,1.1374564102972617,1.1374564102972617,1.0,0.0
382402129.19623923,0.9948026253804351,382402129.19623923,1997870.803760767,7.777672205715312e-11,2.7258914119673905e-17,1.224954511589954,1.224954511589954,1.0,0.0
382477370.1308262,0.9949983614225447,382477370.1308262,1922629.8691738248,7.990815181654215e-11,2.943904712970173e-17,1.3229248032448337,1.3229248032448335,1.0000000000000002,2.220446049250313e-16
382552611.0654131,0.9951940974646543,382552611.0654131,1847388.9345868826,8.221357390797629e-11,3.189094609066468e-17,1.4331076476900775,1.4331076476900773,1.0000000000000002,2.220446049250313e-16
382627852.0,0.9953898335067638,382627852.0,1772148.0,8.471514992855871e-11,3.4661731995713075e-17,1.5576205567567387,1.5576205567567387,1.0,0.0
