trial,z_bin,z_left,z_right,z_center,n_des_train,n_union_ref,des_mu_median,union_mu_median,delta_mu_des_minus_union,valid_bin
0,0.00-0.05,0.0,0.05,0.025,106,646,36.05504,35.2665,0.7885399999999976,True
0,0.05-0.10,0.05,0.1,0.07500000000000001,45,97,37.36253,37.1925,0.17002999999999702,True
0,0.10-0.15,0.1,0.15,0.125,13,86,38.87889,38.802,0.07688999999999879,True
0,0.15-0.20,0.15,0.2,0.175,20,123,39.78048,39.5427,0.23777999999999366,True
0,0.20-0.25,0.2,0.25,0.225,52,140,40.26524,40.1351,0.13013999999999726,True
0,0.25-0.28,0.25,0.28,0.265,38,72,40.65338,40.5139,0.13947999999999894,True
0,0.28-0.32,0.28,0.32,0.30000000000000004,62,100,40.93181,40.9018,0.030009999999997206,True
0,0.32-0.35,0.32,0.35,0.33499999999999996,81,71,41.23123,41.1012,0.13002999999999787,True
0,0.35-0.40,0.35,0.4,0.375,98,66,41.44872,41.3794,0.06932000000000471,True
0,0.40-0.50,0.4,0.5,0.45,205,100,41.96742,41.8131,0.15431999999999846,True
0,0.50-0.60,0.5,0.6,0.55,232,83,42.47573,42.3205,0.15522999999999598,True
0,0.60-0.70,0.6,0.7,0.6499999999999999,221,56,42.93457,42.7805,0.15406999999999726,True
0,0.70-0.80,0.7,0.8,0.75,95,47,43.32008,43.1675,0.15258000000000038,True
0,0.80-1.00,0.8,1.0,0.9,85,7,43.66835,43.5331,0.1352499999999992,True
1,0.00-0.05,0.0,0.05,0.025,106,646,36.01851,35.2665,0.7520099999999985,True
1,0.05-0.10,0.05,0.1,0.07500000000000001,45,97,37.36659,37.1925,0.17408999999999963,True
1,0.10-0.15,0.1,0.15,0.125,13,86,38.87889,38.802,0.07688999999999879,True
1,0.15-0.20,0.15,0.2,0.175,20,123,39.8153,39.5427,0.27259999999999707,True
1,0.20-0.25,0.2,0.25,0.225,52,140,40.25572,40.1351,0.12061999999999529,True
1,0.25-0.28,0.25,0.28,0.265,38,72,40.6058,40.5139,0.09190000000000254,True
1,0.28-0.32,0.28,0.32,0.30000000000000004,62,100,40.93472,40.9018,0.032919999999997174,True
1,0.32-0.35,0.32,0.35,0.33499999999999996,81,71,41.21969,41.1012,0.11849000000000132,True
1,0.35-0.40,0.35,0.4,0.375,98,66,41.43197,41.3794,0.05257000000000289,True
1,0.40-0.50,0.4,0.5,0.45,205,100,41.99425,41.8131,0.18115000000000236,True
1,0.50-0.60,0.5,0.6,0.55,232,83,42.48074,42.3205,0.1602399999999946,True
1,0.60-0.70,0.6,0.7,0.6499999999999999,221,56,42.93625,42.7805,0.1557499999999976,True
1,0.70-0.80,0.7,0.8,0.75,95,47,43.31795,43.1675,0.1504500000000064,True
1,0.80-1.00,0.8,1.0,0.9,85,7,43.68398,43.5331,0.1508800000000008,True
2,0.00-0.05,0.0,0.05,0.025,106,646,36.01068,35.2665,0.7441800000000001,True
2,0.05-0.10,0.05,0.1,0.07500000000000001,45,97,37.39806,37.1925,0.2055599999999984,True
2,0.10-0.15,0.1,0.15,0.125,13,86,38.98171,38.802,0.17971000000000004,True
2,0.15-0.20,0.15,0.2,0.175,20,123,39.59667,39.5427,0.05396999999999963,True
2,0.20-0.25,0.2,0.25,0.225,52,140,40.26524,40.1351,0.13013999999999726,True
2,0.25-0.28,0.25,0.28,0.265,38,72,40.65338,40.5139,0.13947999999999894,True
2,0.28-0.32,0.28,0.32,0.30000000000000004,62,100,40.93135,40.9018,0.02955000000000041,True
2,0.32-0.35,0.32,0.35,0.33499999999999996,81,71,41.22103,41.1012,0.11983000000000033,True
2,0.35-0.40,0.35,0.4,0.375,98,66,41.44872,41.3794,0.06932000000000471,True
2,0.40-0.50,0.4,0.5,0.45,205,100,41.96742,41.8131,0.15431999999999846,True
2,0.50-0.60,0.5,0.6,0.55,232,83,42.45335,42.3205,0.1328499999999977,True
2,0.60-0.70,0.6,0.7,0.6499999999999999,221,56,42.92792,42.7805,0.14741999999999678,True
2,0.70-0.80,0.7,0.8,0.75,95,47,43.32008,43.1675,0.15258000000000038,True
2,0.80-1.00,0.8,1.0,0.9,85,7,43.72467,43.5331,0.1915700000000058,True
3,0.00-0.05,0.0,0.05,0.025,106,646,36.04919,35.2665,0.7826900000000023,True
3,0.05-0.10,0.05,0.1,0.07500000000000001,45,97,37.20488,37.1925,0.01238000000000028,True
3,0.10-0.15,0.1,0.15,0.125,13,86,39.29882,38.802,0.4968199999999996,True
3,0.15-0.20,0.15,0.2,0.175,20,123,39.8153,39.5427,0.27259999999999707,True
3,0.20-0.25,0.2,0.25,0.225,52,140,40.25625,40.1351,0.12115000000000009,True
3,0.25-0.28,0.25,0.28,0.265,38,72,40.65338,40.5139,0.13947999999999894,True
3,0.28-0.32,0.28,0.32,0.30000000000000004,62,100,40.90452,40.9018,0.002719999999996503,True
3,0.32-0.35,0.32,0.35,0.33499999999999996,81,71,41.22103,41.1012,0.11983000000000033,True
3,0.35-0.40,0.35,0.4,0.375,98,66,41.46815,41.3794,0.08875000000000455,True
3,0.40-0.50,0.4,0.5,0.45,205,100,41.98253,41.8131,0.16942999999999842,True
3,0.50-0.60,0.5,0.6,0.55,232,83,42.45335,42.3205,0.1328499999999977,True
3,0.60-0.70,0.6,0.7,0.6499999999999999,221,56,42.92792,42.7805,0.14741999999999678,True
3,0.70-0.80,0.7,0.8,0.75,95,47,43.30862,43.1675,0.1411200000000008,True
3,0.80-1.00,0.8,1.0,0.9,85,7,43.72233,43.5331,0.189230000000002,True
4,0.00-0.05,0.0,0.05,0.025,106,646,36.02516,35.2665,0.758659999999999,True
4,0.05-0.10,0.05,0.1,0.07500000000000001,45,97,37.20911,37.1925,0.016610000000000014,True
4,0.10-0.15,0.1,0.15,0.125,13,86,38.54264,38.802,-0.2593600000000009,True
4,0.15-0.20,0.15,0.2,0.175,20,123,39.8153,39.5427,0.27259999999999707,True
4,0.20-0.25,0.2,0.25,0.225,52,140,40.25625,40.1351,0.12115000000000009,True
4,0.25-0.28,0.25,0.28,0.265,38,72,40.66582,40.5139,0.15191999999999695,True
4,0.28-0.32,0.28,0.32,0.30000000000000004,62,100,40.99129,40.9018,0.08948999999999785,True
4,0.32-0.35,0.32,0.35,0.33499999999999996,81,71,41.22103,41.1012,0.11983000000000033,True
4,0.35-0.40,0.35,0.4,0.375,98,66,41.44872,41.3794,0.06932000000000471,True
4,0.40-0.50,0.4,0.5,0.45,205,100,41.97567,41.8131,0.16257000000000232,True
4,0.50-0.60,0.5,0.6,0.55,232,83,42.46451,42.3205,0.14400999999999442,True
4,0.60-0.70,0.6,0.7,0.6499999999999999,221,56,42.92479,42.7805,0.14428999999999803,True
4,0.70-0.80,0.7,0.8,0.75,95,47,43.32792,43.1675,0.160420000000002,True
4,0.80-1.00,0.8,1.0,0.9,85,7,43.68398,43.5331,0.1508800000000008,True
5,0.00-0.05,0.0,0.05,0.025,106,646,36.04309,35.2665,0.7765899999999988,True
5,0.05-0.10,0.05,0.1,0.07500000000000001,45,97,37.2229,37.1925,0.030400000000000205,True
5,0.10-0.15,0.1,0.15,0.125,13,86,39.00672,38.802,0.2047200000000018,True
5,0.15-0.20,0.15,0.2,0.175,20,123,39.59667,39.5427,0.05396999999999963,True
5,0.20-0.25,0.2,0.25,0.225,52,140,40.24144,40.1351,0.10633999999999588,True
5,0.25-0.28,0.25,0.28,0.265,38,72,40.65338,40.5139,0.13947999999999894,True
5,0.28-0.32,0.28,0.32,0.30000000000000004,62,100,41.00668,40.9018,0.10488000000000142,True
5,0.32-0.35,0.32,0.35,0.33499999999999996,81,71,41.22336,41.1012,0.12216000000000093,True
5,0.35-0.40,0.35,0.4,0.375,98,66,41.47386,41.3794,0.0944600000000051,True
5,0.40-0.50,0.4,0.5,0.45,205,100,41.96879,41.8131,0.15568999999999988,True
5,0.50-0.60,0.5,0.6,0.55,232,83,42.46451,42.3205,0.14400999999999442,True
5,0.60-0.70,0.6,0.7,0.6499999999999999,221,56,42.92792,42.7805,0.14741999999999678,True
5,0.70-0.80,0.7,0.8,0.75,95,47,43.31795,43.1675,0.1504500000000064,True
5,0.80-1.00,0.8,1.0,0.9,85,7,43.66835,43.5331,0.1352499999999992,True
6,0.00-0.05,0.0,0.05,0.025,106,646,36.01068,35.2665,0.7441800000000001,True
6,0.05-0.10,0.05,0.1,0.07500000000000001,45,97,37.1975,37.1925,0.0049999999999954525,True
6,0.10-0.15,0.1,0.15,0.125,13,86,39.00672,38.802,0.2047200000000018,True
6,0.15-0.20,0.15,0.2,0.175,20,123,39.74864,39.5427,0.20593999999999824,True
6,0.20-0.25,0.2,0.25,0.225,52,140,40.25625,40.1351,0.12115000000000009,True
6,0.25-0.28,0.25,0.28,0.265,38,72,40.65338,40.5139,0.13947999999999894,True
6,0.28-0.32,0.28,0.32,0.30000000000000004,62,100,40.93135,40.9018,0.02955000000000041,True
6,0.32-0.35,0.32,0.35,0.33499999999999996,81,71,41.22274,41.1012,0.12154000000000309,True
6,0.35-0.40,0.35,0.4,0.375,98,66,41.44872,41.3794,0.06932000000000471,True
6,0.40-0.50,0.4,0.5,0.45,205,100,41.98488,41.8131,0.17177999999999827,True
6,0.50-0.60,0.5,0.6,0.55,232,83,42.47573,42.3205,0.15522999999999598,True
6,0.60-0.70,0.6,0.7,0.6499999999999999,221,56,42.93812,42.7805,0.15761999999999432,True
6,0.70-0.80,0.7,0.8,0.75,95,47,43.30631,43.1675,0.13881000000000654,True
6,0.80-1.00,0.8,1.0,0.9,85,7,43.64768,43.5331,0.11458000000000368,True
7,0.00-0.05,0.0,0.05,0.025,106,646,35.99892,35.2665,0.7324199999999976,True
7,0.05-0.10,0.05,0.1,0.07500000000000001,45,97,37.36659,37.1925,0.17408999999999963,True
7,0.10-0.15,0.1,0.15,0.125,13,86,38.87889,38.802,0.07688999999999879,True
7,0.15-0.20,0.15,0.2,0.175,20,123,39.78048,39.5427,0.23777999999999366,True
7,0.20-0.25,0.2,0.25,0.225,52,140,40.25625,40.1351,0.12115000000000009,True
7,0.25-0.28,0.25,0.28,0.265,38,72,40.65338,40.5139,0.13947999999999894,True
7,0.28-0.32,0.28,0.32,0.30000000000000004,62,100,40.93882,40.9018,0.037019999999998277,True
7,0.32-0.35,0.32,0.35,0.33499999999999996,81,71,41.22103,41.1012,0.11983000000000033,True
7,0.35-0.40,0.35,0.4,0.375,98,66,41.45362,41.3794,0.07422000000000395,True
7,0.40-0.50,0.4,0.5,0.45,205,100,41.96413,41.8131,0.15102999999999867,True
7,0.50-0.60,0.5,0.6,0.55,232,83,42.46451,42.3205,0.14400999999999442,True
7,0.60-0.70,0.6,0.7,0.6499999999999999,221,56,42.93252,42.7805,0.15201999999999316,True
7,0.70-0.80,0.7,0.8,0.75,95,47,43.33248,43.1675,0.1649799999999999,True
7,0.80-1.00,0.8,1.0,0.9,85,7,43.66835,43.5331,0.1352499999999992,True
8,0.00-0.05,0.0,0.05,0.025,106,646,36.04309,35.2665,0.7765899999999988,True
8,0.05-0.10,0.05,0.1,0.07500000000000001,45,97,37.20911,37.1925,0.016610000000000014,True
8,0.10-0.15,0.1,0.15,0.125,13,86,38.87889,38.802,0.07688999999999879,True
8,0.15-0.20,0.15,0.2,0.175,20,123,39.69446,39.5427,0.1517599999999959,True
8,0.20-0.25,0.2,0.25,0.225,52,140,40.26777,40.1351,0.1326699999999974,True
8,0.25-0.28,0.25,0.28,0.265,38,72,40.6058,40.5139,0.09190000000000254,True
8,0.28-0.32,0.28,0.32,0.30000000000000004,62,100,40.92345,40.9018,0.021650000000001057,True
8,0.32-0.35,0.32,0.35,0.33499999999999996,81,71,41.22274,41.1012,0.12154000000000309,True
8,0.35-0.40,0.35,0.4,0.375,98,66,41.44162,41.3794,0.062220000000003495,True
8,0.40-0.50,0.4,0.5,0.45,205,100,41.97567,41.8131,0.16257000000000232,True
8,0.50-0.60,0.5,0.6,0.55,232,83,42.45886,42.3205,0.1383599999999987,True
8,0.60-0.70,0.6,0.7,0.6499999999999999,221,56,42.92792,42.7805,0.14741999999999678,True
8,0.70-0.80,0.7,0.8,0.75,95,47,43.32792,43.1675,0.160420000000002,True
8,0.80-1.00,0.8,1.0,0.9,85,7,43.69555,43.5331,0.16244999999999976,True
9,0.00-0.05,0.0,0.05,0.025,106,646,35.99892,35.2665,0.7324199999999976,True
9,0.05-0.10,0.05,0.1,0.07500000000000001,45,97,37.2229,37.1925,0.030400000000000205,True
9,0.10-0.15,0.1,0.15,0.125,13,86,38.98171,38.802,0.17971000000000004,True
9,0.15-0.20,0.15,0.2,0.175,20,123,39.69446,39.5427,0.1517599999999959,True
9,0.20-0.25,0.2,0.25,0.225,52,140,40.25625,40.1351,0.12115000000000009,True
9,0.25-0.28,0.25,0.28,0.265,38,72,40.6088,40.5139,0.09490000000000265,True
9,0.28-0.32,0.28,0.32,0.30000000000000004,62,100,40.93135,40.9018,0.02955000000000041,True
9,0.32-0.35,0.32,0.35,0.33499999999999996,81,71,41.21969,41.1012,0.11849000000000132,True
9,0.35-0.40,0.35,0.4,0.375,98,66,41.44162,41.3794,0.062220000000003495,True
9,0.40-0.50,0.4,0.5,0.45,205,100,41.96879,41.8131,0.15568999999999988,True
9,0.50-0.60,0.5,0.6,0.55,232,83,42.46451,42.3205,0.14400999999999442,True
9,0.60-0.70,0.6,0.7,0.6499999999999999,221,56,42.92772,42.7805,0.14721999999999724,True
9,0.70-0.80,0.7,0.8,0.75,95,47,43.31795,43.1675,0.1504500000000064,True
9,0.80-1.00,0.8,1.0,0.9,85,7,43.68398,43.5331,0.1508800000000008,True
10,0.00-0.05,0.0,0.05,0.025,106,646,36.04919,35.2665,0.7826900000000023,True
10,0.05-0.10,0.05,0.1,0.07500000000000001,45,97,37.36659,37.1925,0.17408999999999963,True
10,0.10-0.15,0.1,0.15,0.125,13,86,38.87889,38.802,0.07688999999999879,True
10,0.15-0.20,0.15,0.2,0.175,20,123,39.78048,39.5427,0.23777999999999366,True
10,0.20-0.25,0.2,0.25,0.225,52,140,40.25625,40.1351,0.12115000000000009,True
10,0.25-0.28,0.25,0.28,0.265,38,72,40.65338,40.5139,0.13947999999999894,True
10,0.28-0.32,0.28,0.32,0.30000000000000004,62,100,40.93135,40.9018,0.02955000000000041,True
10,0.32-0.35,0.32,0.35,0.33499999999999996,81,71,41.21969,41.1012,0.11849000000000132,True
10,0.35-0.40,0.35,0.4,0.375,98,66,41.42987,41.3794,0.050470000000004234,True
10,0.40-0.50,0.4,0.5,0.45,205,100,41.96879,41.8131,0.15568999999999988,True
10,0.50-0.60,0.5,0.6,0.55,232,83,42.47023,42.3205,0.14972999999999814,True
10,0.60-0.70,0.6,0.7,0.6499999999999999,221,56,42.92092,42.7805,0.14041999999999888,True
10,0.70-0.80,0.7,0.8,0.75,95,47,43.31795,43.1675,0.1504500000000064,True
10,0.80-1.00,0.8,1.0,0.9,85,7,43.66835,43.5331,0.1352499999999992,True
11,0.00-0.05,0.0,0.05,0.025,106,646,36.00728,35.2665,0.7407800000000009,True
11,0.05-0.10,0.05,0.1,0.07500000000000001,45,97,37.36659,37.1925,0.17408999999999963,True
11,0.10-0.15,0.1,0.15,0.125,13,86,39.00672,38.802,0.2047200000000018,True
11,0.15-0.20,0.15,0.2,0.175,20,123,39.78048,39.5427,0.23777999999999366,True
11,0.20-0.25,0.2,0.25,0.225,52,140,40.24144,40.1351,0.10633999999999588,True
11,0.25-0.28,0.25,0.28,0.265,38,72,40.65338,40.5139,0.13947999999999894,True
11,0.28-0.32,0.28,0.32,0.30000000000000004,62,100,40.93472,40.9018,0.032919999999997174,True
11,0.32-0.35,0.32,0.35,0.33499999999999996,81,71,41.21969,41.1012,0.11849000000000132,True
11,0.35-0.40,0.35,0.4,0.375,98,66,41.45362,41.3794,0.07422000000000395,True
11,0.40-0.50,0.4,0.5,0.45,205,100,41.96742,41.8131,0.15431999999999846,True
11,0.50-0.60,0.5,0.6,0.55,232,83,42.45886,42.3205,0.1383599999999987,True
11,0.60-0.70,0.6,0.7,0.6499999999999999,221,56,42.92792,42.7805,0.14741999999999678,True
11,0.70-0.80,0.7,0.8,0.75,95,47,43.33284,43.1675,0.1653400000000005,True
11,0.80-1.00,0.8,1.0,0.9,85,7,43.66835,43.5331,0.1352499999999992,True
12,0.00-0.05,0.0,0.05,0.025,106,646,36.01851,35.2665,0.7520099999999985,True
12,0.05-0.10,0.05,0.1,0.07500000000000001,45,97,37.2229,37.1925,0.030400000000000205,True
12,0.10-0.15,0.1,0.15,0.125,13,86,38.87889,38.802,0.07688999999999879,True
12,0.15-0.20,0.15,0.2,0.175,20,123,39.78048,39.5427,0.23777999999999366,True
12,0.20-0.25,0.2,0.25,0.225,52,140,40.25572,40.1351,0.12061999999999529,True
12,0.25-0.28,0.25,0.28,0.265,38,72,40.66311,40.5139,0.14921000000000362,True
12,0.28-0.32,0.28,0.32,0.30000000000000004,62,100,40.93472,40.9018,0.032919999999997174,True
12,0.32-0.35,0.32,0.35,0.33499999999999996,81,71,41.23123,41.1012,0.13002999999999787,True
12,0.35-0.40,0.35,0.4,0.375,98,66,41.44872,41.3794,0.06932000000000471,True
12,0.40-0.50,0.4,0.5,0.45,205,100,41.99333,41.8131,0.18023000000000167,True
12,0.50-0.60,0.5,0.6,0.55,232,83,42.47441,42.3205,0.15390999999999622,True
12,0.60-0.70,0.6,0.7,0.6499999999999999,221,56,42.92792,42.7805,0.14741999999999678,True
12,0.70-0.80,0.7,0.8,0.75,95,47,43.32792,43.1675,0.160420000000002,True
12,0.80-1.00,0.8,1.0,0.9,85,7,43.66049,43.5331,0.12739000000000544,True
13,0.00-0.05,0.0,0.05,0.025,106,646,36.00256,35.2665,0.7360600000000019,True
13,0.05-0.10,0.05,0.1,0.07500000000000001,45,97,37.37005,37.1925,0.17754999999999654,True
13,0.10-0.15,0.1,0.15,0.125,13,86,39.16841,38.802,0.3664100000000019,True
13,0.15-0.20,0.15,0.2,0.175,20,123,39.78048,39.5427,0.23777999999999366,True
13,0.20-0.25,0.2,0.25,0.225,52,140,40.24048,40.1351,0.1053799999999967,True
13,0.25-0.28,0.25,0.28,0.265,38,72,40.67029,40.5139,0.1563900000000018,True
13,0.28-0.32,0.28,0.32,0.30000000000000004,62,100,40.93472,40.9018,0.032919999999997174,True
13,0.32-0.35,0.32,0.35,0.33499999999999996,81,71,41.20996,41.1012,0.10876000000000374,True
13,0.35-0.40,0.35,0.4,0.375,98,66,41.43197,41.3794,0.05257000000000289,True
13,0.40-0.50,0.4,0.5,0.45,205,100,41.98488,41.8131,0.17177999999999827,True
13,0.50-0.60,0.5,0.6,0.55,232,83,42.46451,42.3205,0.14400999999999442,True
13,0.60-0.70,0.6,0.7,0.6499999999999999,221,56,42.92854,42.7805,0.14803999999999462,True
13,0.70-0.80,0.7,0.8,0.75,95,47,43.32792,43.1675,0.160420000000002,True
13,0.80-1.00,0.8,1.0,0.9,85,7,43.64144,43.5331,0.10834000000000543,True
14,0.00-0.05,0.0,0.05,0.025,106,646,36.01851,35.2665,0.7520099999999985,True
14,0.05-0.10,0.05,0.1,0.07500000000000001,45,97,37.39806,37.1925,0.2055599999999984,True
14,0.10-0.15,0.1,0.15,0.125,13,86,38.98171,38.802,0.17971000000000004,True
14,0.15-0.20,0.15,0.2,0.175,20,123,39.74864,39.5427,0.20593999999999824,True
14,0.20-0.25,0.2,0.25,0.225,52,140,40.26524,40.1351,0.13013999999999726,True
14,0.25-0.28,0.25,0.28,0.265,38,72,40.65338,40.5139,0.13947999999999894,True
14,0.28-0.32,0.28,0.32,0.30000000000000004,62,100,40.93882,40.9018,0.037019999999998277,True
14,0.32-0.35,0.32,0.35,0.33499999999999996,81,71,41.22103,41.1012,0.11983000000000033,True
14,0.35-0.40,0.35,0.4,0.375,98,66,41.45362,41.3794,0.07422000000000395,True
14,0.40-0.50,0.4,0.5,0.45,205,100,41.96627,41.8131,0.15317000000000291,True
14,0.50-0.60,0.5,0.6,0.55,232,83,42.45886,42.3205,0.1383599999999987,True
14,0.60-0.70,0.6,0.7,0.6499999999999999,221,56,42.92792,42.7805,0.14741999999999678,True
14,0.70-0.80,0.7,0.8,0.75,95,47,43.31795,43.1675,0.1504500000000064,True
14,0.80-1.00,0.8,1.0,0.9,85,7,43.68398,43.5331,0.1508800000000008,True
15,0.00-0.05,0.0,0.05,0.025,106,646,36.01851,35.2665,0.7520099999999985,True
15,0.05-0.10,0.05,0.1,0.07500000000000001,45,97,37.34903,37.1925,0.1565299999999965,True
15,0.10-0.15,0.1,0.15,0.125,13,86,38.87889,38.802,0.07688999999999879,True
15,0.15-0.20,0.15,0.2,0.175,20,123,39.74864,39.5427,0.20593999999999824,True
15,0.20-0.25,0.2,0.25,0.225,52,140,40.26524,40.1351,0.13013999999999726,True
15,0.25-0.28,0.25,0.28,0.265,38,72,40.65338,40.5139,0.13947999999999894,True
15,0.28-0.32,0.28,0.32,0.30000000000000004,62,100,40.93882,40.9018,0.037019999999998277,True
15,0.32-0.35,0.32,0.35,0.33499999999999996,81,71,41.22103,41.1012,0.11983000000000033,True
15,0.35-0.40,0.35,0.4,0.375,98,66,41.45362,41.3794,0.07422000000000395,True
15,0.40-0.50,0.4,0.5,0.45,205,100,41.98488,41.8131,0.17177999999999827,True
15,0.50-0.60,0.5,0.6,0.55,232,83,42.4688,42.3205,0.148299999999999,True
15,0.60-0.70,0.6,0.7,0.6499999999999999,221,56,42.92792,42.7805,0.14741999999999678,True
15,0.70-0.80,0.7,0.8,0.75,95,47,43.31795,43.1675,0.1504500000000064,True
15,0.80-1.00,0.8,1.0,0.9,85,7,43.6954,43.5331,0.1623000000000019,True
16,0.00-0.05,0.0,0.05,0.025,106,646,36.01126,35.2665,0.7447599999999994,True
16,0.05-0.10,0.05,0.1,0.07500000000000001,45,97,37.36659,37.1925,0.17408999999999963,True
16,0.10-0.15,0.1,0.15,0.125,13,86,39.16841,38.802,0.3664100000000019,True
16,0.15-0.20,0.15,0.2,0.175,20,123,39.8153,39.5427,0.27259999999999707,True
16,0.20-0.25,0.2,0.25,0.225,52,140,40.24418,40.1351,0.10907999999999873,True
16,0.25-0.28,0.25,0.28,0.265,38,72,40.69707,40.5139,0.18316999999999695,True
16,0.28-0.32,0.28,0.32,0.30000000000000004,62,100,40.93472,40.9018,0.032919999999997174,True
16,0.32-0.35,0.32,0.35,0.33499999999999996,81,71,41.21681,41.1012,0.11561000000000377,True
16,0.35-0.40,0.35,0.4,0.375,98,66,41.45362,41.3794,0.07422000000000395,True
16,0.40-0.50,0.4,0.5,0.45,205,100,41.96742,41.8131,0.15431999999999846,True
16,0.50-0.60,0.5,0.6,0.55,232,83,42.47071,42.3205,0.15020999999999418,True
16,0.60-0.70,0.6,0.7,0.6499999999999999,221,56,42.94051,42.7805,0.16000999999999976,True
16,0.70-0.80,0.7,0.8,0.75,95,47,43.31795,43.1675,0.1504500000000064,True
16,0.80-1.00,0.8,1.0,0.9,85,7,43.68398,43.5331,0.1508800000000008,True
17,0.00-0.05,0.0,0.05,0.025,106,646,36.05743,35.2665,0.7909299999999959,True
17,0.05-0.10,0.05,0.1,0.07500000000000001,45,97,37.36244,37.1925,0.16993999999999687,True
17,0.10-0.15,0.1,0.15,0.125,13,86,39.00672,38.802,0.2047200000000018,True
17,0.15-0.20,0.15,0.2,0.175,20,123,39.74864,39.5427,0.20593999999999824,True
17,0.20-0.25,0.2,0.25,0.225,52,140,40.24144,40.1351,0.10633999999999588,True
17,0.25-0.28,0.25,0.28,0.265,38,72,40.65338,40.5139,0.13947999999999894,True
17,0.28-0.32,0.28,0.32,0.30000000000000004,62,100,40.93882,40.9018,0.037019999999998277,True
17,0.32-0.35,0.32,0.35,0.33499999999999996,81,71,41.23123,41.1012,0.13002999999999787,True
17,0.35-0.40,0.35,0.4,0.375,98,66,41.44377,41.3794,0.06437000000000381,True
17,0.40-0.50,0.4,0.5,0.45,205,100,41.98253,41.8131,0.16942999999999842,True
17,0.50-0.60,0.5,0.6,0.55,232,83,42.44815,42.3205,0.1276499999999956,True
17,0.60-0.70,0.6,0.7,0.6499999999999999,221,56,42.92792,42.7805,0.14741999999999678,True
17,0.70-0.80,0.7,0.8,0.75,95,47,43.31795,43.1675,0.1504500000000064,True
17,0.80-1.00,0.8,1.0,0.9,85,7,43.68398,43.5331,0.1508800000000008,True
18,0.00-0.05,0.0,0.05,0.025,106,646,36.01851,35.2665,0.7520099999999985,True
18,0.05-0.10,0.05,0.1,0.07500000000000001,45,97,37.20911,37.1925,0.016610000000000014,True
18,0.10-0.15,0.1,0.15,0.125,13,86,38.87889,38.802,0.07688999999999879,True
18,0.15-0.20,0.15,0.2,0.175,20,123,39.78048,39.5427,0.23777999999999366,True
18,0.20-0.25,0.2,0.25,0.225,52,140,40.25572,40.1351,0.12061999999999529,True
18,0.25-0.28,0.25,0.28,0.265,38,72,40.66311,40.5139,0.14921000000000362,True
18,0.28-0.32,0.28,0.32,0.30000000000000004,62,100,40.93882,40.9018,0.037019999999998277,True
18,0.32-0.35,0.32,0.35,0.33499999999999996,81,71,41.22274,41.1012,0.12154000000000309,True
18,0.35-0.40,0.35,0.4,0.375,98,66,41.45362,41.3794,0.07422000000000395,True
18,0.40-0.50,0.4,0.5,0.45,205,100,41.96742,41.8131,0.15431999999999846,True
18,0.50-0.60,0.5,0.6,0.55,232,83,42.45886,42.3205,0.1383599999999987,True
18,0.60-0.70,0.6,0.7,0.6499999999999999,221,56,42.92854,42.7805,0.14803999999999462,True
18,0.70-0.80,0.7,0.8,0.75,95,47,43.32008,43.1675,0.15258000000000038,True
18,0.80-1.00,0.8,1.0,0.9,85,7,43.64768,43.5331,0.11458000000000368,True
19,0.00-0.05,0.0,0.05,0.025,106,646,36.04919,35.2665,0.7826900000000023,True
19,0.05-0.10,0.05,0.1,0.07500000000000001,45,97,37.39806,37.1925,0.2055599999999984,True
19,0.10-0.15,0.1,0.15,0.125,13,86,39.16841,38.802,0.3664100000000019,True
19,0.15-0.20,0.15,0.2,0.175,20,123,39.59667,39.5427,0.05396999999999963,True
19,0.20-0.25,0.2,0.25,0.225,52,140,40.24144,40.1351,0.10633999999999588,True
19,0.25-0.28,0.25,0.28,0.265,38,72,40.65338,40.5139,0.13947999999999894,True
19,0.28-0.32,0.28,0.32,0.30000000000000004,62,100,40.93882,40.9018,0.037019999999998277,True
19,0.32-0.35,0.32,0.35,0.33499999999999996,81,71,41.21969,41.1012,0.11849000000000132,True
19,0.35-0.40,0.35,0.4,0.375,98,66,41.46099,41.3794,0.0815900000000056,True
19,0.40-0.50,0.4,0.5,0.45,205,100,41.98488,41.8131,0.17177999999999827,True
19,0.50-0.60,0.5,0.6,0.55,232,83,42.4688,42.3205,0.148299999999999,True
19,0.60-0.70,0.6,0.7,0.6499999999999999,221,56,42.92792,42.7805,0.14741999999999678,True
19,0.70-0.80,0.7,0.8,0.75,95,47,43.30631,43.1675,0.13881000000000654,True
19,0.80-1.00,0.8,1.0,0.9,85,7,43.72583,43.5331,0.1927300000000045,True
20,0.00-0.05,0.0,0.05,0.025,106,646,36.00728,35.2665,0.7407800000000009,True
20,0.05-0.10,0.05,0.1,0.07500000000000001,45,97,37.2229,37.1925,0.030400000000000205,True
20,0.10-0.15,0.1,0.15,0.125,13,86,39.16841,38.802,0.3664100000000019,True
20,0.15-0.20,0.15,0.2,0.175,20,123,39.74864,39.5427,0.20593999999999824,True
20,0.20-0.25,0.2,0.25,0.225,52,140,40.26232,40.1351,0.12722000000000122,True
20,0.25-0.28,0.25,0.28,0.265,38,72,40.66311,40.5139,0.14921000000000362,True
20,0.28-0.32,0.28,0.32,0.30000000000000004,62,100,40.93882,40.9018,0.037019999999998277,True
20,0.32-0.35,0.32,0.35,0.33499999999999996,81,71,41.21681,41.1012,0.11561000000000377,True
20,0.35-0.40,0.35,0.4,0.375,98,66,41.43008,41.3794,0.050679999999999836,True
20,0.40-0.50,0.4,0.5,0.45,205,100,41.96627,41.8131,0.15317000000000291,True
20,0.50-0.60,0.5,0.6,0.55,232,83,42.45886,42.3205,0.1383599999999987,True
20,0.60-0.70,0.6,0.7,0.6499999999999999,221,56,42.93625,42.7805,0.1557499999999976,True
20,0.70-0.80,0.7,0.8,0.75,95,47,43.30747,43.1675,0.13997000000000526,True
20,0.80-1.00,0.8,1.0,0.9,85,7,43.6954,43.5331,0.1623000000000019,True
21,0.00-0.05,0.0,0.05,0.025,106,646,36.01068,35.2665,0.7441800000000001,True
21,0.05-0.10,0.05,0.1,0.07500000000000001,45,97,37.20488,37.1925,0.01238000000000028,True
21,0.10-0.15,0.1,0.15,0.125,13,86,39.00672,38.802,0.2047200000000018,True
21,0.15-0.20,0.15,0.2,0.175,20,123,39.74864,39.5427,0.20593999999999824,True
21,0.20-0.25,0.2,0.25,0.225,52,140,40.26232,40.1351,0.12722000000000122,True
21,0.25-0.28,0.25,0.28,0.265,38,72,40.66634,40.5139,0.15243999999999858,True
21,0.28-0.32,0.28,0.32,0.30000000000000004,62,100,40.91041,40.9018,0.008609999999997342,True
21,0.32-0.35,0.32,0.35,0.33499999999999996,81,71,41.21681,41.1012,0.11561000000000377,True
21,0.35-0.40,0.35,0.4,0.375,98,66,41.44162,41.3794,0.062220000000003495,True
21,0.40-0.50,0.4,0.5,0.45,205,100,41.98253,41.8131,0.16942999999999842,True
21,0.50-0.60,0.5,0.6,0.55,232,83,42.45886,42.3205,0.1383599999999987,True
21,0.60-0.70,0.6,0.7,0.6499999999999999,221,56,42.92792,42.7805,0.14741999999999678,True
21,0.70-0.80,0.7,0.8,0.75,95,47,43.33248,43.1675,0.1649799999999999,True
21,0.80-1.00,0.8,1.0,0.9,85,7,43.68131,43.5331,0.14821000000000595,True
22,0.00-0.05,0.0,0.05,0.025,106,646,36.02516,35.2665,0.758659999999999,True
22,0.05-0.10,0.05,0.1,0.07500000000000001,45,97,37.2229,37.1925,0.030400000000000205,True
22,0.10-0.15,0.1,0.15,0.125,13,86,38.87889,38.802,0.07688999999999879,True
22,0.15-0.20,0.15,0.2,0.175,20,123,39.69446,39.5427,0.1517599999999959,True
22,0.20-0.25,0.2,0.25,0.225,52,140,40.25625,40.1351,0.12115000000000009,True
22,0.25-0.28,0.25,0.28,0.265,38,72,40.65338,40.5139,0.13947999999999894,True
22,0.28-0.32,0.28,0.32,0.30000000000000004,62,100,40.93135,40.9018,0.02955000000000041,True
22,0.32-0.35,0.32,0.35,0.33499999999999996,81,71,41.21254,41.1012,0.11133999999999844,True
22,0.35-0.40,0.35,0.4,0.375,98,66,41.44162,41.3794,0.062220000000003495,True
22,0.40-0.50,0.4,0.5,0.45,205,100,41.95528,41.8131,0.1421800000000033,True
22,0.50-0.60,0.5,0.6,0.55,232,83,42.4688,42.3205,0.148299999999999,True
22,0.60-0.70,0.6,0.7,0.6499999999999999,221,56,42.93252,42.7805,0.15201999999999316,True
22,0.70-0.80,0.7,0.8,0.75,95,47,43.31795,43.1675,0.1504500000000064,True
22,0.80-1.00,0.8,1.0,0.9,85,7,43.64144,43.5331,0.10834000000000543,True
23,0.00-0.05,0.0,0.05,0.025,106,646,36.01851,35.2665,0.7520099999999985,True
23,0.05-0.10,0.05,0.1,0.07500000000000001,45,97,37.36659,37.1925,0.17408999999999963,True
23,0.10-0.15,0.1,0.15,0.125,13,86,38.87889,38.802,0.07688999999999879,True
23,0.15-0.20,0.15,0.2,0.175,20,123,39.59667,39.5427,0.05396999999999963,True
23,0.20-0.25,0.2,0.25,0.225,52,140,40.25572,40.1351,0.12061999999999529,True
23,0.25-0.28,0.25,0.28,0.265,38,72,40.67029,40.5139,0.1563900000000018,True
23,0.28-0.32,0.28,0.32,0.30000000000000004,62,100,40.93181,40.9018,0.030009999999997206,True
23,0.32-0.35,0.32,0.35,0.33499999999999996,81,71,41.22103,41.1012,0.11983000000000033,True
23,0.35-0.40,0.35,0.4,0.375,98,66,41.45362,41.3794,0.07422000000000395,True
23,0.40-0.50,0.4,0.5,0.45,205,100,41.96821,41.8131,0.15511000000000053,True
23,0.50-0.60,0.5,0.6,0.55,232,83,42.46907,42.3205,0.14856999999999942,True
23,0.60-0.70,0.6,0.7,0.6499999999999999,221,56,42.93252,42.7805,0.15201999999999316,True
23,0.70-0.80,0.7,0.8,0.75,95,47,43.31795,43.1675,0.1504500000000064,True
23,0.80-1.00,0.8,1.0,0.9,85,7,43.72233,43.5331,0.189230000000002,True
24,0.00-0.05,0.0,0.05,0.025,106,646,36.01068,35.2665,0.7441800000000001,True
24,0.05-0.10,0.05,0.1,0.07500000000000001,45,97,37.36244,37.1925,0.16993999999999687,True
24,0.10-0.15,0.1,0.15,0.125,13,86,38.89598,38.802,0.09398000000000195,True
24,0.15-0.20,0.15,0.2,0.175,20,123,39.78048,39.5427,0.23777999999999366,True
24,0.20-0.25,0.2,0.25,0.225,52,140,40.26524,40.1351,0.13013999999999726,True
24,0.25-0.28,0.25,0.28,0.265,38,72,40.6088,40.5139,0.09490000000000265,True
24,0.28-0.32,0.28,0.32,0.30000000000000004,62,100,40.90452,40.9018,0.002719999999996503,True
24,0.32-0.35,0.32,0.35,0.33499999999999996,81,71,41.21681,41.1012,0.11561000000000377,True
24,0.35-0.40,0.35,0.4,0.375,98,66,41.44162,41.3794,0.062220000000003495,True
24,0.40-0.50,0.4,0.5,0.45,205,100,41.99253,41.8131,0.17943000000000353,True
24,0.50-0.60,0.5,0.6,0.55,232,83,42.47441,42.3205,0.15390999999999622,True
24,0.60-0.70,0.6,0.7,0.6499999999999999,221,56,42.92854,42.7805,0.14803999999999462,True
24,0.70-0.80,0.7,0.8,0.75,95,47,43.31795,43.1675,0.1504500000000064,True
24,0.80-1.00,0.8,1.0,0.9,85,7,43.68398,43.5331,0.1508800000000008,True
25,0.00-0.05,0.0,0.05,0.025,106,646,36.01068,35.2665,0.7441800000000001,True
25,0.05-0.10,0.05,0.1,0.07500000000000001,45,97,37.1975,37.1925,0.0049999999999954525,True
25,0.10-0.15,0.1,0.15,0.125,13,86,39.00672,38.802,0.2047200000000018,True
25,0.15-0.20,0.15,0.2,0.175,20,123,39.78048,39.5427,0.23777999999999366,True
25,0.20-0.25,0.2,0.25,0.225,52,140,40.26232,40.1351,0.12722000000000122,True
25,0.25-0.28,0.25,0.28,0.265,38,72,40.6088,40.5139,0.09490000000000265,True
25,0.28-0.32,0.28,0.32,0.30000000000000004,62,100,41.00668,40.9018,0.10488000000000142,True
25,0.32-0.35,0.32,0.35,0.33499999999999996,81,71,41.22274,41.1012,0.12154000000000309,True
25,0.35-0.40,0.35,0.4,0.375,98,66,41.43008,41.3794,0.050679999999999836,True
25,0.40-0.50,0.4,0.5,0.45,205,100,41.98525,41.8131,0.17215000000000202,True
25,0.50-0.60,0.5,0.6,0.55,232,83,42.4688,42.3205,0.148299999999999,True
25,0.60-0.70,0.6,0.7,0.6499999999999999,221,56,42.92792,42.7805,0.14741999999999678,True
25,0.70-0.80,0.7,0.8,0.75,95,47,43.33248,43.1675,0.1649799999999999,True
25,0.80-1.00,0.8,1.0,0.9,85,7,43.66835,43.5331,0.1352499999999992,True
26,0.00-0.05,0.0,0.05,0.025,106,646,35.9573,35.2665,0.6907999999999959,True
26,0.05-0.10,0.05,0.1,0.07500000000000001,45,97,37.2229,37.1925,0.030400000000000205,True
26,0.10-0.15,0.1,0.15,0.125,13,86,38.89598,38.802,0.09398000000000195,True
26,0.15-0.20,0.15,0.2,0.175,20,123,39.69446,39.5427,0.1517599999999959,True
26,0.20-0.25,0.2,0.25,0.225,52,140,40.26777,40.1351,0.1326699999999974,True
26,0.25-0.28,0.25,0.28,0.265,38,72,40.65338,40.5139,0.13947999999999894,True
26,0.28-0.32,0.28,0.32,0.30000000000000004,62,100,40.93472,40.9018,0.032919999999997174,True
26,0.32-0.35,0.32,0.35,0.33499999999999996,81,71,41.22103,41.1012,0.11983000000000033,True
26,0.35-0.40,0.35,0.4,0.375,98,66,41.46707,41.3794,0.0876700000000028,True
26,0.40-0.50,0.4,0.5,0.45,205,100,41.96742,41.8131,0.15431999999999846,True
26,0.50-0.60,0.5,0.6,0.55,232,83,42.47071,42.3205,0.15020999999999418,True
26,0.60-0.70,0.6,0.7,0.6499999999999999,221,56,42.93368,42.7805,0.15317999999999898,True
26,0.70-0.80,0.7,0.8,0.75,95,47,43.31795,43.1675,0.1504500000000064,True
26,0.80-1.00,0.8,1.0,0.9,85,7,43.68398,43.5331,0.1508800000000008,True
27,0.00-0.05,0.0,0.05,0.025,106,646,36.01068,35.2665,0.7441800000000001,True
27,0.05-0.10,0.05,0.1,0.07500000000000001,45,97,37.36659,37.1925,0.17408999999999963,True
27,0.10-0.15,0.1,0.15,0.125,13,86,38.54264,38.802,-0.2593600000000009,True
27,0.15-0.20,0.15,0.2,0.175,20,123,39.78048,39.5427,0.23777999999999366,True
27,0.20-0.25,0.2,0.25,0.225,52,140,40.25572,40.1351,0.12061999999999529,True
27,0.25-0.28,0.25,0.28,0.265,38,72,40.66311,40.5139,0.14921000000000362,True
27,0.28-0.32,0.28,0.32,0.30000000000000004,62,100,40.99129,40.9018,0.08948999999999785,True
27,0.32-0.35,0.32,0.35,0.33499999999999996,81,71,41.22336,41.1012,0.12216000000000093,True
27,0.35-0.40,0.35,0.4,0.375,98,66,41.46099,41.3794,0.0815900000000056,True
27,0.40-0.50,0.4,0.5,0.45,205,100,41.96742,41.8131,0.15431999999999846,True
27,0.50-0.60,0.5,0.6,0.55,232,83,42.48074,42.3205,0.1602399999999946,True
27,0.60-0.70,0.6,0.7,0.6499999999999999,221,56,42.92792,42.7805,0.14741999999999678,True
27,0.70-0.80,0.7,0.8,0.75,95,47,43.30747,43.1675,0.13997000000000526,True
27,0.80-1.00,0.8,1.0,0.9,85,7,43.68131,43.5331,0.14821000000000595,True
28,0.00-0.05,0.0,0.05,0.025,106,646,35.9573,35.2665,0.6907999999999959,True
28,0.05-0.10,0.05,0.1,0.07500000000000001,45,97,37.36659,37.1925,0.17408999999999963,True
28,0.10-0.15,0.1,0.15,0.125,13,86,38.98171,38.802,0.17971000000000004,True
28,0.15-0.20,0.15,0.2,0.175,20,123,39.59667,39.5427,0.05396999999999963,True
28,0.20-0.25,0.2,0.25,0.225,52,140,40.26777,40.1351,0.1326699999999974,True
28,0.25-0.28,0.25,0.28,0.265,38,72,40.67029,40.5139,0.1563900000000018,True
28,0.28-0.32,0.28,0.32,0.30000000000000004,62,100,40.93882,40.9018,0.037019999999998277,True
28,0.32-0.35,0.32,0.35,0.33499999999999996,81,71,41.21681,41.1012,0.11561000000000377,True
28,0.35-0.40,0.35,0.4,0.375,98,66,41.46099,41.3794,0.0815900000000056,True
28,0.40-0.50,0.4,0.5,0.45,205,100,41.98288,41.8131,0.16978000000000293,True
28,0.50-0.60,0.5,0.6,0.55,232,83,42.46451,42.3205,0.14400999999999442,True
28,0.60-0.70,0.6,0.7,0.6499999999999999,221,56,42.93625,42.7805,0.1557499999999976,True
28,0.70-0.80,0.7,0.8,0.75,95,47,43.31795,43.1675,0.1504500000000064,True
28,0.80-1.00,0.8,1.0,0.9,85,7,43.72233,43.5331,0.189230000000002,True
29,0.00-0.05,0.0,0.05,0.025,106,646,36.00256,35.2665,0.7360600000000019,True
29,0.05-0.10,0.05,0.1,0.07500000000000001,45,97,37.20488,37.1925,0.01238000000000028,True
29,0.10-0.15,0.1,0.15,0.125,13,86,38.98171,38.802,0.17971000000000004,True
29,0.15-0.20,0.15,0.2,0.175,20,123,39.59667,39.5427,0.05396999999999963,True
29,0.20-0.25,0.2,0.25,0.225,52,140,40.26524,40.1351,0.13013999999999726,True
29,0.25-0.28,0.25,0.28,0.265,38,72,40.6058,40.5139,0.09190000000000254,True
29,0.28-0.32,0.28,0.32,0.30000000000000004,62,100,40.93472,40.9018,0.032919999999997174,True
29,0.32-0.35,0.32,0.35,0.33499999999999996,81,71,41.20996,41.1012,0.10876000000000374,True
29,0.35-0.40,0.35,0.4,0.375,98,66,41.45703,41.3794,0.0776300000000063,True
29,0.40-0.50,0.4,0.5,0.45,205,100,41.98253,41.8131,0.16942999999999842,True
29,0.50-0.60,0.5,0.6,0.55,232,83,42.47192,42.3205,0.15141999999999456,True
29,0.60-0.70,0.6,0.7,0.6499999999999999,221,56,42.93321,42.7805,0.152709999999999,True
29,0.70-0.80,0.7,0.8,0.75,95,47,43.32792,43.1675,0.160420000000002,True
29,0.80-1.00,0.8,1.0,0.9,85,7,43.64144,43.5331,0.10834000000000543,True
30,0.00-0.05,0.0,0.05,0.025,106,646,36.01851,35.2665,0.7520099999999985,True
30,0.05-0.10,0.05,0.1,0.07500000000000001,45,97,37.36244,37.1925,0.16993999999999687,True
30,0.10-0.15,0.1,0.15,0.125,13,86,38.54264,38.802,-0.2593600000000009,True
30,0.15-0.20,0.15,0.2,0.175,20,123,39.78048,39.5427,0.23777999999999366,True
30,0.20-0.25,0.2,0.25,0.225,52,140,40.24144,40.1351,0.10633999999999588,True
30,0.25-0.28,0.25,0.28,0.265,38,72,40.65338,40.5139,0.13947999999999894,True
30,0.28-0.32,0.28,0.32,0.30000000000000004,62,100,40.91041,40.9018,0.008609999999997342,True
30,0.32-0.35,0.32,0.35,0.33499999999999996,81,71,41.21969,41.1012,0.11849000000000132,True
30,0.35-0.40,0.35,0.4,0.375,98,66,41.44162,41.3794,0.062220000000003495,True
30,0.40-0.50,0.4,0.5,0.45,205,100,42.00385,41.8131,0.1907500000000013,True
30,0.50-0.60,0.5,0.6,0.55,232,83,42.45886,42.3205,0.1383599999999987,True
30,0.60-0.70,0.6,0.7,0.6499999999999999,221,56,42.92792,42.7805,0.14741999999999678,True
30,0.70-0.80,0.7,0.8,0.75,95,47,43.30297,43.1675,0.1354700000000051,True
30,0.80-1.00,0.8,1.0,0.9,85,7,43.66835,43.5331,0.1352499999999992,True
31,0.00-0.05,0.0,0.05,0.025,106,646,36.04919,35.2665,0.7826900000000023,True
31,0.05-0.10,0.05,0.1,0.07500000000000001,45,97,37.2229,37.1925,0.030400000000000205,True
31,0.10-0.15,0.1,0.15,0.125,13,86,38.87889,38.802,0.07688999999999879,True
31,0.15-0.20,0.15,0.2,0.175,20,123,39.59667,39.5427,0.05396999999999963,True
31,0.20-0.25,0.2,0.25,0.225,52,140,40.26777,40.1351,0.1326699999999974,True
31,0.25-0.28,0.25,0.28,0.265,38,72,40.65338,40.5139,0.13947999999999894,True
31,0.28-0.32,0.28,0.32,0.30000000000000004,62,100,40.93472,40.9018,0.032919999999997174,True
31,0.32-0.35,0.32,0.35,0.33499999999999996,81,71,41.21254,41.1012,0.11133999999999844,True
31,0.35-0.40,0.35,0.4,0.375,98,66,41.46099,41.3794,0.0815900000000056,True
31,0.40-0.50,0.4,0.5,0.45,205,100,41.98488,41.8131,0.17177999999999827,True
31,0.50-0.60,0.5,0.6,0.55,232,83,42.47441,42.3205,0.15390999999999622,True
31,0.60-0.70,0.6,0.7,0.6499999999999999,221,56,42.92792,42.7805,0.14741999999999678,True
31,0.70-0.80,0.7,0.8,0.75,95,47,43.31795,43.1675,0.1504500000000064,True
31,0.80-1.00,0.8,1.0,0.9,85,7,43.66049,43.5331,0.12739000000000544,True
32,0.00-0.05,0.0,0.05,0.025,106,646,36.01851,35.2665,0.7520099999999985,True
32,0.05-0.10,0.05,0.1,0.07500000000000001,45,97,37.34903,37.1925,0.1565299999999965,True
32,0.10-0.15,0.1,0.15,0.125,13,86,38.54264,38.802,-0.2593600000000009,True
32,0.15-0.20,0.15,0.2,0.175,20,123,39.8153,39.5427,0.27259999999999707,True
32,0.20-0.25,0.2,0.25,0.225,52,140,40.25572,40.1351,0.12061999999999529,True
32,0.25-0.28,0.25,0.28,0.265,38,72,40.67029,40.5139,0.1563900000000018,True
32,0.28-0.32,0.28,0.32,0.30000000000000004,62,100,40.93882,40.9018,0.037019999999998277,True
32,0.32-0.35,0.32,0.35,0.33499999999999996,81,71,41.21254,41.1012,0.11133999999999844,True
32,0.35-0.40,0.35,0.4,0.375,98,66,41.44872,41.3794,0.06932000000000471,True
32,0.40-0.50,0.4,0.5,0.45,205,100,41.99425,41.8131,0.18115000000000236,True
32,0.50-0.60,0.5,0.6,0.55,232,83,42.4688,42.3205,0.148299999999999,True
32,0.60-0.70,0.6,0.7,0.6499999999999999,221,56,42.92792,42.7805,0.14741999999999678,True
32,0.70-0.80,0.7,0.8,0.75,95,47,43.32792,43.1675,0.160420000000002,True
32,0.80-1.00,0.8,1.0,0.9,85,7,43.66049,43.5331,0.12739000000000544,True
33,0.00-0.05,0.0,0.05,0.025,106,646,36.04309,35.2665,0.7765899999999988,True
33,0.05-0.10,0.05,0.1,0.07500000000000001,45,97,37.36177,37.1925,0.16926999999999737,True
33,0.10-0.15,0.1,0.15,0.125,13,86,38.98171,38.802,0.17971000000000004,True
33,0.15-0.20,0.15,0.2,0.175,20,123,39.74864,39.5427,0.20593999999999824,True
33,0.20-0.25,0.2,0.25,0.225,52,140,40.25572,40.1351,0.12061999999999529,True
33,0.25-0.28,0.25,0.28,0.265,38,72,40.66634,40.5139,0.15243999999999858,True
33,0.28-0.32,0.28,0.32,0.30000000000000004,62,100,40.91041,40.9018,0.008609999999997342,True
33,0.32-0.35,0.32,0.35,0.33499999999999996,81,71,41.22336,41.1012,0.12216000000000093,True
33,0.35-0.40,0.35,0.4,0.375,98,66,41.46099,41.3794,0.0815900000000056,True
33,0.40-0.50,0.4,0.5,0.45,205,100,41.99291,41.8131,0.17981000000000336,True
33,0.50-0.60,0.5,0.6,0.55,232,83,42.48074,42.3205,0.1602399999999946,True
33,0.60-0.70,0.6,0.7,0.6499999999999999,221,56,42.92854,42.7805,0.14803999999999462,True
33,0.70-0.80,0.7,0.8,0.75,95,47,43.32792,43.1675,0.160420000000002,True
33,0.80-1.00,0.8,1.0,0.9,85,7,43.68131,43.5331,0.14821000000000595,True
34,0.00-0.05,0.0,0.05,0.025,106,646,36.00728,35.2665,0.7407800000000009,True
34,0.05-0.10,0.05,0.1,0.07500000000000001,45,97,37.36244,37.1925,0.16993999999999687,True
34,0.10-0.15,0.1,0.15,0.125,13,86,38.89598,38.802,0.09398000000000195,True
34,0.15-0.20,0.15,0.2,0.175,20,123,39.78048,39.5427,0.23777999999999366,True
34,0.20-0.25,0.2,0.25,0.225,52,140,40.26777,40.1351,0.1326699999999974,True
34,0.25-0.28,0.25,0.28,0.265,38,72,40.65338,40.5139,0.13947999999999894,True
34,0.28-0.32,0.28,0.32,0.30000000000000004,62,100,40.93472,40.9018,0.032919999999997174,True
34,0.32-0.35,0.32,0.35,0.33499999999999996,81,71,41.21969,41.1012,0.11849000000000132,True
34,0.35-0.40,0.35,0.4,0.375,98,66,41.44377,41.3794,0.06437000000000381,True
34,0.40-0.50,0.4,0.5,0.45,205,100,41.98253,41.8131,0.16942999999999842,True
34,0.50-0.60,0.5,0.6,0.55,232,83,42.47573,42.3205,0.15522999999999598,True
34,0.60-0.70,0.6,0.7,0.6499999999999999,221,56,42.92792,42.7805,0.14741999999999678,True
34,0.70-0.80,0.7,0.8,0.75,95,47,43.32008,43.1675,0.15258000000000038,True
34,0.80-1.00,0.8,1.0,0.9,85,7,43.66835,43.5331,0.1352499999999992,True
35,0.00-0.05,0.0,0.05,0.025,106,646,35.99496,35.2665,0.7284599999999983,True
35,0.05-0.10,0.05,0.1,0.07500000000000001,45,97,37.2229,37.1925,0.030400000000000205,True
35,0.10-0.15,0.1,0.15,0.125,13,86,38.87889,38.802,0.07688999999999879,True
35,0.15-0.20,0.15,0.2,0.175,20,123,39.78048,39.5427,0.23777999999999366,True
35,0.20-0.25,0.2,0.25,0.225,52,140,40.28881,40.1351,0.15370999999999668,True
35,0.25-0.28,0.25,0.28,0.265,38,72,40.67029,40.5139,0.1563900000000018,True
35,0.28-0.32,0.28,0.32,0.30000000000000004,62,100,40.93472,40.9018,0.032919999999997174,True
35,0.32-0.35,0.32,0.35,0.33499999999999996,81,71,41.22274,41.1012,0.12154000000000309,True
35,0.35-0.40,0.35,0.4,0.375,98,66,41.46815,41.3794,0.08875000000000455,True
35,0.40-0.50,0.4,0.5,0.45,205,100,41.99333,41.8131,0.18023000000000167,True
35,0.50-0.60,0.5,0.6,0.55,232,83,42.45886,42.3205,0.1383599999999987,True
35,0.60-0.70,0.6,0.7,0.6499999999999999,221,56,42.92854,42.7805,0.14803999999999462,True
35,0.70-0.80,0.7,0.8,0.75,95,47,43.32792,43.1675,0.160420000000002,True
35,0.80-1.00,0.8,1.0,0.9,85,7,43.66835,43.5331,0.1352499999999992,True
36,0.00-0.05,0.0,0.05,0.025,106,646,35.9573,35.2665,0.6907999999999959,True
36,0.05-0.10,0.05,0.1,0.07500000000000001,45,97,37.34903,37.1925,0.1565299999999965,True
36,0.10-0.15,0.1,0.15,0.125,13,86,39.16841,38.802,0.3664100000000019,True
36,0.15-0.20,0.15,0.2,0.175,20,123,39.74864,39.5427,0.20593999999999824,True
36,0.20-0.25,0.2,0.25,0.225,52,140,40.25625,40.1351,0.12115000000000009,True
36,0.25-0.28,0.25,0.28,0.265,38,72,40.66311,40.5139,0.14921000000000362,True
36,0.28-0.32,0.28,0.32,0.30000000000000004,62,100,40.93472,40.9018,0.032919999999997174,True
36,0.32-0.35,0.32,0.35,0.33499999999999996,81,71,41.21254,41.1012,0.11133999999999844,True
36,0.35-0.40,0.35,0.4,0.375,98,66,41.44872,41.3794,0.06932000000000471,True
36,0.40-0.50,0.4,0.5,0.45,205,100,41.96487,41.8131,0.15176999999999907,True
36,0.50-0.60,0.5,0.6,0.55,232,83,42.4584,42.3205,0.1378999999999948,True
36,0.60-0.70,0.6,0.7,0.6499999999999999,221,56,42.93731,42.7805,0.156809999999993,True
36,0.70-0.80,0.7,0.8,0.75,95,47,43.33248,43.1675,0.1649799999999999,True
36,0.80-1.00,0.8,1.0,0.9,85,7,43.6954,43.5331,0.1623000000000019,True
37,0.00-0.05,0.0,0.05,0.025,106,646,35.88308,35.2665,0.616579999999999,True
37,0.05-0.10,0.05,0.1,0.07500000000000001,45,97,37.2229,37.1925,0.030400000000000205,True
37,0.10-0.15,0.1,0.15,0.125,13,86,39.29882,38.802,0.4968199999999996,True
37,0.15-0.20,0.15,0.2,0.175,20,123,39.78048,39.5427,0.23777999999999366,True
37,0.20-0.25,0.2,0.25,0.225,52,140,40.25625,40.1351,0.12115000000000009,True
37,0.25-0.28,0.25,0.28,0.265,38,72,40.67029,40.5139,0.1563900000000018,True
37,0.28-0.32,0.28,0.32,0.30000000000000004,62,100,40.93472,40.9018,0.032919999999997174,True
37,0.32-0.35,0.32,0.35,0.33499999999999996,81,71,41.22336,41.1012,0.12216000000000093,True
37,0.35-0.40,0.35,0.4,0.375,98,66,41.45703,41.3794,0.0776300000000063,True
37,0.40-0.50,0.4,0.5,0.45,205,100,41.96742,41.8131,0.15431999999999846,True
37,0.50-0.60,0.5,0.6,0.55,232,83,42.45177,42.3205,0.13127000000000066,True
37,0.60-0.70,0.6,0.7,0.6499999999999999,221,56,42.92854,42.7805,0.14803999999999462,True
37,0.70-0.80,0.7,0.8,0.75,95,47,43.30747,43.1675,0.13997000000000526,True
37,0.80-1.00,0.8,1.0,0.9,85,7,43.6954,43.5331,0.1623000000000019,True
38,0.00-0.05,0.0,0.05,0.025,106,646,35.95132,35.2665,0.684820000000002,True
38,0.05-0.10,0.05,0.1,0.07500000000000001,45,97,37.36659,37.1925,0.17408999999999963,True
38,0.10-0.15,0.1,0.15,0.125,13,86,39.16841,38.802,0.3664100000000019,True
38,0.15-0.20,0.15,0.2,0.175,20,123,39.74864,39.5427,0.20593999999999824,True
38,0.20-0.25,0.2,0.25,0.225,52,140,40.26524,40.1351,0.13013999999999726,True
38,0.25-0.28,0.25,0.28,0.265,38,72,40.67029,40.5139,0.1563900000000018,True
38,0.28-0.32,0.28,0.32,0.30000000000000004,62,100,40.93135,40.9018,0.02955000000000041,True
38,0.32-0.35,0.32,0.35,0.33499999999999996,81,71,41.22274,41.1012,0.12154000000000309,True
38,0.35-0.40,0.35,0.4,0.375,98,66,41.44872,41.3794,0.06932000000000471,True
38,0.40-0.50,0.4,0.5,0.45,205,100,42.00385,41.8131,0.1907500000000013,True
38,0.50-0.60,0.5,0.6,0.55,232,83,42.47192,42.3205,0.15141999999999456,True
38,0.60-0.70,0.6,0.7,0.6499999999999999,221,56,42.92792,42.7805,0.14741999999999678,True
38,0.70-0.80,0.7,0.8,0.75,95,47,43.32008,43.1675,0.15258000000000038,True
38,0.80-1.00,0.8,1.0,0.9,85,7,43.72233,43.5331,0.189230000000002,True
39,0.00-0.05,0.0,0.05,0.025,106,646,36.04309,35.2665,0.7765899999999988,True
39,0.05-0.10,0.05,0.1,0.07500000000000001,45,97,37.20911,37.1925,0.016610000000000014,True
39,0.10-0.15,0.1,0.15,0.125,13,86,38.87889,38.802,0.07688999999999879,True
39,0.15-0.20,0.15,0.2,0.175,20,123,39.74864,39.5427,0.20593999999999824,True
39,0.20-0.25,0.2,0.25,0.225,52,140,40.25625,40.1351,0.12115000000000009,True
39,0.25-0.28,0.25,0.28,0.265,38,72,40.59566,40.5139,0.08176000000000272,True
39,0.28-0.32,0.28,0.32,0.30000000000000004,62,100,40.93472,40.9018,0.032919999999997174,True
39,0.32-0.35,0.32,0.35,0.33499999999999996,81,71,41.20996,41.1012,0.10876000000000374,True
39,0.35-0.40,0.35,0.4,0.375,98,66,41.44162,41.3794,0.062220000000003495,True
39,0.40-0.50,0.4,0.5,0.45,205,100,41.96879,41.8131,0.15568999999999988,True
39,0.50-0.60,0.5,0.6,0.55,232,83,42.45886,42.3205,0.1383599999999987,True
39,0.60-0.70,0.6,0.7,0.6499999999999999,221,56,42.92792,42.7805,0.14741999999999678,True
39,0.70-0.80,0.7,0.8,0.75,95,47,43.32792,43.1675,0.160420000000002,True
39,0.80-1.00,0.8,1.0,0.9,85,7,43.66835,43.5331,0.1352499999999992,True
40,0.00-0.05,0.0,0.05,0.025,106,646,36.00728,35.2665,0.7407800000000009,True
40,0.05-0.10,0.05,0.1,0.07500000000000001,45,97,37.36659,37.1925,0.17408999999999963,True
40,0.10-0.15,0.1,0.15,0.125,13,86,39.29023,38.802,0.4882300000000015,True
40,0.15-0.20,0.15,0.2,0.175,20,123,39.69446,39.5427,0.1517599999999959,True
40,0.20-0.25,0.2,0.25,0.225,52,140,40.25625,40.1351,0.12115000000000009,True
40,0.25-0.28,0.25,0.28,0.265,38,72,40.6088,40.5139,0.09490000000000265,True
40,0.28-0.32,0.28,0.32,0.30000000000000004,62,100,40.93472,40.9018,0.032919999999997174,True
40,0.32-0.35,0.32,0.35,0.33499999999999996,81,71,41.22103,41.1012,0.11983000000000033,True
40,0.35-0.40,0.35,0.4,0.375,98,66,41.47386,41.3794,0.0944600000000051,True
40,0.40-0.50,0.4,0.5,0.45,205,100,41.96879,41.8131,0.15568999999999988,True
40,0.50-0.60,0.5,0.6,0.55,232,83,42.4688,42.3205,0.148299999999999,True
40,0.60-0.70,0.6,0.7,0.6499999999999999,221,56,42.92792,42.7805,0.14741999999999678,True
40,0.70-0.80,0.7,0.8,0.75,95,47,43.31795,43.1675,0.1504500000000064,True
40,0.80-1.00,0.8,1.0,0.9,85,7,43.70035,43.5331,0.16725000000000279,True
41,0.00-0.05,0.0,0.05,0.025,106,646,36.01068,35.2665,0.7441800000000001,True
41,0.05-0.10,0.05,0.1,0.07500000000000001,45,97,37.20911,37.1925,0.016610000000000014,True
41,0.10-0.15,0.1,0.15,0.125,13,86,38.89598,38.802,0.09398000000000195,True
41,0.15-0.20,0.15,0.2,0.175,20,123,39.8153,39.5427,0.27259999999999707,True
41,0.20-0.25,0.2,0.25,0.225,52,140,40.25625,40.1351,0.12115000000000009,True
41,0.25-0.28,0.25,0.28,0.265,38,72,40.65338,40.5139,0.13947999999999894,True
41,0.28-0.32,0.28,0.32,0.30000000000000004,62,100,40.93135,40.9018,0.02955000000000041,True
41,0.32-0.35,0.32,0.35,0.33499999999999996,81,71,41.21254,41.1012,0.11133999999999844,True
41,0.35-0.40,0.35,0.4,0.375,98,66,41.46099,41.3794,0.0815900000000056,True
41,0.40-0.50,0.4,0.5,0.45,205,100,41.98253,41.8131,0.16942999999999842,True
41,0.50-0.60,0.5,0.6,0.55,232,83,42.44629,42.3205,0.12578999999999496,True
41,0.60-0.70,0.6,0.7,0.6499999999999999,221,56,42.92792,42.7805,0.14741999999999678,True
41,0.70-0.80,0.7,0.8,0.75,95,47,43.31795,43.1675,0.1504500000000064,True
41,0.80-1.00,0.8,1.0,0.9,85,7,43.68398,43.5331,0.1508800000000008,True
42,0.00-0.05,0.0,0.05,0.025,106,646,35.99892,35.2665,0.7324199999999976,True
42,0.05-0.10,0.05,0.1,0.07500000000000001,45,97,37.1975,37.1925,0.0049999999999954525,True
42,0.10-0.15,0.1,0.15,0.125,13,86,39.29023,38.802,0.4882300000000015,True
42,0.15-0.20,0.15,0.2,0.175,20,123,39.74864,39.5427,0.20593999999999824,True
42,0.20-0.25,0.2,0.25,0.225,52,140,40.25625,40.1351,0.12115000000000009,True
42,0.25-0.28,0.25,0.28,0.265,38,72,40.6088,40.5139,0.09490000000000265,True
42,0.28-0.32,0.28,0.32,0.30000000000000004,62,100,40.90452,40.9018,0.002719999999996503,True
42,0.32-0.35,0.32,0.35,0.33499999999999996,81,71,41.22103,41.1012,0.11983000000000033,True
42,0.35-0.40,0.35,0.4,0.375,98,66,41.43197,41.3794,0.05257000000000289,True
42,0.40-0.50,0.4,0.5,0.45,205,100,41.96487,41.8131,0.15176999999999907,True
42,0.50-0.60,0.5,0.6,0.55,232,83,42.4688,42.3205,0.148299999999999,True
42,0.60-0.70,0.6,0.7,0.6499999999999999,221,56,42.92792,42.7805,0.14741999999999678,True
42,0.70-0.80,0.7,0.8,0.75,95,47,43.31795,43.1675,0.1504500000000064,True
42,0.80-1.00,0.8,1.0,0.9,85,7,43.69555,43.5331,0.16244999999999976,True
43,0.00-0.05,0.0,0.05,0.025,106,646,36.04919,35.2665,0.7826900000000023,True
43,0.05-0.10,0.05,0.1,0.07500000000000001,45,97,37.34903,37.1925,0.1565299999999965,True
43,0.10-0.15,0.1,0.15,0.125,13,86,39.00672,38.802,0.2047200000000018,True
43,0.15-0.20,0.15,0.2,0.175,20,123,39.74864,39.5427,0.20593999999999824,True
43,0.20-0.25,0.2,0.25,0.225,52,140,40.26524,40.1351,0.13013999999999726,True
43,0.25-0.28,0.25,0.28,0.265,38,72,40.65338,40.5139,0.13947999999999894,True
43,0.28-0.32,0.28,0.32,0.30000000000000004,62,100,40.93472,40.9018,0.032919999999997174,True
43,0.32-0.35,0.32,0.35,0.33499999999999996,81,71,41.21969,41.1012,0.11849000000000132,True
43,0.35-0.40,0.35,0.4,0.375,98,66,41.43197,41.3794,0.05257000000000289,True
43,0.40-0.50,0.4,0.5,0.45,205,100,41.97567,41.8131,0.16257000000000232,True
43,0.50-0.60,0.5,0.6,0.55,232,83,42.4688,42.3205,0.148299999999999,True
43,0.60-0.70,0.6,0.7,0.6499999999999999,221,56,42.92792,42.7805,0.14741999999999678,True
43,0.70-0.80,0.7,0.8,0.75,95,47,43.32008,43.1675,0.15258000000000038,True
43,0.80-1.00,0.8,1.0,0.9,85,7,43.63286,43.5331,0.0997600000000034,True
44,0.00-0.05,0.0,0.05,0.025,106,646,36.01126,35.2665,0.7447599999999994,True
44,0.05-0.10,0.05,0.1,0.07500000000000001,45,97,37.15499,37.1925,-0.037510000000004595,True
44,0.10-0.15,0.1,0.15,0.125,13,86,38.98171,38.802,0.17971000000000004,True
44,0.15-0.20,0.15,0.2,0.175,20,123,39.74864,39.5427,0.20593999999999824,True
44,0.20-0.25,0.2,0.25,0.225,52,140,40.25625,40.1351,0.12115000000000009,True
44,0.25-0.28,0.25,0.28,0.265,38,72,40.65338,40.5139,0.13947999999999894,True
44,0.28-0.32,0.28,0.32,0.30000000000000004,62,100,40.92345,40.9018,0.021650000000001057,True
44,0.32-0.35,0.32,0.35,0.33499999999999996,81,71,41.21681,41.1012,0.11561000000000377,True
44,0.35-0.40,0.35,0.4,0.375,98,66,41.44872,41.3794,0.06932000000000471,True
44,0.40-0.50,0.4,0.5,0.45,205,100,41.96627,41.8131,0.15317000000000291,True
44,0.50-0.60,0.5,0.6,0.55,232,83,42.47726,42.3205,0.15675999999999846,True
44,0.60-0.70,0.6,0.7,0.6499999999999999,221,56,42.92792,42.7805,0.14741999999999678,True
44,0.70-0.80,0.7,0.8,0.75,95,47,43.31795,43.1675,0.1504500000000064,True
44,0.80-1.00,0.8,1.0,0.9,85,7,43.68131,43.5331,0.14821000000000595,True
45,0.00-0.05,0.0,0.05,0.025,106,646,35.95132,35.2665,0.684820000000002,True
45,0.05-0.10,0.05,0.1,0.07500000000000001,45,97,37.20911,37.1925,0.016610000000000014,True
45,0.10-0.15,0.1,0.15,0.125,13,86,39.16841,38.802,0.3664100000000019,True
45,0.15-0.20,0.15,0.2,0.175,20,123,39.78048,39.5427,0.23777999999999366,True
45,0.20-0.25,0.2,0.25,0.225,52,140,40.25572,40.1351,0.12061999999999529,True
45,0.25-0.28,0.25,0.28,0.265,38,72,40.65338,40.5139,0.13947999999999894,True
45,0.28-0.32,0.28,0.32,0.30000000000000004,62,100,40.93472,40.9018,0.032919999999997174,True
45,0.32-0.35,0.32,0.35,0.33499999999999996,81,71,41.22103,41.1012,0.11983000000000033,True
45,0.35-0.40,0.35,0.4,0.375,98,66,41.45362,41.3794,0.07422000000000395,True
45,0.40-0.50,0.4,0.5,0.45,205,100,41.96879,41.8131,0.15568999999999988,True
45,0.50-0.60,0.5,0.6,0.55,232,83,42.47726,42.3205,0.15675999999999846,True
45,0.60-0.70,0.6,0.7,0.6499999999999999,221,56,42.92854,42.7805,0.14803999999999462,True
45,0.70-0.80,0.7,0.8,0.75,95,47,43.30297,43.1675,0.1354700000000051,True
45,0.80-1.00,0.8,1.0,0.9,85,7,43.64144,43.5331,0.10834000000000543,True
46,0.00-0.05,0.0,0.05,0.025,106,646,36.01851,35.2665,0.7520099999999985,True
46,0.05-0.10,0.05,0.1,0.07500000000000001,45,97,37.20911,37.1925,0.016610000000000014,True
46,0.10-0.15,0.1,0.15,0.125,13,86,38.54264,38.802,-0.2593600000000009,True
46,0.15-0.20,0.15,0.2,0.175,20,123,39.74864,39.5427,0.20593999999999824,True
46,0.20-0.25,0.2,0.25,0.225,52,140,40.25625,40.1351,0.12115000000000009,True
46,0.25-0.28,0.25,0.28,0.265,38,72,40.65338,40.5139,0.13947999999999894,True
46,0.28-0.32,0.28,0.32,0.30000000000000004,62,100,40.93472,40.9018,0.032919999999997174,True
46,0.32-0.35,0.32,0.35,0.33499999999999996,81,71,41.20996,41.1012,0.10876000000000374,True
46,0.35-0.40,0.35,0.4,0.375,98,66,41.42685,41.3794,0.04745000000000488,True
46,0.40-0.50,0.4,0.5,0.45,205,100,41.98288,41.8131,0.16978000000000293,True
46,0.50-0.60,0.5,0.6,0.55,232,83,42.4584,42.3205,0.1378999999999948,True
46,0.60-0.70,0.6,0.7,0.6499999999999999,221,56,42.92792,42.7805,0.14741999999999678,True
46,0.70-0.80,0.7,0.8,0.75,95,47,43.30747,43.1675,0.13997000000000526,True
46,0.80-1.00,0.8,1.0,0.9,85,7,43.72414,43.5331,0.191040000000001,True
47,0.00-0.05,0.0,0.05,0.025,106,646,36.05743,35.2665,0.7909299999999959,True
47,0.05-0.10,0.05,0.1,0.07500000000000001,45,97,37.36659,37.1925,0.17408999999999963,True
47,0.10-0.15,0.1,0.15,0.125,13,86,38.54264,38.802,-0.2593600000000009,True
47,0.15-0.20,0.15,0.2,0.175,20,123,39.8153,39.5427,0.27259999999999707,True
47,0.20-0.25,0.2,0.25,0.225,52,140,40.26524,40.1351,0.13013999999999726,True
47,0.25-0.28,0.25,0.28,0.265,38,72,40.6088,40.5139,0.09490000000000265,True
47,0.28-0.32,0.28,0.32,0.30000000000000004,62,100,40.93882,40.9018,0.037019999999998277,True
47,0.32-0.35,0.32,0.35,0.33499999999999996,81,71,41.22274,41.1012,0.12154000000000309,True
47,0.35-0.40,0.35,0.4,0.375,98,66,41.45362,41.3794,0.07422000000000395,True
47,0.40-0.50,0.4,0.5,0.45,205,100,41.99425,41.8131,0.18115000000000236,True
47,0.50-0.60,0.5,0.6,0.55,232,83,42.46451,42.3205,0.14400999999999442,True
47,0.60-0.70,0.6,0.7,0.6499999999999999,221,56,42.92792,42.7805,0.14741999999999678,True
47,0.70-0.80,0.7,0.8,0.75,95,47,43.32008,43.1675,0.15258000000000038,True
47,0.80-1.00,0.8,1.0,0.9,85,7,43.66835,43.5331,0.1352499999999992,True
48,0.00-0.05,0.0,0.05,0.025,106,646,36.04309,35.2665,0.7765899999999988,True
48,0.05-0.10,0.05,0.1,0.07500000000000001,45,97,37.37352,37.1925,0.18101999999999663,True
48,0.10-0.15,0.1,0.15,0.125,13,86,38.89598,38.802,0.09398000000000195,True
48,0.15-0.20,0.15,0.2,0.175,20,123,39.74864,39.5427,0.20593999999999824,True
48,0.20-0.25,0.2,0.25,0.225,52,140,40.25625,40.1351,0.12115000000000009,True
48,0.25-0.28,0.25,0.28,0.265,38,72,40.6088,40.5139,0.09490000000000265,True
48,0.28-0.32,0.28,0.32,0.30000000000000004,62,100,40.93472,40.9018,0.032919999999997174,True
48,0.32-0.35,0.32,0.35,0.33499999999999996,81,71,41.21681,41.1012,0.11561000000000377,True
48,0.35-0.40,0.35,0.4,0.375,98,66,41.44162,41.3794,0.062220000000003495,True
48,0.40-0.50,0.4,0.5,0.45,205,100,41.96742,41.8131,0.15431999999999846,True
48,0.50-0.60,0.5,0.6,0.55,232,83,42.47573,42.3205,0.15522999999999598,True
48,0.60-0.70,0.6,0.7,0.6499999999999999,221,56,42.92792,42.7805,0.14741999999999678,True
48,0.70-0.80,0.7,0.8,0.75,95,47,43.31795,43.1675,0.1504500000000064,True
48,0.80-1.00,0.8,1.0,0.9,85,7,43.72414,43.5331,0.191040000000001,True
49,0.00-0.05,0.0,0.05,0.025,106,646,36.01068,35.2665,0.7441800000000001,True
49,0.05-0.10,0.05,0.1,0.07500000000000001,45,97,37.20488,37.1925,0.01238000000000028,True
49,0.10-0.15,0.1,0.15,0.125,13,86,39.29882,38.802,0.4968199999999996,True
49,0.15-0.20,0.15,0.2,0.175,20,123,39.74864,39.5427,0.20593999999999824,True
49,0.20-0.25,0.2,0.25,0.225,52,140,40.26232,40.1351,0.12722000000000122,True
49,0.25-0.28,0.25,0.28,0.265,38,72,40.69707,40.5139,0.18316999999999695,True
49,0.28-0.32,0.28,0.32,0.30000000000000004,62,100,40.99129,40.9018,0.08948999999999785,True
49,0.32-0.35,0.32,0.35,0.33499999999999996,81,71,41.21254,41.1012,0.11133999999999844,True
49,0.35-0.40,0.35,0.4,0.375,98,66,41.43008,41.3794,0.050679999999999836,True
49,0.40-0.50,0.4,0.5,0.45,205,100,41.98253,41.8131,0.16942999999999842,True
49,0.50-0.60,0.5,0.6,0.55,232,83,42.47192,42.3205,0.15141999999999456,True
49,0.60-0.70,0.6,0.7,0.6499999999999999,221,56,42.93665,42.7805,0.15614999999999668,True
49,0.70-0.80,0.7,0.8,0.75,95,47,43.31795,43.1675,0.1504500000000064,True
49,0.80-1.00,0.8,1.0,0.9,85,7,43.68398,43.5331,0.1508800000000008,True
50,0.00-0.05,0.0,0.05,0.025,106,646,36.01068,35.2665,0.7441800000000001,True
50,0.05-0.10,0.05,0.1,0.07500000000000001,45,97,37.20488,37.1925,0.01238000000000028,True
50,0.10-0.15,0.1,0.15,0.125,13,86,39.00672,38.802,0.2047200000000018,True
50,0.15-0.20,0.15,0.2,0.175,20,123,39.40043,39.5427,-0.14227000000000345,True
50,0.20-0.25,0.2,0.25,0.225,52,140,40.26524,40.1351,0.13013999999999726,True
50,0.25-0.28,0.25,0.28,0.265,38,72,40.6088,40.5139,0.09490000000000265,True
50,0.28-0.32,0.28,0.32,0.30000000000000004,62,100,40.93135,40.9018,0.02955000000000041,True
50,0.32-0.35,0.32,0.35,0.33499999999999996,81,71,41.21969,41.1012,0.11849000000000132,True
50,0.35-0.40,0.35,0.4,0.375,98,66,41.46815,41.3794,0.08875000000000455,True
50,0.40-0.50,0.4,0.5,0.45,205,100,41.96072,41.8131,0.14762000000000342,True
50,0.50-0.60,0.5,0.6,0.55,232,83,42.4499,42.3205,0.12939999999999685,True
50,0.60-0.70,0.6,0.7,0.6499999999999999,221,56,42.92792,42.7805,0.14741999999999678,True
50,0.70-0.80,0.7,0.8,0.75,95,47,43.30862,43.1675,0.1411200000000008,True
50,0.80-1.00,0.8,1.0,0.9,85,7,43.72467,43.5331,0.1915700000000058,True
51,0.00-0.05,0.0,0.05,0.025,106,646,36.02516,35.2665,0.758659999999999,True
51,0.05-0.10,0.05,0.1,0.07500000000000001,45,97,37.34903,37.1925,0.1565299999999965,True
51,0.10-0.15,0.1,0.15,0.125,13,86,38.87889,38.802,0.07688999999999879,True
51,0.15-0.20,0.15,0.2,0.175,20,123,39.69446,39.5427,0.1517599999999959,True
51,0.20-0.25,0.2,0.25,0.225,52,140,40.25572,40.1351,0.12061999999999529,True
51,0.25-0.28,0.25,0.28,0.265,38,72,40.6088,40.5139,0.09490000000000265,True
51,0.28-0.32,0.28,0.32,0.30000000000000004,62,100,40.93472,40.9018,0.032919999999997174,True
51,0.32-0.35,0.32,0.35,0.33499999999999996,81,71,41.22103,41.1012,0.11983000000000033,True
51,0.35-0.40,0.35,0.4,0.375,98,66,41.43197,41.3794,0.05257000000000289,True
51,0.40-0.50,0.4,0.5,0.45,205,100,41.96821,41.8131,0.15511000000000053,True
51,0.50-0.60,0.5,0.6,0.55,232,83,42.4688,42.3205,0.148299999999999,True
51,0.60-0.70,0.6,0.7,0.6499999999999999,221,56,42.93007,42.7805,0.1495699999999971,True
51,0.70-0.80,0.7,0.8,0.75,95,47,43.30862,43.1675,0.1411200000000008,True
51,0.80-1.00,0.8,1.0,0.9,85,7,43.68398,43.5331,0.1508800000000008,True
52,0.00-0.05,0.0,0.05,0.025,106,646,36.00728,35.2665,0.7407800000000009,True
52,0.05-0.10,0.05,0.1,0.07500000000000001,45,97,37.36244,37.1925,0.16993999999999687,True
52,0.10-0.15,0.1,0.15,0.125,13,86,38.98171,38.802,0.17971000000000004,True
52,0.15-0.20,0.15,0.2,0.175,20,123,39.74864,39.5427,0.20593999999999824,True
52,0.20-0.25,0.2,0.25,0.225,52,140,40.26524,40.1351,0.13013999999999726,True
52,0.25-0.28,0.25,0.28,0.265,38,72,40.65338,40.5139,0.13947999999999894,True
52,0.28-0.32,0.28,0.32,0.30000000000000004,62,100,40.95914,40.9018,0.057339999999996394,True
52,0.32-0.35,0.32,0.35,0.33499999999999996,81,71,41.21254,41.1012,0.11133999999999844,True
52,0.35-0.40,0.35,0.4,0.375,98,66,41.45362,41.3794,0.07422000000000395,True
52,0.40-0.50,0.4,0.5,0.45,205,100,41.97567,41.8131,0.16257000000000232,True
52,0.50-0.60,0.5,0.6,0.55,232,83,42.45886,42.3205,0.1383599999999987,True
52,0.60-0.70,0.6,0.7,0.6499999999999999,221,56,42.93368,42.7805,0.15317999999999898,True
52,0.70-0.80,0.7,0.8,0.75,95,47,43.31795,43.1675,0.1504500000000064,True
52,0.80-1.00,0.8,1.0,0.9,85,7,43.66835,43.5331,0.1352499999999992,True
53,0.00-0.05,0.0,0.05,0.025,106,646,35.95132,35.2665,0.684820000000002,True
53,0.05-0.10,0.05,0.1,0.07500000000000001,45,97,37.34903,37.1925,0.1565299999999965,True
53,0.10-0.15,0.1,0.15,0.125,13,86,38.89598,38.802,0.09398000000000195,True
53,0.15-0.20,0.15,0.2,0.175,20,123,39.59667,39.5427,0.05396999999999963,True
53,0.20-0.25,0.2,0.25,0.225,52,140,40.25625,40.1351,0.12115000000000009,True
53,0.25-0.28,0.25,0.28,0.265,38,72,40.6058,40.5139,0.09190000000000254,True
53,0.28-0.32,0.28,0.32,0.30000000000000004,62,100,40.91041,40.9018,0.008609999999997342,True
53,0.32-0.35,0.32,0.35,0.33499999999999996,81,71,41.21681,41.1012,0.11561000000000377,True
53,0.35-0.40,0.35,0.4,0.375,98,66,41.46707,41.3794,0.0876700000000028,True
53,0.40-0.50,0.4,0.5,0.45,205,100,41.96487,41.8131,0.15176999999999907,True
53,0.50-0.60,0.5,0.6,0.55,232,83,42.4688,42.3205,0.148299999999999,True
53,0.60-0.70,0.6,0.7,0.6499999999999999,221,56,42.92828,42.7805,0.14777999999999736,True
53,0.70-0.80,0.7,0.8,0.75,95,47,43.32792,43.1675,0.160420000000002,True
53,0.80-1.00,0.8,1.0,0.9,85,7,43.66835,43.5331,0.1352499999999992,True
54,0.00-0.05,0.0,0.05,0.025,106,646,36.01851,35.2665,0.7520099999999985,True
54,0.05-0.10,0.05,0.1,0.07500000000000001,45,97,37.37352,37.1925,0.18101999999999663,True
54,0.10-0.15,0.1,0.15,0.125,13,86,39.16841,38.802,0.3664100000000019,True
54,0.15-0.20,0.15,0.2,0.175,20,123,39.74864,39.5427,0.20593999999999824,True
54,0.20-0.25,0.2,0.25,0.225,52,140,40.25572,40.1351,0.12061999999999529,True
54,0.25-0.28,0.25,0.28,0.265,38,72,40.6088,40.5139,0.09490000000000265,True
54,0.28-0.32,0.28,0.32,0.30000000000000004,62,100,40.93472,40.9018,0.032919999999997174,True
54,0.32-0.35,0.32,0.35,0.33499999999999996,81,71,41.22336,41.1012,0.12216000000000093,True
54,0.35-0.40,0.35,0.4,0.375,98,66,41.45362,41.3794,0.07422000000000395,True
54,0.40-0.50,0.4,0.5,0.45,205,100,41.96413,41.8131,0.15102999999999867,True
54,0.50-0.60,0.5,0.6,0.55,232,83,42.47441,42.3205,0.15390999999999622,True
54,0.60-0.70,0.6,0.7,0.6499999999999999,221,56,42.92792,42.7805,0.14741999999999678,True
54,0.70-0.80,0.7,0.8,0.75,95,47,43.32008,43.1675,0.15258000000000038,True
54,0.80-1.00,0.8,1.0,0.9,85,7,43.72233,43.5331,0.189230000000002,True
55,0.00-0.05,0.0,0.05,0.025,106,646,35.94327,35.2665,0.6767699999999977,True
55,0.05-0.10,0.05,0.1,0.07500000000000001,45,97,37.36244,37.1925,0.16993999999999687,True
55,0.10-0.15,0.1,0.15,0.125,13,86,38.89598,38.802,0.09398000000000195,True
55,0.15-0.20,0.15,0.2,0.175,20,123,39.74864,39.5427,0.20593999999999824,True
55,0.20-0.25,0.2,0.25,0.225,52,140,40.25572,40.1351,0.12061999999999529,True
55,0.25-0.28,0.25,0.28,0.265,38,72,40.65338,40.5139,0.13947999999999894,True
55,0.28-0.32,0.28,0.32,0.30000000000000004,62,100,40.93472,40.9018,0.032919999999997174,True
55,0.32-0.35,0.32,0.35,0.33499999999999996,81,71,41.21254,41.1012,0.11133999999999844,True
55,0.35-0.40,0.35,0.4,0.375,98,66,41.44872,41.3794,0.06932000000000471,True
55,0.40-0.50,0.4,0.5,0.45,205,100,41.98253,41.8131,0.16942999999999842,True
55,0.50-0.60,0.5,0.6,0.55,232,83,42.47573,42.3205,0.15522999999999598,True
55,0.60-0.70,0.6,0.7,0.6499999999999999,221,56,42.92792,42.7805,0.14741999999999678,True
55,0.70-0.80,0.7,0.8,0.75,95,47,43.32008,43.1675,0.15258000000000038,True
55,0.80-1.00,0.8,1.0,0.9,85,7,43.64768,43.5331,0.11458000000000368,True
56,0.00-0.05,0.0,0.05,0.025,106,646,36.01851,35.2665,0.7520099999999985,True
56,0.05-0.10,0.05,0.1,0.07500000000000001,45,97,37.2229,37.1925,0.030400000000000205,True
56,0.10-0.15,0.1,0.15,0.125,13,86,39.29023,38.802,0.4882300000000015,True
56,0.15-0.20,0.15,0.2,0.175,20,123,39.74864,39.5427,0.20593999999999824,True
56,0.20-0.25,0.2,0.25,0.225,52,140,40.25625,40.1351,0.12115000000000009,True
56,0.25-0.28,0.25,0.28,0.265,38,72,40.65338,40.5139,0.13947999999999894,True
56,0.28-0.32,0.28,0.32,0.30000000000000004,62,100,40.93135,40.9018,0.02955000000000041,True
56,0.32-0.35,0.32,0.35,0.33499999999999996,81,71,41.20914,41.1012,0.10793999999999926,True
56,0.35-0.40,0.35,0.4,0.375,98,66,41.44872,41.3794,0.06932000000000471,True
56,0.40-0.50,0.4,0.5,0.45,205,100,41.98253,41.8131,0.16942999999999842,True
56,0.50-0.60,0.5,0.6,0.55,232,83,42.4688,42.3205,0.148299999999999,True
56,0.60-0.70,0.6,0.7,0.6499999999999999,221,56,42.92792,42.7805,0.14741999999999678,True
56,0.70-0.80,0.7,0.8,0.75,95,47,43.32792,43.1675,0.160420000000002,True
56,0.80-1.00,0.8,1.0,0.9,85,7,43.68131,43.5331,0.14821000000000595,True
57,0.00-0.05,0.0,0.05,0.025,106,646,36.04919,35.2665,0.7826900000000023,True
57,0.05-0.10,0.05,0.1,0.07500000000000001,45,97,37.2229,37.1925,0.030400000000000205,True
57,0.10-0.15,0.1,0.15,0.125,13,86,39.16841,38.802,0.3664100000000019,True
57,0.15-0.20,0.15,0.2,0.175,20,123,39.78048,39.5427,0.23777999999999366,True
57,0.20-0.25,0.2,0.25,0.225,52,140,40.24418,40.1351,0.10907999999999873,True
57,0.25-0.28,0.25,0.28,0.265,38,72,40.65338,40.5139,0.13947999999999894,True
57,0.28-0.32,0.28,0.32,0.30000000000000004,62,100,40.93472,40.9018,0.032919999999997174,True
57,0.32-0.35,0.32,0.35,0.33499999999999996,81,71,41.21254,41.1012,0.11133999999999844,True
57,0.35-0.40,0.35,0.4,0.375,98,66,41.45362,41.3794,0.07422000000000395,True
57,0.40-0.50,0.4,0.5,0.45,205,100,41.98488,41.8131,0.17177999999999827,True
57,0.50-0.60,0.5,0.6,0.55,232,83,42.4688,42.3205,0.148299999999999,True
57,0.60-0.70,0.6,0.7,0.6499999999999999,221,56,42.92792,42.7805,0.14741999999999678,True
57,0.70-0.80,0.7,0.8,0.75,95,47,43.32792,43.1675,0.160420000000002,True
57,0.80-1.00,0.8,1.0,0.9,85,7,43.68131,43.5331,0.14821000000000595,True
58,0.00-0.05,0.0,0.05,0.025,106,646,35.99892,35.2665,0.7324199999999976,True
58,0.05-0.10,0.05,0.1,0.07500000000000001,45,97,37.36244,37.1925,0.16993999999999687,True
58,0.10-0.15,0.1,0.15,0.125,13,86,38.89598,38.802,0.09398000000000195,True
58,0.15-0.20,0.15,0.2,0.175,20,123,39.74864,39.5427,0.20593999999999824,True
58,0.20-0.25,0.2,0.25,0.225,52,140,40.25572,40.1351,0.12061999999999529,True
58,0.25-0.28,0.25,0.28,0.265,38,72,40.66311,40.5139,0.14921000000000362,True
58,0.28-0.32,0.28,0.32,0.30000000000000004,62,100,40.93472,40.9018,0.032919999999997174,True
58,0.32-0.35,0.32,0.35,0.33499999999999996,81,71,41.20249,41.1012,0.10128999999999877,True
58,0.35-0.40,0.35,0.4,0.375,98,66,41.46099,41.3794,0.0815900000000056,True
58,0.40-0.50,0.4,0.5,0.45,205,100,41.96821,41.8131,0.15511000000000053,True
58,0.50-0.60,0.5,0.6,0.55,232,83,42.47573,42.3205,0.15522999999999598,True
58,0.60-0.70,0.6,0.7,0.6499999999999999,221,56,42.92792,42.7805,0.14741999999999678,True
58,0.70-0.80,0.7,0.8,0.75,95,47,43.32008,43.1675,0.15258000000000038,True
58,0.80-1.00,0.8,1.0,0.9,85,7,43.68131,43.5331,0.14821000000000595,True
59,0.00-0.05,0.0,0.05,0.025,106,646,36.00728,35.2665,0.7407800000000009,True
59,0.05-0.10,0.05,0.1,0.07500000000000001,45,97,37.1975,37.1925,0.0049999999999954525,True
59,0.10-0.15,0.1,0.15,0.125,13,86,38.87889,38.802,0.07688999999999879,True
59,0.15-0.20,0.15,0.2,0.175,20,123,39.69446,39.5427,0.1517599999999959,True
59,0.20-0.25,0.2,0.25,0.225,52,140,40.25572,40.1351,0.12061999999999529,True
59,0.25-0.28,0.25,0.28,0.265,38,72,40.65338,40.5139,0.13947999999999894,True
59,0.28-0.32,0.28,0.32,0.30000000000000004,62,100,40.95914,40.9018,0.057339999999996394,True
59,0.32-0.35,0.32,0.35,0.33499999999999996,81,71,41.21969,41.1012,0.11849000000000132,True
59,0.35-0.40,0.35,0.4,0.375,98,66,41.46099,41.3794,0.0815900000000056,True
59,0.40-0.50,0.4,0.5,0.45,205,100,41.98488,41.8131,0.17177999999999827,True
59,0.50-0.60,0.5,0.6,0.55,232,83,42.44977,42.3205,0.12926999999999822,True
59,0.60-0.70,0.6,0.7,0.6499999999999999,221,56,42.92792,42.7805,0.14741999999999678,True
59,0.70-0.80,0.7,0.8,0.75,95,47,43.31795,43.1675,0.1504500000000064,True
59,0.80-1.00,0.8,1.0,0.9,85,7,43.72414,43.5331,0.191040000000001,True
60,0.00-0.05,0.0,0.05,0.025,106,646,35.9573,35.2665,0.6907999999999959,True
60,0.05-0.10,0.05,0.1,0.07500000000000001,45,97,37.34903,37.1925,0.1565299999999965,True
60,0.10-0.15,0.1,0.15,0.125,13,86,38.98171,38.802,0.17971000000000004,True
60,0.15-0.20,0.15,0.2,0.175,20,123,39.74864,39.5427,0.20593999999999824,True
60,0.20-0.25,0.2,0.25,0.225,52,140,40.26524,40.1351,0.13013999999999726,True
60,0.25-0.28,0.25,0.28,0.265,38,72,40.66582,40.5139,0.15191999999999695,True
60,0.28-0.32,0.28,0.32,0.30000000000000004,62,100,40.93882,40.9018,0.037019999999998277,True
60,0.32-0.35,0.32,0.35,0.33499999999999996,81,71,41.21254,41.1012,0.11133999999999844,True
60,0.35-0.40,0.35,0.4,0.375,98,66,41.43197,41.3794,0.05257000000000289,True
60,0.40-0.50,0.4,0.5,0.45,205,100,41.96879,41.8131,0.15568999999999988,True
60,0.50-0.60,0.5,0.6,0.55,232,83,42.45886,42.3205,0.1383599999999987,True
60,0.60-0.70,0.6,0.7,0.6499999999999999,221,56,42.93407,42.7805,0.15356999999999488,True
60,0.70-0.80,0.7,0.8,0.75,95,47,43.32008,43.1675,0.15258000000000038,True
60,0.80-1.00,0.8,1.0,0.9,85,7,43.72233,43.5331,0.189230000000002,True
61,0.00-0.05,0.0,0.05,0.025,106,646,35.9573,35.2665,0.6907999999999959,True
61,0.05-0.10,0.05,0.1,0.07500000000000001,45,97,37.34903,37.1925,0.1565299999999965,True
61,0.10-0.15,0.1,0.15,0.125,13,86,39.29023,38.802,0.4882300000000015,True
61,0.15-0.20,0.15,0.2,0.175,20,123,39.78048,39.5427,0.23777999999999366,True
61,0.20-0.25,0.2,0.25,0.225,52,140,40.24418,40.1351,0.10907999999999873,True
61,0.25-0.28,0.25,0.28,0.265,38,72,40.66311,40.5139,0.14921000000000362,True
61,0.28-0.32,0.28,0.32,0.30000000000000004,62,100,40.93935,40.9018,0.037549999999995975,True
61,0.32-0.35,0.32,0.35,0.33499999999999996,81,71,41.23123,41.1012,0.13002999999999787,True
61,0.35-0.40,0.35,0.4,0.375,98,66,41.43197,41.3794,0.05257000000000289,True
61,0.40-0.50,0.4,0.5,0.45,205,100,41.98525,41.8131,0.17215000000000202,True
61,0.50-0.60,0.5,0.6,0.55,232,83,42.45886,42.3205,0.1383599999999987,True
61,0.60-0.70,0.6,0.7,0.6499999999999999,221,56,42.92792,42.7805,0.14741999999999678,True
61,0.70-0.80,0.7,0.8,0.75,95,47,43.30392,43.1675,0.1364200000000011,True
61,0.80-1.00,0.8,1.0,0.9,85,7,43.72233,43.5331,0.189230000000002,True
62,0.00-0.05,0.0,0.05,0.025,106,646,36.02516,35.2665,0.758659999999999,True
62,0.05-0.10,0.05,0.1,0.07500000000000001,45,97,37.36659,37.1925,0.17408999999999963,True
62,0.10-0.15,0.1,0.15,0.125,13,86,39.16841,38.802,0.3664100000000019,True
62,0.15-0.20,0.15,0.2,0.175,20,123,39.78048,39.5427,0.23777999999999366,True
62,0.20-0.25,0.2,0.25,0.225,52,140,40.25572,40.1351,0.12061999999999529,True
62,0.25-0.28,0.25,0.28,0.265,38,72,40.69293,40.5139,0.17902999999999736,True
62,0.28-0.32,0.28,0.32,0.30000000000000004,62,100,40.93472,40.9018,0.032919999999997174,True
62,0.32-0.35,0.32,0.35,0.33499999999999996,81,71,41.22336,41.1012,0.12216000000000093,True
62,0.35-0.40,0.35,0.4,0.375,98,66,41.45362,41.3794,0.07422000000000395,True
62,0.40-0.50,0.4,0.5,0.45,205,100,41.99253,41.8131,0.17943000000000353,True
62,0.50-0.60,0.5,0.6,0.55,232,83,42.47192,42.3205,0.15141999999999456,True
62,0.60-0.70,0.6,0.7,0.6499999999999999,221,56,42.92792,42.7805,0.14741999999999678,True
62,0.70-0.80,0.7,0.8,0.75,95,47,43.32008,43.1675,0.15258000000000038,True
62,0.80-1.00,0.8,1.0,0.9,85,7,43.66835,43.5331,0.1352499999999992,True
63,0.00-0.05,0.0,0.05,0.025,106,646,36.02516,35.2665,0.758659999999999,True
63,0.05-0.10,0.05,0.1,0.07500000000000001,45,97,37.20911,37.1925,0.016610000000000014,True
63,0.10-0.15,0.1,0.15,0.125,13,86,38.98171,38.802,0.17971000000000004,True
63,0.15-0.20,0.15,0.2,0.175,20,123,39.74864,39.5427,0.20593999999999824,True
63,0.20-0.25,0.2,0.25,0.225,52,140,40.26524,40.1351,0.13013999999999726,True
63,0.25-0.28,0.25,0.28,0.265,38,72,40.69707,40.5139,0.18316999999999695,True
63,0.28-0.32,0.28,0.32,0.30000000000000004,62,100,40.93181,40.9018,0.030009999999997206,True
63,0.32-0.35,0.32,0.35,0.33499999999999996,81,71,41.22103,41.1012,0.11983000000000033,True
63,0.35-0.40,0.35,0.4,0.375,98,66,41.44162,41.3794,0.062220000000003495,True
63,0.40-0.50,0.4,0.5,0.45,205,100,41.99291,41.8131,0.17981000000000336,True
63,0.50-0.60,0.5,0.6,0.55,232,83,42.45886,42.3205,0.1383599999999987,True
63,0.60-0.70,0.6,0.7,0.6499999999999999,221,56,42.92792,42.7805,0.14741999999999678,True
63,0.70-0.80,0.7,0.8,0.75,95,47,43.31795,43.1675,0.1504500000000064,True
63,0.80-1.00,0.8,1.0,0.9,85,7,43.66049,43.5331,0.12739000000000544,True
64,0.00-0.05,0.0,0.05,0.025,106,646,36.01851,35.2665,0.7520099999999985,True
64,0.05-0.10,0.05,0.1,0.07500000000000001,45,97,37.36253,37.1925,0.17002999999999702,True
64,0.10-0.15,0.1,0.15,0.125,13,86,38.89598,38.802,0.09398000000000195,True
64,0.15-0.20,0.15,0.2,0.175,20,123,39.78048,39.5427,0.23777999999999366,True
64,0.20-0.25,0.2,0.25,0.225,52,140,40.25572,40.1351,0.12061999999999529,True
64,0.25-0.28,0.25,0.28,0.265,38,72,40.66311,40.5139,0.14921000000000362,True
64,0.28-0.32,0.28,0.32,0.30000000000000004,62,100,40.89235,40.9018,-0.009450000000001069,True
64,0.32-0.35,0.32,0.35,0.33499999999999996,81,71,41.22274,41.1012,0.12154000000000309,True
64,0.35-0.40,0.35,0.4,0.375,98,66,41.46099,41.3794,0.0815900000000056,True
64,0.40-0.50,0.4,0.5,0.45,205,100,42.00385,41.8131,0.1907500000000013,True
64,0.50-0.60,0.5,0.6,0.55,232,83,42.45886,42.3205,0.1383599999999987,True
64,0.60-0.70,0.6,0.7,0.6499999999999999,221,56,42.92792,42.7805,0.14741999999999678,True
64,0.70-0.80,0.7,0.8,0.75,95,47,43.32008,43.1675,0.15258000000000038,True
64,0.80-1.00,0.8,1.0,0.9,85,7,43.68398,43.5331,0.1508800000000008,True
65,0.00-0.05,0.0,0.05,0.025,106,646,36.01126,35.2665,0.7447599999999994,True
65,0.05-0.10,0.05,0.1,0.07500000000000001,45,97,37.1975,37.1925,0.0049999999999954525,True
65,0.10-0.15,0.1,0.15,0.125,13,86,38.87889,38.802,0.07688999999999879,True
65,0.15-0.20,0.15,0.2,0.175,20,123,39.74864,39.5427,0.20593999999999824,True
65,0.20-0.25,0.2,0.25,0.225,52,140,40.25572,40.1351,0.12061999999999529,True
65,0.25-0.28,0.25,0.28,0.265,38,72,40.65338,40.5139,0.13947999999999894,True
65,0.28-0.32,0.28,0.32,0.30000000000000004,62,100,40.93882,40.9018,0.037019999999998277,True
65,0.32-0.35,0.32,0.35,0.33499999999999996,81,71,41.22103,41.1012,0.11983000000000033,True
65,0.35-0.40,0.35,0.4,0.375,98,66,41.45362,41.3794,0.07422000000000395,True
65,0.40-0.50,0.4,0.5,0.45,205,100,41.97567,41.8131,0.16257000000000232,True
65,0.50-0.60,0.5,0.6,0.55,232,83,42.47726,42.3205,0.15675999999999846,True
65,0.60-0.70,0.6,0.7,0.6499999999999999,221,56,42.92792,42.7805,0.14741999999999678,True
65,0.70-0.80,0.7,0.8,0.75,95,47,43.32792,43.1675,0.160420000000002,True
65,0.80-1.00,0.8,1.0,0.9,85,7,43.69555,43.5331,0.16244999999999976,True
66,0.00-0.05,0.0,0.05,0.025,106,646,36.01068,35.2665,0.7441800000000001,True
66,0.05-0.10,0.05,0.1,0.07500000000000001,45,97,37.36253,37.1925,0.17002999999999702,True
66,0.10-0.15,0.1,0.15,0.125,13,86,39.16841,38.802,0.3664100000000019,True
66,0.15-0.20,0.15,0.2,0.175,20,123,39.74864,39.5427,0.20593999999999824,True
66,0.20-0.25,0.2,0.25,0.225,52,140,40.24418,40.1351,0.10907999999999873,True
66,0.25-0.28,0.25,0.28,0.265,38,72,40.65338,40.5139,0.13947999999999894,True
66,0.28-0.32,0.28,0.32,0.30000000000000004,62,100,40.90452,40.9018,0.002719999999996503,True
66,0.32-0.35,0.32,0.35,0.33499999999999996,81,71,41.21969,41.1012,0.11849000000000132,True
66,0.35-0.40,0.35,0.4,0.375,98,66,41.45362,41.3794,0.07422000000000395,True
66,0.40-0.50,0.4,0.5,0.45,205,100,41.98525,41.8131,0.17215000000000202,True
66,0.50-0.60,0.5,0.6,0.55,232,83,42.47441,42.3205,0.15390999999999622,True
66,0.60-0.70,0.6,0.7,0.6499999999999999,221,56,42.93007,42.7805,0.1495699999999971,True
66,0.70-0.80,0.7,0.8,0.75,95,47,43.32008,43.1675,0.15258000000000038,True
66,0.80-1.00,0.8,1.0,0.9,85,7,43.6954,43.5331,0.1623000000000019,True
67,0.00-0.05,0.0,0.05,0.025,106,646,36.02516,35.2665,0.758659999999999,True
67,0.05-0.10,0.05,0.1,0.07500000000000001,45,97,37.20488,37.1925,0.01238000000000028,True
67,0.10-0.15,0.1,0.15,0.125,13,86,38.54264,38.802,-0.2593600000000009,True
67,0.15-0.20,0.15,0.2,0.175,20,123,39.74864,39.5427,0.20593999999999824,True
67,0.20-0.25,0.2,0.25,0.225,52,140,40.26524,40.1351,0.13013999999999726,True
67,0.25-0.28,0.25,0.28,0.265,38,72,40.6088,40.5139,0.09490000000000265,True
67,0.28-0.32,0.28,0.32,0.30000000000000004,62,100,40.93472,40.9018,0.032919999999997174,True
67,0.32-0.35,0.32,0.35,0.33499999999999996,81,71,41.21254,41.1012,0.11133999999999844,True
67,0.35-0.40,0.35,0.4,0.375,98,66,41.47658,41.3794,0.0971800000000016,True
67,0.40-0.50,0.4,0.5,0.45,205,100,41.96879,41.8131,0.15568999999999988,True
67,0.50-0.60,0.5,0.6,0.55,232,83,42.4688,42.3205,0.148299999999999,True
67,0.60-0.70,0.6,0.7,0.6499999999999999,221,56,42.92792,42.7805,0.14741999999999678,True
67,0.70-0.80,0.7,0.8,0.75,95,47,43.30747,43.1675,0.13997000000000526,True
67,0.80-1.00,0.8,1.0,0.9,85,7,43.6954,43.5331,0.1623000000000019,True
68,0.00-0.05,0.0,0.05,0.025,106,646,35.9573,35.2665,0.6907999999999959,True
68,0.05-0.10,0.05,0.1,0.07500000000000001,45,97,37.20911,37.1925,0.016610000000000014,True
68,0.10-0.15,0.1,0.15,0.125,13,86,38.54264,38.802,-0.2593600000000009,True
68,0.15-0.20,0.15,0.2,0.175,20,123,39.78048,39.5427,0.23777999999999366,True
68,0.20-0.25,0.2,0.25,0.225,52,140,40.26232,40.1351,0.12722000000000122,True
68,0.25-0.28,0.25,0.28,0.265,38,72,40.6088,40.5139,0.09490000000000265,True
68,0.28-0.32,0.28,0.32,0.30000000000000004,62,100,40.89235,40.9018,-0.009450000000001069,True
68,0.32-0.35,0.32,0.35,0.33499999999999996,81,71,41.23123,41.1012,0.13002999999999787,True
68,0.35-0.40,0.35,0.4,0.375,98,66,41.46099,41.3794,0.0815900000000056,True
68,0.40-0.50,0.4,0.5,0.45,205,100,41.96742,41.8131,0.15431999999999846,True
68,0.50-0.60,0.5,0.6,0.55,232,83,42.47441,42.3205,0.15390999999999622,True
68,0.60-0.70,0.6,0.7,0.6499999999999999,221,56,42.92792,42.7805,0.14741999999999678,True
68,0.70-0.80,0.7,0.8,0.75,95,47,43.32792,43.1675,0.160420000000002,True
68,0.80-1.00,0.8,1.0,0.9,85,7,43.66049,43.5331,0.12739000000000544,True
69,0.00-0.05,0.0,0.05,0.025,106,646,36.01851,35.2665,0.7520099999999985,True
69,0.05-0.10,0.05,0.1,0.07500000000000001,45,97,37.2229,37.1925,0.030400000000000205,True
69,0.10-0.15,0.1,0.15,0.125,13,86,39.16841,38.802,0.3664100000000019,True
69,0.15-0.20,0.15,0.2,0.175,20,123,39.8153,39.5427,0.27259999999999707,True
69,0.20-0.25,0.2,0.25,0.225,52,140,40.26777,40.1351,0.1326699999999974,True
69,0.25-0.28,0.25,0.28,0.265,38,72,40.66634,40.5139,0.15243999999999858,True
69,0.28-0.32,0.28,0.32,0.30000000000000004,62,100,40.93882,40.9018,0.037019999999998277,True
69,0.32-0.35,0.32,0.35,0.33499999999999996,81,71,41.21254,41.1012,0.11133999999999844,True
69,0.35-0.40,0.35,0.4,0.375,98,66,41.45362,41.3794,0.07422000000000395,True
69,0.40-0.50,0.4,0.5,0.45,205,100,41.96879,41.8131,0.15568999999999988,True
69,0.50-0.60,0.5,0.6,0.55,232,83,42.47192,42.3205,0.15141999999999456,True
69,0.60-0.70,0.6,0.7,0.6499999999999999,221,56,42.92792,42.7805,0.14741999999999678,True
69,0.70-0.80,0.7,0.8,0.75,95,47,43.30747,43.1675,0.13997000000000526,True
69,0.80-1.00,0.8,1.0,0.9,85,7,43.68131,43.5331,0.14821000000000595,True
70,0.00-0.05,0.0,0.05,0.025,106,646,36.01851,35.2665,0.7520099999999985,True
70,0.05-0.10,0.05,0.1,0.07500000000000001,45,97,37.36659,37.1925,0.17408999999999963,True
70,0.10-0.15,0.1,0.15,0.125,13,86,39.16841,38.802,0.3664100000000019,True
70,0.15-0.20,0.15,0.2,0.175,20,123,39.40043,39.5427,-0.14227000000000345,True
70,0.20-0.25,0.2,0.25,0.225,52,140,40.25625,40.1351,0.12115000000000009,True
70,0.25-0.28,0.25,0.28,0.265,38,72,40.6058,40.5139,0.09190000000000254,True
70,0.28-0.32,0.28,0.32,0.30000000000000004,62,100,40.93472,40.9018,0.032919999999997174,True
70,0.32-0.35,0.32,0.35,0.33499999999999996,81,71,41.21254,41.1012,0.11133999999999844,True
70,0.35-0.40,0.35,0.4,0.375,98,66,41.45362,41.3794,0.07422000000000395,True
70,0.40-0.50,0.4,0.5,0.45,205,100,41.96879,41.8131,0.15568999999999988,True
70,0.50-0.60,0.5,0.6,0.55,232,83,42.47023,42.3205,0.14972999999999814,True
70,0.60-0.70,0.6,0.7,0.6499999999999999,221,56,42.92792,42.7805,0.14741999999999678,True
70,0.70-0.80,0.7,0.8,0.75,95,47,43.30862,43.1675,0.1411200000000008,True
70,0.80-1.00,0.8,1.0,0.9,85,7,43.72233,43.5331,0.189230000000002,True
71,0.00-0.05,0.0,0.05,0.025,106,646,35.9573,35.2665,0.6907999999999959,True
71,0.05-0.10,0.05,0.1,0.07500000000000001,45,97,37.20911,37.1925,0.016610000000000014,True
71,0.10-0.15,0.1,0.15,0.125,13,86,39.16841,38.802,0.3664100000000019,True
71,0.15-0.20,0.15,0.2,0.175,20,123,39.74864,39.5427,0.20593999999999824,True
71,0.20-0.25,0.2,0.25,0.225,52,140,40.25625,40.1351,0.12115000000000009,True
71,0.25-0.28,0.25,0.28,0.265,38,72,40.6088,40.5139,0.09490000000000265,True
71,0.28-0.32,0.28,0.32,0.30000000000000004,62,100,40.89235,40.9018,-0.009450000000001069,True
71,0.32-0.35,0.32,0.35,0.33499999999999996,81,71,41.21969,41.1012,0.11849000000000132,True
71,0.35-0.40,0.35,0.4,0.375,98,66,41.44872,41.3794,0.06932000000000471,True
71,0.40-0.50,0.4,0.5,0.45,205,100,41.96627,41.8131,0.15317000000000291,True
71,0.50-0.60,0.5,0.6,0.55,232,83,42.45886,42.3205,0.1383599999999987,True
71,0.60-0.70,0.6,0.7,0.6499999999999999,221,56,42.93007,42.7805,0.1495699999999971,True
71,0.70-0.80,0.7,0.8,0.75,95,47,43.33284,43.1675,0.1653400000000005,True
71,0.80-1.00,0.8,1.0,0.9,85,7,43.6187,43.5331,0.08559999999999945,True
72,0.00-0.05,0.0,0.05,0.025,106,646,35.9573,35.2665,0.6907999999999959,True
72,0.05-0.10,0.05,0.1,0.07500000000000001,45,97,37.20911,37.1925,0.016610000000000014,True
72,0.10-0.15,0.1,0.15,0.125,13,86,38.89598,38.802,0.09398000000000195,True
72,0.15-0.20,0.15,0.2,0.175,20,123,39.74864,39.5427,0.20593999999999824,True
72,0.20-0.25,0.2,0.25,0.225,52,140,40.25625,40.1351,0.12115000000000009,True
72,0.25-0.28,0.25,0.28,0.265,38,72,40.66634,40.5139,0.15243999999999858,True
72,0.28-0.32,0.28,0.32,0.30000000000000004,62,100,40.89713,40.9018,-0.004670000000004393,True
72,0.32-0.35,0.32,0.35,0.33499999999999996,81,71,41.23123,41.1012,0.13002999999999787,True
72,0.35-0.40,0.35,0.4,0.375,98,66,41.45703,41.3794,0.0776300000000063,True
72,0.40-0.50,0.4,0.5,0.45,205,100,41.96879,41.8131,0.15568999999999988,True
72,0.50-0.60,0.5,0.6,0.55,232,83,42.47574,42.3205,0.15523999999999916,True
72,0.60-0.70,0.6,0.7,0.6499999999999999,221,56,42.93625,42.7805,0.1557499999999976,True
72,0.70-0.80,0.7,0.8,0.75,95,47,43.32792,43.1675,0.160420000000002,True
72,0.80-1.00,0.8,1.0,0.9,85,7,43.72233,43.5331,0.189230000000002,True
73,0.00-0.05,0.0,0.05,0.025,106,646,36.01068,35.2665,0.7441800000000001,True
73,0.05-0.10,0.05,0.1,0.07500000000000001,45,97,37.34903,37.1925,0.1565299999999965,True
73,0.10-0.15,0.1,0.15,0.125,13,86,38.87889,38.802,0.07688999999999879,True
73,0.15-0.20,0.15,0.2,0.175,20,123,39.59667,39.5427,0.05396999999999963,True
73,0.20-0.25,0.2,0.25,0.225,52,140,40.25625,40.1351,0.12115000000000009,True
73,0.25-0.28,0.25,0.28,0.265,38,72,40.65338,40.5139,0.13947999999999894,True
73,0.28-0.32,0.28,0.32,0.30000000000000004,62,100,40.93181,40.9018,0.030009999999997206,True
73,0.32-0.35,0.32,0.35,0.33499999999999996,81,71,41.21681,41.1012,0.11561000000000377,True
73,0.35-0.40,0.35,0.4,0.375,98,66,41.46707,41.3794,0.0876700000000028,True
73,0.40-0.50,0.4,0.5,0.45,205,100,41.96627,41.8131,0.15317000000000291,True
73,0.50-0.60,0.5,0.6,0.55,232,83,42.47726,42.3205,0.15675999999999846,True
73,0.60-0.70,0.6,0.7,0.6499999999999999,221,56,42.92792,42.7805,0.14741999999999678,True
73,0.70-0.80,0.7,0.8,0.75,95,47,43.34886,43.1675,0.18136000000000507,True
73,0.80-1.00,0.8,1.0,0.9,85,7,43.66835,43.5331,0.1352499999999992,True
74,0.00-0.05,0.0,0.05,0.025,106,646,36.01068,35.2665,0.7441800000000001,True
74,0.05-0.10,0.05,0.1,0.07500000000000001,45,97,37.36244,37.1925,0.16993999999999687,True
74,0.10-0.15,0.1,0.15,0.125,13,86,38.89598,38.802,0.09398000000000195,True
74,0.15-0.20,0.15,0.2,0.175,20,123,39.78048,39.5427,0.23777999999999366,True
74,0.20-0.25,0.2,0.25,0.225,52,140,40.25625,40.1351,0.12115000000000009,True
74,0.25-0.28,0.25,0.28,0.265,38,72,40.6058,40.5139,0.09190000000000254,True
74,0.28-0.32,0.28,0.32,0.30000000000000004,62,100,40.89713,40.9018,-0.004670000000004393,True
74,0.32-0.35,0.32,0.35,0.33499999999999996,81,71,41.20249,41.1012,0.10128999999999877,True
74,0.35-0.40,0.35,0.4,0.375,98,66,41.47435,41.3794,0.09495000000000431,True
74,0.40-0.50,0.4,0.5,0.45,205,100,41.99333,41.8131,0.18023000000000167,True
74,0.50-0.60,0.5,0.6,0.55,232,83,42.45886,42.3205,0.1383599999999987,True
74,0.60-0.70,0.6,0.7,0.6499999999999999,221,56,42.9394,42.7805,0.1588999999999956,True
74,0.70-0.80,0.7,0.8,0.75,95,47,43.32008,43.1675,0.15258000000000038,True
74,0.80-1.00,0.8,1.0,0.9,85,7,43.66049,43.5331,0.12739000000000544,True
75,0.00-0.05,0.0,0.05,0.025,106,646,36.00256,35.2665,0.7360600000000019,True
75,0.05-0.10,0.05,0.1,0.07500000000000001,45,97,37.36659,37.1925,0.17408999999999963,True
75,0.10-0.15,0.1,0.15,0.125,13,86,38.98171,38.802,0.17971000000000004,True
75,0.15-0.20,0.15,0.2,0.175,20,123,39.74864,39.5427,0.20593999999999824,True
75,0.20-0.25,0.2,0.25,0.225,52,140,40.25625,40.1351,0.12115000000000009,True
75,0.25-0.28,0.25,0.28,0.265,38,72,40.69293,40.5139,0.17902999999999736,True
75,0.28-0.32,0.28,0.32,0.30000000000000004,62,100,40.99129,40.9018,0.08948999999999785,True
75,0.32-0.35,0.32,0.35,0.33499999999999996,81,71,41.21254,41.1012,0.11133999999999844,True
75,0.35-0.40,0.35,0.4,0.375,98,66,41.45362,41.3794,0.07422000000000395,True
75,0.40-0.50,0.4,0.5,0.45,205,100,41.98253,41.8131,0.16942999999999842,True
75,0.50-0.60,0.5,0.6,0.55,232,83,42.4825,42.3205,0.16199999999999903,True
75,0.60-0.70,0.6,0.7,0.6499999999999999,221,56,42.93731,42.7805,0.156809999999993,True
75,0.70-0.80,0.7,0.8,0.75,95,47,43.32792,43.1675,0.160420000000002,True
75,0.80-1.00,0.8,1.0,0.9,85,7,43.6954,43.5331,0.1623000000000019,True
76,0.00-0.05,0.0,0.05,0.025,106,646,36.04309,35.2665,0.7765899999999988,True
76,0.05-0.10,0.05,0.1,0.07500000000000001,45,97,37.36244,37.1925,0.16993999999999687,True
76,0.10-0.15,0.1,0.15,0.125,13,86,39.00672,38.802,0.2047200000000018,True
76,0.15-0.20,0.15,0.2,0.175,20,123,39.78048,39.5427,0.23777999999999366,True
76,0.20-0.25,0.2,0.25,0.225,52,140,40.26777,40.1351,0.1326699999999974,True
76,0.25-0.28,0.25,0.28,0.265,38,72,40.67029,40.5139,0.1563900000000018,True
76,0.28-0.32,0.28,0.32,0.30000000000000004,62,100,40.92345,40.9018,0.021650000000001057,True
76,0.32-0.35,0.32,0.35,0.33499999999999996,81,71,41.21254,41.1012,0.11133999999999844,True
76,0.35-0.40,0.35,0.4,0.375,98,66,41.45362,41.3794,0.07422000000000395,True
76,0.40-0.50,0.4,0.5,0.45,205,100,41.98488,41.8131,0.17177999999999827,True
76,0.50-0.60,0.5,0.6,0.55,232,83,42.47726,42.3205,0.15675999999999846,True
76,0.60-0.70,0.6,0.7,0.6499999999999999,221,56,42.92828,42.7805,0.14777999999999736,True
76,0.70-0.80,0.7,0.8,0.75,95,47,43.30631,43.1675,0.13881000000000654,True
76,0.80-1.00,0.8,1.0,0.9,85,7,43.72233,43.5331,0.189230000000002,True
77,0.00-0.05,0.0,0.05,0.025,106,646,36.04919,35.2665,0.7826900000000023,True
77,0.05-0.10,0.05,0.1,0.07500000000000001,45,97,37.36253,37.1925,0.17002999999999702,True
77,0.10-0.15,0.1,0.15,0.125,13,86,39.00672,38.802,0.2047200000000018,True
77,0.15-0.20,0.15,0.2,0.175,20,123,39.59667,39.5427,0.05396999999999963,True
77,0.20-0.25,0.2,0.25,0.225,52,140,40.24418,40.1351,0.10907999999999873,True
77,0.25-0.28,0.25,0.28,0.265,38,72,40.65338,40.5139,0.13947999999999894,True
77,0.28-0.32,0.28,0.32,0.30000000000000004,62,100,40.91041,40.9018,0.008609999999997342,True
77,0.32-0.35,0.32,0.35,0.33499999999999996,81,71,41.21969,41.1012,0.11849000000000132,True
77,0.35-0.40,0.35,0.4,0.375,98,66,41.46815,41.3794,0.08875000000000455,True
77,0.40-0.50,0.4,0.5,0.45,205,100,41.98488,41.8131,0.17177999999999827,True
77,0.50-0.60,0.5,0.6,0.55,232,83,42.45335,42.3205,0.1328499999999977,True
77,0.60-0.70,0.6,0.7,0.6499999999999999,221,56,42.93407,42.7805,0.15356999999999488,True
77,0.70-0.80,0.7,0.8,0.75,95,47,43.32008,43.1675,0.15258000000000038,True
77,0.80-1.00,0.8,1.0,0.9,85,7,43.66835,43.5331,0.1352499999999992,True
78,0.00-0.05,0.0,0.05,0.025,106,646,36.01126,35.2665,0.7447599999999994,True
78,0.05-0.10,0.05,0.1,0.07500000000000001,45,97,37.20488,37.1925,0.01238000000000028,True
78,0.10-0.15,0.1,0.15,0.125,13,86,39.00672,38.802,0.2047200000000018,True
78,0.15-0.20,0.15,0.2,0.175,20,123,39.59667,39.5427,0.05396999999999963,True
78,0.20-0.25,0.2,0.25,0.225,52,140,40.25572,40.1351,0.12061999999999529,True
78,0.25-0.28,0.25,0.28,0.265,38,72,40.65338,40.5139,0.13947999999999894,True
78,0.28-0.32,0.28,0.32,0.30000000000000004,62,100,40.93472,40.9018,0.032919999999997174,True
78,0.32-0.35,0.32,0.35,0.33499999999999996,81,71,41.23238,41.1012,0.13118000000000052,True
78,0.35-0.40,0.35,0.4,0.375,98,66,41.47435,41.3794,0.09495000000000431,True
78,0.40-0.50,0.4,0.5,0.45,205,100,41.95895,41.8131,0.14585000000000292,True
78,0.50-0.60,0.5,0.6,0.55,232,83,42.46907,42.3205,0.14856999999999942,True
78,0.60-0.70,0.6,0.7,0.6499999999999999,221,56,42.93007,42.7805,0.1495699999999971,True
78,0.70-0.80,0.7,0.8,0.75,95,47,43.30747,43.1675,0.13997000000000526,True
78,0.80-1.00,0.8,1.0,0.9,85,7,43.66835,43.5331,0.1352499999999992,True
79,0.00-0.05,0.0,0.05,0.025,106,646,36.00728,35.2665,0.7407800000000009,True
79,0.05-0.10,0.05,0.1,0.07500000000000001,45,97,37.36253,37.1925,0.17002999999999702,True
79,0.10-0.15,0.1,0.15,0.125,13,86,38.98171,38.802,0.17971000000000004,True
79,0.15-0.20,0.15,0.2,0.175,20,123,39.74864,39.5427,0.20593999999999824,True
79,0.20-0.25,0.2,0.25,0.225,52,140,40.26232,40.1351,0.12722000000000122,True
79,0.25-0.28,0.25,0.28,0.265,38,72,40.6088,40.5139,0.09490000000000265,True
79,0.28-0.32,0.28,0.32,0.30000000000000004,62,100,40.93472,40.9018,0.032919999999997174,True
79,0.32-0.35,0.32,0.35,0.33499999999999996,81,71,41.20068,41.1012,0.09947999999999979,True
79,0.35-0.40,0.35,0.4,0.375,98,66,41.43197,41.3794,0.05257000000000289,True
79,0.40-0.50,0.4,0.5,0.45,205,100,41.98488,41.8131,0.17177999999999827,True
79,0.50-0.60,0.5,0.6,0.55,232,83,42.45886,42.3205,0.1383599999999987,True
79,0.60-0.70,0.6,0.7,0.6499999999999999,221,56,42.92792,42.7805,0.14741999999999678,True
79,0.70-0.80,0.7,0.8,0.75,95,47,43.31795,43.1675,0.1504500000000064,True
79,0.80-1.00,0.8,1.0,0.9,85,7,43.64768,43.5331,0.11458000000000368,True
80,0.00-0.05,0.0,0.05,0.025,106,646,36.04309,35.2665,0.7765899999999988,True
80,0.05-0.10,0.05,0.1,0.07500000000000001,45,97,37.34903,37.1925,0.1565299999999965,True
80,0.10-0.15,0.1,0.15,0.125,13,86,38.87889,38.802,0.07688999999999879,True
80,0.15-0.20,0.15,0.2,0.175,20,123,39.74864,39.5427,0.20593999999999824,True
80,0.20-0.25,0.2,0.25,0.225,52,140,40.25625,40.1351,0.12115000000000009,True
80,0.25-0.28,0.25,0.28,0.265,38,72,40.65338,40.5139,0.13947999999999894,True
80,0.28-0.32,0.28,0.32,0.30000000000000004,62,100,40.89713,40.9018,-0.004670000000004393,True
80,0.32-0.35,0.32,0.35,0.33499999999999996,81,71,41.22103,41.1012,0.11983000000000033,True
80,0.35-0.40,0.35,0.4,0.375,98,66,41.46815,41.3794,0.08875000000000455,True
80,0.40-0.50,0.4,0.5,0.45,205,100,41.98288,41.8131,0.16978000000000293,True
80,0.50-0.60,0.5,0.6,0.55,232,83,42.46451,42.3205,0.14400999999999442,True
80,0.60-0.70,0.6,0.7,0.6499999999999999,221,56,42.93368,42.7805,0.15317999999999898,True
80,0.70-0.80,0.7,0.8,0.75,95,47,43.31795,43.1675,0.1504500000000064,True
80,0.80-1.00,0.8,1.0,0.9,85,7,43.68398,43.5331,0.1508800000000008,True
81,0.00-0.05,0.0,0.05,0.025,106,646,36.04309,35.2665,0.7765899999999988,True
81,0.05-0.10,0.05,0.1,0.07500000000000001,45,97,37.36659,37.1925,0.17408999999999963,True
81,0.10-0.15,0.1,0.15,0.125,13,86,38.87889,38.802,0.07688999999999879,True
81,0.15-0.20,0.15,0.2,0.175,20,123,39.59667,39.5427,0.05396999999999963,True
81,0.20-0.25,0.2,0.25,0.225,52,140,40.25572,40.1351,0.12061999999999529,True
81,0.25-0.28,0.25,0.28,0.265,38,72,40.65338,40.5139,0.13947999999999894,True
81,0.28-0.32,0.28,0.32,0.30000000000000004,62,100,40.93472,40.9018,0.032919999999997174,True
81,0.32-0.35,0.32,0.35,0.33499999999999996,81,71,41.21681,41.1012,0.11561000000000377,True
81,0.35-0.40,0.35,0.4,0.375,98,66,41.45362,41.3794,0.07422000000000395,True
81,0.40-0.50,0.4,0.5,0.45,205,100,41.96879,41.8131,0.15568999999999988,True
81,0.50-0.60,0.5,0.6,0.55,232,83,42.45886,42.3205,0.1383599999999987,True
81,0.60-0.70,0.6,0.7,0.6499999999999999,221,56,42.92792,42.7805,0.14741999999999678,True
81,0.70-0.80,0.7,0.8,0.75,95,47,43.31795,43.1675,0.1504500000000064,True
81,0.80-1.00,0.8,1.0,0.9,85,7,43.63286,43.5331,0.0997600000000034,True
82,0.00-0.05,0.0,0.05,0.025,106,646,36.02516,35.2665,0.758659999999999,True
82,0.05-0.10,0.05,0.1,0.07500000000000001,45,97,37.36244,37.1925,0.16993999999999687,True
82,0.10-0.15,0.1,0.15,0.125,13,86,39.00672,38.802,0.2047200000000018,True
82,0.15-0.20,0.15,0.2,0.175,20,123,39.78048,39.5427,0.23777999999999366,True
82,0.20-0.25,0.2,0.25,0.225,52,140,40.25572,40.1351,0.12061999999999529,True
82,0.25-0.28,0.25,0.28,0.265,38,72,40.6058,40.5139,0.09190000000000254,True
82,0.28-0.32,0.28,0.32,0.30000000000000004,62,100,40.93472,40.9018,0.032919999999997174,True
82,0.32-0.35,0.32,0.35,0.33499999999999996,81,71,41.21969,41.1012,0.11849000000000132,True
82,0.35-0.40,0.35,0.4,0.375,98,66,41.42685,41.3794,0.04745000000000488,True
82,0.40-0.50,0.4,0.5,0.45,205,100,41.97567,41.8131,0.16257000000000232,True
82,0.50-0.60,0.5,0.6,0.55,232,83,42.45886,42.3205,0.1383599999999987,True
82,0.60-0.70,0.6,0.7,0.6499999999999999,221,56,42.93368,42.7805,0.15317999999999898,True
82,0.70-0.80,0.7,0.8,0.75,95,47,43.30747,43.1675,0.13997000000000526,True
82,0.80-1.00,0.8,1.0,0.9,85,7,43.66835,43.5331,0.1352499999999992,True
83,0.00-0.05,0.0,0.05,0.025,106,646,36.01851,35.2665,0.7520099999999985,True
83,0.05-0.10,0.05,0.1,0.07500000000000001,45,97,37.2229,37.1925,0.030400000000000205,True
83,0.10-0.15,0.1,0.15,0.125,13,86,38.87889,38.802,0.07688999999999879,True
83,0.15-0.20,0.15,0.2,0.175,20,123,39.74864,39.5427,0.20593999999999824,True
83,0.20-0.25,0.2,0.25,0.225,52,140,40.24418,40.1351,0.10907999999999873,True
83,0.25-0.28,0.25,0.28,0.265,38,72,40.65338,40.5139,0.13947999999999894,True
83,0.28-0.32,0.28,0.32,0.30000000000000004,62,100,40.93135,40.9018,0.02955000000000041,True
83,0.32-0.35,0.32,0.35,0.33499999999999996,81,71,41.23238,41.1012,0.13118000000000052,True
83,0.35-0.40,0.35,0.4,0.375,98,66,41.44872,41.3794,0.06932000000000471,True
83,0.40-0.50,0.4,0.5,0.45,205,100,41.99253,41.8131,0.17943000000000353,True
83,0.50-0.60,0.5,0.6,0.55,232,83,42.45886,42.3205,0.1383599999999987,True
83,0.60-0.70,0.6,0.7,0.6499999999999999,221,56,42.93457,42.7805,0.15406999999999726,True
83,0.70-0.80,0.7,0.8,0.75,95,47,43.32792,43.1675,0.160420000000002,True
83,0.80-1.00,0.8,1.0,0.9,85,7,43.66835,43.5331,0.1352499999999992,True
84,0.00-0.05,0.0,0.05,0.025,106,646,36.01851,35.2665,0.7520099999999985,True
84,0.05-0.10,0.05,0.1,0.07500000000000001,45,97,37.34903,37.1925,0.1565299999999965,True
84,0.10-0.15,0.1,0.15,0.125,13,86,38.89598,38.802,0.09398000000000195,True
84,0.15-0.20,0.15,0.2,0.175,20,123,39.78048,39.5427,0.23777999999999366,True
84,0.20-0.25,0.2,0.25,0.225,52,140,40.25572,40.1351,0.12061999999999529,True
84,0.25-0.28,0.25,0.28,0.265,38,72,40.6088,40.5139,0.09490000000000265,True
84,0.28-0.32,0.28,0.32,0.30000000000000004,62,100,40.93135,40.9018,0.02955000000000041,True
84,0.32-0.35,0.32,0.35,0.33499999999999996,81,71,41.22336,41.1012,0.12216000000000093,True
84,0.35-0.40,0.35,0.4,0.375,98,66,41.43008,41.3794,0.050679999999999836,True
84,0.40-0.50,0.4,0.5,0.45,205,100,41.96821,41.8131,0.15511000000000053,True
84,0.50-0.60,0.5,0.6,0.55,232,83,42.45886,42.3205,0.1383599999999987,True
84,0.60-0.70,0.6,0.7,0.6499999999999999,221,56,42.92854,42.7805,0.14803999999999462,True
84,0.70-0.80,0.7,0.8,0.75,95,47,43.32792,43.1675,0.160420000000002,True
84,0.80-1.00,0.8,1.0,0.9,85,7,43.66835,43.5331,0.1352499999999992,True
85,0.00-0.05,0.0,0.05,0.025,106,646,36.02516,35.2665,0.758659999999999,True
85,0.05-0.10,0.05,0.1,0.07500000000000001,45,97,37.1975,37.1925,0.0049999999999954525,True
85,0.10-0.15,0.1,0.15,0.125,13,86,39.16841,38.802,0.3664100000000019,True
85,0.15-0.20,0.15,0.2,0.175,20,123,39.8153,39.5427,0.27259999999999707,True
85,0.20-0.25,0.2,0.25,0.225,52,140,40.25572,40.1351,0.12061999999999529,True
85,0.25-0.28,0.25,0.28,0.265,38,72,40.67029,40.5139,0.1563900000000018,True
85,0.28-0.32,0.28,0.32,0.30000000000000004,62,100,40.92345,40.9018,0.021650000000001057,True
85,0.32-0.35,0.32,0.35,0.33499999999999996,81,71,41.21681,41.1012,0.11561000000000377,True
85,0.35-0.40,0.35,0.4,0.375,98,66,41.42987,41.3794,0.050470000000004234,True
85,0.40-0.50,0.4,0.5,0.45,205,100,41.98253,41.8131,0.16942999999999842,True
85,0.50-0.60,0.5,0.6,0.55,232,83,42.47573,42.3205,0.15522999999999598,True
85,0.60-0.70,0.6,0.7,0.6499999999999999,221,56,42.93665,42.7805,0.15614999999999668,True
85,0.70-0.80,0.7,0.8,0.75,95,47,43.32792,43.1675,0.160420000000002,True
85,0.80-1.00,0.8,1.0,0.9,85,7,43.66049,43.5331,0.12739000000000544,True
86,0.00-0.05,0.0,0.05,0.025,106,646,35.9573,35.2665,0.6907999999999959,True
86,0.05-0.10,0.05,0.1,0.07500000000000001,45,97,37.36244,37.1925,0.16993999999999687,True
86,0.10-0.15,0.1,0.15,0.125,13,86,39.29023,38.802,0.4882300000000015,True
86,0.15-0.20,0.15,0.2,0.175,20,123,39.74864,39.5427,0.20593999999999824,True
86,0.20-0.25,0.2,0.25,0.225,52,140,40.24144,40.1351,0.10633999999999588,True
86,0.25-0.28,0.25,0.28,0.265,38,72,40.6058,40.5139,0.09190000000000254,True
86,0.28-0.32,0.28,0.32,0.30000000000000004,62,100,40.89713,40.9018,-0.004670000000004393,True
86,0.32-0.35,0.32,0.35,0.33499999999999996,81,71,41.22274,41.1012,0.12154000000000309,True
86,0.35-0.40,0.35,0.4,0.375,98,66,41.45362,41.3794,0.07422000000000395,True
86,0.40-0.50,0.4,0.5,0.45,205,100,41.99291,41.8131,0.17981000000000336,True
86,0.50-0.60,0.5,0.6,0.55,232,83,42.48074,42.3205,0.1602399999999946,True
86,0.60-0.70,0.6,0.7,0.6499999999999999,221,56,42.93007,42.7805,0.1495699999999971,True
86,0.70-0.80,0.7,0.8,0.75,95,47,43.30862,43.1675,0.1411200000000008,True
86,0.80-1.00,0.8,1.0,0.9,85,7,43.68398,43.5331,0.1508800000000008,True
87,0.00-0.05,0.0,0.05,0.025,106,646,36.01068,35.2665,0.7441800000000001,True
87,0.05-0.10,0.05,0.1,0.07500000000000001,45,97,37.34903,37.1925,0.1565299999999965,True
87,0.10-0.15,0.1,0.15,0.125,13,86,38.87889,38.802,0.07688999999999879,True
87,0.15-0.20,0.15,0.2,0.175,20,123,39.74864,39.5427,0.20593999999999824,True
87,0.20-0.25,0.2,0.25,0.225,52,140,40.25625,40.1351,0.12115000000000009,True
87,0.25-0.28,0.25,0.28,0.265,38,72,40.59362,40.5139,0.07972000000000179,True
87,0.28-0.32,0.28,0.32,0.30000000000000004,62,100,40.91041,40.9018,0.008609999999997342,True
87,0.32-0.35,0.32,0.35,0.33499999999999996,81,71,41.21254,41.1012,0.11133999999999844,True
87,0.35-0.40,0.35,0.4,0.375,98,66,41.44162,41.3794,0.062220000000003495,True
87,0.40-0.50,0.4,0.5,0.45,205,100,41.98525,41.8131,0.17215000000000202,True
87,0.50-0.60,0.5,0.6,0.55,232,83,42.47441,42.3205,0.15390999999999622,True
87,0.60-0.70,0.6,0.7,0.6499999999999999,221,56,42.92792,42.7805,0.14741999999999678,True
87,0.70-0.80,0.7,0.8,0.75,95,47,43.31795,43.1675,0.1504500000000064,True
87,0.80-1.00,0.8,1.0,0.9,85,7,43.66049,43.5331,0.12739000000000544,True
88,0.00-0.05,0.0,0.05,0.025,106,646,36.01126,35.2665,0.7447599999999994,True
88,0.05-0.10,0.05,0.1,0.07500000000000001,45,97,37.20488,37.1925,0.01238000000000028,True
88,0.10-0.15,0.1,0.15,0.125,13,86,38.87889,38.802,0.07688999999999879,True
88,0.15-0.20,0.15,0.2,0.175,20,123,39.59667,39.5427,0.05396999999999963,True
88,0.20-0.25,0.2,0.25,0.225,52,140,40.26524,40.1351,0.13013999999999726,True
88,0.25-0.28,0.25,0.28,0.265,38,72,40.66634,40.5139,0.15243999999999858,True
88,0.28-0.32,0.28,0.32,0.30000000000000004,62,100,40.93882,40.9018,0.037019999999998277,True
88,0.32-0.35,0.32,0.35,0.33499999999999996,81,71,41.21969,41.1012,0.11849000000000132,True
88,0.35-0.40,0.35,0.4,0.375,98,66,41.46099,41.3794,0.0815900000000056,True
88,0.40-0.50,0.4,0.5,0.45,205,100,41.97567,41.8131,0.16257000000000232,True
88,0.50-0.60,0.5,0.6,0.55,232,83,42.47726,42.3205,0.15675999999999846,True
88,0.60-0.70,0.6,0.7,0.6499999999999999,221,56,42.92792,42.7805,0.14741999999999678,True
88,0.70-0.80,0.7,0.8,0.75,95,47,43.30747,43.1675,0.13997000000000526,True
88,0.80-1.00,0.8,1.0,0.9,85,7,43.68131,43.5331,0.14821000000000595,True
89,0.00-0.05,0.0,0.05,0.025,106,646,36.01851,35.2665,0.7520099999999985,True
89,0.05-0.10,0.05,0.1,0.07500000000000001,45,97,37.39806,37.1925,0.2055599999999984,True
89,0.10-0.15,0.1,0.15,0.125,13,86,38.87889,38.802,0.07688999999999879,True
89,0.15-0.20,0.15,0.2,0.175,20,123,39.59667,39.5427,0.05396999999999963,True
89,0.20-0.25,0.2,0.25,0.225,52,140,40.25625,40.1351,0.12115000000000009,True
89,0.25-0.28,0.25,0.28,0.265,38,72,40.67029,40.5139,0.1563900000000018,True
89,0.28-0.32,0.28,0.32,0.30000000000000004,62,100,40.93472,40.9018,0.032919999999997174,True
89,0.32-0.35,0.32,0.35,0.33499999999999996,81,71,41.22103,41.1012,0.11983000000000033,True
89,0.35-0.40,0.35,0.4,0.375,98,66,41.44872,41.3794,0.06932000000000471,True
89,0.40-0.50,0.4,0.5,0.45,205,100,41.99253,41.8131,0.17943000000000353,True
89,0.50-0.60,0.5,0.6,0.55,232,83,42.47573,42.3205,0.15522999999999598,True
89,0.60-0.70,0.6,0.7,0.6499999999999999,221,56,42.92792,42.7805,0.14741999999999678,True
89,0.70-0.80,0.7,0.8,0.75,95,47,43.31795,43.1675,0.1504500000000064,True
89,0.80-1.00,0.8,1.0,0.9,85,7,43.66835,43.5331,0.1352499999999992,True
90,0.00-0.05,0.0,0.05,0.025,106,646,36.00728,35.2665,0.7407800000000009,True
90,0.05-0.10,0.05,0.1,0.07500000000000001,45,97,37.36253,37.1925,0.17002999999999702,True
90,0.10-0.15,0.1,0.15,0.125,13,86,38.89598,38.802,0.09398000000000195,True
90,0.15-0.20,0.15,0.2,0.175,20,123,39.78048,39.5427,0.23777999999999366,True
90,0.20-0.25,0.2,0.25,0.225,52,140,40.26524,40.1351,0.13013999999999726,True
90,0.25-0.28,0.25,0.28,0.265,38,72,40.6088,40.5139,0.09490000000000265,True
90,0.28-0.32,0.28,0.32,0.30000000000000004,62,100,40.93135,40.9018,0.02955000000000041,True
90,0.32-0.35,0.32,0.35,0.33499999999999996,81,71,41.21254,41.1012,0.11133999999999844,True
90,0.35-0.40,0.35,0.4,0.375,98,66,41.45362,41.3794,0.07422000000000395,True
90,0.40-0.50,0.4,0.5,0.45,205,100,41.99253,41.8131,0.17943000000000353,True
90,0.50-0.60,0.5,0.6,0.55,232,83,42.45335,42.3205,0.1328499999999977,True
90,0.60-0.70,0.6,0.7,0.6499999999999999,221,56,42.92792,42.7805,0.14741999999999678,True
90,0.70-0.80,0.7,0.8,0.75,95,47,43.30631,43.1675,0.13881000000000654,True
90,0.80-1.00,0.8,1.0,0.9,85,7,43.66835,43.5331,0.1352499999999992,True
91,0.00-0.05,0.0,0.05,0.025,106,646,36.02516,35.2665,0.758659999999999,True
91,0.05-0.10,0.05,0.1,0.07500000000000001,45,97,37.20911,37.1925,0.016610000000000014,True
91,0.10-0.15,0.1,0.15,0.125,13,86,39.16841,38.802,0.3664100000000019,True
91,0.15-0.20,0.15,0.2,0.175,20,123,39.74864,39.5427,0.20593999999999824,True
91,0.20-0.25,0.2,0.25,0.225,52,140,40.26524,40.1351,0.13013999999999726,True
91,0.25-0.28,0.25,0.28,0.265,38,72,40.65338,40.5139,0.13947999999999894,True
91,0.28-0.32,0.28,0.32,0.30000000000000004,62,100,40.93882,40.9018,0.037019999999998277,True
91,0.32-0.35,0.32,0.35,0.33499999999999996,81,71,41.20996,41.1012,0.10876000000000374,True
91,0.35-0.40,0.35,0.4,0.375,98,66,41.44872,41.3794,0.06932000000000471,True
91,0.40-0.50,0.4,0.5,0.45,205,100,42.00453,41.8131,0.19143000000000399,True
91,0.50-0.60,0.5,0.6,0.55,232,83,42.47071,42.3205,0.15020999999999418,True
91,0.60-0.70,0.6,0.7,0.6499999999999999,221,56,42.92792,42.7805,0.14741999999999678,True
91,0.70-0.80,0.7,0.8,0.75,95,47,43.31795,43.1675,0.1504500000000064,True
91,0.80-1.00,0.8,1.0,0.9,85,7,43.68398,43.5331,0.1508800000000008,True
92,0.00-0.05,0.0,0.05,0.025,106,646,36.05893,35.2665,0.792429999999996,True
92,0.05-0.10,0.05,0.1,0.07500000000000001,45,97,37.20488,37.1925,0.01238000000000028,True
92,0.10-0.15,0.1,0.15,0.125,13,86,38.87889,38.802,0.07688999999999879,True
92,0.15-0.20,0.15,0.2,0.175,20,123,39.8289,39.5427,0.2861999999999938,True
92,0.20-0.25,0.2,0.25,0.225,52,140,40.26524,40.1351,0.13013999999999726,True
92,0.25-0.28,0.25,0.28,0.265,38,72,40.66311,40.5139,0.14921000000000362,True
92,0.28-0.32,0.28,0.32,0.30000000000000004,62,100,40.99129,40.9018,0.08948999999999785,True
92,0.32-0.35,0.32,0.35,0.33499999999999996,81,71,41.22274,41.1012,0.12154000000000309,True
92,0.35-0.40,0.35,0.4,0.375,98,66,41.44872,41.3794,0.06932000000000471,True
92,0.40-0.50,0.4,0.5,0.45,205,100,41.98488,41.8131,0.17177999999999827,True
92,0.50-0.60,0.5,0.6,0.55,232,83,42.47023,42.3205,0.14972999999999814,True
92,0.60-0.70,0.6,0.7,0.6499999999999999,221,56,42.92792,42.7805,0.14741999999999678,True
92,0.70-0.80,0.7,0.8,0.75,95,47,43.31795,43.1675,0.1504500000000064,True
92,0.80-1.00,0.8,1.0,0.9,85,7,43.68398,43.5331,0.1508800000000008,True
93,0.00-0.05,0.0,0.05,0.025,106,646,36.01068,35.2665,0.7441800000000001,True
93,0.05-0.10,0.05,0.1,0.07500000000000001,45,97,37.20911,37.1925,0.016610000000000014,True
93,0.10-0.15,0.1,0.15,0.125,13,86,39.16841,38.802,0.3664100000000019,True
93,0.15-0.20,0.15,0.2,0.175,20,123,39.8153,39.5427,0.27259999999999707,True
93,0.20-0.25,0.2,0.25,0.225,52,140,40.25625,40.1351,0.12115000000000009,True
93,0.25-0.28,0.25,0.28,0.265,38,72,40.65338,40.5139,0.13947999999999894,True
93,0.28-0.32,0.28,0.32,0.30000000000000004,62,100,40.93472,40.9018,0.032919999999997174,True
93,0.32-0.35,0.32,0.35,0.33499999999999996,81,71,41.20914,41.1012,0.10793999999999926,True
93,0.35-0.40,0.35,0.4,0.375,98,66,41.46099,41.3794,0.0815900000000056,True
93,0.40-0.50,0.4,0.5,0.45,205,100,41.96821,41.8131,0.15511000000000053,True
93,0.50-0.60,0.5,0.6,0.55,232,83,42.47023,42.3205,0.14972999999999814,True
93,0.60-0.70,0.6,0.7,0.6499999999999999,221,56,42.92792,42.7805,0.14741999999999678,True
93,0.70-0.80,0.7,0.8,0.75,95,47,43.30747,43.1675,0.13997000000000526,True
93,0.80-1.00,0.8,1.0,0.9,85,7,43.72233,43.5331,0.189230000000002,True
94,0.00-0.05,0.0,0.05,0.025,106,646,36.00315,35.2665,0.7366499999999974,True
94,0.05-0.10,0.05,0.1,0.07500000000000001,45,97,37.36253,37.1925,0.17002999999999702,True
94,0.10-0.15,0.1,0.15,0.125,13,86,39.00672,38.802,0.2047200000000018,True
94,0.15-0.20,0.15,0.2,0.175,20,123,39.78048,39.5427,0.23777999999999366,True
94,0.20-0.25,0.2,0.25,0.225,52,140,40.26232,40.1351,0.12722000000000122,True
94,0.25-0.28,0.25,0.28,0.265,38,72,40.6088,40.5139,0.09490000000000265,True
94,0.28-0.32,0.28,0.32,0.30000000000000004,62,100,40.93472,40.9018,0.032919999999997174,True
94,0.32-0.35,0.32,0.35,0.33499999999999996,81,71,41.22336,41.1012,0.12216000000000093,True
94,0.35-0.40,0.35,0.4,0.375,98,66,41.45362,41.3794,0.07422000000000395,True
94,0.40-0.50,0.4,0.5,0.45,205,100,41.95895,41.8131,0.14585000000000292,True
94,0.50-0.60,0.5,0.6,0.55,232,83,42.4688,42.3205,0.148299999999999,True
94,0.60-0.70,0.6,0.7,0.6499999999999999,221,56,42.92792,42.7805,0.14741999999999678,True
94,0.70-0.80,0.7,0.8,0.75,95,47,43.32008,43.1675,0.15258000000000038,True
94,0.80-1.00,0.8,1.0,0.9,85,7,43.64144,43.5331,0.10834000000000543,True
95,0.00-0.05,0.0,0.05,0.025,106,646,36.04309,35.2665,0.7765899999999988,True
95,0.05-0.10,0.05,0.1,0.07500000000000001,45,97,37.36177,37.1925,0.16926999999999737,True
95,0.10-0.15,0.1,0.15,0.125,13,86,38.98171,38.802,0.17971000000000004,True
95,0.15-0.20,0.15,0.2,0.175,20,123,39.8153,39.5427,0.27259999999999707,True
95,0.20-0.25,0.2,0.25,0.225,52,140,40.25572,40.1351,0.12061999999999529,True
95,0.25-0.28,0.25,0.28,0.265,38,72,40.67029,40.5139,0.1563900000000018,True
95,0.28-0.32,0.28,0.32,0.30000000000000004,62,100,40.93135,40.9018,0.02955000000000041,True
95,0.32-0.35,0.32,0.35,0.33499999999999996,81,71,41.21254,41.1012,0.11133999999999844,True
95,0.35-0.40,0.35,0.4,0.375,98,66,41.44872,41.3794,0.06932000000000471,True
95,0.40-0.50,0.4,0.5,0.45,205,100,41.97567,41.8131,0.16257000000000232,True
95,0.50-0.60,0.5,0.6,0.55,232,83,42.47574,42.3205,0.15523999999999916,True
95,0.60-0.70,0.6,0.7,0.6499999999999999,221,56,42.92792,42.7805,0.14741999999999678,True
95,0.70-0.80,0.7,0.8,0.75,95,47,43.31795,43.1675,0.1504500000000064,True
95,0.80-1.00,0.8,1.0,0.9,85,7,43.66049,43.5331,0.12739000000000544,True
96,0.00-0.05,0.0,0.05,0.025,106,646,36.04919,35.2665,0.7826900000000023,True
96,0.05-0.10,0.05,0.1,0.07500000000000001,45,97,37.2229,37.1925,0.030400000000000205,True
96,0.10-0.15,0.1,0.15,0.125,13,86,39.00672,38.802,0.2047200000000018,True
96,0.15-0.20,0.15,0.2,0.175,20,123,39.78048,39.5427,0.23777999999999366,True
96,0.20-0.25,0.2,0.25,0.225,52,140,40.25625,40.1351,0.12115000000000009,True
96,0.25-0.28,0.25,0.28,0.265,38,72,40.67029,40.5139,0.1563900000000018,True
96,0.28-0.32,0.28,0.32,0.30000000000000004,62,100,40.93472,40.9018,0.032919999999997174,True
96,0.32-0.35,0.32,0.35,0.33499999999999996,81,71,41.21969,41.1012,0.11849000000000132,True
96,0.35-0.40,0.35,0.4,0.375,98,66,41.44872,41.3794,0.06932000000000471,True
96,0.40-0.50,0.4,0.5,0.45,205,100,41.99291,41.8131,0.17981000000000336,True
96,0.50-0.60,0.5,0.6,0.55,232,83,42.46451,42.3205,0.14400999999999442,True
96,0.60-0.70,0.6,0.7,0.6499999999999999,221,56,42.92854,42.7805,0.14803999999999462,True
96,0.70-0.80,0.7,0.8,0.75,95,47,43.32008,43.1675,0.15258000000000038,True
96,0.80-1.00,0.8,1.0,0.9,85,7,43.64768,43.5331,0.11458000000000368,True
97,0.00-0.05,0.0,0.05,0.025,106,646,36.02516,35.2665,0.758659999999999,True
97,0.05-0.10,0.05,0.1,0.07500000000000001,45,97,37.36659,37.1925,0.17408999999999963,True
97,0.10-0.15,0.1,0.15,0.125,13,86,38.87889,38.802,0.07688999999999879,True
97,0.15-0.20,0.15,0.2,0.175,20,123,39.78048,39.5427,0.23777999999999366,True
97,0.20-0.25,0.2,0.25,0.225,52,140,40.25625,40.1351,0.12115000000000009,True
97,0.25-0.28,0.25,0.28,0.265,38,72,40.6058,40.5139,0.09190000000000254,True
97,0.28-0.32,0.28,0.32,0.30000000000000004,62,100,40.93135,40.9018,0.02955000000000041,True
97,0.32-0.35,0.32,0.35,0.33499999999999996,81,71,41.22336,41.1012,0.12216000000000093,True
97,0.35-0.40,0.35,0.4,0.375,98,66,41.44162,41.3794,0.062220000000003495,True
97,0.40-0.50,0.4,0.5,0.45,205,100,41.97907,41.8131,0.1659700000000015,True
97,0.50-0.60,0.5,0.6,0.55,232,83,42.4688,42.3205,0.148299999999999,True
97,0.60-0.70,0.6,0.7,0.6499999999999999,221,56,42.93252,42.7805,0.15201999999999316,True
97,0.70-0.80,0.7,0.8,0.75,95,47,43.32792,43.1675,0.160420000000002,True
97,0.80-1.00,0.8,1.0,0.9,85,7,43.69555,43.5331,0.16244999999999976,True
98,0.00-0.05,0.0,0.05,0.025,106,646,36.01851,35.2665,0.7520099999999985,True
98,0.05-0.10,0.05,0.1,0.07500000000000001,45,97,37.2229,37.1925,0.030400000000000205,True
98,0.10-0.15,0.1,0.15,0.125,13,86,38.87889,38.802,0.07688999999999879,True
98,0.15-0.20,0.15,0.2,0.175,20,123,39.8153,39.5427,0.27259999999999707,True
98,0.20-0.25,0.2,0.25,0.225,52,140,40.28881,40.1351,0.15370999999999668,True
98,0.25-0.28,0.25,0.28,0.265,38,72,40.66634,40.5139,0.15243999999999858,True
98,0.28-0.32,0.28,0.32,0.30000000000000004,62,100,40.99129,40.9018,0.08948999999999785,True
98,0.32-0.35,0.32,0.35,0.33499999999999996,81,71,41.21681,41.1012,0.11561000000000377,True
98,0.35-0.40,0.35,0.4,0.375,98,66,41.44162,41.3794,0.062220000000003495,True
98,0.40-0.50,0.4,0.5,0.45,205,100,41.96742,41.8131,0.15431999999999846,True
98,0.50-0.60,0.5,0.6,0.55,232,83,42.45886,42.3205,0.1383599999999987,True
98,0.60-0.70,0.6,0.7,0.6499999999999999,221,56,42.92792,42.7805,0.14741999999999678,True
98,0.70-0.80,0.7,0.8,0.75,95,47,43.31795,43.1675,0.1504500000000064,True
98,0.80-1.00,0.8,1.0,0.9,85,7,43.64768,43.5331,0.11458000000000368,True
99,0.00-0.05,0.0,0.05,0.025,106,646,35.94327,35.2665,0.6767699999999977,True
99,0.05-0.10,0.05,0.1,0.07500000000000001,45,97,37.36244,37.1925,0.16993999999999687,True
99,0.10-0.15,0.1,0.15,0.125,13,86,38.87889,38.802,0.07688999999999879,True
99,0.15-0.20,0.15,0.2,0.175,20,123,39.78048,39.5427,0.23777999999999366,True
99,0.20-0.25,0.2,0.25,0.225,52,140,40.25625,40.1351,0.12115000000000009,True
99,0.25-0.28,0.25,0.28,0.265,38,72,40.6088,40.5139,0.09490000000000265,True
99,0.28-0.32,0.28,0.32,0.30000000000000004,62,100,40.93135,40.9018,0.02955000000000041,True
99,0.32-0.35,0.32,0.35,0.33499999999999996,81,71,41.21681,41.1012,0.11561000000000377,True
99,0.35-0.40,0.35,0.4,0.375,98,66,41.44872,41.3794,0.06932000000000471,True
99,0.40-0.50,0.4,0.5,0.45,205,100,41.98525,41.8131,0.17215000000000202,True
99,0.50-0.60,0.5,0.6,0.55,232,83,42.47376,42.3205,0.15325999999999596,True
99,0.60-0.70,0.6,0.7,0.6499999999999999,221,56,42.93368,42.7805,0.15317999999999898,True
99,0.70-0.80,0.7,0.8,0.75,95,47,43.31795,43.1675,0.1504500000000064,True
99,0.80-1.00,0.8,1.0,0.9,85,7,43.66835,43.5331,0.1352499999999992,True
100,0.00-0.05,0.0,0.05,0.025,106,646,36.04309,35.2665,0.7765899999999988,True
100,0.05-0.10,0.05,0.1,0.07500000000000001,45,97,37.36659,37.1925,0.17408999999999963,True
100,0.10-0.15,0.1,0.15,0.125,13,86,39.29023,38.802,0.4882300000000015,True
100,0.15-0.20,0.15,0.2,0.175,20,123,39.74864,39.5427,0.20593999999999824,True
100,0.20-0.25,0.2,0.25,0.225,52,140,40.26524,40.1351,0.13013999999999726,True
100,0.25-0.28,0.25,0.28,0.265,38,72,40.6088,40.5139,0.09490000000000265,True
100,0.28-0.32,0.28,0.32,0.30000000000000004,62,100,40.89234,40.9018,-0.009460000000004243,True
100,0.32-0.35,0.32,0.35,0.33499999999999996,81,71,41.20996,41.1012,0.10876000000000374,True
100,0.35-0.40,0.35,0.4,0.375,98,66,41.44872,41.3794,0.06932000000000471,True
100,0.40-0.50,0.4,0.5,0.45,205,100,42.00385,41.8131,0.1907500000000013,True
100,0.50-0.60,0.5,0.6,0.55,232,83,42.47441,42.3205,0.15390999999999622,True
100,0.60-0.70,0.6,0.7,0.6499999999999999,221,56,42.92792,42.7805,0.14741999999999678,True
100,0.70-0.80,0.7,0.8,0.75,95,47,43.33284,43.1675,0.1653400000000005,True
100,0.80-1.00,0.8,1.0,0.9,85,7,43.66049,43.5331,0.12739000000000544,True
101,0.00-0.05,0.0,0.05,0.025,106,646,36.01068,35.2665,0.7441800000000001,True
101,0.05-0.10,0.05,0.1,0.07500000000000001,45,97,37.20911,37.1925,0.016610000000000014,True
101,0.10-0.15,0.1,0.15,0.125,13,86,38.87889,38.802,0.07688999999999879,True
101,0.15-0.20,0.15,0.2,0.175,20,123,39.78048,39.5427,0.23777999999999366,True
101,0.20-0.25,0.2,0.25,0.225,52,140,40.24048,40.1351,0.1053799999999967,True
101,0.25-0.28,0.25,0.28,0.265,38,72,40.69293,40.5139,0.17902999999999736,True
101,0.28-0.32,0.28,0.32,0.30000000000000004,62,100,40.93181,40.9018,0.030009999999997206,True
101,0.32-0.35,0.32,0.35,0.33499999999999996,81,71,41.21254,41.1012,0.11133999999999844,True
101,0.35-0.40,0.35,0.4,0.375,98,66,41.45703,41.3794,0.0776300000000063,True
101,0.40-0.50,0.4,0.5,0.45,205,100,41.98525,41.8131,0.17215000000000202,True
101,0.50-0.60,0.5,0.6,0.55,232,83,42.45177,42.3205,0.13127000000000066,True
101,0.60-0.70,0.6,0.7,0.6499999999999999,221,56,42.93407,42.7805,0.15356999999999488,True
101,0.70-0.80,0.7,0.8,0.75,95,47,43.30392,43.1675,0.1364200000000011,True
101,0.80-1.00,0.8,1.0,0.9,85,7,43.66049,43.5331,0.12739000000000544,True
102,0.00-0.05,0.0,0.05,0.025,106,646,35.9573,35.2665,0.6907999999999959,True
102,0.05-0.10,0.05,0.1,0.07500000000000001,45,97,37.36177,37.1925,0.16926999999999737,True
102,0.10-0.15,0.1,0.15,0.125,13,86,39.00672,38.802,0.2047200000000018,True
102,0.15-0.20,0.15,0.2,0.175,20,123,39.59667,39.5427,0.05396999999999963,True
102,0.20-0.25,0.2,0.25,0.225,52,140,40.26524,40.1351,0.13013999999999726,True
102,0.25-0.28,0.25,0.28,0.265,38,72,40.66311,40.5139,0.14921000000000362,True
102,0.28-0.32,0.28,0.32,0.30000000000000004,62,100,40.93882,40.9018,0.037019999999998277,True
102,0.32-0.35,0.32,0.35,0.33499999999999996,81,71,41.21681,41.1012,0.11561000000000377,True
102,0.35-0.40,0.35,0.4,0.375,98,66,41.46099,41.3794,0.0815900000000056,True
102,0.40-0.50,0.4,0.5,0.45,205,100,41.99333,41.8131,0.18023000000000167,True
102,0.50-0.60,0.5,0.6,0.55,232,83,42.4688,42.3205,0.148299999999999,True
102,0.60-0.70,0.6,0.7,0.6499999999999999,221,56,42.93407,42.7805,0.15356999999999488,True
102,0.70-0.80,0.7,0.8,0.75,95,47,43.30631,43.1675,0.13881000000000654,True
102,0.80-1.00,0.8,1.0,0.9,85,7,43.64768,43.5331,0.11458000000000368,True
103,0.00-0.05,0.0,0.05,0.025,106,646,36.01851,35.2665,0.7520099999999985,True
103,0.05-0.10,0.05,0.1,0.07500000000000001,45,97,37.36659,37.1925,0.17408999999999963,True
103,0.10-0.15,0.1,0.15,0.125,13,86,38.98171,38.802,0.17971000000000004,True
103,0.15-0.20,0.15,0.2,0.175,20,123,39.8153,39.5427,0.27259999999999707,True
103,0.20-0.25,0.2,0.25,0.225,52,140,40.26524,40.1351,0.13013999999999726,True
103,0.25-0.28,0.25,0.28,0.265,38,72,40.69293,40.5139,0.17902999999999736,True
103,0.28-0.32,0.28,0.32,0.30000000000000004,62,100,40.93472,40.9018,0.032919999999997174,True
103,0.32-0.35,0.32,0.35,0.33499999999999996,81,71,41.21969,41.1012,0.11849000000000132,True
103,0.35-0.40,0.35,0.4,0.375,98,66,41.44377,41.3794,0.06437000000000381,True
103,0.40-0.50,0.4,0.5,0.45,205,100,41.97567,41.8131,0.16257000000000232,True
103,0.50-0.60,0.5,0.6,0.55,232,83,42.4688,42.3205,0.148299999999999,True
103,0.60-0.70,0.6,0.7,0.6499999999999999,221,56,42.92792,42.7805,0.14741999999999678,True
103,0.70-0.80,0.7,0.8,0.75,95,47,43.30862,43.1675,0.1411200000000008,True
103,0.80-1.00,0.8,1.0,0.9,85,7,43.68398,43.5331,0.1508800000000008,True
104,0.00-0.05,0.0,0.05,0.025,106,646,36.04309,35.2665,0.7765899999999988,True
104,0.05-0.10,0.05,0.1,0.07500000000000001,45,97,37.20911,37.1925,0.016610000000000014,True
104,0.10-0.15,0.1,0.15,0.125,13,86,38.89598,38.802,0.09398000000000195,True
104,0.15-0.20,0.15,0.2,0.175,20,123,39.74864,39.5427,0.20593999999999824,True
104,0.20-0.25,0.2,0.25,0.225,52,140,40.26777,40.1351,0.1326699999999974,True
104,0.25-0.28,0.25,0.28,0.265,38,72,40.66634,40.5139,0.15243999999999858,True
104,0.28-0.32,0.28,0.32,0.30000000000000004,62,100,40.93472,40.9018,0.032919999999997174,True
104,0.32-0.35,0.32,0.35,0.33499999999999996,81,71,41.20651,41.1012,0.1053100000000029,True
104,0.35-0.40,0.35,0.4,0.375,98,66,41.45362,41.3794,0.07422000000000395,True
104,0.40-0.50,0.4,0.5,0.45,205,100,41.97567,41.8131,0.16257000000000232,True
104,0.50-0.60,0.5,0.6,0.55,232,83,42.4499,42.3205,0.12939999999999685,True
104,0.60-0.70,0.6,0.7,0.6499999999999999,221,56,42.92792,42.7805,0.14741999999999678,True
104,0.70-0.80,0.7,0.8,0.75,95,47,43.30862,43.1675,0.1411200000000008,True
104,0.80-1.00,0.8,1.0,0.9,85,7,43.66049,43.5331,0.12739000000000544,True
105,0.00-0.05,0.0,0.05,0.025,106,646,36.01851,35.2665,0.7520099999999985,True
105,0.05-0.10,0.05,0.1,0.07500000000000001,45,97,37.34903,37.1925,0.1565299999999965,True
105,0.10-0.15,0.1,0.15,0.125,13,86,38.87889,38.802,0.07688999999999879,True
105,0.15-0.20,0.15,0.2,0.175,20,123,39.8153,39.5427,0.27259999999999707,True
105,0.20-0.25,0.2,0.25,0.225,52,140,40.26232,40.1351,0.12722000000000122,True
105,0.25-0.28,0.25,0.28,0.265,38,72,40.6058,40.5139,0.09190000000000254,True
105,0.28-0.32,0.28,0.32,0.30000000000000004,62,100,40.93472,40.9018,0.032919999999997174,True
105,0.32-0.35,0.32,0.35,0.33499999999999996,81,71,41.22336,41.1012,0.12216000000000093,True
105,0.35-0.40,0.35,0.4,0.375,98,66,41.46815,41.3794,0.08875000000000455,True
105,0.40-0.50,0.4,0.5,0.45,205,100,41.96879,41.8131,0.15568999999999988,True
105,0.50-0.60,0.5,0.6,0.55,232,83,42.45886,42.3205,0.1383599999999987,True
105,0.60-0.70,0.6,0.7,0.6499999999999999,221,56,42.92792,42.7805,0.14741999999999678,True
105,0.70-0.80,0.7,0.8,0.75,95,47,43.31795,43.1675,0.1504500000000064,True
105,0.80-1.00,0.8,1.0,0.9,85,7,43.64768,43.5331,0.11458000000000368,True
106,0.00-0.05,0.0,0.05,0.025,106,646,36.02516,35.2665,0.758659999999999,True
106,0.05-0.10,0.05,0.1,0.07500000000000001,45,97,37.20911,37.1925,0.016610000000000014,True
106,0.10-0.15,0.1,0.15,0.125,13,86,39.16841,38.802,0.3664100000000019,True
106,0.15-0.20,0.15,0.2,0.175,20,123,39.74864,39.5427,0.20593999999999824,True
106,0.20-0.25,0.2,0.25,0.225,52,140,40.26524,40.1351,0.13013999999999726,True
106,0.25-0.28,0.25,0.28,0.265,38,72,40.65338,40.5139,0.13947999999999894,True
106,0.28-0.32,0.28,0.32,0.30000000000000004,62,100,40.93882,40.9018,0.037019999999998277,True
106,0.32-0.35,0.32,0.35,0.33499999999999996,81,71,41.22103,41.1012,0.11983000000000033,True
106,0.35-0.40,0.35,0.4,0.375,98,66,41.46099,41.3794,0.0815900000000056,True
106,0.40-0.50,0.4,0.5,0.45,205,100,41.99253,41.8131,0.17943000000000353,True
106,0.50-0.60,0.5,0.6,0.55,232,83,42.4341,42.3205,0.11359999999999815,True
106,0.60-0.70,0.6,0.7,0.6499999999999999,221,56,42.92792,42.7805,0.14741999999999678,True
106,0.70-0.80,0.7,0.8,0.75,95,47,43.31795,43.1675,0.1504500000000064,True
106,0.80-1.00,0.8,1.0,0.9,85,7,43.70035,43.5331,0.16725000000000279,True
107,0.00-0.05,0.0,0.05,0.025,106,646,35.94327,35.2665,0.6767699999999977,True
107,0.05-0.10,0.05,0.1,0.07500000000000001,45,97,37.1975,37.1925,0.0049999999999954525,True
107,0.10-0.15,0.1,0.15,0.125,13,86,39.29023,38.802,0.4882300000000015,True
107,0.15-0.20,0.15,0.2,0.175,20,123,39.8153,39.5427,0.27259999999999707,True
107,0.20-0.25,0.2,0.25,0.225,52,140,40.24418,40.1351,0.10907999999999873,True
107,0.25-0.28,0.25,0.28,0.265,38,72,40.67029,40.5139,0.1563900000000018,True
107,0.28-0.32,0.28,0.32,0.30000000000000004,62,100,40.93472,40.9018,0.032919999999997174,True
107,0.32-0.35,0.32,0.35,0.33499999999999996,81,71,41.22274,41.1012,0.12154000000000309,True
107,0.35-0.40,0.35,0.4,0.375,98,66,41.45703,41.3794,0.0776300000000063,True
107,0.40-0.50,0.4,0.5,0.45,205,100,41.98253,41.8131,0.16942999999999842,True
107,0.50-0.60,0.5,0.6,0.55,232,83,42.48339,42.3205,0.16288999999999731,True
107,0.60-0.70,0.6,0.7,0.6499999999999999,221,56,42.92792,42.7805,0.14741999999999678,True
107,0.70-0.80,0.7,0.8,0.75,95,47,43.30631,43.1675,0.13881000000000654,True
107,0.80-1.00,0.8,1.0,0.9,85,7,43.68398,43.5331,0.1508800000000008,True
108,0.00-0.05,0.0,0.05,0.025,106,646,36.04309,35.2665,0.7765899999999988,True
108,0.05-0.10,0.05,0.1,0.07500000000000001,45,97,37.36659,37.1925,0.17408999999999963,True
108,0.10-0.15,0.1,0.15,0.125,13,86,38.89598,38.802,0.09398000000000195,True
108,0.15-0.20,0.15,0.2,0.175,20,123,39.74864,39.5427,0.20593999999999824,True
108,0.20-0.25,0.2,0.25,0.225,52,140,40.25572,40.1351,0.12061999999999529,True
108,0.25-0.28,0.25,0.28,0.265,38,72,40.66311,40.5139,0.14921000000000362,True
108,0.28-0.32,0.28,0.32,0.30000000000000004,62,100,40.93882,40.9018,0.037019999999998277,True
108,0.32-0.35,0.32,0.35,0.33499999999999996,81,71,41.22103,41.1012,0.11983000000000033,True
108,0.35-0.40,0.35,0.4,0.375,98,66,41.44377,41.3794,0.06437000000000381,True
108,0.40-0.50,0.4,0.5,0.45,205,100,41.97567,41.8131,0.16257000000000232,True
108,0.50-0.60,0.5,0.6,0.55,232,83,42.4688,42.3205,0.148299999999999,True
108,0.60-0.70,0.6,0.7,0.6499999999999999,221,56,42.92792,42.7805,0.14741999999999678,True
108,0.70-0.80,0.7,0.8,0.75,95,47,43.30747,43.1675,0.13997000000000526,True
108,0.80-1.00,0.8,1.0,0.9,85,7,43.64144,43.5331,0.10834000000000543,True
109,0.00-0.05,0.0,0.05,0.025,106,646,36.00728,35.2665,0.7407800000000009,True
109,0.05-0.10,0.05,0.1,0.07500000000000001,45,97,37.36659,37.1925,0.17408999999999963,True
109,0.10-0.15,0.1,0.15,0.125,13,86,39.16841,38.802,0.3664100000000019,True
109,0.15-0.20,0.15,0.2,0.175,20,123,39.74864,39.5427,0.20593999999999824,True
109,0.20-0.25,0.2,0.25,0.225,52,140,40.26777,40.1351,0.1326699999999974,True
109,0.25-0.28,0.25,0.28,0.265,38,72,40.66634,40.5139,0.15243999999999858,True
109,0.28-0.32,0.28,0.32,0.30000000000000004,62,100,40.93472,40.9018,0.032919999999997174,True
109,0.32-0.35,0.32,0.35,0.33499999999999996,81,71,41.22274,41.1012,0.12154000000000309,True
109,0.35-0.40,0.35,0.4,0.375,98,66,41.45362,41.3794,0.07422000000000395,True
109,0.40-0.50,0.4,0.5,0.45,205,100,41.96742,41.8131,0.15431999999999846,True
109,0.50-0.60,0.5,0.6,0.55,232,83,42.47441,42.3205,0.15390999999999622,True
109,0.60-0.70,0.6,0.7,0.6499999999999999,221,56,42.92792,42.7805,0.14741999999999678,True
109,0.70-0.80,0.7,0.8,0.75,95,47,43.31795,43.1675,0.1504500000000064,True
109,0.80-1.00,0.8,1.0,0.9,85,7,43.66049,43.5331,0.12739000000000544,True
110,0.00-0.05,0.0,0.05,0.025,106,646,36.01851,35.2665,0.7520099999999985,True
110,0.05-0.10,0.05,0.1,0.07500000000000001,45,97,37.20488,37.1925,0.01238000000000028,True
110,0.10-0.15,0.1,0.15,0.125,13,86,39.29023,38.802,0.4882300000000015,True
110,0.15-0.20,0.15,0.2,0.175,20,123,39.8153,39.5427,0.27259999999999707,True
110,0.20-0.25,0.2,0.25,0.225,52,140,40.26524,40.1351,0.13013999999999726,True
110,0.25-0.28,0.25,0.28,0.265,38,72,40.66634,40.5139,0.15243999999999858,True
110,0.28-0.32,0.28,0.32,0.30000000000000004,62,100,40.93935,40.9018,0.037549999999995975,True
110,0.32-0.35,0.32,0.35,0.33499999999999996,81,71,41.22336,41.1012,0.12216000000000093,True
110,0.35-0.40,0.35,0.4,0.375,98,66,41.46707,41.3794,0.0876700000000028,True
110,0.40-0.50,0.4,0.5,0.45,205,100,41.96879,41.8131,0.15568999999999988,True
110,0.50-0.60,0.5,0.6,0.55,232,83,42.4688,42.3205,0.148299999999999,True
110,0.60-0.70,0.6,0.7,0.6499999999999999,221,56,42.92792,42.7805,0.14741999999999678,True
110,0.70-0.80,0.7,0.8,0.75,95,47,43.30297,43.1675,0.1354700000000051,True
110,0.80-1.00,0.8,1.0,0.9,85,7,43.68398,43.5331,0.1508800000000008,True
111,0.00-0.05,0.0,0.05,0.025,106,646,36.04309,35.2665,0.7765899999999988,True
111,0.05-0.10,0.05,0.1,0.07500000000000001,45,97,37.37352,37.1925,0.18101999999999663,True
111,0.10-0.15,0.1,0.15,0.125,13,86,39.16841,38.802,0.3664100000000019,True
111,0.15-0.20,0.15,0.2,0.175,20,123,39.74864,39.5427,0.20593999999999824,True
111,0.20-0.25,0.2,0.25,0.225,52,140,40.26524,40.1351,0.13013999999999726,True
111,0.25-0.28,0.25,0.28,0.265,38,72,40.6088,40.5139,0.09490000000000265,True
111,0.28-0.32,0.28,0.32,0.30000000000000004,62,100,40.93181,40.9018,0.030009999999997206,True
111,0.32-0.35,0.32,0.35,0.33499999999999996,81,71,41.22103,41.1012,0.11983000000000033,True
111,0.35-0.40,0.35,0.4,0.375,98,66,41.44377,41.3794,0.06437000000000381,True
111,0.40-0.50,0.4,0.5,0.45,205,100,41.98525,41.8131,0.17215000000000202,True
111,0.50-0.60,0.5,0.6,0.55,232,83,42.47376,42.3205,0.15325999999999596,True
111,0.60-0.70,0.6,0.7,0.6499999999999999,221,56,42.93457,42.7805,0.15406999999999726,True
111,0.70-0.80,0.7,0.8,0.75,95,47,43.31795,43.1675,0.1504500000000064,True
111,0.80-1.00,0.8,1.0,0.9,85,7,43.68131,43.5331,0.14821000000000595,True
112,0.00-0.05,0.0,0.05,0.025,106,646,36.00728,35.2665,0.7407800000000009,True
112,0.05-0.10,0.05,0.1,0.07500000000000001,45,97,37.34903,37.1925,0.1565299999999965,True
112,0.10-0.15,0.1,0.15,0.125,13,86,39.16841,38.802,0.3664100000000019,True
112,0.15-0.20,0.15,0.2,0.175,20,123,39.78048,39.5427,0.23777999999999366,True
112,0.20-0.25,0.2,0.25,0.225,52,140,40.26524,40.1351,0.13013999999999726,True
112,0.25-0.28,0.25,0.28,0.265,38,72,40.66311,40.5139,0.14921000000000362,True
112,0.28-0.32,0.28,0.32,0.30000000000000004,62,100,40.90452,40.9018,0.002719999999996503,True
112,0.32-0.35,0.32,0.35,0.33499999999999996,81,71,41.22103,41.1012,0.11983000000000033,True
112,0.35-0.40,0.35,0.4,0.375,98,66,41.45703,41.3794,0.0776300000000063,True
112,0.40-0.50,0.4,0.5,0.45,205,100,41.98288,41.8131,0.16978000000000293,True
112,0.50-0.60,0.5,0.6,0.55,232,83,42.46451,42.3205,0.14400999999999442,True
112,0.60-0.70,0.6,0.7,0.6499999999999999,221,56,42.92792,42.7805,0.14741999999999678,True
112,0.70-0.80,0.7,0.8,0.75,95,47,43.32008,43.1675,0.15258000000000038,True
112,0.80-1.00,0.8,1.0,0.9,85,7,43.66049,43.5331,0.12739000000000544,True
113,0.00-0.05,0.0,0.05,0.025,106,646,36.06484,35.2665,0.798339999999996,True
113,0.05-0.10,0.05,0.1,0.07500000000000001,45,97,37.20488,37.1925,0.01238000000000028,True
113,0.10-0.15,0.1,0.15,0.125,13,86,39.00672,38.802,0.2047200000000018,True
113,0.15-0.20,0.15,0.2,0.175,20,123,39.69446,39.5427,0.1517599999999959,True
113,0.20-0.25,0.2,0.25,0.225,52,140,40.25572,40.1351,0.12061999999999529,True
113,0.25-0.28,0.25,0.28,0.265,38,72,40.6088,40.5139,0.09490000000000265,True
113,0.28-0.32,0.28,0.32,0.30000000000000004,62,100,40.89235,40.9018,-0.009450000000001069,True
113,0.32-0.35,0.32,0.35,0.33499999999999996,81,71,41.23238,41.1012,0.13118000000000052,True
113,0.35-0.40,0.35,0.4,0.375,98,66,41.47386,41.3794,0.0944600000000051,True
113,0.40-0.50,0.4,0.5,0.45,205,100,41.98525,41.8131,0.17215000000000202,True
113,0.50-0.60,0.5,0.6,0.55,232,83,42.4424,42.3205,0.12189999999999657,True
113,0.60-0.70,0.6,0.7,0.6499999999999999,221,56,42.92854,42.7805,0.14803999999999462,True
113,0.70-0.80,0.7,0.8,0.75,95,47,43.32792,43.1675,0.160420000000002,True
113,0.80-1.00,0.8,1.0,0.9,85,7,43.6954,43.5331,0.1623000000000019,True
114,0.00-0.05,0.0,0.05,0.025,106,646,36.04919,35.2665,0.7826900000000023,True
114,0.05-0.10,0.05,0.1,0.07500000000000001,45,97,37.1975,37.1925,0.0049999999999954525,True
114,0.10-0.15,0.1,0.15,0.125,13,86,39.00672,38.802,0.2047200000000018,True
114,0.15-0.20,0.15,0.2,0.175,20,123,39.74864,39.5427,0.20593999999999824,True
114,0.20-0.25,0.2,0.25,0.225,52,140,40.25572,40.1351,0.12061999999999529,True
114,0.25-0.28,0.25,0.28,0.265,38,72,40.59566,40.5139,0.08176000000000272,True
114,0.28-0.32,0.28,0.32,0.30000000000000004,62,100,40.93882,40.9018,0.037019999999998277,True
114,0.32-0.35,0.32,0.35,0.33499999999999996,81,71,41.22103,41.1012,0.11983000000000033,True
114,0.35-0.40,0.35,0.4,0.375,98,66,41.44872,41.3794,0.06932000000000471,True
114,0.40-0.50,0.4,0.5,0.45,205,100,41.99253,41.8131,0.17943000000000353,True
114,0.50-0.60,0.5,0.6,0.55,232,83,42.47192,42.3205,0.15141999999999456,True
114,0.60-0.70,0.6,0.7,0.6499999999999999,221,56,42.93407,42.7805,0.15356999999999488,True
114,0.70-0.80,0.7,0.8,0.75,95,47,43.32792,43.1675,0.160420000000002,True
114,0.80-1.00,0.8,1.0,0.9,85,7,43.64768,43.5331,0.11458000000000368,True
115,0.00-0.05,0.0,0.05,0.025,106,646,36.05504,35.2665,0.7885399999999976,True
115,0.05-0.10,0.05,0.1,0.07500000000000001,45,97,37.20488,37.1925,0.01238000000000028,True
115,0.10-0.15,0.1,0.15,0.125,13,86,39.16841,38.802,0.3664100000000019,True
115,0.15-0.20,0.15,0.2,0.175,20,123,39.69446,39.5427,0.1517599999999959,True
115,0.20-0.25,0.2,0.25,0.225,52,140,40.26524,40.1351,0.13013999999999726,True
115,0.25-0.28,0.25,0.28,0.265,38,72,40.65338,40.5139,0.13947999999999894,True
115,0.28-0.32,0.28,0.32,0.30000000000000004,62,100,40.93472,40.9018,0.032919999999997174,True
115,0.32-0.35,0.32,0.35,0.33499999999999996,81,71,41.21681,41.1012,0.11561000000000377,True
115,0.35-0.40,0.35,0.4,0.375,98,66,41.45362,41.3794,0.07422000000000395,True
115,0.40-0.50,0.4,0.5,0.45,205,100,41.96742,41.8131,0.15431999999999846,True
115,0.50-0.60,0.5,0.6,0.55,232,83,42.4584,42.3205,0.1378999999999948,True
115,0.60-0.70,0.6,0.7,0.6499999999999999,221,56,42.94172,42.7805,0.16121999999999304,True
115,0.70-0.80,0.7,0.8,0.75,95,47,43.32792,43.1675,0.160420000000002,True
115,0.80-1.00,0.8,1.0,0.9,85,7,43.69555,43.5331,0.16244999999999976,True
116,0.00-0.05,0.0,0.05,0.025,106,646,36.01851,35.2665,0.7520099999999985,True
116,0.05-0.10,0.05,0.1,0.07500000000000001,45,97,37.20488,37.1925,0.01238000000000028,True
116,0.10-0.15,0.1,0.15,0.125,13,86,38.87889,38.802,0.07688999999999879,True
116,0.15-0.20,0.15,0.2,0.175,20,123,39.78048,39.5427,0.23777999999999366,True
116,0.20-0.25,0.2,0.25,0.225,52,140,40.24144,40.1351,0.10633999999999588,True
116,0.25-0.28,0.25,0.28,0.265,38,72,40.6088,40.5139,0.09490000000000265,True
116,0.28-0.32,0.28,0.32,0.30000000000000004,62,100,40.95914,40.9018,0.057339999999996394,True
116,0.32-0.35,0.32,0.35,0.33499999999999996,81,71,41.21969,41.1012,0.11849000000000132,True
116,0.35-0.40,0.35,0.4,0.375,98,66,41.44872,41.3794,0.06932000000000471,True
116,0.40-0.50,0.4,0.5,0.45,205,100,41.96821,41.8131,0.15511000000000053,True
116,0.50-0.60,0.5,0.6,0.55,232,83,42.45886,42.3205,0.1383599999999987,True
116,0.60-0.70,0.6,0.7,0.6499999999999999,221,56,42.93368,42.7805,0.15317999999999898,True
116,0.70-0.80,0.7,0.8,0.75,95,47,43.32792,43.1675,0.160420000000002,True
116,0.80-1.00,0.8,1.0,0.9,85,7,43.66835,43.5331,0.1352499999999992,True
117,0.00-0.05,0.0,0.05,0.025,106,646,36.05504,35.2665,0.7885399999999976,True
117,0.05-0.10,0.05,0.1,0.07500000000000001,45,97,37.1975,37.1925,0.0049999999999954525,True
117,0.10-0.15,0.1,0.15,0.125,13,86,38.98171,38.802,0.17971000000000004,True
117,0.15-0.20,0.15,0.2,0.175,20,123,39.8153,39.5427,0.27259999999999707,True
117,0.20-0.25,0.2,0.25,0.225,52,140,40.24144,40.1351,0.10633999999999588,True
117,0.25-0.28,0.25,0.28,0.265,38,72,40.66634,40.5139,0.15243999999999858,True
117,0.28-0.32,0.28,0.32,0.30000000000000004,62,100,40.93135,40.9018,0.02955000000000041,True
117,0.32-0.35,0.32,0.35,0.33499999999999996,81,71,41.21969,41.1012,0.11849000000000132,True
117,0.35-0.40,0.35,0.4,0.375,98,66,41.45703,41.3794,0.0776300000000063,True
117,0.40-0.50,0.4,0.5,0.45,205,100,41.97907,41.8131,0.1659700000000015,True
117,0.50-0.60,0.5,0.6,0.55,232,83,42.46451,42.3205,0.14400999999999442,True
117,0.60-0.70,0.6,0.7,0.6499999999999999,221,56,42.92792,42.7805,0.14741999999999678,True
117,0.70-0.80,0.7,0.8,0.75,95,47,43.33248,43.1675,0.1649799999999999,True
117,0.80-1.00,0.8,1.0,0.9,85,7,43.66049,43.5331,0.12739000000000544,True
118,0.00-0.05,0.0,0.05,0.025,106,646,36.04919,35.2665,0.7826900000000023,True
118,0.05-0.10,0.05,0.1,0.07500000000000001,45,97,37.36253,37.1925,0.17002999999999702,True
118,0.10-0.15,0.1,0.15,0.125,13,86,39.00672,38.802,0.2047200000000018,True
118,0.15-0.20,0.15,0.2,0.175,20,123,39.78048,39.5427,0.23777999999999366,True
118,0.20-0.25,0.2,0.25,0.225,52,140,40.25625,40.1351,0.12115000000000009,True
118,0.25-0.28,0.25,0.28,0.265,38,72,40.65338,40.5139,0.13947999999999894,True
118,0.28-0.32,0.28,0.32,0.30000000000000004,62,100,40.89713,40.9018,-0.004670000000004393,True
118,0.32-0.35,0.32,0.35,0.33499999999999996,81,71,41.22103,41.1012,0.11983000000000033,True
118,0.35-0.40,0.35,0.4,0.375,98,66,41.46815,41.3794,0.08875000000000455,True
118,0.40-0.50,0.4,0.5,0.45,205,100,41.98253,41.8131,0.16942999999999842,True
118,0.50-0.60,0.5,0.6,0.55,232,83,42.46451,42.3205,0.14400999999999442,True
118,0.60-0.70,0.6,0.7,0.6499999999999999,221,56,42.92792,42.7805,0.14741999999999678,True
118,0.70-0.80,0.7,0.8,0.75,95,47,43.30862,43.1675,0.1411200000000008,True
118,0.80-1.00,0.8,1.0,0.9,85,7,43.64768,43.5331,0.11458000000000368,True
119,0.00-0.05,0.0,0.05,0.025,106,646,36.01068,35.2665,0.7441800000000001,True
119,0.05-0.10,0.05,0.1,0.07500000000000001,45,97,37.20911,37.1925,0.016610000000000014,True
119,0.10-0.15,0.1,0.15,0.125,13,86,38.98171,38.802,0.17971000000000004,True
119,0.15-0.20,0.15,0.2,0.175,20,123,39.78048,39.5427,0.23777999999999366,True
119,0.20-0.25,0.2,0.25,0.225,52,140,40.25572,40.1351,0.12061999999999529,True
119,0.25-0.28,0.25,0.28,0.265,38,72,40.66311,40.5139,0.14921000000000362,True
119,0.28-0.32,0.28,0.32,0.30000000000000004,62,100,40.93135,40.9018,0.02955000000000041,True
119,0.32-0.35,0.32,0.35,0.33499999999999996,81,71,41.21681,41.1012,0.11561000000000377,True
119,0.35-0.40,0.35,0.4,0.375,98,66,41.45362,41.3794,0.07422000000000395,True
119,0.40-0.50,0.4,0.5,0.45,205,100,41.99425,41.8131,0.18115000000000236,True
119,0.50-0.60,0.5,0.6,0.55,232,83,42.47726,42.3205,0.15675999999999846,True
119,0.60-0.70,0.6,0.7,0.6499999999999999,221,56,42.93368,42.7805,0.15317999999999898,True
119,0.70-0.80,0.7,0.8,0.75,95,47,43.32792,43.1675,0.160420000000002,True
119,0.80-1.00,0.8,1.0,0.9,85,7,43.68131,43.5331,0.14821000000000595,True
120,0.00-0.05,0.0,0.05,0.025,106,646,36.01851,35.2665,0.7520099999999985,True
120,0.05-0.10,0.05,0.1,0.07500000000000001,45,97,37.20911,37.1925,0.016610000000000014,True
120,0.10-0.15,0.1,0.15,0.125,13,86,38.87889,38.802,0.07688999999999879,True
120,0.15-0.20,0.15,0.2,0.175,20,123,39.59667,39.5427,0.05396999999999963,True
120,0.20-0.25,0.2,0.25,0.225,52,140,40.26524,40.1351,0.13013999999999726,True
120,0.25-0.28,0.25,0.28,0.265,38,72,40.66311,40.5139,0.14921000000000362,True
120,0.28-0.32,0.28,0.32,0.30000000000000004,62,100,40.93882,40.9018,0.037019999999998277,True
120,0.32-0.35,0.32,0.35,0.33499999999999996,81,71,41.21969,41.1012,0.11849000000000132,True
120,0.35-0.40,0.35,0.4,0.375,98,66,41.46707,41.3794,0.0876700000000028,True
120,0.40-0.50,0.4,0.5,0.45,205,100,41.96879,41.8131,0.15568999999999988,True
120,0.50-0.60,0.5,0.6,0.55,232,83,42.45886,42.3205,0.1383599999999987,True
120,0.60-0.70,0.6,0.7,0.6499999999999999,221,56,42.92792,42.7805,0.14741999999999678,True
120,0.70-0.80,0.7,0.8,0.75,95,47,43.32008,43.1675,0.15258000000000038,True
120,0.80-1.00,0.8,1.0,0.9,85,7,43.64144,43.5331,0.10834000000000543,True
121,0.00-0.05,0.0,0.05,0.025,106,646,36.04919,35.2665,0.7826900000000023,True
121,0.05-0.10,0.05,0.1,0.07500000000000001,45,97,37.2229,37.1925,0.030400000000000205,True
121,0.10-0.15,0.1,0.15,0.125,13,86,38.98171,38.802,0.17971000000000004,True
121,0.15-0.20,0.15,0.2,0.175,20,123,39.59667,39.5427,0.05396999999999963,True
121,0.20-0.25,0.2,0.25,0.225,52,140,40.25572,40.1351,0.12061999999999529,True
121,0.25-0.28,0.25,0.28,0.265,38,72,40.66311,40.5139,0.14921000000000362,True
121,0.28-0.32,0.28,0.32,0.30000000000000004,62,100,40.93135,40.9018,0.02955000000000041,True
121,0.32-0.35,0.32,0.35,0.33499999999999996,81,71,41.22103,41.1012,0.11983000000000033,True
121,0.35-0.40,0.35,0.4,0.375,98,66,41.44162,41.3794,0.062220000000003495,True
121,0.40-0.50,0.4,0.5,0.45,205,100,41.96879,41.8131,0.15568999999999988,True
121,0.50-0.60,0.5,0.6,0.55,232,83,42.47376,42.3205,0.15325999999999596,True
121,0.60-0.70,0.6,0.7,0.6499999999999999,221,56,42.92792,42.7805,0.14741999999999678,True
121,0.70-0.80,0.7,0.8,0.75,95,47,43.30631,43.1675,0.13881000000000654,True
121,0.80-1.00,0.8,1.0,0.9,85,7,43.64768,43.5331,0.11458000000000368,True
122,0.00-0.05,0.0,0.05,0.025,106,646,36.01851,35.2665,0.7520099999999985,True
122,0.05-0.10,0.05,0.1,0.07500000000000001,45,97,37.36244,37.1925,0.16993999999999687,True
122,0.10-0.15,0.1,0.15,0.125,13,86,39.29023,38.802,0.4882300000000015,True
122,0.15-0.20,0.15,0.2,0.175,20,123,39.74864,39.5427,0.20593999999999824,True
122,0.20-0.25,0.2,0.25,0.225,52,140,40.26524,40.1351,0.13013999999999726,True
122,0.25-0.28,0.25,0.28,0.265,38,72,40.66634,40.5139,0.15243999999999858,True
122,0.28-0.32,0.28,0.32,0.30000000000000004,62,100,40.93882,40.9018,0.037019999999998277,True
122,0.32-0.35,0.32,0.35,0.33499999999999996,81,71,41.21681,41.1012,0.11561000000000377,True
122,0.35-0.40,0.35,0.4,0.375,98,66,41.43197,41.3794,0.05257000000000289,True
122,0.40-0.50,0.4,0.5,0.45,205,100,41.99291,41.8131,0.17981000000000336,True
122,0.50-0.60,0.5,0.6,0.55,232,83,42.45335,42.3205,0.1328499999999977,True
122,0.60-0.70,0.6,0.7,0.6499999999999999,221,56,42.92792,42.7805,0.14741999999999678,True
122,0.70-0.80,0.7,0.8,0.75,95,47,43.32792,43.1675,0.160420000000002,True
122,0.80-1.00,0.8,1.0,0.9,85,7,43.68398,43.5331,0.1508800000000008,True
123,0.00-0.05,0.0,0.05,0.025,106,646,36.02516,35.2665,0.758659999999999,True
123,0.05-0.10,0.05,0.1,0.07500000000000001,45,97,37.36659,37.1925,0.17408999999999963,True
123,0.10-0.15,0.1,0.15,0.125,13,86,39.00672,38.802,0.2047200000000018,True
123,0.15-0.20,0.15,0.2,0.175,20,123,39.78048,39.5427,0.23777999999999366,True
123,0.20-0.25,0.2,0.25,0.225,52,140,40.25572,40.1351,0.12061999999999529,True
123,0.25-0.28,0.25,0.28,0.265,38,72,40.59566,40.5139,0.08176000000000272,True
123,0.28-0.32,0.28,0.32,0.30000000000000004,62,100,40.93472,40.9018,0.032919999999997174,True
123,0.32-0.35,0.32,0.35,0.33499999999999996,81,71,41.21681,41.1012,0.11561000000000377,True
123,0.35-0.40,0.35,0.4,0.375,98,66,41.45362,41.3794,0.07422000000000395,True
123,0.40-0.50,0.4,0.5,0.45,205,100,41.95528,41.8131,0.1421800000000033,True
123,0.50-0.60,0.5,0.6,0.55,232,83,42.47071,42.3205,0.15020999999999418,True
123,0.60-0.70,0.6,0.7,0.6499999999999999,221,56,42.92854,42.7805,0.14803999999999462,True
123,0.70-0.80,0.7,0.8,0.75,95,47,43.32008,43.1675,0.15258000000000038,True
123,0.80-1.00,0.8,1.0,0.9,85,7,43.72414,43.5331,0.191040000000001,True
124,0.00-0.05,0.0,0.05,0.025,106,646,35.99892,35.2665,0.7324199999999976,True
124,0.05-0.10,0.05,0.1,0.07500000000000001,45,97,37.36177,37.1925,0.16926999999999737,True
124,0.10-0.15,0.1,0.15,0.125,13,86,39.29882,38.802,0.4968199999999996,True
124,0.15-0.20,0.15,0.2,0.175,20,123,39.69446,39.5427,0.1517599999999959,True
124,0.20-0.25,0.2,0.25,0.225,52,140,40.24418,40.1351,0.10907999999999873,True
124,0.25-0.28,0.25,0.28,0.265,38,72,40.66311,40.5139,0.14921000000000362,True
124,0.28-0.32,0.28,0.32,0.30000000000000004,62,100,40.93472,40.9018,0.032919999999997174,True
124,0.32-0.35,0.32,0.35,0.33499999999999996,81,71,41.20996,41.1012,0.10876000000000374,True
124,0.35-0.40,0.35,0.4,0.375,98,66,41.44872,41.3794,0.06932000000000471,True
124,0.40-0.50,0.4,0.5,0.45,205,100,41.96879,41.8131,0.15568999999999988,True
124,0.50-0.60,0.5,0.6,0.55,232,83,42.47441,42.3205,0.15390999999999622,True
124,0.60-0.70,0.6,0.7,0.6499999999999999,221,56,42.92792,42.7805,0.14741999999999678,True
124,0.70-0.80,0.7,0.8,0.75,95,47,43.32792,43.1675,0.160420000000002,True
124,0.80-1.00,0.8,1.0,0.9,85,7,43.68398,43.5331,0.1508800000000008,True
125,0.00-0.05,0.0,0.05,0.025,106,646,36.04309,35.2665,0.7765899999999988,True
125,0.05-0.10,0.05,0.1,0.07500000000000001,45,97,37.1975,37.1925,0.0049999999999954525,True
125,0.10-0.15,0.1,0.15,0.125,13,86,38.87889,38.802,0.07688999999999879,True
125,0.15-0.20,0.15,0.2,0.175,20,123,39.74864,39.5427,0.20593999999999824,True
125,0.20-0.25,0.2,0.25,0.225,52,140,40.24418,40.1351,0.10907999999999873,True
125,0.25-0.28,0.25,0.28,0.265,38,72,40.66634,40.5139,0.15243999999999858,True
125,0.28-0.32,0.28,0.32,0.30000000000000004,62,100,40.93135,40.9018,0.02955000000000041,True
125,0.32-0.35,0.32,0.35,0.33499999999999996,81,71,41.21681,41.1012,0.11561000000000377,True
125,0.35-0.40,0.35,0.4,0.375,98,66,41.43197,41.3794,0.05257000000000289,True
125,0.40-0.50,0.4,0.5,0.45,205,100,41.96821,41.8131,0.15511000000000053,True
125,0.50-0.60,0.5,0.6,0.55,232,83,42.47023,42.3205,0.14972999999999814,True
125,0.60-0.70,0.6,0.7,0.6499999999999999,221,56,42.92792,42.7805,0.14741999999999678,True
125,0.70-0.80,0.7,0.8,0.75,95,47,43.31795,43.1675,0.1504500000000064,True
125,0.80-1.00,0.8,1.0,0.9,85,7,43.66835,43.5331,0.1352499999999992,True
126,0.00-0.05,0.0,0.05,0.025,106,646,36.01126,35.2665,0.7447599999999994,True
126,0.05-0.10,0.05,0.1,0.07500000000000001,45,97,37.20911,37.1925,0.016610000000000014,True
126,0.10-0.15,0.1,0.15,0.125,13,86,38.98171,38.802,0.17971000000000004,True
126,0.15-0.20,0.15,0.2,0.175,20,123,39.74864,39.5427,0.20593999999999824,True
126,0.20-0.25,0.2,0.25,0.225,52,140,40.26524,40.1351,0.13013999999999726,True
126,0.25-0.28,0.25,0.28,0.265,38,72,40.65338,40.5139,0.13947999999999894,True
126,0.28-0.32,0.28,0.32,0.30000000000000004,62,100,40.93472,40.9018,0.032919999999997174,True
126,0.32-0.35,0.32,0.35,0.33499999999999996,81,71,41.21969,41.1012,0.11849000000000132,True
126,0.35-0.40,0.35,0.4,0.375,98,66,41.45703,41.3794,0.0776300000000063,True
126,0.40-0.50,0.4,0.5,0.45,205,100,41.98525,41.8131,0.17215000000000202,True
126,0.50-0.60,0.5,0.6,0.55,232,83,42.4584,42.3205,0.1378999999999948,True
126,0.60-0.70,0.6,0.7,0.6499999999999999,221,56,42.92792,42.7805,0.14741999999999678,True
126,0.70-0.80,0.7,0.8,0.75,95,47,43.30862,43.1675,0.1411200000000008,True
126,0.80-1.00,0.8,1.0,0.9,85,7,43.66049,43.5331,0.12739000000000544,True
127,0.00-0.05,0.0,0.05,0.025,106,646,35.9177,35.2665,0.6512000000000029,True
127,0.05-0.10,0.05,0.1,0.07500000000000001,45,97,37.20911,37.1925,0.016610000000000014,True
127,0.10-0.15,0.1,0.15,0.125,13,86,38.87889,38.802,0.07688999999999879,True
127,0.15-0.20,0.15,0.2,0.175,20,123,39.69446,39.5427,0.1517599999999959,True
127,0.20-0.25,0.2,0.25,0.225,52,140,40.26524,40.1351,0.13013999999999726,True
127,0.25-0.28,0.25,0.28,0.265,38,72,40.59566,40.5139,0.08176000000000272,True
127,0.28-0.32,0.28,0.32,0.30000000000000004,62,100,40.93181,40.9018,0.030009999999997206,True
127,0.32-0.35,0.32,0.35,0.33499999999999996,81,71,41.20651,41.1012,0.1053100000000029,True
127,0.35-0.40,0.35,0.4,0.375,98,66,41.43008,41.3794,0.050679999999999836,True
127,0.40-0.50,0.4,0.5,0.45,205,100,41.97567,41.8131,0.16257000000000232,True
127,0.50-0.60,0.5,0.6,0.55,232,83,42.45886,42.3205,0.1383599999999987,True
127,0.60-0.70,0.6,0.7,0.6499999999999999,221,56,42.93457,42.7805,0.15406999999999726,True
127,0.70-0.80,0.7,0.8,0.75,95,47,43.30862,43.1675,0.1411200000000008,True
127,0.80-1.00,0.8,1.0,0.9,85,7,43.6954,43.5331,0.1623000000000019,True
128,0.00-0.05,0.0,0.05,0.025,106,646,36.00315,35.2665,0.7366499999999974,True
128,0.05-0.10,0.05,0.1,0.07500000000000001,45,97,37.39806,37.1925,0.2055599999999984,True
128,0.10-0.15,0.1,0.15,0.125,13,86,38.87889,38.802,0.07688999999999879,True
128,0.15-0.20,0.15,0.2,0.175,20,123,39.59667,39.5427,0.05396999999999963,True
128,0.20-0.25,0.2,0.25,0.225,52,140,40.26232,40.1351,0.12722000000000122,True
128,0.25-0.28,0.25,0.28,0.265,38,72,40.6088,40.5139,0.09490000000000265,True
128,0.28-0.32,0.28,0.32,0.30000000000000004,62,100,40.93472,40.9018,0.032919999999997174,True
128,0.32-0.35,0.32,0.35,0.33499999999999996,81,71,41.21254,41.1012,0.11133999999999844,True
128,0.35-0.40,0.35,0.4,0.375,98,66,41.46815,41.3794,0.08875000000000455,True
128,0.40-0.50,0.4,0.5,0.45,205,100,41.98488,41.8131,0.17177999999999827,True
128,0.50-0.60,0.5,0.6,0.55,232,83,42.4688,42.3205,0.148299999999999,True
128,0.60-0.70,0.6,0.7,0.6499999999999999,221,56,42.92792,42.7805,0.14741999999999678,True
128,0.70-0.80,0.7,0.8,0.75,95,47,43.31795,43.1675,0.1504500000000064,True
128,0.80-1.00,0.8,1.0,0.9,85,7,43.72233,43.5331,0.189230000000002,True
129,0.00-0.05,0.0,0.05,0.025,106,646,36.01068,35.2665,0.7441800000000001,True
129,0.05-0.10,0.05,0.1,0.07500000000000001,45,97,37.34903,37.1925,0.1565299999999965,True
129,0.10-0.15,0.1,0.15,0.125,13,86,39.16841,38.802,0.3664100000000019,True
129,0.15-0.20,0.15,0.2,0.175,20,123,39.59667,39.5427,0.05396999999999963,True
129,0.20-0.25,0.2,0.25,0.225,52,140,40.26524,40.1351,0.13013999999999726,True
129,0.25-0.28,0.25,0.28,0.265,38,72,40.65338,40.5139,0.13947999999999894,True
129,0.28-0.32,0.28,0.32,0.30000000000000004,62,100,40.93472,40.9018,0.032919999999997174,True
129,0.32-0.35,0.32,0.35,0.33499999999999996,81,71,41.21254,41.1012,0.11133999999999844,True
129,0.35-0.40,0.35,0.4,0.375,98,66,41.43197,41.3794,0.05257000000000289,True
129,0.40-0.50,0.4,0.5,0.45,205,100,41.98288,41.8131,0.16978000000000293,True
129,0.50-0.60,0.5,0.6,0.55,232,83,42.45886,42.3205,0.1383599999999987,True
129,0.60-0.70,0.6,0.7,0.6499999999999999,221,56,42.92792,42.7805,0.14741999999999678,True
129,0.70-0.80,0.7,0.8,0.75,95,47,43.32792,43.1675,0.160420000000002,True
129,0.80-1.00,0.8,1.0,0.9,85,7,43.66835,43.5331,0.1352499999999992,True
130,0.00-0.05,0.0,0.05,0.025,106,646,35.99496,35.2665,0.7284599999999983,True
130,0.05-0.10,0.05,0.1,0.07500000000000001,45,97,37.36244,37.1925,0.16993999999999687,True
130,0.10-0.15,0.1,0.15,0.125,13,86,39.00672,38.802,0.2047200000000018,True
130,0.15-0.20,0.15,0.2,0.175,20,123,39.78048,39.5427,0.23777999999999366,True
130,0.20-0.25,0.2,0.25,0.225,52,140,40.26232,40.1351,0.12722000000000122,True
130,0.25-0.28,0.25,0.28,0.265,38,72,40.65338,40.5139,0.13947999999999894,True
130,0.28-0.32,0.28,0.32,0.30000000000000004,62,100,40.91041,40.9018,0.008609999999997342,True
130,0.32-0.35,0.32,0.35,0.33499999999999996,81,71,41.22103,41.1012,0.11983000000000033,True
130,0.35-0.40,0.35,0.4,0.375,98,66,41.44377,41.3794,0.06437000000000381,True
130,0.40-0.50,0.4,0.5,0.45,205,100,41.99253,41.8131,0.17943000000000353,True
130,0.50-0.60,0.5,0.6,0.55,232,83,42.47376,42.3205,0.15325999999999596,True
130,0.60-0.70,0.6,0.7,0.6499999999999999,221,56,42.92792,42.7805,0.14741999999999678,True
130,0.70-0.80,0.7,0.8,0.75,95,47,43.31795,43.1675,0.1504500000000064,True
130,0.80-1.00,0.8,1.0,0.9,85,7,43.70035,43.5331,0.16725000000000279,True
131,0.00-0.05,0.0,0.05,0.025,106,646,36.01068,35.2665,0.7441800000000001,True
131,0.05-0.10,0.05,0.1,0.07500000000000001,45,97,37.2229,37.1925,0.030400000000000205,True
131,0.10-0.15,0.1,0.15,0.125,13,86,38.89598,38.802,0.09398000000000195,True
131,0.15-0.20,0.15,0.2,0.175,20,123,39.69446,39.5427,0.1517599999999959,True
131,0.20-0.25,0.2,0.25,0.225,52,140,40.26777,40.1351,0.1326699999999974,True
131,0.25-0.28,0.25,0.28,0.265,38,72,40.69707,40.5139,0.18316999999999695,True
131,0.28-0.32,0.28,0.32,0.30000000000000004,62,100,40.93472,40.9018,0.032919999999997174,True
131,0.32-0.35,0.32,0.35,0.33499999999999996,81,71,41.21681,41.1012,0.11561000000000377,True
131,0.35-0.40,0.35,0.4,0.375,98,66,41.43008,41.3794,0.050679999999999836,True
131,0.40-0.50,0.4,0.5,0.45,205,100,41.99425,41.8131,0.18115000000000236,True
131,0.50-0.60,0.5,0.6,0.55,232,83,42.48851,42.3205,0.16800999999999533,True
131,0.60-0.70,0.6,0.7,0.6499999999999999,221,56,42.92792,42.7805,0.14741999999999678,True
131,0.70-0.80,0.7,0.8,0.75,95,47,43.32792,43.1675,0.160420000000002,True
131,0.80-1.00,0.8,1.0,0.9,85,7,43.66049,43.5331,0.12739000000000544,True
132,0.00-0.05,0.0,0.05,0.025,106,646,36.01068,35.2665,0.7441800000000001,True
132,0.05-0.10,0.05,0.1,0.07500000000000001,45,97,37.36253,37.1925,0.17002999999999702,True
132,0.10-0.15,0.1,0.15,0.125,13,86,39.16841,38.802,0.3664100000000019,True
132,0.15-0.20,0.15,0.2,0.175,20,123,39.59667,39.5427,0.05396999999999963,True
132,0.20-0.25,0.2,0.25,0.225,52,140,40.25625,40.1351,0.12115000000000009,True
132,0.25-0.28,0.25,0.28,0.265,38,72,40.6058,40.5139,0.09190000000000254,True
132,0.28-0.32,0.28,0.32,0.30000000000000004,62,100,40.93882,40.9018,0.037019999999998277,True
132,0.32-0.35,0.32,0.35,0.33499999999999996,81,71,41.22103,41.1012,0.11983000000000033,True
132,0.35-0.40,0.35,0.4,0.375,98,66,41.44872,41.3794,0.06932000000000471,True
132,0.40-0.50,0.4,0.5,0.45,205,100,41.99333,41.8131,0.18023000000000167,True
132,0.50-0.60,0.5,0.6,0.55,232,83,42.4584,42.3205,0.1378999999999948,True
132,0.60-0.70,0.6,0.7,0.6499999999999999,221,56,42.93252,42.7805,0.15201999999999316,True
132,0.70-0.80,0.7,0.8,0.75,95,47,43.31795,43.1675,0.1504500000000064,True
132,0.80-1.00,0.8,1.0,0.9,85,7,43.6954,43.5331,0.1623000000000019,True
133,0.00-0.05,0.0,0.05,0.025,106,646,36.04309,35.2665,0.7765899999999988,True
133,0.05-0.10,0.05,0.1,0.07500000000000001,45,97,37.34903,37.1925,0.1565299999999965,True
133,0.10-0.15,0.1,0.15,0.125,13,86,38.89598,38.802,0.09398000000000195,True
133,0.15-0.20,0.15,0.2,0.175,20,123,39.59667,39.5427,0.05396999999999963,True
133,0.20-0.25,0.2,0.25,0.225,52,140,40.25572,40.1351,0.12061999999999529,True
133,0.25-0.28,0.25,0.28,0.265,38,72,40.6088,40.5139,0.09490000000000265,True
133,0.28-0.32,0.28,0.32,0.30000000000000004,62,100,40.92345,40.9018,0.021650000000001057,True
133,0.32-0.35,0.32,0.35,0.33499999999999996,81,71,41.22274,41.1012,0.12154000000000309,True
133,0.35-0.40,0.35,0.4,0.375,98,66,41.46099,41.3794,0.0815900000000056,True
133,0.40-0.50,0.4,0.5,0.45,205,100,41.98253,41.8131,0.16942999999999842,True
133,0.50-0.60,0.5,0.6,0.55,232,83,42.48074,42.3205,0.1602399999999946,True
133,0.60-0.70,0.6,0.7,0.6499999999999999,221,56,42.93007,42.7805,0.1495699999999971,True
133,0.70-0.80,0.7,0.8,0.75,95,47,43.31795,43.1675,0.1504500000000064,True
133,0.80-1.00,0.8,1.0,0.9,85,7,43.64768,43.5331,0.11458000000000368,True
134,0.00-0.05,0.0,0.05,0.025,106,646,35.99892,35.2665,0.7324199999999976,True
134,0.05-0.10,0.05,0.1,0.07500000000000001,45,97,37.34903,37.1925,0.1565299999999965,True
134,0.10-0.15,0.1,0.15,0.125,13,86,38.87889,38.802,0.07688999999999879,True
134,0.15-0.20,0.15,0.2,0.175,20,123,39.8153,39.5427,0.27259999999999707,True
134,0.20-0.25,0.2,0.25,0.225,52,140,40.24048,40.1351,0.1053799999999967,True
134,0.25-0.28,0.25,0.28,0.265,38,72,40.69293,40.5139,0.17902999999999736,True
134,0.28-0.32,0.28,0.32,0.30000000000000004,62,100,40.89713,40.9018,-0.004670000000004393,True
134,0.32-0.35,0.32,0.35,0.33499999999999996,81,71,41.22103,41.1012,0.11983000000000033,True
134,0.35-0.40,0.35,0.4,0.375,98,66,41.43197,41.3794,0.05257000000000289,True
134,0.40-0.50,0.4,0.5,0.45,205,100,41.99291,41.8131,0.17981000000000336,True
134,0.50-0.60,0.5,0.6,0.55,232,83,42.4424,42.3205,0.12189999999999657,True
134,0.60-0.70,0.6,0.7,0.6499999999999999,221,56,42.92792,42.7805,0.14741999999999678,True
134,0.70-0.80,0.7,0.8,0.75,95,47,43.32008,43.1675,0.15258000000000038,True
134,0.80-1.00,0.8,1.0,0.9,85,7,43.66835,43.5331,0.1352499999999992,True
135,0.00-0.05,0.0,0.05,0.025,106,646,36.01126,35.2665,0.7447599999999994,True
135,0.05-0.10,0.05,0.1,0.07500000000000001,45,97,37.2229,37.1925,0.030400000000000205,True
135,0.10-0.15,0.1,0.15,0.125,13,86,39.29882,38.802,0.4968199999999996,True
135,0.15-0.20,0.15,0.2,0.175,20,123,39.74864,39.5427,0.20593999999999824,True
135,0.20-0.25,0.2,0.25,0.225,52,140,40.26524,40.1351,0.13013999999999726,True
135,0.25-0.28,0.25,0.28,0.265,38,72,40.67029,40.5139,0.1563900000000018,True
135,0.28-0.32,0.28,0.32,0.30000000000000004,62,100,40.89713,40.9018,-0.004670000000004393,True
135,0.32-0.35,0.32,0.35,0.33499999999999996,81,71,41.22274,41.1012,0.12154000000000309,True
135,0.35-0.40,0.35,0.4,0.375,98,66,41.46707,41.3794,0.0876700000000028,True
135,0.40-0.50,0.4,0.5,0.45,205,100,41.96487,41.8131,0.15176999999999907,True
135,0.50-0.60,0.5,0.6,0.55,232,83,42.47573,42.3205,0.15522999999999598,True
135,0.60-0.70,0.6,0.7,0.6499999999999999,221,56,42.93731,42.7805,0.156809999999993,True
135,0.70-0.80,0.7,0.8,0.75,95,47,43.30862,43.1675,0.1411200000000008,True
135,0.80-1.00,0.8,1.0,0.9,85,7,43.68398,43.5331,0.1508800000000008,True
136,0.00-0.05,0.0,0.05,0.025,106,646,36.04309,35.2665,0.7765899999999988,True
136,0.05-0.10,0.05,0.1,0.07500000000000001,45,97,37.20911,37.1925,0.016610000000000014,True
136,0.10-0.15,0.1,0.15,0.125,13,86,39.00672,38.802,0.2047200000000018,True
136,0.15-0.20,0.15,0.2,0.175,20,123,39.74864,39.5427,0.20593999999999824,True
136,0.20-0.25,0.2,0.25,0.225,52,140,40.25572,40.1351,0.12061999999999529,True
136,0.25-0.28,0.25,0.28,0.265,38,72,40.66634,40.5139,0.15243999999999858,True
136,0.28-0.32,0.28,0.32,0.30000000000000004,62,100,40.93181,40.9018,0.030009999999997206,True
136,0.32-0.35,0.32,0.35,0.33499999999999996,81,71,41.21969,41.1012,0.11849000000000132,True
136,0.35-0.40,0.35,0.4,0.375,98,66,41.45362,41.3794,0.07422000000000395,True
136,0.40-0.50,0.4,0.5,0.45,205,100,41.99333,41.8131,0.18023000000000167,True
136,0.50-0.60,0.5,0.6,0.55,232,83,42.47726,42.3205,0.15675999999999846,True
136,0.60-0.70,0.6,0.7,0.6499999999999999,221,56,42.92792,42.7805,0.14741999999999678,True
136,0.70-0.80,0.7,0.8,0.75,95,47,43.33248,43.1675,0.1649799999999999,True
136,0.80-1.00,0.8,1.0,0.9,85,7,43.6954,43.5331,0.1623000000000019,True
137,0.00-0.05,0.0,0.05,0.025,106,646,36.01126,35.2665,0.7447599999999994,True
137,0.05-0.10,0.05,0.1,0.07500000000000001,45,97,37.36659,37.1925,0.17408999999999963,True
137,0.10-0.15,0.1,0.15,0.125,13,86,39.16841,38.802,0.3664100000000019,True
137,0.15-0.20,0.15,0.2,0.175,20,123,39.78048,39.5427,0.23777999999999366,True
137,0.20-0.25,0.2,0.25,0.225,52,140,40.23671,40.1351,0.10161000000000087,True
137,0.25-0.28,0.25,0.28,0.265,38,72,40.65338,40.5139,0.13947999999999894,True
137,0.28-0.32,0.28,0.32,0.30000000000000004,62,100,40.93181,40.9018,0.030009999999997206,True
137,0.32-0.35,0.32,0.35,0.33499999999999996,81,71,41.21969,41.1012,0.11849000000000132,True
137,0.35-0.40,0.35,0.4,0.375,98,66,41.44872,41.3794,0.06932000000000471,True
137,0.40-0.50,0.4,0.5,0.45,205,100,41.98488,41.8131,0.17177999999999827,True
137,0.50-0.60,0.5,0.6,0.55,232,83,42.4584,42.3205,0.1378999999999948,True
137,0.60-0.70,0.6,0.7,0.6499999999999999,221,56,42.92854,42.7805,0.14803999999999462,True
137,0.70-0.80,0.7,0.8,0.75,95,47,43.31795,43.1675,0.1504500000000064,True
137,0.80-1.00,0.8,1.0,0.9,85,7,43.64768,43.5331,0.11458000000000368,True
138,0.00-0.05,0.0,0.05,0.025,106,646,36.00728,35.2665,0.7407800000000009,True
138,0.05-0.10,0.05,0.1,0.07500000000000001,45,97,37.34903,37.1925,0.1565299999999965,True
138,0.10-0.15,0.1,0.15,0.125,13,86,38.89598,38.802,0.09398000000000195,True
138,0.15-0.20,0.15,0.2,0.175,20,123,39.74864,39.5427,0.20593999999999824,True
138,0.20-0.25,0.2,0.25,0.225,52,140,40.25625,40.1351,0.12115000000000009,True
138,0.25-0.28,0.25,0.28,0.265,38,72,40.6088,40.5139,0.09490000000000265,True
138,0.28-0.32,0.28,0.32,0.30000000000000004,62,100,40.93935,40.9018,0.037549999999995975,True
138,0.32-0.35,0.32,0.35,0.33499999999999996,81,71,41.21969,41.1012,0.11849000000000132,True
138,0.35-0.40,0.35,0.4,0.375,98,66,41.45362,41.3794,0.07422000000000395,True
138,0.40-0.50,0.4,0.5,0.45,205,100,41.97907,41.8131,0.1659700000000015,True
138,0.50-0.60,0.5,0.6,0.55,232,83,42.47192,42.3205,0.15141999999999456,True
138,0.60-0.70,0.6,0.7,0.6499999999999999,221,56,42.92792,42.7805,0.14741999999999678,True
138,0.70-0.80,0.7,0.8,0.75,95,47,43.30862,43.1675,0.1411200000000008,True
138,0.80-1.00,0.8,1.0,0.9,85,7,43.6954,43.5331,0.1623000000000019,True
139,0.00-0.05,0.0,0.05,0.025,106,646,36.04919,35.2665,0.7826900000000023,True
139,0.05-0.10,0.05,0.1,0.07500000000000001,45,97,37.20911,37.1925,0.016610000000000014,True
139,0.10-0.15,0.1,0.15,0.125,13,86,39.16841,38.802,0.3664100000000019,True
139,0.15-0.20,0.15,0.2,0.175,20,123,39.74864,39.5427,0.20593999999999824,True
139,0.20-0.25,0.2,0.25,0.225,52,140,40.26524,40.1351,0.13013999999999726,True
139,0.25-0.28,0.25,0.28,0.265,38,72,40.65338,40.5139,0.13947999999999894,True
139,0.28-0.32,0.28,0.32,0.30000000000000004,62,100,40.93181,40.9018,0.030009999999997206,True
139,0.32-0.35,0.32,0.35,0.33499999999999996,81,71,41.22274,41.1012,0.12154000000000309,True
139,0.35-0.40,0.35,0.4,0.375,98,66,41.44162,41.3794,0.062220000000003495,True
139,0.40-0.50,0.4,0.5,0.45,205,100,41.98253,41.8131,0.16942999999999842,True
139,0.50-0.60,0.5,0.6,0.55,232,83,42.47441,42.3205,0.15390999999999622,True
139,0.60-0.70,0.6,0.7,0.6499999999999999,221,56,42.93665,42.7805,0.15614999999999668,True
139,0.70-0.80,0.7,0.8,0.75,95,47,43.30747,43.1675,0.13997000000000526,True
139,0.80-1.00,0.8,1.0,0.9,85,7,43.64768,43.5331,0.11458000000000368,True
140,0.00-0.05,0.0,0.05,0.025,106,646,36.00728,35.2665,0.7407800000000009,True
140,0.05-0.10,0.05,0.1,0.07500000000000001,45,97,37.36244,37.1925,0.16993999999999687,True
140,0.10-0.15,0.1,0.15,0.125,13,86,39.16841,38.802,0.3664100000000019,True
140,0.15-0.20,0.15,0.2,0.175,20,123,39.78048,39.5427,0.23777999999999366,True
140,0.20-0.25,0.2,0.25,0.225,52,140,40.25572,40.1351,0.12061999999999529,True
140,0.25-0.28,0.25,0.28,0.265,38,72,40.67029,40.5139,0.1563900000000018,True
140,0.28-0.32,0.28,0.32,0.30000000000000004,62,100,40.93472,40.9018,0.032919999999997174,True
140,0.32-0.35,0.32,0.35,0.33499999999999996,81,71,41.21969,41.1012,0.11849000000000132,True
140,0.35-0.40,0.35,0.4,0.375,98,66,41.44872,41.3794,0.06932000000000471,True
140,0.40-0.50,0.4,0.5,0.45,205,100,41.96821,41.8131,0.15511000000000053,True
140,0.50-0.60,0.5,0.6,0.55,232,83,42.44235,42.3205,0.1218499999999949,True
140,0.60-0.70,0.6,0.7,0.6499999999999999,221,56,42.92792,42.7805,0.14741999999999678,True
140,0.70-0.80,0.7,0.8,0.75,95,47,43.32008,43.1675,0.15258000000000038,True
140,0.80-1.00,0.8,1.0,0.9,85,7,43.64768,43.5331,0.11458000000000368,True
141,0.00-0.05,0.0,0.05,0.025,106,646,36.04309,35.2665,0.7765899999999988,True
141,0.05-0.10,0.05,0.1,0.07500000000000001,45,97,37.2229,37.1925,0.030400000000000205,True
141,0.10-0.15,0.1,0.15,0.125,13,86,39.00672,38.802,0.2047200000000018,True
141,0.15-0.20,0.15,0.2,0.175,20,123,39.78048,39.5427,0.23777999999999366,True
141,0.20-0.25,0.2,0.25,0.225,52,140,40.26524,40.1351,0.13013999999999726,True
141,0.25-0.28,0.25,0.28,0.265,38,72,40.6088,40.5139,0.09490000000000265,True
141,0.28-0.32,0.28,0.32,0.30000000000000004,62,100,40.93135,40.9018,0.02955000000000041,True
141,0.32-0.35,0.32,0.35,0.33499999999999996,81,71,41.23238,41.1012,0.13118000000000052,True
141,0.35-0.40,0.35,0.4,0.375,98,66,41.44377,41.3794,0.06437000000000381,True
141,0.40-0.50,0.4,0.5,0.45,205,100,41.96879,41.8131,0.15568999999999988,True
141,0.50-0.60,0.5,0.6,0.55,232,83,42.46451,42.3205,0.14400999999999442,True
141,0.60-0.70,0.6,0.7,0.6499999999999999,221,56,42.93368,42.7805,0.15317999999999898,True
141,0.70-0.80,0.7,0.8,0.75,95,47,43.31795,43.1675,0.1504500000000064,True
141,0.80-1.00,0.8,1.0,0.9,85,7,43.64768,43.5331,0.11458000000000368,True
142,0.00-0.05,0.0,0.05,0.025,106,646,36.04919,35.2665,0.7826900000000023,True
142,0.05-0.10,0.05,0.1,0.07500000000000001,45,97,37.36659,37.1925,0.17408999999999963,True
142,0.10-0.15,0.1,0.15,0.125,13,86,38.87889,38.802,0.07688999999999879,True
142,0.15-0.20,0.15,0.2,0.175,20,123,39.69446,39.5427,0.1517599999999959,True
142,0.20-0.25,0.2,0.25,0.225,52,140,40.25572,40.1351,0.12061999999999529,True
142,0.25-0.28,0.25,0.28,0.265,38,72,40.66634,40.5139,0.15243999999999858,True
142,0.28-0.32,0.28,0.32,0.30000000000000004,62,100,40.95914,40.9018,0.057339999999996394,True
142,0.32-0.35,0.32,0.35,0.33499999999999996,81,71,41.21681,41.1012,0.11561000000000377,True
142,0.35-0.40,0.35,0.4,0.375,98,66,41.46707,41.3794,0.0876700000000028,True
142,0.40-0.50,0.4,0.5,0.45,205,100,41.99425,41.8131,0.18115000000000236,True
142,0.50-0.60,0.5,0.6,0.55,232,83,42.4688,42.3205,0.148299999999999,True
142,0.60-0.70,0.6,0.7,0.6499999999999999,221,56,42.92792,42.7805,0.14741999999999678,True
142,0.70-0.80,0.7,0.8,0.75,95,47,43.32792,43.1675,0.160420000000002,True
142,0.80-1.00,0.8,1.0,0.9,85,7,43.68398,43.5331,0.1508800000000008,True
143,0.00-0.05,0.0,0.05,0.025,106,646,35.95132,35.2665,0.684820000000002,True
143,0.05-0.10,0.05,0.1,0.07500000000000001,45,97,37.36253,37.1925,0.17002999999999702,True
143,0.10-0.15,0.1,0.15,0.125,13,86,39.00672,38.802,0.2047200000000018,True
143,0.15-0.20,0.15,0.2,0.175,20,123,39.74864,39.5427,0.20593999999999824,True
143,0.20-0.25,0.2,0.25,0.225,52,140,40.24418,40.1351,0.10907999999999873,True
143,0.25-0.28,0.25,0.28,0.265,38,72,40.65338,40.5139,0.13947999999999894,True
143,0.28-0.32,0.28,0.32,0.30000000000000004,62,100,40.90452,40.9018,0.002719999999996503,True
143,0.32-0.35,0.32,0.35,0.33499999999999996,81,71,41.21969,41.1012,0.11849000000000132,True
143,0.35-0.40,0.35,0.4,0.375,98,66,41.46707,41.3794,0.0876700000000028,True
143,0.40-0.50,0.4,0.5,0.45,205,100,41.96821,41.8131,0.15511000000000053,True
143,0.50-0.60,0.5,0.6,0.55,232,83,42.47441,42.3205,0.15390999999999622,True
143,0.60-0.70,0.6,0.7,0.6499999999999999,221,56,42.92854,42.7805,0.14803999999999462,True
143,0.70-0.80,0.7,0.8,0.75,95,47,43.33284,43.1675,0.1653400000000005,True
143,0.80-1.00,0.8,1.0,0.9,85,7,43.68131,43.5331,0.14821000000000595,True
144,0.00-0.05,0.0,0.05,0.025,106,646,36.01126,35.2665,0.7447599999999994,True
144,0.05-0.10,0.05,0.1,0.07500000000000001,45,97,37.1975,37.1925,0.0049999999999954525,True
144,0.10-0.15,0.1,0.15,0.125,13,86,39.00672,38.802,0.2047200000000018,True
144,0.15-0.20,0.15,0.2,0.175,20,123,39.74864,39.5427,0.20593999999999824,True
144,0.20-0.25,0.2,0.25,0.225,52,140,40.25572,40.1351,0.12061999999999529,True
144,0.25-0.28,0.25,0.28,0.265,38,72,40.6088,40.5139,0.09490000000000265,True
144,0.28-0.32,0.28,0.32,0.30000000000000004,62,100,40.89713,40.9018,-0.004670000000004393,True
144,0.32-0.35,0.32,0.35,0.33499999999999996,81,71,41.21969,41.1012,0.11849000000000132,True
144,0.35-0.40,0.35,0.4,0.375,98,66,41.41436,41.3794,0.03496000000000521,True
144,0.40-0.50,0.4,0.5,0.45,205,100,41.98253,41.8131,0.16942999999999842,True
144,0.50-0.60,0.5,0.6,0.55,232,83,42.4688,42.3205,0.148299999999999,True
144,0.60-0.70,0.6,0.7,0.6499999999999999,221,56,42.92792,42.7805,0.14741999999999678,True
144,0.70-0.80,0.7,0.8,0.75,95,47,43.32008,43.1675,0.15258000000000038,True
144,0.80-1.00,0.8,1.0,0.9,85,7,43.68131,43.5331,0.14821000000000595,True
145,0.00-0.05,0.0,0.05,0.025,106,646,36.01068,35.2665,0.7441800000000001,True
145,0.05-0.10,0.05,0.1,0.07500000000000001,45,97,37.36177,37.1925,0.16926999999999737,True
145,0.10-0.15,0.1,0.15,0.125,13,86,39.16841,38.802,0.3664100000000019,True
145,0.15-0.20,0.15,0.2,0.175,20,123,39.78048,39.5427,0.23777999999999366,True
145,0.20-0.25,0.2,0.25,0.225,52,140,40.28881,40.1351,0.15370999999999668,True
145,0.25-0.28,0.25,0.28,0.265,38,72,40.66311,40.5139,0.14921000000000362,True
145,0.28-0.32,0.28,0.32,0.30000000000000004,62,100,40.93135,40.9018,0.02955000000000041,True
145,0.32-0.35,0.32,0.35,0.33499999999999996,81,71,41.21254,41.1012,0.11133999999999844,True
145,0.35-0.40,0.35,0.4,0.375,98,66,41.45362,41.3794,0.07422000000000395,True
145,0.40-0.50,0.4,0.5,0.45,205,100,41.99291,41.8131,0.17981000000000336,True
145,0.50-0.60,0.5,0.6,0.55,232,83,42.47573,42.3205,0.15522999999999598,True
145,0.60-0.70,0.6,0.7,0.6499999999999999,221,56,42.92792,42.7805,0.14741999999999678,True
145,0.70-0.80,0.7,0.8,0.75,95,47,43.30392,43.1675,0.1364200000000011,True
145,0.80-1.00,0.8,1.0,0.9,85,7,43.66049,43.5331,0.12739000000000544,True
146,0.00-0.05,0.0,0.05,0.025,106,646,36.01126,35.2665,0.7447599999999994,True
146,0.05-0.10,0.05,0.1,0.07500000000000001,45,97,37.36659,37.1925,0.17408999999999963,True
146,0.10-0.15,0.1,0.15,0.125,13,86,38.87889,38.802,0.07688999999999879,True
146,0.15-0.20,0.15,0.2,0.175,20,123,39.78048,39.5427,0.23777999999999366,True
146,0.20-0.25,0.2,0.25,0.225,52,140,40.25572,40.1351,0.12061999999999529,True
146,0.25-0.28,0.25,0.28,0.265,38,72,40.6058,40.5139,0.09190000000000254,True
146,0.28-0.32,0.28,0.32,0.30000000000000004,62,100,40.92345,40.9018,0.021650000000001057,True
146,0.32-0.35,0.32,0.35,0.33499999999999996,81,71,41.21681,41.1012,0.11561000000000377,True
146,0.35-0.40,0.35,0.4,0.375,98,66,41.45362,41.3794,0.07422000000000395,True
146,0.40-0.50,0.4,0.5,0.45,205,100,41.98488,41.8131,0.17177999999999827,True
146,0.50-0.60,0.5,0.6,0.55,232,83,42.48074,42.3205,0.1602399999999946,True
146,0.60-0.70,0.6,0.7,0.6499999999999999,221,56,42.92792,42.7805,0.14741999999999678,True
146,0.70-0.80,0.7,0.8,0.75,95,47,43.30392,43.1675,0.1364200000000011,True
146,0.80-1.00,0.8,1.0,0.9,85,7,43.68131,43.5331,0.14821000000000595,True
147,0.00-0.05,0.0,0.05,0.025,106,646,35.9177,35.2665,0.6512000000000029,True
147,0.05-0.10,0.05,0.1,0.07500000000000001,45,97,37.36253,37.1925,0.17002999999999702,True
147,0.10-0.15,0.1,0.15,0.125,13,86,38.87889,38.802,0.07688999999999879,True
147,0.15-0.20,0.15,0.2,0.175,20,123,39.78048,39.5427,0.23777999999999366,True
147,0.20-0.25,0.2,0.25,0.225,52,140,40.25572,40.1351,0.12061999999999529,True
147,0.25-0.28,0.25,0.28,0.265,38,72,40.6058,40.5139,0.09190000000000254,True
147,0.28-0.32,0.28,0.32,0.30000000000000004,62,100,40.93472,40.9018,0.032919999999997174,True
147,0.32-0.35,0.32,0.35,0.33499999999999996,81,71,41.23036,41.1012,0.12915999999999883,True
147,0.35-0.40,0.35,0.4,0.375,98,66,41.42987,41.3794,0.050470000000004234,True
147,0.40-0.50,0.4,0.5,0.45,205,100,41.99291,41.8131,0.17981000000000336,True
147,0.50-0.60,0.5,0.6,0.55,232,83,42.47573,42.3205,0.15522999999999598,True
147,0.60-0.70,0.6,0.7,0.6499999999999999,221,56,42.92792,42.7805,0.14741999999999678,True
147,0.70-0.80,0.7,0.8,0.75,95,47,43.30358,43.1675,0.13607999999999976,True
147,0.80-1.00,0.8,1.0,0.9,85,7,43.68398,43.5331,0.1508800000000008,True
148,0.00-0.05,0.0,0.05,0.025,106,646,36.01851,35.2665,0.7520099999999985,True
148,0.05-0.10,0.05,0.1,0.07500000000000001,45,97,37.36659,37.1925,0.17408999999999963,True
148,0.10-0.15,0.1,0.15,0.125,13,86,39.16841,38.802,0.3664100000000019,True
148,0.15-0.20,0.15,0.2,0.175,20,123,39.74864,39.5427,0.20593999999999824,True
148,0.20-0.25,0.2,0.25,0.225,52,140,40.25572,40.1351,0.12061999999999529,True
148,0.25-0.28,0.25,0.28,0.265,38,72,40.6058,40.5139,0.09190000000000254,True
148,0.28-0.32,0.28,0.32,0.30000000000000004,62,100,40.93181,40.9018,0.030009999999997206,True
148,0.32-0.35,0.32,0.35,0.33499999999999996,81,71,41.21969,41.1012,0.11849000000000132,True
148,0.35-0.40,0.35,0.4,0.375,98,66,41.44872,41.3794,0.06932000000000471,True
148,0.40-0.50,0.4,0.5,0.45,205,100,41.97567,41.8131,0.16257000000000232,True
148,0.50-0.60,0.5,0.6,0.55,232,83,42.45886,42.3205,0.1383599999999987,True
148,0.60-0.70,0.6,0.7,0.6499999999999999,221,56,42.92792,42.7805,0.14741999999999678,True
148,0.70-0.80,0.7,0.8,0.75,95,47,43.31795,43.1675,0.1504500000000064,True
148,0.80-1.00,0.8,1.0,0.9,85,7,43.6954,43.5331,0.1623000000000019,True
149,0.00-0.05,0.0,0.05,0.025,106,646,36.11617,35.2665,0.8496699999999962,True
149,0.05-0.10,0.05,0.1,0.07500000000000001,45,97,37.36659,37.1925,0.17408999999999963,True
149,0.10-0.15,0.1,0.15,0.125,13,86,38.89598,38.802,0.09398000000000195,True
149,0.15-0.20,0.15,0.2,0.175,20,123,39.74864,39.5427,0.20593999999999824,True
149,0.20-0.25,0.2,0.25,0.225,52,140,40.25572,40.1351,0.12061999999999529,True
149,0.25-0.28,0.25,0.28,0.265,38,72,40.66634,40.5139,0.15243999999999858,True
149,0.28-0.32,0.28,0.32,0.30000000000000004,62,100,40.90452,40.9018,0.002719999999996503,True
149,0.32-0.35,0.32,0.35,0.33499999999999996,81,71,41.22274,41.1012,0.12154000000000309,True
149,0.35-0.40,0.35,0.4,0.375,98,66,41.45362,41.3794,0.07422000000000395,True
149,0.40-0.50,0.4,0.5,0.45,205,100,41.96821,41.8131,0.15511000000000053,True
149,0.50-0.60,0.5,0.6,0.55,232,83,42.45886,42.3205,0.1383599999999987,True
149,0.60-0.70,0.6,0.7,0.6499999999999999,221,56,42.93007,42.7805,0.1495699999999971,True
149,0.70-0.80,0.7,0.8,0.75,95,47,43.30631,43.1675,0.13881000000000654,True
149,0.80-1.00,0.8,1.0,0.9,85,7,43.66835,43.5331,0.1352499999999992,True
150,0.00-0.05,0.0,0.05,0.025,106,646,36.01068,35.2665,0.7441800000000001,True
150,0.05-0.10,0.05,0.1,0.07500000000000001,45,97,37.2229,37.1925,0.030400000000000205,True
150,0.10-0.15,0.1,0.15,0.125,13,86,38.89598,38.802,0.09398000000000195,True
150,0.15-0.20,0.15,0.2,0.175,20,123,39.74864,39.5427,0.20593999999999824,True
150,0.20-0.25,0.2,0.25,0.225,52,140,40.24418,40.1351,0.10907999999999873,True
150,0.25-0.28,0.25,0.28,0.265,38,72,40.66311,40.5139,0.14921000000000362,True
150,0.28-0.32,0.28,0.32,0.30000000000000004,62,100,40.93472,40.9018,0.032919999999997174,True
150,0.32-0.35,0.32,0.35,0.33499999999999996,81,71,41.21254,41.1012,0.11133999999999844,True
150,0.35-0.40,0.35,0.4,0.375,98,66,41.44162,41.3794,0.062220000000003495,True
150,0.40-0.50,0.4,0.5,0.45,205,100,41.96742,41.8131,0.15431999999999846,True
150,0.50-0.60,0.5,0.6,0.55,232,83,42.45886,42.3205,0.1383599999999987,True
150,0.60-0.70,0.6,0.7,0.6499999999999999,221,56,42.9394,42.7805,0.1588999999999956,True
150,0.70-0.80,0.7,0.8,0.75,95,47,43.33284,43.1675,0.1653400000000005,True
150,0.80-1.00,0.8,1.0,0.9,85,7,43.6954,43.5331,0.1623000000000019,True
151,0.00-0.05,0.0,0.05,0.025,106,646,36.01851,35.2665,0.7520099999999985,True
151,0.05-0.10,0.05,0.1,0.07500000000000001,45,97,37.1975,37.1925,0.0049999999999954525,True
151,0.10-0.15,0.1,0.15,0.125,13,86,38.87889,38.802,0.07688999999999879,True
151,0.15-0.20,0.15,0.2,0.175,20,123,39.74864,39.5427,0.20593999999999824,True
151,0.20-0.25,0.2,0.25,0.225,52,140,40.24418,40.1351,0.10907999999999873,True
151,0.25-0.28,0.25,0.28,0.265,38,72,40.66311,40.5139,0.14921000000000362,True
151,0.28-0.32,0.28,0.32,0.30000000000000004,62,100,40.93135,40.9018,0.02955000000000041,True
151,0.32-0.35,0.32,0.35,0.33499999999999996,81,71,41.21681,41.1012,0.11561000000000377,True
151,0.35-0.40,0.35,0.4,0.375,98,66,41.45362,41.3794,0.07422000000000395,True
151,0.40-0.50,0.4,0.5,0.45,205,100,41.96879,41.8131,0.15568999999999988,True
151,0.50-0.60,0.5,0.6,0.55,232,83,42.4688,42.3205,0.148299999999999,True
151,0.60-0.70,0.6,0.7,0.6499999999999999,221,56,42.92854,42.7805,0.14803999999999462,True
151,0.70-0.80,0.7,0.8,0.75,95,47,43.30747,43.1675,0.13997000000000526,True
151,0.80-1.00,0.8,1.0,0.9,85,7,43.64768,43.5331,0.11458000000000368,True
152,0.00-0.05,0.0,0.05,0.025,106,646,35.95132,35.2665,0.684820000000002,True
152,0.05-0.10,0.05,0.1,0.07500000000000001,45,97,37.20488,37.1925,0.01238000000000028,True
152,0.10-0.15,0.1,0.15,0.125,13,86,38.87889,38.802,0.07688999999999879,True
152,0.15-0.20,0.15,0.2,0.175,20,123,39.78048,39.5427,0.23777999999999366,True
152,0.20-0.25,0.2,0.25,0.225,52,140,40.26232,40.1351,0.12722000000000122,True
152,0.25-0.28,0.25,0.28,0.265,38,72,40.65338,40.5139,0.13947999999999894,True
152,0.28-0.32,0.28,0.32,0.30000000000000004,62,100,40.93472,40.9018,0.032919999999997174,True
152,0.32-0.35,0.32,0.35,0.33499999999999996,81,71,41.22103,41.1012,0.11983000000000033,True
152,0.35-0.40,0.35,0.4,0.375,98,66,41.45362,41.3794,0.07422000000000395,True
152,0.40-0.50,0.4,0.5,0.45,205,100,41.99291,41.8131,0.17981000000000336,True
152,0.50-0.60,0.5,0.6,0.55,232,83,42.45886,42.3205,0.1383599999999987,True
152,0.60-0.70,0.6,0.7,0.6499999999999999,221,56,42.93321,42.7805,0.152709999999999,True
152,0.70-0.80,0.7,0.8,0.75,95,47,43.31795,43.1675,0.1504500000000064,True
152,0.80-1.00,0.8,1.0,0.9,85,7,43.72414,43.5331,0.191040000000001,True
153,0.00-0.05,0.0,0.05,0.025,106,646,36.04309,35.2665,0.7765899999999988,True
153,0.05-0.10,0.05,0.1,0.07500000000000001,45,97,37.20488,37.1925,0.01238000000000028,True
153,0.10-0.15,0.1,0.15,0.125,13,86,38.89598,38.802,0.09398000000000195,True
153,0.15-0.20,0.15,0.2,0.175,20,123,39.78048,39.5427,0.23777999999999366,True
153,0.20-0.25,0.2,0.25,0.225,52,140,40.25572,40.1351,0.12061999999999529,True
153,0.25-0.28,0.25,0.28,0.265,38,72,40.67029,40.5139,0.1563900000000018,True
153,0.28-0.32,0.28,0.32,0.30000000000000004,62,100,40.89713,40.9018,-0.004670000000004393,True
153,0.32-0.35,0.32,0.35,0.33499999999999996,81,71,41.21254,41.1012,0.11133999999999844,True
153,0.35-0.40,0.35,0.4,0.375,98,66,41.43197,41.3794,0.05257000000000289,True
153,0.40-0.50,0.4,0.5,0.45,205,100,41.98488,41.8131,0.17177999999999827,True
153,0.50-0.60,0.5,0.6,0.55,232,83,42.47573,42.3205,0.15522999999999598,True
153,0.60-0.70,0.6,0.7,0.6499999999999999,221,56,42.92792,42.7805,0.14741999999999678,True
153,0.70-0.80,0.7,0.8,0.75,95,47,43.32792,43.1675,0.160420000000002,True
153,0.80-1.00,0.8,1.0,0.9,85,7,43.70035,43.5331,0.16725000000000279,True
154,0.00-0.05,0.0,0.05,0.025,106,646,36.04309,35.2665,0.7765899999999988,True
154,0.05-0.10,0.05,0.1,0.07500000000000001,45,97,37.36244,37.1925,0.16993999999999687,True
154,0.10-0.15,0.1,0.15,0.125,13,86,38.87889,38.802,0.07688999999999879,True
154,0.15-0.20,0.15,0.2,0.175,20,123,39.74864,39.5427,0.20593999999999824,True
154,0.20-0.25,0.2,0.25,0.225,52,140,40.26777,40.1351,0.1326699999999974,True
154,0.25-0.28,0.25,0.28,0.265,38,72,40.67029,40.5139,0.1563900000000018,True
154,0.28-0.32,0.28,0.32,0.30000000000000004,62,100,40.99129,40.9018,0.08948999999999785,True
154,0.32-0.35,0.32,0.35,0.33499999999999996,81,71,41.22336,41.1012,0.12216000000000093,True
154,0.35-0.40,0.35,0.4,0.375,98,66,41.44872,41.3794,0.06932000000000471,True
154,0.40-0.50,0.4,0.5,0.45,205,100,41.99253,41.8131,0.17943000000000353,True
154,0.50-0.60,0.5,0.6,0.55,232,83,42.47573,42.3205,0.15522999999999598,True
154,0.60-0.70,0.6,0.7,0.6499999999999999,221,56,42.92792,42.7805,0.14741999999999678,True
154,0.70-0.80,0.7,0.8,0.75,95,47,43.30747,43.1675,0.13997000000000526,True
154,0.80-1.00,0.8,1.0,0.9,85,7,43.64144,43.5331,0.10834000000000543,True
155,0.00-0.05,0.0,0.05,0.025,106,646,36.01851,35.2665,0.7520099999999985,True
155,0.05-0.10,0.05,0.1,0.07500000000000001,45,97,37.36253,37.1925,0.17002999999999702,True
155,0.10-0.15,0.1,0.15,0.125,13,86,38.87889,38.802,0.07688999999999879,True
155,0.15-0.20,0.15,0.2,0.175,20,123,39.74864,39.5427,0.20593999999999824,True
155,0.20-0.25,0.2,0.25,0.225,52,140,40.24418,40.1351,0.10907999999999873,True
155,0.25-0.28,0.25,0.28,0.265,38,72,40.6088,40.5139,0.09490000000000265,True
155,0.28-0.32,0.28,0.32,0.30000000000000004,62,100,40.92345,40.9018,0.021650000000001057,True
155,0.32-0.35,0.32,0.35,0.33499999999999996,81,71,41.21681,41.1012,0.11561000000000377,True
155,0.35-0.40,0.35,0.4,0.375,98,66,41.46099,41.3794,0.0815900000000056,True
155,0.40-0.50,0.4,0.5,0.45,205,100,41.96742,41.8131,0.15431999999999846,True
155,0.50-0.60,0.5,0.6,0.55,232,83,42.47023,42.3205,0.14972999999999814,True
155,0.60-0.70,0.6,0.7,0.6499999999999999,221,56,42.92792,42.7805,0.14741999999999678,True
155,0.70-0.80,0.7,0.8,0.75,95,47,43.31795,43.1675,0.1504500000000064,True
155,0.80-1.00,0.8,1.0,0.9,85,7,43.68131,43.5331,0.14821000000000595,True
156,0.00-0.05,0.0,0.05,0.025,106,646,36.04309,35.2665,0.7765899999999988,True
156,0.05-0.10,0.05,0.1,0.07500000000000001,45,97,37.2229,37.1925,0.030400000000000205,True
156,0.10-0.15,0.1,0.15,0.125,13,86,38.87889,38.802,0.07688999999999879,True
156,0.15-0.20,0.15,0.2,0.175,20,123,39.8153,39.5427,0.27259999999999707,True
156,0.20-0.25,0.2,0.25,0.225,52,140,40.26232,40.1351,0.12722000000000122,True
156,0.25-0.28,0.25,0.28,0.265,38,72,40.67029,40.5139,0.1563900000000018,True
156,0.28-0.32,0.28,0.32,0.30000000000000004,62,100,40.93135,40.9018,0.02955000000000041,True
156,0.32-0.35,0.32,0.35,0.33499999999999996,81,71,41.21969,41.1012,0.11849000000000132,True
156,0.35-0.40,0.35,0.4,0.375,98,66,41.46815,41.3794,0.08875000000000455,True
156,0.40-0.50,0.4,0.5,0.45,205,100,41.98488,41.8131,0.17177999999999827,True
156,0.50-0.60,0.5,0.6,0.55,232,83,42.47574,42.3205,0.15523999999999916,True
156,0.60-0.70,0.6,0.7,0.6499999999999999,221,56,42.92792,42.7805,0.14741999999999678,True
156,0.70-0.80,0.7,0.8,0.75,95,47,43.31795,43.1675,0.1504500000000064,True
156,0.80-1.00,0.8,1.0,0.9,85,7,43.69555,43.5331,0.16244999999999976,True
157,0.00-0.05,0.0,0.05,0.025,106,646,36.04309,35.2665,0.7765899999999988,True
157,0.05-0.10,0.05,0.1,0.07500000000000001,45,97,37.20911,37.1925,0.016610000000000014,True
157,0.10-0.15,0.1,0.15,0.125,13,86,38.87889,38.802,0.07688999999999879,True
157,0.15-0.20,0.15,0.2,0.175,20,123,39.78048,39.5427,0.23777999999999366,True
157,0.20-0.25,0.2,0.25,0.225,52,140,40.26524,40.1351,0.13013999999999726,True
157,0.25-0.28,0.25,0.28,0.265,38,72,40.66311,40.5139,0.14921000000000362,True
157,0.28-0.32,0.28,0.32,0.30000000000000004,62,100,40.89713,40.9018,-0.004670000000004393,True
157,0.32-0.35,0.32,0.35,0.33499999999999996,81,71,41.21254,41.1012,0.11133999999999844,True
157,0.35-0.40,0.35,0.4,0.375,98,66,41.45362,41.3794,0.07422000000000395,True
157,0.40-0.50,0.4,0.5,0.45,205,100,41.96821,41.8131,0.15511000000000053,True
157,0.50-0.60,0.5,0.6,0.55,232,83,42.46451,42.3205,0.14400999999999442,True
157,0.60-0.70,0.6,0.7,0.6499999999999999,221,56,42.92792,42.7805,0.14741999999999678,True
157,0.70-0.80,0.7,0.8,0.75,95,47,43.32008,43.1675,0.15258000000000038,True
157,0.80-1.00,0.8,1.0,0.9,85,7,43.6954,43.5331,0.1623000000000019,True
158,0.00-0.05,0.0,0.05,0.025,106,646,36.01126,35.2665,0.7447599999999994,True
158,0.05-0.10,0.05,0.1,0.07500000000000001,45,97,37.20488,37.1925,0.01238000000000028,True
158,0.10-0.15,0.1,0.15,0.125,13,86,39.29882,38.802,0.4968199999999996,True
158,0.15-0.20,0.15,0.2,0.175,20,123,39.74864,39.5427,0.20593999999999824,True
158,0.20-0.25,0.2,0.25,0.225,52,140,40.26232,40.1351,0.12722000000000122,True
158,0.25-0.28,0.25,0.28,0.265,38,72,40.66311,40.5139,0.14921000000000362,True
158,0.28-0.32,0.28,0.32,0.30000000000000004,62,100,40.93472,40.9018,0.032919999999997174,True
158,0.32-0.35,0.32,0.35,0.33499999999999996,81,71,41.23123,41.1012,0.13002999999999787,True
158,0.35-0.40,0.35,0.4,0.375,98,66,41.47435,41.3794,0.09495000000000431,True
158,0.40-0.50,0.4,0.5,0.45,205,100,41.96413,41.8131,0.15102999999999867,True
158,0.50-0.60,0.5,0.6,0.55,232,83,42.46451,42.3205,0.14400999999999442,True
158,0.60-0.70,0.6,0.7,0.6499999999999999,221,56,42.92792,42.7805,0.14741999999999678,True
158,0.70-0.80,0.7,0.8,0.75,95,47,43.31795,43.1675,0.1504500000000064,True
158,0.80-1.00,0.8,1.0,0.9,85,7,43.66049,43.5331,0.12739000000000544,True
159,0.00-0.05,0.0,0.05,0.025,106,646,36.01851,35.2665,0.7520099999999985,True
159,0.05-0.10,0.05,0.1,0.07500000000000001,45,97,37.20911,37.1925,0.016610000000000014,True
159,0.10-0.15,0.1,0.15,0.125,13,86,39.00672,38.802,0.2047200000000018,True
159,0.15-0.20,0.15,0.2,0.175,20,123,39.74864,39.5427,0.20593999999999824,True
159,0.20-0.25,0.2,0.25,0.225,52,140,40.26777,40.1351,0.1326699999999974,True
159,0.25-0.28,0.25,0.28,0.265,38,72,40.65338,40.5139,0.13947999999999894,True
159,0.28-0.32,0.28,0.32,0.30000000000000004,62,100,40.93882,40.9018,0.037019999999998277,True
159,0.32-0.35,0.32,0.35,0.33499999999999996,81,71,41.20914,41.1012,0.10793999999999926,True
159,0.35-0.40,0.35,0.4,0.375,98,66,41.48489,41.3794,0.10549000000000319,True
159,0.40-0.50,0.4,0.5,0.45,205,100,41.97567,41.8131,0.16257000000000232,True
159,0.50-0.60,0.5,0.6,0.55,232,83,42.47573,42.3205,0.15522999999999598,True
159,0.60-0.70,0.6,0.7,0.6499999999999999,221,56,42.92792,42.7805,0.14741999999999678,True
159,0.70-0.80,0.7,0.8,0.75,95,47,43.32008,43.1675,0.15258000000000038,True
159,0.80-1.00,0.8,1.0,0.9,85,7,43.69555,43.5331,0.16244999999999976,True
160,0.00-0.05,0.0,0.05,0.025,106,646,36.00728,35.2665,0.7407800000000009,True
160,0.05-0.10,0.05,0.1,0.07500000000000001,45,97,37.36244,37.1925,0.16993999999999687,True
160,0.10-0.15,0.1,0.15,0.125,13,86,39.16841,38.802,0.3664100000000019,True
160,0.15-0.20,0.15,0.2,0.175,20,123,39.69446,39.5427,0.1517599999999959,True
160,0.20-0.25,0.2,0.25,0.225,52,140,40.26777,40.1351,0.1326699999999974,True
160,0.25-0.28,0.25,0.28,0.265,38,72,40.67029,40.5139,0.1563900000000018,True
160,0.28-0.32,0.28,0.32,0.30000000000000004,62,100,40.93181,40.9018,0.030009999999997206,True
160,0.32-0.35,0.32,0.35,0.33499999999999996,81,71,41.21681,41.1012,0.11561000000000377,True
160,0.35-0.40,0.35,0.4,0.375,98,66,41.43008,41.3794,0.050679999999999836,True
160,0.40-0.50,0.4,0.5,0.45,205,100,41.99291,41.8131,0.17981000000000336,True
160,0.50-0.60,0.5,0.6,0.55,232,83,42.47441,42.3205,0.15390999999999622,True
160,0.60-0.70,0.6,0.7,0.6499999999999999,221,56,42.92792,42.7805,0.14741999999999678,True
160,0.70-0.80,0.7,0.8,0.75,95,47,43.32792,43.1675,0.160420000000002,True
160,0.80-1.00,0.8,1.0,0.9,85,7,43.66049,43.5331,0.12739000000000544,True
161,0.00-0.05,0.0,0.05,0.025,106,646,35.99892,35.2665,0.7324199999999976,True
161,0.05-0.10,0.05,0.1,0.07500000000000001,45,97,37.36177,37.1925,0.16926999999999737,True
161,0.10-0.15,0.1,0.15,0.125,13,86,39.00672,38.802,0.2047200000000018,True
161,0.15-0.20,0.15,0.2,0.175,20,123,39.69446,39.5427,0.1517599999999959,True
161,0.20-0.25,0.2,0.25,0.225,52,140,40.17738,40.1351,0.0422799999999981,True
161,0.25-0.28,0.25,0.28,0.265,38,72,40.66311,40.5139,0.14921000000000362,True
161,0.28-0.32,0.28,0.32,0.30000000000000004,62,100,40.93882,40.9018,0.037019999999998277,True
161,0.32-0.35,0.32,0.35,0.33499999999999996,81,71,41.21254,41.1012,0.11133999999999844,True
161,0.35-0.40,0.35,0.4,0.375,98,66,41.44872,41.3794,0.06932000000000471,True
161,0.40-0.50,0.4,0.5,0.45,205,100,41.96879,41.8131,0.15568999999999988,True
161,0.50-0.60,0.5,0.6,0.55,232,83,42.47192,42.3205,0.15141999999999456,True
161,0.60-0.70,0.6,0.7,0.6499999999999999,221,56,42.92792,42.7805,0.14741999999999678,True
161,0.70-0.80,0.7,0.8,0.75,95,47,43.32008,43.1675,0.15258000000000038,True
161,0.80-1.00,0.8,1.0,0.9,85,7,43.68131,43.5331,0.14821000000000595,True
162,0.00-0.05,0.0,0.05,0.025,106,646,35.9573,35.2665,0.6907999999999959,True
162,0.05-0.10,0.05,0.1,0.07500000000000001,45,97,37.34903,37.1925,0.1565299999999965,True
162,0.10-0.15,0.1,0.15,0.125,13,86,38.98171,38.802,0.17971000000000004,True
162,0.15-0.20,0.15,0.2,0.175,20,123,39.74864,39.5427,0.20593999999999824,True
162,0.20-0.25,0.2,0.25,0.225,52,140,40.25572,40.1351,0.12061999999999529,True
162,0.25-0.28,0.25,0.28,0.265,38,72,40.6058,40.5139,0.09190000000000254,True
162,0.28-0.32,0.28,0.32,0.30000000000000004,62,100,40.95914,40.9018,0.057339999999996394,True
162,0.32-0.35,0.32,0.35,0.33499999999999996,81,71,41.23036,41.1012,0.12915999999999883,True
162,0.35-0.40,0.35,0.4,0.375,98,66,41.45362,41.3794,0.07422000000000395,True
162,0.40-0.50,0.4,0.5,0.45,205,100,41.96072,41.8131,0.14762000000000342,True
162,0.50-0.60,0.5,0.6,0.55,232,83,42.4688,42.3205,0.148299999999999,True
162,0.60-0.70,0.6,0.7,0.6499999999999999,221,56,42.9394,42.7805,0.1588999999999956,True
162,0.70-0.80,0.7,0.8,0.75,95,47,43.34021,43.1675,0.17271000000000214,True
162,0.80-1.00,0.8,1.0,0.9,85,7,43.66835,43.5331,0.1352499999999992,True
163,0.00-0.05,0.0,0.05,0.025,106,646,35.94327,35.2665,0.6767699999999977,True
163,0.05-0.10,0.05,0.1,0.07500000000000001,45,97,37.36244,37.1925,0.16993999999999687,True
163,0.10-0.15,0.1,0.15,0.125,13,86,38.89598,38.802,0.09398000000000195,True
163,0.15-0.20,0.15,0.2,0.175,20,123,39.69446,39.5427,0.1517599999999959,True
163,0.20-0.25,0.2,0.25,0.225,52,140,40.24418,40.1351,0.10907999999999873,True
163,0.25-0.28,0.25,0.28,0.265,38,72,40.6088,40.5139,0.09490000000000265,True
163,0.28-0.32,0.28,0.32,0.30000000000000004,62,100,40.93135,40.9018,0.02955000000000041,True
163,0.32-0.35,0.32,0.35,0.33499999999999996,81,71,41.21969,41.1012,0.11849000000000132,True
163,0.35-0.40,0.35,0.4,0.375,98,66,41.45362,41.3794,0.07422000000000395,True
163,0.40-0.50,0.4,0.5,0.45,205,100,41.97907,41.8131,0.1659700000000015,True
163,0.50-0.60,0.5,0.6,0.55,232,83,42.46451,42.3205,0.14400999999999442,True
163,0.60-0.70,0.6,0.7,0.6499999999999999,221,56,42.92792,42.7805,0.14741999999999678,True
163,0.70-0.80,0.7,0.8,0.75,95,47,43.31795,43.1675,0.1504500000000064,True
163,0.80-1.00,0.8,1.0,0.9,85,7,43.68398,43.5331,0.1508800000000008,True
164,0.00-0.05,0.0,0.05,0.025,106,646,36.05504,35.2665,0.7885399999999976,True
164,0.05-0.10,0.05,0.1,0.07500000000000001,45,97,37.36253,37.1925,0.17002999999999702,True
164,0.10-0.15,0.1,0.15,0.125,13,86,38.54264,38.802,-0.2593600000000009,True
164,0.15-0.20,0.15,0.2,0.175,20,123,39.78048,39.5427,0.23777999999999366,True
164,0.20-0.25,0.2,0.25,0.225,52,140,40.26524,40.1351,0.13013999999999726,True
164,0.25-0.28,0.25,0.28,0.265,38,72,40.67029,40.5139,0.1563900000000018,True
164,0.28-0.32,0.28,0.32,0.30000000000000004,62,100,40.89713,40.9018,-0.004670000000004393,True
164,0.32-0.35,0.32,0.35,0.33499999999999996,81,71,41.23036,41.1012,0.12915999999999883,True
164,0.35-0.40,0.35,0.4,0.375,98,66,41.43197,41.3794,0.05257000000000289,True
164,0.40-0.50,0.4,0.5,0.45,205,100,41.96742,41.8131,0.15431999999999846,True
164,0.50-0.60,0.5,0.6,0.55,232,83,42.47376,42.3205,0.15325999999999596,True
164,0.60-0.70,0.6,0.7,0.6499999999999999,221,56,42.92854,42.7805,0.14803999999999462,True
164,0.70-0.80,0.7,0.8,0.75,95,47,43.30747,43.1675,0.13997000000000526,True
164,0.80-1.00,0.8,1.0,0.9,85,7,43.6954,43.5331,0.1623000000000019,True
165,0.00-0.05,0.0,0.05,0.025,106,646,36.01068,35.2665,0.7441800000000001,True
165,0.05-0.10,0.05,0.1,0.07500000000000001,45,97,37.1975,37.1925,0.0049999999999954525,True
165,0.10-0.15,0.1,0.15,0.125,13,86,39.00672,38.802,0.2047200000000018,True
165,0.15-0.20,0.15,0.2,0.175,20,123,39.8289,39.5427,0.2861999999999938,True
165,0.20-0.25,0.2,0.25,0.225,52,140,40.24144,40.1351,0.10633999999999588,True
165,0.25-0.28,0.25,0.28,0.265,38,72,40.67029,40.5139,0.1563900000000018,True
165,0.28-0.32,0.28,0.32,0.30000000000000004,62,100,40.93472,40.9018,0.032919999999997174,True
165,0.32-0.35,0.32,0.35,0.33499999999999996,81,71,41.22274,41.1012,0.12154000000000309,True
165,0.35-0.40,0.35,0.4,0.375,98,66,41.46815,41.3794,0.08875000000000455,True
165,0.40-0.50,0.4,0.5,0.45,205,100,41.98488,41.8131,0.17177999999999827,True
165,0.50-0.60,0.5,0.6,0.55,232,83,42.47574,42.3205,0.15523999999999916,True
165,0.60-0.70,0.6,0.7,0.6499999999999999,221,56,42.92792,42.7805,0.14741999999999678,True
165,0.70-0.80,0.7,0.8,0.75,95,47,43.31795,43.1675,0.1504500000000064,True
165,0.80-1.00,0.8,1.0,0.9,85,7,43.68131,43.5331,0.14821000000000595,True
166,0.00-0.05,0.0,0.05,0.025,106,646,35.99892,35.2665,0.7324199999999976,True
166,0.05-0.10,0.05,0.1,0.07500000000000001,45,97,37.20488,37.1925,0.01238000000000028,True
166,0.10-0.15,0.1,0.15,0.125,13,86,38.87889,38.802,0.07688999999999879,True
166,0.15-0.20,0.15,0.2,0.175,20,123,39.59667,39.5427,0.05396999999999963,True
166,0.20-0.25,0.2,0.25,0.225,52,140,40.25572,40.1351,0.12061999999999529,True
166,0.25-0.28,0.25,0.28,0.265,38,72,40.6088,40.5139,0.09490000000000265,True
166,0.28-0.32,0.28,0.32,0.30000000000000004,62,100,40.93181,40.9018,0.030009999999997206,True
166,0.32-0.35,0.32,0.35,0.33499999999999996,81,71,41.21681,41.1012,0.11561000000000377,True
166,0.35-0.40,0.35,0.4,0.375,98,66,41.44872,41.3794,0.06932000000000471,True
166,0.40-0.50,0.4,0.5,0.45,205,100,41.99253,41.8131,0.17943000000000353,True
166,0.50-0.60,0.5,0.6,0.55,232,83,42.45886,42.3205,0.1383599999999987,True
166,0.60-0.70,0.6,0.7,0.6499999999999999,221,56,42.92618,42.7805,0.1456799999999987,True
166,0.70-0.80,0.7,0.8,0.75,95,47,43.30747,43.1675,0.13997000000000526,True
166,0.80-1.00,0.8,1.0,0.9,85,7,43.66835,43.5331,0.1352499999999992,True
167,0.00-0.05,0.0,0.05,0.025,106,646,36.01851,35.2665,0.7520099999999985,True
167,0.05-0.10,0.05,0.1,0.07500000000000001,45,97,37.20488,37.1925,0.01238000000000028,True
167,0.10-0.15,0.1,0.15,0.125,13,86,39.16841,38.802,0.3664100000000019,True
167,0.15-0.20,0.15,0.2,0.175,20,123,39.8153,39.5427,0.27259999999999707,True
167,0.20-0.25,0.2,0.25,0.225,52,140,40.26524,40.1351,0.13013999999999726,True
167,0.25-0.28,0.25,0.28,0.265,38,72,40.66634,40.5139,0.15243999999999858,True
167,0.28-0.32,0.28,0.32,0.30000000000000004,62,100,40.93882,40.9018,0.037019999999998277,True
167,0.32-0.35,0.32,0.35,0.33499999999999996,81,71,41.21969,41.1012,0.11849000000000132,True
167,0.35-0.40,0.35,0.4,0.375,98,66,41.47386,41.3794,0.0944600000000051,True
167,0.40-0.50,0.4,0.5,0.45,205,100,41.97567,41.8131,0.16257000000000232,True
167,0.50-0.60,0.5,0.6,0.55,232,83,42.4688,42.3205,0.148299999999999,True
167,0.60-0.70,0.6,0.7,0.6499999999999999,221,56,42.92792,42.7805,0.14741999999999678,True
167,0.70-0.80,0.7,0.8,0.75,95,47,43.31795,43.1675,0.1504500000000064,True
167,0.80-1.00,0.8,1.0,0.9,85,7,43.72233,43.5331,0.189230000000002,True
168,0.00-0.05,0.0,0.05,0.025,106,646,35.99892,35.2665,0.7324199999999976,True
168,0.05-0.10,0.05,0.1,0.07500000000000001,45,97,37.36244,37.1925,0.16993999999999687,True
168,0.10-0.15,0.1,0.15,0.125,13,86,39.29023,38.802,0.4882300000000015,True
168,0.15-0.20,0.15,0.2,0.175,20,123,39.78048,39.5427,0.23777999999999366,True
168,0.20-0.25,0.2,0.25,0.225,52,140,40.25572,40.1351,0.12061999999999529,True
168,0.25-0.28,0.25,0.28,0.265,38,72,40.65338,40.5139,0.13947999999999894,True
168,0.28-0.32,0.28,0.32,0.30000000000000004,62,100,40.89713,40.9018,-0.004670000000004393,True
168,0.32-0.35,0.32,0.35,0.33499999999999996,81,71,41.21254,41.1012,0.11133999999999844,True
168,0.35-0.40,0.35,0.4,0.375,98,66,41.44872,41.3794,0.06932000000000471,True
168,0.40-0.50,0.4,0.5,0.45,205,100,41.96821,41.8131,0.15511000000000053,True
168,0.50-0.60,0.5,0.6,0.55,232,83,42.46451,42.3205,0.14400999999999442,True
168,0.60-0.70,0.6,0.7,0.6499999999999999,221,56,42.92792,42.7805,0.14741999999999678,True
168,0.70-0.80,0.7,0.8,0.75,95,47,43.30862,43.1675,0.1411200000000008,True
168,0.80-1.00,0.8,1.0,0.9,85,7,43.6954,43.5331,0.1623000000000019,True
169,0.00-0.05,0.0,0.05,0.025,106,646,36.00728,35.2665,0.7407800000000009,True
169,0.05-0.10,0.05,0.1,0.07500000000000001,45,97,37.36253,37.1925,0.17002999999999702,True
169,0.10-0.15,0.1,0.15,0.125,13,86,39.00672,38.802,0.2047200000000018,True
169,0.15-0.20,0.15,0.2,0.175,20,123,39.78048,39.5427,0.23777999999999366,True
169,0.20-0.25,0.2,0.25,0.225,52,140,40.28881,40.1351,0.15370999999999668,True
169,0.25-0.28,0.25,0.28,0.265,38,72,40.66311,40.5139,0.14921000000000362,True
169,0.28-0.32,0.28,0.32,0.30000000000000004,62,100,40.93882,40.9018,0.037019999999998277,True
169,0.32-0.35,0.32,0.35,0.33499999999999996,81,71,41.21681,41.1012,0.11561000000000377,True
169,0.35-0.40,0.35,0.4,0.375,98,66,41.44872,41.3794,0.06932000000000471,True
169,0.40-0.50,0.4,0.5,0.45,205,100,41.99253,41.8131,0.17943000000000353,True
169,0.50-0.60,0.5,0.6,0.55,232,83,42.48339,42.3205,0.16288999999999731,True
169,0.60-0.70,0.6,0.7,0.6499999999999999,221,56,42.92792,42.7805,0.14741999999999678,True
169,0.70-0.80,0.7,0.8,0.75,95,47,43.33248,43.1675,0.1649799999999999,True
169,0.80-1.00,0.8,1.0,0.9,85,7,43.68398,43.5331,0.1508800000000008,True
170,0.00-0.05,0.0,0.05,0.025,106,646,36.05504,35.2665,0.7885399999999976,True
170,0.05-0.10,0.05,0.1,0.07500000000000001,45,97,37.2229,37.1925,0.030400000000000205,True
170,0.10-0.15,0.1,0.15,0.125,13,86,38.87889,38.802,0.07688999999999879,True
170,0.15-0.20,0.15,0.2,0.175,20,123,39.69446,39.5427,0.1517599999999959,True
170,0.20-0.25,0.2,0.25,0.225,52,140,40.24048,40.1351,0.1053799999999967,True
170,0.25-0.28,0.25,0.28,0.265,38,72,40.69707,40.5139,0.18316999999999695,True
170,0.28-0.32,0.28,0.32,0.30000000000000004,62,100,40.93181,40.9018,0.030009999999997206,True
170,0.32-0.35,0.32,0.35,0.33499999999999996,81,71,41.20996,41.1012,0.10876000000000374,True
170,0.35-0.40,0.35,0.4,0.375,98,66,41.46815,41.3794,0.08875000000000455,True
170,0.40-0.50,0.4,0.5,0.45,205,100,41.98488,41.8131,0.17177999999999827,True
170,0.50-0.60,0.5,0.6,0.55,232,83,42.45886,42.3205,0.1383599999999987,True
170,0.60-0.70,0.6,0.7,0.6499999999999999,221,56,42.93812,42.7805,0.15761999999999432,True
170,0.70-0.80,0.7,0.8,0.75,95,47,43.31795,43.1675,0.1504500000000064,True
170,0.80-1.00,0.8,1.0,0.9,85,7,43.66049,43.5331,0.12739000000000544,True
171,0.00-0.05,0.0,0.05,0.025,106,646,36.01068,35.2665,0.7441800000000001,True
171,0.05-0.10,0.05,0.1,0.07500000000000001,45,97,37.1975,37.1925,0.0049999999999954525,True
171,0.10-0.15,0.1,0.15,0.125,13,86,39.00672,38.802,0.2047200000000018,True
171,0.15-0.20,0.15,0.2,0.175,20,123,39.74864,39.5427,0.20593999999999824,True
171,0.20-0.25,0.2,0.25,0.225,52,140,40.26524,40.1351,0.13013999999999726,True
171,0.25-0.28,0.25,0.28,0.265,38,72,40.6058,40.5139,0.09190000000000254,True
171,0.28-0.32,0.28,0.32,0.30000000000000004,62,100,40.93472,40.9018,0.032919999999997174,True
171,0.32-0.35,0.32,0.35,0.33499999999999996,81,71,41.21681,41.1012,0.11561000000000377,True
171,0.35-0.40,0.35,0.4,0.375,98,66,41.46099,41.3794,0.0815900000000056,True
171,0.40-0.50,0.4,0.5,0.45,205,100,41.95029,41.8131,0.13719000000000392,True
171,0.50-0.60,0.5,0.6,0.55,232,83,42.46451,42.3205,0.14400999999999442,True
171,0.60-0.70,0.6,0.7,0.6499999999999999,221,56,42.92792,42.7805,0.14741999999999678,True
171,0.70-0.80,0.7,0.8,0.75,95,47,43.30747,43.1675,0.13997000000000526,True
171,0.80-1.00,0.8,1.0,0.9,85,7,43.63286,43.5331,0.0997600000000034,True
172,0.00-0.05,0.0,0.05,0.025,106,646,36.00315,35.2665,0.7366499999999974,True
172,0.05-0.10,0.05,0.1,0.07500000000000001,45,97,37.36659,37.1925,0.17408999999999963,True
172,0.10-0.15,0.1,0.15,0.125,13,86,39.00672,38.802,0.2047200000000018,True
172,0.15-0.20,0.15,0.2,0.175,20,123,39.60073,39.5427,0.05802999999999514,True
172,0.20-0.25,0.2,0.25,0.225,52,140,40.26232,40.1351,0.12722000000000122,True
172,0.25-0.28,0.25,0.28,0.265,38,72,40.6088,40.5139,0.09490000000000265,True
172,0.28-0.32,0.28,0.32,0.30000000000000004,62,100,40.93882,40.9018,0.037019999999998277,True
172,0.32-0.35,0.32,0.35,0.33499999999999996,81,71,41.21681,41.1012,0.11561000000000377,True
172,0.35-0.40,0.35,0.4,0.375,98,66,41.45362,41.3794,0.07422000000000395,True
172,0.40-0.50,0.4,0.5,0.45,205,100,41.98253,41.8131,0.16942999999999842,True
172,0.50-0.60,0.5,0.6,0.55,232,83,42.46451,42.3205,0.14400999999999442,True
172,0.60-0.70,0.6,0.7,0.6499999999999999,221,56,42.92828,42.7805,0.14777999999999736,True
172,0.70-0.80,0.7,0.8,0.75,95,47,43.31795,43.1675,0.1504500000000064,True
172,0.80-1.00,0.8,1.0,0.9,85,7,43.66835,43.5331,0.1352499999999992,True
173,0.00-0.05,0.0,0.05,0.025,106,646,36.01068,35.2665,0.7441800000000001,True
173,0.05-0.10,0.05,0.1,0.07500000000000001,45,97,37.20911,37.1925,0.016610000000000014,True
173,0.10-0.15,0.1,0.15,0.125,13,86,39.29023,38.802,0.4882300000000015,True
173,0.15-0.20,0.15,0.2,0.175,20,123,39.78048,39.5427,0.23777999999999366,True
173,0.20-0.25,0.2,0.25,0.225,52,140,40.25572,40.1351,0.12061999999999529,True
173,0.25-0.28,0.25,0.28,0.265,38,72,40.69293,40.5139,0.17902999999999736,True
173,0.28-0.32,0.28,0.32,0.30000000000000004,62,100,40.93472,40.9018,0.032919999999997174,True
173,0.32-0.35,0.32,0.35,0.33499999999999996,81,71,41.22103,41.1012,0.11983000000000033,True
173,0.35-0.40,0.35,0.4,0.375,98,66,41.44872,41.3794,0.06932000000000471,True
173,0.40-0.50,0.4,0.5,0.45,205,100,41.98525,41.8131,0.17215000000000202,True
173,0.50-0.60,0.5,0.6,0.55,232,83,42.45886,42.3205,0.1383599999999987,True
173,0.60-0.70,0.6,0.7,0.6499999999999999,221,56,42.92792,42.7805,0.14741999999999678,True
173,0.70-0.80,0.7,0.8,0.75,95,47,43.32792,43.1675,0.160420000000002,True
173,0.80-1.00,0.8,1.0,0.9,85,7,43.6954,43.5331,0.1623000000000019,True
174,0.00-0.05,0.0,0.05,0.025,106,646,36.00728,35.2665,0.7407800000000009,True
174,0.05-0.10,0.05,0.1,0.07500000000000001,45,97,37.36253,37.1925,0.17002999999999702,True
174,0.10-0.15,0.1,0.15,0.125,13,86,39.00672,38.802,0.2047200000000018,True
174,0.15-0.20,0.15,0.2,0.175,20,123,39.74864,39.5427,0.20593999999999824,True
174,0.20-0.25,0.2,0.25,0.225,52,140,40.29796,40.1351,0.162860000000002,True
174,0.25-0.28,0.25,0.28,0.265,38,72,40.6088,40.5139,0.09490000000000265,True
174,0.28-0.32,0.28,0.32,0.30000000000000004,62,100,40.93472,40.9018,0.032919999999997174,True
174,0.32-0.35,0.32,0.35,0.33499999999999996,81,71,41.20651,41.1012,0.1053100000000029,True
174,0.35-0.40,0.35,0.4,0.375,98,66,41.45362,41.3794,0.07422000000000395,True
174,0.40-0.50,0.4,0.5,0.45,205,100,42.00385,41.8131,0.1907500000000013,True
174,0.50-0.60,0.5,0.6,0.55,232,83,42.47023,42.3205,0.14972999999999814,True
174,0.60-0.70,0.6,0.7,0.6499999999999999,221,56,42.93407,42.7805,0.15356999999999488,True
174,0.70-0.80,0.7,0.8,0.75,95,47,43.32008,43.1675,0.15258000000000038,True
174,0.80-1.00,0.8,1.0,0.9,85,7,43.72233,43.5331,0.189230000000002,True
175,0.00-0.05,0.0,0.05,0.025,106,646,35.99892,35.2665,0.7324199999999976,True
175,0.05-0.10,0.05,0.1,0.07500000000000001,45,97,37.36244,37.1925,0.16993999999999687,True
175,0.10-0.15,0.1,0.15,0.125,13,86,39.00672,38.802,0.2047200000000018,True
175,0.15-0.20,0.15,0.2,0.175,20,123,39.78048,39.5427,0.23777999999999366,True
175,0.20-0.25,0.2,0.25,0.225,52,140,40.24418,40.1351,0.10907999999999873,True
175,0.25-0.28,0.25,0.28,0.265,38,72,40.66582,40.5139,0.15191999999999695,True
175,0.28-0.32,0.28,0.32,0.30000000000000004,62,100,40.89713,40.9018,-0.004670000000004393,True
175,0.32-0.35,0.32,0.35,0.33499999999999996,81,71,41.22274,41.1012,0.12154000000000309,True
175,0.35-0.40,0.35,0.4,0.375,98,66,41.46099,41.3794,0.0815900000000056,True
175,0.40-0.50,0.4,0.5,0.45,205,100,41.95029,41.8131,0.13719000000000392,True
175,0.50-0.60,0.5,0.6,0.55,232,83,42.4688,42.3205,0.148299999999999,True
175,0.60-0.70,0.6,0.7,0.6499999999999999,221,56,42.93368,42.7805,0.15317999999999898,True
175,0.70-0.80,0.7,0.8,0.75,95,47,43.31795,43.1675,0.1504500000000064,True
175,0.80-1.00,0.8,1.0,0.9,85,7,43.68398,43.5331,0.1508800000000008,True
176,0.00-0.05,0.0,0.05,0.025,106,646,35.9573,35.2665,0.6907999999999959,True
176,0.05-0.10,0.05,0.1,0.07500000000000001,45,97,37.36177,37.1925,0.16926999999999737,True
176,0.10-0.15,0.1,0.15,0.125,13,86,39.00672,38.802,0.2047200000000018,True
176,0.15-0.20,0.15,0.2,0.175,20,123,39.74864,39.5427,0.20593999999999824,True
176,0.20-0.25,0.2,0.25,0.225,52,140,40.25572,40.1351,0.12061999999999529,True
176,0.25-0.28,0.25,0.28,0.265,38,72,40.6058,40.5139,0.09190000000000254,True
176,0.28-0.32,0.28,0.32,0.30000000000000004,62,100,40.93135,40.9018,0.02955000000000041,True
176,0.32-0.35,0.32,0.35,0.33499999999999996,81,71,41.22103,41.1012,0.11983000000000033,True
176,0.35-0.40,0.35,0.4,0.375,98,66,41.42685,41.3794,0.04745000000000488,True
176,0.40-0.50,0.4,0.5,0.45,205,100,41.96627,41.8131,0.15317000000000291,True
176,0.50-0.60,0.5,0.6,0.55,232,83,42.45886,42.3205,0.1383599999999987,True
176,0.60-0.70,0.6,0.7,0.6499999999999999,221,56,42.92792,42.7805,0.14741999999999678,True
176,0.70-0.80,0.7,0.8,0.75,95,47,43.32792,43.1675,0.160420000000002,True
176,0.80-1.00,0.8,1.0,0.9,85,7,43.66835,43.5331,0.1352499999999992,True
177,0.00-0.05,0.0,0.05,0.025,106,646,36.01851,35.2665,0.7520099999999985,True
177,0.05-0.10,0.05,0.1,0.07500000000000001,45,97,37.36244,37.1925,0.16993999999999687,True
177,0.10-0.15,0.1,0.15,0.125,13,86,38.98171,38.802,0.17971000000000004,True
177,0.15-0.20,0.15,0.2,0.175,20,123,39.78048,39.5427,0.23777999999999366,True
177,0.20-0.25,0.2,0.25,0.225,52,140,40.25625,40.1351,0.12115000000000009,True
177,0.25-0.28,0.25,0.28,0.265,38,72,40.6058,40.5139,0.09190000000000254,True
177,0.28-0.32,0.28,0.32,0.30000000000000004,62,100,40.92345,40.9018,0.021650000000001057,True
177,0.32-0.35,0.32,0.35,0.33499999999999996,81,71,41.22274,41.1012,0.12154000000000309,True
177,0.35-0.40,0.35,0.4,0.375,98,66,41.43197,41.3794,0.05257000000000289,True
177,0.40-0.50,0.4,0.5,0.45,205,100,41.96742,41.8131,0.15431999999999846,True
177,0.50-0.60,0.5,0.6,0.55,232,83,42.47376,42.3205,0.15325999999999596,True
177,0.60-0.70,0.6,0.7,0.6499999999999999,221,56,42.92792,42.7805,0.14741999999999678,True
177,0.70-0.80,0.7,0.8,0.75,95,47,43.32792,43.1675,0.160420000000002,True
177,0.80-1.00,0.8,1.0,0.9,85,7,43.64768,43.5331,0.11458000000000368,True
178,0.00-0.05,0.0,0.05,0.025,106,646,36.00256,35.2665,0.7360600000000019,True
178,0.05-0.10,0.05,0.1,0.07500000000000001,45,97,37.2229,37.1925,0.030400000000000205,True
178,0.10-0.15,0.1,0.15,0.125,13,86,39.29023,38.802,0.4882300000000015,True
178,0.15-0.20,0.15,0.2,0.175,20,123,39.69446,39.5427,0.1517599999999959,True
178,0.20-0.25,0.2,0.25,0.225,52,140,40.25625,40.1351,0.12115000000000009,True
178,0.25-0.28,0.25,0.28,0.265,38,72,40.65338,40.5139,0.13947999999999894,True
178,0.28-0.32,0.28,0.32,0.30000000000000004,62,100,40.93882,40.9018,0.037019999999998277,True
178,0.32-0.35,0.32,0.35,0.33499999999999996,81,71,41.22274,41.1012,0.12154000000000309,True
178,0.35-0.40,0.35,0.4,0.375,98,66,41.44872,41.3794,0.06932000000000471,True
178,0.40-0.50,0.4,0.5,0.45,205,100,41.98253,41.8131,0.16942999999999842,True
178,0.50-0.60,0.5,0.6,0.55,232,83,42.45886,42.3205,0.1383599999999987,True
178,0.60-0.70,0.6,0.7,0.6499999999999999,221,56,42.93321,42.7805,0.152709999999999,True
178,0.70-0.80,0.7,0.8,0.75,95,47,43.32792,43.1675,0.160420000000002,True
178,0.80-1.00,0.8,1.0,0.9,85,7,43.72233,43.5331,0.189230000000002,True
179,0.00-0.05,0.0,0.05,0.025,106,646,36.04919,35.2665,0.7826900000000023,True
179,0.05-0.10,0.05,0.1,0.07500000000000001,45,97,37.2229,37.1925,0.030400000000000205,True
179,0.10-0.15,0.1,0.15,0.125,13,86,38.87889,38.802,0.07688999999999879,True
179,0.15-0.20,0.15,0.2,0.175,20,123,39.78048,39.5427,0.23777999999999366,True
179,0.20-0.25,0.2,0.25,0.225,52,140,40.26777,40.1351,0.1326699999999974,True
179,0.25-0.28,0.25,0.28,0.265,38,72,40.67029,40.5139,0.1563900000000018,True
179,0.28-0.32,0.28,0.32,0.30000000000000004,62,100,40.93882,40.9018,0.037019999999998277,True
179,0.32-0.35,0.32,0.35,0.33499999999999996,81,71,41.22336,41.1012,0.12216000000000093,True
179,0.35-0.40,0.35,0.4,0.375,98,66,41.46815,41.3794,0.08875000000000455,True
179,0.40-0.50,0.4,0.5,0.45,205,100,41.99291,41.8131,0.17981000000000336,True
179,0.50-0.60,0.5,0.6,0.55,232,83,42.47441,42.3205,0.15390999999999622,True
179,0.60-0.70,0.6,0.7,0.6499999999999999,221,56,42.93625,42.7805,0.1557499999999976,True
179,0.70-0.80,0.7,0.8,0.75,95,47,43.31795,43.1675,0.1504500000000064,True
179,0.80-1.00,0.8,1.0,0.9,85,7,43.64768,43.5331,0.11458000000000368,True
180,0.00-0.05,0.0,0.05,0.025,106,646,36.01851,35.2665,0.7520099999999985,True
180,0.05-0.10,0.05,0.1,0.07500000000000001,45,97,37.36244,37.1925,0.16993999999999687,True
180,0.10-0.15,0.1,0.15,0.125,13,86,38.87889,38.802,0.07688999999999879,True
180,0.15-0.20,0.15,0.2,0.175,20,123,39.59667,39.5427,0.05396999999999963,True
180,0.20-0.25,0.2,0.25,0.225,52,140,40.24418,40.1351,0.10907999999999873,True
180,0.25-0.28,0.25,0.28,0.265,38,72,40.6088,40.5139,0.09490000000000265,True
180,0.28-0.32,0.28,0.32,0.30000000000000004,62,100,40.93472,40.9018,0.032919999999997174,True
180,0.32-0.35,0.32,0.35,0.33499999999999996,81,71,41.23036,41.1012,0.12915999999999883,True
180,0.35-0.40,0.35,0.4,0.375,98,66,41.43197,41.3794,0.05257000000000289,True
180,0.40-0.50,0.4,0.5,0.45,205,100,41.98525,41.8131,0.17215000000000202,True
180,0.50-0.60,0.5,0.6,0.55,232,83,42.44977,42.3205,0.12926999999999822,True
180,0.60-0.70,0.6,0.7,0.6499999999999999,221,56,42.92792,42.7805,0.14741999999999678,True
180,0.70-0.80,0.7,0.8,0.75,95,47,43.30747,43.1675,0.13997000000000526,True
180,0.80-1.00,0.8,1.0,0.9,85,7,43.64768,43.5331,0.11458000000000368,True
181,0.00-0.05,0.0,0.05,0.025,106,646,36.00315,35.2665,0.7366499999999974,True
181,0.05-0.10,0.05,0.1,0.07500000000000001,45,97,37.20911,37.1925,0.016610000000000014,True
181,0.10-0.15,0.1,0.15,0.125,13,86,39.16841,38.802,0.3664100000000019,True
181,0.15-0.20,0.15,0.2,0.175,20,123,39.74864,39.5427,0.20593999999999824,True
181,0.20-0.25,0.2,0.25,0.225,52,140,40.25625,40.1351,0.12115000000000009,True
181,0.25-0.28,0.25,0.28,0.265,38,72,40.69293,40.5139,0.17902999999999736,True
181,0.28-0.32,0.28,0.32,0.30000000000000004,62,100,40.93135,40.9018,0.02955000000000041,True
181,0.32-0.35,0.32,0.35,0.33499999999999996,81,71,41.21681,41.1012,0.11561000000000377,True
181,0.35-0.40,0.35,0.4,0.375,98,66,41.45362,41.3794,0.07422000000000395,True
181,0.40-0.50,0.4,0.5,0.45,205,100,41.98253,41.8131,0.16942999999999842,True
181,0.50-0.60,0.5,0.6,0.55,232,83,42.48074,42.3205,0.1602399999999946,True
181,0.60-0.70,0.6,0.7,0.6499999999999999,221,56,42.92792,42.7805,0.14741999999999678,True
181,0.70-0.80,0.7,0.8,0.75,95,47,43.31795,43.1675,0.1504500000000064,True
181,0.80-1.00,0.8,1.0,0.9,85,7,43.66835,43.5331,0.1352499999999992,True
182,0.00-0.05,0.0,0.05,0.025,106,646,36.01068,35.2665,0.7441800000000001,True
182,0.05-0.10,0.05,0.1,0.07500000000000001,45,97,37.20911,37.1925,0.016610000000000014,True
182,0.10-0.15,0.1,0.15,0.125,13,86,39.16841,38.802,0.3664100000000019,True
182,0.15-0.20,0.15,0.2,0.175,20,123,39.74864,39.5427,0.20593999999999824,True
182,0.20-0.25,0.2,0.25,0.225,52,140,40.26232,40.1351,0.12722000000000122,True
182,0.25-0.28,0.25,0.28,0.265,38,72,40.67029,40.5139,0.1563900000000018,True
182,0.28-0.32,0.28,0.32,0.30000000000000004,62,100,40.95914,40.9018,0.057339999999996394,True
182,0.32-0.35,0.32,0.35,0.33499999999999996,81,71,41.21969,41.1012,0.11849000000000132,True
182,0.35-0.40,0.35,0.4,0.375,98,66,41.45362,41.3794,0.07422000000000395,True
182,0.40-0.50,0.4,0.5,0.45,205,100,41.96487,41.8131,0.15176999999999907,True
182,0.50-0.60,0.5,0.6,0.55,232,83,42.47441,42.3205,0.15390999999999622,True
182,0.60-0.70,0.6,0.7,0.6499999999999999,221,56,42.92828,42.7805,0.14777999999999736,True
182,0.70-0.80,0.7,0.8,0.75,95,47,43.32792,43.1675,0.160420000000002,True
182,0.80-1.00,0.8,1.0,0.9,85,7,43.64768,43.5331,0.11458000000000368,True
183,0.00-0.05,0.0,0.05,0.025,106,646,35.99892,35.2665,0.7324199999999976,True
183,0.05-0.10,0.05,0.1,0.07500000000000001,45,97,37.2229,37.1925,0.030400000000000205,True
183,0.10-0.15,0.1,0.15,0.125,13,86,38.98171,38.802,0.17971000000000004,True
183,0.15-0.20,0.15,0.2,0.175,20,123,39.74864,39.5427,0.20593999999999824,True
183,0.20-0.25,0.2,0.25,0.225,52,140,40.26524,40.1351,0.13013999999999726,True
183,0.25-0.28,0.25,0.28,0.265,38,72,40.65338,40.5139,0.13947999999999894,True
183,0.28-0.32,0.28,0.32,0.30000000000000004,62,100,40.99129,40.9018,0.08948999999999785,True
183,0.32-0.35,0.32,0.35,0.33499999999999996,81,71,41.21681,41.1012,0.11561000000000377,True
183,0.35-0.40,0.35,0.4,0.375,98,66,41.45362,41.3794,0.07422000000000395,True
183,0.40-0.50,0.4,0.5,0.45,205,100,41.98525,41.8131,0.17215000000000202,True
183,0.50-0.60,0.5,0.6,0.55,232,83,42.4499,42.3205,0.12939999999999685,True
183,0.60-0.70,0.6,0.7,0.6499999999999999,221,56,42.93007,42.7805,0.1495699999999971,True
183,0.70-0.80,0.7,0.8,0.75,95,47,43.32008,43.1675,0.15258000000000038,True
183,0.80-1.00,0.8,1.0,0.9,85,7,43.69555,43.5331,0.16244999999999976,True
184,0.00-0.05,0.0,0.05,0.025,106,646,36.02516,35.2665,0.758659999999999,True
184,0.05-0.10,0.05,0.1,0.07500000000000001,45,97,37.1975,37.1925,0.0049999999999954525,True
184,0.10-0.15,0.1,0.15,0.125,13,86,38.87889,38.802,0.07688999999999879,True
184,0.15-0.20,0.15,0.2,0.175,20,123,39.74864,39.5427,0.20593999999999824,True
184,0.20-0.25,0.2,0.25,0.225,52,140,40.25625,40.1351,0.12115000000000009,True
184,0.25-0.28,0.25,0.28,0.265,38,72,40.65338,40.5139,0.13947999999999894,True
184,0.28-0.32,0.28,0.32,0.30000000000000004,62,100,40.93472,40.9018,0.032919999999997174,True
184,0.32-0.35,0.32,0.35,0.33499999999999996,81,71,41.21969,41.1012,0.11849000000000132,True
184,0.35-0.40,0.35,0.4,0.375,98,66,41.46099,41.3794,0.0815900000000056,True
184,0.40-0.50,0.4,0.5,0.45,205,100,42.00385,41.8131,0.1907500000000013,True
184,0.50-0.60,0.5,0.6,0.55,232,83,42.47441,42.3205,0.15390999999999622,True
184,0.60-0.70,0.6,0.7,0.6499999999999999,221,56,42.92792,42.7805,0.14741999999999678,True
184,0.70-0.80,0.7,0.8,0.75,95,47,43.31795,43.1675,0.1504500000000064,True
184,0.80-1.00,0.8,1.0,0.9,85,7,43.68131,43.5331,0.14821000000000595,True
185,0.00-0.05,0.0,0.05,0.025,106,646,35.99892,35.2665,0.7324199999999976,True
185,0.05-0.10,0.05,0.1,0.07500000000000001,45,97,37.36659,37.1925,0.17408999999999963,True
185,0.10-0.15,0.1,0.15,0.125,13,86,39.16841,38.802,0.3664100000000019,True
185,0.15-0.20,0.15,0.2,0.175,20,123,39.59667,39.5427,0.05396999999999963,True
185,0.20-0.25,0.2,0.25,0.225,52,140,40.25572,40.1351,0.12061999999999529,True
185,0.25-0.28,0.25,0.28,0.265,38,72,40.6088,40.5139,0.09490000000000265,True
185,0.28-0.32,0.28,0.32,0.30000000000000004,62,100,40.93882,40.9018,0.037019999999998277,True
185,0.32-0.35,0.32,0.35,0.33499999999999996,81,71,41.21681,41.1012,0.11561000000000377,True
185,0.35-0.40,0.35,0.4,0.375,98,66,41.44162,41.3794,0.062220000000003495,True
185,0.40-0.50,0.4,0.5,0.45,205,100,41.98525,41.8131,0.17215000000000202,True
185,0.50-0.60,0.5,0.6,0.55,232,83,42.4688,42.3205,0.148299999999999,True
185,0.60-0.70,0.6,0.7,0.6499999999999999,221,56,42.92854,42.7805,0.14803999999999462,True
185,0.70-0.80,0.7,0.8,0.75,95,47,43.30747,43.1675,0.13997000000000526,True
185,0.80-1.00,0.8,1.0,0.9,85,7,43.64768,43.5331,0.11458000000000368,True
186,0.00-0.05,0.0,0.05,0.025,106,646,35.95132,35.2665,0.684820000000002,True
186,0.05-0.10,0.05,0.1,0.07500000000000001,45,97,37.36253,37.1925,0.17002999999999702,True
186,0.10-0.15,0.1,0.15,0.125,13,86,38.87889,38.802,0.07688999999999879,True
186,0.15-0.20,0.15,0.2,0.175,20,123,39.74864,39.5427,0.20593999999999824,True
186,0.20-0.25,0.2,0.25,0.225,52,140,40.23354,40.1351,0.09843999999999653,True
186,0.25-0.28,0.25,0.28,0.265,38,72,40.66311,40.5139,0.14921000000000362,True
186,0.28-0.32,0.28,0.32,0.30000000000000004,62,100,40.93882,40.9018,0.037019999999998277,True
186,0.32-0.35,0.32,0.35,0.33499999999999996,81,71,41.21969,41.1012,0.11849000000000132,True
186,0.35-0.40,0.35,0.4,0.375,98,66,41.45362,41.3794,0.07422000000000395,True
186,0.40-0.50,0.4,0.5,0.45,205,100,41.98253,41.8131,0.16942999999999842,True
186,0.50-0.60,0.5,0.6,0.55,232,83,42.45886,42.3205,0.1383599999999987,True
186,0.60-0.70,0.6,0.7,0.6499999999999999,221,56,42.92792,42.7805,0.14741999999999678,True
186,0.70-0.80,0.7,0.8,0.75,95,47,43.30392,43.1675,0.1364200000000011,True
186,0.80-1.00,0.8,1.0,0.9,85,7,43.64144,43.5331,0.10834000000000543,True
187,0.00-0.05,0.0,0.05,0.025,106,646,36.02516,35.2665,0.758659999999999,True
187,0.05-0.10,0.05,0.1,0.07500000000000001,45,97,37.36253,37.1925,0.17002999999999702,True
187,0.10-0.15,0.1,0.15,0.125,13,86,39.00672,38.802,0.2047200000000018,True
187,0.15-0.20,0.15,0.2,0.175,20,123,39.69446,39.5427,0.1517599999999959,True
187,0.20-0.25,0.2,0.25,0.225,52,140,40.25572,40.1351,0.12061999999999529,True
187,0.25-0.28,0.25,0.28,0.265,38,72,40.66311,40.5139,0.14921000000000362,True
187,0.28-0.32,0.28,0.32,0.30000000000000004,62,100,40.93472,40.9018,0.032919999999997174,True
187,0.32-0.35,0.32,0.35,0.33499999999999996,81,71,41.21969,41.1012,0.11849000000000132,True
187,0.35-0.40,0.35,0.4,0.375,98,66,41.42987,41.3794,0.050470000000004234,True
187,0.40-0.50,0.4,0.5,0.45,205,100,41.99425,41.8131,0.18115000000000236,True
187,0.50-0.60,0.5,0.6,0.55,232,83,42.47023,42.3205,0.14972999999999814,True
187,0.60-0.70,0.6,0.7,0.6499999999999999,221,56,42.92792,42.7805,0.14741999999999678,True
187,0.70-0.80,0.7,0.8,0.75,95,47,43.32008,43.1675,0.15258000000000038,True
187,0.80-1.00,0.8,1.0,0.9,85,7,43.66049,43.5331,0.12739000000000544,True
188,0.00-0.05,0.0,0.05,0.025,106,646,36.00728,35.2665,0.7407800000000009,True
188,0.05-0.10,0.05,0.1,0.07500000000000001,45,97,37.36244,37.1925,0.16993999999999687,True
188,0.10-0.15,0.1,0.15,0.125,13,86,39.16841,38.802,0.3664100000000019,True
188,0.15-0.20,0.15,0.2,0.175,20,123,39.78048,39.5427,0.23777999999999366,True
188,0.20-0.25,0.2,0.25,0.225,52,140,40.26524,40.1351,0.13013999999999726,True
188,0.25-0.28,0.25,0.28,0.265,38,72,40.65338,40.5139,0.13947999999999894,True
188,0.28-0.32,0.28,0.32,0.30000000000000004,62,100,40.93882,40.9018,0.037019999999998277,True
188,0.32-0.35,0.32,0.35,0.33499999999999996,81,71,41.22274,41.1012,0.12154000000000309,True
188,0.35-0.40,0.35,0.4,0.375,98,66,41.45362,41.3794,0.07422000000000395,True
188,0.40-0.50,0.4,0.5,0.45,205,100,41.98253,41.8131,0.16942999999999842,True
188,0.50-0.60,0.5,0.6,0.55,232,83,42.47071,42.3205,0.15020999999999418,True
188,0.60-0.70,0.6,0.7,0.6499999999999999,221,56,42.93407,42.7805,0.15356999999999488,True
188,0.70-0.80,0.7,0.8,0.75,95,47,43.31795,43.1675,0.1504500000000064,True
188,0.80-1.00,0.8,1.0,0.9,85,7,43.66835,43.5331,0.1352499999999992,True
189,0.00-0.05,0.0,0.05,0.025,106,646,36.00315,35.2665,0.7366499999999974,True
189,0.05-0.10,0.05,0.1,0.07500000000000001,45,97,37.20911,37.1925,0.016610000000000014,True
189,0.10-0.15,0.1,0.15,0.125,13,86,38.87889,38.802,0.07688999999999879,True
189,0.15-0.20,0.15,0.2,0.175,20,123,39.78048,39.5427,0.23777999999999366,True
189,0.20-0.25,0.2,0.25,0.225,52,140,40.25572,40.1351,0.12061999999999529,True
189,0.25-0.28,0.25,0.28,0.265,38,72,40.65338,40.5139,0.13947999999999894,True
189,0.28-0.32,0.28,0.32,0.30000000000000004,62,100,40.93472,40.9018,0.032919999999997174,True
189,0.32-0.35,0.32,0.35,0.33499999999999996,81,71,41.21969,41.1012,0.11849000000000132,True
189,0.35-0.40,0.35,0.4,0.375,98,66,41.45362,41.3794,0.07422000000000395,True
189,0.40-0.50,0.4,0.5,0.45,205,100,41.96072,41.8131,0.14762000000000342,True
189,0.50-0.60,0.5,0.6,0.55,232,83,42.47574,42.3205,0.15523999999999916,True
189,0.60-0.70,0.6,0.7,0.6499999999999999,221,56,42.92792,42.7805,0.14741999999999678,True
189,0.70-0.80,0.7,0.8,0.75,95,47,43.30747,43.1675,0.13997000000000526,True
189,0.80-1.00,0.8,1.0,0.9,85,7,43.72233,43.5331,0.189230000000002,True
190,0.00-0.05,0.0,0.05,0.025,106,646,36.01126,35.2665,0.7447599999999994,True
190,0.05-0.10,0.05,0.1,0.07500000000000001,45,97,37.1975,37.1925,0.0049999999999954525,True
190,0.10-0.15,0.1,0.15,0.125,13,86,38.87889,38.802,0.07688999999999879,True
190,0.15-0.20,0.15,0.2,0.175,20,123,39.78048,39.5427,0.23777999999999366,True
190,0.20-0.25,0.2,0.25,0.225,52,140,40.25625,40.1351,0.12115000000000009,True
190,0.25-0.28,0.25,0.28,0.265,38,72,40.6088,40.5139,0.09490000000000265,True
190,0.28-0.32,0.28,0.32,0.30000000000000004,62,100,40.93181,40.9018,0.030009999999997206,True
190,0.32-0.35,0.32,0.35,0.33499999999999996,81,71,41.20996,41.1012,0.10876000000000374,True
190,0.35-0.40,0.35,0.4,0.375,98,66,41.45362,41.3794,0.07422000000000395,True
190,0.40-0.50,0.4,0.5,0.45,205,100,41.96413,41.8131,0.15102999999999867,True
190,0.50-0.60,0.5,0.6,0.55,232,83,42.4688,42.3205,0.148299999999999,True
190,0.60-0.70,0.6,0.7,0.6499999999999999,221,56,42.92792,42.7805,0.14741999999999678,True
190,0.70-0.80,0.7,0.8,0.75,95,47,43.32792,43.1675,0.160420000000002,True
190,0.80-1.00,0.8,1.0,0.9,85,7,43.66835,43.5331,0.1352499999999992,True
191,0.00-0.05,0.0,0.05,0.025,106,646,36.04309,35.2665,0.7765899999999988,True
191,0.05-0.10,0.05,0.1,0.07500000000000001,45,97,37.36244,37.1925,0.16993999999999687,True
191,0.10-0.15,0.1,0.15,0.125,13,86,39.29023,38.802,0.4882300000000015,True
191,0.15-0.20,0.15,0.2,0.175,20,123,39.8153,39.5427,0.27259999999999707,True
191,0.20-0.25,0.2,0.25,0.225,52,140,40.25572,40.1351,0.12061999999999529,True
191,0.25-0.28,0.25,0.28,0.265,38,72,40.65338,40.5139,0.13947999999999894,True
191,0.28-0.32,0.28,0.32,0.30000000000000004,62,100,40.93181,40.9018,0.030009999999997206,True
191,0.32-0.35,0.32,0.35,0.33499999999999996,81,71,41.22336,41.1012,0.12216000000000093,True
191,0.35-0.40,0.35,0.4,0.375,98,66,41.43197,41.3794,0.05257000000000289,True
191,0.40-0.50,0.4,0.5,0.45,205,100,41.96072,41.8131,0.14762000000000342,True
191,0.50-0.60,0.5,0.6,0.55,232,83,42.47376,42.3205,0.15325999999999596,True
191,0.60-0.70,0.6,0.7,0.6499999999999999,221,56,42.92792,42.7805,0.14741999999999678,True
191,0.70-0.80,0.7,0.8,0.75,95,47,43.31795,43.1675,0.1504500000000064,True
191,0.80-1.00,0.8,1.0,0.9,85,7,43.66835,43.5331,0.1352499999999992,True
192,0.00-0.05,0.0,0.05,0.025,106,646,36.04309,35.2665,0.7765899999999988,True
192,0.05-0.10,0.05,0.1,0.07500000000000001,45,97,37.36253,37.1925,0.17002999999999702,True
192,0.10-0.15,0.1,0.15,0.125,13,86,39.16841,38.802,0.3664100000000019,True
192,0.15-0.20,0.15,0.2,0.175,20,123,39.59667,39.5427,0.05396999999999963,True
192,0.20-0.25,0.2,0.25,0.225,52,140,40.25625,40.1351,0.12115000000000009,True
192,0.25-0.28,0.25,0.28,0.265,38,72,40.66311,40.5139,0.14921000000000362,True
192,0.28-0.32,0.28,0.32,0.30000000000000004,62,100,40.90452,40.9018,0.002719999999996503,True
192,0.32-0.35,0.32,0.35,0.33499999999999996,81,71,41.21969,41.1012,0.11849000000000132,True
192,0.35-0.40,0.35,0.4,0.375,98,66,41.46815,41.3794,0.08875000000000455,True
192,0.40-0.50,0.4,0.5,0.45,205,100,41.98488,41.8131,0.17177999999999827,True
192,0.50-0.60,0.5,0.6,0.55,232,83,42.45886,42.3205,0.1383599999999987,True
192,0.60-0.70,0.6,0.7,0.6499999999999999,221,56,42.92792,42.7805,0.14741999999999678,True
192,0.70-0.80,0.7,0.8,0.75,95,47,43.32008,43.1675,0.15258000000000038,True
192,0.80-1.00,0.8,1.0,0.9,85,7,43.66835,43.5331,0.1352499999999992,True
193,0.00-0.05,0.0,0.05,0.025,106,646,36.04919,35.2665,0.7826900000000023,True
193,0.05-0.10,0.05,0.1,0.07500000000000001,45,97,37.2229,37.1925,0.030400000000000205,True
193,0.10-0.15,0.1,0.15,0.125,13,86,39.00672,38.802,0.2047200000000018,True
193,0.15-0.20,0.15,0.2,0.175,20,123,39.78048,39.5427,0.23777999999999366,True
193,0.20-0.25,0.2,0.25,0.225,52,140,40.26777,40.1351,0.1326699999999974,True
193,0.25-0.28,0.25,0.28,0.265,38,72,40.67029,40.5139,0.1563900000000018,True
193,0.28-0.32,0.28,0.32,0.30000000000000004,62,100,40.93472,40.9018,0.032919999999997174,True
193,0.32-0.35,0.32,0.35,0.33499999999999996,81,71,41.21969,41.1012,0.11849000000000132,True
193,0.35-0.40,0.35,0.4,0.375,98,66,41.43197,41.3794,0.05257000000000289,True
193,0.40-0.50,0.4,0.5,0.45,205,100,41.94989,41.8131,0.13679000000000485,True
193,0.50-0.60,0.5,0.6,0.55,232,83,42.4584,42.3205,0.1378999999999948,True
193,0.60-0.70,0.6,0.7,0.6499999999999999,221,56,42.93252,42.7805,0.15201999999999316,True
193,0.70-0.80,0.7,0.8,0.75,95,47,43.31795,43.1675,0.1504500000000064,True
193,0.80-1.00,0.8,1.0,0.9,85,7,43.66049,43.5331,0.12739000000000544,True
194,0.00-0.05,0.0,0.05,0.025,106,646,36.04309,35.2665,0.7765899999999988,True
194,0.05-0.10,0.05,0.1,0.07500000000000001,45,97,37.20911,37.1925,0.016610000000000014,True
194,0.10-0.15,0.1,0.15,0.125,13,86,39.16841,38.802,0.3664100000000019,True
194,0.15-0.20,0.15,0.2,0.175,20,123,39.78048,39.5427,0.23777999999999366,True
194,0.20-0.25,0.2,0.25,0.225,52,140,40.24144,40.1351,0.10633999999999588,True
194,0.25-0.28,0.25,0.28,0.265,38,72,40.65338,40.5139,0.13947999999999894,True
194,0.28-0.32,0.28,0.32,0.30000000000000004,62,100,40.93135,40.9018,0.02955000000000041,True
194,0.32-0.35,0.32,0.35,0.33499999999999996,81,71,41.23123,41.1012,0.13002999999999787,True
194,0.35-0.40,0.35,0.4,0.375,98,66,41.45362,41.3794,0.07422000000000395,True
194,0.40-0.50,0.4,0.5,0.45,205,100,41.99253,41.8131,0.17943000000000353,True
194,0.50-0.60,0.5,0.6,0.55,232,83,42.4688,42.3205,0.148299999999999,True
194,0.60-0.70,0.6,0.7,0.6499999999999999,221,56,42.92792,42.7805,0.14741999999999678,True
194,0.70-0.80,0.7,0.8,0.75,95,47,43.32792,43.1675,0.160420000000002,True
194,0.80-1.00,0.8,1.0,0.9,85,7,43.72414,43.5331,0.191040000000001,True
195,0.00-0.05,0.0,0.05,0.025,106,646,36.01851,35.2665,0.7520099999999985,True
195,0.05-0.10,0.05,0.1,0.07500000000000001,45,97,37.1975,37.1925,0.0049999999999954525,True
195,0.10-0.15,0.1,0.15,0.125,13,86,38.87889,38.802,0.07688999999999879,True
195,0.15-0.20,0.15,0.2,0.175,20,123,39.78048,39.5427,0.23777999999999366,True
195,0.20-0.25,0.2,0.25,0.225,52,140,40.26232,40.1351,0.12722000000000122,True
195,0.25-0.28,0.25,0.28,0.265,38,72,40.66311,40.5139,0.14921000000000362,True
195,0.28-0.32,0.28,0.32,0.30000000000000004,62,100,40.92345,40.9018,0.021650000000001057,True
195,0.32-0.35,0.32,0.35,0.33499999999999996,81,71,41.22274,41.1012,0.12154000000000309,True
195,0.35-0.40,0.35,0.4,0.375,98,66,41.46707,41.3794,0.0876700000000028,True
195,0.40-0.50,0.4,0.5,0.45,205,100,41.98488,41.8131,0.17177999999999827,True
195,0.50-0.60,0.5,0.6,0.55,232,83,42.47376,42.3205,0.15325999999999596,True
195,0.60-0.70,0.6,0.7,0.6499999999999999,221,56,42.92792,42.7805,0.14741999999999678,True
195,0.70-0.80,0.7,0.8,0.75,95,47,43.32008,43.1675,0.15258000000000038,True
195,0.80-1.00,0.8,1.0,0.9,85,7,43.68398,43.5331,0.1508800000000008,True
196,0.00-0.05,0.0,0.05,0.025,106,646,35.9573,35.2665,0.6907999999999959,True
196,0.05-0.10,0.05,0.1,0.07500000000000001,45,97,37.36253,37.1925,0.17002999999999702,True
196,0.10-0.15,0.1,0.15,0.125,13,86,39.29023,38.802,0.4882300000000015,True
196,0.15-0.20,0.15,0.2,0.175,20,123,39.78048,39.5427,0.23777999999999366,True
196,0.20-0.25,0.2,0.25,0.225,52,140,40.26524,40.1351,0.13013999999999726,True
196,0.25-0.28,0.25,0.28,0.265,38,72,40.66311,40.5139,0.14921000000000362,True
196,0.28-0.32,0.28,0.32,0.30000000000000004,62,100,40.93472,40.9018,0.032919999999997174,True
196,0.32-0.35,0.32,0.35,0.33499999999999996,81,71,41.21969,41.1012,0.11849000000000132,True
196,0.35-0.40,0.35,0.4,0.375,98,66,41.45362,41.3794,0.07422000000000395,True
196,0.40-0.50,0.4,0.5,0.45,205,100,41.96879,41.8131,0.15568999999999988,True
196,0.50-0.60,0.5,0.6,0.55,232,83,42.46451,42.3205,0.14400999999999442,True
196,0.60-0.70,0.6,0.7,0.6499999999999999,221,56,42.92792,42.7805,0.14741999999999678,True
196,0.70-0.80,0.7,0.8,0.75,95,47,43.32792,43.1675,0.160420000000002,True
196,0.80-1.00,0.8,1.0,0.9,85,7,43.66835,43.5331,0.1352499999999992,True
197,0.00-0.05,0.0,0.05,0.025,106,646,36.00315,35.2665,0.7366499999999974,True
197,0.05-0.10,0.05,0.1,0.07500000000000001,45,97,37.36244,37.1925,0.16993999999999687,True
197,0.10-0.15,0.1,0.15,0.125,13,86,39.16841,38.802,0.3664100000000019,True
197,0.15-0.20,0.15,0.2,0.175,20,123,39.74864,39.5427,0.20593999999999824,True
197,0.20-0.25,0.2,0.25,0.225,52,140,40.24418,40.1351,0.10907999999999873,True
197,0.25-0.28,0.25,0.28,0.265,38,72,40.66311,40.5139,0.14921000000000362,True
197,0.28-0.32,0.28,0.32,0.30000000000000004,62,100,40.93472,40.9018,0.032919999999997174,True
197,0.32-0.35,0.32,0.35,0.33499999999999996,81,71,41.21969,41.1012,0.11849000000000132,True
197,0.35-0.40,0.35,0.4,0.375,98,66,41.45362,41.3794,0.07422000000000395,True
197,0.40-0.50,0.4,0.5,0.45,205,100,41.96627,41.8131,0.15317000000000291,True
197,0.50-0.60,0.5,0.6,0.55,232,83,42.4688,42.3205,0.148299999999999,True
197,0.60-0.70,0.6,0.7,0.6499999999999999,221,56,42.92792,42.7805,0.14741999999999678,True
197,0.70-0.80,0.7,0.8,0.75,95,47,43.31795,43.1675,0.1504500000000064,True
197,0.80-1.00,0.8,1.0,0.9,85,7,43.64768,43.5331,0.11458000000000368,True
198,0.00-0.05,0.0,0.05,0.025,106,646,36.02516,35.2665,0.758659999999999,True
198,0.05-0.10,0.05,0.1,0.07500000000000001,45,97,37.1436,37.1925,-0.048900000000003274,True
198,0.10-0.15,0.1,0.15,0.125,13,86,39.16841,38.802,0.3664100000000019,True
198,0.15-0.20,0.15,0.2,0.175,20,123,39.78048,39.5427,0.23777999999999366,True
198,0.20-0.25,0.2,0.25,0.225,52,140,40.25572,40.1351,0.12061999999999529,True
198,0.25-0.28,0.25,0.28,0.265,38,72,40.65338,40.5139,0.13947999999999894,True
198,0.28-0.32,0.28,0.32,0.30000000000000004,62,100,40.89235,40.9018,-0.009450000000001069,True
198,0.32-0.35,0.32,0.35,0.33499999999999996,81,71,41.22274,41.1012,0.12154000000000309,True
198,0.35-0.40,0.35,0.4,0.375,98,66,41.45362,41.3794,0.07422000000000395,True
198,0.40-0.50,0.4,0.5,0.45,205,100,41.98488,41.8131,0.17177999999999827,True
198,0.50-0.60,0.5,0.6,0.55,232,83,42.4584,42.3205,0.1378999999999948,True
198,0.60-0.70,0.6,0.7,0.6499999999999999,221,56,42.93007,42.7805,0.1495699999999971,True
198,0.70-0.80,0.7,0.8,0.75,95,47,43.33248,43.1675,0.1649799999999999,True
198,0.80-1.00,0.8,1.0,0.9,85,7,43.68131,43.5331,0.14821000000000595,True
199,0.00-0.05,0.0,0.05,0.025,106,646,36.04919,35.2665,0.7826900000000023,True
199,0.05-0.10,0.05,0.1,0.07500000000000001,45,97,37.34903,37.1925,0.1565299999999965,True
199,0.10-0.15,0.1,0.15,0.125,13,86,38.98171,38.802,0.17971000000000004,True
199,0.15-0.20,0.15,0.2,0.175,20,123,39.74864,39.5427,0.20593999999999824,True
199,0.20-0.25,0.2,0.25,0.225,52,140,40.26524,40.1351,0.13013999999999726,True
199,0.25-0.28,0.25,0.28,0.265,38,72,40.66311,40.5139,0.14921000000000362,True
199,0.28-0.32,0.28,0.32,0.30000000000000004,62,100,40.93882,40.9018,0.037019999999998277,True
199,0.32-0.35,0.32,0.35,0.33499999999999996,81,71,41.21969,41.1012,0.11849000000000132,True
199,0.35-0.40,0.35,0.4,0.375,98,66,41.45362,41.3794,0.07422000000000395,True
199,0.40-0.50,0.4,0.5,0.45,205,100,41.96627,41.8131,0.15317000000000291,True
199,0.50-0.60,0.5,0.6,0.55,232,83,42.4688,42.3205,0.148299999999999,True
199,0.60-0.70,0.6,0.7,0.6499999999999999,221,56,42.92792,42.7805,0.14741999999999678,True
199,0.70-0.80,0.7,0.8,0.75,95,47,43.32792,43.1675,0.160420000000002,True
199,0.80-1.00,0.8,1.0,0.9,85,7,43.68398,43.5331,0.1508800000000008,True
200,0.00-0.05,0.0,0.05,0.025,106,646,36.01068,35.2665,0.7441800000000001,True
200,0.05-0.10,0.05,0.1,0.07500000000000001,45,97,37.36659,37.1925,0.17408999999999963,True
200,0.10-0.15,0.1,0.15,0.125,13,86,39.16841,38.802,0.3664100000000019,True
200,0.15-0.20,0.15,0.2,0.175,20,123,39.78048,39.5427,0.23777999999999366,True
200,0.20-0.25,0.2,0.25,0.225,52,140,40.25572,40.1351,0.12061999999999529,True
200,0.25-0.28,0.25,0.28,0.265,38,72,40.66634,40.5139,0.15243999999999858,True
200,0.28-0.32,0.28,0.32,0.30000000000000004,62,100,40.93472,40.9018,0.032919999999997174,True
200,0.32-0.35,0.32,0.35,0.33499999999999996,81,71,41.21681,41.1012,0.11561000000000377,True
200,0.35-0.40,0.35,0.4,0.375,98,66,41.44377,41.3794,0.06437000000000381,True
200,0.40-0.50,0.4,0.5,0.45,205,100,42.00695,41.8131,0.19385000000000474,True
200,0.50-0.60,0.5,0.6,0.55,232,83,42.4688,42.3205,0.148299999999999,True
200,0.60-0.70,0.6,0.7,0.6499999999999999,221,56,42.92792,42.7805,0.14741999999999678,True
200,0.70-0.80,0.7,0.8,0.75,95,47,43.31795,43.1675,0.1504500000000064,True
200,0.80-1.00,0.8,1.0,0.9,85,7,43.68398,43.5331,0.1508800000000008,True
201,0.00-0.05,0.0,0.05,0.025,106,646,36.04309,35.2665,0.7765899999999988,True
201,0.05-0.10,0.05,0.1,0.07500000000000001,45,97,37.36253,37.1925,0.17002999999999702,True
201,0.10-0.15,0.1,0.15,0.125,13,86,38.89598,38.802,0.09398000000000195,True
201,0.15-0.20,0.15,0.2,0.175,20,123,39.78048,39.5427,0.23777999999999366,True
201,0.20-0.25,0.2,0.25,0.225,52,140,40.25625,40.1351,0.12115000000000009,True
201,0.25-0.28,0.25,0.28,0.265,38,72,40.6058,40.5139,0.09190000000000254,True
201,0.28-0.32,0.28,0.32,0.30000000000000004,62,100,40.89713,40.9018,-0.004670000000004393,True
201,0.32-0.35,0.32,0.35,0.33499999999999996,81,71,41.23123,41.1012,0.13002999999999787,True
201,0.35-0.40,0.35,0.4,0.375,98,66,41.46815,41.3794,0.08875000000000455,True
201,0.40-0.50,0.4,0.5,0.45,205,100,41.99253,41.8131,0.17943000000000353,True
201,0.50-0.60,0.5,0.6,0.55,232,83,42.45886,42.3205,0.1383599999999987,True
201,0.60-0.70,0.6,0.7,0.6499999999999999,221,56,42.92792,42.7805,0.14741999999999678,True
201,0.70-0.80,0.7,0.8,0.75,95,47,43.32792,43.1675,0.160420000000002,True
201,0.80-1.00,0.8,1.0,0.9,85,7,43.64768,43.5331,0.11458000000000368,True
202,0.00-0.05,0.0,0.05,0.025,106,646,36.05893,35.2665,0.792429999999996,True
202,0.05-0.10,0.05,0.1,0.07500000000000001,45,97,37.36253,37.1925,0.17002999999999702,True
202,0.10-0.15,0.1,0.15,0.125,13,86,39.16841,38.802,0.3664100000000019,True
202,0.15-0.20,0.15,0.2,0.175,20,123,39.74864,39.5427,0.20593999999999824,True
202,0.20-0.25,0.2,0.25,0.225,52,140,40.26777,40.1351,0.1326699999999974,True
202,0.25-0.28,0.25,0.28,0.265,38,72,40.65338,40.5139,0.13947999999999894,True
202,0.28-0.32,0.28,0.32,0.30000000000000004,62,100,40.93135,40.9018,0.02955000000000041,True
202,0.32-0.35,0.32,0.35,0.33499999999999996,81,71,41.21254,41.1012,0.11133999999999844,True
202,0.35-0.40,0.35,0.4,0.375,98,66,41.44377,41.3794,0.06437000000000381,True
202,0.40-0.50,0.4,0.5,0.45,205,100,41.96627,41.8131,0.15317000000000291,True
202,0.50-0.60,0.5,0.6,0.55,232,83,42.4688,42.3205,0.148299999999999,True
202,0.60-0.70,0.6,0.7,0.6499999999999999,221,56,42.93625,42.7805,0.1557499999999976,True
202,0.70-0.80,0.7,0.8,0.75,95,47,43.31795,43.1675,0.1504500000000064,True
202,0.80-1.00,0.8,1.0,0.9,85,7,43.68398,43.5331,0.1508800000000008,True
203,0.00-0.05,0.0,0.05,0.025,106,646,36.01126,35.2665,0.7447599999999994,True
203,0.05-0.10,0.05,0.1,0.07500000000000001,45,97,37.37352,37.1925,0.18101999999999663,True
203,0.10-0.15,0.1,0.15,0.125,13,86,38.87889,38.802,0.07688999999999879,True
203,0.15-0.20,0.15,0.2,0.175,20,123,39.78048,39.5427,0.23777999999999366,True
203,0.20-0.25,0.2,0.25,0.225,52,140,40.26524,40.1351,0.13013999999999726,True
203,0.25-0.28,0.25,0.28,0.265,38,72,40.6058,40.5139,0.09190000000000254,True
203,0.28-0.32,0.28,0.32,0.30000000000000004,62,100,40.93472,40.9018,0.032919999999997174,True
203,0.32-0.35,0.32,0.35,0.33499999999999996,81,71,41.21681,41.1012,0.11561000000000377,True
203,0.35-0.40,0.35,0.4,0.375,98,66,41.44872,41.3794,0.06932000000000471,True
203,0.40-0.50,0.4,0.5,0.45,205,100,41.99425,41.8131,0.18115000000000236,True
203,0.50-0.60,0.5,0.6,0.55,232,83,42.45886,42.3205,0.1383599999999987,True
203,0.60-0.70,0.6,0.7,0.6499999999999999,221,56,42.92828,42.7805,0.14777999999999736,True
203,0.70-0.80,0.7,0.8,0.75,95,47,43.32792,43.1675,0.160420000000002,True
203,0.80-1.00,0.8,1.0,0.9,85,7,43.68398,43.5331,0.1508800000000008,True
204,0.00-0.05,0.0,0.05,0.025,106,646,36.00728,35.2665,0.7407800000000009,True
204,0.05-0.10,0.05,0.1,0.07500000000000001,45,97,37.36253,37.1925,0.17002999999999702,True
204,0.10-0.15,0.1,0.15,0.125,13,86,38.89598,38.802,0.09398000000000195,True
204,0.15-0.20,0.15,0.2,0.175,20,123,39.74864,39.5427,0.20593999999999824,True
204,0.20-0.25,0.2,0.25,0.225,52,140,40.24144,40.1351,0.10633999999999588,True
204,0.25-0.28,0.25,0.28,0.265,38,72,40.65338,40.5139,0.13947999999999894,True
204,0.28-0.32,0.28,0.32,0.30000000000000004,62,100,40.93181,40.9018,0.030009999999997206,True
204,0.32-0.35,0.32,0.35,0.33499999999999996,81,71,41.21254,41.1012,0.11133999999999844,True
204,0.35-0.40,0.35,0.4,0.375,98,66,41.44377,41.3794,0.06437000000000381,True
204,0.40-0.50,0.4,0.5,0.45,205,100,41.96879,41.8131,0.15568999999999988,True
204,0.50-0.60,0.5,0.6,0.55,232,83,42.44977,42.3205,0.12926999999999822,True
204,0.60-0.70,0.6,0.7,0.6499999999999999,221,56,42.93731,42.7805,0.156809999999993,True
204,0.70-0.80,0.7,0.8,0.75,95,47,43.31795,43.1675,0.1504500000000064,True
204,0.80-1.00,0.8,1.0,0.9,85,7,43.72233,43.5331,0.189230000000002,True
205,0.00-0.05,0.0,0.05,0.025,106,646,36.05743,35.2665,0.7909299999999959,True
205,0.05-0.10,0.05,0.1,0.07500000000000001,45,97,37.36659,37.1925,0.17408999999999963,True
205,0.10-0.15,0.1,0.15,0.125,13,86,39.00672,38.802,0.2047200000000018,True
205,0.15-0.20,0.15,0.2,0.175,20,123,39.8153,39.5427,0.27259999999999707,True
205,0.20-0.25,0.2,0.25,0.225,52,140,40.24048,40.1351,0.1053799999999967,True
205,0.25-0.28,0.25,0.28,0.265,38,72,40.6088,40.5139,0.09490000000000265,True
205,0.28-0.32,0.28,0.32,0.30000000000000004,62,100,40.89234,40.9018,-0.009460000000004243,True
205,0.32-0.35,0.32,0.35,0.33499999999999996,81,71,41.21681,41.1012,0.11561000000000377,True
205,0.35-0.40,0.35,0.4,0.375,98,66,41.44872,41.3794,0.06932000000000471,True
205,0.40-0.50,0.4,0.5,0.45,205,100,41.99291,41.8131,0.17981000000000336,True
205,0.50-0.60,0.5,0.6,0.55,232,83,42.47573,42.3205,0.15522999999999598,True
205,0.60-0.70,0.6,0.7,0.6499999999999999,221,56,42.93252,42.7805,0.15201999999999316,True
205,0.70-0.80,0.7,0.8,0.75,95,47,43.31795,43.1675,0.1504500000000064,True
205,0.80-1.00,0.8,1.0,0.9,85,7,43.68398,43.5331,0.1508800000000008,True
206,0.00-0.05,0.0,0.05,0.025,106,646,36.01851,35.2665,0.7520099999999985,True
206,0.05-0.10,0.05,0.1,0.07500000000000001,45,97,37.1975,37.1925,0.0049999999999954525,True
206,0.10-0.15,0.1,0.15,0.125,13,86,38.89598,38.802,0.09398000000000195,True
206,0.15-0.20,0.15,0.2,0.175,20,123,39.74864,39.5427,0.20593999999999824,True
206,0.20-0.25,0.2,0.25,0.225,52,140,40.25572,40.1351,0.12061999999999529,True
206,0.25-0.28,0.25,0.28,0.265,38,72,40.69293,40.5139,0.17902999999999736,True
206,0.28-0.32,0.28,0.32,0.30000000000000004,62,100,40.93135,40.9018,0.02955000000000041,True
206,0.32-0.35,0.32,0.35,0.33499999999999996,81,71,41.22103,41.1012,0.11983000000000033,True
206,0.35-0.40,0.35,0.4,0.375,98,66,41.47386,41.3794,0.0944600000000051,True
206,0.40-0.50,0.4,0.5,0.45,205,100,41.99291,41.8131,0.17981000000000336,True
206,0.50-0.60,0.5,0.6,0.55,232,83,42.4688,42.3205,0.148299999999999,True
206,0.60-0.70,0.6,0.7,0.6499999999999999,221,56,42.92792,42.7805,0.14741999999999678,True
206,0.70-0.80,0.7,0.8,0.75,95,47,43.32008,43.1675,0.15258000000000038,True
206,0.80-1.00,0.8,1.0,0.9,85,7,43.64144,43.5331,0.10834000000000543,True
207,0.00-0.05,0.0,0.05,0.025,106,646,35.90221,35.2665,0.635709999999996,True
207,0.05-0.10,0.05,0.1,0.07500000000000001,45,97,37.36659,37.1925,0.17408999999999963,True
207,0.10-0.15,0.1,0.15,0.125,13,86,38.87889,38.802,0.07688999999999879,True
207,0.15-0.20,0.15,0.2,0.175,20,123,39.74864,39.5427,0.20593999999999824,True
207,0.20-0.25,0.2,0.25,0.225,52,140,40.25572,40.1351,0.12061999999999529,True
207,0.25-0.28,0.25,0.28,0.265,38,72,40.65338,40.5139,0.13947999999999894,True
207,0.28-0.32,0.28,0.32,0.30000000000000004,62,100,40.93472,40.9018,0.032919999999997174,True
207,0.32-0.35,0.32,0.35,0.33499999999999996,81,71,41.21969,41.1012,0.11849000000000132,True
207,0.35-0.40,0.35,0.4,0.375,98,66,41.45362,41.3794,0.07422000000000395,True
207,0.40-0.50,0.4,0.5,0.45,205,100,41.98488,41.8131,0.17177999999999827,True
207,0.50-0.60,0.5,0.6,0.55,232,83,42.48074,42.3205,0.1602399999999946,True
207,0.60-0.70,0.6,0.7,0.6499999999999999,221,56,42.92792,42.7805,0.14741999999999678,True
207,0.70-0.80,0.7,0.8,0.75,95,47,43.32008,43.1675,0.15258000000000038,True
207,0.80-1.00,0.8,1.0,0.9,85,7,43.72467,43.5331,0.1915700000000058,True
208,0.00-0.05,0.0,0.05,0.025,106,646,36.04309,35.2665,0.7765899999999988,True
208,0.05-0.10,0.05,0.1,0.07500000000000001,45,97,37.36244,37.1925,0.16993999999999687,True
208,0.10-0.15,0.1,0.15,0.125,13,86,38.89598,38.802,0.09398000000000195,True
208,0.15-0.20,0.15,0.2,0.175,20,123,39.69446,39.5427,0.1517599999999959,True
208,0.20-0.25,0.2,0.25,0.225,52,140,40.25572,40.1351,0.12061999999999529,True
208,0.25-0.28,0.25,0.28,0.265,38,72,40.69707,40.5139,0.18316999999999695,True
208,0.28-0.32,0.28,0.32,0.30000000000000004,62,100,40.93135,40.9018,0.02955000000000041,True
208,0.32-0.35,0.32,0.35,0.33499999999999996,81,71,41.22274,41.1012,0.12154000000000309,True
208,0.35-0.40,0.35,0.4,0.375,98,66,41.47658,41.3794,0.0971800000000016,True
208,0.40-0.50,0.4,0.5,0.45,205,100,41.96072,41.8131,0.14762000000000342,True
208,0.50-0.60,0.5,0.6,0.55,232,83,42.45886,42.3205,0.1383599999999987,True
208,0.60-0.70,0.6,0.7,0.6499999999999999,221,56,42.92792,42.7805,0.14741999999999678,True
208,0.70-0.80,0.7,0.8,0.75,95,47,43.30747,43.1675,0.13997000000000526,True
208,0.80-1.00,0.8,1.0,0.9,85,7,43.72414,43.5331,0.191040000000001,True
209,0.00-0.05,0.0,0.05,0.025,106,646,35.99892,35.2665,0.7324199999999976,True
209,0.05-0.10,0.05,0.1,0.07500000000000001,45,97,37.36244,37.1925,0.16993999999999687,True
209,0.10-0.15,0.1,0.15,0.125,13,86,39.00672,38.802,0.2047200000000018,True
209,0.15-0.20,0.15,0.2,0.175,20,123,39.69446,39.5427,0.1517599999999959,True
209,0.20-0.25,0.2,0.25,0.225,52,140,40.26777,40.1351,0.1326699999999974,True
209,0.25-0.28,0.25,0.28,0.265,38,72,40.59566,40.5139,0.08176000000000272,True
209,0.28-0.32,0.28,0.32,0.30000000000000004,62,100,40.93135,40.9018,0.02955000000000041,True
209,0.32-0.35,0.32,0.35,0.33499999999999996,81,71,41.21254,41.1012,0.11133999999999844,True
209,0.35-0.40,0.35,0.4,0.375,98,66,41.46099,41.3794,0.0815900000000056,True
209,0.40-0.50,0.4,0.5,0.45,205,100,41.98288,41.8131,0.16978000000000293,True
209,0.50-0.60,0.5,0.6,0.55,232,83,42.46451,42.3205,0.14400999999999442,True
209,0.60-0.70,0.6,0.7,0.6499999999999999,221,56,42.92792,42.7805,0.14741999999999678,True
209,0.70-0.80,0.7,0.8,0.75,95,47,43.31795,43.1675,0.1504500000000064,True
209,0.80-1.00,0.8,1.0,0.9,85,7,43.66835,43.5331,0.1352499999999992,True
210,0.00-0.05,0.0,0.05,0.025,106,646,36.00728,35.2665,0.7407800000000009,True
210,0.05-0.10,0.05,0.1,0.07500000000000001,45,97,37.20911,37.1925,0.016610000000000014,True
210,0.10-0.15,0.1,0.15,0.125,13,86,38.87889,38.802,0.07688999999999879,True
210,0.15-0.20,0.15,0.2,0.175,20,123,39.78048,39.5427,0.23777999999999366,True
210,0.20-0.25,0.2,0.25,0.225,52,140,40.25625,40.1351,0.12115000000000009,True
210,0.25-0.28,0.25,0.28,0.265,38,72,40.6058,40.5139,0.09190000000000254,True
210,0.28-0.32,0.28,0.32,0.30000000000000004,62,100,40.93882,40.9018,0.037019999999998277,True
210,0.32-0.35,0.32,0.35,0.33499999999999996,81,71,41.22336,41.1012,0.12216000000000093,True
210,0.35-0.40,0.35,0.4,0.375,98,66,41.44162,41.3794,0.062220000000003495,True
210,0.40-0.50,0.4,0.5,0.45,205,100,41.99253,41.8131,0.17943000000000353,True
210,0.50-0.60,0.5,0.6,0.55,232,83,42.47023,42.3205,0.14972999999999814,True
210,0.60-0.70,0.6,0.7,0.6499999999999999,221,56,42.92792,42.7805,0.14741999999999678,True
210,0.70-0.80,0.7,0.8,0.75,95,47,43.30631,43.1675,0.13881000000000654,True
210,0.80-1.00,0.8,1.0,0.9,85,7,43.68131,43.5331,0.14821000000000595,True
211,0.00-0.05,0.0,0.05,0.025,106,646,36.01851,35.2665,0.7520099999999985,True
211,0.05-0.10,0.05,0.1,0.07500000000000001,45,97,37.36659,37.1925,0.17408999999999963,True
211,0.10-0.15,0.1,0.15,0.125,13,86,38.54264,38.802,-0.2593600000000009,True
211,0.15-0.20,0.15,0.2,0.175,20,123,39.69446,39.5427,0.1517599999999959,True
211,0.20-0.25,0.2,0.25,0.225,52,140,40.25572,40.1351,0.12061999999999529,True
211,0.25-0.28,0.25,0.28,0.265,38,72,40.66634,40.5139,0.15243999999999858,True
211,0.28-0.32,0.28,0.32,0.30000000000000004,62,100,40.93472,40.9018,0.032919999999997174,True
211,0.32-0.35,0.32,0.35,0.33499999999999996,81,71,41.20914,41.1012,0.10793999999999926,True
211,0.35-0.40,0.35,0.4,0.375,98,66,41.44872,41.3794,0.06932000000000471,True
211,0.40-0.50,0.4,0.5,0.45,205,100,41.98253,41.8131,0.16942999999999842,True
211,0.50-0.60,0.5,0.6,0.55,232,83,42.46451,42.3205,0.14400999999999442,True
211,0.60-0.70,0.6,0.7,0.6499999999999999,221,56,42.93007,42.7805,0.1495699999999971,True
211,0.70-0.80,0.7,0.8,0.75,95,47,43.30631,43.1675,0.13881000000000654,True
211,0.80-1.00,0.8,1.0,0.9,85,7,43.66835,43.5331,0.1352499999999992,True
212,0.00-0.05,0.0,0.05,0.025,106,646,36.11617,35.2665,0.8496699999999962,True
212,0.05-0.10,0.05,0.1,0.07500000000000001,45,97,37.2229,37.1925,0.030400000000000205,True
212,0.10-0.15,0.1,0.15,0.125,13,86,38.89598,38.802,0.09398000000000195,True
212,0.15-0.20,0.15,0.2,0.175,20,123,39.78048,39.5427,0.23777999999999366,True
212,0.20-0.25,0.2,0.25,0.225,52,140,40.24418,40.1351,0.10907999999999873,True
212,0.25-0.28,0.25,0.28,0.265,38,72,40.67029,40.5139,0.1563900000000018,True
212,0.28-0.32,0.28,0.32,0.30000000000000004,62,100,40.93472,40.9018,0.032919999999997174,True
212,0.32-0.35,0.32,0.35,0.33499999999999996,81,71,41.22103,41.1012,0.11983000000000033,True
212,0.35-0.40,0.35,0.4,0.375,98,66,41.45362,41.3794,0.07422000000000395,True
212,0.40-0.50,0.4,0.5,0.45,205,100,41.96487,41.8131,0.15176999999999907,True
212,0.50-0.60,0.5,0.6,0.55,232,83,42.45886,42.3205,0.1383599999999987,True
212,0.60-0.70,0.6,0.7,0.6499999999999999,221,56,42.92479,42.7805,0.14428999999999803,True
212,0.70-0.80,0.7,0.8,0.75,95,47,43.29152,43.1675,0.12402000000000157,True
212,0.80-1.00,0.8,1.0,0.9,85,7,43.68398,43.5331,0.1508800000000008,True
213,0.00-0.05,0.0,0.05,0.025,106,646,36.00728,35.2665,0.7407800000000009,True
213,0.05-0.10,0.05,0.1,0.07500000000000001,45,97,37.36659,37.1925,0.17408999999999963,True
213,0.10-0.15,0.1,0.15,0.125,13,86,39.29023,38.802,0.4882300000000015,True
213,0.15-0.20,0.15,0.2,0.175,20,123,39.74864,39.5427,0.20593999999999824,True
213,0.20-0.25,0.2,0.25,0.225,52,140,40.24144,40.1351,0.10633999999999588,True
213,0.25-0.28,0.25,0.28,0.265,38,72,40.69707,40.5139,0.18316999999999695,True
213,0.28-0.32,0.28,0.32,0.30000000000000004,62,100,40.93181,40.9018,0.030009999999997206,True
213,0.32-0.35,0.32,0.35,0.33499999999999996,81,71,41.21254,41.1012,0.11133999999999844,True
213,0.35-0.40,0.35,0.4,0.375,98,66,41.46707,41.3794,0.0876700000000028,True
213,0.40-0.50,0.4,0.5,0.45,205,100,41.98253,41.8131,0.16942999999999842,True
213,0.50-0.60,0.5,0.6,0.55,232,83,42.4688,42.3205,0.148299999999999,True
213,0.60-0.70,0.6,0.7,0.6499999999999999,221,56,42.92792,42.7805,0.14741999999999678,True
213,0.70-0.80,0.7,0.8,0.75,95,47,43.32008,43.1675,0.15258000000000038,True
213,0.80-1.00,0.8,1.0,0.9,85,7,43.72233,43.5331,0.189230000000002,True
214,0.00-0.05,0.0,0.05,0.025,106,646,36.01851,35.2665,0.7520099999999985,True
214,0.05-0.10,0.05,0.1,0.07500000000000001,45,97,37.2229,37.1925,0.030400000000000205,True
214,0.10-0.15,0.1,0.15,0.125,13,86,38.87889,38.802,0.07688999999999879,True
214,0.15-0.20,0.15,0.2,0.175,20,123,39.78048,39.5427,0.23777999999999366,True
214,0.20-0.25,0.2,0.25,0.225,52,140,40.25572,40.1351,0.12061999999999529,True
214,0.25-0.28,0.25,0.28,0.265,38,72,40.6088,40.5139,0.09490000000000265,True
214,0.28-0.32,0.28,0.32,0.30000000000000004,62,100,40.93472,40.9018,0.032919999999997174,True
214,0.32-0.35,0.32,0.35,0.33499999999999996,81,71,41.23238,41.1012,0.13118000000000052,True
214,0.35-0.40,0.35,0.4,0.375,98,66,41.45362,41.3794,0.07422000000000395,True
214,0.40-0.50,0.4,0.5,0.45,205,100,41.96742,41.8131,0.15431999999999846,True
214,0.50-0.60,0.5,0.6,0.55,232,83,42.45177,42.3205,0.13127000000000066,True
214,0.60-0.70,0.6,0.7,0.6499999999999999,221,56,42.92792,42.7805,0.14741999999999678,True
214,0.70-0.80,0.7,0.8,0.75,95,47,43.31795,43.1675,0.1504500000000064,True
214,0.80-1.00,0.8,1.0,0.9,85,7,43.72233,43.5331,0.189230000000002,True
215,0.00-0.05,0.0,0.05,0.025,106,646,36.01126,35.2665,0.7447599999999994,True
215,0.05-0.10,0.05,0.1,0.07500000000000001,45,97,37.20911,37.1925,0.016610000000000014,True
215,0.10-0.15,0.1,0.15,0.125,13,86,39.00672,38.802,0.2047200000000018,True
215,0.15-0.20,0.15,0.2,0.175,20,123,39.78048,39.5427,0.23777999999999366,True
215,0.20-0.25,0.2,0.25,0.225,52,140,40.25625,40.1351,0.12115000000000009,True
215,0.25-0.28,0.25,0.28,0.265,38,72,40.65338,40.5139,0.13947999999999894,True
215,0.28-0.32,0.28,0.32,0.30000000000000004,62,100,40.93472,40.9018,0.032919999999997174,True
215,0.32-0.35,0.32,0.35,0.33499999999999996,81,71,41.21254,41.1012,0.11133999999999844,True
215,0.35-0.40,0.35,0.4,0.375,98,66,41.44872,41.3794,0.06932000000000471,True
215,0.40-0.50,0.4,0.5,0.45,205,100,41.96879,41.8131,0.15568999999999988,True
215,0.50-0.60,0.5,0.6,0.55,232,83,42.45886,42.3205,0.1383599999999987,True
215,0.60-0.70,0.6,0.7,0.6499999999999999,221,56,42.92792,42.7805,0.14741999999999678,True
215,0.70-0.80,0.7,0.8,0.75,95,47,43.34021,43.1675,0.17271000000000214,True
215,0.80-1.00,0.8,1.0,0.9,85,7,43.68131,43.5331,0.14821000000000595,True
216,0.00-0.05,0.0,0.05,0.025,106,646,35.9573,35.2665,0.6907999999999959,True
216,0.05-0.10,0.05,0.1,0.07500000000000001,45,97,37.20911,37.1925,0.016610000000000014,True
216,0.10-0.15,0.1,0.15,0.125,13,86,39.29023,38.802,0.4882300000000015,True
216,0.15-0.20,0.15,0.2,0.175,20,123,39.59667,39.5427,0.05396999999999963,True
216,0.20-0.25,0.2,0.25,0.225,52,140,40.25625,40.1351,0.12115000000000009,True
216,0.25-0.28,0.25,0.28,0.265,38,72,40.6088,40.5139,0.09490000000000265,True
216,0.28-0.32,0.28,0.32,0.30000000000000004,62,100,40.93882,40.9018,0.037019999999998277,True
216,0.32-0.35,0.32,0.35,0.33499999999999996,81,71,41.22103,41.1012,0.11983000000000033,True
216,0.35-0.40,0.35,0.4,0.375,98,66,41.44872,41.3794,0.06932000000000471,True
216,0.40-0.50,0.4,0.5,0.45,205,100,41.96487,41.8131,0.15176999999999907,True
216,0.50-0.60,0.5,0.6,0.55,232,83,42.47023,42.3205,0.14972999999999814,True
216,0.60-0.70,0.6,0.7,0.6499999999999999,221,56,42.92792,42.7805,0.14741999999999678,True
216,0.70-0.80,0.7,0.8,0.75,95,47,43.32792,43.1675,0.160420000000002,True
216,0.80-1.00,0.8,1.0,0.9,85,7,43.72233,43.5331,0.189230000000002,True
217,0.00-0.05,0.0,0.05,0.025,106,646,36.00728,35.2665,0.7407800000000009,True
217,0.05-0.10,0.05,0.1,0.07500000000000001,45,97,37.36659,37.1925,0.17408999999999963,True
217,0.10-0.15,0.1,0.15,0.125,13,86,39.16841,38.802,0.3664100000000019,True
217,0.15-0.20,0.15,0.2,0.175,20,123,39.59667,39.5427,0.05396999999999963,True
217,0.20-0.25,0.2,0.25,0.225,52,140,40.26777,40.1351,0.1326699999999974,True
217,0.25-0.28,0.25,0.28,0.265,38,72,40.66634,40.5139,0.15243999999999858,True
217,0.28-0.32,0.28,0.32,0.30000000000000004,62,100,40.93135,40.9018,0.02955000000000041,True
217,0.32-0.35,0.32,0.35,0.33499999999999996,81,71,41.21969,41.1012,0.11849000000000132,True
217,0.35-0.40,0.35,0.4,0.375,98,66,41.46099,41.3794,0.0815900000000056,True
217,0.40-0.50,0.4,0.5,0.45,205,100,41.96072,41.8131,0.14762000000000342,True
217,0.50-0.60,0.5,0.6,0.55,232,83,42.45886,42.3205,0.1383599999999987,True
217,0.60-0.70,0.6,0.7,0.6499999999999999,221,56,42.92792,42.7805,0.14741999999999678,True
217,0.70-0.80,0.7,0.8,0.75,95,47,43.31795,43.1675,0.1504500000000064,True
217,0.80-1.00,0.8,1.0,0.9,85,7,43.66049,43.5331,0.12739000000000544,True
218,0.00-0.05,0.0,0.05,0.025,106,646,36.01068,35.2665,0.7441800000000001,True
218,0.05-0.10,0.05,0.1,0.07500000000000001,45,97,37.36244,37.1925,0.16993999999999687,True
218,0.10-0.15,0.1,0.15,0.125,13,86,39.00672,38.802,0.2047200000000018,True
218,0.15-0.20,0.15,0.2,0.175,20,123,39.74864,39.5427,0.20593999999999824,True
218,0.20-0.25,0.2,0.25,0.225,52,140,40.26232,40.1351,0.12722000000000122,True
218,0.25-0.28,0.25,0.28,0.265,38,72,40.6088,40.5139,0.09490000000000265,True
218,0.28-0.32,0.28,0.32,0.30000000000000004,62,100,40.99129,40.9018,0.08948999999999785,True
218,0.32-0.35,0.32,0.35,0.33499999999999996,81,71,41.21254,41.1012,0.11133999999999844,True
218,0.35-0.40,0.35,0.4,0.375,98,66,41.46815,41.3794,0.08875000000000455,True
218,0.40-0.50,0.4,0.5,0.45,205,100,41.98253,41.8131,0.16942999999999842,True
218,0.50-0.60,0.5,0.6,0.55,232,83,42.4688,42.3205,0.148299999999999,True
218,0.60-0.70,0.6,0.7,0.6499999999999999,221,56,42.92828,42.7805,0.14777999999999736,True
218,0.70-0.80,0.7,0.8,0.75,95,47,43.31795,43.1675,0.1504500000000064,True
218,0.80-1.00,0.8,1.0,0.9,85,7,43.64144,43.5331,0.10834000000000543,True
219,0.00-0.05,0.0,0.05,0.025,106,646,35.9573,35.2665,0.6907999999999959,True
219,0.05-0.10,0.05,0.1,0.07500000000000001,45,97,37.36253,37.1925,0.17002999999999702,True
219,0.10-0.15,0.1,0.15,0.125,13,86,39.29023,38.802,0.4882300000000015,True
219,0.15-0.20,0.15,0.2,0.175,20,123,39.69446,39.5427,0.1517599999999959,True
219,0.20-0.25,0.2,0.25,0.225,52,140,40.26524,40.1351,0.13013999999999726,True
219,0.25-0.28,0.25,0.28,0.265,38,72,40.6088,40.5139,0.09490000000000265,True
219,0.28-0.32,0.28,0.32,0.30000000000000004,62,100,40.91041,40.9018,0.008609999999997342,True
219,0.32-0.35,0.32,0.35,0.33499999999999996,81,71,41.21969,41.1012,0.11849000000000132,True
219,0.35-0.40,0.35,0.4,0.375,98,66,41.45362,41.3794,0.07422000000000395,True
219,0.40-0.50,0.4,0.5,0.45,205,100,41.96487,41.8131,0.15176999999999907,True
219,0.50-0.60,0.5,0.6,0.55,232,83,42.47726,42.3205,0.15675999999999846,True
219,0.60-0.70,0.6,0.7,0.6499999999999999,221,56,42.92792,42.7805,0.14741999999999678,True
219,0.70-0.80,0.7,0.8,0.75,95,47,43.30747,43.1675,0.13997000000000526,True
219,0.80-1.00,0.8,1.0,0.9,85,7,43.72414,43.5331,0.191040000000001,True
220,0.00-0.05,0.0,0.05,0.025,106,646,36.01851,35.2665,0.7520099999999985,True
220,0.05-0.10,0.05,0.1,0.07500000000000001,45,97,37.34903,37.1925,0.1565299999999965,True
220,0.10-0.15,0.1,0.15,0.125,13,86,39.29023,38.802,0.4882300000000015,True
220,0.15-0.20,0.15,0.2,0.175,20,123,39.74864,39.5427,0.20593999999999824,True
220,0.20-0.25,0.2,0.25,0.225,52,140,40.26232,40.1351,0.12722000000000122,True
220,0.25-0.28,0.25,0.28,0.265,38,72,40.67029,40.5139,0.1563900000000018,True
220,0.28-0.32,0.28,0.32,0.30000000000000004,62,100,40.93135,40.9018,0.02955000000000041,True
220,0.32-0.35,0.32,0.35,0.33499999999999996,81,71,41.21681,41.1012,0.11561000000000377,True
220,0.35-0.40,0.35,0.4,0.375,98,66,41.45362,41.3794,0.07422000000000395,True
220,0.40-0.50,0.4,0.5,0.45,205,100,41.98253,41.8131,0.16942999999999842,True
220,0.50-0.60,0.5,0.6,0.55,232,83,42.4688,42.3205,0.148299999999999,True
220,0.60-0.70,0.6,0.7,0.6499999999999999,221,56,42.92792,42.7805,0.14741999999999678,True
220,0.70-0.80,0.7,0.8,0.75,95,47,43.32008,43.1675,0.15258000000000038,True
220,0.80-1.00,0.8,1.0,0.9,85,7,43.6954,43.5331,0.1623000000000019,True
221,0.00-0.05,0.0,0.05,0.025,106,646,36.00728,35.2665,0.7407800000000009,True
221,0.05-0.10,0.05,0.1,0.07500000000000001,45,97,37.36177,37.1925,0.16926999999999737,True
221,0.10-0.15,0.1,0.15,0.125,13,86,38.98171,38.802,0.17971000000000004,True
221,0.15-0.20,0.15,0.2,0.175,20,123,39.59667,39.5427,0.05396999999999963,True
221,0.20-0.25,0.2,0.25,0.225,52,140,40.26777,40.1351,0.1326699999999974,True
221,0.25-0.28,0.25,0.28,0.265,38,72,40.66634,40.5139,0.15243999999999858,True
221,0.28-0.32,0.28,0.32,0.30000000000000004,62,100,40.91041,40.9018,0.008609999999997342,True
221,0.32-0.35,0.32,0.35,0.33499999999999996,81,71,41.21681,41.1012,0.11561000000000377,True
221,0.35-0.40,0.35,0.4,0.375,98,66,41.44872,41.3794,0.06932000000000471,True
221,0.40-0.50,0.4,0.5,0.45,205,100,41.96413,41.8131,0.15102999999999867,True
221,0.50-0.60,0.5,0.6,0.55,232,83,42.4688,42.3205,0.148299999999999,True
221,0.60-0.70,0.6,0.7,0.6499999999999999,221,56,42.92792,42.7805,0.14741999999999678,True
221,0.70-0.80,0.7,0.8,0.75,95,47,43.30297,43.1675,0.1354700000000051,True
221,0.80-1.00,0.8,1.0,0.9,85,7,43.66835,43.5331,0.1352499999999992,True
222,0.00-0.05,0.0,0.05,0.025,106,646,36.04309,35.2665,0.7765899999999988,True
222,0.05-0.10,0.05,0.1,0.07500000000000001,45,97,37.36253,37.1925,0.17002999999999702,True
222,0.10-0.15,0.1,0.15,0.125,13,86,38.89598,38.802,0.09398000000000195,True
222,0.15-0.20,0.15,0.2,0.175,20,123,39.8153,39.5427,0.27259999999999707,True
222,0.20-0.25,0.2,0.25,0.225,52,140,40.24418,40.1351,0.10907999999999873,True
222,0.25-0.28,0.25,0.28,0.265,38,72,40.66311,40.5139,0.14921000000000362,True
222,0.28-0.32,0.28,0.32,0.30000000000000004,62,100,40.93882,40.9018,0.037019999999998277,True
222,0.32-0.35,0.32,0.35,0.33499999999999996,81,71,41.22103,41.1012,0.11983000000000033,True
222,0.35-0.40,0.35,0.4,0.375,98,66,41.45362,41.3794,0.07422000000000395,True
222,0.40-0.50,0.4,0.5,0.45,205,100,41.96821,41.8131,0.15511000000000053,True
222,0.50-0.60,0.5,0.6,0.55,232,83,42.45886,42.3205,0.1383599999999987,True
222,0.60-0.70,0.6,0.7,0.6499999999999999,221,56,42.92092,42.7805,0.14041999999999888,True
222,0.70-0.80,0.7,0.8,0.75,95,47,43.32792,43.1675,0.160420000000002,True
222,0.80-1.00,0.8,1.0,0.9,85,7,43.72467,43.5331,0.1915700000000058,True
223,0.00-0.05,0.0,0.05,0.025,106,646,35.9573,35.2665,0.6907999999999959,True
223,0.05-0.10,0.05,0.1,0.07500000000000001,45,97,37.36244,37.1925,0.16993999999999687,True
223,0.10-0.15,0.1,0.15,0.125,13,86,39.29023,38.802,0.4882300000000015,True
223,0.15-0.20,0.15,0.2,0.175,20,123,39.8153,39.5427,0.27259999999999707,True
223,0.20-0.25,0.2,0.25,0.225,52,140,40.25572,40.1351,0.12061999999999529,True
223,0.25-0.28,0.25,0.28,0.265,38,72,40.66634,40.5139,0.15243999999999858,True
223,0.28-0.32,0.28,0.32,0.30000000000000004,62,100,40.93935,40.9018,0.037549999999995975,True
223,0.32-0.35,0.32,0.35,0.33499999999999996,81,71,41.22274,41.1012,0.12154000000000309,True
223,0.35-0.40,0.35,0.4,0.375,98,66,41.46707,41.3794,0.0876700000000028,True
223,0.40-0.50,0.4,0.5,0.45,205,100,41.98488,41.8131,0.17177999999999827,True
223,0.50-0.60,0.5,0.6,0.55,232,83,42.47573,42.3205,0.15522999999999598,True
223,0.60-0.70,0.6,0.7,0.6499999999999999,221,56,42.92792,42.7805,0.14741999999999678,True
223,0.70-0.80,0.7,0.8,0.75,95,47,43.32008,43.1675,0.15258000000000038,True
223,0.80-1.00,0.8,1.0,0.9,85,7,43.66835,43.5331,0.1352499999999992,True
224,0.00-0.05,0.0,0.05,0.025,106,646,36.00728,35.2665,0.7407800000000009,True
224,0.05-0.10,0.05,0.1,0.07500000000000001,45,97,37.2229,37.1925,0.030400000000000205,True
224,0.10-0.15,0.1,0.15,0.125,13,86,39.00672,38.802,0.2047200000000018,True
224,0.15-0.20,0.15,0.2,0.175,20,123,39.82392,39.5427,0.2812199999999976,True
224,0.20-0.25,0.2,0.25,0.225,52,140,40.24048,40.1351,0.1053799999999967,True
224,0.25-0.28,0.25,0.28,0.265,38,72,40.65338,40.5139,0.13947999999999894,True
224,0.28-0.32,0.28,0.32,0.30000000000000004,62,100,40.89713,40.9018,-0.004670000000004393,True
224,0.32-0.35,0.32,0.35,0.33499999999999996,81,71,41.21969,41.1012,0.11849000000000132,True
224,0.35-0.40,0.35,0.4,0.375,98,66,41.44162,41.3794,0.062220000000003495,True
224,0.40-0.50,0.4,0.5,0.45,205,100,41.96879,41.8131,0.15568999999999988,True
224,0.50-0.60,0.5,0.6,0.55,232,83,42.4688,42.3205,0.148299999999999,True
224,0.60-0.70,0.6,0.7,0.6499999999999999,221,56,42.92792,42.7805,0.14741999999999678,True
224,0.70-0.80,0.7,0.8,0.75,95,47,43.32008,43.1675,0.15258000000000038,True
224,0.80-1.00,0.8,1.0,0.9,85,7,43.66049,43.5331,0.12739000000000544,True
225,0.00-0.05,0.0,0.05,0.025,106,646,36.01851,35.2665,0.7520099999999985,True
225,0.05-0.10,0.05,0.1,0.07500000000000001,45,97,37.36244,37.1925,0.16993999999999687,True
225,0.10-0.15,0.1,0.15,0.125,13,86,38.87889,38.802,0.07688999999999879,True
225,0.15-0.20,0.15,0.2,0.175,20,123,39.78048,39.5427,0.23777999999999366,True
225,0.20-0.25,0.2,0.25,0.225,52,140,40.24144,40.1351,0.10633999999999588,True
225,0.25-0.28,0.25,0.28,0.265,38,72,40.66311,40.5139,0.14921000000000362,True
225,0.28-0.32,0.28,0.32,0.30000000000000004,62,100,40.93882,40.9018,0.037019999999998277,True
225,0.32-0.35,0.32,0.35,0.33499999999999996,81,71,41.21681,41.1012,0.11561000000000377,True
225,0.35-0.40,0.35,0.4,0.375,98,66,41.46099,41.3794,0.0815900000000056,True
225,0.40-0.50,0.4,0.5,0.45,205,100,41.98488,41.8131,0.17177999999999827,True
225,0.50-0.60,0.5,0.6,0.55,232,83,42.45886,42.3205,0.1383599999999987,True
225,0.60-0.70,0.6,0.7,0.6499999999999999,221,56,42.9279,42.7805,0.14739999999999753,True
225,0.70-0.80,0.7,0.8,0.75,95,47,43.29152,43.1675,0.12402000000000157,True
225,0.80-1.00,0.8,1.0,0.9,85,7,43.68131,43.5331,0.14821000000000595,True
226,0.00-0.05,0.0,0.05,0.025,106,646,36.04309,35.2665,0.7765899999999988,True
226,0.05-0.10,0.05,0.1,0.07500000000000001,45,97,37.34903,37.1925,0.1565299999999965,True
226,0.10-0.15,0.1,0.15,0.125,13,86,38.54264,38.802,-0.2593600000000009,True
226,0.15-0.20,0.15,0.2,0.175,20,123,39.74864,39.5427,0.20593999999999824,True
226,0.20-0.25,0.2,0.25,0.225,52,140,40.26777,40.1351,0.1326699999999974,True
226,0.25-0.28,0.25,0.28,0.265,38,72,40.65338,40.5139,0.13947999999999894,True
226,0.28-0.32,0.28,0.32,0.30000000000000004,62,100,40.93135,40.9018,0.02955000000000041,True
226,0.32-0.35,0.32,0.35,0.33499999999999996,81,71,41.21969,41.1012,0.11849000000000132,True
226,0.35-0.40,0.35,0.4,0.375,98,66,41.44872,41.3794,0.06932000000000471,True
226,0.40-0.50,0.4,0.5,0.45,205,100,41.99253,41.8131,0.17943000000000353,True
226,0.50-0.60,0.5,0.6,0.55,232,83,42.47726,42.3205,0.15675999999999846,True
226,0.60-0.70,0.6,0.7,0.6499999999999999,221,56,42.92854,42.7805,0.14803999999999462,True
226,0.70-0.80,0.7,0.8,0.75,95,47,43.33284,43.1675,0.1653400000000005,True
226,0.80-1.00,0.8,1.0,0.9,85,7,43.6954,43.5331,0.1623000000000019,True
227,0.00-0.05,0.0,0.05,0.025,106,646,36.01068,35.2665,0.7441800000000001,True
227,0.05-0.10,0.05,0.1,0.07500000000000001,45,97,37.20488,37.1925,0.01238000000000028,True
227,0.10-0.15,0.1,0.15,0.125,13,86,38.87889,38.802,0.07688999999999879,True
227,0.15-0.20,0.15,0.2,0.175,20,123,39.78048,39.5427,0.23777999999999366,True
227,0.20-0.25,0.2,0.25,0.225,52,140,40.26232,40.1351,0.12722000000000122,True
227,0.25-0.28,0.25,0.28,0.265,38,72,40.66311,40.5139,0.14921000000000362,True
227,0.28-0.32,0.28,0.32,0.30000000000000004,62,100,40.89235,40.9018,-0.009450000000001069,True
227,0.32-0.35,0.32,0.35,0.33499999999999996,81,71,41.21254,41.1012,0.11133999999999844,True
227,0.35-0.40,0.35,0.4,0.375,98,66,41.46099,41.3794,0.0815900000000056,True
227,0.40-0.50,0.4,0.5,0.45,205,100,41.99291,41.8131,0.17981000000000336,True
227,0.50-0.60,0.5,0.6,0.55,232,83,42.45335,42.3205,0.1328499999999977,True
227,0.60-0.70,0.6,0.7,0.6499999999999999,221,56,42.92792,42.7805,0.14741999999999678,True
227,0.70-0.80,0.7,0.8,0.75,95,47,43.30747,43.1675,0.13997000000000526,True
227,0.80-1.00,0.8,1.0,0.9,85,7,43.68398,43.5331,0.1508800000000008,True
228,0.00-0.05,0.0,0.05,0.025,106,646,35.95132,35.2665,0.684820000000002,True
228,0.05-0.10,0.05,0.1,0.07500000000000001,45,97,37.20911,37.1925,0.016610000000000014,True
228,0.10-0.15,0.1,0.15,0.125,13,86,39.00672,38.802,0.2047200000000018,True
228,0.15-0.20,0.15,0.2,0.175,20,123,39.78048,39.5427,0.23777999999999366,True
228,0.20-0.25,0.2,0.25,0.225,52,140,40.26524,40.1351,0.13013999999999726,True
228,0.25-0.28,0.25,0.28,0.265,38,72,40.66634,40.5139,0.15243999999999858,True
228,0.28-0.32,0.28,0.32,0.30000000000000004,62,100,40.92345,40.9018,0.021650000000001057,True
228,0.32-0.35,0.32,0.35,0.33499999999999996,81,71,41.22103,41.1012,0.11983000000000033,True
228,0.35-0.40,0.35,0.4,0.375,98,66,41.45362,41.3794,0.07422000000000395,True
228,0.40-0.50,0.4,0.5,0.45,205,100,41.98253,41.8131,0.16942999999999842,True
228,0.50-0.60,0.5,0.6,0.55,232,83,42.47376,42.3205,0.15325999999999596,True
228,0.60-0.70,0.6,0.7,0.6499999999999999,221,56,42.92792,42.7805,0.14741999999999678,True
228,0.70-0.80,0.7,0.8,0.75,95,47,43.32792,43.1675,0.160420000000002,True
228,0.80-1.00,0.8,1.0,0.9,85,7,43.68398,43.5331,0.1508800000000008,True
229,0.00-0.05,0.0,0.05,0.025,106,646,36.00728,35.2665,0.7407800000000009,True
229,0.05-0.10,0.05,0.1,0.07500000000000001,45,97,37.36659,37.1925,0.17408999999999963,True
229,0.10-0.15,0.1,0.15,0.125,13,86,39.00672,38.802,0.2047200000000018,True
229,0.15-0.20,0.15,0.2,0.175,20,123,39.78048,39.5427,0.23777999999999366,True
229,0.20-0.25,0.2,0.25,0.225,52,140,40.25572,40.1351,0.12061999999999529,True
229,0.25-0.28,0.25,0.28,0.265,38,72,40.65338,40.5139,0.13947999999999894,True
229,0.28-0.32,0.28,0.32,0.30000000000000004,62,100,40.93472,40.9018,0.032919999999997174,True
229,0.32-0.35,0.32,0.35,0.33499999999999996,81,71,41.21681,41.1012,0.11561000000000377,True
229,0.35-0.40,0.35,0.4,0.375,98,66,41.45362,41.3794,0.07422000000000395,True
229,0.40-0.50,0.4,0.5,0.45,205,100,41.99291,41.8131,0.17981000000000336,True
229,0.50-0.60,0.5,0.6,0.55,232,83,42.47023,42.3205,0.14972999999999814,True
229,0.60-0.70,0.6,0.7,0.6499999999999999,221,56,42.92792,42.7805,0.14741999999999678,True
229,0.70-0.80,0.7,0.8,0.75,95,47,43.32008,43.1675,0.15258000000000038,True
229,0.80-1.00,0.8,1.0,0.9,85,7,43.66835,43.5331,0.1352499999999992,True
230,0.00-0.05,0.0,0.05,0.025,106,646,35.99892,35.2665,0.7324199999999976,True
230,0.05-0.10,0.05,0.1,0.07500000000000001,45,97,37.34903,37.1925,0.1565299999999965,True
230,0.10-0.15,0.1,0.15,0.125,13,86,39.16841,38.802,0.3664100000000019,True
230,0.15-0.20,0.15,0.2,0.175,20,123,39.59667,39.5427,0.05396999999999963,True
230,0.20-0.25,0.2,0.25,0.225,52,140,40.26232,40.1351,0.12722000000000122,True
230,0.25-0.28,0.25,0.28,0.265,38,72,40.67029,40.5139,0.1563900000000018,True
230,0.28-0.32,0.28,0.32,0.30000000000000004,62,100,40.93472,40.9018,0.032919999999997174,True
230,0.32-0.35,0.32,0.35,0.33499999999999996,81,71,41.22274,41.1012,0.12154000000000309,True
230,0.35-0.40,0.35,0.4,0.375,98,66,41.46099,41.3794,0.0815900000000056,True
230,0.40-0.50,0.4,0.5,0.45,205,100,41.98488,41.8131,0.17177999999999827,True
230,0.50-0.60,0.5,0.6,0.55,232,83,42.47192,42.3205,0.15141999999999456,True
230,0.60-0.70,0.6,0.7,0.6499999999999999,221,56,42.92792,42.7805,0.14741999999999678,True
230,0.70-0.80,0.7,0.8,0.75,95,47,43.32008,43.1675,0.15258000000000038,True
230,0.80-1.00,0.8,1.0,0.9,85,7,43.68398,43.5331,0.1508800000000008,True
231,0.00-0.05,0.0,0.05,0.025,106,646,36.05893,35.2665,0.792429999999996,True
231,0.05-0.10,0.05,0.1,0.07500000000000001,45,97,37.1436,37.1925,-0.048900000000003274,True
231,0.10-0.15,0.1,0.15,0.125,13,86,38.87889,38.802,0.07688999999999879,True
231,0.15-0.20,0.15,0.2,0.175,20,123,39.78048,39.5427,0.23777999999999366,True
231,0.20-0.25,0.2,0.25,0.225,52,140,40.25572,40.1351,0.12061999999999529,True
231,0.25-0.28,0.25,0.28,0.265,38,72,40.6058,40.5139,0.09190000000000254,True
231,0.28-0.32,0.28,0.32,0.30000000000000004,62,100,40.92345,40.9018,0.021650000000001057,True
231,0.32-0.35,0.32,0.35,0.33499999999999996,81,71,41.21969,41.1012,0.11849000000000132,True
231,0.35-0.40,0.35,0.4,0.375,98,66,41.46815,41.3794,0.08875000000000455,True
231,0.40-0.50,0.4,0.5,0.45,205,100,41.98488,41.8131,0.17177999999999827,True
231,0.50-0.60,0.5,0.6,0.55,232,83,42.45177,42.3205,0.13127000000000066,True
231,0.60-0.70,0.6,0.7,0.6499999999999999,221,56,42.92792,42.7805,0.14741999999999678,True
231,0.70-0.80,0.7,0.8,0.75,95,47,43.31795,43.1675,0.1504500000000064,True
231,0.80-1.00,0.8,1.0,0.9,85,7,43.65009,43.5331,0.11699000000000126,True
232,0.00-0.05,0.0,0.05,0.025,106,646,35.9573,35.2665,0.6907999999999959,True
232,0.05-0.10,0.05,0.1,0.07500000000000001,45,97,37.36659,37.1925,0.17408999999999963,True
232,0.10-0.15,0.1,0.15,0.125,13,86,39.00672,38.802,0.2047200000000018,True
232,0.15-0.20,0.15,0.2,0.175,20,123,39.60073,39.5427,0.05802999999999514,True
232,0.20-0.25,0.2,0.25,0.225,52,140,40.28881,40.1351,0.15370999999999668,True
232,0.25-0.28,0.25,0.28,0.265,38,72,40.66634,40.5139,0.15243999999999858,True
232,0.28-0.32,0.28,0.32,0.30000000000000004,62,100,40.93472,40.9018,0.032919999999997174,True
232,0.32-0.35,0.32,0.35,0.33499999999999996,81,71,41.23123,41.1012,0.13002999999999787,True
232,0.35-0.40,0.35,0.4,0.375,98,66,41.46815,41.3794,0.08875000000000455,True
232,0.40-0.50,0.4,0.5,0.45,205,100,41.96879,41.8131,0.15568999999999988,True
232,0.50-0.60,0.5,0.6,0.55,232,83,42.4688,42.3205,0.148299999999999,True
232,0.60-0.70,0.6,0.7,0.6499999999999999,221,56,42.93368,42.7805,0.15317999999999898,True
232,0.70-0.80,0.7,0.8,0.75,95,47,43.30631,43.1675,0.13881000000000654,True
232,0.80-1.00,0.8,1.0,0.9,85,7,43.68398,43.5331,0.1508800000000008,True
233,0.00-0.05,0.0,0.05,0.025,106,646,36.00728,35.2665,0.7407800000000009,True
233,0.05-0.10,0.05,0.1,0.07500000000000001,45,97,37.2229,37.1925,0.030400000000000205,True
233,0.10-0.15,0.1,0.15,0.125,13,86,38.89598,38.802,0.09398000000000195,True
233,0.15-0.20,0.15,0.2,0.175,20,123,39.60073,39.5427,0.05802999999999514,True
233,0.20-0.25,0.2,0.25,0.225,52,140,40.26524,40.1351,0.13013999999999726,True
233,0.25-0.28,0.25,0.28,0.265,38,72,40.66634,40.5139,0.15243999999999858,True
233,0.28-0.32,0.28,0.32,0.30000000000000004,62,100,40.93882,40.9018,0.037019999999998277,True
233,0.32-0.35,0.32,0.35,0.33499999999999996,81,71,41.21681,41.1012,0.11561000000000377,True
233,0.35-0.40,0.35,0.4,0.375,98,66,41.44872,41.3794,0.06932000000000471,True
233,0.40-0.50,0.4,0.5,0.45,205,100,41.96487,41.8131,0.15176999999999907,True
233,0.50-0.60,0.5,0.6,0.55,232,83,42.47573,42.3205,0.15522999999999598,True
233,0.60-0.70,0.6,0.7,0.6499999999999999,221,56,42.92792,42.7805,0.14741999999999678,True
233,0.70-0.80,0.7,0.8,0.75,95,47,43.33284,43.1675,0.1653400000000005,True
233,0.80-1.00,0.8,1.0,0.9,85,7,43.72233,43.5331,0.189230000000002,True
234,0.00-0.05,0.0,0.05,0.025,106,646,36.00256,35.2665,0.7360600000000019,True
234,0.05-0.10,0.05,0.1,0.07500000000000001,45,97,37.1975,37.1925,0.0049999999999954525,True
234,0.10-0.15,0.1,0.15,0.125,13,86,38.98171,38.802,0.17971000000000004,True
234,0.15-0.20,0.15,0.2,0.175,20,123,39.78048,39.5427,0.23777999999999366,True
234,0.20-0.25,0.2,0.25,0.225,52,140,40.26232,40.1351,0.12722000000000122,True
234,0.25-0.28,0.25,0.28,0.265,38,72,40.65338,40.5139,0.13947999999999894,True
234,0.28-0.32,0.28,0.32,0.30000000000000004,62,100,40.93181,40.9018,0.030009999999997206,True
234,0.32-0.35,0.32,0.35,0.33499999999999996,81,71,41.22274,41.1012,0.12154000000000309,True
234,0.35-0.40,0.35,0.4,0.375,98,66,41.45362,41.3794,0.07422000000000395,True
234,0.40-0.50,0.4,0.5,0.45,205,100,41.99333,41.8131,0.18023000000000167,True
234,0.50-0.60,0.5,0.6,0.55,232,83,42.45886,42.3205,0.1383599999999987,True
234,0.60-0.70,0.6,0.7,0.6499999999999999,221,56,42.92792,42.7805,0.14741999999999678,True
234,0.70-0.80,0.7,0.8,0.75,95,47,43.32008,43.1675,0.15258000000000038,True
234,0.80-1.00,0.8,1.0,0.9,85,7,43.66835,43.5331,0.1352499999999992,True
235,0.00-0.05,0.0,0.05,0.025,106,646,36.00728,35.2665,0.7407800000000009,True
235,0.05-0.10,0.05,0.1,0.07500000000000001,45,97,37.36659,37.1925,0.17408999999999963,True
235,0.10-0.15,0.1,0.15,0.125,13,86,38.89598,38.802,0.09398000000000195,True
235,0.15-0.20,0.15,0.2,0.175,20,123,39.60073,39.5427,0.05802999999999514,True
235,0.20-0.25,0.2,0.25,0.225,52,140,40.25572,40.1351,0.12061999999999529,True
235,0.25-0.28,0.25,0.28,0.265,38,72,40.66311,40.5139,0.14921000000000362,True
235,0.28-0.32,0.28,0.32,0.30000000000000004,62,100,40.93472,40.9018,0.032919999999997174,True
235,0.32-0.35,0.32,0.35,0.33499999999999996,81,71,41.21254,41.1012,0.11133999999999844,True
235,0.35-0.40,0.35,0.4,0.375,98,66,41.43008,41.3794,0.050679999999999836,True
235,0.40-0.50,0.4,0.5,0.45,205,100,41.96879,41.8131,0.15568999999999988,True
235,0.50-0.60,0.5,0.6,0.55,232,83,42.46451,42.3205,0.14400999999999442,True
235,0.60-0.70,0.6,0.7,0.6499999999999999,221,56,42.92792,42.7805,0.14741999999999678,True
235,0.70-0.80,0.7,0.8,0.75,95,47,43.31795,43.1675,0.1504500000000064,True
235,0.80-1.00,0.8,1.0,0.9,85,7,43.64768,43.5331,0.11458000000000368,True
236,0.00-0.05,0.0,0.05,0.025,106,646,36.00315,35.2665,0.7366499999999974,True
236,0.05-0.10,0.05,0.1,0.07500000000000001,45,97,37.20911,37.1925,0.016610000000000014,True
236,0.10-0.15,0.1,0.15,0.125,13,86,39.00672,38.802,0.2047200000000018,True
236,0.15-0.20,0.15,0.2,0.175,20,123,39.69446,39.5427,0.1517599999999959,True
236,0.20-0.25,0.2,0.25,0.225,52,140,40.28881,40.1351,0.15370999999999668,True
236,0.25-0.28,0.25,0.28,0.265,38,72,40.66311,40.5139,0.14921000000000362,True
236,0.28-0.32,0.28,0.32,0.30000000000000004,62,100,40.93181,40.9018,0.030009999999997206,True
236,0.32-0.35,0.32,0.35,0.33499999999999996,81,71,41.21681,41.1012,0.11561000000000377,True
236,0.35-0.40,0.35,0.4,0.375,98,66,41.46099,41.3794,0.0815900000000056,True
236,0.40-0.50,0.4,0.5,0.45,205,100,41.99253,41.8131,0.17943000000000353,True
236,0.50-0.60,0.5,0.6,0.55,232,83,42.45335,42.3205,0.1328499999999977,True
236,0.60-0.70,0.6,0.7,0.6499999999999999,221,56,42.92792,42.7805,0.14741999999999678,True
236,0.70-0.80,0.7,0.8,0.75,95,47,43.32008,43.1675,0.15258000000000038,True
236,0.80-1.00,0.8,1.0,0.9,85,7,43.6954,43.5331,0.1623000000000019,True
237,0.00-0.05,0.0,0.05,0.025,106,646,35.9573,35.2665,0.6907999999999959,True
237,0.05-0.10,0.05,0.1,0.07500000000000001,45,97,37.36244,37.1925,0.16993999999999687,True
237,0.10-0.15,0.1,0.15,0.125,13,86,38.87889,38.802,0.07688999999999879,True
237,0.15-0.20,0.15,0.2,0.175,20,123,39.59667,39.5427,0.05396999999999963,True
237,0.20-0.25,0.2,0.25,0.225,52,140,40.25625,40.1351,0.12115000000000009,True
237,0.25-0.28,0.25,0.28,0.265,38,72,40.66634,40.5139,0.15243999999999858,True
237,0.28-0.32,0.28,0.32,0.30000000000000004,62,100,40.93472,40.9018,0.032919999999997174,True
237,0.32-0.35,0.32,0.35,0.33499999999999996,81,71,41.20249,41.1012,0.10128999999999877,True
237,0.35-0.40,0.35,0.4,0.375,98,66,41.45703,41.3794,0.0776300000000063,True
237,0.40-0.50,0.4,0.5,0.45,205,100,41.98488,41.8131,0.17177999999999827,True
237,0.50-0.60,0.5,0.6,0.55,232,83,42.46451,42.3205,0.14400999999999442,True
237,0.60-0.70,0.6,0.7,0.6499999999999999,221,56,42.92792,42.7805,0.14741999999999678,True
237,0.70-0.80,0.7,0.8,0.75,95,47,43.32008,43.1675,0.15258000000000038,True
237,0.80-1.00,0.8,1.0,0.9,85,7,43.63286,43.5331,0.0997600000000034,True
238,0.00-0.05,0.0,0.05,0.025,106,646,36.05504,35.2665,0.7885399999999976,True
238,0.05-0.10,0.05,0.1,0.07500000000000001,45,97,37.36244,37.1925,0.16993999999999687,True
238,0.10-0.15,0.1,0.15,0.125,13,86,38.87889,38.802,0.07688999999999879,True
238,0.15-0.20,0.15,0.2,0.175,20,123,39.78048,39.5427,0.23777999999999366,True
238,0.20-0.25,0.2,0.25,0.225,52,140,40.24418,40.1351,0.10907999999999873,True
238,0.25-0.28,0.25,0.28,0.265,38,72,40.59566,40.5139,0.08176000000000272,True
238,0.28-0.32,0.28,0.32,0.30000000000000004,62,100,40.93472,40.9018,0.032919999999997174,True
238,0.32-0.35,0.32,0.35,0.33499999999999996,81,71,41.22274,41.1012,0.12154000000000309,True
238,0.35-0.40,0.35,0.4,0.375,98,66,41.45362,41.3794,0.07422000000000395,True
238,0.40-0.50,0.4,0.5,0.45,205,100,41.96879,41.8131,0.15568999999999988,True
238,0.50-0.60,0.5,0.6,0.55,232,83,42.4825,42.3205,0.16199999999999903,True
238,0.60-0.70,0.6,0.7,0.6499999999999999,221,56,42.93321,42.7805,0.152709999999999,True
238,0.70-0.80,0.7,0.8,0.75,95,47,43.33248,43.1675,0.1649799999999999,True
238,0.80-1.00,0.8,1.0,0.9,85,7,43.6954,43.5331,0.1623000000000019,True
239,0.00-0.05,0.0,0.05,0.025,106,646,36.04309,35.2665,0.7765899999999988,True
239,0.05-0.10,0.05,0.1,0.07500000000000001,45,97,37.1975,37.1925,0.0049999999999954525,True
239,0.10-0.15,0.1,0.15,0.125,13,86,39.16841,38.802,0.3664100000000019,True
239,0.15-0.20,0.15,0.2,0.175,20,123,39.78048,39.5427,0.23777999999999366,True
239,0.20-0.25,0.2,0.25,0.225,52,140,40.25572,40.1351,0.12061999999999529,True
239,0.25-0.28,0.25,0.28,0.265,38,72,40.66311,40.5139,0.14921000000000362,True
239,0.28-0.32,0.28,0.32,0.30000000000000004,62,100,40.89235,40.9018,-0.009450000000001069,True
239,0.32-0.35,0.32,0.35,0.33499999999999996,81,71,41.21254,41.1012,0.11133999999999844,True
239,0.35-0.40,0.35,0.4,0.375,98,66,41.44872,41.3794,0.06932000000000471,True
239,0.40-0.50,0.4,0.5,0.45,205,100,41.96487,41.8131,0.15176999999999907,True
239,0.50-0.60,0.5,0.6,0.55,232,83,42.47376,42.3205,0.15325999999999596,True
239,0.60-0.70,0.6,0.7,0.6499999999999999,221,56,42.93007,42.7805,0.1495699999999971,True
239,0.70-0.80,0.7,0.8,0.75,95,47,43.30631,43.1675,0.13881000000000654,True
239,0.80-1.00,0.8,1.0,0.9,85,7,43.68131,43.5331,0.14821000000000595,True
240,0.00-0.05,0.0,0.05,0.025,106,646,36.01068,35.2665,0.7441800000000001,True
240,0.05-0.10,0.05,0.1,0.07500000000000001,45,97,37.1975,37.1925,0.0049999999999954525,True
240,0.10-0.15,0.1,0.15,0.125,13,86,38.87889,38.802,0.07688999999999879,True
240,0.15-0.20,0.15,0.2,0.175,20,123,39.8153,39.5427,0.27259999999999707,True
240,0.20-0.25,0.2,0.25,0.225,52,140,40.25625,40.1351,0.12115000000000009,True
240,0.25-0.28,0.25,0.28,0.265,38,72,40.65338,40.5139,0.13947999999999894,True
240,0.28-0.32,0.28,0.32,0.30000000000000004,62,100,40.93135,40.9018,0.02955000000000041,True
240,0.32-0.35,0.32,0.35,0.33499999999999996,81,71,41.22274,41.1012,0.12154000000000309,True
240,0.35-0.40,0.35,0.4,0.375,98,66,41.45362,41.3794,0.07422000000000395,True
240,0.40-0.50,0.4,0.5,0.45,205,100,41.96627,41.8131,0.15317000000000291,True
240,0.50-0.60,0.5,0.6,0.55,232,83,42.47023,42.3205,0.14972999999999814,True
240,0.60-0.70,0.6,0.7,0.6499999999999999,221,56,42.92792,42.7805,0.14741999999999678,True
240,0.70-0.80,0.7,0.8,0.75,95,47,43.32008,43.1675,0.15258000000000038,True
240,0.80-1.00,0.8,1.0,0.9,85,7,43.68398,43.5331,0.1508800000000008,True
241,0.00-0.05,0.0,0.05,0.025,106,646,36.02516,35.2665,0.758659999999999,True
241,0.05-0.10,0.05,0.1,0.07500000000000001,45,97,37.2229,37.1925,0.030400000000000205,True
241,0.10-0.15,0.1,0.15,0.125,13,86,38.89598,38.802,0.09398000000000195,True
241,0.15-0.20,0.15,0.2,0.175,20,123,39.78048,39.5427,0.23777999999999366,True
241,0.20-0.25,0.2,0.25,0.225,52,140,40.25572,40.1351,0.12061999999999529,True
241,0.25-0.28,0.25,0.28,0.265,38,72,40.65338,40.5139,0.13947999999999894,True
241,0.28-0.32,0.28,0.32,0.30000000000000004,62,100,40.91041,40.9018,0.008609999999997342,True
241,0.32-0.35,0.32,0.35,0.33499999999999996,81,71,41.22103,41.1012,0.11983000000000033,True
241,0.35-0.40,0.35,0.4,0.375,98,66,41.45703,41.3794,0.0776300000000063,True
241,0.40-0.50,0.4,0.5,0.45,205,100,41.96627,41.8131,0.15317000000000291,True
241,0.50-0.60,0.5,0.6,0.55,232,83,42.47192,42.3205,0.15141999999999456,True
241,0.60-0.70,0.6,0.7,0.6499999999999999,221,56,42.92792,42.7805,0.14741999999999678,True
241,0.70-0.80,0.7,0.8,0.75,95,47,43.30631,43.1675,0.13881000000000654,True
241,0.80-1.00,0.8,1.0,0.9,85,7,43.6954,43.5331,0.1623000000000019,True
242,0.00-0.05,0.0,0.05,0.025,106,646,36.04309,35.2665,0.7765899999999988,True
242,0.05-0.10,0.05,0.1,0.07500000000000001,45,97,37.20488,37.1925,0.01238000000000028,True
242,0.10-0.15,0.1,0.15,0.125,13,86,39.00672,38.802,0.2047200000000018,True
242,0.15-0.20,0.15,0.2,0.175,20,123,39.74864,39.5427,0.20593999999999824,True
242,0.20-0.25,0.2,0.25,0.225,52,140,40.25572,40.1351,0.12061999999999529,True
242,0.25-0.28,0.25,0.28,0.265,38,72,40.65338,40.5139,0.13947999999999894,True
242,0.28-0.32,0.28,0.32,0.30000000000000004,62,100,40.93472,40.9018,0.032919999999997174,True
242,0.32-0.35,0.32,0.35,0.33499999999999996,81,71,41.21969,41.1012,0.11849000000000132,True
242,0.35-0.40,0.35,0.4,0.375,98,66,41.44162,41.3794,0.062220000000003495,True
242,0.40-0.50,0.4,0.5,0.45,205,100,41.97567,41.8131,0.16257000000000232,True
242,0.50-0.60,0.5,0.6,0.55,232,83,42.45886,42.3205,0.1383599999999987,True
242,0.60-0.70,0.6,0.7,0.6499999999999999,221,56,42.92772,42.7805,0.14721999999999724,True
242,0.70-0.80,0.7,0.8,0.75,95,47,43.32008,43.1675,0.15258000000000038,True
242,0.80-1.00,0.8,1.0,0.9,85,7,43.63286,43.5331,0.0997600000000034,True
243,0.00-0.05,0.0,0.05,0.025,106,646,36.04309,35.2665,0.7765899999999988,True
243,0.05-0.10,0.05,0.1,0.07500000000000001,45,97,37.20911,37.1925,0.016610000000000014,True
243,0.10-0.15,0.1,0.15,0.125,13,86,38.87889,38.802,0.07688999999999879,True
243,0.15-0.20,0.15,0.2,0.175,20,123,39.8153,39.5427,0.27259999999999707,True
243,0.20-0.25,0.2,0.25,0.225,52,140,40.25625,40.1351,0.12115000000000009,True
243,0.25-0.28,0.25,0.28,0.265,38,72,40.65338,40.5139,0.13947999999999894,True
243,0.28-0.32,0.28,0.32,0.30000000000000004,62,100,40.93472,40.9018,0.032919999999997174,True
243,0.32-0.35,0.32,0.35,0.33499999999999996,81,71,41.21969,41.1012,0.11849000000000132,True
243,0.35-0.40,0.35,0.4,0.375,98,66,41.42685,41.3794,0.04745000000000488,True
243,0.40-0.50,0.4,0.5,0.45,205,100,41.97567,41.8131,0.16257000000000232,True
243,0.50-0.60,0.5,0.6,0.55,232,83,42.4688,42.3205,0.148299999999999,True
243,0.60-0.70,0.6,0.7,0.6499999999999999,221,56,42.92792,42.7805,0.14741999999999678,True
243,0.70-0.80,0.7,0.8,0.75,95,47,43.30862,43.1675,0.1411200000000008,True
243,0.80-1.00,0.8,1.0,0.9,85,7,43.66835,43.5331,0.1352499999999992,True
244,0.00-0.05,0.0,0.05,0.025,106,646,36.00728,35.2665,0.7407800000000009,True
244,0.05-0.10,0.05,0.1,0.07500000000000001,45,97,37.36253,37.1925,0.17002999999999702,True
244,0.10-0.15,0.1,0.15,0.125,13,86,38.54264,38.802,-0.2593600000000009,True
244,0.15-0.20,0.15,0.2,0.175,20,123,39.78048,39.5427,0.23777999999999366,True
244,0.20-0.25,0.2,0.25,0.225,52,140,40.25572,40.1351,0.12061999999999529,True
244,0.25-0.28,0.25,0.28,0.265,38,72,40.59566,40.5139,0.08176000000000272,True
244,0.28-0.32,0.28,0.32,0.30000000000000004,62,100,40.93472,40.9018,0.032919999999997174,True
244,0.32-0.35,0.32,0.35,0.33499999999999996,81,71,41.22274,41.1012,0.12154000000000309,True
244,0.35-0.40,0.35,0.4,0.375,98,66,41.43197,41.3794,0.05257000000000289,True
244,0.40-0.50,0.4,0.5,0.45,205,100,41.94989,41.8131,0.13679000000000485,True
244,0.50-0.60,0.5,0.6,0.55,232,83,42.4688,42.3205,0.148299999999999,True
244,0.60-0.70,0.6,0.7,0.6499999999999999,221,56,42.92792,42.7805,0.14741999999999678,True
244,0.70-0.80,0.7,0.8,0.75,95,47,43.31795,43.1675,0.1504500000000064,True
244,0.80-1.00,0.8,1.0,0.9,85,7,43.66049,43.5331,0.12739000000000544,True
245,0.00-0.05,0.0,0.05,0.025,106,646,36.01126,35.2665,0.7447599999999994,True
245,0.05-0.10,0.05,0.1,0.07500000000000001,45,97,37.20488,37.1925,0.01238000000000028,True
245,0.10-0.15,0.1,0.15,0.125,13,86,38.54264,38.802,-0.2593600000000009,True
245,0.15-0.20,0.15,0.2,0.175,20,123,39.59667,39.5427,0.05396999999999963,True
245,0.20-0.25,0.2,0.25,0.225,52,140,40.26777,40.1351,0.1326699999999974,True
245,0.25-0.28,0.25,0.28,0.265,38,72,40.6088,40.5139,0.09490000000000265,True
245,0.28-0.32,0.28,0.32,0.30000000000000004,62,100,40.93472,40.9018,0.032919999999997174,True
245,0.32-0.35,0.32,0.35,0.33499999999999996,81,71,41.21969,41.1012,0.11849000000000132,True
245,0.35-0.40,0.35,0.4,0.375,98,66,41.44872,41.3794,0.06932000000000471,True
245,0.40-0.50,0.4,0.5,0.45,205,100,41.99253,41.8131,0.17943000000000353,True
245,0.50-0.60,0.5,0.6,0.55,232,83,42.4688,42.3205,0.148299999999999,True
245,0.60-0.70,0.6,0.7,0.6499999999999999,221,56,42.92792,42.7805,0.14741999999999678,True
245,0.70-0.80,0.7,0.8,0.75,95,47,43.31795,43.1675,0.1504500000000064,True
245,0.80-1.00,0.8,1.0,0.9,85,7,43.6954,43.5331,0.1623000000000019,True
246,0.00-0.05,0.0,0.05,0.025,106,646,36.01851,35.2665,0.7520099999999985,True
246,0.05-0.10,0.05,0.1,0.07500000000000001,45,97,37.2229,37.1925,0.030400000000000205,True
246,0.10-0.15,0.1,0.15,0.125,13,86,39.00672,38.802,0.2047200000000018,True
246,0.15-0.20,0.15,0.2,0.175,20,123,39.8153,39.5427,0.27259999999999707,True
246,0.20-0.25,0.2,0.25,0.225,52,140,40.25625,40.1351,0.12115000000000009,True
246,0.25-0.28,0.25,0.28,0.265,38,72,40.67029,40.5139,0.1563900000000018,True
246,0.28-0.32,0.28,0.32,0.30000000000000004,62,100,40.93472,40.9018,0.032919999999997174,True
246,0.32-0.35,0.32,0.35,0.33499999999999996,81,71,41.21681,41.1012,0.11561000000000377,True
246,0.35-0.40,0.35,0.4,0.375,98,66,41.45362,41.3794,0.07422000000000395,True
246,0.40-0.50,0.4,0.5,0.45,205,100,41.99425,41.8131,0.18115000000000236,True
246,0.50-0.60,0.5,0.6,0.55,232,83,42.48339,42.3205,0.16288999999999731,True
246,0.60-0.70,0.6,0.7,0.6499999999999999,221,56,42.92792,42.7805,0.14741999999999678,True
246,0.70-0.80,0.7,0.8,0.75,95,47,43.30631,43.1675,0.13881000000000654,True
246,0.80-1.00,0.8,1.0,0.9,85,7,43.6954,43.5331,0.1623000000000019,True
247,0.00-0.05,0.0,0.05,0.025,106,646,36.01068,35.2665,0.7441800000000001,True
247,0.05-0.10,0.05,0.1,0.07500000000000001,45,97,37.20488,37.1925,0.01238000000000028,True
247,0.10-0.15,0.1,0.15,0.125,13,86,38.54264,38.802,-0.2593600000000009,True
247,0.15-0.20,0.15,0.2,0.175,20,123,39.8153,39.5427,0.27259999999999707,True
247,0.20-0.25,0.2,0.25,0.225,52,140,40.26524,40.1351,0.13013999999999726,True
247,0.25-0.28,0.25,0.28,0.265,38,72,40.65338,40.5139,0.13947999999999894,True
247,0.28-0.32,0.28,0.32,0.30000000000000004,62,100,40.89113,40.9018,-0.01067000000000462,True
247,0.32-0.35,0.32,0.35,0.33499999999999996,81,71,41.22336,41.1012,0.12216000000000093,True
247,0.35-0.40,0.35,0.4,0.375,98,66,41.44872,41.3794,0.06932000000000471,True
247,0.40-0.50,0.4,0.5,0.45,205,100,41.97567,41.8131,0.16257000000000232,True
247,0.50-0.60,0.5,0.6,0.55,232,83,42.47573,42.3205,0.15522999999999598,True
247,0.60-0.70,0.6,0.7,0.6499999999999999,221,56,42.92854,42.7805,0.14803999999999462,True
247,0.70-0.80,0.7,0.8,0.75,95,47,43.34886,43.1675,0.18136000000000507,True
247,0.80-1.00,0.8,1.0,0.9,85,7,43.6954,43.5331,0.1623000000000019,True
248,0.00-0.05,0.0,0.05,0.025,106,646,35.9573,35.2665,0.6907999999999959,True
248,0.05-0.10,0.05,0.1,0.07500000000000001,45,97,37.20488,37.1925,0.01238000000000028,True
248,0.10-0.15,0.1,0.15,0.125,13,86,39.16841,38.802,0.3664100000000019,True
248,0.15-0.20,0.15,0.2,0.175,20,123,39.8153,39.5427,0.27259999999999707,True
248,0.20-0.25,0.2,0.25,0.225,52,140,40.26232,40.1351,0.12722000000000122,True
248,0.25-0.28,0.25,0.28,0.265,38,72,40.6088,40.5139,0.09490000000000265,True
248,0.28-0.32,0.28,0.32,0.30000000000000004,62,100,40.93472,40.9018,0.032919999999997174,True
248,0.32-0.35,0.32,0.35,0.33499999999999996,81,71,41.21681,41.1012,0.11561000000000377,True
248,0.35-0.40,0.35,0.4,0.375,98,66,41.42685,41.3794,0.04745000000000488,True
248,0.40-0.50,0.4,0.5,0.45,205,100,41.99253,41.8131,0.17943000000000353,True
248,0.50-0.60,0.5,0.6,0.55,232,83,42.47441,42.3205,0.15390999999999622,True
248,0.60-0.70,0.6,0.7,0.6499999999999999,221,56,42.93368,42.7805,0.15317999999999898,True
248,0.70-0.80,0.7,0.8,0.75,95,47,43.32792,43.1675,0.160420000000002,True
248,0.80-1.00,0.8,1.0,0.9,85,7,43.64144,43.5331,0.10834000000000543,True
249,0.00-0.05,0.0,0.05,0.025,106,646,36.01851,35.2665,0.7520099999999985,True
249,0.05-0.10,0.05,0.1,0.07500000000000001,45,97,37.1975,37.1925,0.0049999999999954525,True
249,0.10-0.15,0.1,0.15,0.125,13,86,39.00672,38.802,0.2047200000000018,True
249,0.15-0.20,0.15,0.2,0.175,20,123,39.78048,39.5427,0.23777999999999366,True
249,0.20-0.25,0.2,0.25,0.225,52,140,40.24418,40.1351,0.10907999999999873,True
249,0.25-0.28,0.25,0.28,0.265,38,72,40.67029,40.5139,0.1563900000000018,True
249,0.28-0.32,0.28,0.32,0.30000000000000004,62,100,40.93472,40.9018,0.032919999999997174,True
249,0.32-0.35,0.32,0.35,0.33499999999999996,81,71,41.21254,41.1012,0.11133999999999844,True
249,0.35-0.40,0.35,0.4,0.375,98,66,41.46099,41.3794,0.0815900000000056,True
249,0.40-0.50,0.4,0.5,0.45,205,100,41.99425,41.8131,0.18115000000000236,True
249,0.50-0.60,0.5,0.6,0.55,232,83,42.47071,42.3205,0.15020999999999418,True
249,0.60-0.70,0.6,0.7,0.6499999999999999,221,56,42.93252,42.7805,0.15201999999999316,True
249,0.70-0.80,0.7,0.8,0.75,95,47,43.33248,43.1675,0.1649799999999999,True
249,0.80-1.00,0.8,1.0,0.9,85,7,43.72233,43.5331,0.189230000000002,True
250,0.00-0.05,0.0,0.05,0.025,106,646,36.04919,35.2665,0.7826900000000023,True
250,0.05-0.10,0.05,0.1,0.07500000000000001,45,97,37.2229,37.1925,0.030400000000000205,True
250,0.10-0.15,0.1,0.15,0.125,13,86,39.00672,38.802,0.2047200000000018,True
250,0.15-0.20,0.15,0.2,0.175,20,123,39.78048,39.5427,0.23777999999999366,True
250,0.20-0.25,0.2,0.25,0.225,52,140,40.25625,40.1351,0.12115000000000009,True
250,0.25-0.28,0.25,0.28,0.265,38,72,40.66311,40.5139,0.14921000000000362,True
250,0.28-0.32,0.28,0.32,0.30000000000000004,62,100,40.93935,40.9018,0.037549999999995975,True
250,0.32-0.35,0.32,0.35,0.33499999999999996,81,71,41.22336,41.1012,0.12216000000000093,True
250,0.35-0.40,0.35,0.4,0.375,98,66,41.45362,41.3794,0.07422000000000395,True
250,0.40-0.50,0.4,0.5,0.45,205,100,41.98525,41.8131,0.17215000000000202,True
250,0.50-0.60,0.5,0.6,0.55,232,83,42.45177,42.3205,0.13127000000000066,True
250,0.60-0.70,0.6,0.7,0.6499999999999999,221,56,42.92792,42.7805,0.14741999999999678,True
250,0.70-0.80,0.7,0.8,0.75,95,47,43.31795,43.1675,0.1504500000000064,True
250,0.80-1.00,0.8,1.0,0.9,85,7,43.68398,43.5331,0.1508800000000008,True
251,0.00-0.05,0.0,0.05,0.025,106,646,36.01851,35.2665,0.7520099999999985,True
251,0.05-0.10,0.05,0.1,0.07500000000000001,45,97,37.20488,37.1925,0.01238000000000028,True
251,0.10-0.15,0.1,0.15,0.125,13,86,38.89598,38.802,0.09398000000000195,True
251,0.15-0.20,0.15,0.2,0.175,20,123,39.40043,39.5427,-0.14227000000000345,True
251,0.20-0.25,0.2,0.25,0.225,52,140,40.25572,40.1351,0.12061999999999529,True
251,0.25-0.28,0.25,0.28,0.265,38,72,40.6088,40.5139,0.09490000000000265,True
251,0.28-0.32,0.28,0.32,0.30000000000000004,62,100,40.93181,40.9018,0.030009999999997206,True
251,0.32-0.35,0.32,0.35,0.33499999999999996,81,71,41.21681,41.1012,0.11561000000000377,True
251,0.35-0.40,0.35,0.4,0.375,98,66,41.46099,41.3794,0.0815900000000056,True
251,0.40-0.50,0.4,0.5,0.45,205,100,41.96821,41.8131,0.15511000000000053,True
251,0.50-0.60,0.5,0.6,0.55,232,83,42.47441,42.3205,0.15390999999999622,True
251,0.60-0.70,0.6,0.7,0.6499999999999999,221,56,42.92792,42.7805,0.14741999999999678,True
251,0.70-0.80,0.7,0.8,0.75,95,47,43.33284,43.1675,0.1653400000000005,True
251,0.80-1.00,0.8,1.0,0.9,85,7,43.66835,43.5331,0.1352499999999992,True
252,0.00-0.05,0.0,0.05,0.025,106,646,36.00315,35.2665,0.7366499999999974,True
252,0.05-0.10,0.05,0.1,0.07500000000000001,45,97,37.15499,37.1925,-0.037510000000004595,True
252,0.10-0.15,0.1,0.15,0.125,13,86,38.87889,38.802,0.07688999999999879,True
252,0.15-0.20,0.15,0.2,0.175,20,123,39.59667,39.5427,0.05396999999999963,True
252,0.20-0.25,0.2,0.25,0.225,52,140,40.26232,40.1351,0.12722000000000122,True
252,0.25-0.28,0.25,0.28,0.265,38,72,40.67029,40.5139,0.1563900000000018,True
252,0.28-0.32,0.28,0.32,0.30000000000000004,62,100,40.93882,40.9018,0.037019999999998277,True
252,0.32-0.35,0.32,0.35,0.33499999999999996,81,71,41.22336,41.1012,0.12216000000000093,True
252,0.35-0.40,0.35,0.4,0.375,98,66,41.45362,41.3794,0.07422000000000395,True
252,0.40-0.50,0.4,0.5,0.45,205,100,41.98288,41.8131,0.16978000000000293,True
252,0.50-0.60,0.5,0.6,0.55,232,83,42.48074,42.3205,0.1602399999999946,True
252,0.60-0.70,0.6,0.7,0.6499999999999999,221,56,42.92792,42.7805,0.14741999999999678,True
252,0.70-0.80,0.7,0.8,0.75,95,47,43.32792,43.1675,0.160420000000002,True
252,0.80-1.00,0.8,1.0,0.9,85,7,43.66049,43.5331,0.12739000000000544,True
253,0.00-0.05,0.0,0.05,0.025,106,646,36.01851,35.2665,0.7520099999999985,True
253,0.05-0.10,0.05,0.1,0.07500000000000001,45,97,37.15499,37.1925,-0.037510000000004595,True
253,0.10-0.15,0.1,0.15,0.125,13,86,39.29023,38.802,0.4882300000000015,True
253,0.15-0.20,0.15,0.2,0.175,20,123,39.74864,39.5427,0.20593999999999824,True
253,0.20-0.25,0.2,0.25,0.225,52,140,40.25572,40.1351,0.12061999999999529,True
253,0.25-0.28,0.25,0.28,0.265,38,72,40.67029,40.5139,0.1563900000000018,True
253,0.28-0.32,0.28,0.32,0.30000000000000004,62,100,40.93882,40.9018,0.037019999999998277,True
253,0.32-0.35,0.32,0.35,0.33499999999999996,81,71,41.22274,41.1012,0.12154000000000309,True
253,0.35-0.40,0.35,0.4,0.375,98,66,41.44872,41.3794,0.06932000000000471,True
253,0.40-0.50,0.4,0.5,0.45,205,100,41.98288,41.8131,0.16978000000000293,True
253,0.50-0.60,0.5,0.6,0.55,232,83,42.48074,42.3205,0.1602399999999946,True
253,0.60-0.70,0.6,0.7,0.6499999999999999,221,56,42.92792,42.7805,0.14741999999999678,True
253,0.70-0.80,0.7,0.8,0.75,95,47,43.30747,43.1675,0.13997000000000526,True
253,0.80-1.00,0.8,1.0,0.9,85,7,43.63286,43.5331,0.0997600000000034,True
254,0.00-0.05,0.0,0.05,0.025,106,646,36.01851,35.2665,0.7520099999999985,True
254,0.05-0.10,0.05,0.1,0.07500000000000001,45,97,37.2229,37.1925,0.030400000000000205,True
254,0.10-0.15,0.1,0.15,0.125,13,86,39.16841,38.802,0.3664100000000019,True
254,0.15-0.20,0.15,0.2,0.175,20,123,39.8153,39.5427,0.27259999999999707,True
254,0.20-0.25,0.2,0.25,0.225,52,140,40.25625,40.1351,0.12115000000000009,True
254,0.25-0.28,0.25,0.28,0.265,38,72,40.67029,40.5139,0.1563900000000018,True
254,0.28-0.32,0.28,0.32,0.30000000000000004,62,100,40.93472,40.9018,0.032919999999997174,True
254,0.32-0.35,0.32,0.35,0.33499999999999996,81,71,41.21681,41.1012,0.11561000000000377,True
254,0.35-0.40,0.35,0.4,0.375,98,66,41.42987,41.3794,0.050470000000004234,True
254,0.40-0.50,0.4,0.5,0.45,205,100,41.94989,41.8131,0.13679000000000485,True
254,0.50-0.60,0.5,0.6,0.55,232,83,42.47573,42.3205,0.15522999999999598,True
254,0.60-0.70,0.6,0.7,0.6499999999999999,221,56,42.92792,42.7805,0.14741999999999678,True
254,0.70-0.80,0.7,0.8,0.75,95,47,43.32008,43.1675,0.15258000000000038,True
254,0.80-1.00,0.8,1.0,0.9,85,7,43.72233,43.5331,0.189230000000002,True
255,0.00-0.05,0.0,0.05,0.025,106,646,36.02516,35.2665,0.758659999999999,True
255,0.05-0.10,0.05,0.1,0.07500000000000001,45,97,37.36659,37.1925,0.17408999999999963,True
255,0.10-0.15,0.1,0.15,0.125,13,86,39.29023,38.802,0.4882300000000015,True
255,0.15-0.20,0.15,0.2,0.175,20,123,39.59667,39.5427,0.05396999999999963,True
255,0.20-0.25,0.2,0.25,0.225,52,140,40.26524,40.1351,0.13013999999999726,True
255,0.25-0.28,0.25,0.28,0.265,38,72,40.67029,40.5139,0.1563900000000018,True
255,0.28-0.32,0.28,0.32,0.30000000000000004,62,100,40.93882,40.9018,0.037019999999998277,True
255,0.32-0.35,0.32,0.35,0.33499999999999996,81,71,41.22274,41.1012,0.12154000000000309,True
255,0.35-0.40,0.35,0.4,0.375,98,66,41.46815,41.3794,0.08875000000000455,True
255,0.40-0.50,0.4,0.5,0.45,205,100,41.96627,41.8131,0.15317000000000291,True
255,0.50-0.60,0.5,0.6,0.55,232,83,42.45886,42.3205,0.1383599999999987,True
255,0.60-0.70,0.6,0.7,0.6499999999999999,221,56,42.92828,42.7805,0.14777999999999736,True
255,0.70-0.80,0.7,0.8,0.75,95,47,43.30747,43.1675,0.13997000000000526,True
255,0.80-1.00,0.8,1.0,0.9,85,7,43.68398,43.5331,0.1508800000000008,True
256,0.00-0.05,0.0,0.05,0.025,106,646,36.02516,35.2665,0.758659999999999,True
256,0.05-0.10,0.05,0.1,0.07500000000000001,45,97,37.2229,37.1925,0.030400000000000205,True
256,0.10-0.15,0.1,0.15,0.125,13,86,39.00672,38.802,0.2047200000000018,True
256,0.15-0.20,0.15,0.2,0.175,20,123,39.74864,39.5427,0.20593999999999824,True
256,0.20-0.25,0.2,0.25,0.225,52,140,40.25572,40.1351,0.12061999999999529,True
256,0.25-0.28,0.25,0.28,0.265,38,72,40.67029,40.5139,0.1563900000000018,True
256,0.28-0.32,0.28,0.32,0.30000000000000004,62,100,40.93181,40.9018,0.030009999999997206,True
256,0.32-0.35,0.32,0.35,0.33499999999999996,81,71,41.23238,41.1012,0.13118000000000052,True
256,0.35-0.40,0.35,0.4,0.375,98,66,41.43197,41.3794,0.05257000000000289,True
256,0.40-0.50,0.4,0.5,0.45,205,100,41.96627,41.8131,0.15317000000000291,True
256,0.50-0.60,0.5,0.6,0.55,232,83,42.47574,42.3205,0.15523999999999916,True
256,0.60-0.70,0.6,0.7,0.6499999999999999,221,56,42.92792,42.7805,0.14741999999999678,True
256,0.70-0.80,0.7,0.8,0.75,95,47,43.32008,43.1675,0.15258000000000038,True
256,0.80-1.00,0.8,1.0,0.9,85,7,43.64768,43.5331,0.11458000000000368,True
257,0.00-0.05,0.0,0.05,0.025,106,646,35.99892,35.2665,0.7324199999999976,True
257,0.05-0.10,0.05,0.1,0.07500000000000001,45,97,37.2229,37.1925,0.030400000000000205,True
257,0.10-0.15,0.1,0.15,0.125,13,86,39.00672,38.802,0.2047200000000018,True
257,0.15-0.20,0.15,0.2,0.175,20,123,39.82392,39.5427,0.2812199999999976,True
257,0.20-0.25,0.2,0.25,0.225,52,140,40.26524,40.1351,0.13013999999999726,True
257,0.25-0.28,0.25,0.28,0.265,38,72,40.66311,40.5139,0.14921000000000362,True
257,0.28-0.32,0.28,0.32,0.30000000000000004,62,100,40.93935,40.9018,0.037549999999995975,True
257,0.32-0.35,0.32,0.35,0.33499999999999996,81,71,41.22103,41.1012,0.11983000000000033,True
257,0.35-0.40,0.35,0.4,0.375,98,66,41.47435,41.3794,0.09495000000000431,True
257,0.40-0.50,0.4,0.5,0.45,205,100,41.94286,41.8131,0.12976000000000454,True
257,0.50-0.60,0.5,0.6,0.55,232,83,42.46451,42.3205,0.14400999999999442,True
257,0.60-0.70,0.6,0.7,0.6499999999999999,221,56,42.92828,42.7805,0.14777999999999736,True
257,0.70-0.80,0.7,0.8,0.75,95,47,43.31795,43.1675,0.1504500000000064,True
257,0.80-1.00,0.8,1.0,0.9,85,7,43.68131,43.5331,0.14821000000000595,True
258,0.00-0.05,0.0,0.05,0.025,106,646,36.01068,35.2665,0.7441800000000001,True
258,0.05-0.10,0.05,0.1,0.07500000000000001,45,97,37.37352,37.1925,0.18101999999999663,True
258,0.10-0.15,0.1,0.15,0.125,13,86,39.00672,38.802,0.2047200000000018,True
258,0.15-0.20,0.15,0.2,0.175,20,123,39.59667,39.5427,0.05396999999999963,True
258,0.20-0.25,0.2,0.25,0.225,52,140,40.27718,40.1351,0.14207999999999998,True
258,0.25-0.28,0.25,0.28,0.265,38,72,40.67029,40.5139,0.1563900000000018,True
258,0.28-0.32,0.28,0.32,0.30000000000000004,62,100,40.93882,40.9018,0.037019999999998277,True
258,0.32-0.35,0.32,0.35,0.33499999999999996,81,71,41.21681,41.1012,0.11561000000000377,True
258,0.35-0.40,0.35,0.4,0.375,98,66,41.44377,41.3794,0.06437000000000381,True
258,0.40-0.50,0.4,0.5,0.45,205,100,41.99253,41.8131,0.17943000000000353,True
258,0.50-0.60,0.5,0.6,0.55,232,83,42.45886,42.3205,0.1383599999999987,True
258,0.60-0.70,0.6,0.7,0.6499999999999999,221,56,42.92792,42.7805,0.14741999999999678,True
258,0.70-0.80,0.7,0.8,0.75,95,47,43.30862,43.1675,0.1411200000000008,True
258,0.80-1.00,0.8,1.0,0.9,85,7,43.64768,43.5331,0.11458000000000368,True
259,0.00-0.05,0.0,0.05,0.025,106,646,36.01068,35.2665,0.7441800000000001,True
259,0.05-0.10,0.05,0.1,0.07500000000000001,45,97,37.20911,37.1925,0.016610000000000014,True
259,0.10-0.15,0.1,0.15,0.125,13,86,39.29882,38.802,0.4968199999999996,True
259,0.15-0.20,0.15,0.2,0.175,20,123,39.78048,39.5427,0.23777999999999366,True
259,0.20-0.25,0.2,0.25,0.225,52,140,40.26524,40.1351,0.13013999999999726,True
259,0.25-0.28,0.25,0.28,0.265,38,72,40.6058,40.5139,0.09190000000000254,True
259,0.28-0.32,0.28,0.32,0.30000000000000004,62,100,40.91041,40.9018,0.008609999999997342,True
259,0.32-0.35,0.32,0.35,0.33499999999999996,81,71,41.21681,41.1012,0.11561000000000377,True
259,0.35-0.40,0.35,0.4,0.375,98,66,41.45362,41.3794,0.07422000000000395,True
259,0.40-0.50,0.4,0.5,0.45,205,100,41.99291,41.8131,0.17981000000000336,True
259,0.50-0.60,0.5,0.6,0.55,232,83,42.46451,42.3205,0.14400999999999442,True
259,0.60-0.70,0.6,0.7,0.6499999999999999,221,56,42.92479,42.7805,0.14428999999999803,True
259,0.70-0.80,0.7,0.8,0.75,95,47,43.32792,43.1675,0.160420000000002,True
259,0.80-1.00,0.8,1.0,0.9,85,7,43.66835,43.5331,0.1352499999999992,True
260,0.00-0.05,0.0,0.05,0.025,106,646,36.01126,35.2665,0.7447599999999994,True
260,0.05-0.10,0.05,0.1,0.07500000000000001,45,97,37.20488,37.1925,0.01238000000000028,True
260,0.10-0.15,0.1,0.15,0.125,13,86,39.29023,38.802,0.4882300000000015,True
260,0.15-0.20,0.15,0.2,0.175,20,123,39.78048,39.5427,0.23777999999999366,True
260,0.20-0.25,0.2,0.25,0.225,52,140,40.26232,40.1351,0.12722000000000122,True
260,0.25-0.28,0.25,0.28,0.265,38,72,40.69751,40.5139,0.1836100000000016,True
260,0.28-0.32,0.28,0.32,0.30000000000000004,62,100,41.00668,40.9018,0.10488000000000142,True
260,0.32-0.35,0.32,0.35,0.33499999999999996,81,71,41.21254,41.1012,0.11133999999999844,True
260,0.35-0.40,0.35,0.4,0.375,98,66,41.44872,41.3794,0.06932000000000471,True
260,0.40-0.50,0.4,0.5,0.45,205,100,41.96821,41.8131,0.15511000000000053,True
260,0.50-0.60,0.5,0.6,0.55,232,83,42.46907,42.3205,0.14856999999999942,True
260,0.60-0.70,0.6,0.7,0.6499999999999999,221,56,42.92792,42.7805,0.14741999999999678,True
260,0.70-0.80,0.7,0.8,0.75,95,47,43.30747,43.1675,0.13997000000000526,True
260,0.80-1.00,0.8,1.0,0.9,85,7,43.63286,43.5331,0.0997600000000034,True
261,0.00-0.05,0.0,0.05,0.025,106,646,36.01068,35.2665,0.7441800000000001,True
261,0.05-0.10,0.05,0.1,0.07500000000000001,45,97,37.20488,37.1925,0.01238000000000028,True
261,0.10-0.15,0.1,0.15,0.125,13,86,39.00672,38.802,0.2047200000000018,True
261,0.15-0.20,0.15,0.2,0.175,20,123,39.74864,39.5427,0.20593999999999824,True
261,0.20-0.25,0.2,0.25,0.225,52,140,40.25572,40.1351,0.12061999999999529,True
261,0.25-0.28,0.25,0.28,0.265,38,72,40.66634,40.5139,0.15243999999999858,True
261,0.28-0.32,0.28,0.32,0.30000000000000004,62,100,40.93472,40.9018,0.032919999999997174,True
261,0.32-0.35,0.32,0.35,0.33499999999999996,81,71,41.21969,41.1012,0.11849000000000132,True
261,0.35-0.40,0.35,0.4,0.375,98,66,41.46099,41.3794,0.0815900000000056,True
261,0.40-0.50,0.4,0.5,0.45,205,100,41.96742,41.8131,0.15431999999999846,True
261,0.50-0.60,0.5,0.6,0.55,232,83,42.45886,42.3205,0.1383599999999987,True
261,0.60-0.70,0.6,0.7,0.6499999999999999,221,56,42.92854,42.7805,0.14803999999999462,True
261,0.70-0.80,0.7,0.8,0.75,95,47,43.31795,43.1675,0.1504500000000064,True
261,0.80-1.00,0.8,1.0,0.9,85,7,43.64144,43.5331,0.10834000000000543,True
262,0.00-0.05,0.0,0.05,0.025,106,646,36.04919,35.2665,0.7826900000000023,True
262,0.05-0.10,0.05,0.1,0.07500000000000001,45,97,37.20911,37.1925,0.016610000000000014,True
262,0.10-0.15,0.1,0.15,0.125,13,86,39.00672,38.802,0.2047200000000018,True
262,0.15-0.20,0.15,0.2,0.175,20,123,39.74864,39.5427,0.20593999999999824,True
262,0.20-0.25,0.2,0.25,0.225,52,140,40.26777,40.1351,0.1326699999999974,True
262,0.25-0.28,0.25,0.28,0.265,38,72,40.6058,40.5139,0.09190000000000254,True
262,0.28-0.32,0.28,0.32,0.30000000000000004,62,100,40.93882,40.9018,0.037019999999998277,True
262,0.32-0.35,0.32,0.35,0.33499999999999996,81,71,41.21969,41.1012,0.11849000000000132,True
262,0.35-0.40,0.35,0.4,0.375,98,66,41.45703,41.3794,0.0776300000000063,True
262,0.40-0.50,0.4,0.5,0.45,205,100,41.96742,41.8131,0.15431999999999846,True
262,0.50-0.60,0.5,0.6,0.55,232,83,42.46451,42.3205,0.14400999999999442,True
262,0.60-0.70,0.6,0.7,0.6499999999999999,221,56,42.92792,42.7805,0.14741999999999678,True
262,0.70-0.80,0.7,0.8,0.75,95,47,43.32792,43.1675,0.160420000000002,True
262,0.80-1.00,0.8,1.0,0.9,85,7,43.66835,43.5331,0.1352499999999992,True
263,0.00-0.05,0.0,0.05,0.025,106,646,36.04309,35.2665,0.7765899999999988,True
263,0.05-0.10,0.05,0.1,0.07500000000000001,45,97,37.2229,37.1925,0.030400000000000205,True
263,0.10-0.15,0.1,0.15,0.125,13,86,39.00672,38.802,0.2047200000000018,True
263,0.15-0.20,0.15,0.2,0.175,20,123,39.8153,39.5427,0.27259999999999707,True
263,0.20-0.25,0.2,0.25,0.225,52,140,40.26524,40.1351,0.13013999999999726,True
263,0.25-0.28,0.25,0.28,0.265,38,72,40.6058,40.5139,0.09190000000000254,True
263,0.28-0.32,0.28,0.32,0.30000000000000004,62,100,40.93472,40.9018,0.032919999999997174,True
263,0.32-0.35,0.32,0.35,0.33499999999999996,81,71,41.22103,41.1012,0.11983000000000033,True
263,0.35-0.40,0.35,0.4,0.375,98,66,41.44162,41.3794,0.062220000000003495,True
263,0.40-0.50,0.4,0.5,0.45,205,100,41.99291,41.8131,0.17981000000000336,True
263,0.50-0.60,0.5,0.6,0.55,232,83,42.45886,42.3205,0.1383599999999987,True
263,0.60-0.70,0.6,0.7,0.6499999999999999,221,56,42.92792,42.7805,0.14741999999999678,True
263,0.70-0.80,0.7,0.8,0.75,95,47,43.32008,43.1675,0.15258000000000038,True
263,0.80-1.00,0.8,1.0,0.9,85,7,43.6954,43.5331,0.1623000000000019,True
264,0.00-0.05,0.0,0.05,0.025,106,646,36.06484,35.2665,0.798339999999996,True
264,0.05-0.10,0.05,0.1,0.07500000000000001,45,97,37.36177,37.1925,0.16926999999999737,True
264,0.10-0.15,0.1,0.15,0.125,13,86,39.00672,38.802,0.2047200000000018,True
264,0.15-0.20,0.15,0.2,0.175,20,123,39.78048,39.5427,0.23777999999999366,True
264,0.20-0.25,0.2,0.25,0.225,52,140,40.26232,40.1351,0.12722000000000122,True
264,0.25-0.28,0.25,0.28,0.265,38,72,40.66634,40.5139,0.15243999999999858,True
264,0.28-0.32,0.28,0.32,0.30000000000000004,62,100,40.93935,40.9018,0.037549999999995975,True
264,0.32-0.35,0.32,0.35,0.33499999999999996,81,71,41.21681,41.1012,0.11561000000000377,True
264,0.35-0.40,0.35,0.4,0.375,98,66,41.46815,41.3794,0.08875000000000455,True
264,0.40-0.50,0.4,0.5,0.45,205,100,41.97907,41.8131,0.1659700000000015,True
264,0.50-0.60,0.5,0.6,0.55,232,83,42.47441,42.3205,0.15390999999999622,True
264,0.60-0.70,0.6,0.7,0.6499999999999999,221,56,42.92792,42.7805,0.14741999999999678,True
264,0.70-0.80,0.7,0.8,0.75,95,47,43.32008,43.1675,0.15258000000000038,True
264,0.80-1.00,0.8,1.0,0.9,85,7,43.64144,43.5331,0.10834000000000543,True
265,0.00-0.05,0.0,0.05,0.025,106,646,36.01068,35.2665,0.7441800000000001,True
265,0.05-0.10,0.05,0.1,0.07500000000000001,45,97,37.20488,37.1925,0.01238000000000028,True
265,0.10-0.15,0.1,0.15,0.125,13,86,39.00672,38.802,0.2047200000000018,True
265,0.15-0.20,0.15,0.2,0.175,20,123,39.8153,39.5427,0.27259999999999707,True
265,0.20-0.25,0.2,0.25,0.225,52,140,40.25572,40.1351,0.12061999999999529,True
265,0.25-0.28,0.25,0.28,0.265,38,72,40.6058,40.5139,0.09190000000000254,True
265,0.28-0.32,0.28,0.32,0.30000000000000004,62,100,40.93181,40.9018,0.030009999999997206,True
265,0.32-0.35,0.32,0.35,0.33499999999999996,81,71,41.21681,41.1012,0.11561000000000377,True
265,0.35-0.40,0.35,0.4,0.375,98,66,41.45362,41.3794,0.07422000000000395,True
265,0.40-0.50,0.4,0.5,0.45,205,100,41.96879,41.8131,0.15568999999999988,True
265,0.50-0.60,0.5,0.6,0.55,232,83,42.45886,42.3205,0.1383599999999987,True
265,0.60-0.70,0.6,0.7,0.6499999999999999,221,56,42.93252,42.7805,0.15201999999999316,True
265,0.70-0.80,0.7,0.8,0.75,95,47,43.32008,43.1675,0.15258000000000038,True
265,0.80-1.00,0.8,1.0,0.9,85,7,43.64768,43.5331,0.11458000000000368,True
266,0.00-0.05,0.0,0.05,0.025,106,646,36.01851,35.2665,0.7520099999999985,True
266,0.05-0.10,0.05,0.1,0.07500000000000001,45,97,37.36659,37.1925,0.17408999999999963,True
266,0.10-0.15,0.1,0.15,0.125,13,86,38.87889,38.802,0.07688999999999879,True
266,0.15-0.20,0.15,0.2,0.175,20,123,39.74864,39.5427,0.20593999999999824,True
266,0.20-0.25,0.2,0.25,0.225,52,140,40.24144,40.1351,0.10633999999999588,True
266,0.25-0.28,0.25,0.28,0.265,38,72,40.66311,40.5139,0.14921000000000362,True
266,0.28-0.32,0.28,0.32,0.30000000000000004,62,100,40.93882,40.9018,0.037019999999998277,True
266,0.32-0.35,0.32,0.35,0.33499999999999996,81,71,41.21254,41.1012,0.11133999999999844,True
266,0.35-0.40,0.35,0.4,0.375,98,66,41.45362,41.3794,0.07422000000000395,True
266,0.40-0.50,0.4,0.5,0.45,205,100,41.99253,41.8131,0.17943000000000353,True
266,0.50-0.60,0.5,0.6,0.55,232,83,42.47376,42.3205,0.15325999999999596,True
266,0.60-0.70,0.6,0.7,0.6499999999999999,221,56,42.92792,42.7805,0.14741999999999678,True
266,0.70-0.80,0.7,0.8,0.75,95,47,43.30747,43.1675,0.13997000000000526,True
266,0.80-1.00,0.8,1.0,0.9,85,7,43.68398,43.5331,0.1508800000000008,True
267,0.00-0.05,0.0,0.05,0.025,106,646,36.04309,35.2665,0.7765899999999988,True
267,0.05-0.10,0.05,0.1,0.07500000000000001,45,97,37.36244,37.1925,0.16993999999999687,True
267,0.10-0.15,0.1,0.15,0.125,13,86,39.00672,38.802,0.2047200000000018,True
267,0.15-0.20,0.15,0.2,0.175,20,123,39.8153,39.5427,0.27259999999999707,True
267,0.20-0.25,0.2,0.25,0.225,52,140,40.26524,40.1351,0.13013999999999726,True
267,0.25-0.28,0.25,0.28,0.265,38,72,40.65338,40.5139,0.13947999999999894,True
267,0.28-0.32,0.28,0.32,0.30000000000000004,62,100,40.93135,40.9018,0.02955000000000041,True
267,0.32-0.35,0.32,0.35,0.33499999999999996,81,71,41.21681,41.1012,0.11561000000000377,True
267,0.35-0.40,0.35,0.4,0.375,98,66,41.45362,41.3794,0.07422000000000395,True
267,0.40-0.50,0.4,0.5,0.45,205,100,41.99253,41.8131,0.17943000000000353,True
267,0.50-0.60,0.5,0.6,0.55,232,83,42.46451,42.3205,0.14400999999999442,True
267,0.60-0.70,0.6,0.7,0.6499999999999999,221,56,42.92828,42.7805,0.14777999999999736,True
267,0.70-0.80,0.7,0.8,0.75,95,47,43.30862,43.1675,0.1411200000000008,True
267,0.80-1.00,0.8,1.0,0.9,85,7,43.68398,43.5331,0.1508800000000008,True
268,0.00-0.05,0.0,0.05,0.025,106,646,36.01068,35.2665,0.7441800000000001,True
268,0.05-0.10,0.05,0.1,0.07500000000000001,45,97,37.36244,37.1925,0.16993999999999687,True
268,0.10-0.15,0.1,0.15,0.125,13,86,38.87889,38.802,0.07688999999999879,True
268,0.15-0.20,0.15,0.2,0.175,20,123,39.69446,39.5427,0.1517599999999959,True
268,0.20-0.25,0.2,0.25,0.225,52,140,40.26524,40.1351,0.13013999999999726,True
268,0.25-0.28,0.25,0.28,0.265,38,72,40.66634,40.5139,0.15243999999999858,True
268,0.28-0.32,0.28,0.32,0.30000000000000004,62,100,40.93882,40.9018,0.037019999999998277,True
268,0.32-0.35,0.32,0.35,0.33499999999999996,81,71,41.21969,41.1012,0.11849000000000132,True
268,0.35-0.40,0.35,0.4,0.375,98,66,41.45362,41.3794,0.07422000000000395,True
268,0.40-0.50,0.4,0.5,0.45,205,100,41.99253,41.8131,0.17943000000000353,True
268,0.50-0.60,0.5,0.6,0.55,232,83,42.47376,42.3205,0.15325999999999596,True
268,0.60-0.70,0.6,0.7,0.6499999999999999,221,56,42.92792,42.7805,0.14741999999999678,True
268,0.70-0.80,0.7,0.8,0.75,95,47,43.32792,43.1675,0.160420000000002,True
268,0.80-1.00,0.8,1.0,0.9,85,7,43.64144,43.5331,0.10834000000000543,True
269,0.00-0.05,0.0,0.05,0.025,106,646,36.04919,35.2665,0.7826900000000023,True
269,0.05-0.10,0.05,0.1,0.07500000000000001,45,97,37.36253,37.1925,0.17002999999999702,True
269,0.10-0.15,0.1,0.15,0.125,13,86,38.89598,38.802,0.09398000000000195,True
269,0.15-0.20,0.15,0.2,0.175,20,123,39.78048,39.5427,0.23777999999999366,True
269,0.20-0.25,0.2,0.25,0.225,52,140,40.26232,40.1351,0.12722000000000122,True
269,0.25-0.28,0.25,0.28,0.265,38,72,40.6088,40.5139,0.09490000000000265,True
269,0.28-0.32,0.28,0.32,0.30000000000000004,62,100,40.93135,40.9018,0.02955000000000041,True
269,0.32-0.35,0.32,0.35,0.33499999999999996,81,71,41.21969,41.1012,0.11849000000000132,True
269,0.35-0.40,0.35,0.4,0.375,98,66,41.43197,41.3794,0.05257000000000289,True
269,0.40-0.50,0.4,0.5,0.45,205,100,41.99253,41.8131,0.17943000000000353,True
269,0.50-0.60,0.5,0.6,0.55,232,83,42.47023,42.3205,0.14972999999999814,True
269,0.60-0.70,0.6,0.7,0.6499999999999999,221,56,42.92792,42.7805,0.14741999999999678,True
269,0.70-0.80,0.7,0.8,0.75,95,47,43.32008,43.1675,0.15258000000000038,True
269,0.80-1.00,0.8,1.0,0.9,85,7,43.64144,43.5331,0.10834000000000543,True
270,0.00-0.05,0.0,0.05,0.025,106,646,36.01851,35.2665,0.7520099999999985,True
270,0.05-0.10,0.05,0.1,0.07500000000000001,45,97,37.34903,37.1925,0.1565299999999965,True
270,0.10-0.15,0.1,0.15,0.125,13,86,38.87889,38.802,0.07688999999999879,True
270,0.15-0.20,0.15,0.2,0.175,20,123,39.78048,39.5427,0.23777999999999366,True
270,0.20-0.25,0.2,0.25,0.225,52,140,40.25572,40.1351,0.12061999999999529,True
270,0.25-0.28,0.25,0.28,0.265,38,72,40.67029,40.5139,0.1563900000000018,True
270,0.28-0.32,0.28,0.32,0.30000000000000004,62,100,40.90452,40.9018,0.002719999999996503,True
270,0.32-0.35,0.32,0.35,0.33499999999999996,81,71,41.21969,41.1012,0.11849000000000132,True
270,0.35-0.40,0.35,0.4,0.375,98,66,41.47435,41.3794,0.09495000000000431,True
270,0.40-0.50,0.4,0.5,0.45,205,100,41.96821,41.8131,0.15511000000000053,True
270,0.50-0.60,0.5,0.6,0.55,232,83,42.46451,42.3205,0.14400999999999442,True
270,0.60-0.70,0.6,0.7,0.6499999999999999,221,56,42.92792,42.7805,0.14741999999999678,True
270,0.70-0.80,0.7,0.8,0.75,95,47,43.30631,43.1675,0.13881000000000654,True
270,0.80-1.00,0.8,1.0,0.9,85,7,43.66049,43.5331,0.12739000000000544,True
271,0.00-0.05,0.0,0.05,0.025,106,646,36.01851,35.2665,0.7520099999999985,True
271,0.05-0.10,0.05,0.1,0.07500000000000001,45,97,37.1975,37.1925,0.0049999999999954525,True
271,0.10-0.15,0.1,0.15,0.125,13,86,39.00672,38.802,0.2047200000000018,True
271,0.15-0.20,0.15,0.2,0.175,20,123,39.78048,39.5427,0.23777999999999366,True
271,0.20-0.25,0.2,0.25,0.225,52,140,40.26524,40.1351,0.13013999999999726,True
271,0.25-0.28,0.25,0.28,0.265,38,72,40.67029,40.5139,0.1563900000000018,True
271,0.28-0.32,0.28,0.32,0.30000000000000004,62,100,40.95914,40.9018,0.057339999999996394,True
271,0.32-0.35,0.32,0.35,0.33499999999999996,81,71,41.20996,41.1012,0.10876000000000374,True
271,0.35-0.40,0.35,0.4,0.375,98,66,41.44872,41.3794,0.06932000000000471,True
271,0.40-0.50,0.4,0.5,0.45,205,100,41.96742,41.8131,0.15431999999999846,True
271,0.50-0.60,0.5,0.6,0.55,232,83,42.45886,42.3205,0.1383599999999987,True
271,0.60-0.70,0.6,0.7,0.6499999999999999,221,56,42.92854,42.7805,0.14803999999999462,True
271,0.70-0.80,0.7,0.8,0.75,95,47,43.31795,43.1675,0.1504500000000064,True
271,0.80-1.00,0.8,1.0,0.9,85,7,43.66049,43.5331,0.12739000000000544,True
272,0.00-0.05,0.0,0.05,0.025,106,646,35.9573,35.2665,0.6907999999999959,True
272,0.05-0.10,0.05,0.1,0.07500000000000001,45,97,37.36244,37.1925,0.16993999999999687,True
272,0.10-0.15,0.1,0.15,0.125,13,86,39.00672,38.802,0.2047200000000018,True
272,0.15-0.20,0.15,0.2,0.175,20,123,39.74864,39.5427,0.20593999999999824,True
272,0.20-0.25,0.2,0.25,0.225,52,140,40.25572,40.1351,0.12061999999999529,True
272,0.25-0.28,0.25,0.28,0.265,38,72,40.59566,40.5139,0.08176000000000272,True
272,0.28-0.32,0.28,0.32,0.30000000000000004,62,100,40.93472,40.9018,0.032919999999997174,True
272,0.32-0.35,0.32,0.35,0.33499999999999996,81,71,41.22274,41.1012,0.12154000000000309,True
272,0.35-0.40,0.35,0.4,0.375,98,66,41.45703,41.3794,0.0776300000000063,True
272,0.40-0.50,0.4,0.5,0.45,205,100,41.98488,41.8131,0.17177999999999827,True
272,0.50-0.60,0.5,0.6,0.55,232,83,42.45177,42.3205,0.13127000000000066,True
272,0.60-0.70,0.6,0.7,0.6499999999999999,221,56,42.92792,42.7805,0.14741999999999678,True
272,0.70-0.80,0.7,0.8,0.75,95,47,43.31795,43.1675,0.1504500000000064,True
272,0.80-1.00,0.8,1.0,0.9,85,7,43.68398,43.5331,0.1508800000000008,True
273,0.00-0.05,0.0,0.05,0.025,106,646,36.00728,35.2665,0.7407800000000009,True
273,0.05-0.10,0.05,0.1,0.07500000000000001,45,97,37.20911,37.1925,0.016610000000000014,True
273,0.10-0.15,0.1,0.15,0.125,13,86,38.87889,38.802,0.07688999999999879,True
273,0.15-0.20,0.15,0.2,0.175,20,123,39.74864,39.5427,0.20593999999999824,True
273,0.20-0.25,0.2,0.25,0.225,52,140,40.26232,40.1351,0.12722000000000122,True
273,0.25-0.28,0.25,0.28,0.265,38,72,40.66634,40.5139,0.15243999999999858,True
273,0.28-0.32,0.28,0.32,0.30000000000000004,62,100,40.93135,40.9018,0.02955000000000041,True
273,0.32-0.35,0.32,0.35,0.33499999999999996,81,71,41.21681,41.1012,0.11561000000000377,True
273,0.35-0.40,0.35,0.4,0.375,98,66,41.44872,41.3794,0.06932000000000471,True
273,0.40-0.50,0.4,0.5,0.45,205,100,41.98253,41.8131,0.16942999999999842,True
273,0.50-0.60,0.5,0.6,0.55,232,83,42.47726,42.3205,0.15675999999999846,True
273,0.60-0.70,0.6,0.7,0.6499999999999999,221,56,42.92792,42.7805,0.14741999999999678,True
273,0.70-0.80,0.7,0.8,0.75,95,47,43.34021,43.1675,0.17271000000000214,True
273,0.80-1.00,0.8,1.0,0.9,85,7,43.66835,43.5331,0.1352499999999992,True
274,0.00-0.05,0.0,0.05,0.025,106,646,35.99892,35.2665,0.7324199999999976,True
274,0.05-0.10,0.05,0.1,0.07500000000000001,45,97,37.36244,37.1925,0.16993999999999687,True
274,0.10-0.15,0.1,0.15,0.125,13,86,38.89598,38.802,0.09398000000000195,True
274,0.15-0.20,0.15,0.2,0.175,20,123,39.78048,39.5427,0.23777999999999366,True
274,0.20-0.25,0.2,0.25,0.225,52,140,40.26524,40.1351,0.13013999999999726,True
274,0.25-0.28,0.25,0.28,0.265,38,72,40.66311,40.5139,0.14921000000000362,True
274,0.28-0.32,0.28,0.32,0.30000000000000004,62,100,40.93935,40.9018,0.037549999999995975,True
274,0.32-0.35,0.32,0.35,0.33499999999999996,81,71,41.22103,41.1012,0.11983000000000033,True
274,0.35-0.40,0.35,0.4,0.375,98,66,41.45362,41.3794,0.07422000000000395,True
274,0.40-0.50,0.4,0.5,0.45,205,100,42.00695,41.8131,0.19385000000000474,True
274,0.50-0.60,0.5,0.6,0.55,232,83,42.4688,42.3205,0.148299999999999,True
274,0.60-0.70,0.6,0.7,0.6499999999999999,221,56,42.92792,42.7805,0.14741999999999678,True
274,0.70-0.80,0.7,0.8,0.75,95,47,43.31795,43.1675,0.1504500000000064,True
274,0.80-1.00,0.8,1.0,0.9,85,7,43.66835,43.5331,0.1352499999999992,True
275,0.00-0.05,0.0,0.05,0.025,106,646,36.01068,35.2665,0.7441800000000001,True
275,0.05-0.10,0.05,0.1,0.07500000000000001,45,97,37.20488,37.1925,0.01238000000000028,True
275,0.10-0.15,0.1,0.15,0.125,13,86,39.00672,38.802,0.2047200000000018,True
275,0.15-0.20,0.15,0.2,0.175,20,123,39.74864,39.5427,0.20593999999999824,True
275,0.20-0.25,0.2,0.25,0.225,52,140,40.25572,40.1351,0.12061999999999529,True
275,0.25-0.28,0.25,0.28,0.265,38,72,40.65338,40.5139,0.13947999999999894,True
275,0.28-0.32,0.28,0.32,0.30000000000000004,62,100,40.93472,40.9018,0.032919999999997174,True
275,0.32-0.35,0.32,0.35,0.33499999999999996,81,71,41.21681,41.1012,0.11561000000000377,True
275,0.35-0.40,0.35,0.4,0.375,98,66,41.45362,41.3794,0.07422000000000395,True
275,0.40-0.50,0.4,0.5,0.45,205,100,41.96487,41.8131,0.15176999999999907,True
275,0.50-0.60,0.5,0.6,0.55,232,83,42.47441,42.3205,0.15390999999999622,True
275,0.60-0.70,0.6,0.7,0.6499999999999999,221,56,42.92792,42.7805,0.14741999999999678,True
275,0.70-0.80,0.7,0.8,0.75,95,47,43.31795,43.1675,0.1504500000000064,True
275,0.80-1.00,0.8,1.0,0.9,85,7,43.66835,43.5331,0.1352499999999992,True
276,0.00-0.05,0.0,0.05,0.025,106,646,36.00728,35.2665,0.7407800000000009,True
276,0.05-0.10,0.05,0.1,0.07500000000000001,45,97,37.1975,37.1925,0.0049999999999954525,True
276,0.10-0.15,0.1,0.15,0.125,13,86,38.98171,38.802,0.17971000000000004,True
276,0.15-0.20,0.15,0.2,0.175,20,123,39.74864,39.5427,0.20593999999999824,True
276,0.20-0.25,0.2,0.25,0.225,52,140,40.26777,40.1351,0.1326699999999974,True
276,0.25-0.28,0.25,0.28,0.265,38,72,40.65338,40.5139,0.13947999999999894,True
276,0.28-0.32,0.28,0.32,0.30000000000000004,62,100,40.93181,40.9018,0.030009999999997206,True
276,0.32-0.35,0.32,0.35,0.33499999999999996,81,71,41.21681,41.1012,0.11561000000000377,True
276,0.35-0.40,0.35,0.4,0.375,98,66,41.43008,41.3794,0.050679999999999836,True
276,0.40-0.50,0.4,0.5,0.45,205,100,41.96742,41.8131,0.15431999999999846,True
276,0.50-0.60,0.5,0.6,0.55,232,83,42.4584,42.3205,0.1378999999999948,True
276,0.60-0.70,0.6,0.7,0.6499999999999999,221,56,42.92792,42.7805,0.14741999999999678,True
276,0.70-0.80,0.7,0.8,0.75,95,47,43.31795,43.1675,0.1504500000000064,True
276,0.80-1.00,0.8,1.0,0.9,85,7,43.66049,43.5331,0.12739000000000544,True
277,0.00-0.05,0.0,0.05,0.025,106,646,36.04309,35.2665,0.7765899999999988,True
277,0.05-0.10,0.05,0.1,0.07500000000000001,45,97,37.20911,37.1925,0.016610000000000014,True
277,0.10-0.15,0.1,0.15,0.125,13,86,38.87889,38.802,0.07688999999999879,True
277,0.15-0.20,0.15,0.2,0.175,20,123,39.74864,39.5427,0.20593999999999824,True
277,0.20-0.25,0.2,0.25,0.225,52,140,40.24144,40.1351,0.10633999999999588,True
277,0.25-0.28,0.25,0.28,0.265,38,72,40.67029,40.5139,0.1563900000000018,True
277,0.28-0.32,0.28,0.32,0.30000000000000004,62,100,40.89713,40.9018,-0.004670000000004393,True
277,0.32-0.35,0.32,0.35,0.33499999999999996,81,71,41.22336,41.1012,0.12216000000000093,True
277,0.35-0.40,0.35,0.4,0.375,98,66,41.46099,41.3794,0.0815900000000056,True
277,0.40-0.50,0.4,0.5,0.45,205,100,41.99291,41.8131,0.17981000000000336,True
277,0.50-0.60,0.5,0.6,0.55,232,83,42.47726,42.3205,0.15675999999999846,True
277,0.60-0.70,0.6,0.7,0.6499999999999999,221,56,42.93321,42.7805,0.152709999999999,True
277,0.70-0.80,0.7,0.8,0.75,95,47,43.32008,43.1675,0.15258000000000038,True
277,0.80-1.00,0.8,1.0,0.9,85,7,43.66049,43.5331,0.12739000000000544,True
278,0.00-0.05,0.0,0.05,0.025,106,646,36.02516,35.2665,0.758659999999999,True
278,0.05-0.10,0.05,0.1,0.07500000000000001,45,97,37.2229,37.1925,0.030400000000000205,True
278,0.10-0.15,0.1,0.15,0.125,13,86,38.87889,38.802,0.07688999999999879,True
278,0.15-0.20,0.15,0.2,0.175,20,123,39.69446,39.5427,0.1517599999999959,True
278,0.20-0.25,0.2,0.25,0.225,52,140,40.25572,40.1351,0.12061999999999529,True
278,0.25-0.28,0.25,0.28,0.265,38,72,40.67029,40.5139,0.1563900000000018,True
278,0.28-0.32,0.28,0.32,0.30000000000000004,62,100,40.89713,40.9018,-0.004670000000004393,True
278,0.32-0.35,0.32,0.35,0.33499999999999996,81,71,41.21254,41.1012,0.11133999999999844,True
278,0.35-0.40,0.35,0.4,0.375,98,66,41.45362,41.3794,0.07422000000000395,True
278,0.40-0.50,0.4,0.5,0.45,205,100,41.99333,41.8131,0.18023000000000167,True
278,0.50-0.60,0.5,0.6,0.55,232,83,42.44977,42.3205,0.12926999999999822,True
278,0.60-0.70,0.6,0.7,0.6499999999999999,221,56,42.92792,42.7805,0.14741999999999678,True
278,0.70-0.80,0.7,0.8,0.75,95,47,43.31795,43.1675,0.1504500000000064,True
278,0.80-1.00,0.8,1.0,0.9,85,7,43.66049,43.5331,0.12739000000000544,True
279,0.00-0.05,0.0,0.05,0.025,106,646,35.99892,35.2665,0.7324199999999976,True
279,0.05-0.10,0.05,0.1,0.07500000000000001,45,97,37.20911,37.1925,0.016610000000000014,True
279,0.10-0.15,0.1,0.15,0.125,13,86,38.87889,38.802,0.07688999999999879,True
279,0.15-0.20,0.15,0.2,0.175,20,123,39.74864,39.5427,0.20593999999999824,True
279,0.20-0.25,0.2,0.25,0.225,52,140,40.24144,40.1351,0.10633999999999588,True
279,0.25-0.28,0.25,0.28,0.265,38,72,40.65338,40.5139,0.13947999999999894,True
279,0.28-0.32,0.28,0.32,0.30000000000000004,62,100,40.93882,40.9018,0.037019999999998277,True
279,0.32-0.35,0.32,0.35,0.33499999999999996,81,71,41.20996,41.1012,0.10876000000000374,True
279,0.35-0.40,0.35,0.4,0.375,98,66,41.46099,41.3794,0.0815900000000056,True
279,0.40-0.50,0.4,0.5,0.45,205,100,41.98488,41.8131,0.17177999999999827,True
279,0.50-0.60,0.5,0.6,0.55,232,83,42.45886,42.3205,0.1383599999999987,True
279,0.60-0.70,0.6,0.7,0.6499999999999999,221,56,42.92792,42.7805,0.14741999999999678,True
279,0.70-0.80,0.7,0.8,0.75,95,47,43.31795,43.1675,0.1504500000000064,True
279,0.80-1.00,0.8,1.0,0.9,85,7,43.66049,43.5331,0.12739000000000544,True
280,0.00-0.05,0.0,0.05,0.025,106,646,36.01851,35.2665,0.7520099999999985,True
280,0.05-0.10,0.05,0.1,0.07500000000000001,45,97,37.1975,37.1925,0.0049999999999954525,True
280,0.10-0.15,0.1,0.15,0.125,13,86,38.87889,38.802,0.07688999999999879,True
280,0.15-0.20,0.15,0.2,0.175,20,123,39.74864,39.5427,0.20593999999999824,True
280,0.20-0.25,0.2,0.25,0.225,52,140,40.26232,40.1351,0.12722000000000122,True
280,0.25-0.28,0.25,0.28,0.265,38,72,40.6088,40.5139,0.09490000000000265,True
280,0.28-0.32,0.28,0.32,0.30000000000000004,62,100,40.99129,40.9018,0.08948999999999785,True
280,0.32-0.35,0.32,0.35,0.33499999999999996,81,71,41.21681,41.1012,0.11561000000000377,True
280,0.35-0.40,0.35,0.4,0.375,98,66,41.45362,41.3794,0.07422000000000395,True
280,0.40-0.50,0.4,0.5,0.45,205,100,41.96879,41.8131,0.15568999999999988,True
280,0.50-0.60,0.5,0.6,0.55,232,83,42.45886,42.3205,0.1383599999999987,True
280,0.60-0.70,0.6,0.7,0.6499999999999999,221,56,42.92792,42.7805,0.14741999999999678,True
280,0.70-0.80,0.7,0.8,0.75,95,47,43.32008,43.1675,0.15258000000000038,True
280,0.80-1.00,0.8,1.0,0.9,85,7,43.72233,43.5331,0.189230000000002,True
281,0.00-0.05,0.0,0.05,0.025,106,646,36.01851,35.2665,0.7520099999999985,True
281,0.05-0.10,0.05,0.1,0.07500000000000001,45,97,37.36244,37.1925,0.16993999999999687,True
281,0.10-0.15,0.1,0.15,0.125,13,86,38.89598,38.802,0.09398000000000195,True
281,0.15-0.20,0.15,0.2,0.175,20,123,39.69446,39.5427,0.1517599999999959,True
281,0.20-0.25,0.2,0.25,0.225,52,140,40.28881,40.1351,0.15370999999999668,True
281,0.25-0.28,0.25,0.28,0.265,38,72,40.66311,40.5139,0.14921000000000362,True
281,0.28-0.32,0.28,0.32,0.30000000000000004,62,100,40.93181,40.9018,0.030009999999997206,True
281,0.32-0.35,0.32,0.35,0.33499999999999996,81,71,41.22103,41.1012,0.11983000000000033,True
281,0.35-0.40,0.35,0.4,0.375,98,66,41.45362,41.3794,0.07422000000000395,True
281,0.40-0.50,0.4,0.5,0.45,205,100,41.96742,41.8131,0.15431999999999846,True
281,0.50-0.60,0.5,0.6,0.55,232,83,42.4499,42.3205,0.12939999999999685,True
281,0.60-0.70,0.6,0.7,0.6499999999999999,221,56,42.92792,42.7805,0.14741999999999678,True
281,0.70-0.80,0.7,0.8,0.75,95,47,43.30862,43.1675,0.1411200000000008,True
281,0.80-1.00,0.8,1.0,0.9,85,7,43.63286,43.5331,0.0997600000000034,True
282,0.00-0.05,0.0,0.05,0.025,106,646,36.02516,35.2665,0.758659999999999,True
282,0.05-0.10,0.05,0.1,0.07500000000000001,45,97,37.36253,37.1925,0.17002999999999702,True
282,0.10-0.15,0.1,0.15,0.125,13,86,39.00672,38.802,0.2047200000000018,True
282,0.15-0.20,0.15,0.2,0.175,20,123,39.78048,39.5427,0.23777999999999366,True
282,0.20-0.25,0.2,0.25,0.225,52,140,40.25572,40.1351,0.12061999999999529,True
282,0.25-0.28,0.25,0.28,0.265,38,72,40.66311,40.5139,0.14921000000000362,True
282,0.28-0.32,0.28,0.32,0.30000000000000004,62,100,40.90452,40.9018,0.002719999999996503,True
282,0.32-0.35,0.32,0.35,0.33499999999999996,81,71,41.21254,41.1012,0.11133999999999844,True
282,0.35-0.40,0.35,0.4,0.375,98,66,41.47386,41.3794,0.0944600000000051,True
282,0.40-0.50,0.4,0.5,0.45,205,100,41.98253,41.8131,0.16942999999999842,True
282,0.50-0.60,0.5,0.6,0.55,232,83,42.4688,42.3205,0.148299999999999,True
282,0.60-0.70,0.6,0.7,0.6499999999999999,221,56,42.93812,42.7805,0.15761999999999432,True
282,0.70-0.80,0.7,0.8,0.75,95,47,43.30747,43.1675,0.13997000000000526,True
282,0.80-1.00,0.8,1.0,0.9,85,7,43.70035,43.5331,0.16725000000000279,True
283,0.00-0.05,0.0,0.05,0.025,106,646,36.02516,35.2665,0.758659999999999,True
283,0.05-0.10,0.05,0.1,0.07500000000000001,45,97,37.36177,37.1925,0.16926999999999737,True
283,0.10-0.15,0.1,0.15,0.125,13,86,39.29023,38.802,0.4882300000000015,True
283,0.15-0.20,0.15,0.2,0.175,20,123,39.78048,39.5427,0.23777999999999366,True
283,0.20-0.25,0.2,0.25,0.225,52,140,40.26524,40.1351,0.13013999999999726,True
283,0.25-0.28,0.25,0.28,0.265,38,72,40.6088,40.5139,0.09490000000000265,True
283,0.28-0.32,0.28,0.32,0.30000000000000004,62,100,40.93882,40.9018,0.037019999999998277,True
283,0.32-0.35,0.32,0.35,0.33499999999999996,81,71,41.21254,41.1012,0.11133999999999844,True
283,0.35-0.40,0.35,0.4,0.375,98,66,41.42987,41.3794,0.050470000000004234,True
283,0.40-0.50,0.4,0.5,0.45,205,100,41.96821,41.8131,0.15511000000000053,True
283,0.50-0.60,0.5,0.6,0.55,232,83,42.47573,42.3205,0.15522999999999598,True
283,0.60-0.70,0.6,0.7,0.6499999999999999,221,56,42.92854,42.7805,0.14803999999999462,True
283,0.70-0.80,0.7,0.8,0.75,95,47,43.30631,43.1675,0.13881000000000654,True
283,0.80-1.00,0.8,1.0,0.9,85,7,43.66049,43.5331,0.12739000000000544,True
284,0.00-0.05,0.0,0.05,0.025,106,646,36.01851,35.2665,0.7520099999999985,True
284,0.05-0.10,0.05,0.1,0.07500000000000001,45,97,37.20911,37.1925,0.016610000000000014,True
284,0.10-0.15,0.1,0.15,0.125,13,86,38.87889,38.802,0.07688999999999879,True
284,0.15-0.20,0.15,0.2,0.175,20,123,39.74864,39.5427,0.20593999999999824,True
284,0.20-0.25,0.2,0.25,0.225,52,140,40.25625,40.1351,0.12115000000000009,True
284,0.25-0.28,0.25,0.28,0.265,38,72,40.66634,40.5139,0.15243999999999858,True
284,0.28-0.32,0.28,0.32,0.30000000000000004,62,100,40.93472,40.9018,0.032919999999997174,True
284,0.32-0.35,0.32,0.35,0.33499999999999996,81,71,41.22336,41.1012,0.12216000000000093,True
284,0.35-0.40,0.35,0.4,0.375,98,66,41.44872,41.3794,0.06932000000000471,True
284,0.40-0.50,0.4,0.5,0.45,205,100,41.97567,41.8131,0.16257000000000232,True
284,0.50-0.60,0.5,0.6,0.55,232,83,42.4688,42.3205,0.148299999999999,True
284,0.60-0.70,0.6,0.7,0.6499999999999999,221,56,42.92792,42.7805,0.14741999999999678,True
284,0.70-0.80,0.7,0.8,0.75,95,47,43.32792,43.1675,0.160420000000002,True
284,0.80-1.00,0.8,1.0,0.9,85,7,43.66049,43.5331,0.12739000000000544,True
285,0.00-0.05,0.0,0.05,0.025,106,646,36.02516,35.2665,0.758659999999999,True
285,0.05-0.10,0.05,0.1,0.07500000000000001,45,97,37.2229,37.1925,0.030400000000000205,True
285,0.10-0.15,0.1,0.15,0.125,13,86,39.16841,38.802,0.3664100000000019,True
285,0.15-0.20,0.15,0.2,0.175,20,123,39.74864,39.5427,0.20593999999999824,True
285,0.20-0.25,0.2,0.25,0.225,52,140,40.26524,40.1351,0.13013999999999726,True
285,0.25-0.28,0.25,0.28,0.265,38,72,40.69707,40.5139,0.18316999999999695,True
285,0.28-0.32,0.28,0.32,0.30000000000000004,62,100,40.90452,40.9018,0.002719999999996503,True
285,0.32-0.35,0.32,0.35,0.33499999999999996,81,71,41.21969,41.1012,0.11849000000000132,True
285,0.35-0.40,0.35,0.4,0.375,98,66,41.45362,41.3794,0.07422000000000395,True
285,0.40-0.50,0.4,0.5,0.45,205,100,41.98488,41.8131,0.17177999999999827,True
285,0.50-0.60,0.5,0.6,0.55,232,83,42.47192,42.3205,0.15141999999999456,True
285,0.60-0.70,0.6,0.7,0.6499999999999999,221,56,42.92792,42.7805,0.14741999999999678,True
285,0.70-0.80,0.7,0.8,0.75,95,47,43.31795,43.1675,0.1504500000000064,True
285,0.80-1.00,0.8,1.0,0.9,85,7,43.72233,43.5331,0.189230000000002,True
286,0.00-0.05,0.0,0.05,0.025,106,646,35.99892,35.2665,0.7324199999999976,True
286,0.05-0.10,0.05,0.1,0.07500000000000001,45,97,37.20488,37.1925,0.01238000000000028,True
286,0.10-0.15,0.1,0.15,0.125,13,86,38.98171,38.802,0.17971000000000004,True
286,0.15-0.20,0.15,0.2,0.175,20,123,39.78048,39.5427,0.23777999999999366,True
286,0.20-0.25,0.2,0.25,0.225,52,140,40.25625,40.1351,0.12115000000000009,True
286,0.25-0.28,0.25,0.28,0.265,38,72,40.66311,40.5139,0.14921000000000362,True
286,0.28-0.32,0.28,0.32,0.30000000000000004,62,100,40.99129,40.9018,0.08948999999999785,True
286,0.32-0.35,0.32,0.35,0.33499999999999996,81,71,41.22336,41.1012,0.12216000000000093,True
286,0.35-0.40,0.35,0.4,0.375,98,66,41.43008,41.3794,0.050679999999999836,True
286,0.40-0.50,0.4,0.5,0.45,205,100,41.99253,41.8131,0.17943000000000353,True
286,0.50-0.60,0.5,0.6,0.55,232,83,42.4688,42.3205,0.148299999999999,True
286,0.60-0.70,0.6,0.7,0.6499999999999999,221,56,42.92792,42.7805,0.14741999999999678,True
286,0.70-0.80,0.7,0.8,0.75,95,47,43.32792,43.1675,0.160420000000002,True
286,0.80-1.00,0.8,1.0,0.9,85,7,43.64144,43.5331,0.10834000000000543,True
287,0.00-0.05,0.0,0.05,0.025,106,646,36.04309,35.2665,0.7765899999999988,True
287,0.05-0.10,0.05,0.1,0.07500000000000001,45,97,37.2229,37.1925,0.030400000000000205,True
287,0.10-0.15,0.1,0.15,0.125,13,86,39.16841,38.802,0.3664100000000019,True
287,0.15-0.20,0.15,0.2,0.175,20,123,39.78048,39.5427,0.23777999999999366,True
287,0.20-0.25,0.2,0.25,0.225,52,140,40.26524,40.1351,0.13013999999999726,True
287,0.25-0.28,0.25,0.28,0.265,38,72,40.67029,40.5139,0.1563900000000018,True
287,0.28-0.32,0.28,0.32,0.30000000000000004,62,100,40.93882,40.9018,0.037019999999998277,True
287,0.32-0.35,0.32,0.35,0.33499999999999996,81,71,41.21681,41.1012,0.11561000000000377,True
287,0.35-0.40,0.35,0.4,0.375,98,66,41.46099,41.3794,0.0815900000000056,True
287,0.40-0.50,0.4,0.5,0.45,205,100,41.96879,41.8131,0.15568999999999988,True
287,0.50-0.60,0.5,0.6,0.55,232,83,42.47192,42.3205,0.15141999999999456,True
287,0.60-0.70,0.6,0.7,0.6499999999999999,221,56,42.93321,42.7805,0.152709999999999,True
287,0.70-0.80,0.7,0.8,0.75,95,47,43.32008,43.1675,0.15258000000000038,True
287,0.80-1.00,0.8,1.0,0.9,85,7,43.64144,43.5331,0.10834000000000543,True
288,0.00-0.05,0.0,0.05,0.025,106,646,36.01851,35.2665,0.7520099999999985,True
288,0.05-0.10,0.05,0.1,0.07500000000000001,45,97,37.36253,37.1925,0.17002999999999702,True
288,0.10-0.15,0.1,0.15,0.125,13,86,38.89598,38.802,0.09398000000000195,True
288,0.15-0.20,0.15,0.2,0.175,20,123,39.60073,39.5427,0.05802999999999514,True
288,0.20-0.25,0.2,0.25,0.225,52,140,40.26777,40.1351,0.1326699999999974,True
288,0.25-0.28,0.25,0.28,0.265,38,72,40.66311,40.5139,0.14921000000000362,True
288,0.28-0.32,0.28,0.32,0.30000000000000004,62,100,40.93135,40.9018,0.02955000000000041,True
288,0.32-0.35,0.32,0.35,0.33499999999999996,81,71,41.22336,41.1012,0.12216000000000093,True
288,0.35-0.40,0.35,0.4,0.375,98,66,41.46815,41.3794,0.08875000000000455,True
288,0.40-0.50,0.4,0.5,0.45,205,100,41.96879,41.8131,0.15568999999999988,True
288,0.50-0.60,0.5,0.6,0.55,232,83,42.45886,42.3205,0.1383599999999987,True
288,0.60-0.70,0.6,0.7,0.6499999999999999,221,56,42.92792,42.7805,0.14741999999999678,True
288,0.70-0.80,0.7,0.8,0.75,95,47,43.32008,43.1675,0.15258000000000038,True
288,0.80-1.00,0.8,1.0,0.9,85,7,43.68398,43.5331,0.1508800000000008,True
289,0.00-0.05,0.0,0.05,0.025,106,646,36.05893,35.2665,0.792429999999996,True
289,0.05-0.10,0.05,0.1,0.07500000000000001,45,97,37.36659,37.1925,0.17408999999999963,True
289,0.10-0.15,0.1,0.15,0.125,13,86,38.89598,38.802,0.09398000000000195,True
289,0.15-0.20,0.15,0.2,0.175,20,123,39.74864,39.5427,0.20593999999999824,True
289,0.20-0.25,0.2,0.25,0.225,52,140,40.26777,40.1351,0.1326699999999974,True
289,0.25-0.28,0.25,0.28,0.265,38,72,40.6088,40.5139,0.09490000000000265,True
289,0.28-0.32,0.28,0.32,0.30000000000000004,62,100,40.93472,40.9018,0.032919999999997174,True
289,0.32-0.35,0.32,0.35,0.33499999999999996,81,71,41.21969,41.1012,0.11849000000000132,True
289,0.35-0.40,0.35,0.4,0.375,98,66,41.45362,41.3794,0.07422000000000395,True
289,0.40-0.50,0.4,0.5,0.45,205,100,41.98288,41.8131,0.16978000000000293,True
289,0.50-0.60,0.5,0.6,0.55,232,83,42.4688,42.3205,0.148299999999999,True
289,0.60-0.70,0.6,0.7,0.6499999999999999,221,56,42.92792,42.7805,0.14741999999999678,True
289,0.70-0.80,0.7,0.8,0.75,95,47,43.32792,43.1675,0.160420000000002,True
289,0.80-1.00,0.8,1.0,0.9,85,7,43.72467,43.5331,0.1915700000000058,True
290,0.00-0.05,0.0,0.05,0.025,106,646,36.01068,35.2665,0.7441800000000001,True
290,0.05-0.10,0.05,0.1,0.07500000000000001,45,97,37.1975,37.1925,0.0049999999999954525,True
290,0.10-0.15,0.1,0.15,0.125,13,86,39.29023,38.802,0.4882300000000015,True
290,0.15-0.20,0.15,0.2,0.175,20,123,39.74864,39.5427,0.20593999999999824,True
290,0.20-0.25,0.2,0.25,0.225,52,140,40.25572,40.1351,0.12061999999999529,True
290,0.25-0.28,0.25,0.28,0.265,38,72,40.66582,40.5139,0.15191999999999695,True
290,0.28-0.32,0.28,0.32,0.30000000000000004,62,100,40.95914,40.9018,0.057339999999996394,True
290,0.32-0.35,0.32,0.35,0.33499999999999996,81,71,41.22336,41.1012,0.12216000000000093,True
290,0.35-0.40,0.35,0.4,0.375,98,66,41.44377,41.3794,0.06437000000000381,True
290,0.40-0.50,0.4,0.5,0.45,205,100,41.98253,41.8131,0.16942999999999842,True
290,0.50-0.60,0.5,0.6,0.55,232,83,42.47573,42.3205,0.15522999999999598,True
290,0.60-0.70,0.6,0.7,0.6499999999999999,221,56,42.92854,42.7805,0.14803999999999462,True
290,0.70-0.80,0.7,0.8,0.75,95,47,43.32008,43.1675,0.15258000000000038,True
290,0.80-1.00,0.8,1.0,0.9,85,7,43.66835,43.5331,0.1352499999999992,True
291,0.00-0.05,0.0,0.05,0.025,106,646,35.9573,35.2665,0.6907999999999959,True
291,0.05-0.10,0.05,0.1,0.07500000000000001,45,97,37.1975,37.1925,0.0049999999999954525,True
291,0.10-0.15,0.1,0.15,0.125,13,86,39.16841,38.802,0.3664100000000019,True
291,0.15-0.20,0.15,0.2,0.175,20,123,39.74864,39.5427,0.20593999999999824,True
291,0.20-0.25,0.2,0.25,0.225,52,140,40.25625,40.1351,0.12115000000000009,True
291,0.25-0.28,0.25,0.28,0.265,38,72,40.65338,40.5139,0.13947999999999894,True
291,0.28-0.32,0.28,0.32,0.30000000000000004,62,100,40.93472,40.9018,0.032919999999997174,True
291,0.32-0.35,0.32,0.35,0.33499999999999996,81,71,41.21969,41.1012,0.11849000000000132,True
291,0.35-0.40,0.35,0.4,0.375,98,66,41.44377,41.3794,0.06437000000000381,True
291,0.40-0.50,0.4,0.5,0.45,205,100,41.99425,41.8131,0.18115000000000236,True
291,0.50-0.60,0.5,0.6,0.55,232,83,42.48074,42.3205,0.1602399999999946,True
291,0.60-0.70,0.6,0.7,0.6499999999999999,221,56,42.92792,42.7805,0.14741999999999678,True
291,0.70-0.80,0.7,0.8,0.75,95,47,43.33248,43.1675,0.1649799999999999,True
291,0.80-1.00,0.8,1.0,0.9,85,7,43.66049,43.5331,0.12739000000000544,True
292,0.00-0.05,0.0,0.05,0.025,106,646,36.01851,35.2665,0.7520099999999985,True
292,0.05-0.10,0.05,0.1,0.07500000000000001,45,97,37.20911,37.1925,0.016610000000000014,True
292,0.10-0.15,0.1,0.15,0.125,13,86,38.98171,38.802,0.17971000000000004,True
292,0.15-0.20,0.15,0.2,0.175,20,123,39.8153,39.5427,0.27259999999999707,True
292,0.20-0.25,0.2,0.25,0.225,52,140,40.25572,40.1351,0.12061999999999529,True
292,0.25-0.28,0.25,0.28,0.265,38,72,40.66634,40.5139,0.15243999999999858,True
292,0.28-0.32,0.28,0.32,0.30000000000000004,62,100,40.93181,40.9018,0.030009999999997206,True
292,0.32-0.35,0.32,0.35,0.33499999999999996,81,71,41.22103,41.1012,0.11983000000000033,True
292,0.35-0.40,0.35,0.4,0.375,98,66,41.45362,41.3794,0.07422000000000395,True
292,0.40-0.50,0.4,0.5,0.45,205,100,41.9952,41.8131,0.18209999999999837,True
292,0.50-0.60,0.5,0.6,0.55,232,83,42.46451,42.3205,0.14400999999999442,True
292,0.60-0.70,0.6,0.7,0.6499999999999999,221,56,42.92792,42.7805,0.14741999999999678,True
292,0.70-0.80,0.7,0.8,0.75,95,47,43.33248,43.1675,0.1649799999999999,True
292,0.80-1.00,0.8,1.0,0.9,85,7,43.68398,43.5331,0.1508800000000008,True
293,0.00-0.05,0.0,0.05,0.025,106,646,36.00728,35.2665,0.7407800000000009,True
293,0.05-0.10,0.05,0.1,0.07500000000000001,45,97,37.36244,37.1925,0.16993999999999687,True
293,0.10-0.15,0.1,0.15,0.125,13,86,39.00672,38.802,0.2047200000000018,True
293,0.15-0.20,0.15,0.2,0.175,20,123,39.8153,39.5427,0.27259999999999707,True
293,0.20-0.25,0.2,0.25,0.225,52,140,40.26524,40.1351,0.13013999999999726,True
293,0.25-0.28,0.25,0.28,0.265,38,72,40.65338,40.5139,0.13947999999999894,True
293,0.28-0.32,0.28,0.32,0.30000000000000004,62,100,40.93472,40.9018,0.032919999999997174,True
293,0.32-0.35,0.32,0.35,0.33499999999999996,81,71,41.22103,41.1012,0.11983000000000033,True
293,0.35-0.40,0.35,0.4,0.375,98,66,41.45703,41.3794,0.0776300000000063,True
293,0.40-0.50,0.4,0.5,0.45,205,100,41.96627,41.8131,0.15317000000000291,True
293,0.50-0.60,0.5,0.6,0.55,232,83,42.48339,42.3205,0.16288999999999731,True
293,0.60-0.70,0.6,0.7,0.6499999999999999,221,56,42.92792,42.7805,0.14741999999999678,True
293,0.70-0.80,0.7,0.8,0.75,95,47,43.33248,43.1675,0.1649799999999999,True
293,0.80-1.00,0.8,1.0,0.9,85,7,43.68398,43.5331,0.1508800000000008,True
294,0.00-0.05,0.0,0.05,0.025,106,646,36.01068,35.2665,0.7441800000000001,True
294,0.05-0.10,0.05,0.1,0.07500000000000001,45,97,37.15499,37.1925,-0.037510000000004595,True
294,0.10-0.15,0.1,0.15,0.125,13,86,39.00672,38.802,0.2047200000000018,True
294,0.15-0.20,0.15,0.2,0.175,20,123,39.78048,39.5427,0.23777999999999366,True
294,0.20-0.25,0.2,0.25,0.225,52,140,40.26524,40.1351,0.13013999999999726,True
294,0.25-0.28,0.25,0.28,0.265,38,72,40.66634,40.5139,0.15243999999999858,True
294,0.28-0.32,0.28,0.32,0.30000000000000004,62,100,40.93935,40.9018,0.037549999999995975,True
294,0.32-0.35,0.32,0.35,0.33499999999999996,81,71,41.21681,41.1012,0.11561000000000377,True
294,0.35-0.40,0.35,0.4,0.375,98,66,41.46815,41.3794,0.08875000000000455,True
294,0.40-0.50,0.4,0.5,0.45,205,100,41.99253,41.8131,0.17943000000000353,True
294,0.50-0.60,0.5,0.6,0.55,232,83,42.45886,42.3205,0.1383599999999987,True
294,0.60-0.70,0.6,0.7,0.6499999999999999,221,56,42.92792,42.7805,0.14741999999999678,True
294,0.70-0.80,0.7,0.8,0.75,95,47,43.31795,43.1675,0.1504500000000064,True
294,0.80-1.00,0.8,1.0,0.9,85,7,43.68398,43.5331,0.1508800000000008,True
295,0.00-0.05,0.0,0.05,0.025,106,646,36.04309,35.2665,0.7765899999999988,True
295,0.05-0.10,0.05,0.1,0.07500000000000001,45,97,37.36659,37.1925,0.17408999999999963,True
295,0.10-0.15,0.1,0.15,0.125,13,86,38.87889,38.802,0.07688999999999879,True
295,0.15-0.20,0.15,0.2,0.175,20,123,39.8153,39.5427,0.27259999999999707,True
295,0.20-0.25,0.2,0.25,0.225,52,140,40.24418,40.1351,0.10907999999999873,True
295,0.25-0.28,0.25,0.28,0.265,38,72,40.65338,40.5139,0.13947999999999894,True
295,0.28-0.32,0.28,0.32,0.30000000000000004,62,100,40.93472,40.9018,0.032919999999997174,True
295,0.32-0.35,0.32,0.35,0.33499999999999996,81,71,41.21681,41.1012,0.11561000000000377,True
295,0.35-0.40,0.35,0.4,0.375,98,66,41.46815,41.3794,0.08875000000000455,True
295,0.40-0.50,0.4,0.5,0.45,205,100,41.97567,41.8131,0.16257000000000232,True
295,0.50-0.60,0.5,0.6,0.55,232,83,42.4688,42.3205,0.148299999999999,True
295,0.60-0.70,0.6,0.7,0.6499999999999999,221,56,42.92792,42.7805,0.14741999999999678,True
295,0.70-0.80,0.7,0.8,0.75,95,47,43.32792,43.1675,0.160420000000002,True
295,0.80-1.00,0.8,1.0,0.9,85,7,43.68398,43.5331,0.1508800000000008,True
296,0.00-0.05,0.0,0.05,0.025,106,646,36.02516,35.2665,0.758659999999999,True
296,0.05-0.10,0.05,0.1,0.07500000000000001,45,97,37.34903,37.1925,0.1565299999999965,True
296,0.10-0.15,0.1,0.15,0.125,13,86,38.87889,38.802,0.07688999999999879,True
296,0.15-0.20,0.15,0.2,0.175,20,123,39.69446,39.5427,0.1517599999999959,True
296,0.20-0.25,0.2,0.25,0.225,52,140,40.25572,40.1351,0.12061999999999529,True
296,0.25-0.28,0.25,0.28,0.265,38,72,40.67029,40.5139,0.1563900000000018,True
296,0.28-0.32,0.28,0.32,0.30000000000000004,62,100,40.93472,40.9018,0.032919999999997174,True
296,0.32-0.35,0.32,0.35,0.33499999999999996,81,71,41.22103,41.1012,0.11983000000000033,True
296,0.35-0.40,0.35,0.4,0.375,98,66,41.44162,41.3794,0.062220000000003495,True
296,0.40-0.50,0.4,0.5,0.45,205,100,41.99253,41.8131,0.17943000000000353,True
296,0.50-0.60,0.5,0.6,0.55,232,83,42.48074,42.3205,0.1602399999999946,True
296,0.60-0.70,0.6,0.7,0.6499999999999999,221,56,42.92792,42.7805,0.14741999999999678,True
296,0.70-0.80,0.7,0.8,0.75,95,47,43.31795,43.1675,0.1504500000000064,True
296,0.80-1.00,0.8,1.0,0.9,85,7,43.70035,43.5331,0.16725000000000279,True
297,0.00-0.05,0.0,0.05,0.025,106,646,36.00256,35.2665,0.7360600000000019,True
297,0.05-0.10,0.05,0.1,0.07500000000000001,45,97,37.20488,37.1925,0.01238000000000028,True
297,0.10-0.15,0.1,0.15,0.125,13,86,38.87889,38.802,0.07688999999999879,True
297,0.15-0.20,0.15,0.2,0.175,20,123,39.78048,39.5427,0.23777999999999366,True
297,0.20-0.25,0.2,0.25,0.225,52,140,40.25625,40.1351,0.12115000000000009,True
297,0.25-0.28,0.25,0.28,0.265,38,72,40.6088,40.5139,0.09490000000000265,True
297,0.28-0.32,0.28,0.32,0.30000000000000004,62,100,40.93472,40.9018,0.032919999999997174,True
297,0.32-0.35,0.32,0.35,0.33499999999999996,81,71,41.22274,41.1012,0.12154000000000309,True
297,0.35-0.40,0.35,0.4,0.375,98,66,41.44377,41.3794,0.06437000000000381,True
297,0.40-0.50,0.4,0.5,0.45,205,100,41.96487,41.8131,0.15176999999999907,True
297,0.50-0.60,0.5,0.6,0.55,232,83,42.47726,42.3205,0.15675999999999846,True
297,0.60-0.70,0.6,0.7,0.6499999999999999,221,56,42.92792,42.7805,0.14741999999999678,True
297,0.70-0.80,0.7,0.8,0.75,95,47,43.34886,43.1675,0.18136000000000507,True
297,0.80-1.00,0.8,1.0,0.9,85,7,43.66049,43.5331,0.12739000000000544,True
298,0.00-0.05,0.0,0.05,0.025,106,646,36.02516,35.2665,0.758659999999999,True
298,0.05-0.10,0.05,0.1,0.07500000000000001,45,97,37.39806,37.1925,0.2055599999999984,True
298,0.10-0.15,0.1,0.15,0.125,13,86,38.89598,38.802,0.09398000000000195,True
298,0.15-0.20,0.15,0.2,0.175,20,123,39.8153,39.5427,0.27259999999999707,True
298,0.20-0.25,0.2,0.25,0.225,52,140,40.24144,40.1351,0.10633999999999588,True
298,0.25-0.28,0.25,0.28,0.265,38,72,40.66634,40.5139,0.15243999999999858,True
298,0.28-0.32,0.28,0.32,0.30000000000000004,62,100,40.93135,40.9018,0.02955000000000041,True
298,0.32-0.35,0.32,0.35,0.33499999999999996,81,71,41.21681,41.1012,0.11561000000000377,True
298,0.35-0.40,0.35,0.4,0.375,98,66,41.44377,41.3794,0.06437000000000381,True
298,0.40-0.50,0.4,0.5,0.45,205,100,41.96742,41.8131,0.15431999999999846,True
298,0.50-0.60,0.5,0.6,0.55,232,83,42.47726,42.3205,0.15675999999999846,True
298,0.60-0.70,0.6,0.7,0.6499999999999999,221,56,42.92792,42.7805,0.14741999999999678,True
298,0.70-0.80,0.7,0.8,0.75,95,47,43.30862,43.1675,0.1411200000000008,True
298,0.80-1.00,0.8,1.0,0.9,85,7,43.65009,43.5331,0.11699000000000126,True
299,0.00-0.05,0.0,0.05,0.025,106,646,36.01068,35.2665,0.7441800000000001,True
299,0.05-0.10,0.05,0.1,0.07500000000000001,45,97,37.36253,37.1925,0.17002999999999702,True
299,0.10-0.15,0.1,0.15,0.125,13,86,39.29023,38.802,0.4882300000000015,True
299,0.15-0.20,0.15,0.2,0.175,20,123,39.74864,39.5427,0.20593999999999824,True
299,0.20-0.25,0.2,0.25,0.225,52,140,40.25625,40.1351,0.12115000000000009,True
299,0.25-0.28,0.25,0.28,0.265,38,72,40.6088,40.5139,0.09490000000000265,True
299,0.28-0.32,0.28,0.32,0.30000000000000004,62,100,40.93181,40.9018,0.030009999999997206,True
299,0.32-0.35,0.32,0.35,0.33499999999999996,81,71,41.21254,41.1012,0.11133999999999844,True
299,0.35-0.40,0.35,0.4,0.375,98,66,41.44162,41.3794,0.062220000000003495,True
299,0.40-0.50,0.4,0.5,0.45,205,100,41.96879,41.8131,0.15568999999999988,True
299,0.50-0.60,0.5,0.6,0.55,232,83,42.45886,42.3205,0.1383599999999987,True
299,0.60-0.70,0.6,0.7,0.6499999999999999,221,56,42.92792,42.7805,0.14741999999999678,True
299,0.70-0.80,0.7,0.8,0.75,95,47,43.31795,43.1675,0.1504500000000064,True
299,0.80-1.00,0.8,1.0,0.9,85,7,43.66835,43.5331,0.1352499999999992,True
