catalog,cid,z,mu_obs,muerr,weight,observed_distance_mly,lcdm_mu,stam_adjusted_union_mu,stam_adjusted_des_mu,stam_unadjusted_mu_equiv,resid_lcdm_mu,resid_stam_adjusted_union_mu,resid_stam_adjusted_des_mu,resid_stam_unadjusted_mu
DES,2004ef,0.03012,35.5473,0.1369,53.357208905745026,419.6486932094469,35.60246782310411,35.54902782862875,35.696588076797866,35.47036506356277,-0.05516782310410662,-0.0017278286287520928,-0.14928807679786615,0.07693493643723315
DES,2007nq,0.04349,36.36083,0.0883,128.2562662805298,610.3681664517406,36.42145691221122,36.36059237162757,36.50724266342756,36.27236824335415,-0.06062691221121952,0.00023762837243168633,-0.14641266342756154,0.08846175664584877
DES,2006az,0.03201,35.60595,0.0962,108.05624111237418,431.1375754127502,35.73765999554857,35.6831506028854,35.830581533487404,35.60313135377723,-0.13170999554856877,-0.07720060288539798,-0.22463153348740406,0.0028186462227708375
DES,2007is,0.02866,35.58174,0.1241,64.9316496989444,426.35746863252314,35.4922208591139,35.43961148497894,35.58727178473367,35.36199769103779,0.0895191408861038,0.1421285150210636,-0.005531784733669554,0.2197423089622106
DES,2008gb,0.03796,36.20641,0.1163,73.93338158718704,568.4704248188903,36.117374236114486,36.05954107891385,36.206566375125725,35.97526192383296,0.08903576388551215,0.14686892108614558,-0.00015637512572652668,0.23114807616703814
DES,2007ux,0.03264,35.67592,0.1568,40.673157017909205,445.25609697703055,35.780993394041225,35.72612899964592,35.873516874765826,35.645657947426095,-0.10507339404122717,-0.050208999645924735,-0.19759687476582855,0.03026205257390302
DES,2002hd,0.03134,36.00315,0.1791,31.175169850119133,517.673430010627,35.690650354831604,35.63651930634761,35.78399605373377,35.55698074271834,0.3124996451683941,0.36663069365238954,0.21915394626622486,0.44616925728166024
DES,2006is,0.03071,35.72373,0.1121,79.57722213424518,455.1681604663306,35.64554153783162,35.59176700161486,35.73928685644974,35.51268061067316,0.07818846216838438,0.13196299838514136,-0.015556856449734369,0.21104938932684547
DES,2004gu,0.04664,36.54971,0.1315,57.829374430742085,665.8369236256893,36.57826487493384,36.51569821073896,36.6621357467001,36.42523304543937,-0.02855487493384601,0.03401178926103654,-0.11242574670010441,0.12447695456062746
DES,2005eq,0.02823,35.63531,0.1201,69.32884821904588,437.0064782383621,35.458700338589374,35.40633635307568,35.55402614595781,35.3290316865572,0.17660966141062318,0.22897364692431665,0.08128385404218363,0.306278313442796
DES,2008ar,0.02849,35.45147,0.0994,101.21088705269847,401.5317347074685,35.47902786256743,35.42651546148956,35.57418741990935,35.34902387070972,-0.027557862567427094,0.024954538510442603,-0.1227174199093497,0.10244612929027852
DES,2005hc,0.04575,36.69777,0.0872,131.5124989479,712.8199977089373,36.5350279101513,36.47294036296821,36.61943794827838,36.383107932037746,0.16274208984869887,0.22482963703178882,0.07833205172161684,0.31466206796225293
DES,2006ob,0.05824,37.05644,0.0849,138.7345467056788,840.8409903425014,37.07865903428714,37.009976008708186,37.155635358968546,36.911296042495366,-0.022219034287140005,0.04646399129181589,-0.0991953589685437,0.1451439575046365
DES,2006te,0.0329,35.86396,0.0989,102.23683981838647,485.53201876172227,35.798639108475285,35.7436284184282,35.890998531951695,35.662970959946016,0.06532089152471343,0.12033158157179713,-0.027038531951696143,0.2009890400539831
DES,2005hj,0.05708,37.07054,0.1121,79.57722213424518,846.3185792455886,37.03317762028206,36.96509559363326,37.11083238994299,36.86723443686686,0.03736237971794054,0.10544440636674324,-0.04029238994299078,0.2033055631331422
DES,2008bz,0.06099,37.36659,0.0716,195.0625760744047,969.9377782340738,37.18308738173815,37.11298892091412,37.25846499920433,37.012370171268856,0.18350261826185488,0.2536010790858825,0.108125000795674,0.35421982873114644
DES,2003iv,0.03491,36.01126,0.1344,55.360685941043094,519.6104480532676,35.93062707211771,35.87448959514604,36.02172254225731,35.79239210041631,0.08063292788229148,0.1367704048539622,-0.010462542257307916,0.21886789958369235
DES,2003cq,0.03378,35.83146,0.1865,28.750296487432525,478.31926719293904,35.85736797270124,35.80186305037493,35.94917307948978,35.72057490440419,-0.025907972701240567,0.029596949625066316,-0.11771307948978205,0.11088509559581183
DES,2007co,0.02731,35.4217,0.145,47.562425683709876,396.06446126800233,35.38526818628251,35.333430372739116,35.481183306798016,35.25678737639731,0.036431813717491934,0.08826962726088539,-0.05948330679801472,0.16491262360268877
DES,2002he,0.02519,35.23294,0.1246,64.41157450229176,363.0896547515224,35.20636803461534,35.15574871007662,35.30364734919701,35.080631893248224,0.026571965384661667,0.07719128992337687,-0.07070734919700783,0.15230810675177509
DES,2003fa,0.04056,36.16885,0.1017,96.68477572515998,558.7221322035211,36.26536347939923,36.20609819040833,36.35294693483068,36.11996255288887,-0.09651347939922772,-0.03724819040833438,-0.18409693483068423,0.04888744711112736
DES,2005iq,0.03341,36.04919,0.0898,124.00732139225498,528.7664299067735,35.83285945051207,35.77756215702108,35.92489744292608,35.69653914396995,0.2163305494879353,0.27162784297892273,0.12429255707392173,0.35265085603005275
DES,2005ms,0.02669,35.48988,0.1058,89.33644462391142,408.6974001632417,35.33439981469935,35.282917484089666,35.43071300028342,35.20672061228797,0.15548018530064667,0.20696251591033388,0.059166999716580904,0.28315938771203264
DES,2006al,0.06886,37.60919,0.0802,155.4716699523013,1084.5857024573916,37.45867686515595,37.3845997227946,37.52955385034485,37.27845079603324,0.15051313484404716,0.22459027720540092,0.0796361496551512,0.3307392039667576
DES,2006oa,0.06153,37.2229,0.1098,82.94597562715452,907.8328110855228,37.203059796051555,37.1326849345767,37.278125079095666,37.03168586765576,0.019840203948447765,0.09021506542330116,-0.05522507909566343,0.19121413234424267
DES,2008050,0.04625,36.31584,0.1717,33.92027852619104,597.8522596568125,36.55941770106025,36.497060812817416,36.6435246564753,36.40687286979514,-0.24357770106024645,-0.18122081281741487,-0.32768465647529865,-0.0910328697951357
DES,2005ir,0.0752,37.78693,0.0745,180.17206432142697,1177.0959760539483,37.65953793806167,37.58233231155774,37.72686867748293,37.47174790400244,0.12739206193833041,0.2045976884422558,0.06006132251706475,0.31518209599755664
DES,2008cf,0.04682,36.57974,0.0945,111.97894795778393,675.1089648185742,36.586912088663844,36.524248696383104,36.67067409351883,36.43365560513801,-0.0071720886638431125,0.055491303616896914,-0.09093409351882542,0.14608439486199387
DES,2005lz,0.04643,36.44687,0.1231,65.9908761014702,635.0382358035947,36.568135469613765,36.50568172794959,36.652133428418686,36.4153658277836,-0.1212654696137676,-0.058811727949596104,-0.2052634284186894,0.03150417221639401
DES,2001eh,0.03725,36.01068,0.1125,79.01234567901234,519.471678703196,36.075243932325066,36.017803991922136,36.164877574198655,35.93403232583945,-0.06456393232506485,-0.007123991922135531,-0.15419757419865476,0.0766476741605473
DES,2008fr,0.03828,36.24514,0.0994,101.21088705269847,578.7005232619968,36.13611207906482,36.078101997273606,36.22510554111979,35.993594188653894,0.10902792093517633,0.16703800272639313,0.020034458880211048,0.2515458113461051
DES,2001az,0.04101,36.41367,0.0927,116.36986532515483,625.4028774111173,36.29003591023029,36.23052399554052,36.37734222597435,36.1440673508346,0.12363408976971613,0.1831460044594806,0.03632777402565068,0.26960264916540666
DES,2008051,0.03873,36.12057,0.1044,91.74850633431686,546.4367190506283,36.16220560282342,36.10394703574454,36.25092000121827,36.01911776073249,-0.04163560282341905,0.01662296425546117,-0.13035000121826812,0.10145223926750901
DES,2008gl,0.03272,35.80144,0.096,108.50694444444444,471.7521357967981,35.786437435499074,35.731528013809,35.87891042336615,35.65099960257072,0.015002564500925075,0.06991198619100203,-0.07747042336615095,0.1504403974292785
DES,2007ae,0.06533,37.1436,0.1021,95.92869044866809,875.2777226501389,37.339018111998996,37.26671242560789,37.41190020415881,37.16304065699156,-0.19541811199899684,-0.12311242560789282,-0.2683002041588125,-0.019440656991562832
DES,2003ch,0.02919,35.74741,0.1139,77.08192498232897,460.15895176687883,35.53286517585789,35.47995381826631,35.627577782236,35.40195912195627,0.2145448241421093,0.26745618173369223,0.11983221776399944,0.3454508780437351
DES,2008hj,0.03682,36.11617,0.0895,124.84004868761899,545.3306090721902,36.049346127231274,35.992144778689095,36.13924762006837,35.908680575057076,0.06682387276872248,0.12402522131090166,-0.023077620068370663,0.20748942494292066
DES,2003U,0.02833,35.33929,0.1479,45.71551872713367,381.31498714638457,35.46654025029731,35.414119167011364,35.561802099974926,35.33674260292379,-0.1272502502973083,-0.07482916701136588,-0.22251209997492793,0.002547397076206437
DES,2004gs,0.02857,35.54768,0.167,35.856430850873096,419.72213667415406,35.48524591497866,35.43268787283594,35.580354344595705,35.35513877305637,0.06243408502133718,0.11499212716405793,-0.03267434459570495,0.19254122694363218
DES,2007R,0.03174,35.84381,0.1068,87.67130973923044,481.0474037322277,35.71883265860102,35.66447563340419,35.811925024060116,35.58465006900251,0.12497734139897432,0.17933436659581048,0.0318849759398816,0.259159930997491
DES,2004L,0.03373,35.9177,0.1835,29.69804512617957,497.69797652881465,35.8540713800447,35.798594500977615,35.94590794266599,35.71734218017707,0.06362861995530267,0.11910549902238898,-0.028207942665986252,0.20035781982293344
DES,2009ad,0.02844,35.46983,0.097,106.28122010840684,404.9411156552497,35.47513288355947,35.42264901418322,35.570324401972655,35.3451933679996,-0.005302883559465954,0.04718098581678021,-0.10049440197265369,0.12463663200040287
DES,2005M,0.02598,35.16595,0.1391,51.682764986580565,352.0593437123378,35.27470326311441,35.22362889825503,35.37147320802996,35.147943125171096,-0.10875326311440858,-0.05767889825502692,-0.20552320802995894,0.01800687482890595
DES,2007bd,0.0312,35.70509,0.1008,98.41899722852104,451.2777018425475,35.6807033472964,35.62665146041685,35.774137785057896,35.54721336411964,0.024386652703597633,0.0784385395831464,-0.06904778505789722,0.15787663588035628
DES,2007jg,0.03756,36.30183,0.1224,66.74783203041567,594.0074269493828,36.0937342815626,36.036122542073436,36.183175037800254,35.9521292684794,0.2080957184374057,0.2657074579265668,0.11865496219974858,0.3497007315205991
DES,2003kc,0.03479,35.90221,0.1476,45.90154302627037,494.160326247587,35.9229581044051,35.86688769029776,36.014128819278426,35.78487611684213,-0.020748104405100776,0.03532230970223793,-0.11191881927842928,0.11733388315786897
DES,2007sw,0.02517,35.21658,0.1559,41.144119209325225,360.3643951030091,35.204610842174034,35.15400305278847,35.301903067853765,35.07890064359462,0.011969157825966192,0.06257694721153229,-0.0853230678537642,0.13767935640537843
DES,2010ag,0.03335,35.617,0.162,38.103947568968145,433.3371024560728,35.82886012412298,35.77359652386948,35.92093590628661,35.692616511156,-0.21186012412298538,-0.15659652386948153,-0.30393590628661116,-0.07561651115599943
DES,2005na,0.02748,35.27905,0.0994,101.21088705269847,370.88210146113454,35.39901811353164,35.347082953943655,35.494824216543556,35.27031766357421,-0.11996811353164105,-0.06803295394365705,-0.21577421654355788,0.008732336425786968
DES,2006on,0.07089,37.37352,0.1761,32.24640380043216,973.0381657417779,37.52485220171491,37.44976595608832,37.594586058162754,37.34219494084657,-0.1513322017149079,-0.07624595608832152,-0.22106605816275504,0.03132505915343131
DES,2006cq,0.04944,36.83597,0.1159,74.44458754348494,759.6610772901222,36.70925642677466,36.645191636681744,36.79144057411342,36.552738140527865,0.12671357322534504,0.19077836331825893,0.04452942588658004,0.2832318594721386
DES,2004as,0.03296,35.89486,0.1689,35.05425171266311,492.4905199070136,35.802691836420024,35.74764740349892,35.89501341880062,35.66694693251382,0.09216816357997715,0.14721259650108465,-0.00015341880062180735,0.22791306748618467
DES,2007kk,0.04285,36.24371,0.1092,83.85997396986407,578.3195516594812,36.388253018927536,36.32773648243169,36.47443007642878,36.23996821617858,-0.14454301892753563,-0.08402648243168898,-0.23072007642878134,0.0037417838214182098
DES,2006bu,0.08478,37.92895,0.1198,69.6765059183224,1256.6544545584904,37.934268139822315,37.85246289281616,37.99637255397066,37.73520917228617,-0.005318139822314549,0.07648710718383711,-0.06742255397065833,0.19374082771383172
DES,2006mo,0.03702,36.05893,0.1337,55.941896508610284,531.143504883938,36.06142809486351,36.00411573143712,36.151204962482836,35.920508511692326,-0.002498094863511824,0.054814268562878965,-0.09227496248283984,0.13842148830767087
DES,2007su,0.0274,35.4032,0.2219,20.30885297426198,392.70449744561625,35.39255798314087,35.34066862675387,35.48841538157528,35.26396088488339,0.01064201685912991,0.06253137324613078,-0.08521538157528141,0.13923911511660947
DES,2010dt,0.05316,36.98605,0.1032,93.89459768042786,814.0214988618376,36.87259654051996,36.80656288425123,36.95256200551173,36.71147312042228,0.11345345948004137,0.17948711574877052,0.03348799448826867,0.27457687957771526
DES,2007O,0.03818,36.04309,0.0932,115.12461087881522,527.2831280607304,36.13027294923074,36.07231813637128,36.219328477140024,35.98788177705158,-0.0871829492307441,-0.0292281363712803,-0.17623847714002494,0.05520822294842276
DES,2003ic,0.05126,36.49961,0.1333,56.278135550391724,650.6506605935512,36.790602363149844,36.72557125538842,36.87169786416453,36.63182720768488,-0.2909923631498472,-0.2259612553884196,-0.3720878641645342,-0.13221720768488154
DES,2008Y,0.07056,37.36244,0.1087,84.63322920625033,968.0858561006778,37.51421920019787,37.43929652016266,37.58413839275093,37.33195656016273,-0.15177920019787194,-0.0768565201626572,-0.2216983927509304,0.03048343983726909
DES,2005ku,0.04439,36.42577,0.1621,38.05694917989178,628.8975097508245,36.46735571079582,36.406003034760374,36.552592476096756,36.31713815943782,-0.04158571079582174,0.019766965239625733,-0.12682247609675557,0.10863184056218245
DES,2006py,0.05653,36.96139,0.1189,70.7353148181289,804.8294787605677,37.011300880569,36.943504630488945,37.089278175707165,36.846031909046125,-0.04991088056900139,0.017885369511056126,-0.12788817570716304,0.11535809095387606
DES,2005eu,0.03516,35.99892,0.1263,62.68928245220413,516.6659904627243,35.94652177603557,35.890244669454475,36.03746057392577,35.80796819287047,0.05239822396443117,0.10867533054552325,-0.03854057392577204,0.19095180712952953
DES,2002hu,0.03705,36.05504,0.0933,114.87795939983161,530.192860211223,36.063234898809135,36.00590588943989,36.15299307915288,35.922277218826544,-0.00819489880913693,0.049134110560110855,-0.09795307915288021,0.1327627811734544
DES,2009do,0.04099,36.20463,0.0963,107.8319417621249,568.0046290128564,36.288944962343884,36.22944400102325,36.376263587364974,36.14300162138123,-0.08431496234388192,-0.02481400102325182,-0.17163358736497258,0.061628378618770796
DES,2007cq,0.0251,34.98002,0.1331,56.44739300537774,323.16913444060697,35.19844984993614,35.14788243948015,35.295787270554314,35.07283045843825,-0.21842984993613612,-0.167862439480146,-0.31576727055431064,-0.09281045843824387
DES,2006S,0.03393,36.02516,0.1264,62.59012978689312,522.9472397884182,35.86722922701915,35.8116402024513,35.95893999479451,35.73024458772387,0.15793077298084768,0.21351979754869888,0.0662200052054871,0.2949154122761328
DES,2007kh,0.05032,36.64724,0.1981,25.48185551736958,696.4242337951159,36.748943933157584,36.684411180195795,36.830600944133025,36.59133349799704,-0.1017039331575873,-0.03717118019579857,-0.18336094413302817,0.055906502002954994
DES,2006qo,0.02898,35.52838,0.1771,31.883271516983736,416.0081845767308,35.516848002479975,35.46405623636768,35.611694595395136,35.38621244843292,0.011531997520023651,0.0643237636323164,-0.0833145953951373,0.14216755156707706
DES,2007hu,0.03551,36.00256,0.2289,19.085714133028574,517.5327946366519,35.96859002344946,35.91211762758622,36.0593096789914,35.82959062361644,0.033969976550544345,0.09044237241378283,-0.0567496789913946,0.1729693763835627
DES,2006lu,0.05346,36.98406,0.0783,163.10845570545226,813.2758477821851,36.88528344379687,36.819092071815135,36.9650710838077,36.72378997224058,0.09877655620312709,0.16496792818486483,0.018988916192299143,0.2602700277594181
DES,2006cf,0.04268,36.40134,0.1065,88.16592827701734,621.8617934891741,36.37935224026517,36.31892826623019,36.465633366673785,36.23128111903525,0.02198775973482725,0.08241173376980981,-0.06429336667378749,0.17005888096474564
DES,2006gr,0.03428,36.06484,0.1453,47.36622475557843,532.5910635522516,35.89007421615473,35.83428911358608,35.98156502566289,35.75264277781669,0.17476578384526675,0.23055088641391563,0.08327497433710818,0.3121972221833076
DES,2008gp,0.03333,35.79166,0.0911,120.49339635941253,469.63220940658465,35.82752545280658,35.772273085102285,35.91961383307411,35.691307406195065,-0.03586545280658271,0.019386914897715712,-0.127953833074109,0.100352593804935
DES,2003it,0.0251,35.08017,0.1641,37.13494952060637,338.4230031471144,35.19844984993614,35.14788243948015,35.295787270554314,35.07283045843825,-0.11827984993613683,-0.06771243948014671,-0.21561727055431135,0.007339541561755425
DES,2004gc,0.03267,35.53403,0.1497,44.62275698134189,417.09201448138776,35.783036436590365,35.72815515557928,35.87554098106563,35.64766259338944,-0.24900643659036348,-0.1941251555792789,-0.3415109810656318,-0.11363259338943976
DES,2001ah,0.05886,37.15499,0.1291,59.99948400443757,879.8808689844394,37.1026113403007,37.03360805194757,37.17922604238685,36.93449068856472,0.052378659699300556,0.12138194805243074,-0.024236042386853285,0.220499311435276
DES,2009bv,0.03848,36.31572,0.0942,112.69332539972322,597.8192220328617,36.14774589013935,36.08962532501703,36.236615276904146,36.004974631242746,0.1679741098606513,0.2260946749829671,0.07910472309585259,0.310745368757253
DES,2007ob,0.03243,35.74894,0.1845,29.376987536813036,460.48328989000777,35.76664048396339,35.71189434226439,35.859296566416134,35.631573871195585,-0.017700483963395186,0.03704565773561086,-0.11035656641613656,0.117366128804413
DES,2010dw,0.03902,36.15798,0.1499,44.503763015681784,555.9322584128423,36.17886541384679,36.12044690669413,36.267400172847985,36.035410512523384,-0.020885413846791323,0.03753309330587484,-0.10942017284798311,0.12256948747661767
DES,2016afk,0.04738,36.64349,0.1512,43.74177654600935,695.2225896323814,36.613609909839795,36.5506459553406,36.69703360011315,36.45965496430986,0.029880090160204986,0.09284404465940099,-0.05354360011315151,0.18383503569013726
DES,AT2017cfc,0.02512,35.13565,0.1211,68.18859054865221,347.1809402953589,35.2002118538726,35.14963290564406,35.29753636068368,35.07456651633159,-0.06456185387260405,-0.013982905644063237,-0.16188636068368112,0.06108348366840488
DES,PS16ayd,0.05469,37.0434,0.068,216.2629757785467,835.8067516487314,36.936590843874356,36.86975449119051,37.01565111308931,36.7735822301545,0.10680915612564235,0.1736455088094857,0.02774888691068611,0.26981776984549555
DES,PTSS-16efw,0.03568,36.38234,0.0909,121.02420363048408,616.4443480542121,35.97923240773754,35.92266523792952,36.06984570634959,35.84001656909752,0.40310759226245807,0.4596747620704775,0.3124942936504098,0.5423234309024778
DES,ASASSN-15ss,0.03599,36.14277,0.0907,121.55852617580521,552.0518569352512,35.9985123591819,35.94177250230612,36.088931853506395,35.85890200745294,0.1442576408180969,0.20099749769387643,0.053838146493603745,0.28386799254705863
DES,MASTERJ0134,0.04369,36.40534,0.1003,99.4026892403547,623.0083609490919,36.43173583810989,36.37076269727072,36.51739946237837,36.28239614956938,-0.02639583810988455,0.03457730272928217,-0.11205946237836883,0.12294385043062306
DES,PS16bby,0.05468,36.90225,0.0939,113.41456084180825,783.2057641046248,36.936178220941734,36.86934710129449,37.01524439265632,36.77318191205231,-0.03392822094173198,0.03290289870551533,-0.11299439265631861,0.12906808794769375
DES,PTSS17-niq,0.06897,37.40023,0.0847,139.3905010949124,985.0808468214558,37.46231033060175,37.38817832842792,37.533125187154994,37.28195229684256,-0.06208033060175211,0.01205167157208109,-0.13289518715499327,0.11827770315743891
DES,ASASSN-15bc,0.03753,36.16609,0.1296,59.537418076512736,558.0124324233344,36.091951406681815,36.034356285261644,36.18141082135794,35.950384455671774,0.07413859331818173,0.1317337147383526,-0.015320821357946102,0.2157055443282232
DES,ASASSN-15tg,0.03529,35.9573,0.095,110.80332409972299,506.85749754284996,35.95474347862252,35.89839380985773,36.04560085371599,35.816024273815984,0.0025565213774783047,0.05890619014226672,-0.08830085371599239,0.14127572618401274
DES,AT2017lm,0.03031,35.62306,0.1336,56.02567320448922,434.54811969252376,35.61642851816988,35.56288071962821,35.71042795735893,35.484081515499554,0.006631481830119412,0.06017928037179132,-0.08736795735892855,0.13897848450044847
DES,PS16bnz,0.06446,37.20911,0.0938,113.65651183618915,902.0858592765647,37.30857446482739,37.23670864380654,37.381954123519066,37.13364822664555,-0.0994644648273848,-0.02759864380653454,-0.17284412351906298,0.07546177335445492
DES,SN2016aqb,0.06384,37.1975,0.0646,239.6265659596085,897.275635325344,37.28663719084178,37.21508563012563,37.36037225821299,37.112461090256915,-0.0891371908417824,-0.017585630125630303,-0.16287225821299245,0.08503890974308348
DES,ASASSN-15fa,0.02741,35.58097,0.1446,47.825928923017464,426.20630988426893,35.393366510382975,35.341471427944285,35.489217496215666,35.2647564923528,0.18760348961702533,0.2394985720557159,0.09175250378433475,0.31621350764719836
DES,AT2017ns,0.02849,35.47203,0.1756,32.43030079752595,405.3515845564815,35.47902786256743,35.42651546148956,35.57418741990935,35.34902387070972,-0.006997862567430957,0.04551453851043874,-0.10215741990935356,0.12300612929027466
DES,SN2016ayg,0.04349,36.57204,0.092,118.14744801512288,672.7192806186488,36.42145691221122,36.36059237162757,36.50724266342756,36.27236824335415,0.1505830877887817,0.21144762837243292,0.06479733657243969,0.29967175664585
DES,AT2017oz,0.05614,36.99623,0.1009,98.22401164543882,817.846642386483,36.99566354973433,36.92807026140747,37.07386987617903,36.83087305655163,0.0005664502656657078,0.06815973859252722,-0.07763987617903467,0.1653569434483657
DES,ASASSN-16oz,0.03192,35.54453,0.1158,74.57321747638267,419.1137171371237,35.73140153109299,35.676942912652954,35.824379996092475,35.596988221459284,-0.18687153109299004,-0.13241291265295274,-0.27984999609247296,-0.052458221459282584
DES,AT2017po,0.03255,35.72144,0.1105,81.89840502856207,454.68840043755114,35.77485323377534,35.72003950916633,35.86743353352908,35.63963298929091,-0.05341323377533769,0.0014004908336744393,-0.1459935335290794,0.0818070107090918
DES,PS15ahs,0.02534,35.30465,0.1105,81.89840502856207,375.28039327101885,35.21950346479539,35.1687976504586,35.3166859708085,35.09357278216296,0.08514653520461479,0.1358523495414019,-0.01203597080849761,0.21107721783704392
DES,PS16cvc,0.02915,35.81677,0.1046,91.39798705073319,475.09436027903706,35.52982300838062,35.476934423812146,35.6245611294811,35.398968470416214,0.28694699161938075,0.339835576187852,0.1922088705188969,0.4178015295837838
DES,SN2016esh,0.04583,36.44319,0.1013,97.4498352610535,633.9629462415946,36.53894759828418,36.476816926497996,36.623309112098724,36.386927606162075,-0.09575759828418029,-0.0336269264979947,-0.18011911209872267,0.056262393837926084
DES,ASASSN-15hg,0.03143,35.8135,0.1302,58.98995047203758,474.3794585406575,35.69702192874256,35.642840009759595,35.79031060099611,35.56323686466045,0.11647807125743981,0.17065999024040224,0.023189399003889832,0.25026313533954436
DES,AT2017wb,0.03117,35.58907,0.1813,30.423164927932092,427.79910835513255,35.67856616468512,35.62453124571417,35.77201962278602,35.545114679282186,-0.08949616468512289,-0.03546124571416698,-0.182949622786019,0.043955320717813606
DES,PS15aii,0.04777,36.71031,0.077,168.66250632484397,716.9483590198045,36.632022981811204,36.56885003737411,36.71521140182424,36.47758201982631,0.0782870181887958,0.14145996262588767,-0.004901401824241702,0.23272798017369212
DES,PS16dnp,0.05023,36.97734,0.0903,122.63784186831393,810.7629142254544,36.744915947997406,36.68043099188022,36.826626805452996,36.58741713114735,0.23242405200259242,0.2969090081197763,0.15071319454700216,0.3899228688526506
DES,ASASSN-17at,0.02713,35.38339,0.1156,74.83147950814765,389.1382083884452,35.37061763003638,35.31888294743261,35.46664824151785,35.24236945316342,0.012772369963620633,0.06450705256738587,-0.08325824151785355,0.14102054683657883
DES,AT2017yk,0.04691,36.75031,0.1648,36.82015270053728,730.277424177104,36.591223616773206,36.52851188213016,36.6749312106081,36.437854833310595,0.1590863832267928,0.22179811786983805,0.07537878939189824,0.31245516668940354
DES,PS15asb,0.04989,36.69189,0.0956,109.41685194586928,710.8924061395666,36.72963582615937,36.66533156538976,36.81155023766227,36.572558840339674,-0.03774582615936595,0.02655843461024432,-0.11966023766226641,0.11933115966032659
DES,PS16el,0.0494,36.70592,0.0915,119.44220490310252,715.5003903878927,36.70743624411926,36.64339275769011,36.78964438596475,36.55096764177989,-0.0015162441192586584,0.0625272423098906,-0.08372438596475007,0.15495235822010756
DES,SN2016glp,0.0841,38.0676,0.1372,53.12412345196305,1339.5097375478206,37.915768763303774,37.83428499292605,37.978238959031984,37.717503370234766,0.1518312366962249,0.2333150070739478,0.089361040968015,0.3500966297652326
DES,ASASSN-15jl,0.03512,36.01851,0.1008,98.41899722852104,521.3481959346606,35.94398605142116,35.88773127788855,36.034949908917,35.80548343651256,0.07452394857883604,0.13077872211145092,-0.016439908917000423,0.2130265634874391
DES,AT2017zd,0.02969,35.385,0.1163,73.93338158718704,389.4268350495573,35.570551471182775,35.51735570106825,35.66494540239106,35.43900177939753,-0.1855514711827766,-0.13235570106824923,-0.27994540239106414,-0.054001779397530925
DES,PS15atx,0.07252,37.86168,0.13,59.17159763313609,1218.321406531984,37.57668736526576,37.50079590736024,37.64550857225217,37.39208431148092,0.2849926347342375,0.3608840926397576,0.21617142774783105,0.4695956885190782
DES,PS16em,0.07083,37.60601,0.1686,35.17911092536541,1082.998549735605,37.522922459226166,37.447865939077076,37.59268999893979,37.34033693036721,0.08308754077383185,0.15814406092292188,0.013320001060208142,0.2656730696327898
DES,SN2016glz,0.04077,36.15319,0.1167,73.4274232334647,554.7072920567788,36.27691024388577,36.217529817341166,36.36436432032334,36.13124436520242,-0.12372024388577074,-0.06433981734116401,-0.21117432032333738,0.02194563479758216
DES,ASASSN-16aj,0.02953,35.53344,0.1119,79.86193468731257,416.97870387273184,35.55855993172605,35.50545512320891,35.653055786847546,35.427216141351614,-0.02511993172605287,0.027984876791087743,-0.1196157868475467,0.10622385864838435
DES,ATLAS16agv,0.04819,36.59722,0.0935,114.38702851096686,680.5654145722398,36.651690256090376,36.5882925484408,36.73462562155986,36.49672627014326,-0.05447025609037581,0.008927451559202382,-0.13740562155985714,0.10049372985673699
DES,PS15bbn,0.03624,36.32659,0.1121,79.57722213424518,600.8193001068998,36.01394305877774,35.95706406603401,36.10420639163346,35.87401471067662,0.3126469412222619,0.36952593396599553,0.2223836083665418,0.4525752893233843
DES,PS16evk,0.05262,37.02932,0.102,96.11687812379856,830.404846241073,36.84958480113617,36.78383543235071,36.929870764263754,36.68912797298604,0.17973519886383116,0.24548456764928517,0.09944923573624465,0.34019202701395557
DES,SN2016gmb,0.0583,37.05872,0.0979,104.33610415247261,841.7243192156976,37.080987709003495,37.01227366102657,37.15792900769642,36.91355135867953,-0.022267709003493508,0.04644633897343198,-0.09920900769641605,0.14516864132047402
DES,ASASSN-17eb,0.05044,36.61242,0.1205,68.86933764914517,685.3459884494893,36.75430375034393,36.68970729056689,36.83588898910247,36.59654451865829,-0.1418837503439292,-0.07728729056689332,-0.22346898910247148,0.01587548134170902
DES,ATLAS16bwu,0.07091,37.34903,0.1488,45.16418083015378,962.1258318425305,37.52549510166103,37.45039894889676,37.59521773175653,37.34281393182455,-0.17646510166103013,-0.10136894889676284,-0.2461877317565282,0.006216068175447731
DES,PS15bdr,0.07116,37.55578,0.0881,128.83924855796673,1058.2344000678108,37.53351673388047,37.458296799037655,37.60309909374248,37.35053677371502,0.022263266119530556,0.09748320096234409,-0.047319093742480334,0.2052432262849777
DES,PS16fa,0.0476,36.71459,0.0942,112.69332539972322,718.3628669895159,36.624014747989676,36.56093286841976,36.70730568723441,36.4697855977187,0.0905752520103249,0.15365713158023908,0.007284312765591494,0.24480440228130362
DES,SN2016grz,0.08704,38.06308,0.1619,38.151033072749065,1336.7243984677314,37.994752848951734,37.911884618716755,38.05564722687146,37.79306328660879,0.06832715104826548,0.1511953812832445,0.0074327731285421805,0.2700167133912075
DES,ASASSN-15la,0.02902,35.17845,0.1357,54.30506085153595,354.0918044839393,35.519907641344375,35.467093089595814,35.61472870649098,35.38922055567023,-0.34145764134437684,-0.28864308959581564,-0.436278706490981,-0.21077055567022995
DES,ASASSN-16ay,0.02938,35.70388,0.1707,34.31886827354472,451.0263084056873,35.547259924789664,35.49424043585347,35.64185137814284,35.41610922058606,0.15662007521033416,0.20963956414652785,0.062028621857159294,0.2877707794139397
DES,AT2016aj,0.06725,37.41339,0.1113,80.72530068156371,991.0689615604344,37.404849663456375,37.331577826898226,37.47663842710358,37.22655803619145,0.00854033654362496,0.08181217310177402,-0.0632484271035807,0.18683196380855094
DES,PS15bif,0.07845,37.67794,0.1107,81.60274315781399,1119.4736483900917,37.756304496185436,37.677521355945295,37.8218445021604,37.56466997349636,-0.0783644961854364,0.00041864405470448673,-0.14390450216040307,0.11327002650364193
DES,PS16fbb,0.05106,36.86014,0.0965,107.38543316599102,768.163867263275,36.78180110897267,36.71687590327196,36.86301594474436,36.62327360272186,0.07833889102732883,0.1432640967280392,-0.0028759447443604813,0.23686639727814196
DES,SN2016hhv,0.06121,37.37005,0.1459,46.97744753676103,971.4844982444139,37.19124474827513,37.121033618910374,37.266495055372,37.0202599097793,0.17880525172486728,0.24901638108962487,0.10355494462800152,0.34979009022070073
DES,ASASSN-16bc,0.03298,35.83813,0.0862,134.58153218382762,479.7907546484237,35.8040411434896,35.748985464415185,35.89635011369364,35.66827065628965,0.034088856510400944,0.08914453558481483,-0.05822011369364333,0.16985934371034972
DES,PS15bjg,0.06786,37.54095,0.0941,112.9329708937854,1051.0318455464774,37.425387770730005,37.35181029855147,37.49683053977944,37.24636256591501,0.11556222926999737,0.1891397014485321,0.04411946022056412,0.29458743408499544
DES,PS16n,0.05309,36.98166,0.0795,158.22158933586488,812.3774786458415,36.8696263118244,36.80362947867475,36.949633292895285,36.70858926556905,0.11203368817560033,0.17803052132524755,0.03202670710471267,0.2730707344309451
DES,SN2016hpx,0.03282,35.73067,0.119,70.6164818868724,456.62519959445115,35.79322421912282,35.73825852987534,35.88563410804928,35.657658423920886,-0.06255421912281633,-0.007588529875334871,-0.15496410804927763,0.0730115760791179
DES,ASASSN-15lu,0.03635,36.14299,0.1132,78.03818252194434,552.1077902091663,36.020699698368176,35.96375952200127,36.11089435758482,35.88063147691537,0.12229030163182131,0.17923047799872904,0.032095642415178816,0.2623585230846288
DES,ASASSN-16bq,0.02534,35.34029,0.1135,77.62619107686933,381.4906296274848,35.21950346479539,35.1687976504586,35.3166859708085,35.09357278216296,0.12078653520461557,0.1714923495414027,0.023604029191503173,0.2467172178370447
DES,AT2016cor,0.05066,36.87577,0.1949,26.325481407497133,773.7129662881159,36.76409811830978,36.699384928908486,36.8455518431864,36.606066175752936,0.11167188169022069,0.17638507109151647,0.030218156813603514,0.26970382424706685
DES,PS15brr,0.05049,36.62315,0.0947,111.50646347215515,688.7409020275124,36.756533367150894,36.691910370391575,36.83808870860588,36.59871214631849,-0.13338336715089127,-0.06876037039157268,-0.21493870860587805,0.024437853681511967
DES,PS17akj,0.04777,36.59991,0.1115,80.4359629190211,681.4090151474452,36.632022981811204,36.56885003737411,36.71521140182424,36.47758201982631,-0.0321129818112027,0.03105996262588917,-0.1153014018242402,0.12232798017369362
DES,SN2016ixf,0.06711,37.52847,0.1018,96.4949185775877,1045.008625320758,37.40011079370001,37.32690919260131,37.47197905869361,37.22198764091617,0.1283592062999901,0.20156080739868543,0.05649094130638588,0.30648235908383015
DES,ASASSN-15mf,0.02695,35.3286,0.1032,93.89459768042786,379.44241437909795,35.3558714078708,35.304239916563134,35.45201757274359,35.22785593905582,-0.02727140787079918,0.024360083436867797,-0.12341757274359111,0.10074406094418009
DES,ASASSN-16br,0.02956,35.56537,0.1169,73.17638949157775,423.1553879748481,35.56081318503544,35.50769131760582,35.65528992568615,35.429430783651675,0.004556814964558953,0.057678682394183056,-0.08991992568614648,0.1359392163483264
DES,AT2016cvv,0.04438,36.55894,0.1343,55.44315994963543,668.6731349543049,36.466850706313906,36.4055034460181,36.55209356319322,36.316645688124574,0.09208929368609375,0.15343655398189782,0.006846436806782208,0.24229431187542616
DES,PS15bsq,0.03371,35.94327,0.0879,129.42621476209519,503.59322068682025,35.852751406098236,35.79728574562005,35.94460055238213,35.716047755202794,0.09051859390176276,0.14598425437994678,-0.001330552382128758,0.2272222447972041
DES,PS17bii,0.07446,37.47561,0.092,118.14744801512288,1019.8771814213493,37.63694706690425,37.56010310057506,37.70468810310579,37.45003550246764,-0.16133706690424532,-0.08449310057505954,-0.2290781031057847,0.02557449753236085
DES,SN2017cii,0.03289,35.95132,0.1058,89.33644462391142,505.46358707141695,35.7979629515587,35.74295788596773,35.89032868255037,35.662307596393774,0.1533570484413005,0.20836211403226912,0.06099131744963415,0.28901240360622893
DES,AT2016cvw,0.03787,36.25411,0.1,99.99999999999999,581.0959854018107,36.112076483165104,36.0542931195633,36.20132453478839,35.970078281561506,0.14203351683489274,0.19981688043669976,0.05278546521160621,0.2840317184384915
DES,ATLAS17ajn,0.02978,35.71706,0.1251,63.89772274905895,453.7721889271255,35.57726892860554,35.52402201343319,35.671605549169186,35.44560344320453,0.13979107139445546,0.19303798656680726,0.045454450830810345,0.27145655679546365
DES,PS15bwh,0.07158,37.45519,0.0885,127.67723195761117,1010.331456891167,37.54693252949549,37.47150487886325,37.61627948192135,37.363450900657966,-0.091742529495491,-0.01631487886324834,-0.1610894819213513,0.0917390993420355
DES,PS17tn,0.0459,36.48276,0.1171,72.92664090411533,645.621337294185,36.5423718849519,36.48020348852587,36.62669094970747,36.39026439229507,-0.05961188495189873,0.0025565114741255,-0.14393094970747455,0.09249560770492593
DES,AT2016cyt,0.03059,35.5107,0.0997,100.60271084064632,412.6348220232266,35.63684679422038,35.583140248243375,35.73066831687933,35.504140005755644,-0.12614679422038222,-0.07244024824337458,-0.21996831687933138,0.006559994244355494
DES,ATLAS17ajs,0.03451,35.99496,0.209,22.893248780934503,515.7246324892246,35.90496293607989,35.84904910458308,35.99630932813051,35.76723803929099,0.08999706392010864,0.14591089541691815,-0.001349328130508809,0.22772196070901174
DES,PS15bzz,0.07931,37.67811,0.0922,117.63543367478978,1119.561293054186,37.781269950675224,37.70207232550902,37.84633915576319,37.58862182758907,-0.10315995067522721,-0.023962325509025106,-0.16822915576319275,0.089488172410924
DES,PS17yt,0.07073,37.53894,0.0647,238.88640712454827,1050.0594193893487,37.519702740377795,37.44469577624109,37.5895264328985,37.33723678188621,0.019237259622201464,0.09424422375890629,-0.05058643289850551,0.201703218113785
DES,SN2017cjv,0.06092,37.20488,0.1051,90.53042682380334,900.3303182007538,37.180485918014966,37.1104233238313,37.25590406150355,37.00985388392156,0.024394081985036564,0.09445667616870423,-0.0510240615035471,0.195026116078445
DES,ASASSN-15np,0.03884,36.17443,0.1262,62.78867091452955,560.1597183462593,36.168539097899995,36.11021984592251,36.2571853386185,36.025312004036465,0.005890902100006201,0.06421015407749309,-0.08275533861849738,0.14911799596353603
DES,ASASSN-16ct,0.04306,36.27389,0.154,42.165626581210994,586.4133856089578,36.39920084845781,36.33857004190916,36.485249424553224,36.25065217579508,-0.12531084845780782,-0.06468004190915622,-0.21135942455322265,0.023237824204919377
DES,ATLAS17axb,0.03143,35.73926,0.1037,92.99133599722514,458.43511387378834,35.69702192874256,35.642840009759595,35.79031060099611,35.56323686466045,0.04223807125744372,0.09641999024040615,-0.051050600996106255,0.17602313533954828
DES,SN2017ckx,0.02858,35.56905,0.137,53.279343598486854,423.8731185212324,35.486021971365375,35.433458224925225,35.581124010881155,35.35590193672439,0.08302802863462233,0.13559177507477216,-0.012074010881157449,0.21314806327560376
DES,ASASSN-15nq,0.03023,35.69492,0.0921,117.89102389533161,449.1691032647384,35.610560803249435,35.557058387752434,35.70461110328273,35.47831662966168,0.0843591967505688,0.1378616122475691,-0.009691103282726488,0.21660337033832633
DES,ASASSN-16db,0.0373,36.00728,0.1211,68.18859054865221,518.6589482731096,36.07823636886978,36.02076870709705,36.16783888790798,35.936961294951374,-0.07095636886977985,-0.013488707097046415,-0.16055888790798178,0.0703187050486278
DES,AT2016ews,0.04631,36.71175,0.0759,173.58670048135596,717.4239570634221,36.56232727405781,36.49993809491086,36.64639789061532,36.4097074979071,0.14942272594219475,0.21181190508914227,0.06535210938468339,0.3020425020929025
DES,PSNJ0153424,0.02556,35.26944,0.1516,43.51125375067007,369.2443639304866,35.23863127815337,35.18779868822582,35.3356718769843,35.11241536293085,0.030808721846632636,0.08164131177418454,-0.06623187698429689,0.15702463706915637
DES,SN2017coa,0.04095,36.48436,0.1391,51.682764986580565,646.0972239772199,36.286761512417726,36.22728246000397,36.37410475823661,36.1408686110261,0.19759848758227605,0.25707753999603256,0.11025524176339019,0.3434913889739022
DES,CSS160129,0.06844,37.39806,0.0952,110.33825294823811,984.0969256369413,37.44475226657731,37.37088477830884,37.51586666625732,37.265030300141376,-0.04669226657730974,0.02717522169115938,-0.11780666625731584,0.1330296998586249
DES,PS15cms,0.06627,37.36253,0.1098,82.94597562715452,968.1259807332842,37.371476827789536,37.298697342555926,37.44382282884706,37.19436540417057,-0.008946827789536371,0.06383265744407396,-0.08129282884706157,0.1681645958294311
DES,SN2017cpu,0.05502,36.83115,0.0838,142.40064706854028,757.9767337052118,36.95016670424014,36.883157759724845,37.02903229279086,36.78675215421472,-0.11901670424013844,-0.052007759724844504,-0.19788229279085812,0.04439784578528361
DES,ASASSN-16dw,0.03437,35.88308,0.1347,55.11436506322446,489.82604654709945,35.895911821254096,35.84007633494552,35.98734610763433,35.758365536962714,-0.012831821254096099,0.043003665054477835,-0.10426610763433075,0.12471446303728584
DES,AT2016gmg,0.04865,36.85198,0.1038,92.81224824677662,765.282663497709,36.67304098473906,36.60939746791129,36.75569956783826,36.51750461287531,0.17893901526093714,0.24258253208870428,0.0962804321617341,0.3344753871246908
DES,CSS160428,0.03148,35.77221,0.1108,81.4555122574255,465.4444703069365,35.700553983596045,35.646343809683714,35.79381098105924,35.566704787569996,0.07165601640395636,0.12586619031628743,-0.0216009810592368,0.20550521243000475
DES,SN2017hn,0.02557,35.20203,0.122,67.18624025799517,357.9578369246448,35.239496878064436,35.18865852776005,35.33653102879252,35.11326800039646,-0.037466878064435605,0.013371472239953164,-0.13450102879252057,0.08876199960354114
DES,AT2016gsu,0.07575,37.66958,0.0962,108.05624111237418,1115.1720475818804,37.67619123019466,37.59871739748082,37.74321763577797,37.487749027932104,-0.00661123019465748,0.07086260251918475,-0.07363763577796334,0.18183097206789967
DES,Gaia16acv,0.07859,37.95956,0.0823,147.63873981477244,1274.4942341647231,37.760386380823384,37.68153568238441,37.82584965788791,37.56858674783353,0.19917361917661935,0.2780243176155963,0.13371034211209576,0.39097325216647505
DES,PS15cwx,0.03086,35.56461,0.1015,97.06617486471401,423.0073124932134,35.65636332459716,35.6025038380074,35.75001342687752,35.52330977064509,-0.0917533245971569,-0.03789383800739898,-0.18540342687752087,0.041300229354909845
DES,PSNJ0859349,0.02938,35.55198,0.1347,55.11436506322446,420.55410364662214,35.547259924789664,35.49424043585347,35.64185137814284,35.41610922058606,0.004720075210336461,0.05773956414653014,-0.08987137814283841,0.135870779413942
DES,ASASSN-15pm,0.04837,36.70692,0.0765,170.87444999786408,715.8299663763307,36.66006830282298,36.59657436416386,36.74289531577588,36.50488028379069,0.046851697177018536,0.11034563583613988,-0.035975315775885974,0.20203971620930616
DES,ASASSN-16fo,0.03036,35.61376,0.0907,121.55852617580521,432.6910130649707,35.62008814541784,35.56651198848552,35.71405580279813,35.48767688205183,-0.006328145417839437,0.04724801151447622,-0.10029580279812933,0.12608311794816984
DES,AT2016hns,0.0374,36.13761,0.1017,96.68477572515998,550.7415912624953,36.08420952928438,36.02668643843491,36.17374981678684,35.94280753752804,0.053400470715622816,0.11092356156509453,-0.036139816786835866,0.1948024624719622
DES,Gaia16agf,0.02509,35.25995,0.1773,31.811381412418967,367.6341739589949,35.19756833073997,35.14700668945093,35.29491220855198,35.07196191261246,0.0623816692600343,0.11294331054907047,-0.03496220855197407,0.18798808738754502
DES,PS15cze,0.04035,36.43433,0.1503,44.26719858132483,631.3815327082759,36.25375840259327,36.194608330926,36.34147131955242,36.1086225277451,0.18057159740673256,0.23972166907400094,0.09285868044758416,0.32570747225490493
DES,PSNJ1204051,0.04545,36.57682,0.1173,72.67816871364728,674.2017493562865,36.52026962366405,36.45834389570132,36.60486173346904,36.36872482539545,0.05655037633594873,0.11847610429867927,-0.028041733469045482,0.2080951746045514
DES,SN2017mf,0.02598,35.36794,0.1168,73.30174516794897,386.37932109330967,35.27470326311441,35.22362889825503,35.37147320802996,35.147943125171096,0.09323673688558642,0.14431110174496808,-0.00353320802996393,0.21999687482890096
DES,ASASSN-15pn,0.03909,36.37011,0.1167,73.4274232334647,612.9822163065348,36.182868680372025,36.12441158986658,36.27136010180364,36.03932520705956,0.1872413196279723,0.2456984101334143,0.09874989819635971,0.3307847929404346
DES,ASASSN-16fs,0.02944,35.4407,0.1101,82.49456979494325,399.5451608873921,35.551786693954746,35.49873307218202,35.646339902839244,35.42055874905748,-0.11108669395474635,-0.05803307218202036,-0.20563990283924483,0.020141250942522504
DES,AT2016htm,0.04289,36.45301,0.0793,159.020687001172,636.836394738113,36.390342332985504,36.329804024647046,36.476494911507366,36.24200726166571,0.06266766701449455,0.12320597535295263,-0.0234849115073672,0.21100273833428673
DES,Gaia16aki,0.07393,37.69622,0.0899,123.73159647166982,1128.9374370476055,37.620634821511345,37.544050447535895,37.688670304521594,37.434353142105145,0.07558517848865165,0.1521695524641018,0.007549695478402896,0.26186685789485153
DES,PS15mt,0.07193,37.72225,0.1089,84.32264881050257,1142.5517374056765,37.55805492004342,37.48245440078601,37.62720593556418,37.37415552022448,0.16419507995658478,0.2397955992139913,0.09504406443582525,0.34809447977552566
DES,SN2017ms,0.02591,35.33251,0.1146,76.14313691449736,380.12626205531336,35.26873120694835,35.21769711502503,35.36554623718024,35.14206174434457,0.06377879305164669,0.11481288497496678,-0.033036237180240846,0.19044825565542567
DES,ASASSN-15pr,0.03264,36.05743,0.1301,59.080669336719055,530.776730642882,35.780993394041225,35.72612899964592,35.873516874765826,35.645657947426095,0.2764366059587715,0.33130100035407395,0.18391312523417014,0.4117720525739017
DES,ASASSN-16hc,0.05151,36.79875,0.0748,178.7297320483857,746.751106947302,36.80155734792687,36.736393961986664,36.882503783365905,36.64247275521899,-0.002807347926868431,0.062356038013334114,-0.083753783365907,0.15627724478100902
DES,AT2016htn,0.05222,36.98666,0.1272,61.80530833432221,814.2502021432447,36.832391461896776,36.76685300763632,36.91291517384182,36.67242881979243,0.15426853810322427,0.2198069923636794,0.07374482615818323,0.314231180207571
DES,Gaia16bba,0.0299,35.52993,0.1114,80.58043700382596,416.3052377983726,35.58619467793423,35.53287959268674,35.68045490844189,35.45437483007767,-0.05626467793423018,-0.002949592686739777,-0.15052490844188782,0.0755551699223318
DES,PS16aer,0.05693,37.13672,0.1003,99.4026892403547,872.5089188694043,37.027231462825135,36.95922732286686,37.104974139767826,36.861472089813994,0.10948853717486173,0.177492677133138,0.03174586023217074,0.27524791018600325
DES,ASASSN-16hr,0.03083,35.60979,0.1733,33.2968289099051,431.90066730695884,35.65420309175136,35.600360591909975,35.7478722338587,35.5211880590188,-0.044413091751366096,0.00942940809002124,-0.13808223385870377,0.08860194098119933
DES,PS16axi,0.04089,36.24039,0.0952,110.33825294823811,577.4360249450615,36.28348244456076,36.2240362609293,36.37086262718627,36.137665209288585,-0.043092444560763,0.016353739070694928,-0.13047262718627195,0.10272479071141305
DES,1366436,0.23954,40.44745,0.1127,78.73216027663332,4007.8907532091225,40.396852224280636,40.25965365094086,40.394143190841135,40.03984598267813,0.05059777571936763,0.18779634905914122,0.05330680915886887,0.4076040173218729
DES,1366482,0.32154,41.20996,0.1495,44.74222883412938,5694.005404882084,41.129630186832486,40.97525036272302,41.10523185178218,40.70476164269384,0.0803298131675163,0.23470963727698546,0.1047281482178235,0.5051983573061634
DES,1514043,0.52706,42.44815,0.327,9.351999925184,10070.612260593576,42.39874188289176,42.22862510286171,42.348533226318864,41.8408278547384,0.04940811710823567,0.21952489713828527,0.09961677368113442,0.6073221452615982
DES,1432027,0.35039,41.25919,0.1755,32.467268934505405,5824.570081081849,41.34682243177604,41.188057325905234,41.31652380297848,40.90029133864645,-0.08763243177604352,0.07113267409476265,-0.05733380297848356,0.35889866135354964
DES,1642138,0.65971,43.01035,0.149,45.04301608035674,13046.555769098737,42.989654110661576,42.82495678265927,42.93915297015528,42.367969456073,0.02069588933842681,0.18539321734073155,0.07119702984472553,0.642380543927004
DES,1602033,0.60967,42.78596,0.1441,48.15839875250484,11765.702829290358,42.78114469802358,42.6132358884423,42.72952170079864,42.1817959564271,0.004815301976421438,0.17272411155770584,0.056438299201360564,0.6041640435729008
DES,1579146,0.80325,43.3846,0.1381,52.43395811890029,15500.505982198734,43.51339619309741,43.36440820834294,43.473006638770556,42.83759036041405,-0.12879619309740775,0.020191791657062197,-0.08840663877055732,0.5470096395859514
DES,1434262,0.78964,43.30747,0.1375,52.89256198347107,14959.596342972767,43.46777069011057,43.316928568243426,43.426034094608404,42.79652241186993,-0.16030069011056725,-0.009458568243424281,-0.11856409460840212,0.5109475881300725
DES,1535064,0.80078,43.6954,0.1825,30.024394820791898,17885.697243767467,43.50517162275568,43.35584200808113,43.46453211793609,42.83018464136362,0.19022837724431696,0.33955799191886626,0.23086788206391162,0.8652153586363767
DES,1565032,0.46097,42.34155,0.1445,47.89214688521451,9588.173300673645,42.05004116345387,41.88134018664314,42.004312933934074,41.52984898303757,0.2915088365461287,0.4602098133568546,0.3372370660659243,0.8117010169624308
DES,1644211,0.45743,42.19071,0.1718,33.88080191792443,8944.743166882643,42.03007690221672,41.861540256006336,41.98468158209654,41.51203014297418,0.1606330977832826,0.32916974399366694,0.20602841790346105,0.6786798570258199
DES,1367408,0.54306,42.5904,0.1527,42.88663047892787,10752.411459530062,42.47700322058575,42.30698834152224,42.42617737152873,41.91059098195959,0.11339677941425208,0.2834116584777604,0.164222628471272,0.6798090180404159
DES,1433108,0.68283,43.29628,0.1576,40.26127960009277,14882.705056622563,43.08096795465758,42.91818291574131,43.03143879503466,42.44960885856284,0.2153120453424222,0.37809708425869104,0.264841204965343,0.846671141437163
DES,1435094,1.017,43.92261,0.1354,54.54597025280967,19858.565563301036,44.14549520520329,44.03346857300338,44.1346792700098,43.41120524936932,-0.22288520520329058,-0.11085857300338375,-0.21206927000979903,0.5114047506306818
DES,1293758,0.14812,39.29882,0.0844,140.383189955302,2361.510468081678,39.236028928908176,39.12746706077937,39.26736613317009,38.967087746719166,0.06279107109182291,0.17135293922063255,0.031453866829906474,0.33173225328083333
DES,1305756,0.27589,40.66582,0.6008,2.7703851588915622,4431.899209196705,40.74632409112674,40.60060306717007,40.73305620900493,40.358034866856514,-0.08050409112674117,0.06521693282992658,-0.06723620900493188,0.3077851331434829
DES,1291242,0.27905,40.89237,0.2187,20.9075158128769,4919.261109070654,40.77466949644665,40.62827777697939,40.76055680005365,40.38375335582037,0.11770050355335115,0.2640922230206115,0.13181319994635032,0.5086166441796323
DES,1311631,0.64039,43.19782,0.1747,32.76530311673393,14222.956279749145,42.91098571873604,42.744893694091225,42.85988770264953,42.29769298932213,0.2868342812639568,0.45292630590877536,0.3379322973504699,0.9001270106778705
DES,1290816,0.21847,40.31675,0.1664,36.11547707100592,3773.7738873770395,40.17122233140368,40.039673137373285,40.17537199402978,39.8332797742013,0.1455276685963156,0.27707686262671416,0.14137800597021766,0.4834702257986976
DES,1297377,0.60981,42.53459,0.2067,23.405560552642736,10479.579944165895,42.781750326165835,42.613848640859224,42.73012850024392,42.182336319363955,-0.24716032616583306,-0.07925864085922285,-0.19553850024392005,0.35225368063604634
DES,1321338,0.31048,41.08142,0.1611,38.530879224573766,5366.731588626937,41.0415866056764,40.88910580597129,41.01967761446752,40.62531531530062,0.03983339432360111,0.19231419402871097,0.06174238553248301,0.45610468469938326
DES,1319840,0.4897,42.20478,0.1321,57.30524383094724,9002.888574120407,42.206995563264805,42.03730227603047,42.15892375886358,41.66987134563132,-0.0022155632648050982,0.16747772396952598,0.04585624113641984,0.5349086543686781
DES,1293366,0.3204,41.26326,0.1538,42.27536141206471,5835.4973349309685,41.120684897950945,40.9664951162492,41.09653720505332,40.696694877125026,0.142575102049058,0.2967648837508037,0.1667227949466792,0.5665651228749766
DES,1297465,0.27784,41.00841,0.1548,41.730932302412384,5189.289204496049,40.763850726367245,40.61771453248225,40.750060173484854,40.373938752065996,0.24455927363275265,0.39069546751774453,0.2583498265151434,0.6344712479340018
DES,1318659,0.42354,42.3467,14.2731,0.0049086648749371315,9610.940200163124,41.83135030817231,41.664875691443456,41.78965460801341,41.33452453744044,0.5153496918276872,0.6818243085565427,0.5570453919865912,1.0121754625595614
DES,1293319,0.29686,40.89235,0.1636,37.36228262623968,4919.215801210111,40.929116580983845,40.7791465108466,40.91045268784346,40.52366253556513,-0.03676658098384422,0.11320348915339906,-0.018102687843459364,0.36868746443487055
DES,1310182,0.49611,42.02496,0.1428,49.039223532550274,8287.391871418411,42.24084278968276,42.07100886812862,42.19233291106832,41.700054861282055,-0.21588278968275887,-0.04604886812862219,-0.16737291106831975,0.3249051387179449
DES,1324062,0.70325,43.60504,255.9629,1.526321268873942e-05,17156.704651372907,43.15920097358543,42.99831598001733,43.11075415032662,42.51961949500817,0.44583902641457485,0.6067240199826713,0.49428584967338196,1.0854205049918306
DES,1318235,0.36002,41.56068,0.148,45.65376186997809,6692.09157206671,41.41566733760351,41.25561520333449,41.38358380980177,40.962143982321635,0.14501266239648913,0.3050647966655049,0.17709619019822753,0.598536017678363
DES,1312897,0.28578,40.65082,0.2153,21.573069388267577,4401.390229637304,40.83406819588084,40.68628429383284,40.81819400992518,40.43760539423104,-0.18324819588083585,-0.03546429383283822,-0.16737400992517593,0.213214605768961
DES,1313698,0.43619,41.84314,0.1563,40.93379817754544,7621.7355323487,41.90719504538658,41.73984542964114,41.86400801782506,41.402301682985055,-0.06405504538658136,0.10329457035885525,-0.02086801782505887,0.44083831701494347
DES,1306067,0.7222,43.01877,0.1089,84.32264881050257,13097.242691543886,43.22988503630462,43.07093294200331,43.18262276407995,42.582934473742114,-0.21111503630461925,-0.05216294200330651,-0.1638527640799481,0.4358355262578897
DES,1861474,0.68966,42.99482,0.1428,49.039223532550274,12953.581892239057,43.107380507925654,42.94520940614434,43.05819046054893,42.47323812565652,-0.1125605079256573,0.04961059385565392,-0.06337046054893136,0.5215818743434752
DES,1889090,0.5129,42.25625,0.1399,51.09337262754312,9218.831456581813,42.327605582652744,42.15753804819433,42.278089847582606,41.77741256279904,-0.07135558265274256,0.09871195180566872,-0.021839847582604932,0.4788374372009585
DES,1915184,0.5246,42.37404,0.1669,35.899411285554336,9732.712059738396,42.386512596334754,42.216394855523845,42.33641431010287,41.82992630382931,-0.01247259633475295,0.15764514447615596,0.03762568989713344,0.5441136961706903
DES,1849244,0.57697,42.59296,0.1443,48.02499604994407,10765.095205923073,42.635965560090256,42.466695461424976,42.5843886218427,42.0523073581833,-0.04300556009025769,0.12626453857502185,0.008571378157299137,0.540652641816699
DES,1904293,0.44623,41.86956,0.1533,42.551579961439764,7715.03454578091,41.96595562260391,41.79800151639742,41.921679257659235,41.45478422468213,-0.09639562260390733,0.07155848360257977,-0.05211925765923553,0.4147757753178709
DES,1876204,0.51008,42.31712,0.1747,32.76530311673393,9480.90674966157,42.31321996811689,42.1431782316917,42.26385904704914,41.764587462923615,0.003900031883112831,0.17394176830830332,0.05326095295086475,0.552532537076388
DES,1770225,0.58074,42.76376,0.1902,27.642605437189918,11646.029210107637,42.65309301615875,42.48394849299578,42.60147766423796,42.067579761658195,0.11066698384124862,0.27981150700421864,0.1622823357620362,0.6961802383418032
DES,1892072,0.92838,43.72325,3.8474,0.06755621647993962,18116.565772596718,43.90085975316131,43.77188808280899,43.876036166461105,43.188039017660984,-0.17760975316131322,-0.04863808280899207,-0.1527861664611052,0.5352109823390165
DES,1916207,0.40841,41.73184,0.1671,35.81352755725599,7240.922096955967,41.737836281832,41.572578590222676,41.69810275071913,41.250895492914594,-0.005996281832004513,0.15926140977732217,0.0337372492808683,0.4809445070854039
DES,1791048,0.21094,39.90133,0.1228,66.31370094112404,3116.677566909679,40.08569656273417,39.95629843092342,40.09243476715012,39.75473928661964,-0.1843665627341693,-0.054968430923416634,-0.19110476715011515,0.14659071338036256
DES,1782065,0.20173,39.82988,0.1012,97.64251902076272,3015.7954042322217,39.97717449921466,39.850504430235624,39.98717970248144,39.654887191235346,-0.14729449921465942,-0.020624430235621105,-0.15729970248143843,0.17499280876465662
DES,1339756,0.27539,40.69707,0.1095,83.40109672442193,4496.140510373679,40.74181175185069,40.59619785387418,40.7286785881703,40.35393950700975,-0.044741751850693845,0.10087214612581619,-0.03160858817030032,0.3431304929902481
DES,1334742,0.52809,42.46907,0.3578,7.811228234403086,10168.101553206807,42.403846437352996,42.23373123574229,42.35359280628524,41.845378174589655,0.0652235626470059,0.23533876425771183,0.11547719371476006,0.6236918254103472
DES,1327978,0.20699,39.99299,0.1567,40.725085716124156,3251.051693370625,40.03969992062977,39.911458616832505,40.04782557124264,39.712443905930584,-0.046709920629773194,0.0815313831674942,-0.05483557124264138,0.28054609406941466
DES,1334686,0.65904,42.93731,0.1523,43.112200795937454,12615.018015029309,42.98696278049189,42.82221393677172,42.93643760658815,42.3655644018445,-0.04965278049189692,0.11509606322827892,0.0008723934118464172,0.5717455981554949
DES,1343542,0.78512,43.03054,0.1291,59.99948400443757,13168.42622694972,43.45245000488168,43.30100756340105,43.410282550163785,42.78274017396144,-0.4219100048816813,-0.2704675634010485,-0.3797425501637832,0.247799826038559
DES,1302523,0.42391,41.85669,0.1031,94.07682878299393,7669.443900204683,41.83359826446909,41.6670962326414,41.791857035337244,41.33653399891958,0.023091735530911706,0.1895937673586019,0.0648329646627559,0.5201560010804229
DES,1331700,0.36025,42.08385,0.3282,9.283737380151592,8515.220041922703,41.41729079732386,41.25720897718931,41.385165739859346,40.96360186815195,0.6665592026761402,0.8266410228106906,0.6986842601406522,1.1202481318480508
DES,1262231,0.88314,43.70035,0.2346,18.16954217841182,17926.51525608335,43.766991647127014,43.630204432964945,43.73591877373162,43.066584835532566,-0.06664164712701393,0.07014556703505548,-0.03556877373161882,0.6337651644674338
DES,1261503,0.35211,41.15259,0.1223,66.85703091937108,5545.540419410384,41.35924539313649,41.20024405954351,41.32862132862936,40.91145681942402,-0.20665539313649361,-0.047654059543511096,-0.17603132862936377,0.24113318057597866
DES,1260605,0.55534,42.4499,0.1451,47.49689014111801,10078.731486399598,42.53561786372916,42.36579131120808,42.484434261690815,41.96284210936916,-0.08571786372915824,0.08410868879192179,-0.034534261690815526,0.4870578906308367
DES,1252829,0.45168,41.75649,0.1374,52.96958062923625,7323.58750520204,41.99734159426466,41.829092056401606,41.95250819153777,41.48280788132924,-0.24085159426466163,-0.07260205640160677,-0.19601819153776745,0.273682118670763
DES,1258433,0.61445,43.08686,0.2462,16.49771902536755,13514.434416642333,42.801748648798565,42.63408917499803,42.7501720802423,42.20018059696439,0.2851113512014365,0.45277082500196997,0.3366879197577006,0.8866794030356147
DES,1248962,0.48342,42.15537,0.12,69.44444444444444,8800.348585013699,42.17343248851256,42.003905116533275,42.12581942506475,41.63993750458512,-0.018062488512562425,0.1514648834667227,0.02955057493525004,0.5154324954148777
DES,1265990,0.58574,42.60893,0.2047,23.865158038656308,10844.55847986304,42.67564782320838,42.50668266543953,42.62399504823978,42.08769306133546,-0.06671782320837849,0.10224733456047375,-0.015065048239776502,0.5212369386645435
DES,1262232,0.26103,40.86697,0.7274,1.8899634549106503,4862.055086657167,40.60889438343669,40.466475604692,40.599753731830376,40.233154339513355,0.25807561656331046,0.40049439530800157,0.2672162681696264,0.633815660486647
DES,1285539,0.48417,42.41342,0.391,6.541035184228255,9910.826537787198,42.1774620764583,42.00791341356638,42.1297926767339,41.6435315781249,0.23595792354170442,0.40550658643362425,0.28362732326610285,0.7698884218751019
DES,1249342,0.65098,42.63731,0.1312,58.09414039262343,10987.221377730566,42.95438125164084,42.789030283866666,42.90358560185135,42.33645331314947,-0.31707125164084005,-0.15172028386666625,-0.2662756018513477,0.3008566868505298
DES,1256701,0.43629,42.28125,0.235,18.107741059302853,9325.580493763004,41.907786458835446,41.74043043311933,41.864588173403355,41.402830024718696,0.37346354116455416,0.5408195668806712,0.41666182659664486,0.8784199752813038
DES,1250665,0.29461,40.91041,0.1873,28.505223154564725,4960.299218155106,40.910082024028924,40.76054535190481,40.89197364129689,40.50643979798089,0.00032797597107503407,0.14986464809518907,0.018436358703105782,0.40397020201911005
DES,1251552,0.35484,41.5652,0.1302,58.98995047203758,6706.03591557131,41.37884907353606,41.219478490593815,41.34771442210629,40.92907232024292,0.18635092646393758,0.3457215094061823,0.21748557789370437,0.6361276797570738
DES,1262131,0.33802,41.20249,0.1091,84.01377489853236,5674.451325434505,41.255789277732624,41.09880572684207,41.22791744684166,40.818413457875614,-0.053299277732627104,0.10368427315792417,-0.025427446841661094,0.384076542124383
DES,1307261,0.70351,42.91779,0.1562,40.98622698828286,12502.126101352413,43.16018303936073,42.999323476679834,43.111751311554215,42.52049877121184,-0.24239303936073497,-0.08153347667983724,-0.1939613115542187,0.3972912287881556
DES,1250858,0.85707,43.69555,0.2935,11.608705368155581,17886.932786636626,43.68677627382104,43.54577169450766,43.65241019332633,42.99400730702175,0.008773726178958441,0.14977830549234028,0.04313980667366479,0.7015426929782507
DES,1430116,1.02144,44.16439,0.178,31.561671506122966,22197.490308885222,44.157192356473885,44.04606631608636,44.14713419874788,43.42191921076525,0.007197643526112074,0.11832368391363701,0.01725580125211934,0.7424707892347442
DES,1501075,0.38373,41.23591,262.7785,1.448172650996636e-05,5762.459353712126,41.57820271916429,41.415343025803615,41.54210212245479,41.107954431927034,-0.34229271916429127,-0.1794330258036183,-0.3061921224547959,0.12795556807296293
DES,1408024,0.40228,41.50684,0.1677,35.55771746477742,6528.206372268697,41.69903492394072,41.53432435167997,41.66015299254618,41.21617363718774,-0.19219492394072546,-0.02748435167997343,-0.15331299254618358,0.2906663628122601
DES,1440057,0.51228,42.30733,0.1398,51.166493723917874,9438.258656418126,42.32444912806888,42.15438680537425,42.27496694630668,41.77459854355395,-0.017119128068877387,0.1529431946257489,0.03236305369332371,0.5327314564460508
DES,1575019,0.65214,42.80971,0.1503,44.26719858132483,11895.093909350107,42.959093918195975,42.793827595703206,42.90833506406673,42.34066347542387,-0.14938391819597285,0.015882404296796437,-0.09862506406673077,0.46904652457613594
DES,1594042,0.61981,42.93407,0.1523,43.112200795937454,12596.20949560671,42.824673335653934,42.65730827938339,42.77316449774115,42.2206386915461,0.10939666434606465,0.2767617206166051,0.16090550225884925,0.7134313084538988
DES,1645125,0.44419,41.96627,0.16,39.0625,8066.402245033512,41.954116044667906,41.786278408546394,41.910054357666226,41.44421141355468,0.012153955332095734,0.1799915914536072,0.056215642333775406,0.5220585864453184
DES,1370441,0.93733,43.89162,0.1592,39.45607434155703,19577.168331224257,43.926585518653134,43.79923064703702,43.903074356174,43.211430079753995,-0.0349655186531308,0.09238935296298223,-0.011454356173999258,0.6801899202460078
DES,1653101,0.33,41.36497,0.2109,22.4826158793367,6115.329680726245,41.19511746079135,41.03936769438431,41.168901228761946,40.76378352342621,0.16985253920864807,0.32560230561568915,0.19606877123805333,0.6011864765737869
DES,1564017,0.65792,43.04337,0.1608,38.674785277592136,13246.461301121011,42.982458031569124,42.81762357115954,42.9318932111277,42.36153895829093,0.060911968430879426,0.22574642884046625,0.11147678887230228,0.6818310417090743
DES,1450026,0.35831,41.59729,0.1189,70.7353148181289,6805.873537627536,41.40356725124681,41.24373735719314,41.371794088533576,40.951276979966735,0.1937227487531885,0.3535526428068607,0.22549591146642456,0.6460130200332657
DES,1548070,0.67651,43.04567,0.1873,28.505223154564725,13260.499242216349,43.05630246418865,42.89296901510463,43.00648039190343,42.42754889207348,-0.01063246418864594,0.1527009848953682,0.039189608096570794,0.6181211079265196
DES,1699105,0.4659,42.1394,0.2053,23.725867530414778,8735.86421603949,42.07760876222607,41.90869455657996,42.031433299441495,41.55445065502066,0.061791237773931584,0.2307054434200424,0.10796670055850655,0.5849493449793428
DES,1323988,0.50816,42.17286,0.1855,29.06110824536294,8871.516713094927,42.30338299121302,42.13336189826299,42.254130712449914,41.75581735483987,-0.13052299121302013,0.03949810173700996,-0.08127071244991413,0.4170426451601301
DES,1295800,0.74855,43.4209,0.2713,13.586275362009706,15761.802270873368,43.32527487240118,43.16926983885899,43.27993548941586,42.668481204637175,0.09562512759882225,0.25163016114101566,0.1409645105841406,0.7524187953628285
DES,1323016,0.33485,41.43045,0.2227,20.163205014024513,6302.543836752661,41.23196781954106,41.07546445548777,41.20474257376489,40.79697005588217,0.19848218045893873,0.35498554451223185,0.22570742623511109,0.6334799441178305
DES,1300160,0.40925,41.56159,0.1733,33.2968289099051,6694.896617855273,41.74311132321744,41.57778111255965,41.70326366459885,41.2556148929708,-0.18152132321743863,-0.016191112559646115,-0.1416736645988479,0.30597510702920516
DES,1326299,0.67382,43.30403,0.1937,26.65267223689748,14935.916432974578,43.04573739301586,42.88217632604562,42.995796801155734,42.418101662226746,0.2582926069841349,0.4218536739543808,0.30823319884426326,0.885928337773251
DES,1324685,0.54183,42.45177,0.1382,52.35810430153243,10087.414693900055,42.47106396363037,42.30103543686662,42.42027944093144,41.905296651281645,-0.019293963630367728,0.1507345631333834,0.03149055906856546,0.546473348718358
DES,1321365,0.3127,42.23841,195.0641,2.6281206788350106e-05,9143.403276224515,41.0594876489114,40.906615730099986,41.037068617859106,40.64147738562149,1.1789223510886018,1.3317942699000156,1.201341382140896,1.5969326143785096
DES,1304506,0.75421,43.43701,0.1753,32.541395095165676,15879.172809017144,43.34534377772058,43.19000977459635,43.30045787864455,42.686495405464,0.09166622227942156,0.24700022540365296,0.13655212135545014,0.7505145945359999
DES,1290323,0.59909,42.44629,0.1996,25.10030080200481,10061.989853631641,42.734992485908236,42.56657677178279,42.68331422953508,42.14062250209825,-0.28870248590823877,-0.12028677178279423,-0.23702422953508062,0.3056674979017444
DES,1306073,0.32858,41.15561,0.1025,95.18143961927426,5553.258308573757,41.184234062728905,41.02870929794824,41.15831780511898,40.75397869714314,-0.028624062728901833,0.1269007020517634,-0.0027078051189803887,0.4016313028568632
DES,1301397,0.60955,43.02617,0.1745,32.84045286984508,13141.951952320414,42.78062548367612,42.612710576173214,42.72900149156195,42.18133269642185,0.24554451632388208,0.4134594238267866,0.2971685084380482,0.8448373035781529
DES,1311247,0.44183,41.52847,0.1692,34.930056055753965,6593.558671912831,41.94035627270532,41.7726574041244,41.896547161071354,41.43192272964311,-0.4118862727053241,-0.24418740412440343,-0.3680771610713549,0.09654727035688637
DES,1313177,0.63498,42.88847,0.1606,38.77117099792342,12334.452449001375,42.88855350242673,42.722105213650536,42.837324630876914,42.277662203357096,-8.350242673316188e-05,0.16636478634946172,0.051145369123084095,0.6108077966429022
DES,1299090,0.68339,43.0735,0.1394,51.46055342737578,13431.542018836637,43.08314300577692,42.92040747664909,43.03364077239677,42.45155443912635,-0.009643005776915459,0.15309252335091372,0.03985922760323035,0.6219455608736553
DES,1315832,0.6291,42.85659,0.2075,23.225431847873423,12154.68967036311,42.863966256095196,42.69714812352983,42.81261353661212,42.255711010292984,-0.007376256095199096,0.1594418764701686,0.043976463387878084,0.600878989707013
DES,1929024,0.31564,41.12722,0.2304,18.838011188271604,5481.127127221876,41.083015582499215,40.929633410755564,41.05992914198142,40.66271267499554,0.04420441750078652,0.1975865892444375,0.06729085801858048,0.4645073250044618
DES,1847079,0.33041,41.00674,0.1993,25.175923056336917,5185.29984621897,41.198251842444364,41.04243747938523,41.17194938282823,40.7666069819212,-0.19151184244436337,-0.03569747938522738,-0.1652093828282304,0.24013301807880083
DES,1896254,0.55283,42.53302,0.1478,45.77740097890395,10472.005823472928,42.52373664267299,42.35386395786806,42.47261811823765,41.95225051844173,0.009283357327007025,0.17915604213194314,0.060401881762352616,0.5807694815582707
DES,1879256,0.24936,40.35571,0.2089,22.91517192909771,3842.093018232412,40.49582921828409,40.35617880284061,40.490112057631706,40.130175146809115,-0.14011921828409157,-0.000468802840607907,-0.13440205763170354,0.2255348531908865
DES,1880545,0.55111,42.37667,0.1931,26.81855983797299,9744.507070309463,42.51556568999196,42.34566364643681,42.464494134869,41.944966561695026,-0.138895689991962,0.031006353563185485,-0.08782413486900253,0.4317034383049716
DES,1901832,0.91696,43.81609,0.2238,19.965483671828142,18907.925177966903,43.86767917308979,43.73667757131848,43.84121663115961,43.15789458545059,-0.05158917308978772,0.07941242868152187,-0.025126631159608337,0.6581954145494109
DES,1861472,0.83776,43.6059,0.2588,14.930400445284267,17163.50081792522,43.625816045467246,43.481831475711566,43.58916498322129,42.93894359754507,-0.01991604546724801,0.12406852428843251,0.016735016778710587,0.6669564024549288
DES,1946322,0.59043,42.75858,0.1313,58.005683396859226,11618.280971385962,42.696640108590216,42.527856359348355,42.64496612042469,42.10641452529288,0.06193989140978573,0.23072364065164663,0.11361387957531122,0.6521654747071253
DES,1901257,0.51978,42.61672,0.2184,20.964993492466018,10883.532414276307,42.3623950097423,42.19228693313461,42.312525124914686,41.80842676294886,0.2543249902577003,0.4244330668653902,0.3041948750853152,0.8082932370511386
DES,1879208,0.19471,39.99672,0.087,132.11784912141633,3256.6409164617976,39.89133978478408,39.76682202997884,39.903910962701396,39.575755495090206,0.10538021521592356,0.2298979700211632,0.09280903729860768,0.4209645049097972
DES,1901115,0.29874,40.92345,0.1893,27.906075962013137,4990.176136722052,40.94491965857486,40.79459154421073,40.92579586344499,40.53795717425465,-0.021469658574858386,0.12885845578927047,-0.002345863444986662,0.38549282574535226
DES,1289600,0.41962,41.85497,0.2219,20.30885297426198,7663.371421259414,41.80742196435807,41.64124462130141,41.766215770672055,41.31313238778807,0.04754803564193111,0.21372537869859087,0.08875422932794663,0.5418376122119284
DES,1306360,0.45478,41.99291,0.1649,36.77550868803006,8165.971785653621,42.01503788557638,41.84663044108454,41.969898266061776,41.49860582216736,-0.022127885576381345,0.14627955891545952,0.023011733938226087,0.4943041778326389
DES,1308568,0.64304,42.6528,0.1564,40.88146990142659,11065.877928514345,42.92190832662915,42.75599634773565,42.87088026512396,42.30744759585609,-0.2691083266291514,-0.10319634773565411,-0.21808026512395884,0.34535240414390955
DES,1304193,0.45354,42.07876,0.1677,35.55771746477742,8495.283471957116,42.00797283037906,41.83962767086183,41.962954777096435,41.49229888024806,0.07078716962094234,0.2391323291381724,0.11580522290356754,0.5864611197519451
DES,1338940,0.77334,43.6523,0.228,19.236688211757464,17534.19673464787,43.412118093253326,43.25914807614262,43.36886719396905,42.74647689858065,0.2401819067466704,0.3931519238573742,0.28343280603094456,0.9058231014193439
DES,1340470,0.58057,42.66228,0.1513,43.68397440293837,11114.29385441262,42.6523229451569,42.48317257988418,42.60070913602177,42.06689307745832,0.00995705484310605,0.1791074201158196,0.06157086397823264,0.5953869225416852
DES,1329622,0.48607,42.11261,0.2402,17.33221205476147,8628.749774635773,42.18764443723783,42.018043633914345,42.13983420562565,41.65261317434632,-0.07503443723783221,0.09456636608565105,-0.0272242056256502,0.4599968256536755
DES,1329663,0.50765,42.28766,217.3427,2.1169465079785508e-05,9353.149476828257,42.30076421725981,42.13074902851078,42.251541238968485,41.753482567609296,-0.013104217259808593,0.15691097148922495,0.03611876103151701,0.534177432390706
DES,1302110,0.45351,42.27599,0.2672,14.006418301122306,9303.018295576614,42.007801679816566,41.839458041673865,41.96278658283907,41.492146091381855,0.26818832018343386,0.43653195832613534,0.3132034171609277,0.7838439086181452
DES,1336384,0.58306,42.75765,0.1686,35.17911092536541,11613.306149786149,42.66358107745139,42.49451796971648,42.61194645154788,42.07693231047527,0.09406892254860821,0.26313203028351495,0.14570354845211853,0.6807176895247267
DES,1255824,0.81852,43.47335,0.2312,18.707869877036913,16147.149827196441,43.563705471252845,43.4168790393625,43.524914107010936,42.882917559180264,-0.09035547125284182,0.056470960637504675,-0.0515641070109325,0.5904324408197397
DES,1253119,0.31915,41.11731,0.1342,55.52581839503731,5456.1697702559895,41.11084279054144,40.956862884909484,41.08697148580193,40.687818068444415,0.006467209458563161,0.1604471150905198,0.03033851419807121,0.42949193155558874
DES,1263715,0.29185,40.83596,0.127,62.000124000248,4793.115287156935,40.886549757123035,40.73755202763701,40.86913041886481,40.4851397518269,-0.05058975712303493,0.09840797236299181,-0.0331704188648132,0.3508202481731004
DES,1265089,0.44472,41.86658,0.1654,36.55350189858889,7704.4541513663735,41.9571968494695,41.789328644175946,41.913079063511546,41.44696267552403,-0.0906168494694981,0.07725135582405329,-0.04649906351154698,0.419617324475972
DES,1259330,0.60243,42.86699,0.2111,22.44003517699914,12213.042687188368,42.74964477870756,42.581382341737665,42.697976840986385,42.15369308043078,0.11734522129243885,0.2856076582623359,0.16901315901361613,0.713296919569224
DES,1264689,0.73162,43.24328,0.2076,23.203062061694155,14523.854016883291,43.26436405613691,43.106431547163496,43.2177530623803,42.613841526329594,-0.021084056136913887,0.13684845283650304,0.02552693761970204,0.6294384736704046
DES,1265040,0.42981,41.45573,0.205,23.795359904818564,6376.345998262291,41.869201029854956,41.70227673960027,41.82674940854653,41.3683543784654,-0.41347102985495354,-0.2465467396002694,-0.37101940854653037,0.08737562153460487
DES,1246314,0.38337,41.6293,0.2593,14.872876320581284,6906.943048924718,41.57580487053794,41.41298405078415,41.53976134097529,41.10580540765382,0.05349512946206403,0.21631594921585418,0.08953865902471136,0.5234945923461822
DES,1249209,0.48312,42.4651,0.1794,31.070992245923172,10149.528678598928,42.17181902498481,42.00230028199733,42.12422861431963,41.63849840591043,0.29328097501518613,0.46279971800267106,0.3408713856803729,0.826601594089567
DES,1247570,0.57927,42.52181,0.1828,29.92592734463656,10418.084486211143,42.646427144222194,42.47723266376624,42.59482572333924,42.061635759802456,-0.12461714422219217,0.0445773362337647,-0.073015723339239,0.4601742401975457
DES,1252926,0.92427,43.53843,0.1469,46.34004043631928,16638.412037095455,43.88896449697573,43.7592579545435,43.86354641116182,43.17722902928965,-0.35053449697573313,-0.2208279545435019,-0.3251164111618223,0.3612009707103496
DES,1246796,0.55502,43.4149,286.2019,1.2208293871988046e-05,15718.310914935335,42.53410593039414,42.36427327996103,42.482930397007706,41.96149427720071,0.8807940696058623,1.05062672003897,0.9319696029922966,1.453405722799296
DES,1256680,0.29438,41.07496,0.1846,29.345168435397788,5350.7896094487205,40.90812875327474,40.75863668498144,40.8900774697743,40.50467213587771,0.16683124672525906,0.3163233150185576,0.18488253022569978,0.5702878641222853
DES,1265426,0.42029,41.98525,0.1657,36.42126142125232,8137.216574950655,41.81152635904006,41.64529732094804,41.77023557223549,41.316802075653264,0.17372364095994186,0.3399526790519616,0.2150144277645083,0.6684479243467365
DES,1643312,0.34037,41.1496,0.193,26.846358291497754,5537.909765051093,41.27331651648397,41.11598325826263,41.244971899368196,40.83418622844741,-0.12371651648397375,0.03361674173736873,-0.09537189936819601,0.315413771552592
DES,1643213,0.65526,43.03976,0.1831,29.827943473660877,13224.457798906713,42.971729996010595,42.806694706938,42.92107367449001,42.351953066448715,0.0680300039894064,0.23306529306199764,0.11868632550999081,0.6878069335512862
DES,1639025,0.6619,42.92854,0.1186,71.09361892114012,12564.172055441637,42.998433064890804,42.83390567917197,42.94801212860499,42.375815024688215,-0.06989306489080604,0.09463432082802825,-0.01947212860498837,0.5527249753117829
DES,1390173,0.65875,43.17347,0.1778,31.63271632665714,14064.35678465718,42.985797070346706,42.821025998059056,42.93526156731138,42.36452270692112,0.18767292965329574,0.3524440019409454,0.2382084326886229,0.8089472930788801
DES,1549078,0.60558,42.81212,0.2289,19.085714133028574,11908.302960571898,42.76339351582831,42.5952813571707,42.71174135082037,42.165958529199415,0.0487264841716879,0.21683864282930188,0.1003786491796319,0.6461614708005854
DES,1368188,0.24003,40.4215,0.0905,122.09639510393457,3960.2798406289044,40.40187872338673,40.264555118497434,40.399016791241046,40.04443744418755,0.019621276613271732,0.15694488150256802,0.022483208758956152,0.37706255581245074
DES,1376168,0.49239,42.31103,0.1648,36.82015270053728,9454.354336670762,42.221249720003634,42.05149390379575,42.17299038650034,41.68258302599739,0.0897802799963685,0.25953609620425055,0.13803961349966443,0.628446974002614
DES,1531089,0.29149,40.74212,0.1116,80.29187703138447,4590.393067827702,40.8834652741572,40.73453843734515,40.86613643236157,40.48234722035628,-0.141345274157203,0.0075815626548489945,-0.12401643236157156,0.25977277964371837
DES,1370308,0.62863,42.98062,0.225,19.753086419753085,12869.150358672918,42.86199157084832,42.695144663259086,42.81062978463024,42.25394820629195,0.11862842915168414,0.28547533674091596,0.169990215369765,0.72667179370805
DES,1371022,0.29082,40.89713,0.1577,40.21023519368667,4930.056257027405,40.87771538063235,40.72892084999205,40.86055534539894,40.47714116887793,0.019414619367644548,0.16820915000794656,0.036574654601054135,0.419988831122069
DES,1370320,0.3307,41.23123,0.1243,64.7228663945286,5750.053361718686,41.20046668633185,41.044606732541496,41.174103340418014,40.768602038431965,0.030763313668145997,0.18662326745850066,0.05712665958198215,0.46262796156803176
DES,1434201,0.26317,41.83784,320.3305,9.745484088904801e-06,7603.155539743169,40.62912217844547,40.48621260094527,40.619371288264134,40.251554800044026,1.2087178215545293,1.3516273990547276,1.2184687117358663,1.5862851999559737
DES,1697026,0.26046,40.98259,0.24,17.36111111111111,5127.951099329399,40.603480902829205,40.461193724959784,40.594503701664465,40.228228731057705,0.3791090971707973,0.5213962750402175,0.3880862983355371,0.7543612689422972
DES,1592067,0.69191,43.03551,0.127,62.000124000248,13198.600237853556,43.116026984609135,42.954062919113795,43.066953730129555,42.4809750367712,-0.08051698460913315,0.08144708088620689,-0.031443730129552705,0.5545349632288037
DES,1547071,0.29911,40.90452,0.2192,20.812243593158932,4946.862909018444,40.94801907647556,40.79762093247455,40.92880522384816,40.54076029991842,-0.043499076475562504,0.10689906752544687,-0.024285223848160342,0.3637597000815802
DES,1387101,0.48092,42.00385,0.1348,55.03262333911543,8207.216218949632,42.159958407614354,41.9905049147151,42.11253618686105,41.62791924697705,-0.1561084076143544,0.01334508528489664,-0.1086861868610498,0.3759307530229492
DES,1389210,0.54865,42.50563,0.127,62.000124000248,10340.746104314076,42.50383768896309,42.33389685562558,42.45283668165711,41.93451180347729,0.0017923110369082451,0.17173314437441434,0.0527933183428857,0.5711181965227041
DES,1310964,0.75147,43.43784,0.171,34.198556820902155,15885.24345146687,43.33564657600618,43.17998608352462,43.29053939467714,42.67779029313324,0.1021934239938247,0.25785391647538347,0.1473006053228616,0.7600497068667593
DES,1294667,0.62818,42.87617,0.2031,24.242653445693183,12264.783180370447,42.86009960511522,42.693225256679995,42.80872925399644,42.25225926934961,0.016070394884785344,0.18294474332000732,0.06744074600356242,0.6239107306503939
DES,1310916,0.67923,42.76458,0.1263,62.68928245220413,11650.427860186508,43.06694477607735,42.903845015689825,43.0172462903394,42.43706627644792,-0.30236477607734713,-0.13926501568982275,-0.25266629033939836,0.3275137235520802
DES,1309330,0.34472,42.25376,7.0706,0.020002646606179873,9208.266397493806,41.30546896091002,41.147502357383836,41.27626378988929,40.86310990218753,0.9482910390899804,1.106257642616164,0.9774962101107079,1.3906500978124683
DES,1294137,0.47085,41.85041,0.2885,12.014573677871258,7647.295551395059,42.10501706221838,41.935906897117576,42.058411580769345,41.57890645533719,-0.25460706221838336,-0.08549689711757935,-0.2080015807693485,0.27150354466280646
DES,1326367,0.55797,42.698,0.1819,30.222793365855072,11298.632293679391,42.548013201464315,42.37823915466852,42.49676580175837,41.973892205075245,0.14998679853568575,0.31976084533147997,0.2012341982416288,0.7241077949247554
DES,1300590,0.65633,42.77199,0.1199,69.56033002202975,11690.252052647571,42.9760503718818,42.81109544160704,42.92543040637533,42.355813365744986,-0.20406037188179482,-0.03910544160703466,-0.1534404063753243,0.4161766342550166
DES,1292800,0.60097,42.39938,0.2336,18.32543629198724,9846.953227605856,42.74324933317851,42.574919124336716,42.69157607131966,42.14798790583003,-0.3438693331785103,-0.1755391243367157,-0.2921960713196583,0.2513920941699723
DES,1300084,0.61843,43.07014,0.2492,16.10289362557294,13410.77496541311,42.81878904577448,42.65134669859458,42.767261195675886,42.215387244021,0.2513509542255221,0.41879330140542237,0.3028788043241164,0.8547527559789998
DES,1297353,0.54402,42.13796,0.147,46.27701420704337,8730.07299609269,42.48162999184157,42.311626429660635,42.43077258830076,41.91471535593693,-0.34366999184157265,-0.17366642966063495,-0.2928125883007624,0.22324464406307243
DES,1315296,0.41257,41.68001,0.2328,18.451600713265076,7070.137744479015,41.763862905682025,41.59825181839409,41.72357018764673,41.274178287746324,-0.08385290568202208,0.0817581816059132,-0.04356018764672598,0.4058317122536792
DES,1309551,0.65135,43.25646,0.2268,19.440789576004153,14612.276282054796,42.955885294773466,42.790561252024276,42.90510130328592,42.33779696338078,0.3005747052265306,0.4658987479757215,0.3513586967140796,0.9186630366192148
DES,1290191,0.59506,42.39187,0.2198,20.69877405301039,9812.95653152147,42.717210345910516,42.54861806099299,42.66552847807925,42.12476118395415,-0.32534034591051864,-0.15674806099299587,-0.2736584780792555,0.26710881604584813
DES,1302705,0.79229,43.39748,0.1293,59.814014303923386,15592.719811931905,43.47671364774089,43.326227094003656,43.43523351281753,42.80456919745826,-0.07923364774088526,0.07125290599634582,-0.03775351281753103,0.5929108025417449
DES,1324562,0.35299,41.39783,0.127,62.000124000248,6208.57418884511,41.36557975503497,41.206458634402495,41.334790310098356,40.91714927192672,0.032250244965027264,0.19137136559750445,0.06303968990164321,0.4806807280732812
DES,1295027,0.42561,41.76441,0.1372,53.12412345196305,7350.347558971218,41.84390345094145,41.67727687941486,41.80195452376843,41.34574536649956,-0.07949345094144888,0.08713312058513623,-0.03754452376843176,0.41866463350044114
DES,1324582,0.38185,41.63203,0.1558,41.19695274379945,6915.631997663246,41.56565768776671,41.403002258416045,41.529856423404595,41.09671053440025,0.0663723122332911,0.22902774158395545,0.10217357659540482,0.5353194655997484
DES,1303699,0.79547,43.28644,0.1709,34.23859024658975,14815.416838245179,43.48740716047753,43.337350786468875,43.44623851368034,42.81419292595732,-0.20096716047753205,-0.05091078646887581,-0.15979851368034304,0.4722470740426772
DES,1297365,0.34316,42.74336,224.7118,1.9803786829163276e-05,11537.132358458346,41.29398155954702,41.13624000565374,41.265082827723646,40.85277759657517,1.449378440452982,1.607119994346263,1.478277172276357,1.8905824034248297
DES,1303140,0.49592,42.49048,0.1396,51.31320760913293,10268.851537205863,42.23984538917263,42.070015222562546,42.19134806104376,41.699165471101416,0.25063461082736893,0.42046477743745214,0.29913193895623635,0.7913145288985817
DES,1291090,0.29199,40.86884,0.1247,64.30830946959149,4866.24393058588,40.88774833452131,40.738723072861326,40.87029384197129,40.486224841985425,-0.018908334521313463,0.13011692713867262,-0.0014538419712906148,0.38261515801457335
DES,1321166,0.4351,42.0886,0.1354,54.54597025280967,8533.867097087592,41.90074048654638,41.73346125120827,41.85767670607116,41.3965353169962,0.18785951345361696,0.355138748791731,0.23092329392883926,0.6920646830037995
DES,1879412,0.81984,43.5881,0.1897,27.788514951193637,17023.383189619377,43.568011665208005,43.421376038104995,43.52936268082051,42.88679950165243,0.02008833479199268,0.16672396189500205,0.058737319179485326,0.7013004983475639
DES,1904152,0.44025,42.07844,0.1423,49.38444755346977,8494.031652959482,41.93110612897701,41.76350258859579,41.88746865598234,41.42366084332019,0.1473338710229939,0.31493741140420894,0.1909713440176617,0.6547791566798082
DES,1876305,0.53667,42.40215,0.1392,51.608534813053254,9859.522332711838,42.44600971684291,42.27593441880214,42.39540959956794,41.882963064312165,-0.04385971684290979,0.12621558119786158,0.006740400432057925,0.5191869356878343
DES,1880513,0.64458,42.87458,0.1341,55.60866182760092,12255.805922644075,42.928236216725026,42.76243052947901,42.877250566169906,42.31309921714159,-0.05365621672502385,0.11214947052098978,-0.0026705661699040206,0.5614807828584105
DES,1810037,0.4965,42.33984,0.2498,16.0256307528008,9580.625738816561,42.24288897130277,42.07304742103101,42.194353413960016,41.70187944929387,0.09695102869723371,0.2667925789689889,0.14548658603998632,0.6379605507061328
DES,1847303,0.47964,42.15841,0.1333,56.278135550391724,8812.677452323696,42.15303444726132,41.98362051837539,42.1057117628273,41.62174312114061,0.005375552738684064,0.1747894816246145,0.05269823717270583,0.5366668788593927
DES,1898252,0.74571,43.16479,0.1228,66.31370094112404,14008.249716726808,43.315149985258,43.158813231743025,43.2695883631884,42.65939514128566,-0.15035998525799954,0.00597676825697846,-0.10479836318839375,0.5053948587143466
DES,1879426,0.22941,40.24144,0.1026,94.99599116917267,3645.137163076167,40.29075854069136,40.15620896758237,40.29127721805351,39.94283003468141,-0.04931854069135966,0.08523103241762442,-0.04983721805351138,0.2986099653185903
DES,1811099,0.49007,42.63062,0.2075,23.225431847873423,10953.42338961227,42.20896048897122,42.03925829867851,42.16086257292751,41.6716236809,0.4216595110287784,0.5913617013214889,0.46975742707248713,0.9589963191000024
DES,1341556,0.71584,43.44481,0.1474,46.02619074358073,15936.3138825759,43.20636186072223,43.04674325283969,43.15868312225564,42.56185695590922,0.23844813927776443,0.398066747160307,0.2861268777443584,0.882953044090776
DES,1346966,0.33513,41.11304,0.13,59.17159763313609,5445.451258110177,41.23408025172975,41.07753408129876,41.20679748466401,40.798871910526,-0.12104025172975241,0.03550591870124009,-0.09375748466401035,0.3141680894739949
DES,1338170,0.38676,41.6411,0.1688,35.0957974888255,6944.578237900355,41.59830284182795,41.43512046638591,41.561726640817845,41.12596643958965,0.042797158172049876,0.20597953361409083,0.07937335918215638,0.5151335604103551
DES,1334707,0.64922,42.87882,0.1499,44.503763015681784,12279.759891744612,42.94721575950825,42.78173766552823,42.8963656593708,42.330052201466714,-0.06839575950825605,0.0970823344717644,-0.017545659370803435,0.5487677985332837
DES,1306626,0.42089,41.70125,0.1533,42.551579961439764,7139.632783502759,41.81519680654257,41.64892178482645,41.77383058984513,41.320083662680794,-0.11394680654257172,0.052328215173552906,-0.07258058984513127,0.38116633731920757
DES,1336953,0.60013,42.70069,0.1976,25.610975429854612,11312.63760822798,42.73956311807663,42.57119445913495,42.68788736528286,42.14469963288752,-0.038873118076629964,0.12949554086505088,0.012802634717139938,0.5559903671124786
DES,1336008,0.43764,41.61194,0.147,46.27701420704337,6851.945107162138,41.915758282517096,41.74831649305622,41.872408823734986,41.409951451845785,-0.3038182825170992,-0.13637649305622546,-0.26046882373498903,0.20198854815421186
DES,1331836,0.35667,41.3561,0.128,61.03515625,6090.400817134815,41.391912464475794,41.23229825665207,41.360439619545545,40.940808248631754,-0.035812464475796446,0.12380174334792571,-0.00433961954554718,0.4152917513682439
DES,1346627,0.68193,43.02045,0.1539,42.22044051963229,13107.3795376203,43.07746877393021,42.914604477120136,43.0278966702804,42.44647894541616,-0.05701877393020993,0.10584552287986071,-0.0074466702804016904,0.5739710545838363
DES,1336464,0.38732,41.67321,0.1881,28.263270099919144,7048.032127052839,41.60200181502313,41.43876068117979,41.5653386331597,41.129280692807846,0.07120818497686798,0.2344493188202108,0.10787136684029974,0.5439293071921512
DES,1332594,0.61302,43.60052,184.5903,2.934825262360034e-05,17121.02947962052,42.79560062020663,42.62786524127951,42.74400877457188,42.19469455729137,0.8049193797933754,0.9726547587204948,0.8565112254281217,1.4058254427086325
DES,1306366,0.15062,39.60073,0.2443,16.755333096859733,2713.762738452121,39.275771166065574,39.16627665524777,39.3060220137699,39.004228903300955,0.32495883393442426,0.4344533447522281,0.29470798623010097,0.5965010966990434
DES,1277715,0.34601,41.29064,0.1507,44.0325153706503,5909.542700250538,41.31493210368269,41.15678115250374,41.28547535975396,40.87162023386819,-0.02429210368268997,0.13385884749626342,0.0051646402460434615,0.4190197661318109
DES,1262055,0.58072,42.76817,0.1815,30.35615357178092,11669.704931653516,42.65300243057778,42.483857219229876,42.6013872592351,42.06749898500375,0.11516756942221917,0.28431278077012223,0.1667827407648943,0.7006710149962458
DES,1255737,0.91896,43.99813,0.273,13.41759583517825,20561.361800495342,43.87351925048846,43.74287044046308,43.84734081618508,43.16319826854577,0.12461074951154671,0.25525955953692403,0.150789183814922,0.8349317314542333
DES,1250950,0.70099,43.05299,0.1768,31.991564464282053,13305.275608452326,43.15064991922448,42.989545167952556,43.102073257171256,42.51196391508391,-0.09765991922447625,0.06344483204744478,-0.0490832571712545,0.5410260849160906
DES,1251645,0.76679,43.5274,0.2073,23.27026857845885,16554.11146173369,43.38943566662398,43.235639764675696,43.34560739707166,42.726094177198384,0.13796433337601854,0.29176023532430406,0.18179260292833987,0.8013058228016163
DES,1260954,0.69873,43.06474,0.1572,40.46643228509087,13377.466591513084,43.14207250074011,42.980750322635814,43.09336847473095,42.50428555989062,-0.07733250074011266,0.08398967736418683,-0.02862847473095087,0.5604544401093818
DES,1256570,0.34548,41.36581,0.1073,86.85614624490479,6117.695757586135,41.311048079099464,41.15297267611779,41.281694494546706,40.86812741564029,0.054761920900538996,0.2128373238822121,0.0841155054532976,0.49768258435971546
DES,1253972,0.84019,43.26195,257.0256,1.5137258822588608e-05,14649.266340672233,43.6335619878362,43.489945489398536,43.59719103796813,42.94593606425278,-0.37161198783620364,-0.22799548939853764,-0.33524103796813165,0.3160139357472218
DES,1251975,0.44647,41.90973,0.0678,217.54074538160998,7859.082993838719,41.96734521566042,41.79937761865976,41.92304381630345,41.4560250813337,-0.057615215660419494,0.11035238134024183,-0.013313816303444526,0.453704918666304
DES,1248039,0.22566,40.27718,0.1907,27.497842106840665,3705.628475846058,40.25038713314102,40.1168495433796,40.25213329082572,39.90586008853336,0.02679286685898319,0.16033045662040024,0.02504670917428342,0.37131991146664234
DES,1250916,0.66948,42.86417,0.1475,45.96380350474002,12197.192415958889,43.02860697807823,42.864686049558884,42.97848298492378,42.40278596855031,-0.16443697807822844,-0.0005160495588825142,-0.11431298492377806,0.46138403144968976
DES,1257695,0.18383,39.78048,0.0953,110.1068146208637,2947.9619592705003,39.752481223811785,39.6314263221644,39.7691613424125,39.44745013742847,0.02799877618821256,0.14905367783559598,0.01131865758749484,0.33302986257152867
DES,1259615,0.32008,41.245,0.1491,44.98261646786599,5786.632142631604,41.11816868289793,40.96403248027204,41.09409158969197,40.69442557858346,0.12683131710206652,0.28096751972795886,0.15090841030802693,0.5505744214165347
DES,1264375,0.49572,42.33811,0.2293,19.01918446117414,9572.995947247704,42.23879510932379,42.06896892247566,42.190311020799825,41.69822892490937,0.09931489067621158,0.26914107752433836,0.14779897920017504,0.6398810750906279
DES,1257256,0.42235,41.72469,0.2179,21.061317709767035,7217.119146239708,41.824108063895565,41.65772237172526,41.78255958211992,41.328050384333196,-0.09941806389556263,0.066967628274746,-0.05786958211992044,0.39663961566680683
DES,1248084,0.28063,40.69969,0.1279,61.13063555687868,4501.568623336832,40.788731790228645,40.64200881398416,40.77420094928665,40.396507609615064,-0.08904179022864867,0.057681186015834385,-0.07451094928665469,0.3031823903849329
DES,1253474,0.4467,41.82253,0.1154,75.09108548669536,7549.73790555675,41.96867625970508,41.800695775735676,41.92435091276776,41.457213644499426,-0.1461462597050769,0.021834224264324575,-0.10182091276775651,0.36531635550057473
DES,1420185,0.64453,43.03445,0.2129,22.06219288048623,13192.158939301997,42.92803099099568,42.76222183359731,42.87704394322071,42.31291591946068,0.10641900900431978,0.2722281664026909,0.15740605677928698,0.7215340805393211
DES,1509040,0.68507,43.0748,0.1739,33.067459932985486,13439.585516096615,43.08965798458881,42.927071874689254,43.04023747381857,42.4573823660145,-0.014857984588807938,0.1477281253107492,0.03456252618143196,0.6174176339855038
DES,1380167,0.75331,43.16429,0.1731,33.37381577186461,14005.024569352185,43.342162304068836,43.18672072069715,43.29720335972775,42.68363926567997,-0.1778723040688348,-0.022430720697151685,-0.13291335972775187,0.48065073432002947
DES,1501097,0.43587,41.80467,0.1444,47.958502466985365,7487.897228168187,41.90530167858822,41.73797262774211,41.862150731750745,41.40061021932784,-0.10063167858822197,0.06669737225789163,-0.05748073175074353,0.4040597806721635
DES,1599030,0.36774,41.11399,0.1147,76.01042558997393,5447.834116141241,41.469644481338506,41.30862246658629,41.436194728347154,41.01059962210667,-0.3556544813385045,-0.19463246658629174,-0.3222047283471525,0.10339037789333361
DES,1578063,0.64298,43.27022,0.1724,33.645383045956905,14705.164091244946,42.92166149476594,42.75574539931282,42.87063180699847,42.307227149185536,0.3485585052340596,0.5144746006871799,0.39958819300153436,0.9629928508144658
DES,1528034,0.6389,42.93321,0.1807,30.625535755466124,12591.221822137986,42.90482549882026,42.73863383529121,42.85368983690971,42.29219188661326,0.028384501179743893,0.19457616470879202,0.07952016309029375,0.6410181133867425
DES,1508029,0.85279,43.59824,0.2624,14.523535098155858,17103.062195875726,43.67338056372016,43.531704697825376,43.638496465438195,42.98190070468803,-0.07514056372016142,0.06653530217462134,-0.04025646543819761,0.6163392953119669
DES,1655086,0.42781,41.90016,0.1396,51.31320760913293,7824.523064275965,41.85718321562595,41.69039893106007,41.81496912319816,41.35761438774121,0.04297678437404784,0.20976106893992608,0.08519087680183901,0.5425456122587917
DES,1645145,0.82627,43.64768,0.1413,50.085922399876985,17496.930834420666,43.58889248831807,43.44319516075028,43.550946534900724,42.90562813757565,0.05878751168192764,0.20448483924972294,0.09673346509927683,0.7420518624243542
DES,1303753,0.65242,42.9582,0.1411,50.22801005162937,12736.962643287958,42.960230266435744,42.79498447741394,42.90948040185859,42.341678683039206,-0.0020302664357458866,0.1632155225860572,0.04871959814141036,0.6165213169607924
DES,1315910,0.39365,42.25254,0.2723,13.486669573493517,9203.09436320069,41.643473986186656,41.479587615689894,41.605847426160665,41.16643008511999,0.6090660138133472,0.7729523843101092,0.6466925738393385,1.0861099148800122
DES,1317526,0.4316,42.00453,0.1314,57.91742828084857,8209.786724073512,41.8799131833368,41.71286629834279,41.837251813466395,41.377926638932536,0.12461681666320601,0.2916637016572139,0.1672781865336077,0.6266033610674668
DES,1302901,0.62618,43.1766,0.185,29.218407596785976,14084.644023142793,42.85167532268383,42.684680316273145,42.8002682814073,42.24473927878315,0.3249246773161687,0.4919196837268558,0.3763317185927022,0.9318607212168502
DES,1306059,0.60631,42.86798,0.1889,28.024384577508577,12218.612027522302,42.76657009905176,42.598493555430224,42.714922422232945,42.16879253205026,0.10140990094824076,0.2694864445697789,0.15305757776705775,0.6991874679497414
DES,1297061,0.53387,42.67617,0.238,17.6541204717181,11185.615202847881,42.432319876176926,42.262226329040786,42.38182733018391,41.87075982114703,0.2438501238230728,0.41394367095921325,0.29434266981608914,0.8054101788529664
DES,1296919,0.67698,43.11889,0.2062,23.519207195748482,13715.254635105375,43.0581443012378,42.89485097889899,43.00834331541339,42.42919596227693,0.060745698762197264,0.2240390211010137,0.11054668458660899,0.689694037723072
DES,1879414,0.38889,41.585,0.1334,56.19379215939257,6767.46276686368,41.61234592311871,41.44894151308806,41.575440408471785,41.13854820470325,-0.02734592311870898,0.1360584869119421,0.00955959152821606,0.4464517952967526
DES,1901803,0.50262,42.58836,0.1776,31.70400129859589,10742.314799275295,42.274803684094756,42.10485623702032,42.225879685585376,41.73033646467343,0.31355631590524524,0.4835037629796801,0.3624803144146256,0.8580235353265735
DES,1887027,0.21303,40.10499,0.1764,32.13681542155789,3423.1338025174514,40.10971352190434,39.979711246018994,40.115725874323786,39.776808192265214,-0.004723521904338668,0.12527875398100718,-0.01073587432378531,0.32818180773478645
DES,1900856,0.72416,43.1593,0.1552,41.516101604846426,13972.878254013296,43.23709435893683,43.07835123989315,43.18996422842785,42.589395651637965,-0.07779435893682773,0.0809487601068497,-0.03066422842784533,0.5699043483620372
DES,1935471,0.35433,41.10221,0.1098,82.94597562715452,5418.360231294826,41.3751974117032,41.21589528020891,41.344157591793376,40.92579136010233,-0.2729874117031983,-0.11368528020891233,-0.24194759179337666,0.17641863989766904
DES,1913214,0.31615,41.10099,0.1151,75.48303481051117,5415.316884836442,41.08707645276141,40.933606659130355,41.06387516705158,40.66637703457581,0.013913547238594504,0.16738334086964812,0.03711483294842566,0.4346129654241935
DES,1776304,0.4541,41.84927,0.2052,23.748997792293167,7643.281855948686,42.01116571557149,41.84279228269332,41.96609260968626,41.49514918941916,-0.16189571557148952,0.00647771730668012,-0.11682260968625968,0.354120810580838
DES,1920457,0.65573,43.07736,0.1399,51.09337262754312,13455.439103448141,42.97362855558134,42.80862849362781,42.922988128682775,42.353649429621505,0.10373144441865634,0.2687315063721911,0.15437187131722396,0.7237105703784934
DES,1910065,0.57875,42.57166,0.2254,19.68304006915833,10660.0164544455,42.64406533850065,42.47485348957149,42.592469165736546,42.059529753689546,-0.07240533850065134,0.09680651042851451,-0.020809165736544344,0.5121302463104556
DES,1876421,0.34313,41.38335,0.1365,53.670383340713,6167.31136689352,41.29376017771256,41.136022974459294,41.2648673627218,40.852578458845215,0.08958982228744361,0.24732702554070585,0.11848263727819841,0.5307715411547846
DES,1936293,0.83168,43.83167,0.1692,34.930056055753965,19044.074644588134,43.60633934300041,43.46144274176507,43.56899696116247,42.92136676898731,0.22533065699959565,0.37022725823493374,0.26267303883753357,0.9103032310126906
DES,1912110,0.53763,42.1294,0.172,33.802055164954034,8695.726565893037,42.45068799524736,42.28062011220293,42.400052215488124,41.887133319409315,-0.32128799524735996,-0.1512201122029353,-0.270652215488127,0.24226668059068146
DES,1770680,0.60911,42.56791,0.1432,48.76564401860117,10641.623144842582,42.778720871788465,42.61078367317208,42.727093303512966,42.179633351074244,-0.21081087178846758,-0.042873673172081794,-0.15918330351296817,0.3882766489257534
DES,1330642,0.63391,42.71695,0.1534,42.49612010423448,11397.664658960115,42.8840953810027,42.717578437958586,42.83284254167343,42.273681749301645,-0.1671453810027046,-0.0006284379585892452,-0.11589254167343199,0.4432682506983525
DES,1282018,0.42376,41.69933,0.153,42.71861249946602,7133.322762536594,41.83268714957178,41.666196218625046,41.79096436414929,41.33571955263413,-0.13335714957177913,0.03313378137495704,-0.09163436414928583,0.3636104473658719
DES,1307277,0.41113,41.6509,0.2,24.999999999999996,6975.990412567388,41.75488122970688,41.589390844184635,41.714780372442306,41.26614415553413,-0.10398122970688206,0.06150915581536509,-0.0638803724423056,0.38475584446587163
DES,1334265,0.58586,42.72307,0.219,20.850274181105483,11429.832737859435,42.67618690894269,42.50722623447834,42.62453342418532,42.088173812659406,0.046883091057310367,0.21584376552166162,0.09853657581467701,0.634896187340594
DES,1309013,0.2126,40.01692,0.1966,25.87217695741129,3287.0769808909386,40.10479004546252,39.9749116194034,40.1109512703043,39.77228492910835,-0.0878700454625232,0.04200838059659873,-0.09403127030429914,0.24463507089164693
DES,1319539,0.37176,41.39942,0.1455,47.2360978259586,6213.121908591845,41.497339997042246,41.335834425665205,41.46320127146829,41.03544915236958,-0.09791999704224708,0.06358557433479461,-0.06378127146829371,0.3639708476304193
DES,1334858,0.62737,43.03721,0.2715,13.566266122659394,13208.937189669557,42.85669083263866,42.689767361513844,42.80530535108976,42.24921635286068,0.18051916736133933,0.3474426384861573,0.23190464891024476,0.7879936471393236
DES,1332392,0.51197,42.50087,0.1998,25.05007510012515,10318.10338415847,42.32286956380138,42.152809944120335,42.273404260823995,41.77319033557548,0.17800043619861583,0.3480600558796638,0.22746573917600443,0.7276796644245209
DES,1339232,0.96859,43.72233,0.1471,46.21411647158917,18108.89185043022,44.01458533442248,43.89304983358738,43.995844262611854,43.29157601386075,-0.2922553344224781,-0.17071983358738407,-0.2735142626118545,0.4307539861392513
DES,1258940,0.42593,41.84724,0.1269,62.09787743245146,7636.139876220694,41.84583899299942,41.67918923939773,41.80385124281571,41.3474753742514,0.0014010070005809894,0.1680507606022701,0.043388757184288806,0.4997646257485968
DES,1260058,0.38948,41.14367,0.2208,20.51170972484772,5522.807107056917,41.61622324851932,41.452758034218064,41.57922724596476,41.142021707969874,-0.47255324851931846,-0.30908803421806397,-0.435557245964759,0.0016482920301257309
DES,1257366,0.21136,40.13584,0.164,37.180249851278994,3472.1131934338914,40.09054050621348,39.96102052709841,40.09713238778384,39.75919118249611,0.04529949378652276,0.17481947290158928,0.03870761221616448,0.37664881750389156
DES,1254671,0.47065,42.18959,0.1977,25.58507305433835,8940.130845224377,42.103914854875796,41.934812257411764,42.05732638068992,41.57792304910576,0.08567514512420615,0.2547777425882387,0.13226361931008057,0.6116669508942394
DES,1262016,0.46694,42.05559,0.1259,63.0882585811072,8405.119164048769,42.08338963710519,41.9144327585402,42.03712225111923,41.55960909710433,-0.027799637105189845,0.14115724145980124,0.018467748880773627,0.4959809028956741
DES,1253816,0.90824,44.03794,0.1935,26.70779667354392,20941.7936065349,43.842069958055575,43.7095438364846,43.81438341761185,43.134647459444814,0.19587004194442414,0.3283961635154,0.22355658238814868,0.903292540555185
DES,1257646,0.84094,43.58194,0.2724,13.476769284178706,16975.159946176005,43.63594832038157,43.49244583199918,43.599664261860205,42.94809051389019,-0.054008320381569774,0.08949416800082588,-0.01772426186020226,0.6338494861098098
DES,1250882,0.74658,43.44188,6.7654,0.021848068151297726,15914.825278075901,43.31825555135819,43.1620200607783,43.27276163105107,42.66218191714706,0.12362444864180588,0.2798599392216943,0.1691183689489293,0.7796980828529385
DES,1250896,0.87971,43.79315,0.1846,29.345168435397788,18709.22832323181,43.756570587592044,43.61921612548687,43.72505114034593,43.05714794166386,0.036579412407952816,0.17393387451312492,0.06809885965406437,0.7360020583361404
DES,1257419,0.40361,41.68997,0.1559,41.144119209325225,7102.641180856217,41.70749963009087,41.54266766626969,41.668430119880696,41.22374953690057,-0.01752963009086983,0.147302333730309,0.021539880119306076,0.46622046309943244
DES,1251381,0.45305,42.5177,0.3427,8.514747841277266,10398.384566955345,42.005176055819206,41.83685583119908,41.96020637881657,41.48980213330299,0.5125239441807921,0.6808441688009168,0.5574936211834256,1.0278978666970104
DES,1255130,0.62411,43.01173,0.1665,36.07210814418021,13054.849666394131,42.84292934108617,42.67581169804679,42.79148669856768,42.23693258598897,0.16880065891383111,0.3359183019532068,0.22024330143231907,0.774797414011033
DES,1595127,0.5674,42.70353,0.1226,66.53023533074841,11327.442728179858,42.59201109529014,42.422460025072795,42.54057152879351,42.01311709578424,0.11151890470986103,0.2810699749272061,0.16295847120649398,0.6904129042157621
DES,1435067,0.39136,41.57298,0.1557,41.2498881096785,6730.105544150909,41.628542094000224,41.46488514467576,41.5912598641484,41.15305655590568,-0.05556209400022283,0.10809485532423935,-0.018279864148396996,0.4199234440943229
DES,1371048,0.34392,41.24242,0.1476,45.90154302627037,5779.760931537681,41.299583971349236,41.14173248788488,41.27053564577566,40.857816877950725,-0.05716397134923312,0.1006875121151225,-0.028115645775656617,0.3846031220492776
DES,1447133,0.3654,41.48489,0.2179,21.061317709767035,6462.5493877015315,41.453394577993876,41.292660786387096,41.420352924098935,40.99601551661621,0.031495422006123874,0.19222921361290446,0.06453707590106461,0.488874483383789
DES,1449102,0.6983,43.28168,0.2385,17.580176592873876,14782.9761096872,43.140437515580956,42.979074233483445,43.09170953776606,42.50282204290866,0.1412424844190454,0.3026057665165567,0.1899704622339442,0.7788579570913399
DES,1538019,0.29069,40.89234,0.1033,93.712895550418,4919.193147436324,40.8765983203064,40.727829516369496,40.85947109628802,40.47612970371813,0.015741679693597632,0.16451048363050091,0.0328689037119787,0.4162102962818679
DES,1634024,0.57629,42.7146,0.1723,33.6844487994694,11385.336607377283,42.632865058382215,42.46357319991383,42.58129598802111,42.04954275725963,0.08173494161778194,0.25102680008616574,0.1333040119788862,0.6650572427403674
DES,1367180,0.80342,43.40055,0.1537,42.33038953694363,15614.780191016393,43.51396135726396,43.3649969684505,43.473589094647565,42.838099300370494,-0.11341135726395635,0.03555303154950451,-0.07303909464756231,0.5624506996295082
DES,1570024,0.55064,42.40742,0.1239,65.14144487633223,9883.479710489944,42.51332877108637,42.34341902496377,42.46227038755896,41.9429724827581,-0.10590877108636931,0.06400097503622959,-0.054850387558957436,0.4644475172419007
DES,1370806,0.58895,42.90569,0.1847,29.313401002342435,12432.654790826497,42.69003268511156,42.52119032133932,42.638363947099506,42.100521684000995,0.2156573148884391,0.38449967866068135,0.2673260529004935,0.8051683159990048
DES,1559051,0.7051,43.09978,0.1592,39.45607434155703,13595.083365930417,43.166181217394296,43.00547784135246,43.11784251239281,42.52586937984589,-0.06640121739429361,0.09430215864754388,-0.018062512392809538,0.5739106201541091
DES,1592028,0.3251,41.15482,0.1419,49.6632582772511,5551.23835376612,41.15737819348353,41.002413249193864,41.13220586010043,40.72977738389523,-0.0025581934835301468,0.15240675080613642,0.022614139899573615,0.42504261610476846
DES,1367234,0.25173,40.51833,0.1434,48.6297119759419,4140.872657688246,40.51917912244276,40.37895382515914,40.512753512641595,40.15146007723254,-0.0008491224427586985,0.13937617484086218,0.005576487358403881,0.36686992276745656
DES,1385052,0.80106,43.56228,0.1572,40.46643228509087,16822.16448177163,43.506105193755786,43.356814192886716,43.46549390215213,42.831025203884245,0.05617480624421489,0.20546580711328488,0.09678609784786829,0.7312547961157563
DES,1703026,0.3639,41.52774,0.166,36.28973726230222,6591.342438890936,41.442927509484036,41.282381102920866,41.41015020279127,40.986619836407904,0.08481249051596507,0.24535889707913583,0.11758979720872986,0.5411201635920975
DES,1297927,0.28513,40.88255,0.1164,73.8064028530603,4897.0650732369095,40.828387705854965,40.680736126854384,40.812681421509566,40.43245777978118,0.05416229414503704,0.2018138731456176,0.0698685784904356,0.45009222021882067
DES,1309227,0.92576,44.13871,0.1988,25.302721763174617,21936.527204770286,43.893282864817614,43.763842179267755,43.86807970270557,43.18115299391127,0.24542713518238912,0.37486782073224845,0.27063029729443144,0.9575570060887344
DES,1310178,0.77262,43.45688,0.1248,64.20529257067719,16025.141576737851,43.40963382623676,43.25657219648954,43.36631857697401,42.74424410613386,0.04724617376324147,0.20030780351045507,0.09056142302598857,0.7126358938661355
DES,1321276,0.33121,41.34494,0.1268,62.19586223367732,6059.180289966936,41.204357429903524,41.04841749929146,41.17788721683274,40.77210652826507,0.1405825700964769,0.2965225007085408,0.16705278316726435,0.5728334717349313
DES,1320474,0.78842,43.38943,0.1471,46.21411647158917,15535.022087057903,43.46364381419953,43.31263889201871,43.42179010587597,42.79280955044475,-0.07421381419953121,0.07679110798128619,-0.03236010587597349,0.5966204495552461
DES,1323740,0.77137,43.25245,0.1765,32.10041008273881,14585.31708247997,43.4053155624447,43.25209536737543,43.361889111062645,42.74036320112092,-0.1528655624446955,0.0003546326245711384,-0.10943911106264181,0.512086798879082
DES,1310475,0.66375,42.9394,0.1237,65.35225847602453,12627.165569699651,43.005827597161286,42.84144561962649,42.955476372777724,42.382423880089306,-0.06642759716128666,0.09795438037350834,-0.016076372777725112,0.5569761199106935
DES,1299643,0.37678,41.46815,0.1329,56.61741517720403,6412.9207803463405,41.531540247539446,41.36945125357094,41.49656251214135,41.06612326590169,-0.063390247539445,0.09869874642905785,-0.028412512141350987,0.4020267340983139
DES,1303317,0.47429,42.10133,0.2011,24.727252226132702,8584.042813832779,42.12390726768928,41.954671525018846,42.07701407453469,41.59575973313052,-0.022577267689285918,0.1466584749811517,0.024315925465309363,0.5055702668694764
DES,1304456,0.42989,41.69169,0.1078,86.05229914532855,7108.2693354445355,41.869680665651686,41.702750841728545,41.82721961292401,41.368782993615625,-0.1779906656516843,-0.01106084172854338,-0.13552961292401022,0.3229070063843764
DES,1317956,0.86917,43.74519,0.3297,9.199455134671284,18300.538747017425,43.724298273542686,43.585223986749384,43.69143154980958,43.02793892887351,0.02089172645731452,0.15996601325061732,0.053758450190422025,0.7172510711264906
DES,1319821,0.3088,41.09949,0.1098,82.94597562715452,5411.57740817476,41.027961537235356,40.87578006766341,41.00644201449569,40.61301070160748,0.07152846276464686,0.22370993233658965,0.09304798550431315,0.48647929839252413
DES,1880304,0.44419,42.23434,0.1951,26.271535763047563,9126.281806894738,41.954116044667906,41.786278408546394,41.910054357666226,41.44421141355468,0.2802239553320973,0.4480615914536088,0.324285642333777,0.79012858644532
DES,1891107,0.62735,42.69856,0.1455,47.2360978259586,11301.54646840737,42.85660661274663,42.68968193312506,42.80522076226919,42.24914117302837,-0.1580466127466309,0.008878066874942192,-0.1066607622691862,0.4494188269716304
DES,1905184,0.45587,41.653,0.3367,8.820917641826464,6982.740056627382,42.02123355962994,41.85277232829719,41.97598809019651,41.50413643794846,-0.3682335596299424,-0.19977232829719327,-0.3229880901965103,0.14886356205153817
DES,1925122,0.38274,41.77392,0.2424,17.01902863553682,7382.609123403414,41.571603637412885,41.40885112076148,41.53566026222113,41.10203999189916,0.20231636258711205,0.36506887923851394,0.23825973777886844,0.6718800081008354
DES,1880686,0.31406,41.01342,0.1067,87.8357190978569,5201.275704272149,41.07039646809493,40.91728742374248,41.04766756613011,40.6513242032519,-0.056976468094923405,0.09613257625752425,-0.034247566130105156,0.36209579674810044
DES,1812092,0.6187,42.20088,0.3991,6.278220207443697,8986.733750347685,42.819941295787196,42.65251398970593,42.76841707981416,42.21641555656983,-0.6190612957871977,-0.4516339897059325,-0.5675370798141586,-0.015535556569830078
DES,1898108,0.51204,42.37228,0.1244,64.61885216240528,9724.82679572105,42.32322631759453,42.15316608189213,42.27375719732379,41.7735083879314,0.04905368240547148,0.2191139181078725,0.09852280267621438,0.5987716120686031
DES,1334084,0.13349,38.98171,0.1961,26.004278744024543,2040.646952966034,38.990083861900864,38.88716127607307,39.027966708035464,38.736596162000474,-0.008373861900864199,0.09454872392692693,-0.046256708035464555,0.24511383799952569
DES,1282463,0.64685,42.80618,0.1611,38.530879224573766,11875.772655226338,42.93753760041999,42.77189080661861,42.886616810961996,42.32140709433034,-0.13135760041998878,0.03428919338139025,-0.08043681096199862,0.4847729056696579
DES,1336687,0.2338,40.15655,0.22,20.66115702479339,3505.3862198103143,40.3372549900696,40.20154233525149,40.33635918154776,39.98537275044059,-0.18070499006960006,-0.04499233525148583,-0.1798091815477605,0.17117724955941327
DES,1337321,0.56258,42.52134,0.1423,49.38444755346977,10415.829808777184,42.569608730987085,42.39993694077058,42.518260274588364,41.993144565382806,-0.04826873098708262,0.12140305922942218,0.0030797254116379236,0.5281954346171958
DES,1330530,0.33633,41.13656,0.2469,16.404304423863604,5504.753484681773,41.24311519470322,41.086386430695555,41.21558680808719,40.807005539316094,-0.10655519470321906,0.05017356930444805,-0.07902680808718543,0.3295544606839087
DES,1335885,0.39932,41.77158,0.2252,19.718016588372993,7374.6578362508435,41.68010308912014,41.51566805651612,41.64164425177181,41.19922728491436,0.09147691087986232,0.2559119434838806,0.12993574822819198,0.5723527150856427
DES,1337228,0.57741,42.81386,0.215,21.63331530557058,11917.848903187372,42.637969936667915,42.46871406321068,42.58638806071782,42.05409459969153,0.17589006333208346,0.34514593678931504,0.22747193928217513,0.7597654003084671
DES,1339291,0.8179,43.81001,0.1409,50.37070319012775,18855.05810322418,43.56168054373434,43.41476470622868,43.522822533918045,42.8810922511547,0.24832945626565817,0.39524529377131756,0.2871874660819529,0.9289177488453007
DES,1331344,0.54993,42.66588,0.1921,27.09850115480263,11132.735093987983,42.509946199706064,42.34002507868414,42.45890798850361,41.9399571323555,0.155933800293937,0.3258549213158588,0.20697201149639,0.7259228676444991
DES,1283923,0.14631,39.46035,0.1576,40.26127960009277,2543.8756311819293,39.20686330112371,39.098982263651166,39.238992836164016,38.93981246405029,0.25348669887628716,0.3613677363488321,0.22135716383598236,0.5205375359497069
DES,1317666,0.14136,39.34775,0.1421,49.523558604445924,2415.3266599452354,39.125347034954416,39.01935210448262,39.15966851824336,38.86349682815414,0.22240296504558188,0.3283978955173765,0.1880814817566403,0.48425317184585737
DES,1339246,0.95791,44.56228,0.266,14.133077053536093,26661.333969620977,43.9848379362043,43.86128473507387,43.96443525790081,43.26446011849093,0.5774420637957007,0.700995264926128,0.5978447420991913,1.2978198815090707
DES,1254000,0.533,42.80941,0.2169,21.255968410229986,11893.450654909768,42.428052567855026,42.25795437819601,42.3775945275218,41.866955898555034,0.38135743214497353,0.5514556218039885,0.43181547247819907,0.9424541014449659
DES,1257129,0.58817,42.4876,0.1736,33.18184714052114,10255.241099911997,42.68654409982902,42.517671351494215,42.634878663712755,42.097410447521575,-0.19894409982902062,-0.030071351494214582,-0.1472786637127541,0.39018955247842513
DES,1249090,0.3862,41.59525,0.1662,36.20244989218911,6799.4827300301,41.59459892790315,41.43147558471546,41.55810999419103,41.12264762020716,0.0006510720968506689,0.16377441528454284,0.03714000580897192,0.47260237979283914
DES,1287437,0.33681,41.40221,0.3103,10.38571615069217,6221.109922135836,41.24672087647157,41.089919465932056,41.21909465014481,40.810251221846706,0.15548912352842592,0.31229053406794094,0.18311534985518563,0.5919587781532911
DES,1265832,0.39876,41.94071,0.2754,13.184756944279636,7972.010738849568,41.67650682942914,41.51212476312636,41.63812891302581,41.196007807015036,0.26420317057086606,0.42858523687364425,0.30258108697419317,0.7447021929849669
DES,1263062,0.50827,42.05343,0.1305,58.7190440539628,8396.76260803722,42.303947503433264,42.13392516021278,42.2546889293337,41.75632064805748,-0.2505175034332652,-0.08049516021278436,-0.20125892933370437,0.29710935194251675
DES,1286881,0.5228,42.37586,0.1362,53.907077136714825,9740.872863976823,42.3775303404327,42.20741441463001,42.3275154621054,41.821919171684414,-0.0016703404326960936,0.16844558536999443,0.04834453789460014,0.5539408283155893
DES,1258802,0.54947,42.33346,0.164,37.180249851278994,9552.518227489869,42.507752488937726,42.33782416605145,42.45672752386156,41.93800158221181,-0.17429248893772353,-0.004364166051445295,-0.12326752386155704,0.39545841778819124
DES,1258400,0.57963,42.92791,0.2199,20.679952709084144,12560.527394686758,42.64806107262429,42.478878709475076,42.59645611650327,42.0630927322385,0.2798489273757099,0.4490312905249212,0.331453883496728,0.8648172677614951
DES,1250275,0.38323,41.3791,0.1708,34.2786940091812,6155.252526173679,41.574871813326794,41.412066141891145,41.538850508758735,41.104969157546805,-0.19577181332679316,-0.03296614189114422,-0.15975050875873364,0.2741308424531965
DES,1257228,1.02433,44.01661,176.3295,3.216251841977452e-05,20737.092985209874,44.16477907218616,44.05424169737205,44.15521683843557,43.4288704817436,-0.14816907218615682,-0.03763169737204919,-0.13860683843557098,0.5877395182563987
DES,1259006,0.5279,42.29482,0.1811,30.490398421085203,9384.040534514224,42.40290552094464,42.23278997606904,42.35266013132292,41.84453942086313,-0.10808552094464119,0.06203002393095858,-0.05784013132291932,0.4502805791368729
DES,1262550,0.29209,40.82885,0.1078,86.05229914532855,4777.446969991872,40.88860413808657,40.73955922333678,40.871124548617644,40.486999600185754,-0.05975413808656782,0.08929077666322627,-0.04227454861764102,0.34185039981424836
DES,1263125,1.02868,44.24721,0.1766,32.06406657013245,23060.455162260638,44.176158714230425,44.0665110341167,44.167346901939226,43.43930033110615,0.07105128576957753,0.1806989658833018,0.07986309806077685,0.8079096688938492
DES,1246758,0.53127,42.14059,0.1494,44.802144768274346,8740.652914890596,42.41954760801766,42.24944163987555,42.36915971180636,41.859374473304094,-0.2789576080176559,-0.10885163987554591,-0.2285697118063581,0.28121552669590955
DES,1253871,0.8478,44.05907,0.4037,6.135959736813961,21146.567114338097,43.657679922563105,43.51522910998234,43.62220012913722,42.96771577742945,0.4013900774368935,0.5438408900176555,0.43686987086277895,1.0913542225705513
DES,1703072,0.49417,41.90544,0.1633,37.499685940130256,7843.571775102303,42.23064203395354,42.06084763693993,42.18226154701027,41.69095862815952,-0.32520203395354486,-0.15540763693993398,-0.27682154701027173,0.21448137184047766
DES,1370391,0.65692,42.81892,0.1397,51.23977190103142,11945.652448300641,42.97842977536932,42.813519400306575,42.92783011633921,42.357939452417774,-0.15950977536932243,0.005400599693423658,-0.1089101163392101,0.4609805475822242
DES,1511024,0.37178,41.45703,0.2514,15.822294118726697,6380.164481761339,41.497477094901996,41.33596915425748,41.46333497974484,41.03557214075022,-0.040447094901992386,0.12106084574252662,-0.006304979744840011,0.4214578592497844
DES,1574017,0.53287,42.52319,0.1377,52.739027777118544,10424.707423657055,42.427414364649664,42.25731552323478,42.37696152449054,41.86638699722892,0.09577563535033562,0.26587447676521947,0.14622847550946005,0.6568030027710776
DES,1512067,0.45394,42.11224,0.2383,17.609698294800083,8627.27963602419,42.01025383537864,41.84188845627558,41.96519643329334,41.49433515407513,0.10198616462135845,0.2703515437244164,0.14704356670665675,0.617904845924869
DES,1642117,0.81237,43.49664,0.1821,30.15644257715752,16321.267209607042,43.543553485254364,43.3958463134732,43.504107571157235,42.86475560158124,-0.04691348525436467,0.10079368652679932,-0.0074675711572353975,0.6318843984187623
DES,1366187,0.4629,42.1586,0.1395,51.386801300086056,8813.448579769112,42.06086579181691,41.89207918133937,42.01496021417641,41.53950948034066,0.0977342081830912,0.2665208186606307,0.14363978582358783,0.6190905196593377
DES,1433226,0.59618,42.72123,0.232,18.579072532699165,11420.15175624316,42.72216364321477,42.553619507501026,42.67048180506779,42.12917929535803,-0.000933643214771962,0.16761049249897297,0.05074819493221128,0.5920507046419701
DES,1659022,0.30317,41.38656,129.9918,5.9179063064097764e-05,6176.434996195994,40.981799497553865,40.83064230989244,40.96160723719187,40.57130202756596,0.4047605024461376,0.5559176901075631,0.42495276280813243,0.8152579724340399
DES,1581048,0.40194,41.59565,0.1439,48.29235807238155,6800.735356403652,41.69686686875015,41.532187568811494,41.65803314091377,41.21423312546304,-0.10121686875015001,0.06346243118850481,-0.062383140913773616,0.38141687453695994
DES,1323831,0.31079,41.72013,258.7145,1.4940270477115854e-05,7201.979403975804,41.04409335088863,40.89155763330223,41.02211282272313,40.62757882701483,0.6760366491113672,0.8285723666977702,0.6980171772768671,1.0925511729851678
DES,1305051,0.29887,41.0903,0.1421,49.523558604445924,5388.723188636179,40.94600904485044,40.795656309142046,40.926853590863374,40.53894243608995,0.14429095514955748,0.29464369085795283,0.16344640913662545,0.5513575639100523
DES,1295062,0.21839,40.05123,0.2672,14.006418301122306,3339.426391335016,40.17032806868113,40.038801356953144,40.17450484668426,39.83245924130996,-0.11909806868113293,0.012428643046852983,-0.12327484668426081,0.21877075869003448
DES,1292332,0.27265,40.67029,0.1033,93.712895550418,4441.03171925552,40.71694967682387,40.57192771787189,40.70455986326723,40.331368946861375,-0.04665967682387162,0.09836228212811449,-0.0342698632672267,0.33892105313862686
DES,1317724,0.46775,42.27658,0.1346,55.19628904309506,9305.54631596619,42.08788377397556,41.918894214315756,42.04154537587992,41.56361923338018,0.18869622602444025,0.3576857856842466,0.23503462412008247,0.7129607666198226
DES,1318126,0.37298,41.46099,0.1255,63.49105569752861,6391.810267765689,41.50569056196808,41.34404112393477,41.4713457603883,41.042939935899255,-0.044700561968078034,0.11694887606522997,-0.010355760388300439,0.41805006410074697
DES,1302399,0.76495,43.35806,335.5034,8.88395088009989e-06,15312.20994459296,43.383030250027346,43.22900540645034,43.33904305328866,42.720339649739905,-0.02497025002734432,0.12905459354966098,0.019016946711339244,0.6377203502600963
DES,1305687,0.6274,43.23335,0.1534,42.49612010423448,14457.589019321887,42.85681715771368,42.689895499732586,42.80543222997906,42.249329118440784,0.37653284228632344,0.5434545002674156,0.4279177700209402,0.9840208815592177
DES,1313594,0.28834,40.84993,0.0989,102.23683981838647,4824.050828095294,40.85632577850787,40.708025143081734,40.83979492082745,40.457770128412015,-0.0063957785078727625,0.14190485691826638,0.01013507917254941,0.39215987158798526
DES,1297580,0.63561,43.05697,0.1813,30.423164927932092,13329.684648069846,42.89117505112971,42.72476746520953,42.83996058790596,42.280002928047395,0.16579494887029256,0.33220253479046846,0.21700941209403624,0.7769670719526047
DES,1320009,0.69164,43.21584,0.1743,32.91586146240564,14341.476811749497,43.11499082439526,42.95300179001345,43.06590342262159,42.48004783353299,0.10084917560474338,0.2628382099865476,0.14993657737841204,0.7357921664670073
DES,1320066,0.5192,42.72513,0.2713,13.586275362009706,11440.680965653946,42.35947882555183,42.189372948067174,42.3096375146897,41.80582709685876,0.36565117444816764,0.5357570519328263,0.4154924853103026,0.9193029031412365
DES,1318460,0.36604,41.23154,0.1836,29.665703124629175,5750.874299519545,41.45784849277078,41.297035375487795,41.42469470423174,41.00001315522455,-0.22630849277077658,-0.06549537548779227,-0.19315470423173764,0.23152684477545193
DES,1295436,0.29584,42.4282,223.8633,1.9954194314107792e-05,9978.514093557662,40.92050406124187,40.77072980365639,40.902091310134864,40.51587049391408,1.5076959387581255,1.6574701963436098,1.5261086898651328,1.9123295060859178
DES,1321492,0.55467,42.32536,0.1951,26.271535763047563,9516.95191580646,42.532451316985814,42.36261206930958,42.481284684910776,41.9600192543412,-0.20709131698581018,-0.0372520693095737,-0.15592468491077227,0.3653407456588056
DES,1847148,0.50631,42.39994,0.3114,10.312472027419625,9849.492981223606,42.29387180708849,42.12387297521424,42.244726701458795,41.74733752077779,0.10606819291150771,0.2760670247857604,0.1552132985412058,0.6526024792222103
DES,1936171,0.47336,41.95528,0.1691,34.971381170219345,8025.680656122014,42.11881290934396,41.94961026314357,42.07199660307937,41.59121485500795,-0.1635329093439566,0.005669736856432905,-0.11671660307936804,0.364065144992054
DES,1880429,0.49707,41.97907,0.2554,15.330566881437687,8114.091019060286,42.24587685307196,42.0760243436059,42.19730396541152,41.70454373376986,-0.2668068530719623,-0.09695434360590127,-0.21823396541152107,0.27452626623014
DES,1770487,0.53644,42.06416,0.8065,1.5374155046047515,8438.356611460162,42.44488771650772,42.274810729617165,42.3942962356453,41.881962904129,-0.38072771650772097,-0.21065072961716425,-0.33013623564529837,0.18219709587100397
DES,1891266,0.70836,43.14275,0.3111,10.332370666358349,13866.787970828007,43.17843906527298,43.01805949396073,43.130294881008695,42.53684602595564,-0.0356890652729831,0.12469050603927201,0.012455118991304914,0.6059039740443595
DES,1876301,0.60073,42.81219,0.2189,20.86932857735248,11908.686845091674,42.74219662492938,42.57385538989451,42.690522608662434,42.14704883564825,0.06999337507062364,0.23833461010548973,0.12166739133756721,0.665141164351752
DES,1912020,0.55436,42.48851,0.0819,149.08439816864725,10259.539669432152,42.530984984401925,42.36113995663257,42.479826302907256,41.95871207925862,-0.04247498440192743,0.12737004336742785,0.008683697092742193,0.5297979207413803
DES,1879483,0.87565,43.42748,0.1315,57.829374430742085,15809.636151919665,43.74418414998925,43.60616303425439,43.71214124443986,43.04593447702326,-0.3167041499892491,-0.1786830342543908,-0.2846612444398602,0.3815455229767437
DES,1921033,0.23707,40.5112,0.1453,47.36622475557843,4127.298456418099,40.37136960545419,40.23480563058067,40.369435819806114,40.01656199058701,0.13983039454581103,0.2763943694193358,0.14176418019388848,0.49463800941299496
DES,1790098,0.39298,41.61587,0.1388,51.9064189553937,6864.35720439498,41.63911357497642,41.47529385959011,41.60158726808779,41.162524972680785,-0.023243574976419268,0.14057614040989108,0.014282731912210522,0.4533450273192159
DES,1901241,0.68144,43.13494,0.1237,65.35225847602453,13817.003737047284,43.07556181437526,42.912654527662184,43.02596650150011,42.444773278320724,0.05937818562473751,0.22228547233781626,0.10897349849989268,0.690166721679276
DES,1927254,0.58091,43.01823,0.1849,29.250020694389637,13093.986084781487,42.6538628751151,42.484724210985256,42.60224599826019,42.06826625858801,0.3643671248849003,0.5335057890147468,0.4159840017398153,0.9499637414119917
DES,1770206,0.58411,42.4584,0.146,46.913116907487336,10118.260935548462,42.668314927492496,42.49928969856443,42.61667266645988,42.08115375448192,-0.2099149274924983,-0.040889698564434696,-0.15827266645987947,0.37724624551808006
DES,1900801,0.63579,44.55917,296.596,1.1367616680879349e-05,26623.17672681807,42.89192361302994,42.72552769459348,42.840713306771804,42.28067131154397,1.6672463869700636,1.8336423054065207,1.7184566932281982,2.2784986884560325
DES,1900124,0.68533,43.37393,0.1532,42.60714845693951,15424.52770954609,43.09066489447963,42.928102028047576,43.04125715755322,42.458283128442254,0.2832651055203712,0.44582797195242563,0.3326728424467831,0.9156468715577475
DES,1948295,0.78324,43.69805,0.1348,55.03262333911543,17907.537737921088,43.44605261712468,43.29436278612105,43.40370841155179,42.77698635788353,0.2519973828753237,0.40368721387895334,0.2943415884482121,0.9210636421164722
DES,1924089,0.46299,42.06566,0.1065,88.16592827701734,8444.187635435499,42.061369544489835,41.89257900864963,42.01545576798609,41.53995904234096,0.004290455510165714,0.1730809913503677,0.05020423201391111,0.5257009576590406
DES,1330964,0.45085,42.05493,0.175,32.653061224489804,8402.564889966883,41.99258444571049,41.824378429654004,41.94783433424246,41.47856073868742,0.06234555428950728,0.2305515703459946,0.10709566575754081,0.5763692613125784
DES,1314897,0.33662,41.10509,0.1566,40.777113926363064,5425.551310611753,41.24529419262481,41.08852151135291,41.21770666669038,40.80896700179015,-0.14020419262481454,0.016568488647088486,-0.11261666669038561,0.2961229982098459
DES,1307830,0.35948,41.52797,0.1065,88.16592827701734,6592.040623700535,41.41185198203992,41.251869736944585,41.37986615920919,40.95871762577475,0.11611801796008336,0.2761002630554188,0.14810384079081018,0.5692523742252504
DES,1335717,0.30477,41.1145,0.1841,29.504782872827597,5449.1137647725955,40.99499793581497,40.84354632574891,40.974425005607486,40.58323041140207,0.11950206418502773,0.2709536742510892,0.14007499439251347,0.5312695885979295
DES,1344347,0.26361,40.69751,0.1275,61.51480199923107,4497.0516443391,40.633262420304625,40.49025257188737,40.62338672802262,40.255320173435976,0.06424757969537609,0.2072574281126336,0.07412327197737767,0.44218982656402517
DES,1333246,0.43774,41.96413,0.2175,21.13885585942661,8058.456669687149,41.91634788200032,41.74889979671423,41.87298728497933,41.41047813830347,0.0477821179996738,0.21523020328577047,0.09114271502066629,0.5536518616965296
DES,1308453,0.75572,43.51615,0.2293,19.01918446117414,16468.56942872605,43.350673396820056,43.195520632590785,43.30591084309705,42.69128035933147,0.16547660317994684,0.320629367409218,0.2102391569029507,0.8248696406685312
DES,1289812,0.70875,43.38242,0.2164,21.35430724918939,15484.952412802311,43.179901883075374,43.019561369650326,43.13178131013434,42.53815606607047,0.2025181169246295,0.36285863034967747,0.25063868986566007,0.8442639339295326
DES,1339227,0.82081,43.44984,0.1513,43.68397440293837,15973.271557536877,43.57117178792864,43.42467676938263,43.53262785477763,42.889648508967255,-0.1213317879286393,0.025163230617373245,-0.08278785477762796,0.5601914910327466
DES,1342778,0.40457,41.50941,266.1743,1.4114573473191656e-05,6535.937266081662,41.71359350906819,41.54867485147241,41.67438957408825,41.22920314637468,-0.20418350906818716,-0.0392648514724101,-0.1649795740882496,0.28020685362532305
DES,1340751,0.6648,43.77146,268.536,1.3867397639783478e-05,18523.279293377116,43.01001578470112,42.84571708705939,42.95970492212639,42.386167280324095,0.7614442152988801,0.9257429129406063,0.811755077873606,1.3852927196759026
DES,1338430,0.51717,42.13699,0.0953,110.1068146208637,8726.174130199488,42.349248169508925,42.17915175084177,42.299508720627074,41.79670677440577,-0.21225816950892806,-0.042161750841771095,-0.16251872062707662,0.3402832255942272
DES,1340954,0.30517,40.87119,0.138,52.50997689561016,4871.513103405245,40.998287599007924,40.84676279751085,40.977619933261224,40.586203113581156,-0.12709759900792506,0.02442720248915009,-0.10642993326122507,0.2849868864188423
DES,1334321,0.80326,43.2821,0.1337,55.941896508610284,14785.835667297304,43.51342944125012,43.36444284419538,43.473040903765636,42.837620300781694,-0.2313294412501179,-0.08234284419538085,-0.190940903765636,0.44447969921830577
DES,1343759,0.50617,42.17726,0.1312,58.09414039262343,8889.511069173544,42.29315072338534,42.12315367106763,42.244013827950866,41.74669462040296,-0.11589072338534123,0.05410632893237022,-0.06675382795086904,0.43056537959703434
DES,1259589,0.77327,43.49687,0.1462,46.78485143938274,16322.996032065412,43.411876665100685,43.25889773224294,43.368619500011015,42.746259905088834,0.08499333489931615,0.23797226775705838,0.12825049998898663,0.7506100949111669
DES,1256505,0.55626,42.42574,0.1265,62.49121217328813,9967.216116467573,42.539960125105296,42.370151455702164,42.488753696154546,41.96671308979037,-0.11422012510529811,0.055588544297833664,-0.06301369615454888,0.45902691020963005
DES,1254356,0.35129,41.47435,0.1285,60.56109857832821,6431.257151725185,41.35332979792253,41.19444073780906,41.32286052082148,40.90614025170873,0.12102020207747444,0.2799092621909409,0.1514894791785224,0.5682097482912738
DES,1251114,0.62632,42.8727,0.1309,58.36072883212596,12245.199781013205,42.85226585050087,42.68527922088127,42.80086130429362,42.245266402851264,0.020434149499131138,0.18742077911873167,0.0718386957063828,0.6274335971487375
DES,1259412,0.30477,40.93882,0.0984,103.27847180910834,5025.6226346215335,40.99499793581497,40.84354632574891,40.974425005607486,40.58323041140207,-0.0561779358149721,0.09527367425108935,-0.03560500560748636,0.35558958859792966
DES,1257016,0.33743,41.10457,0.1877,28.383859915433124,5424.252215633178,41.251371230029335,41.0944763145566,41.22361897212191,40.814437021107636,-0.14680123002933243,0.010093685443401057,-0.11904897212190946,0.2901329788923661
DES,1262201,0.23279,40.78688,201.5004,2.4629079171437463e-05,4685.995584689405,40.326629260161646,40.19118213907302,40.326056742557846,39.97565396291688,0.46025073983835085,0.5956978609269754,0.4608232574421507,0.8112260370831166
DES,1287883,0.65718,42.82373,0.1896,27.81783546084139,11972.14243404488,42.97947768192482,42.814586996612206,42.92888703002682,42.35887581128671,-0.15574768192482225,0.009143003387791282,-0.10515703002682386,0.4648541887132893
DES,1252513,0.47767,42.36789,0.1901,27.671695259368185,9705.186267956637,42.14234440117312,41.97299367261249,42.095177333484614,41.612207295741165,0.22554559882688352,0.3948963273875137,0.27271266651538895,0.7556827042588381
DES,1249308,0.22806,40.50123,0.1892,27.93558278095374,4108.39200168616,40.27629532311413,40.14210809651208,40.27725384673372,39.929588773451584,0.22493467688587288,0.3591219034879174,0.2239761532662783,0.5716412265484152
DES,1254108,0.96689,44.14888,0.1884,28.173331349930805,22039.50697281276,44.009871908154636,43.888013230780956,43.99086417675383,43.28727791701411,0.139008091845362,0.2608667692190423,0.15801582324616703,0.8616020829858897
DES,1249970,0.26775,40.88779,0.1635,37.407999700736,4908.896495423183,40.67191032804687,40.52796767788915,40.66087145987661,40.29045496951756,0.2158796719531324,0.3598223221108512,0.22691854012339263,0.5973350304824407
DES,1259352,0.21986,40.0411,0.1358,54.22511230020757,3323.8841231480296,40.186712156765694,40.054773596577306,40.190392004049826,39.84749019059819,-0.1456121567656936,-0.013673596577305602,-0.14929200404982623,0.1936098094018135
DES,1466032,0.57606,42.5602,0.1658,36.377340699987336,10603.90614277392,42.63181558072931,42.462516424117716,42.58024923673234,42.04860698343276,-0.07161558072930774,0.09768357588228582,-0.020049236732340603,0.5115930165672395
DES,1371206,0.52779,42.39553,0.1744,32.878124736975,9829.510140649902,42.40236063516449,42.2322449023239,42.35212002823579,41.844053697352585,-0.006830635164490673,0.163285097676102,0.043409971764212685,0.5514763026474157
DES,1660018,0.43435,41.60541,0.2014,24.653640997624375,6831.371051790449,41.896290578758624,41.72906031545293,41.85331217263154,41.39255969384109,-0.2908805787586246,-0.12365031545292737,-0.2479021726315409,0.21285030615890577
DES,1413048,0.61122,42.80998,0.2355,18.030932063955717,11896.57303246442,42.78784255836636,42.620013226402335,42.73623316482992,42.18777212915782,0.02213744163364595,0.18996677359766778,0.07374683517008407,0.6222078708421819
DES,1368482,0.50847,42.4456,0.1715,33.99943900925634,10058.793096431813,42.304973597421515,42.13494900204702,42.25570359940076,41.75723546478651,0.14062640257848358,0.3106509979529761,0.1898964005992383,0.6883645352134877
DES,1644061,0.61287,42.50418,0.2021,24.483154487970324,10333.843379345988,42.79495493730707,42.62721166112363,42.74336155767246,42.19411840994447,-0.29077493730707005,-0.12303166112363328,-0.23918155767245963,0.31006159005552547
DES,1434248,0.23734,40.33508,0.1117,80.14817795139655,3805.764187445909,40.37416701820891,40.2375333212202,40.37214812149891,40.019118605228556,-0.03908701820891025,0.09754667877979983,-0.03706812149891192,0.3159613947714419
DES,1433040,0.71949,42.9925,0.145,47.562425683709876,12939.74968251909,43.219886131753064,43.060647862095124,43.17244409275353,42.573974291419376,-0.22738613175306455,-0.06814786209512391,-0.17994409275353007,0.4185257085806242
DES,1484053,0.46322,41.83382,0.1315,57.829374430742085,7589.0930028601315,42.062656499645854,41.89385595977602,42.016721799295,41.54110754872607,-0.22883649964585118,-0.06003595977601606,-0.18290179929499573,0.2927124512739354
DES,1701088,0.72403,43.20605,0.1686,35.17911092536541,14276.964349337817,43.23661676839221,43.07785973693626,43.18947781829917,42.58896760235288,-0.030566768392212396,0.12819026306373615,0.016572181700830413,0.6170823976471169
DES,1375087,0.62952,42.99013,0.1741,32.99153008448141,12925.634616070667,42.865729687502515,42.69893736778461,42.81438517489633,42.25728524880114,0.12440031249748529,0.2911926322153917,0.17574482510367062,0.7328447511988614
DES,1559048,0.98,44.12,0.2005,24.875467192368202,21748.32804058739,44.046011663397366,43.926664608659465,44.02908131107234,43.32024907741349,0.07398833660263193,0.19333539134053268,0.09091868892765831,0.7997509225865045
DES,1303279,0.17273,39.29306,0.0826,146.56825097174746,2355.254677956988,39.602740460099426,39.48538089414586,39.62378137450461,39.30868573172616,-0.30968046009942896,-0.1923208941458654,-0.3307213745046127,-0.015625731726160552
DES,1294436,0.178,41.63537,256.203,1.5234618330472068e-05,6926.277301684262,39.67491214532304,39.55577742798303,39.69386116449418,39.37561943109952,1.9604578546769602,2.0795925720169706,1.9415088355058217,2.259750568900479
DES,1297501,0.21492,39.79939,0.2285,19.152593500567395,2973.7460286176724,40.13124582053953,40.000701924369835,40.13660667873041,39.796584982950954,-0.33185582053953055,-0.2013119243698327,-0.3372166787304067,0.002805017049048786
DES,1303118,0.58838,42.82734,0.2545,15.439186972414033,11992.062272465715,42.68748376266633,42.51861916033228,42.635817401214005,42.09824846583547,0.13985623733366737,0.30872083966772124,0.1915225987859941,0.7290915341645317
DES,1311903,0.71912,43.19424,0.2048,23.84185791015625,14199.526908433998,43.218518171969066,43.05924108022575,43.171051854729534,42.57274853782435,-0.024278171969065454,0.13499891977424738,0.023188145270466975,0.6214914621756478
DES,1290043,0.73488,43.27814,0.1854,29.09246633128871,14758.896088232323,43.27619727645667,43.11862650706874,43.22982112677519,42.62445245362009,0.0019427235433298051,0.15951349293126071,0.0483188732248081,0.6536875463799134
DES,1302185,0.73717,43.39277,0.2572,15.11673749362074,15558.935307591571,43.28447951408272,43.12716555508234,43.23827120941512,42.63188031550716,0.10829048591727997,0.2656044449176562,0.15449879058488136,0.7608896844928381
DES,1306578,0.42044,41.58688,0.1136,77.48958539972227,6773.3243836499,41.81244442476644,41.64620386328966,41.77113475170806,41.31762288826335,-0.22556442476643923,-0.059323863289655776,-0.18425475170806038,0.2692571117366498
DES,1315947,0.73781,43.12842,0.1531,42.66282587466259,13775.579423696423,43.28678978936408,43.129548000095724,43.2406288161959,42.63395243516034,-0.1583697893640803,-0.0011280000957256675,-0.11220881619590273,0.4944675648396597
DES,1297026,0.25854,40.59566,0.0934,114.63209973909734,4290.993681699685,40.585165556175724,40.44332437949539,40.57674175107029,40.21156031927002,0.010494443824278221,0.15233562050461558,0.018918248929715276,0.3840996807299817
DES,1314162,0.58141,42.66271,0.1522,43.168871444827595,11116.494950570432,42.65612593838486,42.48700460463577,42.6045046797378,42.07028428285592,0.00658406161513625,0.17570539536422558,0.05820532026219638,0.5924257171440743
DES,1316487,0.77627,43.85273,0.3073,10.58948597470235,19229.67193363697,43.422204752105024,43.26960964408997,43.379217957647214,42.755543535259974,0.4305252478949768,0.5831203559100331,0.47351204235278743,1.0971864647400267
DES,1309293,0.33472,41.17467,0.21,22.67573696145125,5602.216329077446,41.23098649546148,41.074503031674865,41.203787983014564,40.79608653479362,-0.05631649546148054,0.10016696832513361,-0.02911798301456514,0.37858346520637554
DES,1296161,0.86243,43.85584,0.2481,16.246000843817285,19257.23255378839,43.70346076637141,43.56330537535532,43.66975254956204,43.009091546443784,0.15237923362859362,0.2925346246446807,0.1860874504379595,0.8467484535562164
DES,1318158,0.78604,43.58471,0.1448,47.69390433747443,16996.827822992578,43.45557525928991,43.304254374611865,43.41349482677164,42.78555127980464,0.1291347407100929,0.28045562538813584,0.17121517322836155,0.7991587201953578
DES,1291783,0.39821,41.83358,0.1674,35.68527868061533,7588.25427165491,41.6729702498876,41.508640464064946,41.634672081500284,41.192841638012865,0.16060975011239975,0.32493953593505154,0.1989079184997138,0.6407383619871325
DES,1309376,0.74009,43.42073,0.1588,39.65509583843562,15760.56836088186,43.295004552585524,43.138021273773305,43.24901369387092,42.64132097060901,0.12572544741447444,0.2827087262266943,0.17171630612907762,0.7794090293909903
DES,1883166,0.51351,42.32145,0.1592,39.45607434155703,9499.830906021187,42.33070765372817,42.160635244083466,42.28115917205197,41.780178082128174,-0.009257653728170112,0.16081475591653316,0.040290827948027186,0.5412719178718248
DES,1928157,0.54379,42.57478,0.1037,92.99133599722514,10675.343914423169,42.480522191483146,42.310515864929684,42.429672292024364,41.91372784502721,0.09425780851685062,0.264264135070313,0.1451077079756331,0.6610521549727864
DES,1901738,0.46975,42.10012,0.1352,54.70746822590247,8579.260897916452,42.09894953207571,41.92988135264123,42.052437972251646,41.57349284266795,0.0011704679242896532,0.17023864735876515,0.047682027748351175,0.5266271573320438
DES,1915087,0.56104,42.52096,0.2018,24.556002911359705,10414.007234835723,42.562413137549015,42.39270574560584,42.51109691987538,41.986729627145614,-0.04145313754901281,0.1282542543941645,0.009863080124624446,0.5342303728543882
DES,1773189,0.57744,42.7497,0.2732,13.397957936843099,11570.866290955408,42.63810654640042,42.46885164699897,42.58652433817133,42.05421641083647,0.11159345359957484,0.2808483530010264,0.16317566182866727,0.6954835891635298
DES,1773049,0.35023,41.3175,0.1076,86.3724934702395,5983.094674853938,41.34566395729938,41.18692096751204,41.31539574930787,40.89925003040153,-0.02816395729937682,0.1305790324879652,0.0021042506921347126,0.4182499695984703
DES,1927203,0.68069,43.08039,0.1459,46.97744753676103,13474.227478595505,43.07264046763564,42.90966760107956,43.02300986484896,42.44216036966053,0.0077495323643645975,0.1707223989204394,0.057380135151042566,0.6382296303394739
DES,1338128,0.31184,41.13838,0.1588,39.65509583843562,5509.36917815893,41.052566906750776,40.89984590613095,41.030344836563124,40.63522950219895,0.0858130932492216,0.238534093869049,0.10803516343687392,0.5031504978010446
DES,1334614,0.43941,42.79751,289.7856,1.1908207634326713e-05,11828.45099800564,41.92617580718244,41.758623741928474,41.882630417719895,41.41925702978445,0.8713341928175637,1.0388862580715283,0.9148795822801077,1.3782529702155557
DES,1340460,0.63779,42.93931,0.1648,36.82015270053728,12626.642228327337,42.90022748735581,42.73396234485548,42.849064572695625,42.288086017662934,0.03908251264419249,0.20534765514452147,0.09024542730437446,0.6512239823370649
DES,1307783,0.74061,43.58119,0.2452,16.632558832687103,16969.297946029314,43.29687469493995,43.13995068134899,43.25092296065785,42.64299859423937,0.28431530506004776,0.4412393186510073,0.3302670393421465,0.9381914057606267
DES,1340539,0.44766,42.08076,0.1646,36.90968495369311,8503.11152158711,41.974225073572384,41.80619124105464,41.92980023341683,41.46216837005487,0.10653492642761364,0.2745687589453567,0.15095976658317056,0.6185916299451293
DES,1331883,0.61882,42.94493,0.2316,18.643304369095667,12659.363637316728,42.82045325435891,42.653032645872756,42.768930666935944,42.216872450648,0.12447674564108979,0.2918973541272436,0.17599933306405546,0.7280575493520018
DES,1278602,0.34799,41.51216,0.207,23.337767509160074,6544.219762986706,41.3293939935181,41.17096316374936,41.2995543245368,40.884623821334685,0.18276600648189856,0.34119683625063857,0.21260567546320175,0.6275361786653164
DES,1302117,0.49238,42.31734,0.2056,23.656679132159457,9481.86734448166,42.22119686495127,42.05144127176633,42.17293821867946,41.68253589170489,0.09614313504873451,0.26589872823367244,0.14440178132053916,0.6348041082951141
DES,1335671,0.52427,42.2756,0.1008,98.41899722852104,9301.347608292892,42.38486800734092,42.21475043967976,42.334784844653946,41.828460258794365,-0.10926800734092268,0.060849560320235696,-0.05918484465394869,0.44713974120563194
DES,1337703,0.53225,42.05819,0.1261,62.88829592213423,8415.189012471108,42.424368621443094,42.25426682188264,42.37394074022238,41.86367198667594,-0.36617862144309044,-0.19607682188263453,-0.31575074022237715,0.19451801332406404
DES,1340706,0.29323,40.88986,0.2023,24.434768818986985,4913.5782314322905,40.89834132269647,40.749073112906856,40.880576410371035,40.49581386512052,-0.008481322696468396,0.14078688709314235,0.00928358962896425,0.39404613487948126
DES,1284601,0.40512,41.74579,0.1379,52.58616111032525,7287.589057282639,41.71707878223246,41.55211080590195,41.67779819896093,41.232322079319616,0.028711217767536823,0.19367919409805268,0.06799180103907077,0.5134679206803838
DES,1335323,0.19991,39.82392,0.1936,26.680213100198074,3007.5293556112656,39.9551892702864,39.829071102814275,39.96585338039188,39.63463186754594,-0.13126927028639557,-0.005151102814274111,-0.14193338039187609,0.18928813245405962
DES,1303881,0.77004,43.35937,0.1482,45.530622986408204,15321.450240129052,43.40071352433678,43.247325292336974,43.35716947539145,42.73622758902236,-0.041343524336781456,0.11204470766302421,0.0022005246085470276,0.6231424109776356
DES,1309051,0.59629,42.50344,0.1896,27.81783546084139,10330.322385376428,42.7226496546941,42.554110286291774,42.67096785997097,42.12961280045934,-0.21920965469410447,-0.05067028629177628,-0.1675278599709742,0.37382719954065635
DES,1337649,0.2615,40.48657,0.15,44.44444444444444,4080.7489265315285,40.61334996369564,40.47082294886773,40.60407482553226,40.23720800419753,-0.1267799636956397,0.015747051132272816,-0.11750482553225794,0.24936199580247376
DES,1249851,0.21511,40.09896,0.0946,111.74233112381496,3413.6412280868503,40.133400774193795,40.00280267620825,40.13869639486213,39.798563778154616,-0.0344407741937971,0.09615732379175057,-0.039736394862131874,0.30039622184538217
DES,1260000,0.5506,42.72227,0.1714,34.039123206648796,11425.622607445326,42.51313831238039,42.343227917070365,42.46208105652879,41.942802700475426,0.20913168761961032,0.3790420829296366,0.26018894347121346,0.7794672995245762
DES,1255730,0.69107,43.45652,0.3612,7.6648651167696205,16022.48505079976,43.11280210754659,42.950760472530476,43.063684957538634,42.47808930783715,0.3437178924534052,0.5057595274695217,0.392835042461364,0.9784306921628456
DES,1256807,0.61943,42.62422,0.2218,20.327169864401515,10921.187794625323,42.823054260416214,42.655667818453416,42.77154007872677,42.21919372455373,-0.19883426041621277,-0.031447818453415266,-0.14732007872677144,0.4050262754462679
DES,1262736,0.52929,42.30629,0.1737,33.14365221172563,9433.739400838727,42.40978176623437,42.23966927629721,42.35947665601488,41.85066904594657,-0.10349176623437017,0.06662072370279049,-0.05318665601487993,0.4556209540534297
DES,1264631,0.55299,42.20844,0.178,31.561671506122966,9018.075668652427,42.524495519225866,42.35462565879749,42.47337272386808,41.9529270189223,-0.3160555192258627,-0.14618565879748502,-0.2649327238680783,0.2555129810777004
DES,1252313,0.59692,42.71901,0.1295,59.62940325874688,11408.482355542526,42.72543154806176,42.556919615417215,42.673750141461255,42.13209417005625,-0.006421548061766202,0.16209038458278258,0.04525985853874204,0.5869158299437487
DES,1250852,0.77725,43.37835,0.1483,45.46924028629253,15455.956082901954,43.42557026251188,43.27310129950413,43.38267260218723,42.75856907147856,-0.04722026251188538,0.10524870049587065,-0.004322602187230018,0.6197809285214362
DES,1249182,0.56017,42.18869,0.2091,22.87135707883368,8936.426238830381,42.55833989626287,42.388613030308036,42.507042564434855,41.98309833351664,-0.3696498962628709,-0.19992303030803527,-0.3183525644348535,0.20559166648336458
DES,1260050,0.27278,40.65338,0.1059,89.16780578538558,4406.582192171432,40.718134440720185,40.57308420982359,40.70570916365794,40.33244474159694,-0.06475444072018632,0.08029579017640742,-0.05232916365794438,0.32093525840306114
DES,1257839,0.64421,42.90481,0.1699,34.642820396722655,12427.617416382514,42.9267171887532,42.76088585275143,42.87572123091597,42.311742502361895,-0.021907188753203855,0.14392414724856906,0.029088769084026467,0.5930674976381027
DES,1248925,0.34307,41.44534,0.133,56.53230821414437,6345.909511484559,41.29331736064282,41.135588861249616,41.264436382011624,40.852180133466355,0.15202263935718463,0.30975113875038573,0.18090361798837762,0.5931598665336466
DES,1392367,0.59349,43.05236,0.2242,19.894305533561294,13301.415965681665,42.71025207432764,42.54159349463711,42.65857143174199,42.1185548954289,0.3421079256723587,0.5107665053628878,0.39378856825801023,0.9338051045710998
DES,1503024,0.27694,40.92631,0.1242,64.8271319698891,4996.752921407897,40.75577559978555,40.609830504829674,40.74222573990293,40.366611901351625,0.17053440021445,0.31647949517032714,0.18408426009707313,0.5596980986483757
DES,1397029,0.35942,42.35098,164.6259,3.68980721316358e-05,9629.902167700278,41.41142772811388,41.25145326509998,41.37945277875542,40.958336616502436,0.9395522718861216,1.0995267349000173,0.9715272212445782,1.392643383497564
DES,1658072,0.34721,42.87201,218.2322,2.0997246096663e-05,12241.3094043449,41.323705941982645,41.1653849238589,41.29401665899608,40.879509653234564,1.548304058017358,1.7066250761411013,1.5779933410039249,1.9925003467654392
DES,1442085,0.63355,43.06881,0.1873,28.505223154564725,13402.56354652752,42.88259385009148,42.71605394331709,42.83133308953406,42.27234113072795,0.18621614990851754,0.35275605668290666,0.23747691046593644,0.7964688692720472
DES,1479130,0.8624,43.52442,0.2499,16.012807684098046,16531.409161775322,43.70336766402066,43.56320749392208,43.6696557370646,43.009007357184736,-0.17894766402066153,-0.038787493922079364,-0.1452357370646027,0.5154126428152637
DES,1502065,0.27316,40.71483,0.1397,51.23977190103142,4533.064254379392,40.7215946246107,40.57646185976119,40.70906579658188,40.33558654189038,-0.006764624610703152,0.1383681402388106,0.00576420341811712,0.37924345810962024
DES,1302418,0.4778,42.22784,0.1418,49.73332988515579,9099.004400243857,42.14305109756208,41.97369611197803,42.095873669992095,41.612837703397375,0.08478890243792137,0.2541438880219715,0.1319663300079057,0.6150022966026256
DES,1291408,0.34721,41.13422,0.1159,74.44458754348494,5498.8247032808795,41.323705941982645,41.1653849238589,41.29401665899608,40.879509653234564,-0.189485941982646,-0.031164923858902682,-0.1597966589960791,0.25471034676543525
DES,1318304,0.39764,41.37364,0.2229,20.127037837422247,6139.795059582021,41.66930030865119,41.50502497658917,41.63108507302264,41.18955595043329,-0.2956603086511862,-0.13138497658916748,-0.2574450730226374,0.18408404956671376
DES,1311921,1.04436,44.00793,0.228,19.236688211757464,20654.366309357276,44.21678629383155,44.110381326915636,44.21071834389986,43.47657007770715,-0.2088562938315448,-0.10245132691563441,-0.20278834389986145,0.5313599222928502
DES,1320367,0.40109,42.44441,279.3887,1.281097920387345e-05,10053.282234553013,41.69143931682753,41.52683862584219,41.65272654598147,41.20937502061858,0.752970683172471,0.9175713741578093,0.7916834540185249,1.2350349793814175
DES,1291143,0.47819,42.04154,0.2083,23.04737456984956,8350.911381619082,42.14517011484621,41.975802431554726,42.09796168465296,41.614727957907014,-0.10363011484621154,0.06573756844527168,-0.05642168465296038,0.4268120420929833
DES,1318266,0.40626,41.74051,0.1944,26.461074700672327,7269.89059278792,41.724288914412085,41.55921952331545,41.68485030748956,41.238774001953914,0.01622108558791524,0.181290476684552,0.055659692510438674,0.5017359980460867
DES,1310294,0.43967,41.94286,0.1607,38.722933153762185,7979.907827932185,41.92770279108939,41.760134734050425,41.88412883773022,41.420620964735846,0.015157208910615338,0.18272526594957839,0.0587311622697797,0.5222390352641568
DES,1302648,0.23171,40.15341,0.1707,34.31886827354472,3500.3210122628434,40.31522003500488,40.18005820726075,40.314994625701715,39.96521631139173,-0.16181003500487634,-0.02664820726074879,-0.16158462570171395,0.18819368860827268
DES,1299746,0.36571,41.38879,0.1978,25.559209954596618,6182.781162394237,41.45555283902009,41.294780577412645,41.422456821174364,40.99795270550755,-0.06676283902009317,0.09400942258735512,-0.03366682117436426,0.3908372944924494
DES,1296793,0.64392,42.96751,0.1528,42.83051451440476,12791.688500507244,42.925526020900236,42.75967463091966,42.87452203634928,42.310678626732866,0.04198397909976137,0.2078353690803354,0.09298796365071382,0.6568313732671314
DES,1309492,0.33352,41.0983,0.1097,83.09726784493053,5408.612593672963,41.221911539155755,41.06561254668294,41.19496060658082,40.78791542054443,-0.12361153915575329,0.03268745331705958,-0.09666060658081932,0.3103845794555724
DES,1294014,0.36271,40.9642,0.1549,41.67706856836352,5084.706329838555,41.43459534438099,41.27419906139208,41.40202928395332,40.97913962873862,-0.4703953443809894,-0.3099990613920838,-0.4378292839533202,-0.014939628738623867
DES,1290812,0.63503,42.72109,0.2567,15.175683577284977,11419.415495584224,42.88876165180655,42.72231658584933,42.8375339157696,42.27784805378397,-0.16767165180655041,-0.0012265858493307746,-0.11644391576960089,0.44324194621602686
DES,1295794,0.67098,43.00473,0.2607,14.713565863585531,13012.83356161232,43.03453954475329,42.87074195892318,42.9844778437576,42.40808975676465,-0.029809544753284456,0.13398804107681883,0.02025215624239962,0.596640243235349
DES,1302027,0.74899,43.26925,0.1639,37.22563312426177,14698.596739201617,43.326840215839326,43.170886874369415,43.281535582460556,42.66988607363088,-0.05759021583932622,0.09836312563058414,-0.012285582460556554,0.5993639263691222
DES,1297063,0.43516,41.94989,0.1648,36.82015270053728,8005.784121768592,41.90109617240674,41.73381303851944,41.858025582118756,41.39685308677807,0.048793827593264893,0.21607696148056021,0.0918644178812471,0.5530369132219306
DES,1879188,0.64727,42.96769,0.1322,57.218581848892576,12792.748886701169,42.93925516688981,42.77363806060701,42.888346683780725,42.32294127436586,0.028434833110189572,0.1940519393929847,0.07934331621927271,0.6447487256341375
DES,1879263,0.46192,42.26696,0.1282,60.84486749204756,9264.412311904995,42.05537459347805,41.88663111732471,42.009558703088004,41.534608907205005,0.21158540652194802,0.3803288826752862,0.2574012969119934,0.7323510927949926
DES,1878692,0.8845,43.81837,0.2247,19.805866854267833,18927.788524822925,43.77111269055482,43.634551409281045,43.74021797876247,43.07031737078805,0.04725730944517892,0.1838185907189569,0.0781520212375284,0.7480526292119549
DES,1773237,0.39186,41.61736,0.1734,33.25843533695451,6869.068939174877,41.63180919572845,41.468101768135256,41.594451380456455,41.155982874392926,-0.014449195728452935,0.14925823186474219,0.02290861954354284,0.461377125607072
DES,1840041,0.23891,40.39397,0.1535,42.44076860231939,3910.388212187272,40.390375662103196,40.25333826167629,40.38786364776073,40.033929302320566,0.003594337896807076,0.14063173832371234,0.006106352239271473,0.36004069767943747
DES,1795052,0.67924,42.81345,0.158,40.0576830636116,11915.598882989012,43.066983827304,42.90388493259452,43.01728580285094,42.43710120186377,-0.2535338273039969,-0.09043493259451907,-0.20383580285093927,0.37634879813623456
DES,1878719,0.45753,42.31237,0.1346,55.19628904309506,9460.190351203193,42.030642828658465,41.86210141085147,41.98523796848346,41.51253528296053,0.2817271713415366,0.4502685891485285,0.32713203151654113,0.7998347170394737
DES,1909375,0.33753,41.21254,0.0889,126.53086530662856,5700.774666374088,41.25212055132269,41.0952105891753,41.22434800204162,40.815111461143445,-0.039580551322693225,0.11732941082469495,-0.011808002041625798,0.39742853885655194
DES,1784110,0.45993,42.05468,0.1767,32.02778474382096,8401.59756461874,42.04419075421896,41.875537078318104,41.99855930367026,41.5246274984184,0.010489245781037937,0.17914292168189405,0.056120696329735154,0.5300525015816007
DES,1826039,0.83916,43.5568,0.2421,17.061233278072,16779.76503078285,43.630281386350795,43.48650862725945,43.59379144122427,42.942974430944616,-0.07348138635079238,0.07029137274055586,-0.03699144122426645,0.6138255690553862
DES,1906545,0.54806,42.80686,0.1992,25.201206432154322,11879.492154462852,42.501017549433726,42.33106797470696,42.4500340539132,41.93199784803008,0.30584245056627424,0.475792025293039,0.3568259460868006,0.8748621519699213
DES,1833067,0.55577,42.36557,0.1855,29.06110824536294,9694.822789117588,42.53764823803387,42.367829979015276,42.48645389850496,41.964652116915275,-0.172078238033869,-0.0022599790152781907,-0.12088389850496384,0.4009178830847233
DES,1281886,0.38393,41.46707,0.1815,30.35615357178092,6409.73205349114,41.57953396154073,41.416652720940625,41.5434017123264,41.109147505794496,-0.11246396154073324,0.05041727905937421,-0.07633171232640024,0.3579224942055035
DES,1331993,0.71961,43.27996,0.1991,25.226527914036065,14771.271309138076,43.220329649819746,43.061103984014764,43.17289549856304,42.57437170860177,0.05963035018025664,0.21885601598523863,0.107064501436966,0.7055882913982359
DES,1330559,0.68131,43.28465,0.1929,26.874199988659093,14803.209145143543,43.07505566708819,42.91213699404299,43.02545421697549,42.444320564389656,0.20959433291180574,0.37251300595701053,0.2591957830245093,0.840329435610343
DES,1291794,0.39512,41.69227,0.1505,44.14962307259302,7110.168206848415,41.65301692343023,41.4889856628719,41.615171820886374,41.17497593843215,0.039253076569771395,0.20328433712810323,0.07709817911362649,0.5172940615678527
DES,1344355,0.24448,40.34132,0.2067,23.405560552642736,3816.716259655174,40.447100259522855,40.308654138498824,40.442863259815965,40.08572513699203,-0.1057802595228523,0.03266586150117945,-0.10154325981596202,0.2555948630079712
DES,1333248,0.69395,42.90746,0.1419,49.6632582772511,12442.792967093603,43.12384330858357,42.962068991129485,43.074878106019014,42.48796980877915,-0.21638330858356625,-0.05460899112948425,-0.16741810601901363,0.4194901912208522
DES,1337311,0.42131,41.91931,0.1409,50.37070319012775,7893.8319225986,41.81776324305079,41.65145620714041,41.77634440803058,41.322378137941456,0.10154675694921167,0.2678537928595901,0.14296559196942127,0.5969318620585469
DES,1306736,0.55145,42.35736,0.2011,24.727252226132702,9658.237375004532,42.51718277224298,42.34728638642257,42.46610177896767,41.94640809649784,-0.15982277224298258,0.010073613577432639,-0.10874177896766923,0.41095190350215915
DES,1334253,0.62076,42.9675,0.2001,24.975018737507806,12791.629592740392,42.828716922078385,42.661405670959574,42.77722180395927,42.224247514437344,0.13878307792161593,0.30609432904042677,0.1902781960407296,0.7432524855626568
DES,1329615,0.4036,41.73836,0.1551,41.56965348783943,7262.696152091363,41.707436081803905,41.54260502512993,41.66836797612959,41.223692663708604,0.030923918196094746,0.19575497487007,0.06999202387041237,0.5146673362913958
DES,1329198,0.39521,41.14772,5.763,0.030109445727558477,5533.1172727680205,41.65360012045084,41.48956004937953,41.615741700852155,41.175498172191354,-0.5058801204508399,-0.3418400493795275,-0.4680217008521552,-0.027778172191354145
DES,1289366,0.37769,42.15081,1.262,0.6278867091452955,8781.887616487378,41.53769491499851,41.37550257294862,41.50256760978763,41.071642020375236,0.613115085001489,0.7753074270513807,0.6482423902123671,1.0791679796247635
DES,1330970,0.80669,43.42993,0.1487,45.22494662325675,15827.483704365084,43.52481001836851,43.37630157399099,43.48477257877555,42.847869818787686,-0.09488001836851367,0.053628426009005636,-0.0548425787755491,0.582060181212313
DES,1328089,0.56864,42.4359,0.1777,31.66832872611931,10013.960524416885,42.59774545495018,42.42822770698732,42.54628483763277,42.01822965189089,-0.161845454950182,0.007672293012674913,-0.11038483763277185,0.4176703481091053
DES,1333442,0.69209,42.99,0.2034,24.171193931289995,12924.860817520293,43.116717543876554,42.95477014312546,43.067653740898976,42.48159298692284,-0.12671754387655199,0.03522985687454394,-0.07765374089897392,0.5084070130771607
DES,1338233,0.60148,42.9279,0.1846,29.345168435397788,12560.469551453685,42.74548502243159,42.57717835154112,42.69381347698683,42.14998227257414,0.1824149775684134,0.35072164845887954,0.23408652301316835,0.7779177274258586
DES,1331925,0.61496,42.819,0.2321,18.563066440370513,11946.092550507656,42.80393803304329,42.63630590049122,42.7523671984584,42.20213428818978,0.015061966956714912,0.18269409950877957,0.06663280154160134,0.6168657118102203
DES,1252225,0.51956,43.19956,180.3598,3.074117830325702e-05,14234.357696468089,42.361289228806356,42.19118196005494,42.31143015472335,41.80744100298057,0.8382707711936419,1.0083780399450575,0.8881298452766515,1.3921189970194305
DES,1249137,0.22305,40.20316,0.2129,22.06219288048623,3581.4416101420325,40.22192227574138,40.08909914180458,40.224533281576875,39.87977585415713,-0.018762275741380563,0.11406085819541545,-0.0213732815768779,0.3233841458428657
DES,1261144,0.61069,42.69645,0.1609,38.62672714582092,11290.570192081213,42.78555412840567,42.61769747147713,42.73393992613799,42.1857302494037,-0.08910412840567261,0.07875252852286962,-0.037489926137993734,0.5107197505963015
DES,1260522,0.74133,43.39906,0.1639,37.22563312426177,15604.069466818068,43.299462044038435,43.14262027762463,43.25356468175434,42.645319673122884,0.0995979559615634,0.2564397223753687,0.14549531824565776,0.7537403268771143
DES,1246275,0.24605,40.59366,0.0993,101.41483841066723,4287.043349939697,40.46287426907504,40.32403766734262,40.458157912568815,40.100118535099796,0.1307857309249627,0.26962233265737723,0.13550208743118475,0.4935414649002041
DES,1250279,0.27382,40.46812,0.098,104.12328196584755,4046.22356489864,40.72759391995436,40.58231818573562,40.71488563515429,40.3410333565123,-0.25947391995435964,-0.11419818573562424,-0.24676563515428995,0.1270866434877007
DES,1264038,0.66362,42.84266,0.1586,39.755171750293,12076.966873468984,43.00530862161506,42.840916371023866,42.95495244009166,42.38196003069598,-0.16264862161505533,0.0017436289761363355,-0.1122924400916574,0.4606999693040237
DES,1263930,0.43578,42.07077,0.241,17.21733441228629,8464.082251381506,41.90476893733117,41.7374456849344,41.86162815346764,41.400134283573564,0.1660010626688333,0.3333243150656031,0.20914184653236134,0.6706357164264389
DES,1260105,0.6941,43.14792,0.1349,54.95106333055099,13899.842365255668,43.12441717286423,42.96265688362641,43.07545999611543,42.48848338168486,0.02350282713577201,0.18526311637359072,0.07246000388457219,0.6594366183151408
DES,1252665,0.97489,44.18118,0.2045,23.911860880793398,22369.788349004957,44.031982059329195,43.91165075966817,44.01423628413464,43.30744517281495,0.1491979406708026,0.2695292403318277,0.16694371586535794,0.8737348271850465
DES,1650024,0.30994,41.14081,0.139,51.75715542673773,5515.5379236940635,41.03721452103712,40.884829619414084,41.01543038737698,40.62136724137857,0.10359547896288035,0.25598038058591754,0.12537961262302133,0.5194427586214303
DES,1495047,0.41097,41.81159,0.1071,87.18084183564493,7511.797554877419,41.75388147277961,41.58840460474545,41.713802044549325,41.265249827639245,0.05770852722039166,0.2231853952545535,0.09778795545067709,0.5463401723607575
DES,1641368,0.60706,43.00297,0.2155,21.53304514941242,13002.290803579648,42.76982995516633,42.601790310411076,42.7181872149048,42.17170087773188,0.23314004483366801,0.4011796895889219,0.28478278509519583,0.8312691222681181
DES,1574104,0.27304,40.70865,0.1137,77.35334000119126,4520.181516184616,40.72050241300515,40.575395694269176,40.70800626732167,40.33459484967565,-0.011852413005151163,0.13325430573082286,0.0006437326783270692,0.3740551503243452
DES,1530191,0.55584,42.73848,0.2075,23.225431847873423,11511.233807075207,42.537978624625836,42.36816172650521,42.48678254850424,41.964946645497335,0.20050137537416646,0.37031827349479585,0.2516974514957653,0.7735333545026677
DES,1444028,0.55372,42.57853,0.166,36.28973726230222,10693.79550804409,42.5279552832348,42.35809851025735,42.476813213784894,41.956011233654635,0.050574716765197536,0.22043148974265137,0.10171678621510694,0.6225187663453653
DES,1533036,0.65325,43.39668,0.1993,25.175923056336917,15586.97629971922,42.96359600955656,42.798411320002046,42.912873038647895,42.34468568110145,0.4330839904434427,0.5982686799979575,0.48380696135210854,1.0519943188985508
DES,1645195,0.5258,42.40356,0.1332,56.36266897528158,9865.926485427399,42.39248478179873,42.22236701417288,42.34233213506617,41.83525010276739,0.011075218201270332,0.18119298582711707,0.06122786493382648,0.5683098972326093
DES,1367331,0.44684,42.03154,0.1221,67.07623415240123,8312.542429086172,41.96948614954347,41.80149784132535,41.92514624678012,41.45793683472867,0.06205385045652889,0.2300421586746495,0.10639375321987643,0.5736031652713294
DES,1293832,0.81325,43.34781,0.1574,40.36366043505567,15240.102047876484,43.5464460550418,43.39886407249138,43.50709290671088,42.867362061696916,-0.1986360550417956,-0.05105407249137528,-0.15928290671087808,0.48044793830308663
DES,1326216,0.34832,42.90996,218.4352,2.0958237179284003e-05,12457.126511362327,41.33179694750777,41.173319832299065,41.30189383472222,40.88678421273243,1.5781630524922292,1.7366401677009335,1.6080661652777763,2.0231757872675686
DES,1296657,0.14624,39.29023,0.1306,58.62915651405107,2352.18716062194,39.2057286021541,39.09787398986522,39.23788887810855,38.938750993512336,0.08450139784589794,0.19235601013478032,0.05234112189145179,0.35147900648766495
DES,1312274,0.4245,41.87683,0.1924,27.014060278093545,7740.907449543655,41.8371790932535,41.67063357442622,41.79536550371609,41.33973484212292,0.03965090674649474,0.20619642557377915,0.08146449628390684,0.5370951578770757
DES,1302738,0.67783,43.0151,0.1593,39.40655307333678,13075.12577010166,43.06147219364234,42.89825170993424,43.011709628112555,42.43217202660254,-0.04637219364234113,0.1168482900657537,0.0033903718874412903,0.5829279733974602
DES,1298763,0.6096,43.03339,0.2105,22.568141682793488,13185.72078429038,42.780841834714096,42.61292946704704,42.72921825611783,42.18152573172151,0.2525481652859014,0.4204605329529585,0.30417174388216495,0.85186426827849
DES,1293789,0.42857,41.90901,0.1242,64.8271319698891,7856.477571947535,41.861756095092346,41.6949182310714,41.81945134639518,41.361701171179206,0.04725390490765591,0.21409176892860415,0.08955865360482562,0.5473088288207961
DES,1322975,0.84634,43.90282,0.2792,12.828301902283233,19678.404118246457,43.65306916914206,43.51039319760869,43.61741677697428,42.96355111142394,0.24975083085794125,0.3924268023913058,0.2854032230257175,0.9392688885760592
DES,1308589,0.68576,42.60976,0.359,7.759095599816885,10848.704378257633,43.0923293698892,42.9298050145016,43.04294283311198,42.459772159201634,-0.4825693698891982,-0.32004501450160205,-0.433182833111978,0.14998784079836724
DES,1311151,0.67765,43.07834,0.2179,21.061317709767035,13461.513003466725,43.06076779521462,42.89753185796839,43.010997062992715,42.43154208892287,0.017572204785373913,0.18080814203160855,0.06734293700728244,0.6467979110771296
DES,1305350,0.49263,42.32964,0.2662,14.111848251344435,9535.728448541191,42.2225179415379,42.052756793838306,42.174242136602075,41.68371397913663,0.10712205846209599,0.27688320616169193,0.15539786339792272,0.6459260208633708
DES,1304442,0.21711,40.18207,0.1705,34.3994289694791,3546.8259318429364,40.15597864553272,40.02481272945059,40.160590391439094,39.81929090085678,0.026091354467283168,0.1572572705494153,0.02147960856090947,0.3627790991432249
DES,1311496,0.69066,43.44719,0.1661,36.246054163928584,15953.790144225217,43.11122670255075,42.94914732554459,43.06208825396648,42.47667962236132,0.335963297449247,0.4980426744554123,0.38510174603352,0.9705103776386821
DES,1322819,0.33759,41.39351,0.1225,66.63890045814244,6196.234921386154,41.252570046105404,41.09565106062598,41.22478532687744,40.815516033455836,0.1409399538945948,0.29785893937401653,0.16872467312256134,0.5779939665441631
DES,1324536,0.58899,42.96694,0.233,18.419937740610436,12788.331190721423,42.69021146962235,42.52137067347288,42.63854257224446,42.100681131157614,0.2767285303776532,0.4455693265271208,0.32839742775554015,0.8662588688423867
DES,1305541,0.83293,43.46667,0.1424,49.315111728317135,16097.5534227238,43.61035485153374,43.46564471248746,43.57315348115416,42.92498996427413,-0.14368485153374166,0.0010252875125402738,-0.10648348115415729,0.541680035725868
DES,1315890,0.56699,42.9266,0.233,18.419937740610436,12552.952198905874,42.590112467471315,42.42055058276958,42.538680075706864,42.011424360568874,0.336487532528686,0.5060494172304217,0.3879199242931364,0.9151756394311263
DES,1320704,0.26996,40.44445,0.1428,49.039223532550274,4002.3574706438026,40.69231695947684,40.54788421439205,40.680665345070736,40.308996607788174,-0.24786695947683768,-0.10343421439204548,-0.2362153450707325,0.13545339221182928
DES,1311001,0.63094,42.93812,0.1931,26.81855983797299,12619.724531477797,42.87168352951224,42.70497917253009,42.820367494445236,42.262600470190335,0.06643647048775847,0.23314082746991005,0.11775250555476191,0.6755195298096623
DES,1948209,0.37942,41.57089,0.1261,62.88829592213423,6723.631064618383,41.549357965119185,41.38697117863157,41.513948436049304,41.0820989066706,0.021532034880813455,0.18391882136842952,0.056941563950694274,0.48879109332939663
DES,1880632,0.40538,41.53219,0.1213,67.9639165974001,6604.86393185146,41.71872484564105,41.55373364355255,41.679408121321686,41.2337950855404,-0.18653484564104872,-0.021543643552547564,-0.14721812132168566,0.29839491445959965
DES,1935095,0.99268,43.88061,0.1729,33.45106994919786,19478.15758274909,44.08051600967376,43.963639810462944,44.065639987070455,43.35176289686494,-0.19990600967376082,-0.08302981046294633,-0.18502998707045748,0.5288471031350568
DES,1883111,0.43278,41.71503,0.168,35.43083900226757,7185.084418010891,41.886952368428965,41.71982606214492,41.84415419064493,41.384216322470124,-0.1719223684289659,-0.004796062144919233,-0.12912419064493008,0.3308136775298749
DES,1770702,0.33846,40.87733,0.2161,21.413638474826453,4885.307162278607,41.259079480231065,41.10203004718942,41.231118704756355,40.82137461828589,-0.3817494802310648,-0.2247000471894225,-0.3537887047563544,0.05595538171411363
DES,1900662,0.44791,41.96821,0.1662,36.20244989218911,8073.612013262936,41.97566826748647,41.80762065864571,41.931217639819906,41.46345701604032,-0.007458267486470049,0.1605893413542887,0.03699236018009344,0.5047529839596763
DES,1837096,0.37937,41.65466,0.1759,32.319774433830275,6988.080110741537,41.54902157095994,41.386640366973474,41.51362015966624,41.08179732187298,0.10563842904006293,0.2680196330265261,0.14103984033376094,0.5728626781270165
DES,1909346,0.43448,42.25091,0.2565,15.199358587067627,9196.18871938844,41.89706240534977,41.729823621684574,41.85406916759952,41.39324926681659,0.35384759465022597,0.5210863783154238,0.3968408324004784,0.8576607331834083
DES,1892149,0.64025,42.80521,0.1279,61.13063555687868,11870.468914354837,42.91040748459288,42.74430604896397,42.85930587952918,42.297176612259484,-0.10519748459287825,0.060903951036031856,-0.0540958795291786,0.5080333877405181
DES,1904352,0.64337,43.1229,0.2438,16.824129300836294,13740.605629179556,42.92326551169702,42.75737620700309,42.872246429686,42.3086597120935,0.19963448830298347,0.3655237929969104,0.25065357031400026,0.8142402879065003
DES,1919042,0.34814,41.16477,0.1815,30.35615357178092,5576.73329528457,41.33048650503778,41.172034623666036,41.300617984629135,40.88560605987546,-0.16571650503778557,-0.007264623666038972,-0.13584798462913739,0.2791639401245405
DES,1306423,0.44638,41.87444,0.2136,21.91782743480761,7732.392217595708,41.96682419939002,41.79886165622548,41.92253218247337,41.45555983394682,-0.0923841993900183,0.07557834377451655,-0.04809218247336844,0.418880166053178
DES,1307073,0.77464,43.27274,0.1849,29.250020694389637,14722.239382670823,43.416597938148996,43.26379384811428,43.373463775995404,42.7505035128993,-0.14385793814899728,0.008946151885716347,-0.10072377599540516,0.5222364871006988
DES,1291788,0.384,41.77543,0.2684,13.881454598759328,7387.744632649398,41.57999974537149,41.417110971537966,41.5438564264616,41.10956494199016,0.19543025462851205,0.35831902846203434,0.23157357353839814,0.6658650580098424
DES,1277710,0.68179,43.09853,0.1757,32.39339576404521,13587.259658916215,43.07692406156107,42.91404747029151,43.02734531436906,42.44599172741995,0.021605938438924,0.18448252970848955,0.07118468563093927,0.6525382725800455
DES,1317783,0.39436,41.55427,0.1824,30.057325330871034,6672.366220763567,41.64808725648656,41.48413067317439,41.61035489927485,41.17056145270287,-0.09381725648655959,0.07013932682561119,-0.056084899274850386,0.38370854729713244
DES,1342647,0.51618,42.35236,0.1973,25.68891900771926,9636.024045455384,42.34424522635652,42.17415441730042,42.29455650223899,41.79224674905037,0.008114773643477236,0.17820558269957587,0.05780349776100735,0.5601132509496267
DES,1342707,0.65243,42.99022,0.1392,51.608534813053254,12926.170349897275,42.96027084174014,42.79502578678844,42.909521298993326,42.341714932996005,0.029949158259860553,0.1951942132115576,0.08069870100667487,0.6485050670039954
DES,1334654,0.30259,42.00282,15.5403,0.0041407709049897075,8203.32419245352,40.976999257984446,40.825949454209194,40.95694567429281,40.56696305743982,1.0258207420155543,1.1768705457908055,1.0458743257071887,1.4358569425601786
DES,1339327,0.7725,43.44308,0.1481,45.592130068876024,15923.62256609887,43.409219564967955,43.25614268626542,43.36589361184376,42.74387178883863,0.03386043503204661,0.18693731373458178,0.07718638815624246,0.6992082111613698
DES,1341423,0.5971,42.47573,0.1422,49.45392970816248,10199.335434745444,42.72622586642862,42.557721813840175,42.67454461428861,42.132802685301556,-0.2504958664286221,-0.08199181384017606,-0.19881461428860803,0.34292731469844284
DES,1335675,0.60735,42.69747,0.148,45.65376186997809,11295.87492759099,42.77108941396046,42.603064120367215,42.7194486708067,42.172824542851565,-0.07361941396045779,0.09440587963278801,-0.021978670806696243,0.5246454571484378
DES,1332701,0.79167,43.32008,0.1194,70.14413216276805,15046.721235668125,43.474623923054715,43.324053941716045,43.433083531815385,42.802688760783354,-0.15454392305471742,-0.003973941716047591,-0.11300353181538725,0.5173912392166429
DES,1306378,0.36101,41.55955,0.21,22.67573696145125,6688.610019091294,41.42264849747706,41.262468931720704,41.39038657395572,40.968412925089034,0.13690150252293876,0.29708106827929726,0.16916342604427825,0.5911370749109679
DES,1336693,0.64795,42.77065,0.1157,74.70218107958098,11683.040307605004,42.9420337487481,42.77646489871191,42.89114539211014,42.32542323178481,-0.1713837487480987,-0.005814898711903993,-0.12049539211013638,0.4452267682151927
DES,1257605,0.74535,43.18219,0.179,31.210012171904747,14120.948692619064,43.31386390583265,43.157485342474516,43.26827436725391,42.658241119743565,-0.13167390583264904,0.024704657525482787,-0.08608436725391044,0.5239488802564338
DES,1266015,0.3616,41.50152,0.2473,16.35128044424467,6512.232165546907,41.42680061192385,41.26654553150812,41.39443282042572,40.97214116947862,0.0747193880761472,0.23497446849187753,0.10708717957427893,0.5293788305213809
DES,1264077,0.56459,42.82499,0.2096,22.762368160363614,11979.091302823854,42.57897261829815,42.40934946212894,42.527584367843986,42.00149269648027,0.24601738170184717,0.41564053787106303,0.2974056321560141,0.8234973035197299
DES,1262726,0.25378,40.35512,0.1134,77.76315830401661,3841.0492439972477,40.539213822938834,40.39849649950828,40.532180868846964,40.16971550019456,-0.18409382293883425,-0.04337649950828393,-0.17706086884696504,0.18540449980543627
DES,1251390,0.43398,41.79445,0.1284,60.65546724119526,7452.73836241234,41.894092670764756,41.726886730953225,41.85115655447009,41.390595994015314,-0.09964267076475863,0.06756326904677223,-0.05670655447008954,0.4038540059846838
DES,1250120,0.69088,43.13777,0.1207,68.64129364127648,13835.022668189968,43.11207215265857,42.95001301772217,43.06294512225341,42.47743613488059,0.025697847341433544,0.18775698227783266,0.07482487774659319,0.6603338651194122
DES,1249416,0.33169,42.5494,191.4833,2.7273331615870002e-05,10551.297661746727,41.20801427923631,41.05199930903539,41.181443728228516,40.775400157607706,1.3413857207636894,1.4974006909646107,1.367956271771483,1.7739998423922927
DES,1256817,0.47982,42.03231,0.1534,42.49612010423448,8315.490563544172,42.15400916654564,41.984589602675555,42.1066724099594,41.622612575608514,-0.12169916654563906,0.047720397324447106,-0.07436240995939869,0.4096974243914886
DES,1247420,0.15026,39.18191,0.1013,97.4498352610535,2237.730983102352,39.270086350452644,39.160725588953525,39.30049306144384,38.99891793766731,-0.08817635045264183,0.021184411046476725,-0.1185830614438359,0.18299206233269416
DES,1247022,0.35763,41.88096,0.1958,26.084026038118154,7755.644164270458,41.39874074793754,41.23899998200548,41.367091790903515,40.9469418453778,0.48221925206246397,0.6419600179945206,0.5138682090964863,0.9340181546222013
DES,1259241,0.10543,38.31943,0.1444,47.958502466985365,1504.2217883427575,38.437902288308145,38.34669137991223,38.4892684772353,38.21519468087991,-0.11847228830814771,-0.027261379912232542,-0.16983847723530232,0.10423531912008599
DES,1262746,0.23079,40.29796,0.1226,66.53023533074841,3741.2598654371727,40.30546238219594,40.170544690038184,40.30553381038761,39.956287744014226,-0.007502382195937685,0.12741530996181893,-0.007573810387604851,0.34167225598577744
DES,1254002,0.53591,42.41394,0.1499,44.503763015681784,9913.200156209965,42.4423005227563,42.272219773345,42.391729079166495,41.87965665844118,-0.02836052275630152,0.1417202266549964,0.02221092083350129,0.5342833415588188
DES,1632070,0.42513,42.1526,0.2522,15.722073980533558,8789.1297345865,41.84099761308629,41.67440596938643,41.79910708250584,41.34314804439418,0.31160238691371234,0.47819403061357235,0.3534929174941581,0.8094519556058231
DES,1516019,0.42436,42.02518,0.1728,33.489797668038406,8288.231540651956,41.83632982169486,41.66979459635601,41.794533375752806,41.338975701388286,0.18885017830513817,0.35538540364398585,0.23064662424719273,0.6862042986117132
DES,1536021,0.5341,42.42357,0.174,33.02946228035408,9957.260634012218,42.433446927983816,42.26335468975971,42.3829453456658,41.87176448601474,-0.009876927983818007,0.16021531024028945,0.04062465433419504,0.5518055139852578
DES,1473027,0.50566,42.22198,0.1433,48.69760685350639,9074.482658897101,42.29052234486489,42.12053188837295,42.24141547694416,41.7443512136976,-0.06854234486488764,0.10144811162705025,-0.019435476944160257,0.4776287863024038
DES,1373042,0.2372,40.46564,0.1018,96.4949185775877,4041.6050828082866,40.3727168736938,40.236119318077925,40.37074209737118,40.01779330480653,0.09292312630620359,0.2295206819220752,0.0948979026288228,0.4478466951934692
DES,1635042,0.55833,42.37836,0.1146,76.14313691449736,9752.093916419075,42.54970563547755,42.37993910639479,42.4984498513727,41.97540097924599,-0.17134563547755022,-0.0015791063947858675,-0.1200898513726969,0.402959020754011
DES,1723034,0.33784,41.3674,0.177,31.919307989402792,6122.176909772619,41.25444215081437,41.09748560556768,41.226606762574775,40.817201011662064,0.11295784918563356,0.2699143944323268,0.1407932374252283,0.5501989883379395
DES,1409129,0.79364,43.4061,0.2116,22.334111155977855,15654.740575735408,43.48125839918192,43.33095400409036,43.43991000336018,42.808659047613325,-0.07515839918191602,0.07514599590964366,-0.033810003360180474,0.5974409523866768
DES,1531033,0.60888,42.99034,0.2209,20.49314289192265,12926.88469620699,42.777724762224594,42.60977595396056,42.72609536951545,42.17874460290093,0.21261523777540958,0.3805640460394457,0.26424463048455493,0.8115953970990759
DES,1368133,0.27618,40.76795,0.2444,16.741624500095092,4645.322552672747,40.748937806564484,40.60315477539013,40.735591918864834,40.36040690077872,0.019012193435514746,0.16479522460986828,0.032358081135164696,0.40754309922127874
DES,1574028,0.65589,43.08029,0.1892,27.93558278095374,13473.606981776427,42.97427457892353,42.80928653446564,42.923639589736354,42.35422665830791,0.10601542107647077,0.2710034655343563,0.15665041026364435,0.7260633416920896
DES,1386047,0.49181,42.28746,0.1432,48.76564401860117,9352.288059596285,42.218182473755235,42.048439708995915,42.16996312166275,41.67984774834349,0.06927752624476824,0.2390202910040884,0.1174968783372563,0.6076122516565121
DES,1547086,0.27578,41.07373,0.2755,13.175187170002731,5347.759588182141,40.745332021492274,40.59963454167859,40.73209375286841,40.35713450150114,0.32839797850772356,0.47409545832140765,0.34163624713158924,0.7165954984988545
DES,1645158,0.36048,41.30285,0.1706,34.359113205031825,5942.865140315397,41.41891330341008,41.258801846200235,41.386746767265805,40.965058866536,-0.11606330341007975,0.04404815379976412,-0.08389676726580575,0.3377911334640018
DES,1692030,0.73802,42.96655,0.2004,24.90029920199521,12786.034591744465,43.287547429660776,43.13032935882307,43.24140202729835,42.63463198972887,-0.32099742966077827,-0.1637793588230707,-0.27485202729835123,0.33191801027113144
DES,1452059,0.5642,42.43056,0.1969,25.79339848917748,9989.364839216782,42.57715819434817,42.40752541028115,42.52577746334902,41.99987508106272,-0.14659819434817223,0.023034589718847087,-0.09521746334902303,0.4306849189372812
DES,1646092,0.7207,43.45301,0.1924,27.014060278093545,15996.606990341446,43.22435503383848,43.06524414240703,43.17699283717374,42.577978792281755,0.22865496616152114,0.3877658575929672,0.2760171628262569,0.8750312077182443
DES,1392400,0.45205,41.9952,0.1557,41.2498881096785,8174.588031098019,41.999459639894766,41.831190870339825,41.95458928518284,41.48469881185778,-0.004259639894769407,0.16400912966017245,0.040610714817155724,0.5105011881422143
DES,1293465,0.49801,42.3351,0.3611,7.669110991285514,9559.735471982536,42.25079727247835,42.080927183384205,42.20216334101186,41.708931201859315,0.08430272752164569,0.2541728166157924,0.132936658988136,0.6261687981406823
DES,1302199,0.87001,43.37453,0.1886,28.113610473556903,15428.790252919553,43.72688420209324,43.58794567991687,43.69412345605185,43.030278546462924,-0.3523542020932382,-0.21341567991687072,-0.3195934560518481,0.3442514535370762
DES,1267094,0.62318,42.80918,0.133,56.53230821414437,11892.190980242243,42.83899105121721,42.671819056387,42.78753320245931,42.233417406816585,-0.02981105121720873,0.13736094361299678,0.021646797540689988,0.5757625931834127
DES,1294743,0.31257,41.05905,0.2082,23.069519535730535,5311.728577697796,41.05844261292282,40.90559345900366,41.03605330461659,40.64053399621476,0.0006073870771814427,0.15345654099633776,0.022996695383412202,0.4185160037852427
DES,1302719,0.64527,43.20672,0.1568,40.673157017909205,14281.370134985562,42.93106679130874,42.765309123066196,42.88010056093164,42.31562738135649,0.27565320869126,0.44141087693380143,0.32661943906835944,0.8910926186435049
DES,1321450,0.25833,40.41248,0.1988,25.302721763174617,3943.863497946548,40.58315473620558,40.44136259531092,40.574791723701836,40.2097299679255,-0.1706747362055765,-0.02888259531091819,-0.16231172370183344,0.20275003207450482
DES,1310073,0.62703,42.89849,0.1438,48.359547432011304,12391.499824110339,42.85525874886959,42.68831476221881,42.80386702611439,42.24793799324874,0.043231251130414705,0.2101752377811934,0.09462297388561325,0.650552006751262
DES,1311113,0.61533,42.81473,0.148,45.65376186997809,11922.624743696417,42.80552533645488,42.63791312850418,42.75395875563892,42.20355073041845,0.009204663545119729,0.17681687149581649,0.06077124436107795,0.6111792695815481
DES,1291346,0.2977,40.71277,0.1383,52.282414966573235,4528.7659338697695,40.93618885830763,40.78605835245124,40.91731899898866,40.53006021895832,-0.22341885830763175,-0.0732883524512431,-0.2045489989886633,0.18270978104168023
DES,1299190,0.69836,43.12605,0.1845,29.376987536813036,13760.552609136515,43.14066571070866,42.97930815897937,43.091941069619786,42.50302630443208,-0.014615710708660856,0.14674184102062782,0.034108930380213565,0.623023695567916
DES,1292033,0.32472,41.23036,0.149,45.04301608035674,5747.750065392207,41.15442967561161,40.99952658704032,41.129339332916814,40.727119706010164,0.07593032438838776,0.23083341295967585,0.10102066708318347,0.5032402939898333
DES,1299327,0.98158,43.88271,0.1318,57.56641437226128,19497.003742627923,44.0503350091479,43.93129362852176,44.03365824397976,43.324195839833976,-0.16762500914789769,-0.04858362852175446,-0.15094824397975515,0.5585141601660268
DES,1295592,0.35631,41.30196,0.115,75.61436672967864,5940.429895826971,41.389347497453414,41.22978096962635,41.35794092515726,40.93850408821372,-0.08738749745341323,0.07217903037365403,-0.05598092515725739,0.3634559117862821
DES,1302915,0.35921,41.38866,0.1287,60.37302074598111,6182.4110276006395,41.409942325922955,41.24999512638922,41.37800546108892,40.95700260612573,-0.02128232592295376,0.13866487361077873,0.010654538911083478,0.43165739387427493
DES,1310485,0.43313,41.9139,0.1803,30.761573503703236,7874.18973127963,41.889036847289105,41.721887196577725,41.846198313805296,41.386078786857745,0.024863152710892678,0.19201280342227278,0.0677016861947024,0.5278212131422535
DES,1862039,0.28699,41.02013,0.1374,52.96958062923625,5217.372863959526,40.84461110843888,40.69658209247342,40.82842562879662,40.44715794502997,0.17551889156111855,0.32354790752658147,0.1917043712033788,0.5729720549700303
DES,1905171,0.30307,41.04589,0.213,22.041482069254336,5279.634705909614,40.98097247221709,40.829833774094965,40.96080409563501,40.570554498203464,0.06491752778291016,0.21605622590503515,0.08508590436498764,0.47533550179653616
DES,1929022,0.75356,43.51644,0.148,45.65376186997809,16470.76895197911,43.34304641296225,43.18763467976737,43.298107723580685,42.68443295163715,0.17339358703775076,0.3288053202326324,0.21833227641931785,0.8320070483628541
DES,1878288,0.48449,42.66061,0.2974,11.306236655814187,11105.749543537866,42.17917960046087,42.00962197575318,42.13148629236517,41.64506345544024,0.4814303995391285,0.6509880242468213,0.529123707634831,1.0155465445597613
DES,1959025,0.61137,43.19188,0.2409,17.231631554632628,14184.102959319802,42.78848988703444,42.62066831657848,42.73688188407121,42.1883497210055,0.4033901129655604,0.5712116834215166,0.45499811592878814,1.0035302789944964
DES,1889226,0.59276,42.35345,0.1767,32.02778474382096,9640.86219248091,42.70701079061463,42.53832186419717,42.655331222536105,42.11566396375399,-0.35356079061462964,-0.18487186419717005,-0.30188122253610317,0.23778603624601402
DES,1835110,0.3455,41.26919,0.1147,76.01042558997393,5851.455075037952,41.3111947455224,41.153116486819414,41.281837263101885,40.868259313013766,-0.04200474552239797,0.1160735131805879,-0.0126472631018828,0.4009306869862357
DES,1847028,0.58021,42.52612,0.3153,10.058936313755927,10438.783130486443,42.65069150610552,42.481528825160716,42.59908102296504,42.06543830400232,-0.12457150610551793,0.0445911748392831,-0.07296102296503904,0.4606816959976783
DES,1942106,0.56584,42.62418,0.163,37.637848620572846,10920.986620764503,42.584780159667886,42.41518848195126,42.53336846170757,42.00667034328188,0.0393998403321163,0.20899151804874094,0.09081153829243505,0.61750965671812
DES,1850154,0.56823,42.60912,0.2138,21.876840389197742,10845.50740108733,42.5958507175222,42.426321849509094,42.54439695280678,42.016540361870966,0.01326928247780046,0.1827981504909033,0.06472304719321897,0.5925796381290311
DES,1879532,0.37719,41.42987,0.1449,47.62809695746954,6300.860652907337,41.53431492271831,41.37217927406583,41.499269703297706,41.068611306371864,-0.10444492271830796,0.05769072593417235,-0.06939970329770517,0.36125869362813745
DES,1810236,0.42926,41.78248,0.5693,3.0854437434281974,7411.768994867503,41.86590129632012,41.6990151884928,41.823514661087344,41.365405603897194,-0.08342129632011819,0.08346481150719853,-0.04103466108734466,0.41707439610280517
DES,1330350,0.76303,43.38159,0.1797,30.967335963698847,15479.034744008859,43.37633051135158,43.22206821468548,43.33217901520849,42.7143213873977,0.005259488648420074,0.15952178531452432,0.04941098479151407,0.6672686126022995
DES,1330031,0.10563,38.54264,0.0821,148.35892772101397,1667.0701492724786,38.44230662061815,38.351007942783895,38.49357225461745,38.21937417628081,0.10033337938185127,0.1916320572161041,0.04906774538255121,0.3232658237191899
DES,1332795,0.67984,43.19576,0.1813,30.423164927932092,14209.469856161484,43.069325899543486,42.906279032843315,43.019655644788706,42.4391958586406,0.12643410045651393,0.2894809671566847,0.17610435521129375,0.756564141359398
DES,1341000,0.54203,42.4341,0.1945,26.43387236404729,10005.663085251643,42.472030555429285,42.30200418255305,42.421239244293474,41.906158282867096,-0.03793055542928414,0.13209581744695242,0.012860755706526561,0.5279417171329044
DES,1316989,0.55343,42.21046,0.2052,23.748997792293167,9026.468585966504,42.52658136873707,42.35671935713417,42.47544691450467,41.95478645272852,-0.31612136873707186,-0.14625935713416993,-0.26498691450467504,0.25567354727147773
DES,1345458,0.56872,42.61153,0.1848,29.281685125840976,10857.550926248157,42.59811501018555,42.42859944374926,42.546653068173825,42.01855913696761,0.013414989814449996,0.18293055625073862,0.06487693182617704,0.5929708630323915
DES,1282114,0.21781,40.26232,0.1452,47.43148995590769,3680.3563825442584,40.1638356186687,40.032472140745895,40.16820922973476,39.826501641486985,0.09848438133130344,0.22984785925410733,0.09411077026524595,0.43581835851301776
DES,1276546,0.35329,41.53772,0.1435,48.56195898942564,6621.705704797691,41.36773587637205,41.20857408504904,41.33689022494711,40.91908678491978,0.16998412362794824,0.32914591495096346,0.20082977505288824,0.618633215080223
DES,1342906,0.49743,41.94227,0.1274,61.61140944724706,7977.7399412750265,42.24776229233376,42.077902977706046,42.19916594997364,41.706224961046246,-0.30549229233375996,-0.1356329777060452,-0.2568959499736394,0.23604503895375473
DES,1339425,0.53579,42.64822,0.2171,21.216822988682313,11042.56272998023,42.441714410659856,42.27163283437968,42.39114753015039,41.87913419325095,0.2065055893401464,0.3765871656203217,0.25707246984961074,0.7690858067490538
DES,1336453,0.18492,39.8538,0.1078,86.05229914532855,3049.199746930318,39.76673055872806,39.64532169015712,39.782991708430956,39.46063310629598,0.08706944127194305,0.20847830984288152,0.070808291569044,0.39316689370402
DES,1334257,0.68005,42.83564,0.128,61.03515625,12037.987140408983,43.07014515976946,42.907116543456425,43.02048466744526,42.43992858534699,-0.23450515976946207,-0.07147654345642707,-0.18484466744526173,0.3957114146530074
DES,1335387,0.60582,42.6403,0.148,45.65376186997809,11002.360607559087,42.76443827048491,42.59633778820826,42.7127875465373,42.16689060637455,-0.12413827048490589,0.043962211791743755,-0.07248754653729605,0.4734093936254524
DES,1265623,0.70978,43.40826,0.2022,24.458943706273523,15670.320356011875,43.18376152656474,43.023524494307324,43.13570366045934,42.541612727028195,0.2244984734352613,0.38473550569267445,0.2725563395406567,0.8666472729718038
DES,1259246,0.22284,40.09276,0.1782,31.49086575947781,3403.908481932306,40.219618681457064,40.08685339499941,40.22229964984397,39.87766427726563,-0.12685868145706536,0.005906605000589593,-0.12953964984397004,0.21509572273436817
DES,1257335,0.4841,42.31733,0.1739,33.067459932985486,9481.823678969384,42.177086227328175,42.007539534585405,42.12942206780083,41.64319635298406,0.1402437726718233,0.30979046541459354,0.1879079321991668,0.6741336470159354
DES,1258591,0.5975,42.53003,0.2337,18.309756775021977,10457.596360941927,42.727990210523615,42.55950373480237,42.67630937091894,42.13437645251416,-0.19796021052361823,-0.02947373480237303,-0.14627937091894694,0.3956535474858356
DES,1256596,0.68138,43.19335,0.1633,37.499685940130256,14193.708280747578,43.07532821936503,42.912415676423656,43.02573007286017,42.4445643433359,0.11802178063496882,0.2809343235763464,0.16761992713983176,0.7487856566641042
DES,1252237,0.8858,43.80242,0.9842,1.0323650148675017,18789.268607675018,43.7750461507099,43.63870137287397,43.744322318977005,43.07388037027105,0.02737384929010034,0.16371862712603047,0.05809768102299273,0.7285396297289495
DES,1259500,0.56161,42.38353,0.14,51.0204081632653,9775.340075478181,42.56507860003961,42.39538421710694,42.513750272530544,41.98910590126344,-0.18154860003961204,-0.01185421710693646,-0.13022027253054347,0.3944240987365575
DES,1255139,0.64989,42.96679,0.2032,24.218798437596877,12787.447834608913,42.94994570234506,42.78451581780388,42.89911613439855,42.33249087965791,0.016844297654941442,0.18227418219612446,0.06767386560145638,0.6342991203420922
DES,1250823,0.66487,43.14936,0.2147,21.693813943872463,13909.063026342805,43.010294773593486,42.846001647237905,42.95998662224821,42.38641664596554,0.1390652264065153,0.3033583527620962,0.1893733777517923,0.7629433540344621
DES,1263785,1.0642,44.23028,0.1451,47.49689014111801,22881.3621597566,44.26733527055278,44.1651112344078,44.26482408334009,43.523015093217296,-0.03705527055277713,0.06516876559219753,-0.034544083340087184,0.7072649067827044
DES,1266808,0.3293,42.20032,200.9551,2.4762924578940164e-05,8984.416464615544,41.189757796116226,41.034118698209824,41.16368918016033,40.75895521603422,1.0105622038837723,1.1662013017901742,1.0366308198396652,1.4413647839657813
DES,1252810,0.58026,42.6384,0.1458,47.04191057897301,10992.73794682342,42.65091815179511,42.48175717682139,42.59930720192299,42.06564040615839,-0.012518151795113397,0.15664282317860767,0.039092798077007274,0.5727595938416101
DES,1255008,0.4438,41.80379,0.1777,31.66832872611931,7484.863335345541,41.95184686175225,41.78403185906473,41.90782660098246,41.44218491832116,-0.1480568617522522,0.01975814093526651,-0.10403660098246093,0.36160508167883876
DES,1248677,0.35016,41.3179,0.1075,86.53326122228232,5984.196903138456,41.3451569716248,41.186423665203534,41.314902080653226,40.89879431520436,-0.02725697162480145,0.13147633479646714,0.0029979193467752907,0.4191056847956389
DES,1246529,0.49677,42.14001,0.1557,41.2498881096785,8738.318599387972,42.244304681783554,42.07445791213111,42.19575141204557,41.70314183684996,-0.10429468178355705,0.06555208786888755,-0.05574141204557037,0.43686816315003796
DES,1470063,0.53547,42.71709,0.2917,11.752415620887755,11398.399517245585,42.44015084438317,42.27006710833955,42.38959617968593,41.87774041714185,0.27693915561683013,0.4470228916604455,0.3274938203140678,0.8393495828581479
DES,1500086,0.64129,42.76714,0.1555,41.356065383939374,11664.170923582542,42.91470008006019,42.748668796610175,42.86362539205561,42.301010061024016,-0.14756008006019528,0.01847120338982222,-0.09648539205561235,0.4661299389759819
DES,1644290,0.5373,42.41784,0.1489,45.10353742533673,9931.020423950858,42.44908071942213,42.27901022092051,42.39845712858458,41.88570058074974,-0.03124071942212936,0.13882977907948657,0.019382871415416503,0.5321394192502567
DES,1389177,0.44895,42.1467,0.1632,37.5456555171088,8765.281638950242,41.98166395338675,41.81355955102117,41.937106590703266,41.46881050259718,0.16503604661325255,0.3331404489788312,0.20959340929673687,0.6778894974028233
DES,1450148,0.44736,41.95895,0.166,36.28973726230222,8039.256307455129,41.97249225467021,41.80447501728378,41.92809842615428,41.46062109731926,-0.013542254670205978,0.1544749827162235,0.030851573845723124,0.4983289026807398
DES,1674022,0.60262,42.53555,0.1635,37.407999700736,10484.213952345008,42.750475987424366,42.58222245788242,42.69880883528853,42.154434589013576,-0.21492598742436542,-0.04667245788242269,-0.1632588352885307,0.38111541098642476
DES,1373040,0.26162,40.58782,0.1271,61.90260120920542,4275.529182587131,40.61448637909817,40.471931769603565,40.605176945677,40.23824185568479,-0.026666379098166715,0.11588823039643614,-0.01735694567700108,0.3495781443152097
DES,1431108,0.61052,42.67059,0.1482,45.530622986408204,11156.908594916327,42.78481970646071,42.61695431764852,42.733203996346006,42.18507495809625,-0.11422970646071207,0.05363568235147653,-0.06261399634600906,0.4855150419037457
DES,1562098,0.57618,42.61824,0.1264,62.59012978689312,10891.153400143185,42.6323631834299,42.46306783064637,42.5807954128702,42.04909525669916,-0.014123183429902042,0.15517216935363365,0.037444587129797924,0.5691447433008392
DES,1550021,0.20587,39.94322,0.1771,31.883271516983736,3177.385249386424,40.026510428887434,39.898600730986715,40.03503321816631,39.7003085552754,-0.08329042888743743,0.04461926901328184,-0.09181321816631538,0.2429114447245979
DES,1595028,0.46523,42.2212,0.2072,23.292735647948003,9071.223660368089,42.073878196296995,41.90499190658268,42.027762398944425,41.5511216757534,0.14732180370300796,0.31620809341732325,0.19343760105557806,0.6700783242466031
DES,1566028,0.32059,41.06264,0.1387,51.98129297228514,5320.5174885115985,41.12217780829602,40.967956262549286,41.097988247471065,40.698041245844834,-0.059537808296020955,0.09468373745071545,-0.03534824747106313,0.3645987541551676
DES,1298893,0.19616,39.9279,0.1359,54.1453401708069,3155.047303968573,39.90930090533898,39.7843333598294,39.92133664473536,39.592325319523646,0.018599094661020388,0.1435666401706044,0.006563355264638915,0.3355746804763555
DES,1295417,0.62753,42.8193,0.3917,6.517677342252819,11947.743078196996,42.85736450032011,42.690450704838256,42.80598197830778,42.24981771149772,-0.038064500320110994,0.12884929516174282,0.013318021692221294,0.5694822885022788
DES,1292227,0.29185,40.78485,0.1547,41.78490052477657,4681.616930846454,40.886549757123035,40.73755202763701,40.86913041886481,40.4851397518269,-0.10169975712303625,0.04729797236299049,-0.08428041886481452,0.2997102481730991
DES,1309215,0.77464,43.13337,0.1732,33.33528900362155,13807.017491942312,43.416597938148996,43.26379384811428,43.373463775995404,42.7505035128993,-0.2832279381489968,-0.1304238481142832,-0.2400937759954047,0.38286648710069926
DES,1313057,0.33754,41.43363,0.2215,20.382269463793445,6311.78032151723,41.252195472220876,41.09528400594316,41.22442089436301,40.81517889463766,0.18143452777912472,0.3383459940568443,0.2092091056369938,0.6184511053623396
DES,1313026,0.53696,42.51919,0.1823,30.0903100475457,10405.52207870775,42.44742377175658,42.27735065145103,42.396812815951684,41.88422356425981,0.07176622824341905,0.2418393485489716,0.1223771840483181,0.6349664357401892
DES,1294806,0.52535,42.38282,0.1615,38.340250553537366,9772.144383517887,42.3902467063107,42.220128838011725,42.340114328269735,41.833255013458626,-0.007426706310695863,0.1626911619882776,0.042705671730267625,0.5495649865413768
DES,1290593,0.67528,43.16126,0.2832,12.468479683360464,13985.496054194278,43.05147656615557,42.88803860676488,43.00159984265021,42.42323346792901,0.10978343384442724,0.2732213932351186,0.15966015734979067,0.7380265320709896
DES,1305308,0.68972,43.24206,0.1522,43.168871444827595,14515.696360729471,43.107611429522336,42.94544581806086,43.058424464102266,42.473444745204375,0.1344485704776659,0.296614181939141,0.18363553589773574,0.7686152547956269
DES,1300025,0.41357,41.65307,0.1778,31.63271632665714,6982.965157199835,41.77008315948711,41.60438926181642,41.729658262606364,41.27974191830729,-0.117013159487108,0.04868073818357743,-0.07658826260636431,0.37332808169271203
DES,1294351,0.33828,41.29239,0.1437,48.426877110503845,5914.307148563295,41.25773396384622,41.100711460038816,41.22980955124109,40.82016367962267,0.03465603615377688,0.19167853996118112,0.06258044875890789,0.4722263203773309
DES,1295285,0.52513,42.32221,0.1167,73.4274232334647,9503.156361622807,42.38915188396557,42.219034014791205,42.33902946592366,41.83227905367681,-0.0669418839655691,0.10317598520879301,-0.01681946592366046,0.48993094632319156
DES,1295024,0.33386,41.51629,0.1646,36.90968495369311,6556.678289378481,41.22448582009688,41.06813441841156,41.19746459129507,40.790233421325,0.29180417990311724,0.4481555815884377,0.3188254087049245,0.7260565786749993
DES,1294340,0.36087,41.2245,0.1646,36.90968495369311,5732.259926666094,41.42166233320171,41.26150073321959,41.389425580052546,40.96752740398266,-0.19716233320171028,-0.03700073321959252,-0.16492558005254665,0.25697259601734146
DES,1305807,0.56997,42.87093,0.2368,17.833500730460187,12235.222600316369,42.60388297687804,42.43440199506462,42.55240086183198,42.02370173375303,0.26704702312196105,0.4365280049353828,0.3185291381680244,0.8472282662469723
DES,1299758,0.47241,42.1108,0.1774,31.775527505532118,8621.560399474814,42.113599384554334,41.94443119873708,42.06686230320924,41.586563545158015,-0.0027993845543363705,0.16636880126291942,0.04393769679075632,0.5242364548419829
DES,1892103,0.26584,40.74542,0.1774,31.775527505532118,4597.374419914293,40.65414875388625,40.51063406494024,40.64364403147882,40.27431102553008,0.09127124611375592,0.23478593505976164,0.10177596852118143,0.47110897446992084
DES,1904092,0.36798,41.40591,0.1493,44.86218113643981,6231.719188078671,41.47130575136365,41.310254456843836,41.43781443636401,41.012090423850424,-0.06539575136365272,0.09565554315616254,-0.03190443636400886,0.39381957614957486
DES,1933196,0.75011,43.12881,0.1337,55.941896508610284,13778.053762506057,43.3308207445791,43.174999343684064,43.28560494890345,42.673458689803795,-0.2020107445790984,-0.04618934368406258,-0.15679494890344614,0.4553513101962068
DES,1889155,0.77826,43.09666,0.2862,12.208455967273524,13575.56379842464,43.42903452274801,43.276695957754036,43.386229142727466,42.76168357461517,-0.3323745227480117,-0.18003595775403625,-0.2895691427274656,0.33497642538483063
DES,1833468,0.78375,43.54682,0.4519,4.8968332717883,16702.82285150211,43.44778954118323,43.29616668700808,43.405493140794206,42.77854848126514,0.0990304588167632,0.25065331299191485,0.14132685920579036,0.7682715187348563
DES,1792093,0.27659,40.82561,0.081,152.41579027587258,4770.3239754770275,40.7526287603646,40.60675822133932,40.73917275303809,40.363756375415086,0.07298123963539638,0.21885177866067806,0.08643724696190702,0.4618536245849114
DES,1902212,0.28169,41.08529,0.2777,12.96726064933039,5376.30471036922,40.79812527837505,40.651181589067065,40.78331549654157,40.4050255694759,0.2871647216249471,0.43410841093293584,0.3019745034584318,0.6802644305240975
DES,1780045,0.24283,40.52226,0.1151,75.48303481051117,4148.373726837549,40.43042173611866,40.29238910842988,40.426691761630074,40.07050166225701,0.09183826388134264,0.22987089157012264,0.09556823836992834,0.45175833774299434
DES,1900865,0.45405,42.02548,0.1752,32.57855340797732,8289.376681257221,42.01088078501921,41.842509866855806,41.96581258437951,41.49489483245988,0.014599214980790975,0.1829701331441953,0.059667415620488384,0.5305851675401243
DES,1916193,0.62565,42.90373,0.216,21.433470507544584,12421.437973542214,42.84943862108471,42.68241199713914,42.79802223421656,42.24274274673165,0.054291378915294786,0.2213180028608619,0.10570776578344265,0.6609872532683525
DES,1342580,0.87472,43.35891,0.1899,27.730012830676934,15318.20492113268,43.74133898571117,43.60316589779747,43.70917696345617,43.04335923133964,-0.3824289857111651,-0.2442558977974656,-0.35026696345617125,0.31555076866035847
DES,1341426,0.55321,42.59233,0.1951,26.271535763047563,10761.972427928105,42.52553863841884,42.35567268740993,42.474409997829035,41.953856908541184,0.06679136158115995,0.2366573125900686,0.11792000217096188,0.6384730914588133
DES,1307953,0.39146,41.58434,150.6151,4.408217060694994e-05,6765.406168449294,41.62919582215942,41.4655287598966,41.591898457140495,41.15364210373652,-0.044855822159419745,0.11881124010339761,-0.00755845714049741,0.43069789626347443
DES,1328016,0.35071,41.26951,0.1554,41.40930781857422,5852.317440864435,41.349137921637286,41.19032865588396,41.318778526733524,40.90237259381111,-0.07962792163728949,0.07918134411603717,-0.04926852673352755,0.36713740618888835
DES,1337267,0.45318,41.93843,0.2617,14.601334649594982,7963.644689417091,42.00591833046397,41.837591472654196,41.960935800260614,41.49046478388894,-0.06748833046397351,0.10083852734580034,-0.022505800260617548,0.4479652161110579
DES,1337971,0.41066,42.20685,0.2803,12.727813543640938,9011.474851639781,41.75194342028906,41.58649280292671,41.71190557419355,41.263516127336345,0.4549065797109435,0.6203571970732895,0.4949444258064517,0.9433338726636578
DES,1338675,0.33047,41.20651,0.1893,27.906075962013137,5684.966044522145,41.19871023256039,41.042886430168636,41.17239516871515,40.7670198896881,0.007799767439614413,0.1636235698313655,0.03411483128485315,0.4394901103119011
DES,1328103,0.57472,42.70512,0.1994,25.15067771016158,11335.739968964626,42.62569338801194,42.45635233377863,42.57414358401799,42.04314814809297,0.07942661198806178,0.2487676662213687,0.13097641598201193,0.6619718519070332
DES,1336480,0.25604,40.66634,0.1448,47.69390433747443,4432.960638086699,40.56112914652461,40.419874995344074,40.553432463680586,40.189676646337226,0.10521085347539127,0.24646500465592425,0.11290753631941186,0.47666335366277224
DES,1338649,0.61327,43.07674,0.1973,25.68891900771926,13451.597847459105,42.79667642683977,42.62895423737755,42.74508716679212,42.19565451193388,0.2800635731602341,0.44778576262245195,0.3316528332078832,0.8810854880661196
DES,1333489,0.68179,43.24179,0.1762,32.20981213949168,14513.891597126632,43.07692406156107,42.91404747029151,43.02734531436906,42.44599172741995,0.16486593843892905,0.3277425297084946,0.21444468563094432,0.7957982725800505
DES,1335259,0.72701,43.50631,0.2041,24.005678783372993,16394.11114363156,43.24754403472357,43.08910776218985,43.200609216945864,42.59876210022633,0.2587659652764316,0.41720223781015164,0.3057007830541352,0.9075478997736681
DES,1289714,0.53582,42.69972,0.1885,28.14344715012418,11307.58536445492,42.44186095019905,42.27177957976821,42.39129292800603,41.87926481981483,0.257859049800949,0.427940420231792,0.3084270719939681,0.8204551801851707
DES,1265165,0.31752,41.325,0.2013,24.678141508905473,6003.795279866173,41.09795533902671,40.94425146943373,41.074446904394414,40.67619252552114,0.22704466097329146,0.38074853056627234,0.25055309560558925,0.6488074744788648
DES,1263090,0.65206,42.78853,0.1424,49.315111728317135,11779.63612030798,42.95876916221759,42.793496980288836,42.90800774734257,42.34037334201145,-0.17023916221759094,-0.004966980288834577,-0.11947774734257166,0.4481566579885481
DES,1280135,0.77082,43.4342,0.1822,30.123349089853132,15858.637610309968,43.403413391181,43.25012362245157,43.35993821890433,42.73865377809528,0.03078660881899964,0.1840763775484291,0.0742617810956645,0.6955462219047135
DES,1255545,0.60182,42.56788,0.1367,53.513452479251505,10641.476126401265,42.74697448887778,42.5786835909942,42.69530417328437,42.15131097697912,-0.17909448887778012,-0.010803590994200363,-0.12742417328436773,0.41656902302088383
DES,1262135,0.38328,41.50629,0.1276,61.41842159569973,6526.553089078487,41.57520508409108,41.41239400057525,41.53917583996767,41.10526785165394,-0.06891508409108127,0.09389599942475257,-0.03288583996766903,0.4010221483460583
DES,1246527,0.32078,41.19991,0.1387,51.98129297228514,5667.713321023961,41.12366990587051,40.96941663222189,41.099438514831746,40.69938685024512,0.07624009412949562,0.23049336777810936,0.10047148516825644,0.5005231497548834
DES,1251436,0.57349,42.63064,0.2018,24.556002911359705,10953.52427483451,42.62006194036789,42.45068336430226,42.56852830614786,42.038126971128264,0.010578059632109671,0.17995663569774223,0.06211169385213822,0.5925130288717355
DES,1246650,0.90888,43.96676,0.1778,31.63271632665714,20266.45902861044,43.843957692913925,43.71154270210586,43.816360167872915,43.13636052822258,0.12280230708607576,0.2552172978941414,0.15039983212708563,0.8303994717774188
DES,1255169,1.0468,43.91152,0.133,56.53230821414437,19757.403756479176,44.22305408784556,44.1171586753483,44.21741850856597,43.48232450997422,-0.31153408784555836,-0.20563867534829683,-0.3058985085659671,0.4291954900257835
DES,1252183,0.97242,44.20208,0.1696,34.765485938056244,22586.13268112159,44.02517465739915,43.90437001034808,44.007037337374754,43.30123450322489,0.176905342600854,0.29770998965192064,0.19504266262524794,0.900845496775112
DES,1258118,0.62518,42.89584,0.1637,37.31664930820529,12376.386831837259,42.847453630960075,42.680399094171435,42.796029089023406,42.24097092401869,0.04838636903992466,0.21544090582856512,0.09981091097659345,0.6548690759813098
DES,1254762,0.39827,41.80643,0.2807,12.69156489406541,7493.968703559897,41.673356277499835,41.50902077582502,41.635049396219806,41.19318724000343,0.13307372250016414,0.2974092241749773,0.17138060378019304,0.6132427599965666
DES,1265134,0.47304,41.99333,0.1649,36.77550868803006,8167.551377380645,42.1170578612666,41.947866749099575,42.0702681639585,41.589649080908686,-0.12372786126660174,0.04546325090042558,-0.07693816395850206,0.40368091909131465
DES,1246281,0.33549,41.20914,0.135,54.869684499314126,5691.855617970921,41.23679385317601,41.08019275795571,41.20943724707145,40.8013149201543,-0.027653853176012433,0.12894724204429053,-0.00029724707145106777,0.4078250798457006
DES,1645208,0.69516,43.15819,0.1696,34.765485938056244,13965.737508709428,43.12846911126667,42.966808251486164,43.07956896521488,42.49210971655198,0.029720888733329787,0.19138174851383383,0.07862103478511528,0.666080283448018
DES,1472020,0.53112,42.42343,0.2021,24.483154487970324,9956.618686389138,42.41880896401016,42.2487024127139,42.36842724572338,41.85871603574772,0.004621035989842426,0.1747275872861067,0.0550027542766216,0.5647139642522845
DES,1500031,0.36606,41.57625,0.1416,49.873918733441855,6740.247981953324,41.45798756205357,41.297171971861886,41.42483027559733,41.00013797405546,0.11826243794643432,0.279078028138116,0.15141972440267182,0.5761120259445391
DES,1479069,0.17267,39.59667,0.0994,101.21088705269847,2708.6935591113493,39.601907075044416,39.484567936689025,39.62297203160889,39.3079122618899,-0.00523707504441262,0.11210206331097794,-0.026302031608885557,0.28875773811009964
DES,1590133,0.69362,43.44089,0.2999,11.118522223868998,15907.571174407807,43.12258039050545,42.96077524765482,43.07359757007477,42.48683958802305,0.31830960949455545,0.4801147523451803,0.3672924299252358,0.9540504119769508
DES,1371126,0.21601,40.25572,0.0889,126.53086530662856,3669.1872444094643,40.143584663326706,40.012730431214294,40.14857189981818,39.80791402834626,0.11213533667329045,0.24298956878570266,0.10714810018181709,0.4478059716537359
DES,1644213,0.54509,42.45335,0.1636,37.36228262623968,10094.757138120833,42.486777911390135,42.31678764834972,42.43588605961821,41.91930430167532,-0.03342791139013457,0.13656235165028363,0.01746394038178778,0.5340456983246824
DES,1643338,0.56788,42.78176,0.1777,31.66832872611931,11742.967936136525,42.59423224244827,42.42469396158086,42.54278441171776,42.015097385116775,0.18752775755172735,0.3570660384191413,0.23897558828223708,0.7666626148832236
DES,1659122,0.51872,42.09634,0.2907,11.833410664672027,8564.339503366631,42.35706313021248,42.18695924170548,42.30724564453806,41.80367358934039,-0.26072313021248306,-0.09061924170548252,-0.21090564453805882,0.2926664106596064
DES,1292316,0.63883,42.68064,134.0125,5.568130201258935e-05,11208.664631215266,42.90453575782445,42.738339441582475,42.85339835727089,42.29193315329829,-0.22389575782445092,-0.05769944158247853,-0.17275835727089373,0.38870684670170874
DES,1305873,0.60092,42.82088,0.1811,30.490398421085203,11956.439621342923,42.7430300516562,42.5746975430272,42.69135662981615,42.14779229497226,0.07784994834380399,0.24618245697280372,0.12952337018385407,0.67308770502774
DES,1309694,0.45353,42.12919,0.203,24.266543716178504,8694.885655240081,42.00791578135792,41.83957112888946,41.96289871343055,41.492247951686,0.12127421864207832,0.28961887111054097,0.1662912865694537,0.6369420483140047
DES,1318661,0.34451,41.44891,0.1724,33.645383045956905,6356.35105792559,41.303925367869354,41.145988924303026,41.27476130710437,40.86172162031966,0.14498463213064383,0.3029210756969718,0.17414869289562773,0.5871883796803345
DES,1296173,0.65763,42.73804,0.2801,12.745996132100013,11508.901550980532,42.981290436237515,42.81643390917364,42.930715458160364,42.36049562288841,-0.24325043623751696,-0.07839390917364142,-0.19267545816036602,0.3775443771115903
DES,1293783,0.32874,41.12827,0.1753,32.541395095165676,5483.77812804584,41.18546251972107,41.02991230348853,41.15951235868113,40.755085491664346,-0.05719251972107031,0.09835769651147075,-0.031242358681126348,0.37318450833565464
DES,1300441,0.48485,42.11049,0.1587,39.705086499516185,8620.329670986319,42.18111055408012,42.01154293468596,42.13339044080543,41.64678567997271,-0.07062055408012213,0.09894706531403585,-0.022900440805429412,0.4637043200272899
DES,1321116,0.62684,42.80719,0.1715,33.99943900925634,11881.297625390756,42.854458146726465,42.68750272229232,42.80306296455029,42.247223335722936,-0.0472681467264664,0.11968727770767629,0.004127035449705829,0.5599666642770629
DES,1316465,0.32909,41.09302,0.1402,50.87494734442951,5395.477366480219,41.18814785475188,41.03254205131784,41.1621236216519,40.75750480809084,-0.09512785475187968,0.06047794868216272,-0.0691036216518981,0.3355151919091597
DES,1302572,0.5874,42.67107,0.1344,55.360685941043094,11159.375081728293,42.68309596461552,42.51419356516093,42.63143415096844,42.09433532833924,-0.012025964615517637,0.1568764348390701,0.03963584903156203,0.5767346716607591
DES,1303197,0.52562,42.22159,0.1274,61.61140944724706,9072.853013302218,42.3915897664877,42.22147194265868,42.34144521046767,41.8344522590785,-0.16999976648769888,0.00011805734131797863,-0.11985521046766934,0.3871377409214958
DES,1314071,0.32707,40.96772,0.1501,44.3852443918134,5092.955424179405,41.17261334528701,41.01733002137955,41.14701834843941,40.74350783899053,-0.20489334528701164,-0.04961002137955006,-0.17929834843940995,0.2242121610094685
DES,1948484,0.34436,41.09129,0.1802,30.79572456796678,5391.180531508998,41.30282227155854,41.144907396545904,41.27368760212788,40.86072949529288,-0.21153227155853926,-0.05361739654590281,-0.18239760212787814,0.23056050470712108
DES,1777124,0.30743,41.34191,0.1595,39.30778982124782,6050.731408385103,41.01680011708058,40.86486488712973,40.99560043183235,40.602928943871945,0.32510988291942056,0.47704511287027174,0.3463095681676478,0.7389810561280541
DES,1879187,0.59157,42.73633,0.1998,25.05007510012515,11499.84204155793,42.701718983565705,42.532981240169605,42.65004185563531,42.110944238204766,0.034611016434297426,0.2033487598303978,0.08628814436469412,0.6253857617952363
DES,1916124,0.43071,41.74154,0.1921,27.09850115480263,7273.339756340063,41.874592177238334,41.707605927796266,41.83203476111982,41.37317195219687,-0.1330521772383335,0.0339340722037349,-0.09049476111982102,0.3683680478031306
DES,1777122,0.45429,41.97567,0.1899,27.730012830676934,8101.3962582984595,42.01224818643501,41.84386521495223,41.967156458773815,41.49611550484067,-0.03657818643500832,0.1318047850477697,0.008513541226186305,0.47955449515933424
DES,1876533,0.48981,42.18153,0.1654,36.55350189858889,8907.008669987326,42.2075798746651,42.037883930482955,42.159500296741655,41.67039244018058,-0.026049874665098116,0.14364606951704673,0.02202970325834741,0.5111375598194243
DES,1839117,0.60674,42.72056,0.1509,43.91587299705192,11416.628653051566,42.76843954836944,42.60038412194419,42.71679466154258,42.17046039227135,-0.04787954836944408,0.12017587805581087,0.0037653384574198867,0.5500996077286473
DES,1937078,0.45525,42.10631,2.5388,0.15514687084027964,8603.751832341777,42.017711101709025,41.84928035428443,41.97252572464864,41.50099211556416,0.08859889829097511,0.2570296457155692,0.13378427535135984,0.6053178844358413
DES,1894320,0.7188,43.29152,0.166,36.28973726230222,14850.116989731008,43.217334528324116,43.058023909265145,43.1698472652824,42.571687958658096,0.0741854716758823,0.2334960907348531,0.12167273471759898,0.7198320413419026
DES,1864053,0.09333,38.14556,0.0994,101.21088705269847,1388.4743942419543,38.1555523336854,38.06976947559505,38.21312438619551,37.94659664282707,-0.009992333685396204,0.07579052440495104,-0.06756438619550664,0.19896335717293567
DES,1901798,0.47577,42.48698,0.2093,22.827667772514985,10252.3134357911,42.13199531091341,41.962708198000016,42.084981124131716,41.602975164384425,0.3549846890865922,0.524271801999987,0.4019988758682871,0.8840048356155776
DES,1929063,0.22211,40.1587,0.2004,24.90029920199521,3508.8586621029363,40.2115953571991,40.07903158070949,40.21451996672666,39.87030899131692,-0.052895357199098214,0.07966841929051327,-0.05581996672665923,0.2883910086830852
DES,1341370,0.409,41.75601,0.2063,23.496411745480287,7321.968818504505,41.74154241622751,41.576233727117845,41.70172865974221,41.25421127069867,0.014467583772493242,0.17977627288215814,0.05428134025779485,0.5017987293013348
DES,1331123,0.22157,40.28881,0.1108,81.4555122574255,3725.5283712269497,40.20564464547171,40.073230352451176,40.20874992086785,39.86485299436559,0.08316535452829044,0.21557964754882164,0.08006007913214575,0.4239570056344064
DES,1340521,0.65356,43.0426,0.1412,50.156890754279395,13241.764963760023,42.96485205325217,42.7996902730412,42.91413922127016,42.34580786997438,0.07774794674782726,0.24290972695879987,0.1284607787298384,0.6967921300256208
DES,1330339,0.57914,42.66091,0.2307,18.789049516473206,11107.283965530278,42.64583687980276,42.4766380423338,42.594236755239145,42.06110942349326,0.015073120197243384,0.18427195766619775,0.06667324476085668,0.5998005765067447
DES,1340253,0.69261,43.04964,0.1527,42.88663047892787,13284.764959124212,43.11871153100678,42.95681235745561,43.069675122151935,42.48337734413331,-0.06907153100678443,0.09282764254438547,-0.020035122151938367,0.5662626558666872
DES,1334620,0.19624,39.94861,0.1849,29.250020694389637,3185.2819093271605,39.91028828808147,39.7852960060133,39.922294568638534,39.59323604403938,0.03832171191853462,0.163313993986705,0.026315431361467745,0.3553739559606228
DES,1341894,0.31293,41.09265,0.1346,55.19628904309506,5394.558102413965,41.06133558135282,40.90842342832332,41.038864007851885,40.643145538149426,0.03131441864717743,0.18422657167668177,0.0537859921481143,0.449504461850573
DES,1329795,0.52558,42.43147,0.1519,43.33955544884394,9993.551964493052,42.39139083529792,42.22127300186401,42.34124808024902,41.83427492571936,0.040079164702078174,0.21019699813598436,0.09022191975098082,0.5971950742806342
DES,1336975,0.11048,38.25468,0.1023,95.55396935966418,1460.0303210613204,38.54677109294394,38.453363188536514,38.59561815301039,38.318410654899424,-0.29209109294394153,-0.19868318853651346,-0.34093815301039143,-0.0637306548994232
DES,1289470,0.61207,42.51588,0.2167,21.295222267817657,10389.672906097896,42.791508772466514,42.62372358575966,42.7399074314584,42.19104341011306,-0.2756287724665114,-0.10784358575966024,-0.22402743145839565,0.3248365898869423
DES,1319366,0.23482,40.24048,0.1461,46.84891832874916,3643.5260174524255,40.347943127225534,40.21196355110544,40.346722118557864,39.99514658973062,-0.10746312722553597,0.028516448894556845,-0.1062421185578657,0.2453334102693745
DES,1328105,0.44153,41.79927,0.1214,67.85199579860443,7469.299519889275,41.93860227493627,41.77092135682714,41.89482559586952,41.43035616710172,-0.13933227493627243,0.028348643172861898,-0.09555559586952,0.3689138328982793
DES,1289555,0.56173,42.34449,0.1398,51.166493723917874,9601.16371260652,42.56563942648811,42.39594780751362,42.5143085761176,41.98960588259936,-0.2211494264881111,-0.05145780751362139,-0.1698185761175992,0.35488411740063697
DES,1334645,0.24701,40.26524,0.102,96.11687812379856,3685.3087224338437,40.472473973423874,40.333400026523265,40.4674659851219,40.108875907816,-0.20723397342387528,-0.06816002652326603,-0.20222598512189904,0.15636409218399905
DES,1277945,0.43369,41.98253,0.1592,39.45607434155703,8127.030227354401,41.89236877349112,41.72518197382344,41.84946588269836,41.38905577056495,0.09016122650887581,0.25734802617655816,0.13306411730163603,0.5934742294350457
DES,1260949,0.41568,41.64874,0.1532,42.60714845693951,6969.0547280778765,41.783162434729434,41.617296515691834,41.7424614765773,41.29143945561948,-0.13442243472943716,0.031443484308162795,-0.09372147657730068,0.3573005443805144
DES,1252917,0.69277,43.12737,0.2459,16.537998283686537,13768.919950692565,43.11932477824184,42.9574404690893,43.07029682515531,42.48392612860486,0.008045221758159471,0.16992953091070007,0.05707317484468888,0.6434438713951423
DES,1265260,0.60311,42.50027,0.2708,13.636492563202417,10315.252780677194,42.75261849067273,42.58438802605069,42.700953462874395,42.15634589791615,-0.25234849067273046,-0.08411802605068885,-0.20068346287439454,0.3439241020838537
DES,1259511,0.3271,41.23238,0.0826,146.56825097174746,5753.099365266533,41.172844700107305,41.01755655745439,41.14724329773114,40.743716319496706,0.05953529989269413,0.21482344254560815,0.08513670226886205,0.48866368050329356
DES,1255470,0.46877,42.0701,0.1661,36.246054163928584,8461.471092105296,42.09353278894565,41.924502764723115,42.047105691667724,41.56865973463354,-0.023432788945655147,0.14559723527688107,0.02299430833227234,0.5014402653664547
DES,1264049,0.54397,42.2202,0.1396,51.31320760913293,9067.047169239388,42.48138920299509,42.311385037022404,42.43053342778467,41.914500712868445,-0.26118920299509085,-0.09118503702240588,-0.21033342778466846,0.3056992871315529
DES,1261163,0.61854,42.72636,0.2843,12.37218144694889,11447.163214165386,42.81925853834838,42.65182231426065,42.76773216378553,42.21580623647395,-0.09289853834837913,0.07453768573935093,-0.04137216378553177,0.5105537635260475
DES,1261236,0.59789,42.49326,0.2054,23.702771043557163,10282.006523047256,42.729709374317466,42.56124012311262,42.678029028862326,42.13590993219513,-0.23644937431746627,-0.06798012311261914,-0.18476902886232693,0.357350067804866
DES,1253920,0.19555,39.74864,0.1067,87.8357190978569,2905.05176220671,39.90175985065355,39.776981194553414,39.914020497561275,39.58536913761233,-0.15311985065354605,-0.028341194553412663,-0.16538049756127293,0.16327086238766952
DES,1254566,0.79118,43.61294,0.2029,24.290469318586755,17219.235869681906,43.472971248598114,43.32233543529683,43.43138334515814,42.80120165647895,0.13996875140188791,0.2906045647031732,0.181556654841863,0.8117383435210499
DES,1255657,0.58881,43.08574,0.1983,25.43048082173004,13507.465751651482,42.68940684926475,42.52055900606281,42.63773867668412,42.09996353954398,0.3963331507352521,0.5651809939371901,0.4480013233158786,0.9857764604560231
DES,1700105,0.76518,43.30284,266.7506,1.405365183390952e-05,14927.733565337689,43.38383173742058,43.22983543768316,43.33986432783993,42.721059658800584,-0.0809917374205753,0.07300456231684649,-0.03702432783993004,0.5817803411994191
DES,1368111,0.55095,42.32849,0.132,57.39210284664829,9530.679715529433,42.514804386501844,42.34489970536389,42.46373729907069,41.944287904789675,-0.1863143865018415,-0.01640970536389119,-0.13524729907068433,0.3842020952103269
DES,1595110,0.59269,42.7093,0.1621,38.05694917989178,11357.581843507725,42.70669978501046,42.53800796461069,42.65502033683183,42.11538657705907,0.0026002149895418825,0.17129203538930682,0.05427966316816679,0.5939134229409291
DES,1431064,0.39494,41.74977,0.1688,35.0957974888255,7300.958419575473,41.65185016165887,41.487836543011966,41.61403171507618,41.17393113181526,0.09791983834112727,0.2619334569880323,0.1357382849238178,0.5758388681847393
DES,1636043,0.53944,42.52552,0.1282,60.84486749204756,10435.899186565352,42.45948727282735,42.28943497267176,42.408785941417406,41.8949770699365,0.0660327271726473,0.23608502732823666,0.116734058582594,0.6305429300634984
DES,1403033,0.47435,42.44964,0.1886,28.113610473556903,10077.524787525146,42.12423561716112,41.95499776089588,42.07733748629967,41.59605266276118,0.32540438283888307,0.49464223910412386,0.3723025137003333,0.853587337238821
DES,1474020,0.54148,42.40943,0.227,19.406547769217333,9892.632482244033,42.469371623858464,42.2993393888259,42.418599045187165,41.90378807993699,-0.0599416238584638,0.11009061117410113,-0.009169045187164215,0.5056419200630131
DES,1390164,0.45102,41.96907,224.6577,1.981332590899878e-05,8076.810157255986,41.99355946217477,41.825344489129776,41.94879224608013,41.479431236204704,-0.024489462174770438,0.143725510870226,0.020277753919870634,0.48963876379529836
DES,1502132,0.80181,43.60623,0.2247,19.805866854267833,17166.10936392575,43.50860427779854,43.35941684983625,43.468068710185584,42.83327538905586,0.09762572220145671,0.24681315016374583,0.13816128981441267,0.772954610944133
DES,1552143,0.75991,43.31795,0.1348,55.03262333911543,15031.969124370524,43.36540877030983,43.21076376940816,43.320993652387884,42.70451204663132,-0.047458770309823706,0.10718623059184296,-0.0030436523878805133,0.6134379533686811
DES,1373123,0.69879,43.33194,0.1436,48.49434749885553,15129.127226999737,43.14230056184548,42.98098412592061,43.09359988510266,42.5044897055698,0.1896394381545221,0.3509558740793963,0.23834011489734053,0.8274502944302
DES,1291155,0.51089,42.03637,0.14,51.0204081632653,8331.052572332988,42.31735958687666,42.14730989061525,42.26795361992767,41.768278064474885,-0.28098958687666453,-0.11093989061524923,-0.23158361992766885,0.26809193552511346
DES,1316853,0.69304,43.0704,0.1133,77.90048835816151,13412.380792974689,43.12035932666468,42.958500128129444,43.071345671282366,42.48485193745043,-0.049959326664684056,0.1118998718705555,-0.0009456712823663338,0.5855480625495701
DES,1315795,0.37813,41.30302,0.2025,24.38652644413961,5943.330412918937,41.54066589984844,41.37842385163068,41.50546655155823,41.074305891318986,-0.2376458998484452,-0.07540385163068208,-0.2024465515582321,0.22871410868101094
DES,1299258,0.80109,43.35374,0.1474,46.02619074358073,15281.777602456585,43.506205200520974,43.35691833856616,43.46559693360078,42.83111524823459,-0.15246520052097168,-0.003178338566158345,-0.11185693360077664,0.522624751765413
DES,1319058,0.66811,42.93625,0.1487,45.22494662325675,12608.861521476703,43.02317751015518,42.85914488624172,42.97299763839893,42.3979322391659,-0.08692751015517786,0.07710511375827878,-0.03674763839892847,0.5383177608341043
DES,1290176,0.7953,43.37373,0.242,17.075336384126768,15423.107123464686,43.48683653985587,43.33675707265665,43.445651138475355,42.81367934035341,-0.11310653985587038,0.03697292734334923,-0.07192113847535353,0.560050659646592
DES,1319898,0.7286,43.13384,0.1771,31.883271516983736,13810.006247647896,43.2533568155515,43.095093258616906,43.20653258610191,42.60397293367154,-0.11951681555149918,0.03874674138309331,-0.07269258610190832,0.5298670663284568
DES,1322229,0.52612,42.23087,0.2232,20.07296925784612,9111.70970899111,42.394075213335455,42.223957598058966,42.34390823827891,41.83666785994886,-0.16320521333545202,0.0069124019410367055,-0.11303823827890369,0.3942021400511422
DES,1311632,0.4242,41.7406,0.1531,42.66282587466259,7270.191910782895,41.835358908337525,41.6688354663765,41.793582075388514,41.338107821532944,-0.09475890833752487,0.07176453362350088,-0.052982075388513294,0.40249217846705676
DES,1300517,0.40031,41.51903,0.1744,32.878124736975,6564.956836994007,41.686449391994074,41.52192137514031,41.64784818092282,41.2049083876406,-0.1674193919940734,-0.002891375140308128,-0.1288181809228206,0.3141216123594006
DES,1300390,0.26765,40.66311,0.1529,42.77450861713863,4426.371643939378,40.670983295471,40.52706295040763,40.65997228758837,40.28961249594884,-0.007873295470993469,0.13604704959237068,0.0031377124116360733,0.37349750405116566
DES,1297490,0.73677,43.19219,0.2383,17.609698294800083,14186.128030316162,43.28303461498467,43.125675637960896,43.2367968218318,42.630584401509076,-0.09084461498467533,0.06651436203910066,-0.04460682183180609,0.561605598490921
DES,1292997,0.41447,41.75128,0.2499,16.012807684098046,7306.0371307521855,41.775669519758296,41.60990179913881,41.735126401566546,41.28473829218336,-0.024389519758294398,0.14137820086119035,0.016153598433454874,0.4665417078166385
DES,1297742,0.46256,41.86633,0.1224,66.74783203041567,7703.567194360769,42.05896190546717,41.89019017869463,42.01308735855092,41.53781039082265,-0.19263190546717368,-0.023860178694633305,-0.14675735855092142,0.32851960917734857
DES,1289982,0.11621,41.38301,206.3178,2.34923576300576e-05,6166.345790861623,38.66475857509565,38.568905855913904,38.71079707018396,38.43004501236481,2.718251424904352,2.8141041440860945,2.672212929816041,2.952964987635191
DES,1295291,0.86179,43.90745,0.3057,10.700624456341398,19720.40705270992,43.701473899164654,43.5612166180581,43.667686600886874,43.00729493126033,0.20597610083534335,0.3462333819419001,0.23976339911312294,0.9001550687396644
DES,1871017,0.3372,41.11461,0.0989,102.23683981838647,5449.389806822989,41.249647016107986,41.09278674455889,41.2219414665492,40.81288508339253,-0.13503701610798657,0.02182325544110597,-0.10733146654919778,0.30172491660746914
DES,1810087,0.55943,42.60293,0.202,24.507401235173017,10814.635216981476,42.554870625432265,42.38512755905954,42.50358974068503,41.98000550052276,0.04805937456773535,0.21780244094045997,0.09934025931497104,0.6229244994772429
DES,1817265,0.87998,44.24023,0.691,2.094324172061297,22986.44844014118,43.75739233929579,43.620082395568645,43.725907901310016,43.05789199745713,0.482837660704206,0.6201476044313523,0.5143220986899806,1.1823380025428634
DES,1770254,0.7348,43.22861,0.2379,17.668965222352444,14426.064680450558,43.275907493489285,43.1183277928259,43.22952552306921,42.624192580821,-0.047297493489281806,0.11028220717410164,-0.0009155230692101668,0.6044174191790006
DES,1905244,0.36176,41.48715,0.1265,62.49121217328813,6469.278906616654,41.42792553432967,41.267650030520194,41.39552909051313,40.97315121894146,0.059224465670332904,0.21949996947980566,0.09162090948687052,0.5139987810585396
DES,1861451,0.78049,43.1707,0.1443,48.02499604994407,14046.427277252113,43.43666801548092,43.28461876197893,43.39406787993767,42.7685470711865,-0.2659680154809223,-0.1139187619789368,-0.22336787993767615,0.40215292881349995
DES,1922297,0.43225,41.66478,0.1894,27.876615868038787,7020.723591784907,41.88379290031699,41.716702129375484,41.8410560266697,41.381393304818516,-0.21901290031699006,-0.051922129375483905,-0.17627602666969722,0.28338669518148407
DES,1878148,0.22453,40.24418,0.1203,69.09851997880057,3649.739560851048,40.23810069610043,40.10487140753544,40.24022022633513,39.89460300825256,0.006079303899568345,0.13930859246455896,0.003959773664867328,0.3495769917474405
DES,1904182,0.76657,43.25469,0.2514,15.822294118726697,14600.370447649042,43.38867058064814,43.234847234188265,43.344823233185295,42.72540680218306,-0.13398058064814222,0.019842765811731056,-0.09013323318529842,0.5292831978169374
DES,1335756,0.44933,42.34252,0.2037,24.100049911203367,9592.457308911657,41.98385147432265,41.8157265277658,41.93925532966371,41.47076366309658,0.3586685256773521,0.5267934722342034,0.40326467033629143,0.8717563369034238
DES,1332747,0.34305,41.40908,0.2962,11.398032517219006,6240.823138001944,41.29316973912722,41.13544414178523,41.26429270674759,40.85204734354612,0.11591026087278067,0.27363585821477443,0.14478729325241346,0.5570326564538846
DES,1338278,0.5643,42.54121,0.1562,40.98622698828286,10511.576977742588,42.577623543487874,42.40799321933559,42.52624087517208,42.00028995370528,-0.03641354348787473,0.13321678066441223,0.014969124827921121,0.5409200462947226
DES,1289346,0.45198,41.34949,213.4445,2.1949774509165572e-05,6071.889718855668,41.99905905185638,41.83079391271473,41.954195679655236,41.48434118034264,-0.6495690518563748,-0.48130391271472917,-0.6047056796552326,-0.1348511803426362
DES,1335564,0.60619,42.81482,0.1525,42.99919376511691,11923.118905381074,42.76604816895159,42.597965750477385,42.714399732878974,42.16832688646793,0.048771831048405545,0.216854249522612,0.1004202671210237,0.6464931135320668
DES,1339276,0.96363,43.79246,0.1456,47.17123535804854,18703.284284208163,44.00081037810173,43.87833407939925,43.98129357900396,43.279016583767714,-0.20835037810173418,-0.08587407939925384,-0.18883357900396192,0.5134434162322847
DES,1339217,0.33191,41.09795,0.2958,11.428879681783418,5407.740898573926,41.20968870984933,41.05363942185711,41.183072249278794,40.77690821373522,-0.11173870984933387,0.04431057814288408,-0.08512224927879686,0.32104178626477875
DES,1281119,0.19902,40.11619,0.197,25.767218944059366,3440.8352207571693,39.94437085963095,39.818524129451895,39.95535879485724,39.624661411200066,0.17181914036905255,0.29766587054810856,0.16083120514276317,0.49152858879993744
DES,1345553,0.31794,41.1955,0.1235,65.5640971004278,5656.214555358825,41.10128183528143,40.94750658417344,41.077679633625266,40.679193524927804,0.09421816471856914,0.24799341582656353,0.1178203663747368,0.5163064750721986
DES,1279488,0.49412,42.23993,0.2381,17.639294421167435,9149.805769871879,42.230378635218294,42.060585291641594,42.182001519635435,41.69072374580059,0.00955136478170715,0.179344708358407,0.057928480364566326,0.5492062541994116
DES,1281668,0.30697,41.00668,0.1151,75.48303481051117,5185.156573068828,41.01304223887026,40.86119012069795,40.99195039569639,40.5995341580369,-0.006362238870259773,0.1454898793020547,0.0147296043036107,0.4071458419631
DES,1280807,0.73899,43.33248,0.2026,24.362458815263373,15132.889993946106,43.29104432496341,43.13393605244357,43.24497110216052,42.63776858192941,0.04143567503658829,0.19854394755642346,0.08750889783947713,0.6947114180705896
DES,1334597,0.28895,40.72403,0.1191,70.49794815721889,4552.3104861565525,40.861602556438655,40.71317982949694,40.84491630636406,40.462549595938526,-0.13757255643865562,0.010850170503061918,-0.1208863063640635,0.2614804040614729
DES,1331887,0.78398,43.2028,0.1916,27.24011837465841,14255.612280499576,43.44857250330934,43.29697988706582,43.40629769701597,42.77925266404425,-0.24577250330933964,-0.09417988706581326,-0.20349769701596898,0.4235473359557531
DES,1261579,0.32214,40.97363,0.1064,88.3317315846006,5106.835574654401,41.13432653479603,40.97984721015719,41.10979682730044,40.70899630960271,-0.1606965347960312,-0.006217210157188902,-0.1361668273004426,0.26463369039728946
DES,1253406,0.36131,41.43008,0.1709,34.23859024658975,6301.470029620943,41.42476052193766,41.264542518863905,41.39244472540787,40.970309368076364,0.005319478062340011,0.16553748113609146,0.03763527459212668,0.4597706319236323
DES,1260241,0.33336,41.22274,0.1175,72.43096423721141,5727.615755271689,41.220699278021655,41.06442498769255,41.19378146672158,40.78682381430057,0.0020407219783464825,0.1583150123074546,0.028958533278419907,0.43591618569943336
DES,1253148,0.43868,42.06142,0.2069,23.360332426874567,8427.715667621642,41.92188402995622,41.75437714784863,41.87841913589658,41.4154234377761,0.13953597004378082,0.30704285215136906,0.18300086410341976,0.6459965622238997
DES,1250034,0.16085,39.40043,0.1053,90.18685815140388,2474.6391252612893,39.432244463799776,39.31902606660567,39.45814593255411,39.15017707576466,-0.03181446379977615,0.08140393339432705,-0.05771593255411034,0.2502529242353404
DES,1261173,0.47377,42.16709,0.1882,28.23324272344635,8847.97475944377,42.12105995440773,41.95184263951693,42.074209670134664,41.59321954661492,0.04603004559227486,0.21524736048306892,0.09288032986533779,0.5738704533850836
DES,1253243,0.57729,42.65652,0.2032,24.218798437596877,11084.85138922895,42.63742343098623,42.468163666609215,42.58584288974566,42.05360729611566,0.01909656901376877,0.18835633339078584,0.0706771102543371,0.6029127038843427
DES,1257356,0.33257,41.07062,0.1195,70.02678524535635,5340.105966600777,41.21470588782232,41.05855393038038,41.18795199494461,40.78142665015375,-0.144085887822321,0.01206606961962109,-0.11733199494461388,0.28919334984625067
DES,1253857,0.85652,43.7311,0.2627,14.490382660576264,18182.17674171802,43.68505850880527,43.54396732667995,43.65062549661032,42.99245463508766,0.046041491194728223,0.18713267332005046,0.08047450338968076,0.7386453649123368
DES,1251603,0.63033,42.94051,0.2153,21.573069388267577,12633.621897064155,42.86912744868429,42.702385174375266,42.81779904227639,42.26031853143891,0.07138255131571469,0.23812482562473747,0.12271095772361207,0.680191468561091
DES,1263852,0.66083,42.98736,0.2043,23.95870094965103,12909.15677317236,42.994147257677724,42.8295365436127,42.94368682003889,42.37198480557625,-0.006787257677721925,0.15782345638730533,0.043673179961110975,0.6153751944237555
DES,1261456,0.62162,42.90798,0.1512,43.74177654600935,12445.772985208656,42.83237238985393,42.66511026591195,42.78089013503315,42.22751003074018,0.07560761014607209,0.24286973408805324,0.12708986496685526,0.6804699692598248
DES,1263039,0.65514,42.93665,0.1687,35.13741716793121,12611.184373539038,42.97124505019415,42.80620078471877,42.920584689275216,42.35151977204522,-0.03459505019414877,0.13044921528123155,0.0160653107247839,0.5851302279547781
DES,1263580,0.58276,42.64332,0.2095,22.784103530966444,11017.672911371199,42.662227075371035,42.493153262998106,42.61059475529627,42.075724882898456,-0.018907075371032533,0.15016673700189642,0.032725244703733836,0.567595117101547
DES,1443078,0.61096,43.1088,0.1828,29.92592734463656,13651.672937919031,42.786720166571264,42.61887741061706,42.73510839365366,42.18677065792929,0.322079833428738,0.4899225893829424,0.37369160634634113,0.9220293420707151
DES,1596033,0.46937,42.57499,0.2591,14.895846010318948,10676.376361631545,42.09685040915164,41.927796940639055,42.05037151200062,41.57161990922544,0.47813959084835744,0.6471930593609443,0.5246184879993763,1.0033700907745597
DES,1641288,0.54529,42.50157,0.1643,37.04459687884454,10321.430083875961,42.48773908929441,42.317751392113266,42.43684088288522,41.92016111409298,0.013830910705593169,0.1838186078867352,0.06472911711477991,0.5814088859070239
DES,1662023,0.31268,40.87877,0.1075,86.53326122228232,4888.547901307599,41.05932690012632,40.90645848248644,41.036912440636286,40.64133227327473,-0.18055690012631942,-0.027688482486439625,-0.1581424406362828,0.2374377267252754
DES,1366195,0.55313,42.30991,0.1174,72.55440855097237,9449.479236015723,42.52515936735679,42.35529199127143,42.47403284865106,41.95351880684325,-0.21524936735679034,-0.045381991271426614,-0.1641228486510613,0.35639119315675316
DES,1590122,0.77952,43.3866,0.1256,63.38999553734432,15514.78905238934,43.43335020398287,43.28117486952475,43.39066053888369,42.765563812341746,-0.04675020398286733,0.10542513047525404,-0.004060538883685183,0.6210361876582553
DES,1550103,0.53166,42.52236,0.1788,31.27987227802552,10420.723558278763,42.421467170089315,42.251362786379545,42.3710632830799,41.86108559665611,0.10089282991068416,0.27099721362045415,0.1512967169201005,0.6612744033438887
DES,1574062,0.5502,42.76064,0.1445,47.89214688521451,11629.308058260202,42.511233011713855,42.34131617934479,42.46018709035878,41.941104243380074,0.2494069882861467,0.41932382065521523,0.30045290964122273,0.8195357566199277
DES,1579110,0.62217,43.00674,0.1841,29.504782872827597,13024.884327026139,42.83470768299496,42.667477186185295,42.78323387519756,42.229594328152444,0.17203231700504062,0.339262813814706,0.2235061248024408,0.7771456718475562
DES,1387162,0.6175,43.1957,0.1989,25.277285502642613,14209.07723942407,42.81481654218207,42.64732268898191,42.76327649394449,42.21184208532383,0.3808834578179301,0.5483773110180934,0.43242350605551394,0.9838579146761717
DES,1533035,0.58117,42.80828,0.1796,31.001830348063745,11887.26310082902,42.65503989661269,42.48591022603872,42.60342072198219,42.06931583308854,0.15324010338731142,0.3223697739612845,0.204859278017814,0.7389641669114653
DES,1593067,0.34776,41.64355,0.2071,23.315235270541827,6952.417996078294,41.327717967650614,41.16931945834857,41.29792258070525,40.883116936576016,0.31583203234938395,0.47423054165142986,0.3456274192947504,0.7604330634239815
DES,1514059,0.52427,42.80514,0.2571,15.12849920295502,11870.086261815728,42.38486800734092,42.21475043967976,42.334784844653946,41.828460258794365,0.42027199265908166,0.59038956032024,0.47035515534605565,0.9766797412056363
DES,1302123,0.29156,40.86883,0.1032,93.89459768042786,4866.22152075602,40.88406530868107,40.73512467639142,40.866718859102434,40.482890472188856,-0.015235308681070592,0.13370532360858078,0.0021111408975684753,0.3859395278111464
DES,1316385,0.1474,39.00672,0.1375,52.89256198347107,2064.2860373851313,39.22446715733008,39.11617555248509,39.256118957230264,38.95627721359868,-0.21774715733008065,-0.10945555248508754,-0.2493989572302624,0.050442786401319495
DES,1298079,0.26048,40.74659,0.1464,46.657111290274415,4599.8521752863735,40.60367103376859,40.461379232088376,40.594688091006645,40.228401735457574,0.14291896623140588,0.2852107679116216,0.1519019089933522,0.5181882645424238
DES,1315818,0.55218,42.68035,0.1648,36.82015270053728,11207.167814730024,42.52065158772285,42.350767592121585,42.46955058586682,41.94950035274357,0.15969841227714454,0.3295824078784122,0.21079941413317727,0.7308496472564272
DES,1303215,0.32869,41.61532,0.2189,20.86932857735248,6862.618790237921,41.18507868595118,41.029536420589764,41.159139116907085,40.75473967377835,0.43024131404881416,0.5857835794102328,0.4561808830929124,0.860580326221644
DES,1320501,0.33683,41.21969,0.1155,74.96111392215288,5719.57652563105,41.24687101066961,41.09006657803573,41.219240712745965,40.81038636260086,-0.027181010669607986,0.12962342196426846,0.00044928725403536873,0.409303637399141
DES,1301915,0.62043,43.1453,0.2335,18.34113595825557,13883.081560113767,42.82731297135992,42.65998297487085,42.775813029112754,42.22299450478232,0.31798702864007566,0.48531702512914876,0.3694869708872446,0.9223054952176781
DES,1296781,0.61378,43.30679,173.2456,3.33177429403782e-05,14954.912455273467,42.7988697885221,42.631174611607165,42.74728591511528,42.1976116928457,0.5079202114779022,0.6756153883928349,0.5595040848847219,1.109178307154302
DES,1323106,0.34417,41.33949,0.1104,82.04683889939088,6043.9919197099625,41.3014243817272,41.14353685766924,41.27232697347161,40.85947221065125,0.03806561827279609,0.1959531423307581,0.0671630265283909,0.48001778934875006
DES,1303257,0.77159,43.61245,0.264,14.348025711662073,17215.35072997479,43.40607606530041,43.25288373308945,43.362669137888204,42.74104665780898,0.20637393469959164,0.35956626691055504,0.24978086211179829,0.871403342191023
DES,1290995,0.54351,42.29839,0.1258,63.188597743914315,9399.48101548362,42.479172972528644,42.30916332574685,42.428332255958594,41.91252513050607,-0.18078297252864672,-0.010773325746853857,-0.12994225595859632,0.38586486949392906
DES,1291254,0.35021,41.25782,0.2671,14.016908035486885,5820.896470361244,41.345519113761355,41.1867788901792,41.31525471014086,40.89911983493457,-0.08769911376135298,0.07104110982080414,-0.057434710140860545,0.3587001650654358
DES,1304841,0.74126,43.48113,0.1829,29.893212477068168,16205.105958635726,43.29921060204263,43.14236082982424,43.253307943426094,42.64509410353028,0.18191939795737255,0.3387691701757589,0.2278220565739062,0.836035896469717
DES,1301936,0.34304,41.62383,0.2295,18.986049999762674,6889.566160979646,41.293095925401616,41.13537177922858,41.264220866297464,40.85198094581165,0.3307340745983822,0.4884582207714203,0.3596091337025342,0.7718490541883511
DES,1320126,0.52685,42.42063,0.1929,26.874199988659093,9943.788421556494,42.39770000425057,42.227582987475444,42.347500606742855,41.839899097454634,0.022929995749436216,0.19304701252455914,0.07312939325714751,0.5807309025453691
DES,1304362,0.76177,43.54985,0.1725,33.606385213190514,16726.14568023635,43.37192498819874,43.217507666355004,43.32766652687789,42.71036435618841,0.17792501180125697,0.3323423336449949,0.22218347312210796,0.8394856438115923
DES,1300777,0.81684,43.36027,0.1433,48.69760685350639,15327.801766008404,43.558215126209994,43.41114675269421,43.519243514937486,42.87796863741115,-0.19794512620999427,-0.050876752694207994,-0.15897351493748602,0.48230136258884926
DES,1295315,0.34886,41.22103,0.1176,72.30783469850525,5723.107124393724,41.33572454111845,41.1771719080796,41.305717843057124,40.89031518580448,-0.11469454111845323,0.04385809192039858,-0.08468784305712518,0.33071481419551674
DES,1326273,0.56949,43.62257,234.917,1.8120538839071435e-05,17295.76895161838,42.60166948446898,42.43217511145765,42.550194999154925,42.02172822199812,1.0209005155310251,1.1903948885423503,1.0723750008450779,1.600841778001886
DES,1791116,0.31193,41.03378,0.1277,61.322267525750746,5250.272866071767,41.053291991388164,40.90055516170117,41.031049272191005,40.635884124178794,-0.019511991388164063,0.1332248382988297,0.0027307278089949705,0.3978958758212059
DES,1776135,0.3441,42.49381,283.2525,1.2463858121187133e-05,10284.611124329796,41.300909190736704,41.14303175207325,41.271825519394056,40.85900883333625,1.1929008092632998,1.3507782479267547,1.221984480605947,1.634801166663756
DES,1850045,0.31314,40.95914,0.1765,32.10041008273881,5072.871659238415,41.063021734578825,40.91007289295473,41.040502236562496,40.644667607356276,-0.10388173457882743,0.04906710704526773,-0.08136223656249797,0.3144723926437223
DES,1891030,0.61377,42.9921,0.1856,29.029800832342453,12937.366312064276,42.79882679797871,42.6311310900393,42.747242817507356,42.19757333127012,0.19327320202128817,0.36096890996070385,0.24485718249264465,0.7945266687298798
DES,1797044,0.4667,42.40418,0.1791,31.175169850119133,9868.743812382108,42.082056650851335,41.913109548776745,42.03581040329624,41.55841964934014,0.3221233491486615,0.4910704512232513,0.3683695967037579,0.8457603506598588
DES,1899065,0.54762,42.33816,0.173,33.41240936883959,9573.216376163122,42.498912542090416,42.32895659020772,42.44794225560022,41.93012138647705,-0.1607525420904139,0.009203409792284845,-0.1097822556002157,0.40803861352295456
DES,1878334,0.36044,41.42073,0.1924,27.014060278093545,6274.395276465649,41.418631196891006,41.258524890451355,41.386471870768915,40.96480553921178,0.002098803108992797,0.1622051095486441,0.034258129231083956,0.4559244607882178
DES,1946246,0.83936,43.65009,0.3847,6.7570265812641574,17516.36051336034,43.63091870194999,43.487176256364535,43.594451832303875,42.94354976426509,0.019171298050011387,0.16291374363546396,0.05563816769612373,0.7065402357349058
DES,1908493,0.67829,43.66497,298.7541,1.1203978113730805e-05,17636.803451219643,43.06327151412941,42.900090593260344,43.01352989375126,42.43378116590772,0.6016984858705854,0.7648794067396523,0.6514401062487352,1.2311888340922792
DES,1929216,0.33584,41.31977,0.1783,31.45555220379172,5989.352514586531,41.23942951176802,41.08277513801174,41.212001243581305,40.803687665722386,0.08034048823197537,0.2369948619882578,0.1077687564186931,0.5160823342776126
DES,1292805,0.21415,41.12692,0.8952,1.247842729489259,5480.36993383118,40.122494563349335,39.99217078840571,40.128120284782625,39.78854823140834,1.0044254366506635,1.1347492115942899,0.9987997152173733,1.3383717685916565
DES,1292145,0.49245,42.42148,0.2446,16.71425772984277,9947.681574701524,42.22156682933225,42.05180967646123,42.173303373989036,41.682865812856164,0.19991317066775594,0.36967032353877016,0.24817662601096657,0.7386141871438383
DES,1283373,0.20753,40.16818,0.1003,99.4026892403547,3524.2107780461292,40.04603562213996,39.91763500561814,40.05397038636767,39.71827209951428,0.12214437786003884,0.25054499438186184,0.11420961363232607,0.4499079004857194
DES,1347112,0.79318,43.28547,0.2443,16.755333096859733,14808.800247131901,43.47971065602931,43.32934411490449,43.438317288926456,42.8072661838123,-0.19424065602931506,-0.043874114904490114,-0.15284728892645916,0.47820381618769403
DES,1308582,0.36704,41.25502,0.0964,107.60834007678932,5813.395566125528,41.46479340232602,41.303857085809916,41.431465184290104,41.00624614865056,-0.2097734023260216,-0.04883708580991453,-0.17644518429010247,0.24877385134944063
DES,1329312,0.34478,41.25878,0.1051,90.53042682380334,5823.470436302354,41.30590982866005,41.147934615717816,41.27669291990946,40.8635064057338,-0.047129828660047224,0.11084538428218593,-0.017912919909456093,0.39527359426620023
DES,1338485,0.58466,42.73675,0.1373,53.04676762173835,11502.066523325408,42.67079136804482,42.501786236190824,42.61914537753427,42.08336216689624,0.06595863195518348,0.23496376380917638,0.11760462246573411,0.6533878331037641
DES,1280762,0.62617,43.14596,0.2244,19.858859116487302,13887.30184235735,42.8516331373461,42.68463753299274,42.80022591827279,42.24470162288043,0.29432686265390373,0.461322467007264,0.3457340817272154,0.901258377119575
DES,1330817,0.27051,40.90091,0.1111,81.01620243032404,4938.645747733042,40.69737167390582,40.552817804568406,40.68556844634847,40.31358830003139,0.20353832609418276,0.3480921954315974,0.21534155365153396,0.5873216999686122
DES,1319066,0.33403,41.33285,0.2211,20.45608477492477,6025.538629663393,41.225772056997535,41.0693944929363,41.198715724168196,40.7913915749783,0.10707794300246576,0.26345550706370346,0.13413427583180493,0.5414584250217018
DES,1252199,0.60498,42.70593,0.1852,29.155334959812283,11339.969201658258,42.76077991890483,42.59263870941149,42.70912429923811,42.16362683317457,-0.0548499189048286,0.1132912905885135,-0.003194299238110432,0.5423031668254339
DES,1256432,0.5113,42.22407,0.1258,63.188597743914315,9083.22087663666,42.31945261594032,42.149399059714824,42.27002402576813,41.77014405439346,-0.09538261594032349,0.07467094028517351,-0.04595402576813257,0.4539259456065352
DES,1251652,0.77155,43.30358,0.1713,34.0788769237952,14932.821543999098,43.40593780758639,43.2527404079821,43.36252732884816,42.74092240623142,-0.10235780758639379,0.05083959201789412,-0.05894732884816278,0.5626575937685772
DES,1257587,1.14418,44.31733,0.1512,43.74177654600935,23817.264245169466,44.462034967612695,44.377478322008784,44.47475183103572,43.702720227031335,-0.14470496761269658,-0.060148322008785726,-0.1574218310357196,0.614609772968663
DES,1253997,0.59079,42.62793,0.1658,36.377340699987336,10939.862790813988,42.698244960984205,42.52947565944919,42.646569896400464,42.10784583980835,-0.07031496098420575,0.09845434055080915,-0.01863989640046526,0.5200841601916508
DES,1255798,0.98024,44.02836,0.1688,35.0957974888255,20849.60708656931,44.04666881606691,43.92736815197902,44.02977693903464,43.320848954720546,-0.018308816066912925,0.10099184802098193,-0.0014169390346410182,0.7075110452794533
DES,1248243,0.32394,41.20068,0.1305,58.7190440539628,5669.723437794158,41.148367507431985,40.99359183506771,41.1234459302035,40.72165512805704,0.052312492568013624,0.2070881649322871,0.07723406979649639,0.4790248719429613
DES,1258289,0.50509,42.2105,0.2031,24.242653445693183,9026.634861194043,42.28758181873434,42.117598944353475,42.23850873203876,41.74172948488368,-0.07708181873433517,0.09290105564652862,-0.028008732038756534,0.4687705151163257
DES,1255523,0.55536,42.56212,0.2033,24.194978622526637,10613.286185190567,42.53571233243204,42.365886163127634,42.48452822831247,41.96292632479,0.02640766756795898,0.1962338368723664,0.07759177168752984,0.5991936752100031
DES,1261259,0.52723,42.38955,0.1166,73.55342479456529,9802.477972475324,42.39958502430749,42.22946845704432,42.34936889451866,41.841579452019076,-0.01003502430749137,0.16008154295568033,0.04018110548133791,0.547970547980924
DES,1256028,0.95521,43.94157,0.2143,21.774874364418636,20032.71788635607,43.97726590807917,43.85320740305967,43.95644834071073,43.25756179150313,-0.03569590807916967,0.08836259694032833,-0.014878340710730242,0.6840082084968699
DES,1249264,0.54968,42.65559,0.1325,56.95977216091135,11080.104976376853,42.50875417902893,42.33882912757257,42.457723149557665,41.938894523102825,0.14683582097107006,0.3167608724274231,0.1978668504423311,0.7166954768971721
DES,1260556,0.27437,40.7618,0.1667,35.985604318848296,4632.184777655963,40.732583192543686,40.587188684312146,40.71972574290243,40.34556271408778,0.029216807456315053,0.17461131568785504,0.042074257097567624,0.4162372859122243
DES,1262895,0.70548,42.95925,0.2643,14.315472061996303,12743.123000031832,43.167612831145696,43.00694695222434,43.11929653801451,42.52715126986969,-0.2083628311456991,-0.047696952224342226,-0.1600465380145124,0.4320987301303063
DES,1536028,0.45115,42.09722,0.1267,62.294079134660485,8567.810947932252,41.9943048331625,41.82608302556808,41.94952455269746,41.48009670176859,0.1029151668374979,0.27113697443191853,0.1476954473025387,0.6171232982314123
DES,1643313,0.39044,41.64288,0.1628,37.73038171072569,6950.273183421326,41.622520556890194,41.45895705266836,41.58537799538749,41.147662833988896,0.020359443109803976,0.18392294733163794,0.05750200461250898,0.495217166011102
DES,1625037,0.31863,41.14129,0.1286,60.46694997448296,5516.757258013581,41.10673803836721,40.95284590307355,41.082982193043904,40.68411549950761,0.03455196163278629,0.18844409692644604,0.058307806956094055,0.4571745004923855
DES,1439028,0.55424,42.40539,0.1541,42.110919319268575,9874.244461409118,42.53041716534804,42.36056991606392,42.479261578291286,41.95820589266657,-0.12502716534804392,0.04482008393607373,-0.0738715782912891,0.4471841073334275
DES,1372115,0.89842,44.01759,0.2017,24.5803579834176,20746.4538859207,43.81294086069395,43.67872488273275,43.78390497058737,43.108224499957,0.20464913930604922,0.3388651172672468,0.23368502941262648,0.9093655000430019
DES,1618036,0.39216,41.67219,0.1344,55.360685941043094,7044.722250966397,41.633767611910024,41.4700300010689,41.59636455388859,41.15773696270849,0.03842238808997678,0.20215999893110137,0.07582544611140918,0.5144530372915099
DES,1457045,0.28848,41.84104,136.2306,5.388286273408579e-05,7614.3682235923125,40.85753774832759,40.70920905669847,40.840971190130645,40.45886791466583,0.9835022516724123,1.1318309433015301,1.0000688098693544,1.3821720853341688
DES,1370113,0.65553,42.91029,0.138,52.50997689561016,12459.01977240998,42.97282081586903,42.807805750113545,42.92217361096398,42.35292771049275,-0.06253081586902454,0.10248424988645866,-0.011883610963977276,0.5573622895072532
DES,1447146,1.00009,44.24308,0.3059,10.686636713448843,23016.637351386587,44.100479267548984,43.98506550098102,44.08682383123957,43.370011725983886,0.14260073245101523,0.25801449901897655,0.1562561687604287,0.8730682740161129
DES,1450127,0.60009,42.74341,0.1856,29.029800832342453,11537.398013806616,42.73938746268486,42.5710169826765,42.68771160171869,42.14454294171733,0.004022537315137242,0.17239301732350043,0.05569839828130796,0.5988670582826643
DES,1574019,0.60433,42.46616,0.1094,83.55363642136433,10154.484360582239,42.75794576081621,42.58977330573693,42.706286637458106,42.161098402060404,-0.2917857608162109,-0.12361330573692442,-0.24012663745810414,0.30506159793959853
DES,1559178,0.4355,42.48549,0.5374,3.4626187453159427,10245.281015208662,41.903110868613645,41.73580569666727,41.860001745684286,41.398652999847585,0.5823791313863538,0.7496843033327281,0.6254882543157123,1.0868370001524141
DES,1448122,0.57688,42.68022,0.1569,40.62132757810363,11206.496892917165,42.63555539691198,42.466282402607575,42.58397948348065,42.05194162955878,0.04466460308801601,0.21393759739242313,0.09624051651935162,0.6282783704412154
DES,1531145,0.45675,42.1682,0.2471,16.37776024629531,8852.498769305214,42.026225556361425,41.85772155715156,41.980895318557145,41.50859242519982,0.14197444363857414,0.31047844284844217,0.1873046814428534,0.6596075748001766
DES,1551108,0.86647,44.1604,0.2643,14.315472061996303,22156.74069329479,43.71596985005408,43.57646071516588,43.682764135233796,43.020404790378024,0.4444301499459229,0.5839392848341234,0.47763586476620645,1.1399952096219792
DES,1304652,0.58126,42.64917,0.1477,45.839408964996565,11047.394810562231,42.65544721171484,42.48632066350454,42.60382725141582,42.069679045410105,-0.006277211714845521,0.16284933649545508,0.04534274858417575,0.5794909545898932
DES,1318847,0.65992,43.05109,0.1537,42.33038953694363,13293.638819063135,42.99049712746642,42.82581599212074,42.940003568477636,42.368722814067,0.06059287253358292,0.2252740078792641,0.11108643152236652,0.6823671859330034
DES,1299503,0.29498,43.93669,248.0366,1.6254307102578096e-05,19987.74844703579,40.91322130503211,40.76361299619095,40.895021189271915,40.50928064718382,3.023468694967889,3.1730770038090483,3.0416688107280834,3.427409352816177
DES,1295844,0.19209,40.96771,132.5901,5.68823858137894e-05,5092.931970306922,39.858570034848285,39.73487194972669,39.87211591114847,39.54550866412093,1.1091399651517122,1.2328380502733083,1.0955940888515272,1.4222013358790662
DES,1302353,0.57193,42.56619,0.1269,62.09787743245146,10633.197366737755,42.61290326475396,42.44347839301067,42.56139150199306,42.03174418524826,-0.046713264753961425,0.12271160698932704,0.004798498006941543,0.5344458147517415
DES,1294971,0.58822,42.97461,0.1829,29.893212477068168,12833.58156222869,42.68676785772908,42.51789704661062,42.63510219885966,42.097610000956976,0.2878421422709181,0.4567129533893777,0.33950780114033563,0.8769999990430222
DES,1295550,0.8727,43.83427,0.4223,5.607352225661834,19066.89061438836,43.735149001212754,43.59664677058268,43.70272926998253,43.037757110242254,0.09912099878724234,0.2376232294173164,0.1315407300174698,0.7965128897577429
DES,1810306,0.6413,42.99211,0.1667,35.985604318848296,12937.425890975068,42.91474132298254,42.7487107167855,42.86366689666647,42.30104689314436,0.07736867701745354,0.24339928321449378,0.12844310333352382,0.691063106855637
DES,1904321,0.61177,42.95593,0.1969,25.79339848917748,12723.654715476463,42.79021536385867,42.62241455118816,42.738611132936384,42.18988932254172,0.16571463614133108,0.3335154488118448,0.21731886706361792,0.7660406774582853
DES,1861164,0.43446,41.74381,0.1521,43.22565390688588,7280.947089499489,41.89694367671012,41.72970620299899,41.85395271983583,41.3931431913702,-0.15313367671011946,0.014103797001013163,-0.11014271983582802,0.3506668086298035
DES,1849276,0.61412,42.97053,0.1868,28.658024934774335,12809.491063754907,42.80033107347727,42.63265398391003,42.748750874622246,42.19891564113899,0.17019892652272972,0.33787601608996454,0.22177912537775057,0.771614358861008
DES,1847151,0.40684,41.88516,0.2069,23.360332426874567,7770.6594263722,41.72795006107094,41.562829491479064,41.68843149421406,41.2420499688311,0.1572099389290571,0.3223305085209347,0.19672850578594137,0.6431100311689022
DES,1889022,0.51127,42.47574,0.1692,34.930056055753965,10199.382404529077,42.31929952057782,42.14924624293819,42.269872581714935,41.770007566158554,0.1564404794221801,0.3264937570618116,0.2058674182850666,0.7057324338414475
DES,1919017,0.21849,40.17131,0.2113,22.397575328085285,3529.29430270513,40.17144584992114,40.039891036553385,40.17558873499068,39.83348486187426,-0.0001358499211434605,0.1314189634466132,-0.004278734990684541,0.3378251381257371
DES,1332689,0.48766,42.37723,0.2038,24.076405026768143,9747.020400728827,42.19613704511386,42.02649458270035,42.14821103284084,41.660187407140356,0.18109295488613952,0.35073541729964575,0.22901896715915626,0.7170425928596416
DES,1338749,0.85806,43.42559,0.2511,15.860123858051258,15795.881792232263,43.689865551494435,43.549017108475674,43.65562021757587,42.9967998345834,-0.2642755514944355,-0.12342710847567417,-0.23003021757587305,0.42879016541660064
DES,1335585,0.60557,42.89637,0.2197,20.71762110330034,12379.407954996434,42.763349975905825,42.59523733142715,42.711697751587565,42.165919685199476,0.13302002409417213,0.3011326685728477,0.1846722484124328,0.730450314800521
DES,1278493,0.27237,40.69293,0.1247,64.30830946959149,4487.576602902404,40.71439611381581,40.56943511176928,40.70208274933069,40.329050170604404,-0.021466113815812093,0.12349488823071653,-0.009152749330695542,0.36387982939559294
DES,1339220,0.59992,42.91367,0.1758,32.356553690523796,12478.42792971505,42.73864080408707,42.57026259456924,42.686964493973335,42.14387689585786,0.1750291959129342,0.3434074054307601,0.2267055060266685,0.7697931041421455
DES,1314847,0.52053,42.27796,0.1542,42.05631845717237,9311.46199568949,42.36616143524404,42.196050845887086,42.31625494941835,41.81178437138517,-0.0882014352440379,0.081909154112914,-0.038294949418350654,0.46617562861482753
DES,1279501,0.56527,42.4825,0.1721,33.76278470046164,10231.18352563537,42.58213341649422,42.41252726750339,42.530732287164426,42.00431066159012,-0.0996334164942212,0.06997273249660907,-0.04823228716442429,0.47818933840988365
DES,1344303,0.09394,38.19696,0.2395,17.433675759781384,1421.7324469504276,38.17059508255451,38.0845329753832,38.22784847075867,37.960939030652575,0.026364917445484082,0.11242702461679954,-0.030888470758675624,0.23602096934742178
DES,1338665,0.72062,43.30862,0.2018,24.556002911359705,14967.520962218596,43.22405979100831,43.06494045805864,43.176692294445914,42.57771422288468,0.08456020899168948,0.24367954194135422,0.13192770555408373,0.7309057771153178
DES,1303952,0.56262,42.63699,0.1602,38.96502655076909,10985.602360249002,42.569795383073554,42.40012453679496,42.518446109559264,41.99331096864911,0.06719461692644302,0.2368654632050351,0.11854389044073343,0.6436790313508851
DES,1337541,1.05479,44.04047,0.2373,17.75842819441714,20966.207278516253,44.2434777038142,44.13926002767156,44.23926794482353,43.50108411614697,-0.20300770381420108,-0.09879002767156209,-0.1987979448235322,0.5393858838530292
DES,1260551,0.55236,42.2596,0.1495,44.74222883412938,9233.064619140745,42.521506251359014,42.35162536173475,42.47040036945083,41.950262239805994,-0.26190625135901513,-0.0920253617347484,-0.2108003694508298,0.30933776019400483
DES,1260459,0.85674,43.53096,0.1923,27.042163329798925,16581.273202879445,43.68574574345938,43.544689190501245,43.65133949111595,42.99307581263447,-0.154785743459378,-0.013729190501244659,-0.1203794911159477,0.5378841873655276
DES,1263579,0.56161,42.67654,0.2193,20.79326730639233,11187.52129671502,42.56507860003961,42.39538421710694,42.513750272530544,41.98910590126344,0.1114613999603904,0.281155782893066,0.16278972746945897,0.6874340987365599
DES,1250925,0.55146,42.37732,0.1998,25.05007510012515,9747.424389290503,42.51723031933601,42.347334101007704,42.4661490496142,41.946450482006085,-0.1399103193360105,0.02998589899229387,-0.08882904961420479,0.43086951799391215
DES,1260113,0.35469,41.30599,0.2287,19.119109951898235,5951.4648788127715,41.37777555687898,41.2184250815216,41.346668770751954,40.92810779937647,-0.0717855568789787,0.08756491847839953,-0.0406787707519527,0.3778822006235316
DES,1257216,0.65434,42.93368,0.1345,55.27839582095327,12593.947398902357,42.9680099212846,42.802905997856456,42.91732282667326,42.34862926468823,-0.03432992128459489,0.1307740021435464,0.016357173326746022,0.5850507353117749
DES,1250980,0.81967,43.7722,0.1858,28.967337588828343,18529.592780241837,43.5674574564048,43.420797221086715,43.528790097910566,42.88629987448716,0.20474254359519506,0.35140277891328253,0.24340990208943225,0.8859001255128405
DES,1255426,0.46781,42.65964,0.3255,9.438392075526012,11100.789696336951,42.08821638547174,41.9192244242829,42.041872747465646,41.56391602008068,0.5714236145282641,0.7404155757171011,0.6177672525343567,1.0957239799193204
DES,1264068,0.33054,41.32269,0.1293,59.814014303923386,5997.411872509461,41.19924492435925,41.04341011387592,41.17291516023874,40.76750152474679,0.12344507564075258,0.2792798861240797,0.14977483976126393,0.5551884752532104
DES,1256765,0.35267,42.02292,32.6184,0.000939884941685529,8279.60989800354,41.36327803333453,41.20420038765016,41.33254863901196,40.91508085817748,0.6596419666654683,0.8187196123498381,0.6903713609880384,1.1078391418225166
DES,1263139,0.72737,43.42614,0.1679,35.47305626275035,15799.88314876537,43.24886120180871,43.09046393908245,43.201951321219454,42.59994282834313,0.17727879819128844,0.33567606091754953,0.22418867878054272,0.8261971716568652
DES,1262163,0.3352,42.21636,15.655,0.004080316542796758,9051.027304666368,41.23460810625234,41.0780512461434,41.207310971304224,40.79934713670058,0.9817518937476635,1.1383087538565988,1.0090490286957774,1.4170128632994192
DES,1252822,0.73927,43.30297,0.1273,61.70824465344341,14928.62727388562,43.29205291914053,43.13497641484151,43.24600061027544,42.638673286774946,0.010917080859471184,0.1679935851584915,0.05696938972456422,0.6642967132250561
DES,1251225,0.43172,42.03657,0.9592,1.0868801565942148,8331.819925968864,41.8806298455319,41.71357483320366,41.83795450997912,41.37856701041499,0.15594015446809806,0.3229951667963391,0.19861549002087742,0.6580029895850075
DES,1253101,0.45332,41.89377,0.1933,26.763092304031943,7801.531655964696,42.00671748240202,41.838383495546026,41.96172112538067,41.49117820695379,-0.11294748240201358,0.055386504453977636,-0.06795112538066661,0.40259179304621284
DES,1258090,0.36656,41.3954,0.1317,57.65386808449058,6201.630330451464,41.46146202264731,41.300584728168225,41.42821741204104,41.00325633430714,-0.06606202264730854,0.09481527183177718,-0.03281741204104094,0.3921436656928634
DES,1552028,0.4518,42.01453,0.1065,88.16592827701734,8247.681377822184,41.99802870416519,41.829772917545384,41.95318330500168,41.48342131627814,0.016501295834807195,0.18475708245461675,0.06134669499832057,0.531108683721861
DES,1551020,0.46283,41.96487,0.16,39.0625,8061.203319431408,42.060473921333994,41.891690368095006,42.01457472497141,41.539159764019224,-0.09560392133399631,0.07317963190499199,-0.04970472497141287,0.4257102359807732
DES,1392329,0.62654,42.87127,0.141,50.29928072028571,12237.138489902922,42.853193570526685,42.686220125526475,42.801792967442694,42.24609451986625,0.018076429473318,0.1850498744735276,0.06947703255730886,0.6251754801337555
DES,1600036,0.81396,43.61778,0.1746,32.802845712471246,17257.658669749766,43.548777626251336,43.40129685263946,43.509499541173604,42.86946312570181,0.06900237374866691,0.21648314736054175,0.1082804588263997,0.7483168742981903
DES,1390345,0.83592,43.72583,0.2143,21.774874364418636,18138.103470988604,43.61993628774478,43.47567436187959,43.583074568110106,42.93363659012053,0.1058937122552237,0.2501556381204111,0.1427554318898956,0.7921934098794736
DES,1644180,0.61154,42.84893,0.144,48.22530864197532,12111.888804566073,42.78922334491248,42.621410585773845,42.73761693371827,42.18900416596688,0.05970665508752404,0.2275194142261583,0.11131306628173121,0.6599258340331247
DES,1563063,0.71552,43.23435,0.1639,37.22563312426177,14464.248518401815,43.205173027589694,43.04552135541283,43.157473835419935,42.56079190544262,0.029176972410304813,0.18882864458716853,0.07687616458006374,0.6735580945573787
DES,1488098,0.75076,43.23451,0.1617,38.24546628681269,14465.31432288366,43.333128255781844,43.17738366466499,43.28796427022458,42.67552983943898,-0.0986182557818438,0.05712633533501332,-0.05345427022457727,0.5589801605610205
DES,1291957,0.37143,41.41159,0.1427,49.10797813123518,6248.041062004645,41.495076901097406,41.333610474694865,41.46099415806851,41.03341893369013,-0.08348690109740886,0.07797952530513186,-0.04940415806851206,0.37817106630986785
DES,1309696,0.80954,43.72414,0.1434,48.6297119759419,18123.992552765932,43.53423065064905,43.386122784694386,43.49448844514263,42.85635595788196,0.18990934935094828,0.33801721530561224,0.22965155485736943,0.8677840421180392
DES,1315259,0.22806,40.23671,0.1527,42.88663047892787,3637.2058008243016,40.27629532311413,40.14210809651208,40.27725384673372,39.929588773451584,-0.03958532311412455,0.09460190348791997,-0.040543846733719135,0.3071212265484178
DES,1317277,0.2371,40.3202,0.1215,67.74035123372116,3779.7743633372743,40.37168057384594,40.23510884778405,40.369737326952716,40.016846198019756,-0.051480573845942956,0.08509115221595209,-0.0495373269527164,0.30335380198024353
DES,1292336,0.23355,40.2262,0.1776,31.70400129859589,3619.644135383522,40.33462879987715,40.19898175721027,40.33381289523164,39.982970901789535,-0.10842879987715293,0.027218242789729175,-0.10761289523163953,0.24322909821046323
DES,1317496,0.64429,43.22859,0.2012,24.70267856084171,14425.93181209647,42.92704569731516,42.7612199010381,42.87605196177981,42.31203590723668,0.3015443026848388,0.46737009896189363,0.3525380382201888,0.9165540927633202
DES,1310432,0.29471,40.88079,0.1629,37.68407256294277,4893.097561326998,40.91093083532126,40.76137478766276,40.892797645013104,40.507207933057074,-0.030140835321262216,0.11941521233723762,-0.012007645013106583,0.37358206694292306
DES,1294948,0.30246,40.40637,4.0643,0.060538058058684355,3932.7820142223773,40.97592218279526,40.824896495768755,40.95589973180454,40.565989434170426,-0.5695521827952561,-0.4185264957687522,-0.5495297318045402,-0.15961943417042335
DES,1319614,0.3392,41.41143,0.2125,22.145328719723185,6247.5807062862905,41.264604144487386,41.107444330840025,41.236494220168595,40.82634646120461,0.14682585551261695,0.30398566915997804,0.17493577983140796,0.585083538795395
DES,1310304,0.66881,43.16653,0.1467,46.466479778484995,14019.479020212091,43.02595301240122,42.86197734473244,42.97580157051969,42.400413394769984,0.14057698759878434,0.3045526552675639,0.1907284294803091,0.7661166052300175
DES,1300912,0.3378,41.1826,0.2109,22.4826158793367,5622.712464791346,41.25414269966698,41.09719215992476,41.22631541423203,40.81693149528709,-0.07154269966697768,0.08540784007524138,-0.0437154142320324,0.36566850471290735
DES,1854103,0.4668,42.07812,0.2214,20.400685789453497,8492.780018423113,42.08261213911929,41.91366095832556,42.036357078447395,41.5589153226274,-0.004492139119292915,0.1644590416744407,0.041762921552603416,0.5192046773725991
DES,1908380,0.43668,42.05232,0.1889,28.024384577508577,8392.471499070929,41.9100917729772,41.74271082366647,41.866849660758646,41.404889463830116,0.14222822702280524,0.3096091763335309,0.18547033924135548,0.6474305361698853
DES,1849051,0.30546,40.93135,0.1245,64.51508846631506,5008.363883130606,41.00067012890701,40.84909236705286,40.979933887760815,40.58835598477413,-0.0693201289070089,0.08225763294714028,-0.04858388776081313,0.3429940152258695
DES,1923415,0.36161,41.28252,0.1967,25.84587741455417,5887.485832375295,41.42687093299211,41.26661457542722,41.39450135000599,40.972204310054536,-0.14435093299211132,0.01590542457277877,-0.11198135000599052,0.31031568994546177
DES,1945116,0.54469,42.58556,0.1296,59.537418076512736,10728.472073332729,42.48485456417494,42.314859245004165,42.433975501276535,41.91758979461597,0.10070543582506275,0.27070075499583623,0.1515844987234658,0.6679702053840302
DES,1891147,0.32274,41.12372,0.141,50.29928072028571,5472.299710059499,41.13901485191039,40.98443638601668,41.11435414687507,40.713223427501674,-0.01529485191039015,0.13928361398331646,0.009365853124926105,0.4104965724983245
DES,1920365,0.36549,41.40332,0.1088,84.47772491349481,6224.290804021495,41.45402134350398,41.29327637415563,41.42096389708709,40.99657808762147,-0.05070134350398092,0.11004362584436933,-0.017643897087090465,0.4067419123785285
DES,1876263,0.64639,42.94172,0.2904,11.857872488976923,12640.66363624763,42.93565524213882,42.769976036742875,42.884721083651556,42.31972574324279,0.006064757861174996,0.17174396325712138,0.05699891634844079,0.6219942567572048
DES,1890041,0.65258,42.90508,0.1588,39.65509583843562,12429.1627573707,42.96087940046455,42.79564536263845,42.91013469160324,42.342258620654036,-0.055799400464550786,0.10943463736154513,-0.005054691603241679,0.5628213793459622
DES,1861210,0.54229,42.5416,0.1728,33.489797668038406,10513.465043722708,42.47328662562906,42.30326309070955,42.42248652943364,41.90727795947558,0.06831337437094476,0.23833690929045304,0.11911347056636146,0.6343220405244239
DES,1934253,0.53739,42.4292,0.1442,48.091628017028285,9983.110427381847,42.44951915897428,42.279449366867055,42.398892236609186,41.886091409301685,-0.020319158974281493,0.14975063313294612,0.030307763390815978,0.5431085906983171
DES,1901899,0.98846,44.16508,0.1691,34.971381170219345,22204.544831856663,44.069081156916056,43.95137816445858,44.05351658728159,43.34131530785193,0.09599884308394735,0.2137018355414213,0.11156341271841086,0.8237646921480746
DES,1339716,0.45682,41.89089,0.2333,18.37259587693227,7791.191428820966,42.02662226390304,41.85811488784596,41.98128530953291,41.50894653080857,-0.13573226390304427,0.03277511215404161,-0.09039530953290864,0.38194346919142674
DES,1335305,0.33403,41.52916,0.1613,38.43538761511879,6595.654152549013,41.225772056997535,41.0693944929363,41.198715724168196,40.7913915749783,0.30338794300246263,0.45976550706370034,0.3304442758318018,0.7377684250216987
DES,1330995,0.71827,43.32792,0.1286,60.46694997448296,15101.144909851797,43.215373008949356,43.056006959331434,43.16785115971133,42.56993041858239,0.11254699105064248,0.27191304066856503,0.16006884028866608,0.7579895814176112
DES,1278820,0.53127,42.47071,0.2484,16.206782992472274,10175.78389132835,42.41954760801766,42.24944163987555,42.36915971180636,41.859374473304094,0.05116239198233785,0.22126836012444784,0.10155028819363565,0.6113355266959033
DES,1343871,0.63786,42.90786,0.1602,38.96502655076909,12445.085225380013,42.90051767594789,42.73425714833776,42.84935645991318,42.288345141889685,0.007342324052110882,0.17360285166223832,0.05850354008681791,0.619514858110314
DES,1277716,0.69313,43.02789,0.1923,27.042163329798925,13152.365675229476,43.12070409070366,42.95885326989092,43.0716952092,42.48516046649606,-0.09281409070366209,0.06903673010907596,-0.04380520920000208,0.5427295335039375
DES,1335432,0.42692,41.93286,0.1314,57.91742828084857,7943.243481889533,41.85181857159385,41.6850976204685,41.80971125959016,41.352819804212245,0.08104142840614514,0.24776237953150115,0.12314874040983881,0.5800401957877526
DES,1304183,0.63502,42.76987,0.1632,37.5456555171088,11678.844474893816,42.88872002316887,42.722274312546695,42.83749205992213,42.27781088478376,-0.11885002316887494,0.04759568745330256,-0.06762205992212955,0.4920591152162359
DES,1333949,0.65927,42.92479,0.1522,43.168871444827595,12542.49322337725,42.987886962794136,42.82315577841521,42.937370012510996,42.36639027226944,-0.06309696279413401,0.10163422158478852,-0.01258001251099472,0.5583997277305599
DES,1332709,0.69371,43.33734,0.1673,35.72795165579406,15166.797037124863,43.122924879545835,42.96112813861848,43.0739468586779,42.48714787920619,0.2144151204541629,0.3762118613815204,0.2633931413220978,0.8501921207938068
DES,1334581,0.82736,43.32314,0.2211,20.45608477492477,15067.939752415215,43.592416547981266,43.44687972554475,43.55459131906919,42.90880667761057,-0.26927654798126355,-0.12373972554474477,-0.23145131906918692,0.41433332238943166
DES,1337549,0.74877,43.45196,0.1508,43.974136172069045,15988.873814906225,43.326057654544435,43.17007845703711,43.28073563571247,42.66918373381842,0.12590234545556456,0.2818815429628927,0.17122436428753218,0.7827762661815783
DES,1306980,0.54674,42.48369,0.2353,18.061596908866058,10236.79190685366,42.49469776908131,42.32472942691237,42.443754284036245,41.926364231335576,-0.01100776908130996,0.1589605730876329,0.039935715963757445,0.5573257686644268
DES,1341459,0.52219,42.09562,0.1315,57.829374430742085,8561.500276749077,42.37447979785482,42.20436497150735,42.324493695089316,41.81919978169921,-0.27885979785482107,-0.10874497150735607,-0.22887369508931954,0.27642021830078534
DES,1259667,0.65871,43.30961,0.194,26.57030502710171,14974.346388144693,42.98563624448725,42.820862109477005,42.93509932022545,42.36437899157793,0.3239737555127462,0.48874789052299406,0.3745106797745521,0.9452310084220699
DES,1261784,0.26523,40.9081,0.2072,23.292735647948003,4955.025285743245,40.648451497730065,40.5050743488533,40.63811826350351,40.269131531621845,0.25964850226993264,0.40302565114669875,0.26998173649649004,0.6389684683781525
DES,1252970,0.46198,42.14205,0.1674,35.68527868061533,8746.531711342379,42.05571109985424,41.886964962202256,42.009889696772476,41.53490922393914,0.08633890014575485,0.25508503779774117,0.13216030322752204,0.6071407760608594
DES,1257144,0.52559,42.44235,0.2039,24.052794922743626,10043.749559348593,42.391440569421775,42.22132273829074,42.341297364026616,41.83431926024451,0.050909430578222725,0.2210272617092599,0.10105263597338165,0.6080307397554847
DES,1257609,0.33389,41.09655,0.2212,20.437593399801834,5404.255522844702,41.22471284682006,41.06835682619963,41.19768542105475,40.79043784236963,-0.12816284682006085,0.028193173800367788,-0.10113542105474949,0.30611215763037336
DES,1265578,0.65135,42.83047,0.2115,22.355235875682535,12009.360313960315,42.955885294773466,42.790561252024276,42.90510130328592,42.33779696338078,-0.12541529477346813,0.03990874797572275,-0.07463130328591916,0.492673036619216
DES,1261233,0.53166,42.35334,0.1387,51.98129297228514,9640.373828928014,42.421467170089315,42.251362786379545,42.3710632830799,41.86108559665611,-0.06812717008931202,0.10197721362045797,-0.01772328307989568,0.4922544033438925
DES,1252595,0.8133,43.78931,0.3175,9.92001984003968,18676.172434317887,43.54661031465902,43.39903545353757,43.50726244609797,42.8675100787313,0.2426996853409804,0.3902745464624289,0.2820475539020322,0.9217999212687005
DES,1312171,0.50043,42.541,0.2575,15.08153454614007,10510.560467276988,42.2634250341869,42.09351250593589,42.214636909671725,41.72019090054076,0.2775749658130948,0.4474874940641058,0.3263630903282717,0.8208090994592396
DES,1261587,0.65387,42.85569,0.1565,40.82924190305096,12149.653016890237,42.96610753155166,42.800968709046714,42.915404889708704,42.346929566405464,-0.11041753155165424,0.054721290953288815,-0.05971488970870098,0.5087604335945386
DES,1255501,0.78956,43.47114,0.121,68.30134553650707,16130.724544542201,43.46750026385523,43.31664744923489,43.425755970328964,42.7962791063065,0.0036397361447697563,0.15449255076510582,0.04538402967103394,0.6748608936934986
DES,1260107,0.42982,41.89811,0.3071,10.603283349102185,7817.139731609732,41.86926098884591,41.70233600660306,41.82680818831713,41.36840795948774,0.028849011154093773,0.19577399339694068,0.07130181168287208,0.5297020405122623
DES,1254299,0.495,42.13799,0.1533,42.551579961439764,8730.193607341507,42.235010831391456,42.06519920273112,42.186574648198985,41.69485441589223,-0.09702083139145401,0.07279079726887971,-0.04858464819898245,0.44313558410777176
DES,1261193,0.19246,39.86546,0.2171,21.216822988682313,3065.6168540376334,39.86322279132032,39.739408407758766,39.87663045454898,39.54980442699593,0.002237208679680691,0.1260515922412324,-0.011170454548981468,0.3156555730040722
DES,1261963,0.27963,40.93028,0.2183,20.98420539843865,5005.896603680703,40.77984008148976,40.63332644542851,40.7655735597221,40.38844335561434,0.1504399185102443,0.29695355457149475,0.1647064402779037,0.5418366443856613
DES,1431118,0.62468,42.92618,0.3017,10.986247525210416,12550.524477484,42.84534038915536,42.67825628730388,42.793907308481586,42.239084649017926,0.08083961084464164,0.2479237126961209,0.13227269151841625,0.6870953509820765
DES,1643316,0.54894,42.27135,2.6203,0.14564580031667446,9283.160838951168,42.505222817690125,42.33528636076371,42.45421328694035,41.935746550355674,-0.23387281769012702,-0.06393636076371223,-0.18286328694035348,0.3356034496443243
DES,1559147,0.63231,42.72051,0.1986,25.353709602666807,11416.365778488544,42.877415719332646,42.710797236067535,42.82612822542062,42.26771803246748,-0.15690571933264863,0.009712763932462565,-0.1056182254206206,0.4527919675325194
DES,1370247,0.66882,43.04782,0.123,66.09822195782934,13273.635118123468,43.02599264241482,42.862017790138935,42.975841608510216,42.40044882246127,0.021827357585181062,0.1858022098610661,0.07197839148978602,0.6473711775387301
DES,1368131,0.30694,40.93472,0.0905,122.09639510393457,5016.142609664757,41.01279698020688,40.860950289935154,40.991712178104066,40.599312589415334,-0.07807698020688036,0.07376971006484467,-0.05699217810406765,0.33540741058466494
DES,1536026,0.44129,42.11417,0.2238,19.965483671828142,8634.950952200275,41.937198281868916,41.769531774656066,41.89344760181344,41.429102192562254,0.17697171813108525,0.3446382253439353,0.2207223981865596,0.685067807437747
DES,1371111,0.88352,43.66049,0.1503,44.26719858132483,17600.454184813403,43.76814373779623,43.631419593901654,43.73712058246052,43.06762827461927,-0.10765373779622678,0.029070406098348656,-0.0766305824605169,0.592861725380736
DES,1431096,0.4768,42.13112,0.1703,34.48027366303601,8702.617086211409,42.13761036478409,41.968288440563775,42.09051295934229,41.6079842510661,-0.006490364784085045,0.16283155943622774,0.04060704065771148,0.5231357489339032
DES,1697027,0.50621,42.23124,0.2285,19.152593500567395,9113.262397303748,42.293356766275274,42.12335920414799,42.24421752363604,41.74687832325559,-0.06211676627527396,0.1078807958520116,-0.012977523636038768,0.4843616767444132
DES,1721068,0.29376,40.89113,0.1816,30.32273088940208,4916.45281068389,40.90285642375333,40.75348487049674,40.884959350385465,40.49990051338416,-0.01172642375333055,0.13764512950325525,0.006170649614531953,0.3912294866158348
DES,1314709,0.65988,43.01096,0.1669,35.899411285554336,13050.221262110414,42.99033657248719,42.82565235113631,42.93984156761004,42.368579334401225,0.020623427512809656,0.18530764886368445,0.07111843238995874,0.6423806655987718
DES,1290394,0.57153,42.49121,0.2138,21.876840389197742,10272.30427359225,42.61106475121666,42.441628242201446,42.55955884264485,42.030104958467675,-0.11985475121665701,0.049581757798556225,-0.06834884264484486,0.4611050415323277
DES,1324542,0.54154,42.55716,0.192,27.12673611111111,10589.071360438027,42.46966181197488,42.29963020712533,42.41888717994388,41.904046756931635,0.08749818802512266,0.2575297928746707,0.13827282005612318,0.6531132430683684
DES,1308314,0.40647,41.79909,0.1518,43.39667512033899,7468.680392432048,41.72561505897234,41.5605271051745,41.6861474669591,41.23996064005345,0.07347494102766206,0.23856289482549897,0.11294253304090063,0.559129359946553
DES,1308326,0.32622,41.15016,0.1152,75.35204475308642,5539.338118170627,41.166050174476766,41.010903751354185,41.140637053415546,40.73759327020117,-0.015890174476766106,0.13925624864581465,0.009522946584453962,0.4125667297988329
DES,1292560,0.22482,40.26777,0.0985,103.06887577623746,3689.6050076513397,40.241259276505644,40.107950717629,40.24328283072849,39.897497223290785,0.026510723494354238,0.15981928237099652,0.0244871692715094,0.3702727767092142
DES,1293921,0.50492,42.29921,0.1184,71.33400292184075,9403.031154948685,42.286704220724474,42.116723650689536,42.23764125434495,41.74094702800417,0.012505779275528539,0.1824863493104658,0.06156874565505177,0.5582629719958305
DES,1300703,0.29571,41.04146,0.1368,53.43524503265962,5268.87475324066,40.9194044281164,40.76965520576392,40.90102376739046,40.51487553632184,0.12205557188359961,0.2718047942360826,0.14043623260953808,0.5265844636781623
DES,1303658,0.66788,42.89247,0.1446,47.825928923017464,12357.194289651496,43.02226495578116,42.85821366990986,42.97207579813902,42.3971164779693,-0.12979495578115774,0.034256330090144615,-0.07960579813901347,0.4953535220307046
DES,1305276,0.25286,40.70136,0.2031,24.242653445693183,4505.031946689393,40.53024111509144,40.38974400427981,40.523480101547406,40.16154050955099,0.17111888490855875,0.3116159957201887,0.1778798984525949,0.5398194904490126
DES,1302055,0.54327,42.81745,0.2185,20.945807958359733,11937.568455790695,42.47801598094411,42.30800352767729,42.42718317693566,41.911493771066304,0.33943401905589354,0.5094464723227077,0.39026682306434424,0.9059562289336967
DES,1314067,0.43365,41.79666,0.1106,81.75037359920734,7460.327192896221,41.89213091084144,41.724946756423506,41.849232608357084,41.388843249498834,-0.09547091084143489,0.07171324357649667,-0.05257260835708166,0.40781675050116917
DES,1305946,0.64663,43.08081,0.1812,30.456753846078875,13476.833877296347,42.9366375005759,42.77097519208432,42.885710302952745,42.32060310807472,0.14417249942410137,0.30983480791567786,0.1950996970472545,0.7602068919252787
DES,1309323,0.48309,42.16315,0.1996,25.10030080200481,8831.93522195974,42.17165762738436,42.00213975083777,42.124069485716646,41.638354449797745,-0.008507627384361172,0.1610102491622314,0.03908051428335568,0.5247955502022563
DES,1320447,0.57892,42.61,0.1607,38.722933153762185,10849.90348764066,42.64483768681054,42.47563149855957,42.59323977988144,42.060218449632934,-0.03483768681054045,0.13436850144042722,0.016760220118555935,0.5497815503670651
DES,1289913,0.38495,41.04571,0.1831,29.827943473660877,5279.197078953853,41.58631337110704,41.42332278570312,41.55002026529433,41.11522300235792,-0.5406033711070393,-0.3776127857031213,-0.504310265294329,-0.06951300235792246
DES,1310236,0.69085,43.36529,0.1269,62.09787743245146,15363.277498653264,43.11195687912367,42.949894982579664,43.06282829028751,42.477332987165596,0.2533331208763343,0.41539501742033735,0.30246170971248887,0.8879570128344056
DES,1305219,0.61633,42.99796,0.1637,37.31664930820529,12972.32662466145,42.809810837923365,42.6422528532827,42.75825614798808,42.20737499876881,0.188149162076634,0.3557071467173003,0.23970385201192101,0.7905850012311859
DES,1313434,0.69071,43.13108,0.1489,45.10353742533673,13792.46450760678,43.11141887285654,42.94934409433464,43.06228301720573,42.47685157653728,0.01966112714345769,0.1817359056653558,0.06879698279426805,0.6542284234627189
DES,1897267,0.3192,41.09362,0.2375,17.72853185595568,5396.968397954779,41.11123715434378,40.957248823570495,41.08735476267273,40.68817377996142,-0.01761715434378175,0.13637117642950614,0.006265237327269801,0.4054462200385842
DES,1880486,0.63407,43.17363,0.1741,32.99153008448141,14065.393122941623,42.884762468901215,42.7182557537745,42.833513173193175,42.27427735323864,0.2888675310987878,0.45537424622550304,0.34011682680682753,0.8993526467613648
DES,1891082,0.54871,42.5505,0.1551,41.56965348783943,10556.64397312515,42.504124323601026,42.33418439141465,42.45312154828103,41.93476731839047,0.04637567639897355,0.21631560858534726,0.09737845171896709,0.6157326816095292
DES,1860025,0.23532,40.59127,0.1108,81.4555122574255,4282.327472798213,40.35316681071245,40.21705684569011,40.35178686348692,39.99992268320737,0.2381031892875498,0.3742131543098921,0.23948313651307984,0.5913473167926284
DES,1770386,0.36795,41.44872,0.119,70.6164818868724,6355.794912767521,41.471098147176626,41.310050509768,41.437612024438884,41.01190412430995,-0.022378147176624452,0.13866949023200448,0.0111079755611172,0.4368158756900513
DES,1876431,0.46482,42.02051,0.1307,58.53947521702046,8270.425903306625,42.0715928520508,41.90272380961308,42.0255137388781,41.549082309315736,-0.0510828520507971,0.11778619038692284,-0.005003738878095021,0.4714276906842656
DES,1915067,0.45699,42.02079,0.1859,28.936181540973198,8271.492400191,42.027585461816685,41.8590699002586,41.98223221195438,41.50980628845795,-0.006795461816686554,0.16172009974139456,0.03855778804561538,0.5109837115420461
DES,1895233,0.57035,42.14025,0.1728,33.489797668038406,8739.284447424692,42.605634083347084,42.43616380068537,42.55414603119441,42.025262998121676,-0.46538408334708237,-0.2959138006853692,-0.41389603119441176,0.11498700187832611
DES,1861124,0.30511,40.37324,169.2725,3.4900141134665676e-05,3873.235244430014,40.997794402131056,40.84628056880145,40.97714093571574,40.58575744678152,-0.6245544021310536,-0.4730405688014443,-0.6039009357157354,-0.21251744678151852
DES,1896213,0.68688,42.9114,0.2067,23.405560552642736,12465.390126061151,43.096660082462,42.934236443577774,43.047329198204764,42.46364652470156,-0.1852600824620012,-0.02283644357777348,-0.13592919820476368,0.4477534752984411
DES,1847100,0.3789,41.47386,0.1468,46.40319550965557,6429.80608079986,41.545857467499886,41.38352884743132,41.5105324766603,41.07896057432874,-0.07199746749988378,0.0903311525686803,-0.036672476660299935,0.39489942567126235
DES,1338324,0.42602,42.16596,0.2183,20.98420539843865,8843.371610709388,41.84638312189924,41.679726863205275,41.804384468317366,41.347961717217416,0.3195768781007615,0.48623313679472346,0.36157553168263235,0.8179982827825825
DES,1280332,0.49219,42.73941,0.377,7.035861787531045,11516.164903684987,42.22019242902378,42.050441086618164,42.17194685416793,41.68164016912135,0.5192175709762168,0.6889689133818351,0.5674631458320718,1.057769830878648
DES,1338266,0.64845,43.14929,0.1259,63.0882585811072,13908.614658353128,42.944075059488995,42.77854184226183,42.89320166080386,42.32724666243403,0.20521494051100575,0.37074815773816994,0.2560883391961397,0.8220433375659724
DES,1314369,0.66386,43.3965,0.2135,21.938364165875974,15585.684301055004,43.006266654863246,42.84189337642161,42.955919631876775,42.38281630244201,0.3902333451367568,0.554606623578394,0.44058036812322854,1.013683697557994
DES,1338471,0.53116,42.63427,0.1869,28.627366445463004,10971.850340358082,42.41900595481809,42.248899557603565,42.368622587584056,41.85889163611951,0.215264045181911,0.3853704423964359,0.2656474124159445,0.7753783638804919
DES,1276528,0.24618,40.23354,0.1873,28.505223154564725,3631.899939924365,40.46417624359189,40.325307438353946,40.45942032969168,40.101306361155586,-0.2306362435918956,-0.09176743835394774,-0.2258803296916838,0.13223363884441142
DES,1331513,0.40572,41.79768,0.2168,21.275581759507634,7463.832335851907,41.72087592011694,41.55585443158129,41.68151202413078,41.23571997237924,0.07680407988306115,0.2418255684187116,0.11616797586921734,0.5619600276207564
DES,1335854,0.57869,42.60601,0.1855,29.06110824536294,10829.985497356049,42.64379269403553,42.4745788512741,42.59219713760591,42.059286639521,-0.0377826940355348,0.1314311487258948,0.013812862394090075,0.5467233604789996
DES,1296963,0.48813,42.19861,0.1469,46.34004043631928,8977.344164513122,42.19864250509305,42.028988071882665,42.15068262915084,41.66242188363858,-3.250509304564275e-05,0.169621928117337,0.04792737084915899,0.5361881163614228
DES,1323349,0.50491,42.41873,0.1773,31.811381412418967,9935.091587684119,42.286652588733645,42.116672154864204,42.23759021831404,41.740900993426834,0.13207741126635142,0.30205784513579204,0.1811397816859568,0.6778290065731625
DES,1340728,0.54277,43.06948,226.7333,1.9452229372410506e-05,13406.699497327107,42.47560404366392,42.30558586055011,42.424787847351695,41.909343736289685,0.5938759563360776,0.7638941394498886,0.6446921526483038,1.1601362637103136
DES,1346956,0.33352,41.1466,0.149,45.04301608035674,5530.264142593261,41.221911539155755,41.06561254668294,41.19496060658082,40.78791542054443,-0.07531153915575572,0.08098745331705715,-0.04836060658082175,0.35868457945557
DES,1339875,0.45944,41.92794,0.1676,35.60016176713507,7925.2665010689625,42.04143005632989,41.872798947753154,41.99584449868914,41.52216351495118,-0.11349005632988707,0.055141052246845845,-0.06790449868913839,0.40577648504881836
DES,1275873,0.40188,41.57734,0.1816,30.32273088940208,6743.632190063559,41.69648409508228,41.53181032394126,41.65765888438186,41.213890520478756,-0.11914409508228374,0.045529676058741586,-0.0803188843818603,0.3634494795212433
DES,1283936,0.36862,41.5655,0.2602,14.770167334179764,6706.962452672694,41.47573093238085,41.314601813976424,41.4421290524173,41.016061370238305,0.0897690676191516,0.2508981860235764,0.12337094758269984,0.5494386297616956
DES,1341857,0.50314,42.35363,0.2101,22.65415643737111,9641.661386204712,42.27749867473067,42.107543421416736,42.228542923616004,41.732739357395246,0.07613132526932986,0.24608657858326666,0.1250870763839984,0.6208906426047562
DES,1283855,0.56536,42.3511,0.177,31.919307989402792,9630.434350465182,42.58255148987331,42.412947612774694,42.53114867806098,42.004683390482356,-0.231451489873308,-0.06184761277469164,-0.18004867806097735,0.34641660951764663
DES,1331719,0.58627,42.6563,0.2102,22.632606705950835,11083.728398320187,42.67802800131191,42.50908270766445,42.62637215777208,42.089815688045135,-0.021728001311906553,0.14721729233555436,0.02992784222792011,0.5664843119548664
DES,1336009,0.34175,41.28327,0.2472,16.364512311349902,5889.5196491497245,41.28355732404164,41.12602118080118,41.25493765511996,40.84340008964409,-0.00028732404163633873,0.15724881919881994,0.02833234488004166,0.4398699103559096
DES,1303883,0.25904,40.50537,0.1502,44.326162542264996,4116.232288787976,40.589947186539774,40.44798946009699,40.58137884759276,40.215912528629595,-0.08457718653977508,0.05738053990300784,-0.07600884759276028,0.28945747137040456
DES,1337272,0.50275,42.35788,0.165,36.73094582185491,9660.550498948096,42.27547767531142,42.10552825925615,42.22654572034099,41.73093740663484,0.08240232468858011,0.2523517407438547,0.1313342796590149,0.6269425933651647
DES,1336957,0.82961,43.43182,0.1454,47.30109416891032,15841.265581608766,43.59967677402956,43.45447258681476,43.56210215721224,42.91535583027142,-0.16785677402955912,-0.02265258681475757,-0.13028215721223546,0.5164641697285788
DES,1254150,0.70417,43.09897,0.1584,39.85562697683909,13590.013090163231,43.16267441952131,43.00187954992422,43.11428115722806,42.52272943637006,-0.0637044195213079,0.09709045007578254,-0.0153111572280622,0.5762405636299448
DES,1312164,0.52327,42.72466,0.3135,10.17477723597089,11438.204978322829,42.37987849126998,42.209761885741514,42.32984161770243,41.82401241196323,0.3447815087300228,0.5148981142584859,0.39481838229757216,0.9006475880367688
DES,1251600,0.5576,42.56286,0.1304,58.809138469645085,10616.903624730308,42.54627268758503,42.376490997084254,42.49503399246013,41.972340572932346,0.0165873124149698,0.18636900291574676,0.06782600753987111,0.5905194270676546
DES,1258249,0.62104,42.88673,0.195,26.298487836949374,12324.572815837038,42.82990759975338,42.662612299826,42.77841662348715,42.225310189383464,0.05682240024661667,0.22411770017399846,0.10831337651284656,0.6614198106165361
DES,1265349,0.79939,43.43079,0.2117,22.313016365035594,15833.75333583252,43.50053243517307,43.3510115614296,43.45975333227297,42.82600786968064,-0.06974243517306888,0.07977843857040057,-0.02896333227296566,0.6047821303193643
DES,1257905,0.61393,42.74788,0.1512,43.74177654600935,11561.172336831609,42.79951456729222,42.631827362303085,42.74793230678357,42.198187046829545,-0.05163456729221849,0.11605263769691732,-5.23067835658253e-05,0.5496929531704566
DES,1251126,0.59788,42.74016,0.122,67.18624025799517,11520.143133106687,42.72966530640193,42.561195612469334,42.67798494714292,42.135870623828225,0.01049469359807631,0.17896438753066946,0.06217505285708569,0.6042893761717778
DES,1253046,0.50134,42.28844,0.1093,83.7065949914996,9356.509762223908,42.26815877335902,42.0982313340891,42.219313767965154,41.724411691041794,0.020281226640982197,0.1902086659109017,0.06912623203484713,0.564028308958207
DES,1263197,0.33778,40.99379,0.1457,47.10650639777017,5154.46832370878,41.25399296186822,41.097045425457914,41.22616972844084,40.81679672565561,-0.2602029618682238,-0.10325542545791677,-0.23237972844083998,0.17699327434439027
DES,1258422,0.52105,42.40475,0.2034,24.171193931289995,9871.334645359557,42.36876984941587,42.198657736710445,42.31883821706941,41.814109652266886,0.0359801505841304,0.20609226328955543,0.08591178293058732,0.5906403477331139
DES,1260639,0.59141,42.58001,0.207,23.337767509160074,10701.086511149608,42.701006715446724,42.532262470186524,42.649329980792686,42.11030897944208,-0.12099671544672219,0.04774752981347774,-0.06931998079268453,0.4697010205579204
DES,1255312,0.35561,41.29741,0.1358,54.22511230020757,5927.995633212633,41.38435322812833,41.22487975642046,41.35307587975592,40.93401741031671,-0.08694322812833377,0.07253024357954274,-0.055665879755920855,0.36339258968328636
DES,1262267,0.56215,42.18917,0.2134,21.958929774464224,8938.40183783044,42.56760143395897,42.39791955780994,42.51626182626471,41.99135503244928,-0.3784314339589727,-0.20874955780994497,-0.3270918262647129,0.1978149675507197
DES,1673068,0.52779,42.40203,0.1445,47.89214688521451,9858.977490427013,42.40236063516449,42.2322449023239,42.35212002823579,41.844053697352585,-0.00033063516448805785,0.1697850976761046,0.0499099717642153,0.5579763026474183
DES,1500076,0.59892,42.69531,0.1618,38.198205906664974,11284.644318043474,42.734244652015555,42.565821304096815,42.682566047558694,42.13995542213463,-0.03893465201555557,0.12948869590318424,0.012743952441304884,0.5553545778653657
DES,1576034,0.76675,43.62563,0.1375,52.89256198347107,17320.15902021904,43.38929657579308,43.23549568250512,43.34546483600657,42.72596921336283,0.2363334242069186,0.3901343174948835,0.2801651639934306,0.8996607866371704
DES,1617030,0.73615,43.19871,0.2303,18.85437428082346,14228.786897481663,43.280793534044776,43.12336491305648,43.23451017629454,42.628574457143884,-0.0820835340447772,0.07534508694352127,-0.03580017629454346,0.5701355428561143
DES,1368143,0.42348,41.72135,0.1491,44.98261646786599,7206.02683443624,41.83098560363548,41.664515443036294,41.78929729748701,41.3341985221864,-0.10963560363548197,0.05683455696370743,-0.06794729748700945,0.38715147781360315
DES,1555053,0.73072,43.30631,0.1456,47.17123535804854,14951.607064597521,43.261088313785415,43.103056738459216,43.21441333722249,42.61090447692237,0.045221686214588885,0.20325326154078738,0.09189666277751485,0.6954055230776319
DES,1487043,0.69226,42.96967,0.1662,36.20244989218911,12804.418937989703,43.11736958146649,42.95543793346995,43.06831471958344,42.48217647044598,-0.14769958146649032,0.014232066530048826,-0.09864471958344012,0.4874935295540226
DES,1323777,0.5329,42.86814,233.7003,1.830970976675107e-05,12219.51236129655,42.427561655237085,42.25746296325859,42.37710761401816,41.86651829368192,0.4405783447629119,0.6106770367414072,0.49103238598183907,1.0016217063180761
DES,1299266,0.91289,43.94543,0.1776,31.70400129859589,20068.359628283997,43.85575602761848,43.72404009090556,43.828719202253055,43.14706917445362,0.08967397238151875,0.2213899090944409,0.11671079774694704,0.7983608255463821
DES,1315191,0.58357,42.71024,0.1477,45.839408964996565,11362.499445956877,42.665881377145915,42.49683658758428,42.61424295823827,42.078983609810024,0.04435862285408376,0.21340341241571537,0.09599704176172708,0.631256390189975
DES,1303314,0.60491,42.96858,0.2724,13.476769284178706,12797.99319927866,42.76047483996043,42.592330254252715,42.70881883103307,42.16335466196171,0.20810516003957247,0.37624974574728753,0.25976116896693213,0.8052253380382908
DES,1305409,0.61935,42.71444,0.1625,37.869822485207095,11384.497735679632,42.822713282839615,42.65532234856447,42.77119798664945,42.218889416124554,-0.1082732828396118,0.05911765143553538,-0.05675798664944409,0.49555058387544904
DES,1303496,0.17978,39.69446,0.1495,44.74222883412938,2833.4651474998127,39.69884190551999,39.579116089857195,39.71709317007675,39.39779093209438,-0.004381905519991847,0.11534391014280487,-0.022633170076751696,0.29666906790561853
DES,1316461,0.60984,42.5769,0.1908,27.46902592636543,10685.771300113052,42.78188008654638,42.61397992927547,42.730258513102704,42.18245209642511,-0.204980086546378,-0.0370799292754711,-0.15335851310270243,0.3944479035748927
DES,1305504,0.49559,42.23958,0.1417,49.80354989742959,9148.331114272385,42.238112215770066,42.06828863072357,42.18963674870382,41.69761997945099,0.0014677842299306576,0.17129136927642463,0.04994325129617749,0.5419600205490056
DES,1309874,0.27001,40.6088,0.1206,68.75517382683047,4317.038035550659,40.69277686979214,40.548333099515915,40.68111145789767,40.30941440681668,-0.08397686979213859,0.060466900484087205,-0.07231145789766913,0.2993855931833238
DES,1293028,0.75366,43.26171,0.6832,2.142418375573825,14647.647333393175,43.343399977615114,43.18800019164199,43.29846939783513,42.684750358400834,-0.08168997761511321,0.07370980835801078,-0.036759397835126606,0.5769596415991671
DES,1322954,0.54327,42.47192,0.2144,21.754566718645574,10181.455678622156,42.47801598094411,42.30800352767729,42.42718317693566,41.911493771066304,-0.006095980944110124,0.163916472322704,0.04473682306434057,0.560426228933693
DES,1319776,0.6598,43.19205,0.178,31.561671506122966,14185.213446325179,42.990015434789534,42.82532504381351,42.939517540662266,42.36829235093775,0.20203456521046803,0.3667249561864949,0.25253245933773627,0.8237576490622516
DES,1304779,0.55993,42.45886,0.0892,125.68119206097045,10120.40459301967,42.55721519878646,42.38748304197735,42.50592316250976,41.98209567073346,-0.09835519878645727,0.07137695802265398,-0.04706316250975817,0.476764329266544
DES,1848092,0.5877,42.70658,0.152,43.282548476454295,11343.364171476393,42.68443989967479,42.51554901194898,42.63277663177385,42.09553387277853,0.022140100325209744,0.19103098805102547,0.07380336822615163,0.6110461272214707
DES,1918076,0.36966,41.37922,0.274,13.319835899621713,6155.592687397628,41.482906785666565,41.32165199516879,41.44912606519825,41.02250016908742,-0.10368678566656797,0.05756800483120372,-0.06990606519825349,0.3567198309125743
DES,1899442,0.43144,41.86531,0.1443,48.02499604994407,7699.9494678269975,41.87895734692214,41.71192131617998,41.836314616620676,41.37707254818815,-0.013647346922141423,0.1533886838200189,0.028995383379324835,0.4882374518118482
DES,1927242,0.24576,40.75279,0.1332,56.36266897528158,4613.0044658982115,40.45996758285893,40.321202890909234,40.455339543870984,40.0974665812042,0.2928224171410676,0.4315871090907635,0.2974504561290132,0.6553234187957955
DES,1924188,1.04136,43.97348,0.1353,54.62662971721432,20329.274266055992,44.209060080716846,44.10203042252777,44.20246250064815,43.46947840627689,-0.23558008071684355,-0.12855042252776627,-0.22898250064815073,0.5040015937231104
DES,1871023,0.1484,39.93288,192.4317,2.7005160755028622e-05,3162.291313237771,39.24051102548361,39.13184425602876,39.27172609564657,38.97127795227534,0.6923689745163841,0.8010357439712408,0.6611539043534265,0.9616020477246607
DES,1817269,0.53009,42.42105,0.1544,41.94743483046524,9945.711906762932,42.41373166682237,42.243621505395495,42.36339278511757,41.854190055900624,0.007318333177629199,0.17742849460450572,0.057657214882432584,0.5668599440993773
DES,1847216,0.47905,42.31888,0.158,40.0576830636116,9488.594233913507,42.14983714806429,41.980441853206216,42.10256076100006,41.61889108766836,0.169042851935707,0.33843814679378426,0.21631923899993666,0.6999889123316407
DES,1833321,0.6248,42.93252,0.1964,25.924896611512317,12587.221512099863,42.84584771306656,42.6787706946465,42.794416668808495,42.23953748273982,0.08667228693343532,0.2537493053534945,0.13810333119150187,0.6929825172601767
DES,1332008,0.61156,43.01242,0.2138,21.876840389197742,13058.998592041933,42.78930962141611,42.621497899946505,42.73770339859129,42.189081148379955,0.2231103785838897,0.39092210005349415,0.2747166014087057,0.8233388516200435
DES,1346137,0.36326,41.35083,0.1855,29.06110824536294,6075.6377946498205,41.43844946755407,41.27798363842952,41.40578560373889,40.98259977105805,-0.08761946755407024,0.07284636157048396,-0.054955603738889636,0.3682302289419539
DES,1334302,0.45463,41.87494,0.1557,41.2498881096785,7734.172871698574,42.014184192185624,41.84578422007311,41.96905921313914,41.49784374919863,-0.13924419218562178,0.029155779926895775,-0.09411921313913751,0.37709625080137243
DES,1330903,0.56429,42.70695,0.1447,47.75984820009848,11345.297146684949,42.57757701205804,42.40794644164184,42.52619453718674,42.000248469528756,0.12937298794195584,0.2990035583581587,0.18075546281325927,0.7067015304712427
DES,1343208,0.495,42.11753,0.1461,46.84891832874916,8648.322475337181,42.235010831391456,42.06519920273112,42.186574648198985,41.69485441589223,-0.11748083139145393,0.05233079726887979,-0.06904464819898237,0.42267558410777184
DES,1281135,0.65195,42.53804,0.1388,51.9064189553937,10496.242963574306,42.95832256099732,42.79304232762159,42.907557630684764,42.33997435477433,-0.42028256099731465,-0.2550023276215896,-0.3695176306847614,0.19806564522567527
DES,1317164,0.15459,39.23567,0.1743,32.91586146240564,2293.822852054527,39.33763616263111,39.22667893773604,39.366180891770526,39.06198684684419,-0.10196616263110769,0.008991062263959293,-0.13051089177052688,0.17368315315580674
DES,1318052,0.48068,42.22484,0.2481,16.246000843817285,9086.442340669424,42.158661471283295,41.98921530681651,42.111257819280354,41.62676240288035,0.06617852871670493,0.2356246931834889,0.11358218071964643,0.5980775971196479
DES,1340141,0.65405,43.16935,0.1479,45.71551872713367,14037.697355824786,42.96683625968171,42.80171078964758,42.91613955819103,42.34758064821353,0.20251374031828817,0.3676392103524222,0.25321044180897445,0.8217693517864717
DES,1340125,0.65134,43.27854,0.2009,24.776509688482466,14761.615027777952,42.955844655620666,42.790519884257506,42.90506034807976,42.337760657799166,0.32269534437933345,0.4880201157424935,0.3734796519202419,0.9407793422008339
DES,1343533,0.36843,41.64184,0.1785,31.385103060832183,6946.94523257724,41.47441794558912,41.31331189236385,41.44084884905781,41.014883181608106,0.16742205441088487,0.3285281076361528,0.200991150942194,0.6269568183918963
DES,1250435,0.49292,42.12039,0.1543,42.00182371918589,8659.720500828802,42.224049608616625,42.054282072635964,42.17575395736387,41.68507985667122,-0.10365960861662415,0.06610792736403681,-0.055363957363866234,0.4353101433287776
DES,1255412,0.37202,41.67956,0.1474,46.02619074358073,7068.672732843555,41.499121739637225,41.33758539587718,41.464938978851194,41.037047509984646,0.18043826036277721,0.3419746041228251,0.2146210211488082,0.6425124900153563
DES,1258529,0.82394,43.78838,0.2611,14.668518616037003,18668.175500325917,43.581344275262765,43.43530525184442,43.54314176028244,42.89882080440388,0.20703572473723142,0.3530747481555778,0.24523823971755832,0.8895591955961137
DES,1250357,0.35843,41.54725,0.1389,51.831706595221846,6650.8304281354285,41.404418112073934,41.2445725339499,41.3726230771279,40.95204118890486,0.14283188792606438,0.30267746605009904,0.17462692287210047,0.5952088110951408
DES,1263130,0.68017,42.81778,0.2203,20.604923464042038,11939.382753280554,43.07061320031189,42.907595022216455,43.020958296515104,42.440347192548344,-0.2528332003118905,-0.08981502221645599,-0.20317829651510522,0.37743280745165464
DES,1260463,0.62023,42.85226,0.2188,20.888409105341083,12130.476897514829,42.82646174852312,42.659120419775505,42.774958912763196,42.22223480388414,0.02579825147687842,0.1931395802244964,0.07730108723680473,0.6300251961158594
DES,1260461,0.85855,43.68131,0.2528,15.64753244672328,17770.01830003722,43.69139330580345,43.55062226172525,43.65720786339263,42.99818091095082,-0.010083305803448184,0.13068773827475155,0.024102136607375257,0.6831290890491815
DES,1252751,0.56059,42.47726,0.1276,61.41842159569973,10206.524327408253,42.560307029249984,42.39058950689018,42.50900051936138,41.9848520286991,-0.08304702924998253,0.08667049310982122,-0.031740519361378006,0.4924079713008993
DES,1257022,0.38683,41.60627,0.1354,54.54597025280967,6834.07711547765,41.598765483393805,41.43557574818356,41.56217839412055,41.12638097068366,0.007504516606196887,0.1706942518164425,0.04409160587945138,0.4798890293163396
DES,1259585,0.56401,42.6494,0.1537,42.33038953694363,11048.565000597702,42.576273817619025,42.40663637638803,42.52489678509681,41.99908663394177,0.07312618238097457,0.242763623611971,0.12450321490319283,0.6503133660582279
DES,1259538,0.51244,42.40727,0.1417,49.80354989742959,9882.79700747847,42.32526403811422,42.1552003456595,42.275773171369046,41.77532504781046,0.08200596188577691,0.2520696543404952,0.1314968286309508,0.6319449521895351
DES,1264606,0.6811,42.98488,0.1629,37.68407256294277,12894.421870762151,43.074237850188474,42.911300800808405,43.024626504075165,42.443589088815,-0.08935785018847753,0.07357919919159173,-0.03974650407516833,0.5412909111849942
DES,1262803,0.61343,43.09117,0.23,18.90359168241966,13541.284887181539,42.79736472570802,42.629650995466946,42.74577713941605,42.19626869216671,0.29380527429197656,0.46151900453305217,0.34539286058394936,0.8949013078332868
DES,1253131,0.40349,42.11665,0.3438,8.460348546055261,8644.81840968479,41.706736954709285,41.541915882220714,41.6676843047554,41.223066970313326,0.4099130452907147,0.5747341177792862,0.4489656952446026,0.893583029686674
DES,1488029,0.47833,41.91333,0.1511,43.79969348974495,7872.123069459411,42.14593039587836,41.97655818126514,42.09871086470612,41.61540615679502,-0.23260039587835735,-0.06322818126513852,-0.1853808647061186,0.297923843204984
DES,1641173,0.44364,42.2474,0.1954,26.19092767218178,9181.335871848765,41.95091538051524,41.78310969748004,41.90691215091495,41.441353048837726,0.2964846194847581,0.46429030251995584,0.3404878490850507,0.8060469511622728
DES,1562077,0.47842,42.15208,0.1254,63.59235772481806,8787.025263786998,42.14641903875181,41.977043918621455,42.099192379084556,41.615842043118434,0.005660961248189267,0.17503608137854343,0.05288762091544186,0.5362379568815641
DES,1370944,0.50947,42.24295,0.1398,51.166493723917874,9162.539819478825,42.31009842741045,42.140062978611134,42.26077173802378,41.76180448904954,-0.06714842741045146,0.10288702138886663,-0.017821738023776845,0.4811455109504621
DES,1530193,0.14802,39.16841,0.1602,38.96502655076909,2223.8622105011927,39.23442626533104,39.12590188923659,39.26580711721847,38.96558936483632,-0.06601626533103655,0.04250811076341421,-0.09739711721847044,0.20282063516368254
DES,1370898,0.65069,43.15962,0.169,35.012779664577565,13974.937525177367,42.95320183984788,42.787829817092216,42.90239710373277,42.33539968766843,0.20641816015211845,0.3717901829077803,0.25722289626722983,0.824220312331569
DES,1682020,0.21924,39.95573,0.1013,97.4498352610535,3195.7432115194065,40.17981421019324,40.04804902900631,40.18370330849582,39.841162531076364,-0.2240842101932401,-0.09231902900630473,-0.22797330849581954,0.11456746892363867
DES,1598039,0.62292,42.94654,0.1928,26.90208501919733,12668.7531801056,42.837889029763815,42.670701922708105,42.7864270174385,42.23243379784863,0.10865097023618375,0.275838077291894,0.16011298256150042,0.7141062021513704
DES,1487055,0.58196,42.8498,0.2149,21.6534533685303,12116.742402699756,42.65861319413643,42.48951109255313,42.60698729353152,42.07250224286027,0.19118680586357328,0.36028890744687203,0.2428127064684844,0.7772977571397348
DES,1551083,0.80301,43.61299,0.2177,21.10003335915274,17219.63236180494,43.512598117391086,43.36357683891378,43.47218417067808,42.836871689438,0.10039188260891763,0.24941316108622402,0.14080582932192698,0.7761183105620049
DES,1567044,0.42273,41.77707,0.1626,37.8232564613469,7393.326318859646,41.826422761420496,41.66000854843976,41.78482713807949,41.33011963644755,-0.04935276142049361,0.1170614515602395,-0.007757138079490744,0.4469503635524532
DES,1435033,0.5804,42.79653,0.1761,32.24640380043216,11823.113943491886,42.651552662004704,42.4823964715403,42.599940413501635,42.06620620587934,0.144977337995293,0.3141335284596991,0.19658958649836222,0.7303237941206575
DES,1300531,0.58454,42.85836,0.1807,30.625535755466124,12164.601180690028,42.67025124079787,42.501241709147024,42.61860604818568,42.08288049654681,0.18810875920213022,0.35711829085297353,0.2397539518143148,0.7754795034531909
DES,1299439,0.59158,42.86835,0.1595,39.30778982124782,12220.694150054484,42.70176349429761,42.53302615775448,42.65008634230088,42.11098393656725,0.16658650570239075,0.33532384224552203,0.2182636576991186,0.7573660634327481
DES,1301933,0.32959,41.25571,0.0986,102.85991713605077,5815.243105283885,41.19197949788101,41.036294493178744,41.16584966571992,40.76095670554817,0.06373050211899312,0.21941550682125666,0.08986033428008255,0.4947532944518329
DES,1317372,0.74393,43.2347,0.1831,29.827943473660877,14466.580067708815,43.30878521557403,43.15224226197064,43.2630861222424,42.653684151403056,-0.07408521557402992,0.08245773802935474,-0.028386122242402223,0.581015848596941
DES,1262899,0.77692,43.04164,372.266,7.215945665088773e-06,13235.91212181814,43.424437435219524,43.271925953008044,43.381509715744414,42.757550658608295,-0.3827974352195227,-0.23028595300804255,-0.33986971574441327,0.28408934139170583
DES,1324509,0.21062,39.95602,0.1525,42.99919376511691,3196.1700313190845,40.0819999637265,39.95269481687791,40.088849807046955,39.7513415841923,-0.12597996372650044,0.0033251831220937333,-0.1328298070469529,0.20467841580769885
DES,1318689,0.49338,42.31278,0.1703,34.48027366303601,9461.976717090429,42.22647742942397,42.056699881284786,42.17815042489983,41.68724487241617,0.08630257057602364,0.25608011871521086,0.13462957510016338,0.6255351275838237
DES,1304991,0.65866,42.98593,0.1462,46.78485143938274,12900.658384203782,42.985435199117376,42.82065723682466,42.934896499509605,42.36419933604752,0.0004948008826275441,0.165272763175345,0.0510335004903979,0.6217306639524836
DES,1293275,0.30179,41.80664,47.043,0.00045186632901642065,7494.693469631104,40.97036435037811,40.81946323606373,40.95050264316225,40.56096514865323,0.8362756496218893,0.9871767639362687,0.856137356837749,1.2456748513467701
DES,1891261,0.50558,42.05216,0.1371,53.20164861268721,8391.853141699788,42.290109825938714,42.12012042020546,42.24100768516018,41.74398341918257,-0.2379498259387134,-0.06796042020545912,-0.18884768516017658,0.30817658081743105
DES,1904287,0.69904,43.43597,0.1802,30.79572456796678,15871.569495426602,43.143250615289965,42.981958122875014,43.09456391268059,42.5053401387278,0.29271938471003267,0.4540118771249837,0.341406087319406,0.9306298612721946
DES,1783052,0.47852,42.70702,0.2861,12.216991856519737,11345.662881749073,42.146961875059496,41.97758353344935,42.09972730205735,41.61632627072483,0.5600581249405039,0.7294364665506521,0.607292697942647,1.0906937292751735
DES,1952075,0.70525,43.34021,0.2047,23.865158038656308,15186.856000608623,43.16674641611658,43.00605783376716,43.118416549619475,42.52637546506017,0.17346358388341798,0.3341521662328404,0.2217934503805239,0.8138345349398293
DES,1876304,0.68233,43.52016,0.1734,33.25843533695451,16499.009593134557,43.07902450818854,42.916195389668175,43.029471440456845,42.44787048830831,0.4411354918114583,0.6039646103318219,0.4906885595431518,1.072289511691686
DES,1923155,0.39201,41.5727,0.279,12.846700325021514,6729.2377882191795,41.632788576591665,41.46906604765748,41.59540812977903,41.156860078010055,-0.06008857659166722,0.10363395234251982,-0.02270812977903347,0.41583992198994224
DES,1910132,0.26271,40.54026,0.0903,122.63784186831393,4182.903784844129,40.62478693605425,40.481982420727604,40.61516676395467,40.24761177351003,-0.084526936054246,0.058277579272399294,-0.07490676395466522,0.29264822648997324
DES,1856065,0.78892,43.81522,0.3133,10.18777184158952,18900.351238758965,43.46533590149144,43.314397632322304,43.423530117169975,42.79433184988013,0.3498840985085536,0.5008223676776922,0.39168988283002193,1.0208881501198661
DES,1876731,0.54291,42.66196,0.2432,16.90724549861496,11112.656112218583,42.47627959576553,42.30626300106714,42.42545873251241,41.90994593268157,0.18568040423446774,0.35569699893286355,0.23650126748758993,0.7520140673184272
DES,1849109,0.62398,42.64063,0.1168,73.30174516794897,11004.032770136144,42.842379161268695,42.67525389282615,42.790934363713006,42.23644150920186,-0.2017491612686939,-0.034623892826147085,-0.15030436371300482,0.40418849079814123
DES,1337838,0.31194,41.03821,0.1303,58.899440396416786,5260.994830472854,41.05337254448354,40.90063395652099,41.03112753148366,40.63595684877152,-0.015162544483537488,0.1375760434790081,0.007082468516337315,0.4022531512284786
DES,1343401,0.38283,41.44162,0.1592,39.45607434155703,6335.047492627762,41.57220420360112,41.40944190798465,41.53624649828298,41.102578269253726,-0.1305842036011171,0.032178092015350046,-0.09462649828297742,0.3390417307462741
DES,1339002,0.30251,40.93181,0.1755,32.467268934505405,5009.424956443985,40.97633649279929,40.82530152802138,40.956302065525065,40.56636395220244,-0.04452649279929233,0.10650847197862134,-0.024492065525066664,0.36544604779756185
DES,1306991,0.42199,41.63381,0.1664,36.11547707100592,6921.303205635948,41.82191341587118,41.65555485146092,41.7804097076978,41.32608841303263,-0.18810341587118273,-0.021744851460923087,-0.14659970769780273,0.30772158696736795
DES,1302550,0.75249,43.13267,0.1703,34.48027366303601,13802.567352686747,43.33926044663737,43.183721134417446,43.29423525746623,42.68103427888377,-0.20659044663737092,-0.05105113441744891,-0.16156525746622918,0.45163572111622585
DES,1346612,0.92274,44.05509,0.2459,16.537998283686537,21107.8439631086,43.88452309978372,43.754544224725095,43.85888503369045,43.17319376356923,0.1705669002162793,0.3005457752749052,0.1962049663095513,0.8818962364307694
DES,1336359,0.42821,42.27783,0.2647,14.272239252968163,9310.904561102465,41.859590930099685,41.69277838811692,41.81732906338985,41.359766182206926,0.41823906990031645,0.5850516118830811,0.4605009366101527,0.918063817793076
DES,1289288,0.29001,40.8731,0.1653,36.59774213889648,4875.799910498593,40.87074774707216,40.72211380706149,40.853792456859495,40.47083186443911,0.0023522529278423576,0.150986192938511,0.01930754314050631,0.40226813556088814
DES,1279500,0.2347,40.35195,0.1408,50.44227789256198,3835.4460216022444,40.34668791986915,40.2107396815874,40.34550510275824,39.993998862213616,0.00526208013085494,0.1412103184126039,0.00644489724176367,0.35795113778638665
DES,1302564,0.52716,42.1697,0.1596,39.258547370933606,8858.6159713793,42.39923787920947,42.229121222048775,42.3490248242202,41.841269998282506,-0.22953787920947377,-0.0594212220487762,-0.17932482422020257,0.3284300017174928
DES,1332721,0.42224,42.12211,0.2173,21.177785604146102,8666.582489831098,41.82343766053918,41.657060246247596,41.781902847898024,41.32745106120415,0.29867233946082195,0.4650497537524032,0.34020715210197494,0.7946589387958483
DES,1339102,0.64795,43.25548,0.1521,43.22565390688588,14605.683152058336,42.9420337487481,42.77646489871191,42.89114539211014,42.32542323178481,0.3134462512518965,0.4790151012880912,0.36433460788985883,0.9300567682151879
DES,1329365,0.61101,42.93007,0.1545,41.89315151705575,12573.027777942529,42.78693604617031,42.61909586886688,42.73532472777714,42.18696327929641,0.14313395382968963,0.310974131133122,0.19474527222286042,0.7431067207035937
DES,1338959,0.46167,41.9024,0.1712,34.118700323172334,7832.598679107966,42.053972046827305,41.885239689229515,42.00817915638815,41.533357191355734,-0.15157204682730452,0.01716031077048541,-0.10577915638815227,0.36904280864426653
DES,1330403,0.7765,43.29712,0.1202,69.21354038333227,14888.463311023426,43.42299498430624,43.270429448110505,43.380029073196454,42.75625392394947,-0.12587498430624322,0.02669055188949443,-0.08290907319645413,0.5408660760505271
DES,1249956,0.44628,42.36239,0.2387,17.550729066060768,9680.635653567004,41.9662451782539,41.79828825779755,41.921963593961166,41.455042788466045,0.39614482174609833,0.5641017422024461,0.44042640603883143,0.9073472115339527
DES,1257040,0.35177,41.25662,0.1129,78.45346258279783,5817.68061275164,41.35679412495246,41.19783926715903,41.326234160553035,40.90925382483293,-0.10017412495245992,0.0587807328409653,-0.06961416055303715,0.3473661751670676
DES,1253895,0.49276,41.89829,0.1467,46.466479778484995,7817.787745126247,42.22320465470296,42.053440635994185,42.174919945476475,41.68432636250998,-0.3249146547029582,-0.15515063599418255,-0.276629945476472,0.2139636374900249
DES,1266830,0.57039,42.39987,0.171,34.198556820902155,9849.175476201237,42.605818346575965,42.436349195163075,42.554329674759984,42.025427285296246,-0.2059483465759655,-0.03647919516307496,-0.154459674759984,0.3744427147037541
DES,1249245,0.36834,41.27058,0.1238,65.24672396198987,5855.201899673605,41.47379578685715,41.31270067066856,41.4402422312627,41.0143248901757,-0.20321578685715025,-0.04212067066855951,-0.16966223126269853,0.256255109824302
DES,1255399,0.38137,41.50847,0.1915,27.268575012441286,6533.108562655972,41.56244557992346,41.39984280221571,41.52672126283444,41.0938313127015,-0.053975579923459804,0.10862719778429408,-0.018251262834439785,0.41463868729850617
DES,1250532,0.5277,42.68565,0.182,30.18959062915107,11234.555008644229,42.40191474056161,42.23179885980612,42.351678052926744,41.84365621667423,0.2837352594383944,0.4538511401938834,0.33397194707325895,0.8419937833257691
DES,1250912,0.21898,40.34771,0.1788,31.27987227802552,3827.964266559933,40.17691617085205,40.04522383837427,40.18089316661777,39.838503828624084,0.1707938291479465,0.3024861616257297,0.16681683338222797,0.5092061713759151
DES,1249178,0.76517,43.48166,0.1567,40.725085716124156,16209.061686714827,43.383796894962124,43.229799353749925,43.339828624603,42.72102835818253,0.09786310503787377,0.25186064625007276,0.14183137539699686,0.7606316418174686
DES,1264512,0.36027,41.34945,0.1453,47.36622475557843,6071.7778715437835,41.4174319226499,41.25734752344185,41.385303256320114,40.963728598876784,-0.06798192264989922,0.0921024765581464,-0.0358532563201166,0.38572140112321307
DES,1504139,0.55644,42.4424,0.1139,77.08192498232897,10043.980827891304,42.540808910060974,42.371003800494464,42.489598079209266,41.96746975602861,-0.09840891006097507,0.07139619950553566,-0.04719807920926655,0.47493024397138583
DES,1432017,0.34579,41.43032,0.2147,21.693813943872463,6302.166532316214,41.31332053169286,41.15520090776481,41.2839065748205,40.870171005681335,0.11699946830714225,0.2751190922351938,0.14641342517950307,0.5601489943186664
DES,1408068,0.42713,41.89593,0.223,20.108990729755273,7809.295831195311,41.85308531822383,41.68634936591722,41.81095275077109,41.35395196272712,0.04284468177616674,0.20958063408277638,0.08497724922891337,0.5419780372728766
DES,1534078,0.61224,42.72037,0.1798,30.932899117917454,11415.62976191278,42.79224143828537,42.624465128207156,42.74064175805071,42.19169715983705,-0.07187143828537046,0.09590487179284679,-0.020271758050704136,0.5286728401629546
DES,1531112,0.3347,41.27318,0.1287,60.37302074598111,5862.216790772836,41.23083549143037,41.07435509068162,41.20364109332585,40.79595057933974,0.04234450856963434,0.19882490931838248,0.06953890667415408,0.4772294206602652
DES,1643063,0.57188,42.97779,0.2018,24.556002911359705,12852.389393422682,42.61267351665157,42.44324718503452,42.561162480165706,42.03153934038049,0.36511648334843017,0.5345428149654765,0.416627519834293,0.9462506596195084
DES,1446080,1.13057,44.5271,0.1585,39.80535182955348,26232.87410708948,44.429879971726535,44.342230510203294,44.43991065229166,43.67294877247317,0.09722002827346188,0.1848694897967036,0.08718934770833897,0.8541512275268275
DES,1370135,0.51615,42.52161,0.1875,28.444444444444443,10417.124989356867,42.34409348222523,42.174002853379704,42.29440630597226,41.79211147158398,0.1775165177747695,0.3476071466202981,0.2272036940277431,0.7294985284160234
DES,1502029,0.51797,42.23257,0.1223,66.85703091937108,9118.845867562919,42.353284424264366,42.183183950358156,42.30350448815203,41.80030499073395,-0.12071442426436363,0.04938604964184634,-0.07093448815202663,0.4322650092660538
DES,1647048,0.70882,43.11406,0.1312,58.09414039262343,13684.781735581793,43.18016435868272,43.01983086287936,43.13204803135332,42.53839113121446,-0.0661043586827148,0.09422913712064229,-0.017988031353318945,0.5756688687855416
DES,1309870,1.01382,44.17186,0.2347,18.15406227097516,22273.982548247866,44.1370864629774,44.02441765838266,44.12573088968938,43.40350587479962,0.034773537022601886,0.14744234161734227,0.04612911031062339,0.768354125200382
DES,1297064,0.65045,43.02514,0.1922,27.070310258239928,13135.719775191821,42.9522253976313,42.786835982287926,42.901413175914904,42.334527393006084,0.07291460236869796,0.23830401771207477,0.12372682408509661,0.6906126069939162
DES,1296321,0.18444,40.03362,0.1941,26.542934124949802,3312.4541457397477,39.760465230014525,39.639212042086164,39.776910677518416,39.45483711854037,0.2731547699854744,0.39440795791383465,0.2567093224815835,0.578782881459631
DES,1317612,0.10442,38.35683,0.1256,63.38999553734432,1530.3539014663568,38.41553917588759,38.32477246443451,38.46741416354057,38.1939682120685,-0.05870917588758573,0.0320575355654924,-0.11058416354056533,0.1628617879315044
DES,1291842,0.55763,42.4109,0.2467,16.4309131857914,9899.331666184737,42.546413850688126,42.3766327768176,42.49517444648872,41.97246641675787,-0.1355138506881275,0.03426722318239683,-0.0842744464887204,0.43843358324213
DES,1299712,0.73064,43.22599,0.1392,51.608534813053254,14408.66934223594,43.26079694959397,43.10275658518171,43.2141163035529,42.61064324500929,-0.03480694959396402,0.1232334148182943,0.01187369644710401,0.6153467549907106
DES,1299775,0.16008,39.12071,0.1843,29.440781193464503,2175.5440190627587,39.420793970780004,39.307850736342274,39.44701748737786,39.13951221757771,-0.30008397078000115,-0.1871407363422719,-0.32630748737786064,-0.018802217577707836
DES,1313230,0.21792,40.09856,0.0956,109.41685194586928,3413.0124700470137,40.16506816902368,40.03367370092928,40.169404416366255,39.827632713002046,-0.06650816902367751,0.06488629907072152,-0.07084441636625627,0.2709272869979529
DES,1293046,0.60736,42.93457,0.2045,23.911860880793398,12599.110213972737,42.771132833449926,42.603108035555366,42.71949216003976,42.172863281030246,0.16343716655007512,0.33146196444463527,0.21507783996023733,0.7617067189697551
DES,1318737,0.07374,37.36177,0.1858,28.967337588828343,967.78720276908,37.61475979536927,37.53826859785024,37.682900953923024,37.42870406840999,-0.2529897953692668,-0.1764985978502409,-0.32113095392302426,-0.06693406840999216
DES,1290127,0.45222,42.07392,0.2425,17.004995217345098,8476.369401131567,42.00043225719037,41.83215468648348,41.95554496127665,41.48556712791909,0.07348774280963255,0.24176531351652386,0.1183750387233502,0.588352872080911
DES,1304503,0.52971,42.28223,0.1351,54.7884863091791,9329.790140367539,42.41185615950129,42.2417448401452,42.36153326465152,41.852518197112175,-0.1296261595012922,0.04048515985479639,-0.07930326465152149,0.42971180288782307
DES,1304678,0.21883,40.10356,0.1106,81.75037359920734,3420.880276353318,40.17524278209294,40.04359251574753,40.17927052748385,39.83696856839692,-0.07168278209293533,0.05996748425247489,-0.07571052748384943,0.2665914316030822
DES,1310396,0.3225,41.21681,0.1051,90.53042682380334,5711.995742388875,41.13714048693909,40.98260163446296,41.1125321359603,40.71153348442869,0.07966951306091374,0.23420836553704305,0.10427786403970174,0.5052765155713104
DES,1301963,0.41527,41.74117,0.1185,71.21365877975396,7272.100548124448,41.78062577301925,41.61479299276943,41.73997815640601,41.28917088694091,-0.03945577301925596,0.1263770072305661,0.0011918435939861638,0.45199911305908813
DES,1305626,0.32572,41.14461,0.1054,90.01580677566982,5525.198370455236,41.16218214068399,41.00711658133989,41.1368763538634,40.73410721537854,-0.01757214068398838,0.13749341866010667,0.007733646136600214,0.41050278462145684
DES,1316701,0.36115,41.55013,0.1856,29.029800832342453,6659.657203597132,41.42363430983342,41.263436796351726,41.39134723480052,40.96929811876691,0.12649569016658546,0.28669320364827655,0.15878276519948287,0.5808318812330953
DES,1325191,0.7981,43.56898,0.3042,10.80641347672147,16874.14882176041,43.496220024406625,43.3465222941111,43.45531205329057,42.822125644346684,0.0727599755933781,0.2224577058889068,0.11366794670943392,0.7468543556533191
DES,1302346,0.53042,42.60237,0.1745,32.84045286984508,10811.846595377367,42.41535937726482,42.24525029751499,42.36500669232757,41.85564102299064,0.18701062273517977,0.3571197024850079,0.23736330767243174,0.7467289770093615
DES,1815065,0.13537,38.89598,0.1589,39.60519952901496,1961.6515919794983,39.02306081065291,38.91939601611792,39.060084320798964,38.76756489271747,-0.127080810652906,-0.023416016117920435,-0.16410432079896253,0.12841510728252814
DES,1928108,0.6508,43.88382,269.5857,1.3759615458538236e-05,19506.972649592342,42.953649261655066,42.78828522025209,42.90284796676319,42.33579938986763,0.930170738344934,1.0955347797479078,0.9809720332368101,1.5480206101323688
DES,1936125,0.8953,43.42454,0.1775,31.739734179726245,15788.24565257294,43.80362085731474,43.6688740536131,43.77416279048536,43.099774620438026,-0.37908085731474017,-0.2443340536131018,-0.3496227904853626,0.32476537956197404
DES,1896244,0.59156,43.15886,0.2089,22.91517192909771,13970.047251619091,42.70167447212503,42.53293632193318,42.64999736832136,42.11090453921766,0.45718552787496947,0.6259236780668189,0.5088626316786389,1.0479554607823403
DES,1922405,0.51619,42.47023,0.1651,36.68646390547219,10173.53480151954,42.34429580590408,42.17420493691151,42.29460656597232,41.79229183990073,0.12593419409591888,0.29602506308849286,0.17562343402767766,0.6779381600992735
DES,1331976,0.55939,43.47172,240.3901,1.73048103378863e-05,16135.033634436806,42.554682974631696,42.38493904209605,42.503402988964105,41.97983821156252,0.9170370253683018,1.0867809579039474,0.968317011035893,1.4918817884374747
DES,1339703,0.49272,42.04737,0.1427,49.10797813123518,8373.362151821002,42.22299337631182,42.05323023972737,42.174711405540116,41.68413795303401,-0.1756233763118189,-0.005860239727368821,-0.12734140554011475,0.3632320469659902
DES,1338849,0.62002,42.92772,0.1712,34.118700323172334,12559.428418807409,42.82556768523215,42.65821448083284,42.77406183582738,42.22143687316914,0.10215231476784936,0.26950551916716137,0.15365816417261868,0.7062831268308614
DES,1336925,0.64997,42.82085,0.1852,29.155334959812283,11956.274438166123,42.95027148719296,42.78484737422747,42.899444386969506,42.33278190956358,-0.12942148719295687,0.036002625772532326,-0.07859438696950605,0.4880680904364212
DES,1332632,0.6232,42.58487,0.1601,39.01371761325,10725.063570557184,42.83907580408778,42.67190497323775,42.78761827719141,42.233493053270294,-0.2542058040877748,-0.08703497323774911,-0.20274827719141086,0.3513769467297081
DES,1281879,0.50547,42.22901,0.195,26.298487836949374,9103.908309513408,42.28954251302932,42.11955455923031,42.24044687957759,41.74347761250473,-0.06053251302931528,0.10945544076969327,-0.011436879577587433,0.48553238749526884
DES,1331130,0.39189,41.95625,0.2528,15.64753244672328,8029.266540624521,41.63200509955671,41.468294650140294,41.594642756349735,41.156158340641525,0.3242449004432899,0.48795534985970335,0.361607243650262,0.8000916593584719
DES,1340700,0.3255,41.0611,0.1836,29.665703124629175,5316.745535366267,41.16047847688168,41.005448576041445,41.13521999899168,40.7325717276383,-0.09937847688167523,0.055651423958558155,-0.07411999899167654,0.32852827236170157
DES,1304145,0.33811,42.34314,197.6117,2.560794282053153e-05,9595.196543648326,41.25646259389012,41.09946555191171,41.22857255392496,40.81901944949203,1.086677406109878,1.243674448088285,1.1145674460750357,1.5241205505079662
DES,1246791,0.83066,43.27814,0.1841,29.504782872827597,14758.896088232323,43.60305834974876,43.458009997798456,43.56560133348144,42.91840656314649,-0.32491834974875644,-0.17986999779845547,-0.28746133348143843,0.3597334368535101
DES,1258330,0.52473,42.12443,0.1624,37.91647455652892,8675.846810200193,42.38716019932277,42.217042409950054,42.33705597600219,41.830503599484075,-0.26273019932277464,-0.09261240995005693,-0.2126259760021938,0.29392640051592167
DES,1254070,0.49252,42.16607,0.1272,61.80530833432221,8843.819599600285,42.221936744758125,42.052178035638086,42.1736684839544,41.68319568992395,-0.05586674475812714,0.11389196436191185,-0.007598483954403434,0.4828743100760491
DES,1263369,0.31251,41.06449,0.1108,81.4555122574255,5325.05226933001,41.05796015393764,40.90512151269399,41.03558456987446,40.6400984587964,0.006529846062356626,0.15936848730601127,0.028905430125540477,0.42439154120359746
DES,1249805,0.34273,40.60507,338.1609,8.744867199960106e-06,4309.628901632393,41.290806717933975,41.13312760541247,41.26199287988325,40.84992169805293,-0.6857367179339775,-0.5280576054124708,-0.656922879883254,-0.2448516980529334
DES,1255487,0.45012,41.90324,0.2107,22.52531789418011,7835.629183014518,41.98839373285122,41.82022643056425,41.94371733430094,41.474819193604475,-0.08515373285122507,0.08301356943574945,-0.040477334300945245,0.42842080639552194
DES,1260645,0.67405,43.05539,0.1608,38.674785277592136,13319.989272077151,43.04664229421278,42.8831005526863,42.99671169148793,42.418910778444506,0.00874770578722206,0.17228944731370177,0.05867830851207145,0.6364792215554971
DES,1251022,0.68428,42.91859,0.1182,71.5756081779427,12506.732903375303,43.08659629182583,42.92393975321592,43.03713717578672,42.45464349738605,-0.16800629182582583,-0.005349753215917019,-0.11854717578671625,0.46394650261395043
DES,1262573,0.23747,40.41081,0.1341,55.60866182760092,3940.8315828095665,40.375512876264835,40.23884564032025,40.373453032361155,40.02034856398219,0.03529712373516247,0.1719643596797482,0.037356967638842775,0.3904614360178087
DES,1263936,0.49523,42.19532,0.2213,20.41912708640088,8963.752880155347,42.23622025487478,42.06640393635233,42.18776872726771,41.69593288518549,-0.040900254874777886,0.12891606364767227,0.007551272732293057,0.49938711481451037
DES,1254889,0.60551,42.81646,0.1438,48.359547432011304,11932.127217347233,42.76308872212254,42.594973163885015,42.71143614317555,42.16568660867795,0.05337127787745999,0.221486836114984,0.10502385682445237,0.6507733913220477
DES,1248936,0.57093,42.73478,0.2163,21.374056896457017,11491.63636741152,42.608304712568255,42.43885092661236,42.556807773982044,42.02764411106412,0.1264752874317452,0.2959290733876401,0.1779722260179568,0.7071358889358805
DES,1260427,0.8175,43.47237,0.145,47.562425683709876,16139.864154805016,43.560373350057944,43.413399904519835,43.52147242119761,42.879913963092505,-0.0880033500579458,0.058970095480162854,-0.04910242119760966,0.5924560369074925
DES,1512101,0.56872,42.4688,0.1166,73.55342479456529,10166.837334175412,42.59811501018555,42.42859944374926,42.546653068173825,42.01855913696761,-0.12931501018555025,0.04020055625073837,-0.0778530681738232,0.4502408630323913
DES,1652139,0.78266,43.41133,0.1738,33.105523193067434,15692.490523346276,43.444075965801865,43.292310086705356,43.40167752335789,42.775208694081556,-0.032745965801865395,0.11901991329464323,0.009652476642109775,0.6361213059184436
DES,1385187,0.52212,42.3184,0.1739,33.067459932985486,9486.49702933254,42.374129522691774,42.204014838221624,42.32414673856633,41.81888753015559,-0.05572952269177733,0.11438516177837244,-0.005746738566330123,0.49951246984440445
DES,1387174,0.69842,42.95633,0.1275,61.51480199923107,12725.998715174273,43.14089388714578,42.97954206741396,43.09217258451393,42.5032305497827,-0.18456388714577798,-0.023212067413957982,-0.13584258451393083,0.4530994502173016
DES,1452065,0.64509,42.68781,0.14,51.0204081632653,11245.735768727218,42.93032865735076,42.76455843889434,42.87935733594905,42.31496810171459,-0.2425186573507645,-0.07674843889434158,-0.19154733594905338,0.37284189828540804
DES,1368530,0.34224,41.47595,0.1658,36.377340699987336,6435.9976233559555,41.287184406966375,41.129576664186075,41.25846753349478,40.84666312479753,0.18876559303362228,0.34637333581392227,0.21748246650521708,0.6292868752024674
DES,1638030,0.37136,41.43197,0.139,51.75715542673773,6306.957072793771,41.494596612408884,41.33313850209276,41.46052575764476,41.032988060374244,-0.06262661240888434,0.09883149790724133,-0.02855575764476015,0.3989819396257559
DES,1498017,0.62127,42.96494,5.294,0.03568059813242041,12776.558124945215,42.83088527681299,42.663603111218826,42.77939773615378,42.22618276832597,0.13405472318700618,0.30133688878117226,0.18554226384621586,0.738757231674029
DES,1546021,0.63706,42.5523,0.1894,27.876615868038787,10565.398326575803,42.897199435531036,42.73088631825087,42.846018967376835,42.28538215042542,-0.3448994355310333,-0.1785863182508649,-0.293718967376833,0.26691784957458253
DES,1490034,0.53002,42.70507,0.2078,23.15841933598327,11335.478956910933,42.4133862731073,42.24327589132737,42.36305032893031,41.85388216626215,0.2916837268926997,0.4617941086726276,0.34201967106968567,0.8511878337378462
DES,1581017,0.83813,43.80318,0.2422,17.047147637163054,18795.84586985577,43.62699687483564,43.4830682182686,43.59038832354068,42.94000948530068,0.17618312516435708,0.32011178173139854,0.21279167645931807,0.8631705146993198
DES,1380034,0.62935,43.70945,206.052,2.355300538988596e-05,18001.79762377231,42.86501605181245,42.69821327279591,42.813668205486834,42.256648174401526,0.8444339481875502,1.0112367272040856,0.8957817945131623,1.4528018255984705
DES,1294341,0.36798,41.50983,0.1471,46.21411647158917,6537.201550689158,41.47130575136365,41.310254456843836,41.43781443636401,41.012090423850424,0.03852424863634951,0.19957554315616477,0.07201556363599337,0.4977395761495771
DES,1305387,0.42467,42.18998,0.2967,11.359648868709607,8941.736651559826,41.83821000345893,41.67165200667854,41.79637561899312,41.340656337222995,0.35176999654106567,0.5183279933214564,0.393604381006881,0.8493236627770031
DES,1297532,0.86461,43.50443,0.2376,17.713611989706266,16379.923723742648,43.71021778340365,43.57041045665037,43.67678001228525,43.01520218592283,-0.20578778340365034,-0.06598045665037233,-0.17235001228524993,0.489227814077168
DES,1291159,0.53976,42.42586,0.1918,27.183338570656566,9967.766940405229,42.461040070844064,42.29099074307007,42.41032737905658,41.89636124828836,-0.035180070844063493,0.13486925692993168,0.015532620943417896,0.5294987517116425
DES,1298246,0.60946,42.58711,0.1502,44.326162542264996,10736.132805286656,42.78023600958317,42.61231653384965,42.72861127680668,42.18098519580309,-0.1931260095831675,-0.025206533849647883,-0.1415012768066788,0.40612480419691366
DES,1306141,0.33239,41.05229,0.1308,58.4499995324,5295.218374028798,41.213338474839304,41.05721447594013,41.1866220194311,40.780195200806304,-0.16104847483930484,-0.004924475940129014,-0.13433201943109907,0.2720947991936953
DES,1324790,0.35723,41.28873,0.1998,25.05007510012515,5904.347025688225,41.39589768199319,41.236209544675106,41.36432199641141,40.94438809136395,-0.10716768199318949,0.052520455324895465,-0.07559199641141134,0.3443419086360535
DES,1324544,0.52973,42.3084,0.2167,21.295222267817657,9442.910534686791,42.41195490177082,42.241843641018214,42.361631163045075,41.85260621767688,-0.1035549017708206,0.06655635898178502,-0.05323116304507636,0.45579378232311996
DES,1297157,0.54888,42.49308,0.1612,38.48308899137363,10281.154251353388,42.50493629560255,42.33499892889904,42.453928523781535,41.93549113551579,-0.011856295602548528,0.15808107110095904,0.039151476218464154,0.5575888644842095
DES,1311755,0.471,42.02791,0.1528,42.83051451440476,8298.658153189466,42.10584343237275,41.936727610820455,42.05922521570723,41.57964375176393,-0.07793343237275252,0.09118238917954358,-0.03131521570723095,0.44826624823606664
DES,1309509,0.96296,44.11193,0.212,22.249911000356,21667.65315761883,43.998944305765036,43.87634141875961,43.97932325686459,43.277315580078806,0.11298569423496474,0.2355885812403926,0.13260674313541188,0.8346144199211949
DES,1302359,0.25308,40.46937,0.1693,34.88880414786014,4048.5534289389416,40.53238948996332,40.39183963094629,40.525563354849155,40.1634980093509,-0.06301948996332385,0.07753036905370436,-0.05619335484915666,0.305871990649095
DES,1311884,0.68136,42.92828,0.1595,39.30778982124782,12562.667781585542,43.07525035000756,42.91233605537028,43.02565125936269,42.444494694567254,-0.14697035000755676,0.015943944629718487,-0.09737125936268853,0.4837853054327468
DES,1311590,0.5591,42.46451,0.1396,51.31320760913293,10146.771375097032,42.55332212969062,42.383571946733404,42.502048693184,41.978625032459306,-0.08881212969062346,0.08093805326659265,-0.037538693184004046,0.48588496754069155
DES,1321006,0.30244,41.1294,0.118,71.81844297615628,5486.6325423417375,40.97575644117751,40.824734465979226,40.955738781459,40.56583961031181,0.1536435588224876,0.3046655340207707,0.17366121854099958,0.5635603896881847
DES,1316831,0.43848,41.96879,0.1349,54.95106333055099,8075.768762009294,41.92070704657863,41.753212616336285,41.87726428248602,41.414372086038654,0.048082953421371144,0.21557738366371382,0.09152571751398142,0.5544179139613448
DES,1905127,0.66579,43.29871,0.1532,42.60714845693951,14899.368964485651,43.01395889191591,42.849739212035374,42.963686611066436,42.3896917694353,0.28475110808408743,0.4489707879646261,0.3350233889335641,0.9090182305646977
DES,1891055,0.70652,43.36649,0.1779,31.59716396495116,15371.769905875466,43.1715271679033,43.010964246403226,43.123272566954924,42.53065635133015,0.1949628320966994,0.35552575359677263,0.24321743304507493,0.8358336486698477
DES,1864084,0.60535,42.74226,0.144,48.22530864197532,11531.289488114367,42.76239192592402,42.5942686074495,42.710738411637024,42.16506496631547,-0.020131925924019356,0.14799139255050164,0.03152158836297758,0.5771950336845322
DES,1904061,0.62336,42.88673,0.1476,45.90154302627037,12324.572815837038,42.83975373445173,42.67259222317785,42.788298790623735,42.234098143811345,0.04697626554826684,0.21413777682214885,0.09843120937626537,0.6526318561886555
DES,1776329,0.42445,41.57869,0.2269,19.42365735425313,6747.825996046269,41.836875811717505,41.6703339673185,41.795068342988735,41.339463747650484,-0.2581858117175031,-0.09164396731849678,-0.21637834298873315,0.23922625234951767
DES,1901059,0.25126,40.41245,0.1417,49.80354989742959,3943.8090118351265,40.51456466662735,40.37445285866013,40.50827901298625,40.14725445177548,-0.10211466662735091,0.03799714133987209,-0.09582901298625046,0.2651955482245185
DES,1912270,0.86642,43.98461,468.0108,4.56549897614613e-06,20433.740562703573,43.71581538185599,43.57629821641143,43.68260341324127,43.02026506822173,0.26879461814401395,0.408311783588573,0.30200658675873626,0.9643449317782711
DES,1929034,0.60827,42.60951,0.1606,38.77117099792342,10847.455446904289,42.775081185174805,42.607101727592116,42.72344710321407,42.17638597642754,-0.16557118517480518,0.0024082724078837714,-0.11393710321407013,0.4331240235724607
DES,1336454,0.29256,41.88914,30.5834,0.001069124963502121,7784.914999828506,40.892622813309416,40.7434856712754,40.875025416594454,40.490637551308524,0.996517186690582,1.1456543287245964,1.0141145834055436,1.3985024486914739
DES,1330533,0.36444,41.57902,0.1242,64.8271319698891,6748.8515452451675,41.44670022191404,41.28608611979048,41.41382750259562,40.99000652719144,0.1323197780859573,0.2929338802095174,0.16519249740437658,0.5890134728085599
DES,1346628,0.53191,42.36618,0.1998,25.05007510012515,9697.546596520257,42.4226969660938,42.25259364985952,42.37228288310108,41.86218185256202,-0.05651696609380252,0.11358635014047991,-0.00610288310107876,0.5039981474379829
DES,1341502,0.51064,42.37881,0.1573,40.41499735887993,9754.115078184175,42.3160825804173,42.14603529354777,42.26669046673765,41.76713957604747,0.0627274195826999,0.23277470645223275,0.11211953326235147,0.6116704239525319
DES,1336150,0.3481,41.72694,0.2574,15.093255186495277,7224.601135783968,41.33019521097199,41.17174894128025,41.300334382103955,40.88534416912504,0.3967447890280056,0.5551910587197497,0.426605617896044,0.841595830874958
DES,1332614,0.51856,42.58745,0.1742,32.9536631951081,10737.81395533295,42.356257434550955,42.18615424308139,42.30644792641332,41.80295533831933,0.23119256544904232,0.4012957569186071,0.28100207358667717,0.7844946616806681
DES,1285317,0.56441,42.44977,0.1616,38.29281442995785,10078.128118901943,42.57813533812722,42.40850772687334,42.526750546133094,42.00074623437144,-0.1283653381272174,0.04126227312666231,-0.07698054613309324,0.44902376562856006
DES,1288083,0.23048,40.25625,0.1114,80.58043700382596,3670.082906989362,40.30216640933658,40.167331210219174,40.30233809809745,39.953271437517,-0.045916409336577146,0.08891878978082701,-0.046088098097449404,0.30297856248299837
DES,1256332,0.47803,42.08767,0.1559,41.144119209325225,8530.212987975512,42.144300968833605,41.97493848154889,42.09710524369244,41.613952644525696,-0.05663096883360197,0.11273151845111329,-0.009435243692436757,0.4737173554743066
DES,1266634,0.4982,42.3334,0.2311,18.724063661067486,9552.2542853035,42.251790774118675,42.08191720624511,42.20314458234578,41.709817085132244,0.0816092258813228,0.2514827937548887,0.13025541765421877,0.6235829148677539
DES,1260159,0.43034,41.92619,0.2046,23.888492339916045,7918.882063862571,41.87237707940663,41.70541622381069,41.82986307470681,41.371192548304165,0.05381292059336573,0.22077377618931138,0.09632692529319087,0.5549974516958329
DES,1253180,0.46154,41.99253,0.1324,57.04584660600032,8164.54289447006,42.05324244399958,41.884515886537436,42.007461532929625,41.53270604645736,-0.060712443999577204,0.10801411346256629,-0.014931532929622904,0.4598239535426387
DES,1249395,0.55513,42.57116,0.1529,42.77450861713863,10657.562177517495,42.53462574966595,42.36479518826478,42.48344743517343,41.9619576763652,0.03653425033405,0.20636481173522014,0.08771256482656753,0.609202323634797
DES,1251618,0.82172,43.89282,0.1877,28.383859915433124,19587.990064135152,43.57413315278955,43.42777034966148,43.535688098444105,42.89231849874713,0.3186868472104507,0.4650496503385213,0.3571319015558956,1.0005015012528702
DES,1249483,0.28303,40.69138,0.1073,86.85614624490479,4484.374507501681,40.809953704076534,40.66273274501983,40.794793117123206,40.41574950835267,-0.11857370407653178,0.02864725498017151,-0.10341311712320334,0.275630491647334
DES,1264963,0.55214,42.62838,0.2216,20.363878064356374,10942.13012258681,42.52046162700092,42.350576943913445,42.469361712477706,41.94933101299327,0.10791837299908025,0.27780305608655453,0.15901828752229363,0.6790489870067304
DES,1250397,0.64304,42.83351,0.1294,59.72160178113707,12026.184853165567,42.92190832662915,42.75599634773565,42.87088026512396,42.30744759585609,-0.0883983266291537,0.07751365226434359,-0.03737026512396113,0.5260624041439073
DES,1252142,0.55288,42.56999,0.1367,53.513452479251505,10651.821377393384,42.52397381371368,42.35410200982197,42.47285395281953,41.952461944490594,0.046016186286315985,0.2158879901780253,0.09713604718047009,0.6175280555094034
DES,1256819,0.58576,42.72917,0.1696,34.765485938056244,11461.986036718787,42.675737678051846,42.506773266919296,42.62408478417207,42.08777319292553,0.053432321948157835,0.22239673308070707,0.10508521582793406,0.6413968070744716
DES,1547048,0.54454,42.22792,0.1494,44.802144768274346,9099.33962612918,42.48413296787601,42.31413577865763,42.43325872818555,41.916946550927264,-0.2562129678760101,-0.08621577865763186,-0.2053387281855521,0.3109734490727334
DES,1389074,0.50285,42.23163,0.1639,37.22563312426177,9114.899301141944,42.27599601956396,42.10604509681261,42.22705795254667,41.731399570394345,-0.04436601956395947,0.12558490318739501,0.004572047453329731,0.5002304296056579
DES,1367571,0.43311,41.75842,0.1381,52.43395811890029,7330.09958753458,41.888917776208906,41.72176945684572,41.84608154602056,41.385972398682455,-0.13049777620890524,0.03665054315428051,-0.08766154602055565,0.3724476013175462
DES,1656029,0.2348,40.97115,111.2664,8.077406256549075e-05,5101.00647790242,40.34773396700749,40.211759612663734,40.346519322354126,39.99495534125314,0.6234160329925089,0.7593903873362677,0.6246306776458752,0.9761946587468628
DES,1432141,0.56489,42.83606,0.1951,26.271535763047563,12040.315718733333,42.58036752846458,42.410751840994884,42.52897355982296,42.00273630659551,0.2556924715354256,0.42530815900511953,0.307086440177045,0.8333236934044947
DES,1431072,0.42267,42.10023,0.2309,18.75651437189779,8579.695507445917,41.82605741078835,41.659647693305416,41.78446922269493,41.32979302957922,0.274172589211652,0.4405823066945871,0.3157607773050728,0.7704369704207821
DES,1411114,0.83706,43.66835,0.1415,49.94443681404439,17664.27735061082,43.62358065907678,43.47949043618095,43.58684930843641,42.9369258797084,0.04476934092321727,0.18885956381904379,0.08150069156358342,0.7314241202915994
DES,1532056,0.47273,42.13967,0.1914,27.29707626475544,8736.950497390768,42.11535660626009,41.946176739039615,42.06859276127314,41.58813128549082,0.024313393739909372,0.19349326096038766,0.07107723872686478,0.551538714509185
DES,1575072,0.59028,42.72133,0.1389,51.831706595221846,11420.677685776931,42.6959711480677,42.52718140088518,42.644297631562196,42.10581790446537,0.02535885193230314,0.1941485991148184,0.07703236843780559,0.6155120955346334
DES,1402076,0.89611,44.02033,200.7308,2.4818296522169224e-05,20772.64862947341,43.806043518019706,43.671434240958106,43.77669474930266,43.10197090172946,0.2142864819802952,0.34889575904189485,0.24363525069733782,0.9183590982705425
DES,1430255,0.65806,42.82157,0.1541,42.110919319268575,11960.23946433377,42.98302152334551,42.81819773082283,42.932461622498124,42.36204248521029,-0.16145152334551227,0.0033722691771700397,-0.1108916224981229,0.45952751478971265
DES,1642158,0.687,43.16049,0.1535,42.44076860231939,13980.53770296842,43.09712368811704,42.934710875266546,43.047798803739205,42.464061289545086,0.06336631188296593,0.22577912473345663,0.11269119626079771,0.6964287104549172
DES,1431163,0.36711,41.41436,0.1144,76.40960438163235,6256.016349690063,41.465278893358715,41.304333986980126,41.431938500882126,41.00668185188286,-0.05091889335871258,0.11002601301987625,-0.01757850088212365,0.4076781481171423
DES,1309288,0.26793,40.59362,0.1009,98.22401164543882,4286.964380410152,40.6735781852216,40.529595414047066,40.66248919785714,40.2919706576541,-0.07995818522159936,0.06402458595293581,-0.06886919785713985,0.3016493423459039
DES,1315950,0.35948,41.45362,0.1031,94.07682878299393,6370.153170066276,41.41185198203992,41.251869736944585,41.37986615920919,40.95871762577475,0.04176801796008078,0.2017502630554162,0.0737538407908076,0.49490237422524785
DES,1295509,0.68363,42.92092,0.1719,33.841394184221045,12520.159888299057,43.08407465075998,42.92136038555109,43.03458400539382,42.45238780900643,-0.16315465075997793,-0.0004403855510872745,-0.11366400539381516,0.4685321909935709
DES,1300470,0.51413,42.57387,0.2371,17.788400219793473,10670.871130122287,42.333857056486025,42.16377994806318,42.284275560910004,41.7829857818639,0.24001294351397462,0.4100900519368196,0.2895944390899956,0.7908842181360995
DES,1319870,0.26767,42.34894,219.2544,2.080191727271943e-05,9620.85955890133,40.67116872744528,40.52724392046913,40.66015214657405,40.289781014941354,1.6777712725547218,1.8216960795308665,1.68878785342595,2.0591589850586445
DES,1290967,0.2811,40.48691,0.2756,13.165627810861539,4081.3879230278794,40.792900842503144,40.646079852265636,40.778246163235565,40.40028825627527,-0.30599084250314235,-0.1591698522656344,-0.2913361632355631,0.0866217437247343
DES,1306110,0.60864,42.60705,0.1301,59.080669336719055,10835.173627990587,42.77668496477267,42.60872407323575,42.72505370120473,42.17781688083864,-0.16963496477266915,-0.0016740732357476418,-0.11800370120472792,0.42923311916135987
DES,1291222,0.57106,42.39885,0.2457,16.564933129849695,9844.550135426376,42.60890295215273,42.43945289129978,42.5574040508438,42.0281774992778,-0.21005295215272923,-0.0406028912997769,-0.15855405084379726,0.3706725007222005
DES,1293006,0.50436,42.18793,0.2015,24.62917695447912,8933.29910006053,42.28381136002899,42.113838520680865,42.23478187821168,41.738367772496744,-0.09588136002899006,0.07409147931913651,-0.046851878211676024,0.44956222750325736
DES,1298266,0.4893,42.23885,0.2566,15.187514162356958,9145.256168780954,42.204869764254184,42.0351862106836,42.15682630287254,41.66797552804945,0.033980235745815435,0.20366378931640128,0.08202369712746105,0.5708744719505461
DES,1305486,0.89888,43.64144,0.1467,46.466479778484995,17446.7233689183,43.81431228947378,43.68017482363513,43.78533891169227,43.109468064727395,-0.17287228947377997,-0.03873482363512437,-0.14389891169226843,0.5319719352726082
DES,1291149,0.23057,42.30845,238.612,1.7563676855414718e-05,9443.127968240398,40.30312372497875,40.16826456431811,40.30326629339958,39.95414754407797,2.005326275021254,2.140185435681893,2.0051837066004197,2.3543024559220314
DES,1315192,0.22714,40.14119,0.1618,38.198205906664974,3480.6782148117736,40.26639366447515,40.132454637185944,40.26765325304456,39.920521510328214,-0.1252036644751513,0.008735362814057623,-0.1264632530445553,0.22066848967178743
DES,1321973,0.37043,41.29234,0.1464,46.657111290274415,5914.170968176396,41.488207709748394,41.326860504006696,41.45429523752492,41.027256247108454,-0.1958677097483914,-0.03452050400669293,-0.16195523752491425,0.26508375289154884
DES,1295527,0.88491,43.55987,0.2039,24.052794922743626,16803.504826148353,43.772353851758936,43.63586079560602,43.74151297192042,43.071441598715076,-0.21248385175893958,-0.07599079560602462,-0.1816429719204251,0.4884284012849207
DES,1316626,0.61601,42.83136,0.1934,26.735423045293018,12014.283480974647,42.80844019266821,42.64086479736186,42.756881635083154,42.206151860192165,0.02291980733178889,0.19049520263813946,0.07447836491684257,0.6252081398078317
DES,1246334,0.60861,41.73631,111.8637,7.991377381998853e-05,7255.842967391903,42.77655496287788,42.608592563168884,42.72492346781574,42.17770089167975,-1.0402449628778783,-0.8722825631688806,-0.988613467815739,-0.4413908916797453
DES,1324938,0.19847,40.74201,192.8023,2.6901443175957055e-05,4590.160538763072,39.93766295957768,39.81198448214157,39.948851542120686,39.61847818974016,0.8043470404223214,0.9300255178584322,0.7931584578793149,1.1235318102598413
DES,1876308,0.42147,41.98488,0.1585,39.80535182955348,8135.8301821834175,41.81874031109044,41.652421117028766,41.77730147051548,41.32325165388126,0.16613968890955988,0.33245888297123116,0.20757852948451472,0.6616283461187393
DES,1878612,0.64488,42.49207,0.1502,44.326162542264996,10276.373370317875,42.92946725420035,42.76368241479049,42.878490015458276,42.31419872678062,-0.4373972542003486,-0.27161241479048925,-0.38642001545827753,0.177871273219381
DES,1770639,0.17623,40.67369,121.9264,6.726737772718904e-05,4447.990746244707,39.65089589309219,39.53235318815858,39.67054314545339,39.353357020062624,1.02279410690781,1.1413368118414198,1.003146854546614,1.3203329799373762
DES,1879649,0.11979,39.18096,194.6456,2.6394340699060142e-05,2236.752209679597,38.7357264578293,38.63837190703484,38.78003679980473,38.497076131052566,0.44523354217069766,0.5425880929651612,0.4009232001952654,0.6838838689474329
DES,1895036,0.45194,41.91153,0.1111,81.01620243032404,7865.600329319672,41.99883011858154,41.830567055640785,41.953970738147355,41.48413679599854,-0.0873001185815383,0.08096294435921436,-0.04244073814735572,0.4273932040014614
DES,1780122,0.50987,41.87859,0.2096,22.762368160363614,7747.1840753649585,42.312145732593535,42.14210613230946,42.26279656629062,41.76362974262893,-0.43355573259353264,-0.26351613230945503,-0.3842065662906151,0.11496025737107374
DES,1289664,0.25907,40.23541,0.1301,59.080669336719055,3635.0289587737925,40.590233814503435,40.44826910412243,40.58165681294686,40.21617340325041,-0.35482381450343325,-0.2128591041224297,-0.346246812946859,0.019236596749593105
DES,1335472,0.50597,42.23548,0.1033,93.712895550418,9131.07426600079,42.29212028114302,42.12212579425527,42.24299513895272,41.74577590167381,-0.056640281143018,0.11335420574473432,-0.007515138952719269,0.4897040983261931
DES,1339176,0.92537,44.62596,0.341,8.599857242369774,27454.774125409956,43.89215321178965,43.76264287825459,43.86689372838775,43.18012646822282,0.7338067882103516,0.8633171217454105,0.759066271612248,1.4458335317771827
DES,1315570,0.61273,42.81293,0.128,61.03515625,11912.745809856053,42.79435216525797,42.626601529418735,42.74275736563618,42.19358055423187,0.01857783474203245,0.186328470581266,0.07017263436382137,0.6193494457681297
DES,1346758,0.4965,42.33009,0.1821,30.15644257715752,9537.704767668936,42.24288897130277,42.07304742103101,42.194353413960016,41.70187944929387,0.08720102869722979,0.25704257896898497,0.1357365860399824,0.6282105507061289
DES,1308916,0.43769,42.0173,0.1999,25.02501876250782,8258.209098602645,41.916053097847524,41.748608159491496,41.87269806891617,41.41021480929714,0.10124690215247512,0.26869184050850237,0.14460193108382668,0.6070851907028612
DES,1329168,0.67651,42.84811,0.1619,38.151033072749065,12107.315928678192,43.05630246418865,42.89296901510463,43.00648039190343,42.42754889207348,-0.20819246418864878,-0.044859015104634636,-0.15837039190343205,0.4205611079265168
DES,1280039,0.42569,41.78831,0.2756,13.165627810861539,7431.694954429196,41.844387462586454,41.67775508781181,41.80242882156344,41.346177983860414,-0.05607746258645108,0.11055491218819213,-0.014118821563435802,0.4421320161395883
DES,1253761,0.89441,44.18718,0.211,22.46131039284832,22431.683830816597,43.800956452772,43.666058769757264,43.77137854062595,43.097359344228465,0.3862235472279991,0.5211212302427342,0.41580145937404467,1.0898206557715326
DES,1280113,0.8086,43.79852,0.1691,34.971381170219345,18755.553059528906,43.53112704437776,43.38288673005607,43.49128711302775,42.85356003944027,0.26739295562224186,0.4156332699439318,0.30723288697225115,0.9449599605597356
DES,1249371,0.45085,42.24385,0.2742,13.300412153171802,9166.338161533393,41.99258444571049,41.824378429654004,41.94783433424246,41.47856073868742,0.25126555428951036,0.4194715703459977,0.2960156657575439,0.7652892613125815
DES,1256933,0.35284,41.51424,0.1552,41.516101604846426,6550.491313303611,41.36450106210748,41.20540030841575,41.33373975342175,40.91617992593882,0.14973893789252202,0.30883969158425373,0.18050024657824792,0.5980600740611806
DES,1255382,0.58055,42.52955,0.1641,37.13494952060637,10455.284983887223,42.652232334623086,42.483081283155485,42.60061870816533,42.06681227876493,-0.12268233462308586,0.046468716844515257,-0.07106870816532762,0.4627377212350723
DES,1263244,0.45799,42.5259,0.329,9.238643397603495,10437.725591856248,42.0332446133363,41.86468134339398,41.9877959708752,41.514857586012,0.49265538666369935,0.6612186566060174,0.5381040291248027,1.011042413988001
DES,1264083,0.5939,42.73246,0.1523,43.112200795937454,11479.365265442815,42.712070874394556,42.54342947198545,42.660389768949216,42.120177118494645,0.02038912560544759,0.18903052801455544,0.07207023105078747,0.612282881505358
DES,1261191,0.66147,42.92792,0.0409,597.7965220198349,12560.585238186233,42.99671152290479,42.83215058192952,42.94627464003315,42.3742764663569,-0.06879152290478885,0.095769418070482,-0.018354640033152236,0.5536435336430969
DES,1257934,0.29648,40.82165,0.1308,58.4499995324,4761.6325140815,40.92591117678515,40.77601392841367,40.90734071290451,40.52076262927531,-0.10426117678515112,0.04563607158632976,-0.08569071290450836,0.30088737072468774
DES,1252918,0.83583,43.68398,0.1535,42.44076860231939,17791.88140542013,43.619648368925255,43.47537290659662,43.58277637739155,42.933376735366856,0.06433163107474371,0.2086070934033799,0.10120362260844473,0.750603264633142
DES,1255576,0.2801,40.7781,0.1056,89.67516069788797,4667.086767149189,40.78402281665634,40.637410655089,40.76963192356024,40.39223700735481,-0.005922816656337204,0.14068934491100293,0.008468076439761774,0.38586299264519397
DES,1259561,0.56751,42.47441,0.1305,58.7190440539628,10193.137321637592,42.59252026400752,42.42297211245398,42.54107879073187,42.01357105009765,-0.11811026400751956,0.05143788754602241,-0.0666687907318746,0.460838949902346
DES,1257602,0.52211,42.36599,0.1275,61.51480199923107,9696.698115444271,42.374079479801665,42.20396481586387,42.32409717004553,41.81884291958945,-0.008089479801668631,0.16202518413612665,0.041892829954463195,0.5471470804105465
DES,1258061,0.45831,42.11684,0.1687,35.13741716793121,8645.574849117951,42.03505312119091,41.86647474384673,41.989574120178624,41.51647180359227,0.08178687880909052,0.2503652561532732,0.1272658798213797,0.6003681964077359
DES,1254670,0.50495,41.93976,0.1522,43.168871444827595,7968.523817367037,42.28685911097695,42.11687813285609,42.23779435714921,41.74108512660053,-0.34709911097694857,-0.17711813285608713,-0.2980343571492128,0.19867487339946877
DES,1252671,0.98536,43.86467,0.1246,64.41157450229176,19335.698923861804,44.060650453854564,43.942342934201044,44.044583151338486,43.33361492099045,-0.19598045385456686,-0.07767293420104693,-0.17991315133848929,0.5310550790095476
DES,1256764,0.55649,42.29948,0.1516,43.51125375067007,9404.200396724485,42.54104463795552,42.37124052077074,42.48983258808152,41.96767990052316,-0.24156463795551986,-0.07176052077073791,-0.19035258808151667,0.33180009947684397
DES,1253475,0.45412,42.18464,0.2443,16.755333096859733,8919.774497895683,42.01127967964693,41.84290524141478,41.966204612221375,41.495250924801184,0.17336032035306914,0.3417347585852184,0.21843538777862648,0.6893890751988181
DES,1257973,0.67746,42.99288,0.1796,31.001830348063745,12942.014291141742,43.060024070273954,42.89677183777435,43.01024473548521,42.43087698707429,-0.06714407027395453,0.09610816222564722,-0.017364735485209337,0.5620030129257074
DES,1519027,0.51404,42.58931,0.2433,16.89335008477928,10747.015495301805,42.33340010510721,42.163323662744396,42.28382338502511,41.78257840966056,0.25590989489278826,0.4259863372556012,0.30548661497488894,0.8067315903394388
DES,1578103,0.16008,39.39296,0.1643,37.04459687884454,2466.140838621464,39.420793970780004,39.307850736342274,39.44701748737786,39.13951221757771,-0.027833970780001493,0.08510926365772775,-0.05405748737786098,0.2534477824222918
DES,1559124,0.65253,42.81356,0.1429,48.970613224709986,11916.202505245643,42.96067656230322,42.79543885084691,42.9099302408175,42.34207740428619,-0.1471165623032178,0.018121149153095928,-0.09637024081749956,0.471482595713816
DES,1391191,0.65069,43.3449,0.1943,26.488319048624344,15219.692396761373,42.95320183984788,42.787829817092216,42.90239710373277,42.33539968766843,0.39169816015212433,0.5570701829077862,0.4425028962672357,1.009500312331575
DES,1530120,0.40467,41.66284,183.6521,2.9648873870831747e-05,7014.454057180511,41.714227520293534,41.549299876731695,41.675009629452965,41.22977052425314,-0.051387520293531,0.11354012326830798,-0.012169629452962738,0.43306947574686205
DES,1480038,0.33423,41.22336,0.1221,67.07623415240123,5729.251340766612,41.22728450676547,41.07087619940921,41.20018691263426,40.79275338700451,-0.003924506765471847,0.1524838005907867,0.023173087365741196,0.43060661299548997
DES,1702096,0.38809,41.8912,0.2693,13.788826059336905,7792.303780855837,41.60707986079939,41.4437583806377,41.57029754729034,41.13383035945106,0.28412013920060986,0.4474416193622943,0.3209024527096602,0.7573696405489372
DES,1620051,0.38251,41.39445,0.2292,19.03578422862434,6198.917765361632,41.57006826564905,41.40734077208911,41.53416154577916,41.1006638469745,-0.17561826564904948,-0.012890772089107827,-0.13971154577916423,0.2937861530255006
DES,1702083,0.38884,41.61793,0.1517,43.45390778820044,6870.872270041525,41.612017086974234,41.448617843749105,41.575119255335956,41.13825360980256,0.005912913025767352,0.16931215625089635,0.04281074466404533,0.47967639019744013
DES,1370402,0.64766,42.86987,0.1476,45.90154302627037,12229.251457907845,42.94084910373605,42.775259645016234,42.88995213324854,42.32436504501709,-0.07097910373605032,0.09461035498376447,-0.020082133248543244,0.5455049549829099
DES,1433114,0.68438,43.04141,0.2285,19.152593500567395,13234.510262619728,43.08698403401574,42.92433639414075,43.03752978743823,42.454990350859916,-0.04557403401574334,0.11707360585924675,0.0038802125617678485,0.5864196491400833
DES,1504096,0.50582,42.42192,0.2296,18.96951523024439,9949.697452661489,42.291347200192455,42.12135465530042,42.24223089177557,41.7450866388778,0.13057279980754544,0.30056534469957796,0.17968910822443007,0.676833361122199
DES,1301332,0.46754,42.17763,0.1619,38.151033072749065,8891.025893546064,42.086719321672405,41.917738188310835,42.0403992852449,41.562580197287495,0.09091067832759592,0.2598918116891653,0.1372307147550984,0.6150498027125053
DES,1314296,0.70426,43.20803,0.1571,40.517965463296605,14289.988360649,43.16301398035482,43.002227947845626,43.11462597961088,42.52303346875418,0.04501601964518187,0.2058020521543753,0.09340402038912288,0.6849965312458224
DES,1302073,0.58845,42.64079,0.199,25.2518875785965,11004.843607106333,42.68779691344032,42.51893503208151,42.636130249496404,42.098527743389184,-0.047006913440320375,0.1218549679184946,0.004659750503599014,0.5422622566108188
DES,1296671,0.64852,42.94256,0.1422,49.45392970816248,12645.554424362886,42.94436072383418,42.77883250535123,42.8934894300084,42.32750183884436,-0.0018007238341795073,0.1637274946487679,0.0490705699915992,0.6150581611556376
DES,1319711,0.24171,40.38161,0.0839,142.06139609416397,3888.1935460551913,40.41904105116391,40.281290922469694,40.41565713831645,40.06011103982824,-0.03743105116390666,0.10031907753030822,-0.03404713831644557,0.32149896017175905
DES,1291511,0.37228,41.39484,0.1739,33.067459932985486,6200.031201125951,41.500902335780125,41.33933528048694,41.46667560339453,41.03864480399548,-0.10606233578012336,0.0555047195130598,-0.07183560339452555,0.35619519600452065
DES,1936215,0.61011,42.72967,0.1579,40.10843717073479,11464.625560411929,42.783047658831435,42.61516127621112,42.731428381280665,42.18349385190578,-0.05337765883143675,0.11450872378888022,-0.001758381280666299,0.5461761480942187
DES,1904300,0.91082,44.00974,0.2397,17.404595404943148,20671.58964031241,43.84967195828238,43.717594571930704,43.822345057493266,43.14154660094684,0.16006804171762212,0.292145428069297,0.18739494250673516,0.8681933990531618
DES,1770442,0.34578,41.29105,0.1427,49.10797813123518,5910.65859803874,41.313247256020034,41.15512905714835,41.283835245152794,40.87010511074586,-0.02219725602003564,0.1359209428516479,0.007214754847204574,0.4209448892541374
DES,1950043,0.68828,43.13319,0.161,38.57875853555032,13805.873033401196,43.10206401766497,42.93976710311547,43.05280357823236,42.4684812941465,0.031125982335026947,0.19342289688452752,0.08038642176764199,0.6647087058534993
DES,1920362,0.39835,41.44377,0.186,28.905075731298414,6341.323002788333,41.67387089755225,41.509527779487414,41.63555240404992,41.193647965753215,-0.23010089755224783,-0.0657577794874129,-0.19178240404991698,0.25012203424678603
DES,1898053,0.81485,43.63286,0.1297,59.44564557673868,17377.923259365354,43.55169752180774,43.404343872595874,43.51251380480163,42.87209449292588,0.08116247819226174,0.2285161274041272,0.12034619519837264,0.7607655070741188
DES,1968046,0.27255,40.77936,0.115,75.61436672967864,4669.795636819217,40.71603796674639,40.5710377681619,40.70367544605814,40.33054107603134,0.06332203325360553,0.20832223183809617,0.07568455394185492,0.4488189239686591
DES,1848198,0.36021,42.56591,232.3702,1.8519921283191394e-05,10631.82635999388,41.41700852503847,41.256931864157714,41.38489068646105,40.96334838657043,1.1489014749615336,1.3089781358422883,1.181019313538954,1.6025616134295717
DES,1945100,0.6646,43.52627,222.1539,2.0262457469779194e-05,16545.49920420633,43.00921851968454,42.84490391736425,42.95889992481294,42.38545467329596,0.5170514803154589,0.6813660826357477,0.567370075187057,1.1408153267040362
DES,1833339,0.13051,38.87889,0.1062,88.66474441500775,1946.2735251827453,38.93691042054966,38.83517504709014,38.9761665384943,38.68661964255564,-0.058020420549659946,0.04371495290985905,-0.09727653849429885,0.1922703574443574
DES,1773339,0.28417,41.9664,6.4634,0.02393745264651227,8066.885172505773,40.81997626282974,40.67252094774405,40.80451882432966,40.42483445820027,1.1464237371702595,1.293879052255953,1.161881175670338,1.5415655417997272
DES,1910032,0.66455,43.06804,0.1832,29.795389103945386,13397.811865419246,43.00901916779574,42.844700592380995,42.958698643108264,42.3852764905645,0.05902083220426135,0.22333940761900806,0.10934135689173985,0.6827635094355031
DES,1881037,0.76584,43.39145,0.1608,38.674785277592136,15549.480177745983,43.386130371401336,43.23221609729609,43.34221986732172,42.72312467135991,0.005319628598662973,0.15923390270391025,0.049230132678282246,0.668325328640087
DES,1335818,0.62253,42.74949,0.2007,24.825914481179353,11569.747343084377,42.83623518174274,42.66902547434026,42.784766995944054,42.230957669805534,-0.08674518174273516,0.08046452565974249,-0.0352769959440522,0.5185323301944678
DES,1323600,0.37044,41.56655,0.1445,47.89214688521451,6710.206340759153,41.488276486149765,41.32692808373457,41.454362306548745,41.027317952382646,0.07827351385023462,0.23962191626542761,0.11218769345125423,0.5392320476173538
DES,1273127,0.18937,39.9733,0.1246,64.41157450229176,3221.7057710652407,39.824109317882915,39.701271691724045,39.8386769704929,39.51367945841896,0.1491906821170872,0.2720283082759565,0.1346230295071038,0.4596205415810388
DES,1314554,0.35159,41.29629,0.1925,26.986001011975038,5924.938885563311,41.35549551218034,41.196565303192074,41.32496952906196,40.90808671050091,-0.0592055121803412,0.09972469680792528,-0.028679529061960807,0.38820328949908856
DES,1338223,0.59952,42.65104,0.1724,33.645383045956905,11056.912558069347,42.73688317299674,42.568486840561995,42.685205873814155,42.14230903644922,-0.08584317299673927,0.08255315943800667,-0.03416587381415326,0.5087309635507822
DES,1336558,0.4676,42.05273,0.1798,30.932899117917454,8394.056247816881,42.087052071878766,41.918068527678074,42.040726785770744,41.56287710961956,-0.03432207187876912,0.13466147232192327,0.01200321422925299,0.48985289038043334
DES,1264434,0.31075,40.85079,0.1347,55.11436506322446,4825.961745928935,41.04377002900087,40.891241392073994,41.021798725653916,40.627286882717954,-0.1929800290008643,-0.04045139207399018,-0.17100872565391256,0.22350311728204986
DES,1260030,0.45811,41.95029,0.1333,56.278135550391724,8007.25897753778,42.03392294110655,41.86535399684564,41.988462904702914,41.51546304226756,-0.08363294110655062,0.08493600315436112,-0.038172904702911126,0.4348269577324402
DES,1262782,0.94444,43.77582,0.2108,22.503951693917454,18560.50870062776,43.94685132239489,43.82079677781404,43.92439995310211,43.22986880963224,-0.17103132239488872,-0.04497677781403553,-0.14857995310210725,0.5459511903677665
DES,1284567,0.65483,42.79729,0.15,44.44444444444444,11827.252674052559,42.96999188307245,42.80492446198717,42.9193211224451,42.35040008820557,-0.17270188307245604,-0.007634461987173324,-0.12203112244510095,0.44688991179442894
DES,1246626,0.39282,41.54316,0.2135,21.938364165875974,6638.315281811928,41.638071268603284,41.47426752806531,41.60056896261824,41.16159147278555,-0.09491126860328336,0.06889247193468861,-0.05740896261823991,0.3815685272144478
DES,1262588,0.40644,42.13934,0.484,4.268834096031692,8735.622838525614,41.72542564848291,41.560340344235655,41.685962194827134,41.23979115594244,0.4139143515170858,0.578999655764342,0.4533778051728632,0.8995488440575556
DES,1257102,0.4733,42.05073,0.1564,40.88146990142659,8386.328595564168,42.118483921805854,41.949283432545,42.071672598745955,41.59092134832731,-0.06775392180585271,0.10144656745499958,-0.020942598745953944,0.45980865167268803
DES,1262252,0.45294,41.96072,0.1979,25.533386051264404,8045.811898266005,42.004547823013496,41.83623322114424,41.959589032338165,41.48924128875126,-0.04382782301349408,0.12448677885576132,0.0011309676618367348,0.47147871124874285
DES,1251409,0.74963,43.34886,0.1199,69.56033002202975,15247.473072512208,43.32911550315811,43.17323749292585,43.283861566691,42.67192816827794,0.019744496841894943,0.17562250707415217,0.06499843330900035,0.6769318317220652
DES,1654105,0.56271,42.31739,0.1444,47.958502466985365,9482.085675059296,42.57021530472909,42.40054658586449,42.518864196450174,41.99368533562664,-0.25282530472908604,-0.08315658586448649,-0.20147419645017095,0.3237046643733663
DES,1700109,0.74119,43.5003,0.2446,16.71425772984277,16348.799776066568,43.29895913726257,43.14210136129649,43.253051184502866,42.644868514379155,0.2013408627374318,0.358198638703513,0.2472488154971373,0.8554314856208478
DES,1618042,0.42893,41.99425,0.11,82.64462809917356,8171.012503223062,41.86391957836183,41.697056496126294,41.82157205645301,41.36363462235962,0.13033042163817044,0.29719350387370724,0.17267794354699362,0.6306153776403818
DES,1430136,0.41235,41.82979,0.1808,30.591667319288906,7575.021591221225,41.762492580986006,41.59689982303826,41.7222290585766,41.272952573331544,0.06729741901399677,0.23289017696174596,0.10756094142340089,0.5568374266684586
DES,1569050,0.32988,41.10156,0.2105,22.568141682793488,5416.738563404158,41.19419940369658,41.03846857484402,41.16800844159427,40.7629565101968,-0.0926394036965803,0.06309142515598154,-0.0664484415942681,0.338603489803198
DES,1636093,0.47782,42.19728,0.223,20.108990729755273,8971.84733576123,42.14315980421952,41.9738041647943,42.09598078396127,41.61293467485696,0.05412019578047733,0.22347583520569714,0.10129921603873271,0.5843453251430404
DES,1395159,0.9569,44.31416,0.1857,28.998543983106607,23782.520241661863,43.98200789442939,43.85826544407912,43.961449770198186,43.26188169000834,0.33215210557061425,0.455894555920878,0.352710229801815,1.0522783099916637
DES,1373028,0.25517,40.30212,0.1141,76.81193596035276,3748.4340567947916,40.552713849510596,40.411665659544084,40.54527195061078,40.18201270838249,-0.2505938495105937,-0.10954565954408224,-0.24315195061078043,0.12010729161751499
DES,1473025,0.64649,42.89316,0.1705,34.3994289694791,12361.12149537453,42.936064558516655,42.77039238992157,42.885133296604295,42.32009134857425,-0.042904558516653424,0.12276761007843362,0.008026703395707102,0.5730686514257499
DES,1432102,0.71803,43.11022,0.1901,27.671695259368185,13660.603152849868,43.214484318144585,43.05509320858208,43.166946850475625,42.569134158892425,-0.10426431814458681,0.05512679141791921,-0.05672685047562709,0.5410858411075736
DES,1456020,0.88189,43.87985,0.2923,11.70421711135474,19471.341558074975,43.763198462025684,43.62620409815429,43.7319623844707,43.06314959306755,0.11665153797431316,0.253645901845708,0.1478876155292994,0.8167004069324477
DES,1536112,0.75888,43.36227,0.1504,44.208352195563606,15341.925696462225,43.36179372533358,43.207023244783905,43.31729249682488,42.70126560028399,0.00047627466642552463,0.15524675521609765,0.04497750317512583,0.6610043997160133
DES,1642178,0.68673,42.97455,0.1554,41.40930781857422,12833.226962164572,43.09608046681706,42.93364330490625,43.04674209280559,42.46312797463088,-0.12153046681705604,0.04090669509375289,-0.07219209280558658,0.5114220253691215
DES,1537020,0.40597,41.82821,0.1546,41.83897350588842,7569.511882295694,41.72245653110028,41.55741283501895,41.683058014860976,41.23713435411359,0.10575346889972081,0.27079716498104744,0.14515198513902305,0.5910756458864057
DES,1530098,0.54758,43.14783,211.0391,2.245298818261127e-05,13899.266276937318,42.498721099211686,42.32876457360112,42.44775201987589,41.929950729183304,0.6491089007883133,0.819065426398879,0.7000779801241066,1.2178792708166952
DES,1367556,0.45115,41.89587,0.128,61.03515625,7809.080055358376,41.9943048331625,41.82608302556808,41.94952455269746,41.48009670176859,-0.09843483316250001,0.06978697443192061,-0.053654552697459224,0.4157732982314144
DES,1304501,0.51882,42.53775,0.2549,15.39076932453453,10494.841284603805,42.35756657216473,42.18746225665565,42.30774410962374,41.80412239076013,0.1801834278352743,0.350287743344353,0.23000589037626185,0.7336276092398748
DES,1312818,0.72292,43.31795,0.1427,49.10797813123518,15031.969124370524,43.23253553318161,43.07366001071773,43.18532159593616,42.58530983933044,0.08541446681839204,0.2442899892822723,0.13262840406384413,0.7326401606695612
DES,1320843,0.60874,42.88274,0.1955,26.16414073691302,12301.947663282688,42.777118260740046,42.60916240003402,42.725487772612496,42.17820347300264,0.10562173925995211,0.2735775999659751,0.15725222738750233,0.7045365269973587
DES,1319926,0.56341,42.50456,0.2252,19.718016588372993,10335.651923668418,42.57347921161809,42.4038272071858,42.52211400988482,41.996595172484014,-0.06891921161809478,0.100732792814199,-0.01755400988481881,0.507964827515984
DES,1308357,0.34157,41.11123,0.1879,28.323468741228574,5440.914170694529,41.28222372512919,41.124713941584695,41.25363982438143,40.8422003005543,-0.1709937251291933,-0.013483941584695458,-0.14240982438143135,0.26902969944569577
DES,1310367,0.23332,40.44286,0.1187,70.97388232104468,3999.427928881944,40.33221041834793,40.19662380508703,40.33146809417279,39.98075900111324,0.11064958165207628,0.24623619491297433,0.1113919058272117,0.46210099888676126
DES,1315974,0.81174,43.55813,0.2209,20.49314289192265,16790.045577410427,43.54148080552626,43.39368418181711,43.501968663691606,42.862888029873986,0.016649194473735918,0.16444581818289095,0.05616133630839215,0.6952419701260126
DES,1304777,0.40476,41.65098,0.1446,47.825928923017464,6976.24742228617,41.71479800675098,41.549862283014164,41.67556756316638,41.23028105059531,-0.06381800675098503,0.10111771698583283,-0.024587563166384996,0.420698949404688
DES,1320278,0.57508,42.48339,0.1944,26.461074700672327,10235.377739476433,42.62733947344922,42.45800957090135,42.57578511578059,42.04461586557747,-0.1439494734492186,0.025380429098646573,-0.09239511578059023,0.43877413442253044
DES,1315197,0.20823,39.99434,0.104,92.45562130177515,3253.073494034939,40.05422596374672,39.92561938049553,40.061913854187075,39.72580527471108,-0.05988596374671573,0.06872061950446806,-0.06757385418707429,0.26853472528892297
DES,1303722,1.02468,44.35374,0.1895,27.84720240042885,24219.98529083814,44.16569644166964,44.05523048999365,44.15619441093111,43.42971113497558,0.18804355833036368,0.2985095100063546,0.19754558906889486,0.9240288650244253
DES,1312213,0.40697,42.23683,0.2398,17.390082505507436,9136.752801366578,41.72877000176975,41.56363799981316,41.689233553345495,41.24278362936853,0.5080599982302445,0.6731920001868374,0.5475964466545022,0.994046370631466
DES,1319653,0.59552,42.64435,0.1477,45.839408964996565,11022.900191665203,42.71924579827739,42.55067320276931,42.66756385168564,42.12657670093173,-0.07489579827738879,0.09367679723069244,-0.023213851685639497,0.5177732990682742
DES,1291733,0.54784,42.09818,0.5624,3.161617858031723,8571.599583184938,42.49996524377738,42.33001246531612,42.44898833680921,41.93105979335354,-0.40178524377738256,-0.23183246531612411,-0.35080833680920875,0.16712020664645877
DES,1297070,0.73069,43.05247,0.168,35.43083900226757,13302.08979087506,43.260979055796014,43.10294418424071,43.21430195283647,42.61080651803513,-0.2085090557960143,-0.050474184240712816,-0.16183195283647223,0.4416634819648664
DES,1290007,0.43112,41.79286,0.222,20.29056083110137,7447.283300381266,41.87704468976352,41.7100304286825,41.834439302682235,41.37536346723629,-0.084184689763525,0.08282957131749669,-0.041579302682237085,0.4174965327637068
DES,1305785,0.47327,42.2607,0.1624,37.91647455652892,9237.742985727824,42.1183194135095,41.94912000370071,42.07151058308321,41.5907745818438,0.14238058649050345,0.3115799962992867,0.1891894169167898,0.6699254181561969
DES,1297318,0.33479,41.35422,0.2108,22.503951693917454,6085.130200574549,41.23151494426176,41.07502076290534,41.204302034813864,40.79656231769653,0.12270505573823698,0.27919923709465877,0.14991796518613398,0.5576576823034713
DES,1299033,0.69226,43.15751,0.1403,50.80245010056345,13961.36480074134,43.11736958146649,42.95543793346995,43.06831471958344,42.48217647044598,0.040140418533511024,0.20207206653005017,0.08919528041656122,0.6753335295540239
DES,1876287,0.56445,42.48074,0.113,78.31466833737959,10222.894409219032,42.578321422050706,42.40869479912119,42.526935859723885,42.00091213403774,-0.09758142205070897,0.0720452008788044,-0.04619585972388762,0.4798278659622568
DES,1896164,0.42068,41.57618,0.1235,65.5640971004278,6740.030705532053,41.81391270038389,41.64765373960819,41.77257284924151,41.31893561159842,-0.23773270038388716,-0.07147373960818726,-0.19639284924151212,0.25724438840158115
DES,1899029,0.62411,42.79865,0.1266,62.392528869023124,11834.662439740108,42.84292934108617,42.67581169804679,42.79148669856768,42.23693258598897,-0.044279341086166824,0.12283830195320888,0.007163301432321134,0.561717414011035
DES,1876462,0.83954,43.85502,0.4013,6.20957219214478,19249.961934330688,43.63149216002466,43.48777700826987,43.595046070821454,42.944067457523204,0.22352783997533976,0.3672429917301301,0.25997392917854967,0.9109525424767995
DES,1862183,0.44864,42.07056,0.182,30.18959062915107,8463.263741636636,41.97987812550289,41.811790564993885,41.935352486858484,41.46721597812406,0.09068187449710763,0.2587694350061156,0.13520751314151624,0.6033440218759409
DES,1912066,0.87344,43.6187,0.1963,25.951316886599752,17264.97186872961,43.73741823765471,43.599036433244706,43.7050927526752,43.03981073799085,-0.11871823765471134,0.01966356675529113,-0.08639275267520219,0.5788892620091488
DES,1833564,0.65461,42.87566,0.23,18.90359168241966,12261.902966506677,42.96910219690623,42.804018372093424,42.91842408685309,42.349605176299534,-0.09344219690622424,0.07164162790657969,-0.04276408685309008,0.5260548237004699
DES,1943111,0.31562,41.11746,0.1092,83.85997396986407,5456.546682129247,41.082856209877164,40.92947747964518,41.059774278683534,40.66256885898614,0.0346037901228371,0.1879825203548222,0.05768572131646721,0.4548911410138601
DES,1867019,0.22101,40.45498,0.1737,33.14365221172563,4021.8130136325735,40.19945940465243,40.067200510430105,40.202752431318906,39.85918128517051,0.2555205953475692,0.38777948956989405,0.25222756868109286,0.5957987148294919
DES,1346139,0.50323,42.42092,0.2055,23.679708265994165,9945.116502538343,42.27796485184089,42.10800826630494,42.22900362490313,41.73315500591919,0.14295514815911048,0.31291173369506,0.19191637509687354,0.6877649940808155
DES,1340493,0.71719,43.14355,0.1559,41.144119209325225,13871.897625486468,43.21137166061639,43.05189304112367,43.16377974087456,42.566345320370786,-0.06782166061639572,0.09165695887632808,-0.020229740874562196,0.5772046796292116
DES,1334087,0.26628,40.58229,0.1056,89.67516069788797,4264.654719883972,40.65825079682649,40.5146371577921,40.64762264792478,40.278039942613844,-0.07596079682649304,0.0676528422078988,-0.06533264792477667,0.30425005738615596
DES,1341743,0.68422,43.01879,0.1585,39.80535182955348,13097.363322162524,43.08636362059393,42.92370174501069,43.03690158528322,42.45443536284957,-0.06757362059392591,0.09508825498931373,-0.018111585283214993,0.56435463715043
DES,1330599,0.81932,43.58242,0.3119,10.279435136815684,16978.912688952503,43.566316087727486,43.41960522088583,43.52761093490583,42.88527093263913,0.016103912272512844,0.16281477911417142,0.05480906509416883,0.6971490673608685
DES,1334644,0.28805,40.79063,0.1205,68.86933764914517,4694.095003961632,40.85381354910794,40.70557109685149,40.83735671206951,40.455494510761554,-0.06318354910794,0.08505890314850717,-0.04672671206950696,0.3351354892384464
DES,1336599,0.67747,42.91771,0.3624,7.614188461519719,12501.665514489749,43.06006321864369,42.89681184335671,43.010284336163316,42.43091199672837,-0.14235321864369155,0.020898156643291088,-0.09257433616331667,0.48679800327163036
DES,1303910,0.68456,43.28773,0.1919,27.155015219028282,14824.220802611664,43.087681833930475,42.92505022368056,43.03823636500901,42.45561456927777,0.20004816606952858,0.36267977631944603,0.24949363499099064,0.8321154307222329
DES,1341227,0.83036,43.41606,0.1466,46.52989359543932,15726.709875725675,43.602092608302414,43.45699969276275,43.56460194987707,42.91753528395918,-0.18603260830241197,-0.040939692762748336,-0.14854194987707103,0.49852471604081927
DES,1282966,0.58012,42.53997,0.1635,37.407999700736,10505.576148753338,42.650283497561276,42.48111774955941,42.5986738584311,42.06507447922178,-0.11031349756127895,0.058852250440587284,-0.05870385843110171,0.47489552077821884
DES,1341271,0.82584,43.55253,0.2217,20.34551154617953,16746.801592535972,43.587501023612646,43.44174049238539,43.549507567895546,42.90437316660315,-0.034971023612648366,0.11078950761460504,0.0030224321044514113,0.6481568333968468
DES,1282736,0.37797,41.47658,0.1632,37.5456555171088,6437.865142706007,41.53958591041971,41.377361917253516,41.50441273878536,41.073337552505,-0.0630059104197116,0.09921808274648214,-0.02783273878536363,0.40324244749499627
DES,1263788,0.75729,43.40246,0.4836,4.275898776819292,15628.520798721413,43.35620394606015,43.2012406071438,43.31157068803867,42.69624615607856,0.04625605393984955,0.2012193928561956,0.09088931196132677,0.7062138439214394
DES,1256823,0.44084,41.9191,0.1135,77.62619107686933,7893.068558283236,41.93456388782083,41.76692452218484,41.89086208290266,41.42674925191594,-0.015463887820828859,0.15217547781516316,0.028237917097342802,0.492350748084057
DES,1266255,0.29358,40.99129,0.1076,86.3724934702395,5148.537437494198,40.90132383291183,40.75198734407831,40.88347160965125,40.49851339044348,0.08996616708817129,0.23930265592169064,0.10781839034874707,0.4927766095565218
DES,1264039,0.4246,42.03716,0.1172,72.80224580367856,8334.084031013688,41.83778555724425,41.67123269561807,41.79595973243517,41.340276940373556,0.19937444275574734,0.3659273043819269,0.24120026756482815,0.6968830596264439
DES,1263829,0.5007,42.36697,0.1992,25.201206432154322,9701.07528770979,42.264830386588784,42.0949133745671,42.21602532267102,41.7214439746449,0.10213961341121802,0.2720566254329029,0.15094467732897954,0.6455260253551032
DES,1252620,0.95299,43.72467,0.1978,25.559209954596618,18128.41668837051,43.971024251369954,43.84655173814143,43.94986713571851,43.25187663689382,-0.24635425136995082,-0.12188173814142544,-0.22519713571850986,0.47279336310618447
DES,1257775,0.47598,42.14657,0.2271,19.389460781034625,8764.756901679868,42.13314104400128,41.96384677112039,42.08610982467927,41.60399726268459,0.013428955998719516,0.18272322887960968,0.06046017532072767,0.5425727373154103
DES,1247537,0.45565,41.96742,0.1422,49.45392970816248,8070.675299266396,42.01998416403194,41.8515337162454,41.97475998274522,41.50302117285315,-0.052564164031942084,0.1158862837545982,-0.007339982745222073,0.46439882714684444
DES,1259771,0.53232,42.34927,0.1653,36.59774213889648,9622.321757959087,42.424712661801586,42.25461118378039,42.374281949538755,41.86397866835952,-0.07544266180158843,0.09465881621960648,-0.02501194953875796,0.4852913316404752
DES,1252364,0.54134,42.29627,0.1803,30.761573503703236,9390.308817138732,42.46869440115708,42.298660704582005,42.41792662301276,41.9031843960021,-0.17242440115708035,-0.0023907045820052986,-0.12165662301276114,0.39308560399789627
DES,1702112,0.47547,41.93506,0.1391,51.682764986580565,7951.295157301554,42.130357733831325,41.961080905026506,42.083367937600485,41.601514286732396,-0.19529773383132465,-0.026020905026506114,-0.14830793760048522,0.33354571326760407
DES,1501158,0.58049,42.78665,0.303,10.892178326743565,11769.442054749119,42.65196048540176,42.48280737675456,42.60034740845826,42.0665698671221,0.13468951459824297,0.3038426232454441,0.18630259154173956,0.7200801328779036
DES,1617068,0.93075,43.84946,0.1804,30.727479215933055,19200.735943140768,43.90769563246604,43.779149902327134,43.8832172126629,43.19425285496521,-0.05823563246603669,0.07031009767286633,-0.03375721266289844,0.6552071450347938
DES,1469040,0.3267,41.19884,0.1365,53.670383340713,5664.921225055835,41.169758364521854,41.01453454492606,41.14424244550517,40.74093507296713,0.029081635478142687,0.18430545507393958,0.054597554494826284,0.4579049270328639
DES,1434203,0.37567,41.36417,0.1722,33.72358263154558,6113.077124973984,41.52401433959919,41.36205240702137,41.489220091504514,41.05937439477735,-0.1598443395991893,0.0021175929786281245,-0.1250500915045123,0.30479560522265103
DES,1641279,0.22398,40.17738,0.1073,86.85614624490479,3539.1736759137943,40.23209994823068,40.099021282384136,40.234401795743224,39.88910401159207,-0.05471994823068371,0.07835871761586333,-0.05702179574322486,0.288275988407932
DES,1644163,0.56202,42.85635,0.186,28.905075731298414,12153.346358650879,42.5669942929966,42.397309389744436,42.51565738381768,41.990813759319465,0.2893557070034021,0.4590406102555633,0.3406926161823165,0.8655362406805338
DES,1531113,0.45694,42.25569,0.2055,23.679708265994165,9216.4543229986,42.02730220281653,41.85878904649232,41.981953743368734,41.50955344989282,0.22838779718347268,0.3969009535076822,0.2737362566312669,0.746136550107181
DES,1625059,0.59279,42.88319,0.186,28.905075731298414,12304.497292774202,42.70714406813852,42.53845638285547,42.65546444957815,42.1157828344337,0.17604593186148065,0.3447336171445272,0.2277255504218516,0.7674071655662971
DES,1595118,0.90941,43.44688,0.2021,24.483154487970324,15951.512739310072,43.845519989806455,43.713197120858126,43.81799627940526,43.1377783364777,-0.39863998980645476,-0.2663171208581261,-0.37111627940525693,0.3091016635222985
DES,1719037,0.40746,41.71383,0.2001,24.975018737507806,7181.114890547411,41.73185837544146,41.566683409444025,41.69225466039652,41.24554696828972,-0.018028375441460298,0.1471465905559768,0.021575339603479904,0.4682830317102784
DES,1371046,0.07334,37.60807,0.1792,31.140385841836736,1084.0264401026916,37.6023438513194,37.526049013393575,37.670707690399894,37.416764063367644,0.005726148680601284,0.08202098660642321,-0.06263769039989597,0.19130593663235373
DES,1295249,0.53251,42.63882,0.1697,34.72452513343767,10994.864336477242,42.425646272379865,42.25554568308387,42.375207892673004,41.86481089978518,0.21317372762013775,0.3832743169161361,0.263612107326999,0.7740091002148191
DES,1320030,0.68141,43.02137,0.1831,29.827943473660877,13112.933991819333,43.075445019319204,42.912535104278106,43.025848289402376,42.444668812950916,-0.054075019319206774,0.1088348957218912,-0.004478289402378266,0.5767011870490819
DES,1292823,0.34565,41.30887,0.1262,62.78867091452955,5959.363478051017,41.312294494881456,41.15419483039123,41.282907791113395,40.869248310873814,-0.0034244948814574627,0.15467516960876537,0.025962208886603833,0.4396216891261844
DES,1301142,0.71139,43.15216,0.137,53.279343598486854,13927.009603103734,43.18978384981183,43.029709521636114,43.1418250124874,42.54700661719232,-0.03762384981182976,0.12245047836388778,0.01033498751259998,0.6051533828076856
DES,1295685,0.55929,42.58846,0.3035,10.856319327776708,10742.809512544804,42.55421379254233,42.38446769888043,42.50293605908514,41.979419940291216,0.03424620745767015,0.20399230111956967,0.08552394091486093,0.6090400597087822
DES,1311394,0.34291,40.95115,0.3518,8.079943608457569,5054.240169410656,41.29213616686826,41.134430894589485,41.26328676942839,40.85111760690077,-0.34098616686826233,-0.18328089458948682,-0.31213676942839186,0.10003239309922662
DES,1319667,0.67756,42.94647,0.132,57.39210284664829,12668.344794336961,43.06041552919468,42.89717187099844,43.01064071979686,42.43122706214507,-0.11394552919468026,0.04929812900155639,-0.06417071979686284,0.5152429378549286
DES,1310963,0.45919,42.59596,268.2323,1.3898817516268102e-05,10779.978012882182,42.04002048444012,41.871400959311316,41.99445841446431,41.520905425339826,0.5559395155598779,0.7245590406886819,0.6015015855356864,1.0750545746601716
DES,1292767,0.30893,40.93935,0.1835,29.69804512617957,5026.849408245938,41.02901828578605,40.87681355052728,41.00746851792567,40.61396513417213,-0.08966828578605401,0.06253644947271653,-0.0681185179256758,0.3253848658278642
DES,1847165,0.38748,41.3551,0.1718,33.88080191792443,6087.59672962301,41.60305775892651,41.43979988721773,41.56636977795148,41.13022678545815,-0.2479577589265105,-0.08469988721773092,-0.21126977795147894,0.2248732145418515
DES,1864046,0.7487,43.61985,0.214,21.83596820683029,17274.11772569083,43.3258086114603,43.16982119122629,43.28048106535958,42.668960222352496,0.2940413885396964,0.450028808773709,0.33936893464041873,0.9508897776475038
DES,1878335,0.56371,42.52206,0.1391,51.682764986580565,10419.283981560104,42.57487686367233,42.405232113564935,42.52350571779594,41.997841212589336,-0.05281686367232652,0.11682788643506825,-0.0014457177959386058,0.5242187874106676
DES,1780287,0.52494,42.20845,0.1647,36.86487805651311,9018.117198521244,42.38820601059266,42.21808816622328,42.33809222126051,41.831435870986056,-0.1797560105926621,-0.009638166223282951,-0.12964222126051084,0.3770141290139435
DES,1916143,0.45362,42.06582,0.1399,51.09337262754312,8444.809849096722,42.00842918056564,41.840079967396825,41.96340324731314,41.49270627059061,0.057390819434360196,0.2257400326031771,0.10241675268686379,0.5731137294093926
DES,1777216,0.57626,42.41191,0.222,20.29056083110137,9903.937135966891,42.6327281923283,42.46343538015609,42.581159475710976,42.04942071954926,-0.22081819232830213,-0.05152538015609309,-0.16924947571097704,0.36248928045073825
DES,1882097,0.47992,42.59903,0.2479,16.272225215407648,10795.229386879475,42.154550530370244,41.98512784604266,42.1072059665149,41.6230954732124,0.44447946962975493,0.6139021539573406,0.49182403348510206,0.9759345267875972
DES,1923060,0.38247,41.42685,0.1332,56.36266897528158,6292.103749941413,41.569801157589865,41.407078020662205,41.53390081756676,41.1004244370705,-0.142951157589863,0.019771979337797063,-0.10705081756675838,0.32642556292950076
DES,1899158,0.64747,42.76015,0.1633,37.499685940130256,11626.684162121874,42.94007268417222,42.77446974643046,42.889170094708064,42.323671512350266,-0.1799226841722188,-0.01431974643045919,-0.12902009470806064,0.43647848764973673
DES,1892217,0.40897,41.71107,0.1203,69.09851997880057,7171.993297960384,41.741354087884474,41.57604798485973,41.701544403318536,41.254042781343244,-0.030284087884474786,0.13502201514027234,0.009525596681463355,0.457027218656755
DES,1922067,0.19771,39.8289,0.1094,83.55363642136433,3014.4346627050863,39.928365543474186,39.802920203580406,39.939832052228255,39.609906617215344,-0.09946554347418868,0.02597979641959114,-0.1109320522282573,0.21899338278465308
DES,1890212,0.72776,43.12438,0.1438,48.359547432011304,13749.97393982648,43.25028742828206,43.09193248939226,43.20340463020092,42.601221344417276,-0.12590742828205492,0.03244751060773865,-0.07902463020091943,0.5231586555827263
DES,1842087,1.08349,44.52159,0.1518,43.39667512033899,26166.3939136008,44.315594351258696,44.21751557370227,44.316628959766746,43.56743485015173,0.2059956487413075,0.3040744262977313,0.20496104023325756,0.9541551498482761
DES,1339392,0.18148,39.3871,0.0959,108.73335428262627,2459.494609527677,39.721492108762696,39.601205733511435,39.73908110474088,39.418767022932386,-0.33439210876269954,-0.21410573351143825,-0.3519811047408865,-0.03166702293238899
DES,1336002,0.39496,40.94218,0.2288,19.102401095408087,5033.404986797962,41.65197982607279,41.487964245843344,41.614158416282855,41.17404724377622,-0.7097998260727891,-0.5457842458433433,-0.6719784162828546,-0.2318672437762217
DES,1340132,0.60943,42.75672,0.2018,24.556002911359705,11608.333458350893,42.78010617281926,42.61218517533486,42.728481194203994,42.18086935166744,-0.023386172819257922,0.14453482466514345,0.028238805796007682,0.5758506483325618
DES,1337687,0.32869,41.13399,0.1199,69.56033002202975,5498.242304582565,41.18507868595118,41.029536420589764,41.159139116907085,40.75473967377835,-0.05108868595118565,0.10445357941023303,-0.025149116907087432,0.37925032622164423
DES,1338718,0.73306,43.41387,0.1285,60.56109857832821,15710.856976727422,43.26959721934084,43.11182393781006,43.22308936532103,42.61853390700682,0.14427278065916482,0.30204606218994456,0.19078063467897266,0.7953360929931819
DES,1306390,0.40911,41.94595,0.2241,19.912064341455267,7991.271300699218,41.742232844365205,41.57691467936536,41.7024041642312,41.25482896472734,0.20371715563479853,0.3690353206346444,0.24354583576880628,0.6911210352726656
DES,1334423,0.35791,41.40865,0.1746,32.802845712471246,6239.587438090062,41.40072915353744,41.24095163589503,41.369028998765145,40.94872785233014,0.00792084646256086,0.16769836410497163,0.039621001234856124,0.4599221476698645
DES,1332819,0.3418,41.15902,0.1509,43.91587299705192,5561.985791000933,41.28392765354777,41.12638419369465,41.25529805479109,40.843733257203176,-0.12490765354777267,0.03263580630535046,-0.09627805479109242,0.3152867427968218
DES,1333291,0.3646,41.232,0.1694,34.8476252737281,5752.092681288563,41.44781707439002,41.287182965552425,41.41491613820371,40.991009072462916,-0.21581707439001718,-0.055182965552425856,-0.18291613820370856,0.24099092753708362
DES,1275946,0.23212,40.32782,0.1157,74.70218107958098,3793.061418975925,40.319557068685896,40.18428676988256,40.319199714861455,39.96918429083766,0.008262931314106936,0.14353323011744124,0.008620285138547956,0.35863570916234266
DES,1279420,0.25691,40.48353,0.173,33.41240936883959,4075.039990477452,40.569518197305534,40.428058951418876,40.561567632705234,40.19731547853237,-0.08598819730553231,0.055471048581125615,-0.07803763270523234,0.2862145214676346
DES,1339149,0.46879,42.00695,0.1483,45.46924028629253,8218.941230794771,42.09364343980357,41.92461262983086,42.04721461137795,41.56875846463106,-0.08669343980356814,0.08233737016914233,-0.04026461137794968,0.4381915353689436
DES,1277173,0.1494,39.34373,0.0979,104.33610415247261,2410.859354224273,39.25645440628857,39.14741390708518,39.287234235739064,38.98618003978048,0.08727559371143201,0.19631609291482022,0.056495764260937165,0.35754996021952223
DES,1343337,0.33899,41.12532,0.2524,15.697167728632387,5476.333335355262,41.263037461340716,41.10590891831187,41.23496980707047,40.824936587522004,-0.1377174613407135,0.019411081688133436,-0.10964980707046834,0.3003834124779985
DES,1338762,0.42054,41.74141,0.1418,49.73332988515579,7272.9043347977495,41.81305630040116,41.646808066849594,41.771734047170874,41.31816994256519,-0.07164630040115583,0.09460193315040755,-0.030324047170871893,0.4232400574348105
DES,1280790,0.63211,42.82135,0.2085,23.003180189661222,11959.02778907412,42.876579636662065,42.709948555474114,42.82528791099166,42.266971584355204,-0.055229636662062376,0.11140144452588885,-0.003937910991659521,0.5543784156447984
DES,1286337,0.66296,42.74686,0.1906,27.526703655215925,11555.743013133966,43.00267233126073,42.83822805372538,42.952291118941964,42.37960380633225,-0.255812331260735,-0.09136805372538248,-0.20543111894196642,0.36725619366774964
DES,1250017,0.18216,39.8153,0.096,108.50694444444444,2995.6141618145966,39.7304972005241,39.60998768500487,39.74782241462554,39.42710386785621,0.08480279947590219,0.20531231499513325,0.06747758537446202,0.3881961321437899
DES,1271436,0.79511,43.33284,0.1637,37.31664930820529,15135.39902513944,43.4861986479973,43.33609338359123,43.44499453460922,42.81310521416441,-0.15335864799730103,-0.0032533835912360587,-0.11215453460922475,0.5197347858355883
DES,1262084,0.4536,42.18827,0.1602,38.96502655076909,8934.697947901584,42.00831510001541,41.83996689980309,41.9632911362767,41.49260442936331,0.1799548999845939,0.34830310019691524,0.224978863723301,0.6956655706366917
DES,1265011,0.34689,41.09872,0.1308,58.4499995324,5409.658813269589,41.32136898198334,41.16309318148109,41.29174156991551,40.87740835784402,-0.22264898198334038,-0.06437318148108773,-0.19302156991550845,0.22131164215598176
DES,1260889,0.52885,42.41841,0.159,39.55539733396622,9933.62760635454,42.40760694105043,42.237493347906835,42.35732059190187,41.848730365471724,0.010803058949569788,0.18091665209316687,0.0610894080981339,0.5696796345282777
DES,1255142,0.57675,42.58673,0.1828,29.92592734463656,10734.254184356569,42.63496283275027,42.465685664291485,42.58338840850574,42.05141326097467,-0.048232832750265686,0.12104433570851825,0.003341591494262275,0.5353167390253333
DES,1264499,0.44841,41.66406,0.181,30.524098775983642,7018.396100530216,41.97855241727921,41.81047740006113,41.9340503658627,41.46603227129192,-0.3144924172792116,-0.14641740006113224,-0.26999036586270364,0.19802772870807672
DES,1258906,0.34918,41.38191,0.1554,41.40930781857422,6163.222904009618,41.33804936612738,41.17945211171633,41.3079814199169,40.89240515207937,0.04386063387261885,0.20245788828366784,0.07392858008309844,0.4895048479206281
DES,1265281,0.36021,41.60278,0.2716,13.556278075051893,6823.102178548388,41.41700852503847,41.256931864157714,41.38489068646105,40.96334838657043,0.185771474961534,0.3458481358422887,0.21788931353895435,0.6394316134295721
DES,1256335,0.61939,42.92372,0.1837,29.633413926341408,12536.314392025793,42.82288377683149,42.65549508828028,42.77136903743483,42.21904157489997,0.10083622316851404,0.2682249117197202,0.15235096256517267,0.7046784251000346
DES,1265644,0.73469,43.38401,0.3149,10.084507161563183,15496.294988685753,43.27550899251491,43.11791701579375,43.229119023309465,42.623835213279506,0.10850100748509561,0.26609298420625294,0.1548909766905382,0.7601747867204978
DES,1250454,0.78734,43.57536,0.136,54.06574394463667,16923.799638209108,43.45998536941917,43.308836801492774,43.418028491962495,42.78951836835853,0.1153746305808312,0.2665231985072296,0.15733150803750817,0.7858416316414747
DES,1260568,0.53805,42.47376,0.2039,24.052794922743626,10190.086604668979,42.45273228424335,42.28266783069238,42.4020810973488,41.88895561529187,0.021027715756645193,0.1910921693076162,0.07167890265120036,0.5848043847081286
DES,1252521,0.43322,41.89547,0.1468,46.40319550965557,7807.64170213364,41.889572604193894,41.72241696634313,41.84672370999611,41.38655747614365,0.005897395806108818,0.17305303365687053,0.048746290003890635,0.5089125238563525
DES,1263291,0.39362,41.6875,0.3134,10.181271429031039,7094.566682767145,41.64327889033116,41.47939549612241,41.60565681060003,41.16625536444266,0.04422110966883963,0.2081045038775926,0.08184318939996871,0.5212446355573377
DES,1531078,0.67713,43.29721,0.1426,49.17687742564948,14889.080398977605,43.05873186533211,42.895451371702364,43.0089376328751,42.42972140071745,0.23847813466788637,0.4017586282976353,0.2882723671248968,0.8674885992825523
DES,1449074,0.33186,41.23828,0.1149,75.74604170122579,5768.752081233839,41.209308247035345,41.053266754383884,41.182702216116716,40.77656555771283,0.028971752964658037,0.1850132456161191,0.05557778388328671,0.4617144422871746
DES,1560034,0.26891,40.7573,0.1768,31.991564464282053,4622.595317678914,40.68264071799682,40.53844014462802,40.67127952030444,40.300205552415974,0.07465928200318217,0.21885985537198138,0.08602047969556281,0.4570944475840264
DES,1588019,0.68766,42.94386,0.1563,40.93379817754544,12653.127231879735,43.09967214023724,42.937318991470455,43.05038038345701,42.46634130220275,-0.15581214023723788,0.006541008529545422,-0.10652038345700987,0.477518697797251
DES,1366690,0.27119,40.77037,0.1154,75.09108548669536,4650.502423716919,40.70360810024886,40.558904941805864,40.69161790757779,40.319252876425764,0.06676189975114255,0.2114650581941362,0.07875209242220649,0.4511171235742353
DES,1560099,0.68006,43.16714,0.2156,21.513074786332137,14023.417860721878,43.07018416615212,42.90715641942846,43.02052413926058,42.4399634718847,0.0969558338478862,0.2599835805715429,0.14661586073942345,0.7271765281153009
DES,1590044,0.62931,42.92056,0.1417,49.80354989742959,12518.084391534596,42.86484811101923,42.698042873214085,42.81349948263974,42.2564982513486,0.05571188898077395,0.22251712678591673,0.10706051736026012,0.6640617486513989
DES,1370181,0.6931,43.15907,0.188,28.293345405160707,13971.398340296086,43.120589174102335,42.958735560297924,43.07157870086271,42.48505762758528,0.03848082589766477,0.20033443970207543,0.08749129913729092,0.6740123724147224
DES,1531108,0.34387,41.34527,0.1924,27.014060278093545,6060.101177301019,41.29921574165928,41.14137147345741,41.270177240082944,40.85748567344314,0.046054258340717524,0.2038985265425879,0.07509275991705522,0.4877843265568558
DES,1537077,0.7445,43.10547,0.2244,19.858859116487302,13630.753845650817,43.31082496176869,43.15434789481523,43.26516973713539,42.65551431539329,-0.20535496176869117,-0.04887789481523441,-0.15969973713539076,0.44995568460670654
DES,1366475,0.45546,42.04174,0.1428,49.039223532550274,8351.680564403121,42.018904690268315,41.850463585036465,41.973698925133164,41.5020575803329,0.022835309731682685,0.1912764149635322,0.06804107486683364,0.5396824196670948
DES,1434258,0.66195,43.02057,0.2122,22.207989368591328,13108.103898196516,42.998633175218615,42.83410969721109,42.948214099477,42.37599386683456,0.0219368247813847,0.1864603027889089,0.07235590052300012,0.6445761331654367
DES,1532057,0.50397,42.25278,0.1221,67.07623415240123,9204.111582992015,42.281794919782755,42.111827591199756,42.23278889094834,41.73656991643861,-0.029014919782753168,0.14095240880024562,0.01999110905165935,0.5162100835613899
DES,1296802,0.74392,43.13182,0.1725,33.606385213190514,13797.165540405655,43.308749417164734,43.15220530886581,43.26304955549552,42.65365203177534,-0.17692941716473598,-0.020385308865812135,-0.13122955549552273,0.47816796822466046
DES,1320762,0.51339,42.2514,0.1986,25.353709602666807,9198.264104230038,42.33009768204044,42.160026211674634,42.280555621526815,41.77963428911194,-0.07869768204044192,0.09137378832536314,-0.02915562152681872,0.4717657108880573
DES,1302187,0.21942,39.96014,0.1979,25.533386051264404,3202.2399775023014,40.18181869007618,40.05000312412383,40.18564698720137,39.84300137998764,-0.2216786900761747,-0.08986312412383057,-0.22550698720137063,0.11713862001236208
DES,1300179,0.31722,41.10583,0.1381,52.43395811890029,5427.400559137934,41.09557679417601,40.94192402018933,41.07213544951495,40.67404662415282,0.010253205823985923,0.16390597981066435,0.03369455048504477,0.43178337584717497
DES,1301922,0.52616,42.62537,0.2171,21.216822988682313,10926.973128199852,42.39427395370751,42.22415636219122,42.344105192572854,41.836845022791366,0.23109604629248537,0.40121363780877317,0.2812648074271422,0.7885249772086311
DES,1300516,0.31042,40.68442,0.2425,17.004995217345098,4470.024207348804,41.04110116361642,40.88863100452523,41.01920603010555,40.62487696585784,-0.35668116361641466,-0.20421100452522722,-0.33478603010554764,0.05954303414216611
DES,1299785,0.38131,41.52151,0.1744,32.878124736975,6572.458840518441,41.56204380452351,41.39944762256606,41.52632912079312,41.093471167591616,-0.04053380452351263,0.12206237743394155,-0.004819120793122522,0.42803883240838303
DES,1314289,0.63264,43.27999,0.253,15.622803043322033,14771.475383202458,42.87879470849694,42.71219705782192,42.82751424565735,42.268949193396665,0.40119529150305766,0.5677929421780803,0.4524757543426503,1.011040806603333
DES,1321261,0.58936,42.37372,0.1585,39.80535182955348,9731.277899960774,42.691864684508644,42.52303843250975,42.64019435905034,42.102155539623226,-0.3181446845086455,-0.14931843250975163,-0.266474359050342,0.27156446037677284
DES,1878756,0.55294,42.81817,0.2675,13.975019652371385,11941.527278545218,42.52425839241951,42.354387647669085,42.47313692992951,41.9527156321694,0.2939116075804904,0.4637823523309166,0.34503307007049244,0.8654543678306013
DES,1861178,0.29093,40.58483,0.1372,53.12412345196305,4269.646061569513,40.8786602273265,40.72984394199469,40.861472443410555,40.47799668449909,-0.2938302273265023,-0.14501394199469075,-0.27664244341055877,0.10683331550090713
DES,1889211,0.46351,41.84578,0.1837,29.633413926341408,7631.0074061752675,42.06427833717908,41.89546523974772,42.01831731356795,41.542554899270925,-0.21849833717908496,-0.0496852397477241,-0.17253731356795043,0.3032251007290725
DES,1901375,1.03222,44.28814,0.1421,49.523558604445924,23499.243153324853,44.18538431726998,44.07646386887869,44.1771866803765,43.44775888532209,0.10275568273002023,0.21167613112130823,0.11095331962349775,0.8403811146779105
DES,1891070,0.79348,43.617,0.1197,69.79297310388195,17251.460775463813,43.480720151981885,43.3303941318502,43.439356104332674,42.80817465696786,0.13627984801811266,0.28660586814979894,0.1776438956673232,0.8088253430321402
DES,1872097,0.84132,43.72978,0.3452,8.391863785952422,18171.12747397767,43.63715660719007,43.49371195712531,43.600916652075846,42.94918143398175,0.09262339280992649,0.23606804287468464,0.12886334792415255,0.7805985660182486
DES,1778026,0.87344,43.76997,0.2501,15.987207675906049,18510.573527856755,43.73741823765471,43.599036433244706,43.7050927526752,43.03981073799085,0.032551762345292445,0.17093356675529492,0.0648772473248016,0.7301592620091526
DES,1834104,0.23928,40.38821,0.0998,100.40120320801924,3900.029347260712,40.39418125907584,40.25704914451376,40.391553475761214,40.0374060050964,-0.0059712590758422834,0.13116085548624312,-0.003343475761212744,0.35080399490360037
DES,1848053,0.31016,41.7196,25.5919,0.0015268449599693309,7200.221802412916,41.03899658478805,40.88657257756648,41.017161545677155,40.622976511896866,0.680603415211948,0.833027422433517,0.702438454322845,1.096623488103134
DES,1924103,0.4638,42.14301,0.1206,68.75517382683047,8750.399375858053,42.06589923316291,41.897073640856945,42.01991195206348,41.54400139619772,0.0771107668370874,0.24593635914305167,0.1230980479365158,0.5990086038022753
DES,1933168,0.43495,41.68241,0.1249,64.1025230112032,7077.956269372032,41.899851073224006,41.73258159672302,41.85680433034212,41.39574071118068,-0.21744107322400907,-0.0501715967230254,-0.1743943303421247,0.2866692888193185
DES,1921361,0.34459,41.26558,0.1332,56.36266897528158,5841.735308998281,41.30451350531598,41.14656556728743,41.27533377832781,40.86225058491699,-0.038933505315981165,0.11901443271256795,-0.009753778327812768,0.40332941508300735
DES,1933035,0.34105,41.64473,0.2944,11.537836720226842,6956.197036802707,41.27836747310807,41.120934014158955,41.24988708472115,40.8387308454878,0.36636252689193327,0.5237959858410477,0.3948429152788506,0.8059991545122003
DES,1773078,0.27142,40.6058,0.1249,64.1025230112032,4311.077945127333,40.70571422821415,40.560960691049075,40.69366091830634,40.32116573802886,-0.0999142282141463,0.04483930895092669,-0.08786091830634035,0.28463426197114217
DES,1896111,0.49243,42.08046,0.1721,33.76278470046164,8501.936854462107,42.22146113021971,42.05170442262222,42.17319904852809,41.68277155416895,-0.14100113021970628,0.028755577377779673,-0.09273904852808812,0.3976884458310508
DES,1333576,0.58893,42.58421,0.2949,11.498745314405019,10721.804276861265,42.689943288568195,42.52110014132977,42.63827463060335,42.10044195664182,-0.10573328856819586,0.06310985867023078,-0.05406463060334943,0.48376804335817525
DES,1281691,0.57821,42.76313,0.1724,33.645383045956905,11642.650887570737,42.641610580732475,42.472380863486805,42.59002003532495,42.05734088004074,0.1215194192675213,0.2907491365131918,0.17310996467504935,0.7057891199592561
DES,1344639,0.36672,41.48063,0.1384,52.20688963881186,6449.883570139812,41.46257292859265,41.30167593677916,41.429300424468266,41.00425335344869,0.018057071407348246,0.17895406322083574,0.051329575531731564,0.4763766465513086
DES,1283272,0.38353,41.49537,0.2463,16.48432530233489,6493.81444749226,41.57687083713551,41.41403272615956,41.540801929688044,41.1067607664333,-0.08150083713550771,0.08133727384043965,-0.04543192968804277,0.3886092335667044
DES,1330828,0.36705,41.49526,0.1186,71.09361892114012,6493.48549949652,41.464862763406764,41.30392521949463,41.43153280587988,41.0063083968175,0.03039723659323812,0.19133478050537178,0.06372719412011918,0.48895160318249964
DES,1279714,0.69938,43.57289,0.2763,13.09900265503685,16904.560149072764,43.14454216757012,42.98328228430651,43.095874518593,42.50649627813769,0.4283478324298784,0.5896077156934894,0.4770154814070011,1.0663937218623118
DES,1277995,0.72199,42.90227,0.3024,10.935444136502337,12413.089166507032,43.22911149819329,43.070137113076996,43.18183517359482,42.58224124853856,-0.3268414981932892,-0.1678671130769942,-0.27956517359481836,0.32002875146144305
DES,1339402,0.36538,42.59691,138.5198,5.2116625563926554e-05,10784.695189836892,41.45325527746957,41.292523970809114,41.42021713407301,40.99589048290126,1.143654722530428,1.304386029190887,1.176692865926988,1.6010195170987416
DES,1283878,0.31286,41.10731,0.114,76.94675284702986,5431.1009473024405,41.06077329925996,40.9078733857297,41.03831771099553,40.64263796406195,0.04653670074004168,0.19943661427029724,0.06899228900446985,0.46467203593805095
DES,1339609,1.12132,44.20175,0.1075,86.53326122228232,22582.70051342276,44.40780472710203,44.31807263270449,44.41603108821633,43.652531743075556,-0.20605472710203543,-0.11632263270449528,-0.21428108821633174,0.5492182569244406
DES,1307843,0.92146,44.15716,0.307,10.610192150579847,22123.705822700438,43.880801878037296,43.750595685535714,43.854980332948074,43.16981320151241,0.2763581219627014,0.4065643144642834,0.3021796670519237,0.9873467984875859
DES,1342255,0.21885,40.06356,0.1118,80.00486429574919,3358.4421746275057,40.175465961668806,40.0438100848975,40.179486938770545,39.83717332873958,-0.1119059616688034,0.019749915102501348,-0.11592693877054217,0.22638667126042122
DES,1308529,0.72212,43.30392,0.2507,15.91077491997278,14935.159845330292,43.22959038051198,43.07062979220023,43.18232275258732,42.58267040981215,0.07432961948801875,0.23329020779976872,0.12159724741268008,0.7212495901878455
DES,1331707,0.65395,43.22408,0.1429,48.970613224709986,14396.001228885129,42.966431434228355,42.80129854414274,42.91573143041125,42.347218956570316,0.2576485657716461,0.4227814558572618,0.3083485695887518,0.8768610434296846
DES,1250803,0.96329,44.13386,0.2209,20.49314289192265,21887.586480935635,43.99986357549362,43.877323023147525,43.98029385749611,43.27815352123888,0.13399642450637828,0.25653697685247323,0.153566142503891,0.855706478761121
DES,1258500,0.49383,41.98288,0.204,24.02921953094964,8128.340255432998,42.22885043296075,42.05906323380136,42.180492907497424,41.6893609874225,-0.24597043296074617,-0.07618323380135905,-0.19761290749742244,0.293519012577498
DES,1264106,0.42749,41.55512,0.996,1.0080482572861729,6674.978559485589,41.855255544342924,41.68849395814023,41.81307976817611,41.35589158056858,-0.3001355443429219,-0.13337395814022557,-0.2579597681761072,0.1992284194314209
DES,1255735,0.36463,41.30831,0.2163,21.374056896457017,5957.826818754776,41.448026433999104,41.28738857650792,41.415120209872875,40.991197003010114,-0.13971643399910505,0.020921423492076485,-0.10681020987287582,0.31711299698988427
DES,1251536,0.52727,42.63185,0.1876,28.41412795904729,10959.629559741095,42.39978337359291,42.229666859137495,42.34956548828852,41.84175626544665,0.23206662640708942,0.40218314086250473,0.28228451171148095,0.7900937345533521
DES,1252939,0.66666,42.88121,0.136,54.06574394463667,12293.282874128468,43.01741944784506,42.85326960501375,42.967181493027816,42.392785051058006,-0.1362094478450544,0.02794039498625267,-0.08597149302781304,0.4884249489419972
DES,1255423,0.66681,42.74467,0.1205,68.86933764914517,11544.094548306637,43.01801566139582,42.85387789695446,42.96778366461682,42.39331799834498,-0.2733456613958225,-0.10920789695445876,-0.22311366461681814,0.351352001655016
DES,1249304,0.63681,42.80446,0.1265,62.49121217328813,11866.369707588146,42.896161675822896,42.72983219262183,42.84497526369408,42.28445550840216,-0.09170167582289679,0.07462780737817098,-0.04051526369408265,0.5200044915978381
DES,1264948,0.50394,42.1926,0.1744,32.878124736975,8952.531856140167,42.281639748747466,42.111672848387705,42.23263552852745,41.73643156571597,-0.08903974874746723,0.08092715161229336,-0.04003552852745429,0.45616843428403087
Pantheon,2011fe,0.00122,28.9987,1.51645,0.43485434028242054,20.566759757441623,28.592463741204977,28.556215888379256,28.705782183584013,28.498498105913576,0.40623625879502256,0.4424841116207432,0.29291781641598647,0.5002018940864232
Pantheon,2011fe,0.00122,29.0559,1.51747,0.43426994341686587,21.115719054106208,28.592463741204977,28.556215888379256,28.705782183584013,28.498498105913576,0.46343625879502426,0.4996841116207449,0.35011781641598816,0.5574018940864249
Pantheon,2012cg,0.00256,30.7233,0.782372,1.6337041094069975,45.50780359357442,30.20411318659988,30.16703256558092,30.316504641252028,30.108335121351836,0.5191868134001183,0.5562674344190768,0.4067953587479707,0.6149648786481627
Pantheon,2012cg,0.00256,30.7449,0.799068,1.5661469968888933,45.96273623758899,30.20411318659988,30.16703256558092,30.316504641252028,30.108335121351836,0.5407868134001212,0.5778674344190797,0.42839535874797363,0.6365648786481657
Pantheon,1994DRichmond,0.00299,30.7757,0.881212,1.2877726430188872,46.61931361735787,30.541989978032323,30.504642874368432,30.65408474057615,30.445631238109495,0.23371002196767776,0.27105712563156814,0.12161525942385154,0.33006876189050516
Pantheon,1981B,0.00317,30.7946,0.614535,2.6479315537131227,47.026848449943266,30.669231889885594,30.631773343236883,30.781202567249537,30.572630210256726,0.12536811011440463,0.1628266567631158,0.013397432750462457,0.22196978974327308
Pantheon,2013aa,0.00331,30.4604,0.594683,2.8276714875089417,40.318640063587246,30.763310025141884,30.725764844612275,30.875184237285822,30.666519446815883,-0.3029100251418839,-0.26536484461227516,-0.41478423728582214,-0.20611944681588312
Pantheon,2013aa,0.00331,30.5528,0.580251,2.9700803932065374,42.071294493988944,30.763310025141884,30.725764844612275,30.875184237285822,30.666519446815883,-0.21051002514188255,-0.1729648446122738,-0.3223842372858208,-0.11371944681588175
Pantheon,2017cbv,0.00331,30.4013,0.578445,2.9886554998421535,39.23610382296296,30.763310025141884,30.725764844612275,30.875184237285822,30.666519446815883,-0.36201002514188474,-0.324464844612276,-0.47388423728582296,-0.26521944681588394
Pantheon,2017cbv,0.00331,30.5107,0.578546,2.987612098427923,41.26348220232266,30.763310025141884,30.725764844612275,30.875184237285822,30.666519446815883,-0.2526100251418839,-0.21506484461227515,-0.36448423728582213,-0.1558194468158831
Pantheon,2001el,0.00333,31.5011,0.591006,2.862966195529314,65.10972709979646,30.776424716612336,30.738867162955824,30.888285151258,30.679607156643552,0.7246752833876648,0.7622328370441771,0.6128148487420013,0.8214928433564488
Pantheon,2011by,0.00349,31.7933,0.55272,3.2733288681985173,74.48792477585444,30.878598590752432,30.840942080350136,30.990348834632016,30.781565212602313,0.9147014092475665,0.952357919649863,0.8029511653679826,1.0117347873976854
Pantheon,1998aq,0.00349,31.4967,0.545492,3.360649566058203,64.97793046840697,30.878598590752432,30.840942080350136,30.990348834632016,30.781565212602313,0.6181014092475685,0.6557579196498651,0.5063511653679846,0.7151347873976874
Pantheon,1990N,0.00359,31.6969,0.550993,3.2938804840321803,71.2534463718402,30.94011110845491,30.902392775602248,31.051792509479576,30.842942875497556,0.7567888915450887,0.7945072243977513,0.6451074905204237,0.8539571245024433
Pantheon,2021pit,0.00384,30.9999,0.566505,3.1159645302967824,51.68992178992244,31.086713403120314,31.048840599979663,31.198222785732835,30.989208139307266,-0.08681340312031338,-0.04894059997966238,-0.19832278573283446,0.010691860692734423
Pantheon,2005df,0.00407,31.3933,0.476404,4.4060477704681995,61.95635721317679,31.213414133281695,31.175399325732577,31.3247653708534,31.1155989349764,0.17988586671830475,0.21790067426742254,0.06853462914660113,0.27770106502359937
Pantheon,2005df_ANU,0.00407,31.3779,0.479276,4.353400632062409,61.51851947624303,31.213414133281695,31.175399325732577,31.3247653708534,31.1155989349764,0.16448586671830512,0.2025006742674229,0.0531346291466015,0.26230106502359973
Pantheon,2013dy,0.00432,31.499,0.514259,3.781257017918375,65.04679084852494,31.343278940087995,31.30510989752755,31.454458402439975,31.245127001932488,0.15572105991200402,0.19389010247244798,0.044541597560023405,0.25387299806751074
Pantheon,2013dy,0.00432,31.5611,0.530838,3.5487547881985813,66.93386062515765,31.343278940087995,31.30510989752755,31.454458402439975,31.245127001932488,0.21782105991200496,0.2559901024724489,0.10664159756002434,0.31597299806751167
Pantheon,2012ht,0.00465,31.9309,0.442017,5.118256594668,79.36077038979317,31.503676650790183,31.465304205484934,31.614629563631606,31.40508044792813,0.4272233492098181,0.4655957945150675,0.316270436368395,0.5258195520718729
Pantheon,2012ht,0.00465,32.033,0.420403,5.658070923522271,83.1813328659,31.503676650790183,31.465304205484934,31.614629563631606,31.40508044792813,0.5293233492098182,0.5676957945150676,0.4183704363683951,0.627919552071873
Pantheon,1980N,0.00482,31.2476,0.558603,3.2047449545170275,57.93564882955067,31.581931171484676,31.543454026155864,31.69276746301205,31.483106207918617,-0.3343311714846777,-0.2958540261558653,-0.44516746301205146,-0.23550620791861832
Pantheon,2012fr,0.00483,31.1331,0.446882,5.007422955617999,54.95989255934792,31.58644834323389,31.547965040841568,31.69727777650467,31.487609925334844,-0.45334834323389117,-0.41486504084156905,-0.5641777765046712,-0.3545099253348454
Pantheon,2007on,0.00483,31.6525,0.564724,3.1356494870413756,69.811324064058,31.58644834323389,31.547965040841568,31.69727777650467,31.487609925334844,0.0660516567661098,0.10453495915843192,-0.044777776504670186,0.1648900746651556
Pantheon,2012fr,0.00483,31.2234,0.410577,5.932131447639933,57.293568784485004,31.58644834323389,31.547965040841568,31.69727777650467,31.487609925334844,-0.36304834323388846,-0.32456504084156634,-0.47387777650466845,-0.26420992533484267
Pantheon,1992A,0.00483,31.34,0.562589,3.1594939437591054,60.45411600600223,31.58644834323389,31.547965040841568,31.69727777650467,31.487609925334844,-0.2464483432338902,-0.20796504084156808,-0.3572777765046702,-0.1476099253348444
Pantheon,2007on,0.00483,31.7635,0.574442,3.030453530302494,73.47267890584754,31.58644834323389,31.547965040841568,31.69727777650467,31.487609925334844,0.17705165676611045,0.21553495915843257,0.06622222349533047,0.27589007466515625
Pantheon,2015F,0.00488,31.4473,0.448264,4.976594734168001,63.51639999987134,31.608895341715076,31.570381256940347,31.719690486736866,31.509989655782228,-0.16159534171507772,-0.123081256940349,-0.2723904867368674,-0.06268965578222918
Pantheon,2015F,0.00488,31.539,0.407028,6.036030534804333,66.25610097886491,31.608895341715076,31.570381256940347,31.719690486736866,31.509989655782228,-0.06989534171507472,-0.03138125694034599,-0.1806904867368644,0.02901034421777382
Pantheon,2011B,0.00538,31.6512,0.514401,3.7791696798851477,69.76954247837206,31.82154269284745,31.782721053194358,31.931995233381443,31.72196465930667,-0.17034269284745207,-0.13152105319435847,-0.2807952333814434,-0.07076465930667197
Pantheon,2018aoz,0.00548,31.7282,0.501431,3.9772019187809846,72.2879443748828,31.861701049472376,31.822817957494482,31.97208512973502,31.76198861897434,-0.1335010494723754,-0.09461795749448143,-0.24388512973501975,-0.033788618974337936
Pantheon,2016coj,0.0057,31.9117,0.469628,4.534109823788722,78.66216134702647,31.94753972217729,31.908521503860168,32.057773260935136,31.847531703469084,-0.0358397221772897,0.003178496139831566,-0.14607326093513606,0.06416829653091582
Pantheon,SN2016coj,0.0057,31.8985,0.483668,4.274696544389462,78.18543828789458,31.94753972217729,31.908521503860168,32.057773260935136,31.847531703469084,-0.04903972217729091,-0.010021503860169645,-0.15927326093513727,0.050968296530914614
Pantheon,2007sr,0.00571,31.6799,0.375913,7.076610786988321,70.69779602487188,31.951362672515938,31.91233831433886,32.06158937080017,31.851341220759508,-0.2714626725159377,-0.23243831433886086,-0.38168937080017074,-0.17144122075950818
Pantheon,2007sr,0.00571,31.6292,0.385756,6.72008274355951,69.06624979766536,31.951362672515938,31.91233831433886,32.06158937080017,31.851341220759508,-0.3221626725159368,-0.28313831433885994,-0.4323893708001698,-0.22214122075950726
Pantheon,2007gi,0.00587,31.7403,0.491367,4.141789548094257,72.69187566031152,32.011639603549106,31.9725170341709,32.12175688170842,31.911403255883275,-0.27133960354910514,-0.23221703417089756,-0.38145688170842007,-0.17110325588327413
Pantheon,1994ae,0.00588,32.1822,0.339643,8.668713772807832,89.0975731949029,32.01535241097315,31.97622370505453,32.125462852090244,31.915102634366622,0.16684758902685104,0.2059762949454722,0.05673714790975737,0.26709736563337927
Pantheon,2015bp,0.00592,32.4685,0.487055,4.215450440690623,101.65432830711978,32.03014104486826,31.99098779474025,32.1402241398345,31.929837554914663,0.43835895513173995,0.4775122052597496,0.3282758601654976,0.5386624450853361
Pantheon,2018gv,0.00602,31.9404,0.344335,8.43407895288356,79.70872733630974,32.06668177694607,32.027467179958784,32.17669652065982,31.966244020533125,-0.1262817769460689,-0.08706717995878321,-0.23629652065981688,-0.025844020533124734
Pantheon,2018gv,0.00602,32.0666,0.343707,8.46492755586513,84.47843797316546,32.06668177694607,32.027467179958784,32.17669652065982,31.966244020533125,-8.177694606814612e-05,0.03913282004121754,-0.11009652065981612,0.10035597946687602
Pantheon,2018gv,0.00602,31.9102,0.350249,8.151662529060868,78.6078422143201,32.06668177694607,32.027467179958784,32.17669652065982,31.966244020533125,-0.15648177694606957,-0.11726717995878388,-0.26649652065981755,-0.056044020533125405
Pantheon,1981D,0.00616,30.9079,0.524992,3.628228487572205,49.54568932065104,32.11683637325196,32.07753592344892,32.226755459104425,32.01621068436831,-1.2089363732519551,-1.1696359234489186,-1.318855459104423,-1.108310684368309
Pantheon,2006dd,0.00616,31.1857,0.452235,4.889581150409624,56.30745197022675,32.11683637325196,32.07753592344892,32.226755459104425,32.01621068436831,-0.931136373251956,-0.8918359234489195,-1.0410554591044239,-0.8305106843683099
Pantheon,2007af,0.00625,32.0667,0.32593,9.413504330342368,84.48232843858503,32.148482975509424,32.10912735480491,32.25834058789749,32.047736497884635,-0.08178297550942659,-0.04242735480491433,-0.1916405878974956,0.01896350211536202
Pantheon,2007af,0.00625,32.0023,0.36156,7.649609127616421,82.01359987038053,32.148482975509424,32.10912735480491,32.25834058789749,32.047736497884635,-0.14618297550942572,-0.10682735480491345,-0.25604058789749473,-0.045436497884637106
Pantheon,2007af,0.00625,32.0999,0.322811,9.596289685550554,85.78391744902666,32.148482975509424,32.10912735480491,32.25834058789749,32.047736497884635,-0.04858297550942581,-0.009227354804913546,-0.15844058789749482,0.0521635021153628
Pantheon,2007af,0.00625,32.0337,0.339166,8.693114120522017,83.20815168194036,32.148482975509424,32.10912735480491,32.25834058789749,32.047736497884635,-0.11478297550942074,-0.07542735480490848,-0.22464058789748975,-0.014036497884632126
Pantheon,2007le,0.0063,32.0754,0.533991,3.506970601065216,84.82148568647976,32.165869003192235,32.1264827388145,32.275692470713366,32.06505542916042,-0.09046900319223283,-0.05108273881450032,-0.20029247071336442,0.010344570839585288
Pantheon,2007le,0.0063,32.0843,0.537335,3.4634565237279995,85.16984856465884,32.165869003192235,32.1264827388145,32.275692470713366,32.06505542916042,-0.08156900319223581,-0.042182738814503296,-0.1913924707133674,0.01924457083958231
Pantheon,2007le,0.0063,32.0203,0.538159,3.4528585282812254,82.69626120885444,32.165869003192235,32.1264827388145,32.275692470713366,32.06505542916042,-0.14556900319223587,-0.10618273881450335,-0.25539247071336746,-0.04475542916041775
Pantheon,1998dm,0.00631,32.8333,0.562902,3.155981266025066,120.25021874214836,32.169329724833275,32.129937332306056,32.27914636398591,32.0685027322442,0.6639702751667258,0.7033626676939448,0.5541536360140924,0.764797267755803
Pantheon,2014bv,0.00634,32.4001,0.482567,4.294224650877814,98.50218745424212,32.17967923460866,32.14026845880323,32.28947538986547,32.07881198779599,0.2204207653913386,0.25983154119677465,0.11062461013452918,0.3212880122040147
Pantheon,2019np,0.00648,32.4608,0.318474,9.859435149555228,101.2945023310644,32.227341355994696,32.1878448147642,32.33704194372659,32.12628628485773,0.23345864400530303,0.2729551852358014,0.12375805627340952,0.3345137151422719
Pantheon,2019np,0.00648,32.4338,0.32229,9.627340652370803,100.04280847295506,32.227341355994696,32.1878448147642,32.33704194372659,32.12628628485773,0.206458644005302,0.2459551852358004,0.0967580562734085,0.3075137151422709
Pantheon,1997br,0.00665,31.7321,0.531169,3.5443333259338137,72.41789136504732,32.28385788004497,32.244257246457266,32.393442474601784,32.182574800092254,-0.5517578800449705,-0.5121572464572672,-0.6613424746017849,-0.4504748000922554
Pantheon,2011iv,0.00668,31.2217,0.420706,5.649923770305293,57.24873240958302,32.293681957386575,32.254062960406834,32.403246088604185,32.19235864782088,-1.0719819573865763,-1.0323629604068358,-1.1815460886041862,-0.9706586478208834
Pantheon,1995al,0.00673,32.3593,0.359446,7.73985259969418,96.6686992900609,32.30995828033977,32.27030868160424,32.419488310021066,32.20856792624288,0.0493417196602266,0.08899131839575602,-0.0601883100210685,0.15073207375711917
Pantheon,1996X,0.00676,31.9733,0.415464,5.79339584900959,80.92559012654868,32.31966642450213,32.27999846705149,32.42917599567885,32.21823584658057,-0.34636642450213273,-0.3066984670514934,-0.4558759956788485,-0.24493584658057088
Pantheon,2017erp,0.00677,32.1951,0.34053,8.623612695602928,89.62844774792474,32.32289294958563,32.28321887295299,32.43239570166366,32.22144896420482,-0.1277929495856327,-0.0881188729529967,-0.23729570166366187,-0.026348964204821357
Pantheon,2017erp,0.00677,32.1729,0.371125,7.260383795231767,88.7168013397716,32.32289294958563,32.28321887295299,32.43239570166366,32.22144896420482,-0.1499929495856307,-0.1103188729529947,-0.2594957016636599,-0.048548964204819356
Pantheon,2017erp,0.00677,32.2048,0.34795,8.259738887765451,90.02971494170365,32.32289294958563,32.28321887295299,32.43239570166366,32.22144896420482,-0.11809294958563044,-0.07841887295299443,-0.2275957016636596,-0.016648964204819094
Pantheon,1992G,0.00692,32.4405,0.439634,5.173893153061502,100.3519636577546,32.37072996941282,32.33096412842902,32.48013045917784,32.26908490107847,0.06977003058717912,0.10953587157098355,-0.039630459177843136,0.1714150989215284
Pantheon,2005cf,0.0071,32.3193,0.325586,9.433406636856011,94.90429668243476,32.42679103684101,32.38691513648389,32.53606887162946,32.32490474056069,-0.10749103684101158,-0.06761513648389439,-0.216768871629462,-0.005604740560691823
Pantheon,2005cf,0.0071,32.3327,0.348317,8.242342509106013,95.49175498606918,32.42679103684101,32.38691513648389,32.53606887162946,32.32490474056069,-0.09409103684100728,-0.05421513648389009,-0.20336887162945771,0.007795259439312474
Pantheon,2005cf,0.0071,32.3221,0.322655,9.605571321274486,95.02674973639876,32.42679103684101,32.38691513648389,32.53606887162946,32.32490474056069,-0.104691036841011,-0.06481513648389381,-0.21396887162946143,-0.0028047405606912434
Pantheon,2002fk,0.00719,32.4423,0.300309,11.088257537052362,100.43518296131013,32.45429361334392,32.41436270695795,32.56351014509985,32.35228673237267,-0.011993613343918241,0.027937293042050726,-0.12121014509984462,0.09001326762733441
Pantheon,2002fk,0.00719,32.4642,0.300269,11.091211953550099,101.45322922610596,32.45429361334392,32.41436270695795,32.56351014509985,32.35228673237267,0.009906386656076904,0.04983729304204587,-0.09931014509984948,0.11191326762732956
Pantheon,2003du,0.00747,32.7943,0.289134,11.961941415032182,118.10978394117672,32.53771829975844,32.49761636432597,32.64674421519091,32.43533639121017,0.25658170024156135,0.2966836356740288,0.14755578480909293,0.35896360878982847
Pantheon,2003du,0.00747,32.7423,0.294759,11.509748953818034,115.31501904273007,32.53771829975844,32.49761636432597,32.64674421519091,32.43533639121017,0.20458170024156175,0.24468363567402918,0.09555578480909332,0.30696360878982887
Pantheon,2003du,0.00747,32.7685,0.292411,11.695332893486656,116.71478518665288,32.53771829975844,32.49761636432597,32.64674421519091,32.43533639121017,0.23078170024156464,0.27088363567403206,0.12175578480909621,0.33316360878983176
Pantheon,2008Q,0.0075,32.3312,0.373843,7.155195324070378,95.42581439630365,32.546471538633455,32.50635128770816,32.655477040241536,32.44404945975874,-0.21527153863345205,-0.1751512877081609,-0.32427704024153314,-0.11284945975873484
Pantheon,2008Q,0.0075,32.2998,0.396652,6.355953381211041,94.0558635302827,32.546471538633455,32.50635128770816,32.655477040241536,32.44404945975874,-0.24667153863345703,-0.2065512877081659,-0.3556770402415381,-0.14424945975873982
Pantheon,2003kf,0.00795,32.6418,0.362719,7.600801470284072,110.09963394623199,32.6737495646056,32.63335479131396,32.78244907596119,32.57072519082379,-0.03194956460559695,0.008445208686040928,-0.1406490759611856,0.071074809176217
Pantheon,1998dh,0.00814,32.7164,0.317031,9.949391924387271,113.9477817432501,32.725351914135345,32.684841349578576,32.83392235177361,32.62207338435904,-0.008951914135344907,0.031558650421423806,-0.11752235177360859,0.09432661564095923
Pantheon,1998dh,0.00814,32.6151,0.317457,9.922707383500732,108.75415918181476,32.725351914135345,32.684841349578576,32.83392235177361,32.62207338435904,-0.11025191413534685,-0.06974134957857814,-0.21882235177361054,-0.006973384359042711
Pantheon,2012hr,0.00814,32.7092,0.367554,7.40214678853665,113.57058819578003,32.725351914135345,32.684841349578576,32.83392235177361,32.62207338435904,-0.016151914135342338,0.024358650421426375,-0.12472235177360602,0.0871266156409618
Pantheon,2009ig,0.00815,32.3711,0.371926,7.229144758115145,97.19543662379012,32.728034560849274,32.687517903958195,32.83659820714237,32.62474265684689,-0.35693456084927533,-0.3164179039581967,-0.46549820714237455,-0.2536426568468926
Pantheon,2009ig,0.00815,32.7434,0.280148,12.74162875913019,115.37344882247622,32.728034560849274,32.687517903958195,32.83659820714237,32.62474265684689,0.015365439150727411,0.05588209604180605,-0.09319820714237181,0.11865734315311016
Pantheon,2009ig,0.00815,32.6707,0.286975,12.142605091647795,111.57473783322665,32.728034560849274,32.687517903958195,32.83659820714237,32.62474265684689,-0.05733456084927724,-0.0168179039581986,-0.16589820714237646,0.04595734315310551
Pantheon,1996Z,0.00817,32.4455,0.490787,4.151584662434029,100.5832988255706,32.73339005399551,32.69286121301853,32.84194011820068,32.630071402262416,-0.28789005399550405,-0.24736121301852876,-0.3964401182006796,-0.18457140226241364
Pantheon,1995D,0.00818,32.484,0.342662,8.516636456640624,102.38253418409646,32.736062916414035,32.695527983685466,32.84460618987645,32.63273089117631,-0.2520629164140331,-0.211527983685464,-0.36060618987644943,-0.14873089117630656
Pantheon,1991M,0.00821,33.2138,0.462834,4.668200385566653,143.28009970430702,32.74406206235453,32.703508855536604,32.8525849647934,32.640689918045716,0.4697379376454691,0.5102911444633946,0.36121503520659815,0.5731100819542831
Pantheon,2013gh,0.00838,32.521,0.465611,4.6126822225438495,104.1419906970511,32.78884897417216,32.748192247195746,32.89725647494011,32.68524952933467,-0.2678489741721606,-0.22719224719574527,-0.3762564749401065,-0.1642495293346684
Pantheon,2013gh,0.00838,32.6922,0.484865,4.253616467442881,112.68493929106498,32.78884897417216,32.748192247195746,32.89725647494011,32.68524952933467,-0.09664897417216167,-0.05599224719574636,-0.2050564749401076,0.006950470665330499
Pantheon,2001bg,0.00855,32.6928,0.359218,7.74968087348116,112.71607959242839,32.83274198804762,32.79198179702212,32.94103414514857,32.72891531215046,-0.13994198804762448,-0.09918179702211916,-0.24823414514857234,-0.03611531215046426
Pantheon,2005W,0.00855,32.852,0.318032,9.88685942518922,121.290245487903,32.83274198804762,32.79198179702212,32.94103414514857,32.72891531215046,0.019258011952373977,0.0600182029778793,-0.08903414514857388,0.12308468784953419
Pantheon,ASASSN-15so,0.00857,32.7527,0.26758,13.966664510399891,115.86863081142941,32.83784875858596,32.79707639900725,32.94612734965614,32.733995354189034,-0.08514875858596582,-0.04437639900725543,-0.19342734965614028,0.018704645810963427
Pantheon,PSNJ0717457,0.00861,32.7223,0.383433,6.801755632943266,114.25780459345465,32.848026872422786,32.80723017806647,32.95627833383885,32.74412001390973,-0.12572687242278846,-0.08493017806647174,-0.2339783338388557,-0.021820013909731983
Pantheon,2005am,0.00863,32.3744,0.338325,8.736386096371326,97.34325742132401,32.853098325351965,32.812289464771176,32.96133622314463,32.749164741222465,-0.47869832535196366,-0.43788946477117463,-0.586936223144626,-0.3747647412224637
Pantheon,2005am,0.00863,32.3945,0.331296,9.111032909584996,98.24848789847064,32.853098325351965,32.812289464771176,32.96133622314463,32.749164741222465,-0.4585983253519643,-0.4177894647711753,-0.5668362231446267,-0.3546647412224644
Pantheon,2005am,0.00863,32.335,0.337879,8.759465363446099,95.59295240031533,32.853098325351965,32.812289464771176,32.96133622314463,32.749164741222465,-0.5180983253519642,-0.4772894647711752,-0.6263362231446266,-0.41416474122246427
Pantheon,1997bp,0.00864,32.4198,0.425219,5.530630908245487,99.39988342301335,32.85562967461339,32.81481473121143,32.96386079089524,32.75168272803606,-0.4358296746133874,-0.3950147312114254,-0.5440607908952373,-0.33188272803605656
Pantheon,2019ein,0.00883,32.8616,0.327035,9.34999828938275,121.82765227394346,32.90318012695537,32.86224964681351,33.01128243263922,32.79897933951182,-0.041580126955366836,-0.0006496468135068767,-0.1496824326392172,0.06262066048818582
Pantheon,2002er,0.00906,32.799,0.368859,7.349862779345563,118.36570115688484,32.959399577919456,32.91832933119187,33.06734605182726,32.854891625422596,-0.16039957791945625,-0.11932933119187084,-0.26834605182725824,-0.05589162542259629
Pantheon,2002er,0.00906,32.7498,0.409525,5.962647864490153,115.71399161309816,32.959399577919456,32.91832933119187,33.06734605182726,32.854891625422596,-0.20959957791945527,-0.16852933119186986,-0.31754605182725726,-0.10509162542259531
Pantheon,2006D,0.00925,32.8914,0.286425,12.189282894507343,123.51106742452257,33.00478270458509,32.96359707585572,33.11260052786011,32.900021102827644,-0.11338270458509214,-0.07219707585572621,-0.22120052786011257,-0.00862110282764661
Pantheon,2006D,0.00925,32.8973,0.282867,12.497853542239529,123.84710953582122,33.00478270458509,32.96359707585572,33.11260052786011,32.900021102827644,-0.10748270458508813,-0.0662970758557222,-0.21530052786010856,-0.0027211028276425964
Pantheon,2006D,0.00925,32.9159,0.285505,12.267965987718181,124.91249270437254,33.00478270458509,32.96359707585572,33.11260052786011,32.900021102827644,-0.08888270458508885,-0.047697075855722915,-0.19670052786010928,0.015878897172356687
Pantheon,2013cs,0.00935,32.3353,0.401367,6.207499243386742,95.60615996707207,33.0282980867782,32.98705175877895,33.13604822824275,32.92340302020645,-0.6929980867782035,-0.6517517587789499,-0.8007482282427532,-0.5881030202064537
Pantheon,1999cp,0.00954,33.0399,0.268981,13.82155137309539,132.25310438695232,33.07229722240025,33.03093561915827,33.179918823598456,32.9671486387737,-0.03239722240024889,0.008964380841732122,-0.14001882359845297,0.07275136122630244
Pantheon,1999cp,0.00954,33.2135,0.253629,15.545410016883906,143.2603061943239,33.07229722240025,33.03093561915827,33.179918823598456,32.9671486387737,0.14120277759975153,0.18256438084173254,0.03358117640154745,0.24635136122630286
Pantheon,2002cr,0.00954,33.2309,0.251906,15.758793924418304,144.41286201825625,33.07229722240025,33.03093561915827,33.179918823598456,32.9671486387737,0.1586027775997465,0.19996438084172752,0.05098117640154243,0.26375136122629783
Pantheon,2002cr,0.00954,33.2469,0.254885,15.39258087353096,145.4808651458614,33.07229722240025,33.03093561915827,33.179918823598456,32.9671486387737,0.17460277759974474,0.21596438084172576,0.06698117640154067,0.27975136122629607
Pantheon,2002dj,0.00957,32.901,0.309548,10.436238494384986,124.05831411792347,33.079164816498334,33.03778501829352,33.186766128472286,32.973976211778144,-0.17816481649833094,-0.13678501829351575,-0.28576612847228233,-0.07297621177814051
Pantheon,2002dj,0.00957,32.8654,0.334488,8.937970491084206,122.04103301125559,33.079164816498334,33.03778501829352,33.186766128472286,32.973976211778144,-0.21376481649833323,-0.17238501829351804,-0.32136612847228463,-0.1085762117781428
Pantheon,1998es,0.00966,32.8029,0.35789,7.807300088063769,118.57847891308029,33.099640082682356,33.05820571004509,33.20718053779299,32.99433142763043,-0.29674008268235497,-0.25530571004508573,-0.40428053779299233,-0.19143142763042675
Pantheon,1998es,0.00966,32.9165,0.372831,7.1940916878940175,124.94701207041513,33.099640082682356,33.05820571004509,33.20718053779299,32.99433142763043,-0.18314008268235682,-0.14170571004508759,-0.2906805377929942,-0.0778314276304286
Pantheon,PTF10icb,0.00993,33.4753,0.372879,7.192239643798966,161.61656612557226,33.15994854317399,33.11835054131684,33.267306524952104,33.054279853639386,0.31535145682600785,0.35694945868315386,0.20799347504789267,0.42102014636061114
Pantheon,2009Y,0.00996,32.6457,0.409088,5.975393625049146,110.29755237057286,33.16654874293231,33.1249325687591,33.27388645889846,33.0608400603517,-0.5208487429323085,-0.4792325687591017,-0.6281864588984618,-0.41514006035170326
Pantheon,2009Y,0.00996,32.7458,0.360296,7.703376400328204,115.50103476411068,33.16654874293231,33.1249325687591,33.27388645889846,33.0608400603517,-0.4207487429323038,-0.37913256875909696,-0.5280864588984571,-0.3150400603516985
Pantheon,2009Y,0.00996,32.9015,0.334006,8.963785657646275,124.08688288937336,33.16654874293231,33.1249325687591,33.27388645889846,33.0608400603517,-0.26504874293230785,-0.223432568759101,-0.3723864588984611,-0.15934006035170256
Pantheon,2013E,0.01016,32.7794,0.348547,8.231468146137166,117.30212374555924,33.21005220177065,33.16831492331676,33.31725485832103,33.10407695399056,-0.43065220177064845,-0.38891492331675437,-0.5378548583210261,-0.3246769539905543
Pantheon,1999ac,0.01017,32.9182,0.365223,7.4969352680999215,125.04486875370341,33.21220500463923,33.17046167300215,33.31940091031833,33.10621643111453,-0.2940050046392315,-0.2522616730021525,-0.4012009103183303,-0.1880164311145336
Pantheon,1999ac,0.01017,32.9674,0.341878,8.555742213266864,127.91040529991842,33.21220500463923,33.17046167300215,33.31940091031833,33.10621643111453,-0.2448050046392325,-0.2030616730021535,-0.35200091031833125,-0.13881643111453457
Pantheon,2009an,0.01026,33.3378,0.306294,10.659160975999319,151.70010278806436,33.23148623485655,33.18968843327245,33.33862139169008,33.12537774040832,0.10631376514345448,0.14811156672755033,-0.0008213916900814411,0.21242225959168337
Pantheon,2009an,0.01026,33.2253,0.299086,11.179125482420531,144.04091617737086,33.23148623485655,33.18968843327245,33.33862139169008,33.12537774040832,-0.006186234856549788,0.03561156672754606,-0.1133213916900857,0.09992225959167911
Pantheon,2006bh,0.01028,33.2788,0.247952,16.265400773708002,147.63382607080874,33.23574815513076,33.19393825124088,33.34286981441964,33.12961301422282,0.04305184486923963,0.084861748759117,-0.06406981441964632,0.14918698577717748
Pantheon,2004S,0.01042,33.1236,0.317227,9.937101177480649,137.45035791115603,33.26535320528623,33.22345860690756,33.37238040414647,33.15903156597898,-0.14175320528622848,-0.09985860690755999,-0.24878040414646563,-0.03543156597897479
Pantheon,2021hpr,0.01044,33.0869,0.343916,8.454642298470095,135.14683364017026,33.26955024683896,33.22764355234029,33.37656395454952,33.16320196873401,-0.18265024683896058,-0.14074355234028957,-0.28966395454951765,-0.07630196873400763
Pantheon,2002dp,0.01061,33.3806,0.309009,10.472677811477947,154.71979277124743,33.304906349401264,33.262896869091705,33.41180541460428,33.19833168017433,0.0756936505987369,0.11770313090829632,-0.031205414604279724,0.18226831982567404
Pantheon,2002dp,0.01061,33.2931,0.27457,13.264590055211325,148.60926117637243,33.304906349401264,33.262896869091705,33.41180541460428,33.19833168017433,-0.011806349401261684,0.030203130908297737,-0.1187054146042783,0.09476831982567546
Pantheon,1997do,0.01073,33.1081,0.364668,7.519772288628195,136.4727286776046,33.329526827625536,33.28744482624297,33.43634500345972,33.222792394542765,-0.22142682762553534,-0.17934482624296777,-0.3282450034597204,-0.11469239454276448
Pantheon,1997bq,0.01079,33.0683,0.324016,9.525046123717585,133.9941614075857,33.34173482197755,33.299616570488666,33.44851256391034,33.23492051988727,-0.27343482197755264,-0.23131657048866572,-0.38021256391034086,-0.16662051988726745
Pantheon,2008fv_comb,0.01079,33.1809,0.377969,6.999832320927706,141.1256239489958,33.34173482197755,33.299616570488666,33.44851256391034,33.23492051988727,-0.16083482197755217,-0.11871657048866524,-0.2676125639103404,-0.05402051988726697
Pantheon,ASASSN-16jf,0.01096,33.5709,0.314858,10.087197755736684,168.89075418578753,33.37596190042735,33.33374097805525,33.48262511866807,33.268921349581554,0.19493809957265285,0.23715902194474836,0.08827488133193384,0.30197865041844807
Pantheon,iPTF13ebh,0.01114,33.7337,0.342487,8.525342142733216,182.03960104952222,33.41163309878595,33.36930352687557,33.51817511951295,33.304353065765405,0.32206690121405046,0.3643964731244296,0.21552488048705243,0.42934693423459436
Pantheon,iPTF13ebh,0.01114,33.6369,0.29522,11.473830984255377,174.10284784969565,33.41163309878595,33.36930352687557,33.51817511951295,33.304353065765405,0.2252669012140487,0.2675964731244278,0.11872488048705065,0.3325469342345926
Pantheon,2010ko,0.01122,33.8347,0.353909,7.983931202756209,190.70666658122957,33.427303854899456,33.38492601437552,33.5337920308141,33.31991741022093,0.4073961451005417,0.4497739856244749,0.3009079691859,0.5147825897790668
Pantheon,2013ex,0.01122,33.4336,0.283424,12.448778911585913,158.54256312129775,33.427303854899456,33.38492601437552,33.5337920308141,33.31991741022093,0.006296145100542105,0.048673985624475335,-0.10019203081409955,0.1136825897790672
Pantheon,2013ex,0.01122,33.4947,0.325172,9.457442633132619,163.06692251880756,33.427303854899456,33.38492601437552,33.5337920308141,33.31991741022093,0.06739614510054537,0.1097739856244786,-0.03909203081409629,0.17478258977907046
Pantheon,2009ab,0.01155,33.5833,0.281169,12.649260233356149,169.8579487223834,33.49079558249026,33.44821876443106,33.59706178346611,33.382970351395834,0.09250441750974403,0.13508123556893992,-0.013761783466108568,0.2003296486041677
Pantheon,2011ao,0.01195,33.4974,0.301502,11.00068186578074,163.2698053756042,33.565386760477,33.52256903898982,33.67138419191232,33.45703001579122,-0.06798676047699814,-0.025169038989822923,-0.17398419191231795,0.04036998420878035
Pantheon,2001cz,0.01213,33.8783,0.346381,8.3347365445043,194.57447846888255,33.598148818957604,33.5552227914931,33.704025408070116,33.48955301776391,0.2801511810423989,0.323077208506902,0.17427459192988692,0.3887469822360927
Pantheon,2009kk,0.0122,33.7023,0.266666,14.062570312763672,179.42620643837276,33.61075967247076,33.56779154286421,33.71658928476637,33.50207092573573,0.09154032752923769,0.1345084571357944,-0.014289284766370258,0.2002290742642714
Pantheon,2010Y,0.01233,33.7403,0.254135,15.483567715575118,182.5937361521177,33.63399075016552,33.590944455892576,33.73973314567478,33.52512942129384,0.10630924983447443,0.14935554410742213,0.0005668543252141944,0.2151705787061573
Pantheon,2008R,0.01246,33.8286,0.265115,14.227591884866,190.1716939835133,33.65698038576358,33.61385595935012,33.76263559811411,33.54794651506148,0.1716196142364197,0.21474404064988306,0.0659644018858927,0.2806534849385187
Pantheon,2002ha,0.01258,33.708,0.24076,17.251677491013186,179.89780941738485,33.67799162654677,33.634795107018476,33.78356639197411,33.56879852222849,0.030008373453227932,0.07320489298152211,-0.07556639197411386,0.1392014777715076
Pantheon,2002ha,0.01258,33.7246,0.250097,15.987591222375503,181.27832306681307,33.67799162654677,33.634795107018476,33.78356639197411,33.56879852222849,0.04660837345323188,0.08980489298152605,-0.05896639197410991,0.15580147777151154
Pantheon,2009kq,0.01259,33.5874,0.26006,14.786074278885078,170.1789638366451,33.679733590529665,33.63653106449221,33.785301653339516,33.57052721829296,-0.0923335905296625,-0.049131064492208054,-0.19790165333951393,0.016872781707043316
Pantheon,2009kq,0.01259,33.5178,0.26619,14.11290855513664,164.81087877429567,33.679733590529665,33.63653106449221,33.785301653339516,33.57052721829296,-0.16193359052966372,-0.11873106449220927,-0.26750165333951514,-0.0527272182929579
Pantheon,2001bt,0.01279,33.7492,0.416658,5.760239623476227,183.3436508576745,33.714287991105664,33.67096537527283,33.819722043321846,33.60481631055286,0.03491200889433799,0.07823462472717324,-0.07052204332184431,0.14438368944713886
Pantheon,2001ep,0.01283,33.6365,0.287379,12.108488720724218,174.07077987358764,33.72113460465914,33.677787980097044,33.826541864299145,33.611609873881804,-0.08463460465914352,-0.04128798009704582,-0.19004186429914682,0.02489012611819419
Pantheon,2001ep,0.01283,33.5028,0.331124,9.120500690049713,163.67632866511002,33.72113460465914,33.677787980097044,33.826541864299145,33.611609873881804,-0.218334604659141,-0.1749879800970433,-0.3237418642991443,-0.1088098738818033
Pantheon,2013gy,0.01303,33.7355,0.239783,17.392548417455725,182.1905618106941,33.75505361336304,33.711586991288776,33.86032695781967,33.64526368863983,-0.01955361336303696,0.023913008711225814,-0.12482695781967124,0.0902363113601723
Pantheon,2013gy,0.01303,33.7607,0.28722,12.121898529226295,184.31720454790826,33.75505361336304,33.711586991288776,33.86032695781967,33.64526368863983,0.005646386636961154,0.04911300871122393,-0.09962695781967312,0.11543631136017041
Pantheon,AT2017cfd,0.01304,33.5752,0.292564,11.683103651051935,169.22552692508407,33.75673599982823,33.713263379896354,33.862002650612084,33.64693281790879,-0.18153599982822755,-0.13806337989635153,-0.2868026506120813,-0.0717328179087886
Pantheon,2017cfd,0.01304,33.5673,0.284786,12.329990120414413,168.61098871632197,33.75673599982823,33.713263379896354,33.862002650612084,33.64693281790879,-0.1894359998282269,-0.1459633798963509,-0.2947026506120807,-0.07963281790878796
Pantheon,1999dq,0.01312,33.52,0.273536,13.365063188000093,164.97793945968027,33.77014927368713,33.72662867781173,33.875362382240546,33.66024004277138,-0.25014927368712847,-0.20662867781172878,-0.35536238224054273,-0.14024004277137436
Pantheon,1999dq,0.01312,33.4717,0.261601,14.612388167380614,161.3488502596949,33.77014927368713,33.72662867781173,33.875362382240546,33.66024004277138,-0.29844927368713314,-0.25492867781173345,-0.4036623822405474,-0.18854004277137904
Pantheon,2007hj,0.01325,33.9682,0.303693,10.842525108959368,202.79903076767877,33.79177404710113,33.7481755165416,33.89690017664304,33.68169251906931,0.17642595289887453,0.22002448345840264,0.07129982335696639,0.28650748093069467
Pantheon,2007hj,0.01325,33.9846,0.299399,11.15576376601106,204.33646462067387,33.79177404710113,33.7481755165416,33.89690017664304,33.68169251906931,0.19282595289887183,0.23642448345839995,0.08769982335696369,0.302907480930692
Pantheon,2007hj,0.01325,33.9247,0.304606,10.777625600228664,198.77688247911343,33.79177404710113,33.7481755165416,33.89690017664304,33.68169251906931,0.13292595289887288,0.176524483458401,0.027799823356964737,0.24300748093069302
Pantheon,2008hv,0.01375,33.797,0.277855,12.952797243688526,187.4242903128862,33.87303298423074,33.829135007313695,33.97782489179322,33.76228914984148,-0.07603298423074278,-0.03213500731369834,-0.1808248917932218,0.03471085015851827
Pantheon,2008hv,0.01375,33.7683,0.232778,18.45508862361994,184.96343195569068,33.87303298423074,33.829135007313695,33.97782489179322,33.76228914984148,-0.10473298423073629,-0.06083500731369185,-0.20952489179321532,0.006010850158524761
Pantheon,2008hv,0.01375,33.772,0.235755,17.99194751587342,185.2788622026843,33.87303298423074,33.829135007313695,33.97782489179322,33.76228914984148,-0.10103298423074136,-0.05713500731369692,-0.2058248917932204,0.00971085015851969
Pantheon,1997E,0.01376,33.7649,0.288791,11.990372927514153,184.674050617368,33.8746281534594,33.83072419250934,33.97941338164237,33.763871079009554,-0.10972815345940035,-0.06582419250933924,-0.21451338164236944,0.0010289209904428276
Pantheon,2007cv,0.01386,33.6741,0.345367,8.383750084161084,177.1111386110987,33.89051702761978,33.846553236890855,33.995235472916775,33.77962756564358,-0.21641702761977655,-0.17245323689085268,-0.32113547291677236,-0.10552756564357679
Pantheon,1992al,0.01388,33.6968,0.233531,18.336266904664953,178.9723229698812,33.893681182378955,33.849705427996135,33.998386273478694,33.782765245750944,-0.19688118237895225,-0.1529054279961315,-0.3015862734786907,-0.08596524575094122
Pantheon,1999dk,0.01389,33.8053,0.288803,11.989376528682625,188.14205141072108,33.89526156788087,33.851279831958806,33.99995998217945,33.7843323942836,-0.08996156788087006,-0.045979831958803175,-0.19465998217944502,0.020967605716400328
Pantheon,1999dk,0.01389,33.6651,0.296207,11.397493804191553,176.3785934908479,33.89526156788087,33.851279831958806,33.99995998217945,33.7843323942836,-0.23016156788087017,-0.18617983195880328,-0.3348599821794451,-0.11923239428359977
Pantheon,ASASSN-16dn,0.01411,33.8206,0.250873,15.888838601690992,189.4723645746007,33.92974806956468,33.88563478829672,34.03429964440067,33.8185277427891,-0.10914806956468226,-0.06503478829672105,-0.2136996444006698,0.0020722572108979875
Pantheon,ASASSN-16la,0.01424,33.8444,0.265489,14.187534696975447,191.5604616748275,33.94987719215638,33.9056862231635,34.05434204331432,33.83848487439124,-0.10547719215637841,-0.06128622316349919,-0.20994204331432087,0.005915125608758842
Pantheon,2005kc,0.01442,34.0187,0.307194,10.596795226673962,207.57061642443801,33.977450126652855,33.933151643509305,34.08179495415435,33.86581973380482,0.041249873347148025,0.08554835649069759,-0.06309495415434441,0.1528802661951829
Pantheon,2005kc,0.01442,34.0249,0.352338,8.055287222580217,208.1641200775251,33.977450126652855,33.933151643509305,34.08179495415435,33.86581973380482,0.047449873347147786,0.09174835649069735,-0.056894954154344646,0.15908026619518267
Pantheon,2007ca,0.01442,34.3366,0.370715,7.27645222224196,240.29563123261985,33.977450126652855,33.933151643509305,34.08179495415435,33.86581973380482,0.35914987334714255,0.4034483564906921,0.2548050458456501,0.47078026619517743
Pantheon,2007ca,0.01442,34.1781,0.396908,6.347757026742598,223.38081702383786,33.977450126652855,33.933151643509305,34.08179495415435,33.86581973380482,0.200649873347146,0.24494835649069557,0.09630504584565358,0.3122802661951809
Pantheon,2007ca,0.01442,34.252,0.397235,6.33731050419107,231.11379824931873,33.977450126652855,33.933151643509305,34.08179495415435,33.86581973380482,0.27454987334714787,0.3188483564906974,0.17020504584565543,0.38618026619518275
Pantheon,2006N,0.01446,33.9078,0.240515,17.286842147887732,197.23585862956432,33.983531185325845,33.93920881857895,34.08784934961983,33.87184789735532,-0.07573118532584289,-0.03140881857894584,-0.18004934961982855,0.03595210264467852
Pantheon,2006td,0.0145,34.1727,0.365029,7.504906097401329,222.82600555360486,33.98959562362793,33.94524937634259,34.09388712788331,33.877859444334796,0.18310437637207144,0.2274506236574112,0.07881287211668564,0.2948405556652034
Pantheon,2013gq,0.01453,33.7526,0.2163,21.374056896457017,183.63094748045776,33.99413310033841,33.949768944660434,34.098404611644284,33.88235725504682,-0.24153310033840825,-0.197168944660433,-0.345804611644283,-0.1297572550468189
Pantheon,2004eo,0.0146,33.8826,0.249316,16.08791262868093,194.96016110419387,34.004684604211604,33.960278668987385,34.108909472232654,33.89281621323448,-0.12208460421160794,-0.07767866898738873,-0.22630947223265707,-0.01021621323448585
Pantheon,2003gt,0.01462,33.9253,0.243928,16.806477177797323,198.83181415022614,34.00769012805824,33.96327225754437,34.11190167120853,33.89579529759361,-0.0823901280582433,-0.03797225754436795,-0.18660167120852833,0.029504702406391914
Pantheon,2005bo,0.01463,33.7553,0.390506,6.557594802780379,183.85941546553792,34.00919136504198,33.96476752717051,34.11339624605385,33.89728331518971,-0.25389136504198007,-0.20946752717050998,-0.3580962460538544,-0.1419833151897123
Pantheon,2005bo,0.01463,33.7189,0.39282,6.4805642008226165,180.80310106457972,34.00919136504198,33.96476752717051,34.11339624605385,33.89728331518971,-0.2902913650419805,-0.2458675271705104,-0.3944962460538548,-0.17838331518971273
Pantheon,2001fe,0.01467,33.8916,0.240694,17.2611398525342,195.76988019670728,34.015186179074654,33.970738473687604,34.11936441351271,33.90322525404594,-0.12358617907465685,-0.07913847368760685,-0.22776441351271615,-0.01162525404594561
Pantheon,2013fa,0.01472,33.7894,0.397352,6.3335790209367575,186.7694651293155,34.02265699871838,33.97817946324487,34.126801929393366,33.910629985060446,-0.23325699871838168,-0.18877946324487027,-0.33740192939336566,-0.12122998506044524
Pantheon,2000dm,0.01484,34.0109,0.270222,13.69489137836125,206.82635348200657,34.040485041965766,33.995935933811346,34.14455006379869,33.92829943980837,-0.029585041965766834,0.014964066188653646,-0.13365006379869016,0.08260056019162931
Pantheon,PSNJ2043531,0.01492,34.1902,0.372674,7.2001544146037375,224.6290265467508,34.052291359252365,34.00769455128951,34.15630312435579,33.9400000504143,0.1379086407476322,0.18250544871048646,0.033896875644209956,0.25019994958569924
Pantheon,2011df,0.01493,33.8524,0.277558,12.980532268481674,192.2674981058914,34.05376274439436,34.009159974816626,34.157767853297,33.941458223289004,-0.20136274439435908,-0.15675997481662307,-0.30536785329699967,-0.08905822328900115
Pantheon,2005el,0.01499,33.974,0.229564,18.97546525807402,203.34143076920083,34.062570638126644,34.01793210287802,34.16653581397938,33.950186848400094,-0.08857063812664734,-0.04393210287802418,-0.1925358139793829,0.023813151599902938
Pantheon,2005el,0.01499,33.9261,0.231708,18.625928986051818,198.9050799928682,34.062570638126644,34.01793210287802,34.16653581397938,33.950186848400094,-0.13647063812664584,-0.09183210287802268,-0.2404358139793814,-0.024086848400095562
Pantheon,2001cn,0.01515,33.8877,0.294985,11.492119536594908,195.41858984266793,34.085888977111416,34.04115510041255,34.189747699646254,33.97329384614713,-0.19818897711141403,-0.1534551004125504,-0.302047699646252,-0.08559384614712684
Pantheon,2005de,0.01519,34.1793,0.26677,14.051607893945445,223.50429594062237,34.09168050731033,34.046922802900205,34.19551262442674,33.979032550524096,0.08761949268966873,0.13237719709979245,-0.01621262442674265,0.20026744947590203
Pantheon,SN2017jl,0.01525,33.7706,0.30219,10.950648088975408,185.15944700480927,34.10033958676502,34.05554614652537,34.204131801685946,33.987612398360255,-0.32973958676501525,-0.2849461465253711,-0.43353180168594463,-0.21701239836025366
Pantheon,ASASSN-16ad,0.01529,34.0334,0.344305,8.435548774069805,208.98055347594692,34.106093610809225,34.061276350507754,34.20985922822087,33.99331360606794,-0.07269361080922465,-0.0278763505077535,-0.176459228220871,0.04008639393205726
Pantheon,ATLAS16cxr,0.01542,34.3426,0.372888,7.1918924651521206,240.96051074065684,34.12469192562568,34.079797271250186,34.22837112297642,34.01174029398898,0.21790807437431425,0.26280272874981137,0.11422887702357798,0.3308597060110188
Pantheon,iPTF16auf,0.01543,34.0744,0.314862,10.08694146228287,212.96384293661472,34.126116137465836,34.081215531038204,34.22978868850319,34.013151305419676,-0.051716137465838585,-0.006815531038206757,-0.15538868850319432,0.06124869458032123
Pantheon,2008bc,0.01546,34.0331,0.226465,19.498347975413825,208.95168373981372,34.13038330390754,34.08546484247039,34.23403591719059,34.01737887205522,-0.09728330390754536,-0.052364842470389306,-0.20093591719059134,0.015721127944779312
Pantheon,2011im,0.01549,34.2732,0.34036,8.632229338417243,233.38120348499928,34.13464229146099,34.089705976734514,34.238274968768344,34.02159826193571,0.13855770853901106,0.1834940232654887,0.034925031231658465,0.251601738064295
Pantheon,1999ej,0.0155,34.2581,0.272528,13.464112813165311,231.7639452108757,34.136060141922314,34.091117876481654,34.23968617429967,34.023002913646735,0.12203985807768447,0.16698212351834485,0.018413825700328346,0.23509708635326376
Pantheon,1999ej,0.0155,34.2112,0.258071,15.014870493279341,226.81192004112225,34.136060141922314,34.091117876481654,34.23968617429967,34.023002913646735,0.07513985807768364,0.12008212351834402,-0.028486174299672484,0.18819708635326293
Pantheon,2001en,0.0155,33.9994,0.28632,12.198224703555814,205.7339076619657,34.136060141922314,34.091117876481654,34.23968617429967,34.023002913646735,-0.13666014192231302,-0.09171787648165264,-0.24028617429966914,-0.023602913646733725
Pantheon,2001en,0.0155,33.8852,0.313932,10.146793599690735,195.1937353382287,34.136060141922314,34.091117876481654,34.23968617429967,34.023002913646735,-0.25086014192231687,-0.2059178764816565,-0.354486174299673,-0.13780291364673758
Pantheon,2001V,0.01557,33.7902,0.290577,11.843430849113515,186.8382862196476,34.14595984598073,34.100975930891806,34.24953936938088,34.032810233088924,-0.3557598459807281,-0.31077593089180766,-0.4593393693808778,-0.24261023308892504
Pantheon,2001V,0.01557,33.8072,0.290395,11.858280828465306,188.3067444234707,34.14595984598073,34.100975930891806,34.24953936938088,34.032810233088924,-0.33875984598072506,-0.29377593089180465,-0.4423393693808748,-0.22561023308892203
Pantheon,2008ec,0.01562,34.1732,0.264363,14.308649872222299,222.8773190449343,34.15300416078375,34.1079905016788,34.25655046941331,34.03978856598959,0.020195839216249567,0.06520949832120237,-0.08335046941331115,0.13341143401041222
Pantheon,2008ec,0.01562,34.1302,0.33431,8.94749089006965,218.5072619530745,34.15300416078375,34.1079905016788,34.25655046941331,34.03978856598959,-0.022804160783749694,0.022209498321203114,-0.1263504694133104,0.09041143401041296
Pantheon,2008eo,0.01565,34.3317,0.278713,12.873171291985976,239.75400744290982,34.15722005755025,34.11218855432852,34.260746439688155,34.04396487645808,0.17447994244975007,0.21951144567147907,0.07095356031184252,0.2877351235419212
Pantheon,2009nq,0.01576,34.1657,0.28688,12.150648444141542,222.10885590908967,34.172610290510285,34.127513373570714,34.27606362405546,34.05920997790169,-0.006910290510283801,0.03818662642928672,-0.1103636240554593,0.10649002209831337
Pantheon,2005al,0.01578,33.9986,0.219937,20.672995317749784,205.65812644961323,34.17539710262214,34.13028829476259,34.27883715717262,34.061970405544756,-0.17679710262213888,-0.13168829476258992,-0.2802371571726141,-0.06337040554475237
Pantheon,2013hn,0.01578,34.0697,0.290382,11.859342609853153,212.50339609096469,34.17539710262214,34.13028829476259,34.27883715717262,34.061970405544756,-0.10569710262214471,-0.06058829476259575,-0.20913715717261994,0.007729594455241795
Pantheon,2001bf,0.01581,33.9926,0.239289,17.46443461120945,205.09065639604583,34.17957078137198,34.13444413856496,34.282990918911544,34.06610450936793,-0.18697078137197565,-0.1418441385649558,-0.290390918911541,-0.07350450936792896
Pantheon,2001bf,0.01581,33.9004,0.218994,20.851416708835508,196.56485713222568,34.17957078137198,34.13444413856496,34.282990918911544,34.06610450936793,-0.27917078137198104,-0.2340441385649612,-0.3825909189115464,-0.16570450936793435
Pantheon,ASASSN-15oh,0.01587,34.3916,0.270341,13.682837465775428,246.4596770435344,34.18789470587042,34.14273239832498,34.291275014719865,34.074349290408115,0.20370529412957694,0.2488676016750162,0.10032498528013178,0.31725070959188173
Pantheon,1994S,0.01588,34.0287,0.224824,19.784025322975037,208.52871885781022,34.189279001769826,34.1441107507697,34.29265267319534,34.07572039656007,-0.16057900176982542,-0.11541075076969776,-0.263952673195341,-0.04702039656007173
Pantheon,1999aa,0.0159,34.1663,0.242893,16.950011692786745,222.17023533345645,34.19204501062814,34.146864873291534,34.295405407798135,34.07846002663398,-0.025745010628142495,0.01943512670846559,-0.12910540779813573,0.08783997336602312
Pantheon,1999aa,0.0159,34.1323,0.209471,22.790412611842257,218.71867942292235,34.19204501062814,34.146864873291534,34.295405407798135,34.07846002663398,-0.059745010628141415,-0.014564873291533331,-0.16310540779813465,0.053839973366024196
Pantheon,2002cs,0.0159,34.0329,0.272511,13.465792723754028,208.93243946477364,34.19204501062814,34.146864873291534,34.295405407798135,34.07846002663398,-0.15914501062814423,-0.11396487329153615,-0.26250540779813747,-0.04556002663397862
Pantheon,iPTF14bdn,0.01603,34.1062,0.281582,12.612181774392994,216.10552737002075,34.20994068235902,34.16468330245126,34.313214816116556,34.09618425935408,-0.10374068235901746,-0.05848330245125766,-0.2070148161165548,0.010015740645918925
Pantheon,2007ss,0.01652,34.4137,0.34637,8.335265941148393,248.98080975539983,34.27612833369831,34.23058009860637,34.37907762048867,34.16172607704485,0.13757166630168882,0.18311990139363132,0.034622379511326073,0.25197392295515186
Pantheon,2010kg,0.01652,33.9999,0.334729,8.9251047074459,205.78128509917548,34.27612833369831,34.23058009860637,34.37907762048867,34.16172607704485,-0.2762283336983131,-0.23068009860637062,-0.37917762048867587,-0.16182607704485008
Pantheon,2013fw,0.01656,34.1608,0.218117,21.019431634930545,221.60822491697152,34.281445473645704,34.23587351549304,34.38436826322304,34.166990520957256,-0.12064547364570188,-0.0750735154930382,-0.22356826322303647,-0.006190520957254364
Pantheon,2013Q,0.01657,33.9726,0.41528,5.798530798882423,203.21037395622812,34.28277277605088,34.23719488760972,34.38568894181784,34.16830464994496,-0.31017277605087656,-0.26459488760971794,-0.41308894181783984,-0.1957046499449575
Pantheon,iPTF13dge,0.01662,34.2793,0.261916,14.577261375787549,234.03772889144258,34.289397440338256,34.24378990331456,34.392280490010506,34.17486345069244,-0.010097440338256547,0.03551009668544225,-0.11298049001050714,0.10443654930755741
Pantheon,2007fs,0.01666,34.3408,0.198023,25.501676289204447,240.7608539540916,34.294683011422364,34.249051758964285,34.39753957176715,34.18009633520128,0.04611698857763713,0.09174824103571666,-0.056739571767145947,0.16070366479872433
Pantheon,SN2016gfr,0.01671,33.8985,0.245383,16.60775985891863,196.392941576992,34.301272373819174,34.25561148135725,34.40409582693954,34.18661984469932,-0.4027723738191753,-0.3571114813572507,-0.5055958269395404,-0.28811984469932383
Pantheon,ASASSN-16ip,0.01678,34.1679,0.246475,16.460925502573403,222.3339967370139,34.31046483427842,34.26476245381652,34.41324194556212,34.195720121030504,-0.14256483427841715,-0.09686245381652014,-0.2453419455621173,-0.027820121030501355
Pantheon,2007A,0.01682,34.4649,0.358327,7.7882688138189105,254.92115355269178,34.31570067665241,34.269974592954796,34.418451311221965,34.200903291960884,0.14919932334758812,0.19492540704520422,0.04644868877803532,0.2639967080391159
Pantheon,2007A,0.01682,34.5341,0.341619,8.568720280907637,263.17575350826604,34.31570067665241,34.269974592954796,34.418451311221965,34.200903291960884,0.21839932334759027,0.2641254070452064,0.11564868877803747,0.33319670803911805
Pantheon,PSNJ0107203,0.01682,33.9673,0.284408,12.362786901820888,202.71499501931166,34.31570067665241,34.269974592954796,34.418451311221965,34.200903291960884,-0.34840067665241037,-0.30267459295479426,-0.45115131122196317,-0.2336032919608826
Pantheon,1998ef,0.0169,33.841,0.289311,11.947309299687554,191.26075906776114,34.32613556588766,34.280362084865274,34.42883325648653,34.2112328496551,-0.48513556588765994,-0.43936208486527306,-0.5878332564865261,-0.3702328496550962
Pantheon,1998ef,0.0169,33.8975,0.264562,14.287132417497562,196.3025201069742,34.32613556588766,34.280362084865274,34.42883325648653,34.2112328496551,-0.42863556588766016,-0.3828620848652733,-0.5313332564865263,-0.3137328496550964
Pantheon,ASASSN-15ti,0.01692,34.4894,0.310314,10.384779056354144,257.8136307728047,34.32873666479122,34.28295133634301,34.43142112136756,34.21380761803697,0.16066333520878118,0.20644866365699244,0.05797887863244,0.2755923819630368
Pantheon,ASASSN-15od,0.01698,34.3409,0.228387,19.171550608208396,240.7719416564588,34.33652178039793,34.29070091424459,34.439166539634485,34.2215137477506,0.00437821960206719,0.0501990857554091,-0.09826653963448706,0.1193862522493987
Pantheon,1996bv,0.01699,34.0755,0.297815,11.27474852364701,213.07175108717465,34.33781665762304,34.2919898691856,34.44045480132572,34.22279546148731,-0.2623166576230389,-0.21648986918560098,-0.3649548013257231,-0.14729546148731032
Pantheon,1997Y,0.01705,34.1973,0.214463,21.741787484924366,225.36469155869824,34.34557014937336,34.299707831231466,34.448168604008956,34.23046997726948,-0.14827014937336003,-0.10240783123146713,-0.25086860400895716,-0.033169977269480455
Pantheon,2001da,0.01718,34.022,0.308995,10.473626828846161,207.88630258348235,34.362277350909046,34.31633807526208,34.46478983688698,34.247006093386474,-0.340277350909048,-0.29433807526208255,-0.4427898368869805,-0.22500609338647592
Pantheon,2001da,0.01718,34.2003,0.325329,9.448316731566422,225.67625956025415,34.362277350909046,34.31633807526208,34.46478983688698,34.247006093386474,-0.16197735090904786,-0.11603807526208243,-0.26448983688698036,-0.0467060933864758
Pantheon,ASASSN-15kx,0.0172,34.6084,0.219814,20.696137518407703,272.33651463242865,34.364836602923816,34.318885490517076,34.46733586590793,34.2495390281111,0.24356339707618702,0.28951450948292745,0.1410641340920762,0.35886097188890176
Pantheon,2000dk,0.0173,34.1436,0.28269,12.513508942937461,219.859823532749,34.377588944332395,34.33157865955023,34.48002210415936,34.26215979724071,-0.23398894433239548,-0.1879786595502324,-0.3364221041593609,-0.11855979724071375
Pantheon,2000dk,0.0173,34.1517,0.257136,15.12426340675012,220.68147347693298,34.377588944332395,34.33157865955023,34.48002210415936,34.26215979724071,-0.2258889443323966,-0.17987865955023352,-0.328322104159362,-0.11045979724071486
Pantheon,2007fb,0.01733,34.4009,0.221698,20.345878632997046,247.51748015439634,34.38140045564858,34.33537242286601,34.48381378836686,34.26593184147856,0.019499544351418763,0.0655275771339916,-0.08291378836685936,0.1349681585214384
Pantheon,2007fb,0.01733,34.5101,0.231239,18.70155999506487,260.2830427444573,34.38140045564858,34.33537242286601,34.48381378836686,34.26593184147856,0.12869954435142006,0.1747275771339929,0.02628621163314193,0.2441681585214397
Pantheon,2006ef,0.01734,34.361,0.220285,20.60772968666216,243.01096781402663,34.382669511761456,34.33663556335945,34.48507623583715,34.26718774237095,-0.021669511761459148,0.024364436640546216,-0.12407623583715122,0.09381225762904677
Pantheon,2008C,0.01737,34.31,0.263557,14.396300030170634,237.3700247381669,34.386472348794506,34.34042065467623,34.48885924812334,34.2709511151594,-0.07647234879450338,-0.030420654676227343,-0.17885924812333798,0.03904888484060365
Pantheon,2008C,0.01737,34.2669,0.262425,14.520768051703806,232.7050858538709,34.386472348794506,34.34042065467623,34.48885924812334,34.2709511151594,-0.11957234879450596,-0.07352065467622992,-0.22195924812334056,-0.0040511151593989325
Pantheon,2004fz,0.01743,33.7799,0.330633,9.147609242097674,185.95414998176898,34.394058606599444,34.347971426187456,34.49640586174815,34.27845845085045,-0.614158606599446,-0.5680714261874584,-0.7165058617481534,-0.498558450850453
Pantheon,2006ax,0.01747,34.3228,0.200241,24.939858727169153,238.77336232617733,34.39910180080517,34.352990966670205,34.50142263043608,34.28344903503566,-0.0763018008051688,-0.03019096667020449,-0.17862263043608095,0.03935096496434198
Pantheon,2006ax,0.01747,34.3133,0.19782,25.55404204075357,237.73103167003725,34.39910180080517,34.352990966670205,34.50142263043608,34.28344903503566,-0.08580180080517152,-0.03969096667020722,-0.18812263043608368,0.029850964964339255
Pantheon,1998V,0.01752,34.1465,0.231417,18.672801542266612,220.15364233877654,34.405389785680974,34.35924938867375,34.50767758784173,34.289671262697595,-0.2588897856809709,-0.2127493886737497,-0.3611775878417234,-0.14317126269759228
Pantheon,2013gs,0.01776,34.2221,0.320412,9.74052699653846,227.95329545509986,34.43532760292905,34.38904537033895,34.537456941689015,34.31929352745705,-0.2132276029290523,-0.16694537033895074,-0.31535694168901784,-0.09719352745705123
Pantheon,2008L,0.01778,34.3364,0.210115,22.65092201605852,240.2735002062715,34.43780436589156,34.39151031861469,34.5399205044815,34.321744000514315,-0.1014043658915611,-0.05511031861469462,-0.20352050448150294,0.014655999485682969
Pantheon,2008L,0.01778,34.2464,0.213428,21.953168490077463,230.51854783444094,34.43780436589156,34.39151031861469,34.5399205044815,34.321744000514315,-0.1914043658915574,-0.14511031861469093,-0.29352050448149924,-0.07534400051431334
Pantheon,2009le,0.01784,34.2939,0.246602,16.443975119157717,235.6165947485141,34.44521818815547,34.398888701382006,34.54729473095428,34.329078958724864,-0.1513181881554715,-0.10498870138200544,-0.2533947309542768,-0.03517895872486321
Pantheon,2009le,0.01784,34.2418,0.22287,20.132456707381518,230.030739212308,34.44521818815547,34.398888701382006,34.54729473095428,34.329078958724864,-0.2034181881554744,-0.15708870138200837,-0.3054947309542797,-0.08727895872486613
Pantheon,2000dr,0.0179,34.2975,0.318912,9.832371463739308,236.0075383503846,34.45260743942112,34.40624251999585,34.55464439350648,34.33638935442985,-0.1551074394211227,-0.10874251999585027,-0.2571443935064792,-0.03888935442984831
Pantheon,2007as,0.01802,34.2661,0.234211,18.229947722747674,232.61936992241849,34.467312884871355,34.42087712067328,34.56927068275918,34.35093711423285,-0.20121288487135303,-0.15477712067328042,-0.30317068275918047,-0.08483711423284745
Pantheon,1992bo,0.01808,34.6078,0.20147,24.6365123425761,272.26127566768923,34.474629402922645,34.42815822660177,34.576547633324545,34.35817480219556,0.13317059707735268,0.17964177339823095,0.03125236667545295,0.24962519780443415
Pantheon,2010ai,0.01826,34.9792,0.21848,20.949642957749028,323.0471210728791,34.496436047949025,34.44985867630322,34.59823561833339,34.37974500788424,0.48276395205097344,0.5293413236967766,0.3809643816666082,0.5994549921157599
Pantheon,ASASSN-17co,0.01826,34.2005,0.280568,12.70350981048891,225.6970460691377,34.496436047949025,34.44985867630322,34.59823561833339,34.37974500788424,-0.29593604794902717,-0.24935867630322406,-0.39773561833339244,-0.1792450078842407
Pantheon,PS15coh,0.01839,34.4393,0.226901,19.423486146417535,251.93347382856854,34.512053770033006,34.46539974004149,34.61376768109643,34.39519201572199,-0.0727537700330032,-0.026099740041487962,-0.17446768109642363,0.0441079842780141
Pantheon,2009gf,0.01855,34.492,0.255362,15.335129853896458,258.12250731963485,34.53112672012045,34.48437838545232,34.632735249883495,34.41405491063813,-0.03912672012044993,0.007621614547680622,-0.14073524988349817,0.07794508936186872
Pantheon,2009gf,0.01855,34.576,0.296243,11.394723883240527,268.303213965178,34.53112672012045,34.48437838545232,34.632735249883495,34.41405491063813,0.04487327987955325,0.0916216145476838,-0.05673524988349499,0.1619450893618719
Pantheon,2016ffh,0.01865,34.6171,0.238984,17.50904053955169,273.42981904899716,34.5429650664073,34.496157815996064,34.64450775837754,34.425762003069195,0.07413493359270262,0.12094218400393686,-0.02740775837754228,0.19133799693080533
Pantheon,ATLAS16cpu,0.01865,34.5716,0.239989,17.362702655714152,267.76010832848243,34.5429650664073,34.496157815996064,34.64450775837754,34.425762003069195,0.02863493359269853,0.07544218400393277,-0.07290775837754637,0.14583799693080124
Pantheon,2000cu,0.01866,34.6066,0.277471,12.988673539837988,272.1108600917367,34.54414545494582,34.49733231400421,34.64568156421626,34.426929267517636,0.062454545054180244,0.10926768599578907,-0.039081564216260745,0.17967073248236431
Pantheon,2011fs,0.01875,34.5466,0.215514,21.53024762497838,264.69508371379874,34.55474095728214,34.50787481010724,34.656217831085186,34.437406663641354,-0.008140957282144257,0.03872518989275875,-0.1096178310851883,0.10919333635864348
Pantheon,2011fs,0.01875,34.4866,0.321023,9.703484178331728,257.48140783000963,34.55474095728214,34.50787481010724,34.656217831085186,34.437406663641354,-0.06814095728213942,-0.02127481010723642,-0.16961783108518347,0.04919333635864831
Pantheon,ASASSN-16cs,0.01905,34.4286,0.281407,12.627873054927248,250.69511707645344,34.58970048667371,34.54265776304254,34.69098002368594,34.47197264339686,-0.16110048667371046,-0.11405776304253834,-0.26238002368593527,-0.04337264339685731
Pantheon,2006kf,0.01947,34.7747,0.195403,26.19012346569716,294.0125542487829,34.63774236657028,34.59045272259114,34.738745928530086,34.51946390961601,0.13695763342972356,0.18424727740886482,0.03595407146991647,0.2552360903839954
Pantheon,2006kf,0.01947,34.8085,0.195531,26.155845130929304,298.62480217179404,34.63774236657028,34.59045272259114,34.738745928530086,34.51946390961601,0.17075763342972294,0.2180472774088642,0.06975407146991586,0.2890360903839948
Pantheon,2008hs,0.01975,34.757,0.466611,4.59293241178748,291.6257542548229,34.66920588845762,34.62175181659481,34.77002565905631,34.55056058618604,0.08779411154237948,0.13524818340518863,-0.013025659056310701,0.20643941381396047
Pantheon,2008hs,0.01975,34.7394,0.433516,5.32095686553453,289.27165149767944,34.66920588845762,34.62175181659481,34.77002565905631,34.55056058618604,0.07019411154238497,0.11764818340519412,-0.03062565905630521,0.18883941381396596
Pantheon,2007au,0.01976,34.6865,0.406241,6.059440074465582,282.30974845412857,34.67032143569857,34.622861494157235,34.771134645159535,34.5516630352169,0.01617856430143405,0.06363850584276776,-0.08463464515953234,0.13483696478310492
Pantheon,2016W,0.01995,34.3648,0.295725,11.43467746466129,243.43660073495488,34.691411759094706,34.64384032962957,34.792100344132656,34.57250453726882,-0.3266117590947033,-0.2790403296295665,-0.4273003441326537,-0.20770453726881755
Pantheon,2002kf,0.02001,34.6854,0.204275,23.964565633785398,282.16677538198155,34.69803074455784,34.65042412257513,34.798679989193815,34.57904496519161,-0.01263074455783908,0.03497587742486985,-0.11327998919381344,0.10635503480838793
Pantheon,1992bc,0.02006,34.5121,0.199486,25.128997070429254,260.52288271956525,34.70353164020207,34.65589569632513,34.80414810655084,34.58448040267864,-0.19143164020207593,-0.14379569632513522,-0.292048106550844,-0.07238040267864676
Pantheon,2009ds,0.02019,34.5072,0.233893,18.27955215083119,259.9356669207555,34.71777097149965,34.670058812833474,34.81830223719193,34.59854957024646,-0.21057097149964932,-0.16285881283347692,-0.31110223719193186,-0.0913495702464644
Pantheon,2009ds,0.02019,34.702,0.19246,26.99721946997569,284.3320884899696,34.71777097149965,34.670058812833474,34.81830223719193,34.59854957024646,-0.015770971499648567,0.03194118716652383,-0.11630223719193111,0.10345042975353635
Pantheon,2006ej,0.02023,34.5995,0.188309,28.200567356944006,271.2226000996505,34.7221341301789,34.674398527239916,34.82263918693537,34.6028603788392,-0.12263413017890201,-0.07489852723991675,-0.22313918693537005,-0.003360378839204259
Pantheon,2006ej,0.02023,34.5012,0.295566,11.4469833641548,259.21842948706853,34.7221341301789,34.674398527239916,34.82263918693537,34.6028603788392,-0.22093413017890384,-0.17319852723991858,-0.3214391869353719,-0.10166037883920609
Pantheon,2006ej,0.02023,34.576,0.189903,27.729136705693204,268.303213965178,34.7221341301789,34.674398527239916,34.82263918693537,34.6028603788392,-0.14613413017890053,-0.09839852723991527,-0.24663918693536857,-0.02686037883920278
Pantheon,2006ej,0.02023,34.6482,0.187832,28.343980097167375,277.37408018385366,34.7221341301789,34.674398527239916,34.82263918693537,34.6028603788392,-0.07393413017889827,-0.026198527239913005,-0.1744391869353663,0.04533962116079948
Pantheon,2002jy,0.02024,34.9988,0.187715,28.379323880615228,325.97618671803565,34.723223591450406,34.675482127916055,34.82372209646188,34.60393675317608,0.27557640854959686,0.3233178720839476,0.17507790353812425,0.39486324682392393
Pantheon,2016hpw,0.02034,34.8165,0.241825,17.100058932146847,299.7270056876372,34.73408912323249,34.68628906414607,34.83452212155015,34.614671428524694,0.08241087676750425,0.13021093585393118,-0.01802212155015326,0.20182857147530342
Pantheon,ATLAS16dqf,0.02034,34.5749,0.375822,7.080038204999703,268.1673343684671,34.73408912323249,34.68628906414607,34.83452212155015,34.614671428524694,-0.159189123232494,-0.11138906414606708,-0.2596221215501515,-0.03977142852469484
Pantheon,2005ki,0.02035,34.5709,0.187708,28.38144056153758,267.67380657867807,34.7351727797559,34.68736686215432,34.835599228479694,34.61574200069593,-0.1642727797558976,-0.11646686215431856,-0.2646992284796923,-0.044842000695929585
Pantheon,2005ki,0.02035,34.5656,0.177716,31.66262670209789,267.021281005491,34.7351727797559,34.68736686215432,34.835599228479694,34.61574200069593,-0.1695727797558959,-0.12176686215431687,-0.2699992284796906,-0.05014200069592789
Pantheon,2005ki,0.02035,34.4931,0.19075,27.48342835156114,258.253297232132,34.7351727797559,34.68736686215432,34.835599228479694,34.61574200069593,-0.24207277975590102,-0.19426686215432198,-0.3424992284796957,-0.122642000695933
Pantheon,ASASSN-15lg,0.02044,34.6552,0.214591,21.71585798362663,278.26967132175497,34.74490214333935,34.69704350760972,34.845269654516706,34.62535361567262,-0.08970214333935189,-0.041843507609719666,-0.1900696545167051,0.02984638432737796
Pantheon,2001dl,0.02049,35.1263,0.375783,7.081507860723324,345.68925054446987,34.750289121911905,34.70240120495019,34.85062389685034,34.63067518656722,0.3760108780880955,0.42389879504980854,0.27567610314966373,0.49562481343278364
Pantheon,PSNJ1602512,0.02052,34.556,0.333904,8.969262955233837,265.8433953140974,34.75351509555838,34.70560961212577,34.85383023109915,34.63386191842305,-0.19751509555837998,-0.14960961212577217,-0.2978302310991552,-0.07786191842305357
Pantheon,2007st,0.02056,34.4168,0.217156,21.2058816479978,249.33650928441372,34.75780917289384,34.70988027014623,34.85809812530748,34.638103676656264,-0.34100917289384114,-0.29308027014622695,-0.44129812530747614,-0.22130367665626238
Pantheon,ASASSN-17bs,0.02056,34.5647,0.249505,16.06354867722558,266.9106328771726,34.75780917289384,34.70988027014623,34.85809812530748,34.638103676656264,-0.19310917289384122,-0.14518027014622703,-0.2933981253074762,-0.07340367665626246
Pantheon,2010A,0.02081,34.4863,0.330445,9.15802089756929,257.4458379160648,34.784462110017735,34.73638690505213,34.88458748872343,34.66442970443748,-0.29816211001773496,-0.2500869050521288,-0.3982874887234331,-0.178129704437481
Pantheon,2003W,0.02082,34.674,0.230899,18.75667683734795,280.6893113756421,34.785521655227,34.73744060062872,34.885640493524186,34.665476176322386,-0.1115216552270013,-0.06344060062872359,-0.211640493524186,0.008523823677613507
Pantheon,2003W,0.02082,34.6349,0.254511,15.437852433736838,275.680390355916,34.785521655227,34.73744060062872,34.885640493524186,34.665476176322386,-0.150621655226999,-0.10254060062872128,-0.2507404935241837,-0.030576176322384185
Pantheon,2001br,0.0209,34.8118,0.300223,11.094610992503254,299.07896913635244,34.79398001445098,34.74585216959094,34.89404653651158,34.67382995739386,0.01781998554901776,0.06594783040905838,-0.0822465365115832,0.13797004260613477
Pantheon,ASASSN-16lc,0.02096,34.6956,0.216494,21.33576752888868,283.4953077210414,34.80030288130767,34.75213995168336,34.90033017439342,34.68007440048471,-0.10470288130767358,-0.05653995168336223,-0.20473017439341845,0.015525599515285649
Pantheon,AT2016eoa,0.02106,34.6693,0.230687,18.791167230311352,280.08243601948567,34.81080148127451,34.76258009214912,34.910763408356786,34.6904423129313,-0.1415014812745099,-0.09328009214912214,-0.24146340835678615,-0.02114231293130331
Pantheon,ASASSN-16lg,0.02116,34.375,0.203089,24.24527964809473,244.5827788990899,34.821251097194185,34.77297126744661,34.921147677795865,34.7007612647719,-0.4462510971941853,-0.39797126744660716,-0.5461476777958651,-0.3257612647718986
Pantheon,2004bw,0.02116,34.8194,0.196425,25.918297846890866,300.1275583194473,34.821251097194185,34.77297126744661,34.921147677795865,34.7007612647719,-0.0018510971941836374,0.046428732553394525,-0.10174767779586347,0.11863873522810309
Pantheon,2008Z,0.02118,35.118,0.310686,10.35992550618321,344.3704475755437,34.82333518303523,34.77504366742833,34.92321869668317,34.70281922060967,0.29466481696476876,0.34295633257167424,0.1947813033168302,0.41518077939033304
Pantheon,2008Z,0.02118,35.2056,0.304103,10.813308438516675,358.5468200123197,34.82333518303523,34.77504366742833,34.92321869668317,34.70281922060967,0.38226481696476355,0.43055633257166903,0.282381303316825,0.5027807793903278
Pantheon,2007bc,0.02131,34.7561,0.180584,30.66489365162694,291.5049105387116,34.836834684123986,34.788467228832005,34.936633281600926,34.71614889952516,-0.08073468412398199,-0.03236722883200116,-0.18053328160092263,0.039951100474844736
Pantheon,2007bc,0.02131,34.7344,0.177177,31.855565003830126,288.60634516128977,34.836834684123986,34.788467228832005,34.936633281600926,34.71614889952516,-0.10243468412398471,-0.05406722883200388,-0.20223328160092535,0.01825110047484202
Pantheon,2007bc,0.02131,34.7419,0.187753,28.367837457757506,289.6048795786571,34.836834684123986,34.788467228832005,34.936633281600926,34.71614889952516,-0.09493468412398443,-0.04656722883200359,-0.19473328160092507,0.025751100474842303
Pantheon,SN2016ajf,0.02134,34.7627,0.339971,8.651994896739065,292.39226198629314,34.83993843557256,34.791553460266655,34.93971744169333,34.71921346686493,-0.0772384355725606,-0.02885346026665303,-0.1770174416933301,0.04348653313507356
Pantheon,2009dc,0.02137,34.3468,0.19901,25.24934989173243,241.42702069757516,34.84303789337576,34.79463539975397,34.94279730989634,34.722273742667845,-0.4962378933757563,-0.4478353997539699,-0.5959973098963403,-0.37547374266784317
Pantheon,2018fop,0.02151,34.5899,0.199177,25.207026995916692,270.0261815271804,34.857445610689595,34.80896138737582,34.95711363229073,34.736498638522974,-0.26754561068959504,-0.2190613873758167,-0.3672136322907278,-0.14659863852297406
Pantheon,ASASSN-15uv,0.02153,34.6114,0.393324,6.46396662873246,272.71302145356304,34.859496314929764,34.8110004189636,34.959151283234704,34.73852322915945,-0.2480963149297608,-0.19960041896359826,-0.3477512832347003,-0.1271232291594444
Pantheon,ASASSN-18da,0.0217,34.7709,0.195863,26.06724870544268,293.4984925921682,34.87685195646273,34.82825687340585,34.97639600324392,34.75565694287967,-0.10595195646273226,-0.05735687340585116,-0.2054960032439226,0.015243057120329695
Pantheon,2006et,0.02183,34.7583,0.283448,12.446670884398007,291.8003947355656,34.89003383553609,34.841362940290594,34.98949309799336,34.76866915810293,-0.13173383553608886,-0.08306294029059558,-0.23119309799336207,-0.010369158102932374
Pantheon,2006et,0.02183,34.7742,0.253646,15.543326300884463,293.94486314985085,34.89003383553609,34.841362940290594,34.98949309799336,34.76866915810293,-0.11583383553608684,-0.06716294029059355,-0.21529309799336005,0.005530841897069649
Pantheon,1999dg,0.02197,34.8589,0.246447,16.46466612101805,305.63696260759934,34.90414356388428,34.8553910603638,35.00351155698282,34.78259621577184,-0.0452435638842843,0.0035089396361982494,-0.14461155698282369,0.07630378422815909
Pantheon,2001cp,0.02198,34.9654,0.216973,21.24166778606344,321.00062282735337,34.90514801237698,34.85638968110722,35.00450948769707,34.78358761811396,0.06025198762301898,0.10901031889278556,-0.039109487697068346,0.18181238188604
Pantheon,1995ak,0.02203,34.6739,0.247785,16.287332991484202,280.6763854527925,34.910163517400434,34.86137605021029,35.009492406750766,34.78853789589421,-0.23626351740043106,-0.1874760502102859,-0.33559240675076296,-0.11463789589420514
Pantheon,2009na,0.02205,34.7477,0.199095,25.227794989787792,290.3794478126857,34.91216658287692,34.863367462637356,35.0114824392031,34.79051487211119,-0.16446658287691918,-0.11566746263735439,-0.26378243920309785,-0.04281487211118673
Pantheon,ASASSN-18iu,0.02207,34.8847,0.186029,28.896064428123463,309.28999749510155,34.914167860921715,34.86535708838625,35.013470685002986,34.79249006183229,-0.02946786092171294,0.01934291161375512,-0.1287706850029835,0.09220993816771283
Pantheon,ATLAS16dpb,0.02215,35.0481,0.288632,12.00358694680589,333.4616348603734,34.922155163380545,34.87329778919592,35.02140586627384,34.80037302035378,0.12594483661945333,0.17480221080408143,0.02669413372615992,0.2477269796462167
Pantheon,SNF20080514-002,0.02219,35.0136,0.216159,21.4019504835921,328.2055154607118,34.92613817375056,34.87725750326156,35.025362820724396,34.804303864369054,0.08746182624943799,0.13634249673843613,-0.011762820724399603,0.20929613563094307
Pantheon,2006dm,0.02228,34.8059,0.18018,30.802561605092404,298.2674594563108,34.93507417314515,34.88614109698763,35.034240205692655,34.81312250314757,-0.12917417314515234,-0.08024109698762771,-0.22834020569265334,-0.007222503147566783
Pantheon,2006dm,0.02228,34.8234,0.25811,15.010333391197667,300.6809232243121,34.93507417314515,34.88614109698763,35.034240205692655,34.81312250314757,-0.11167417314515404,-0.06274109698762942,-0.21084020569265505,0.010277496852431511
Pantheon,2008ia,0.02231,34.9245,0.169837,34.66852624971229,315.0111129279131,34.93804494710782,34.88909440578337,35.03719144501818,34.8160541611143,-0.013544947107817507,0.03540559421663403,-0.11269144501817863,0.10844583888570014
Pantheon,2004bg,0.02234,34.7727,0.199004,25.25087245794382,293.7418833466472,34.941011792490336,34.89204378769338,35.040138757515834,34.81898189260539,-0.16831179249033568,-0.11934378769338139,-0.26743875751583346,-0.04628189260539273
Pantheon,2004bg,0.02234,34.8704,0.204479,23.916772630790803,307.25989305229444,34.941011792490336,34.89204378769338,35.040138757515834,34.81898189260539,-0.07061179249033955,-0.021643787693385264,-0.16973875751583734,0.051418107394603396
Pantheon,2002cu,0.02236,34.7814,0.224663,19.812391092062565,294.92112036092533,34.942987512073444,34.894007865902786,35.04210145614914,34.820931537429985,-0.1615875120734458,-0.11260786590278826,-0.26070145614914253,-0.03953153742998694
Pantheon,2006cp,0.02239,34.7714,0.302654,10.917096866881154,293.5660808986471,34.945947833220394,34.89695072640104,35.04504224733146,34.823852748192735,-0.17454783322039447,-0.1255507264010376,-0.27364224733145903,-0.052452748192735044
Pantheon,2006cp,0.02239,34.8603,0.24312,16.91837417726623,305.8340775750411,34.945947833220394,34.89695072640104,35.04504224733146,34.823852748192735,-0.08564783322039204,-0.03665072640103517,-0.1847422473314566,0.03644725180726738
Pantheon,2000fa,0.0224,34.759,0.288719,11.99635392977171,291.8944752322022,34.94693373962666,34.89793081296755,35.04602164413885,34.824825618271866,-0.18793373962665783,-0.13893081296755128,-0.28702164413884645,-0.06582561827186595
Pantheon,2000fa,0.0224,34.7997,0.25527,15.346185490519542,297.4170591725424,34.94693373962666,34.89793081296755,35.04602164413885,34.824825618271866,-0.14723373962665676,-0.09823081296755021,-0.24632164413884539,-0.02512561827186488
Pantheon,ASASSN-16bn,0.02241,35.0392,0.214526,21.729019508209326,332.0977055257562,34.947919213023106,34.89891046671248,35.047000608131086,34.82579805557498,0.09128078697689546,0.1402895332875218,-0.00780060813108463,0.2134019444250228
Pantheon,ASASSN-17aj,0.02255,34.7306,0.243141,16.915451835787277,288.10173590648446,34.961670589849895,34.91258038818014,35.06066087373589,34.83936695164062,-0.23107058984989237,-0.1819803881801363,-0.33006087373588855,-0.108766951640618
Pantheon,AT2017cfb,0.02266,34.8438,0.220547,20.558796641474085,303.51899466813467,34.97241644023734,34.92326226380233,35.07133516349234,34.84996945642474,-0.12861644023733732,-0.07946226380232702,-0.22753516349234104,-0.006169456424736097
Pantheon,2006bq,0.0227,34.8693,0.2033,24.194978622526637,307.10428421803516,34.97631130189015,34.92713386754818,35.07520400893433,34.8538121994141,-0.10701130189014663,-0.05783386754817599,-0.2059040089343256,0.015487800585901823
Pantheon,2002ef,0.02273,34.6849,0.358325,7.788355754898088,282.1018115604312,34.97922801953811,34.930033143741085,35.078101216466806,34.856689830517865,-0.2943280195381135,-0.24513314374108575,-0.3932012164668066,-0.17178983051786645
Pantheon,2010cr,0.02295,35.2685,0.304874,10.758685748796106,369.08455780710364,35.0005022746195,34.951179546537986,35.09923245085386,34.87767751518483,0.2679977253805035,0.31732045346201687,0.1692675491461415,0.3908224848151747
Pantheon,ASASSN-15il,0.02295,34.8584,0.20127,24.68549878441322,305.5665951978615,35.0005022746195,34.951179546537986,35.09923245085386,34.87767751518483,-0.14210227461949643,-0.09277954653798304,-0.2408324508538584,-0.019277515184825234
Pantheon,2000cn,0.02298,34.9992,0.267367,13.988926678349882,326.03623928156765,35.00338775412001,34.95404759868724,35.10209843482447,34.88052392566035,-0.004187754120010823,0.045152401312762436,-0.1028984348244677,0.11867607433965333
Pantheon,2000cn,0.02298,34.9712,0.237284,17.760823167788132,321.8591611431002,35.00338775412001,34.95404759868724,35.10209843482447,34.88052392566035,-0.032187754120009515,0.017152401312763743,-0.1308984348244664,0.09067607433965463
Pantheon,2017hoq,0.02303,34.985,0.19074,27.486310195830175,323.91113288939783,35.00818866258831,34.95881946532993,35.1068668546312,34.88525972375744,-0.02318866258831065,0.02618053467006831,-0.12186685463120028,0.09974027624255655
Pantheon,2009jb,0.02307,34.7666,0.340338,8.63334537708151,292.91787513964886,35.01202201340901,34.96262958607365,35.11067421802176,34.88904099048423,-0.24542201340901215,-0.1960295860736565,-0.34407421802175975,-0.12244099048423607
Pantheon,2014ai,0.02313,35.0225,0.271221,13.594191209741451,329.5534595231731,35.01775979956123,34.96833253274902,35.11637302886001,34.89470065750001,0.004740200438767772,0.0541674672509842,-0.09387302886000981,0.1277993424999906
Pantheon,ASASSN-14fa,0.02316,34.883,0.27497,13.22602601687081,309.0479556294035,35.020623205220204,34.97117852120668,35.11921694948581,34.89752500674248,-0.13762320522020133,-0.0881785212066788,-0.23621694948580796,-0.014525006742474034
Pantheon,2004at,0.02321,34.9168,0.178524,31.37666507107038,313.8960676262008,35.02538745118211,34.975913742258044,35.12394872427916,34.90222416334565,-0.10858745118211033,-0.05911374225804167,-0.20714872427915765,0.014575836654351804
Pantheon,PS15cku,0.02325,35.0537,0.229702,18.952672007669687,334.32270733528344,35.02919158591092,34.979694660440614,35.12772688557088,34.90597623078905,0.02450841408907678,0.07400533955938471,-0.07402688557088055,0.14772376921094832
Pantheon,2007ci,0.02331,34.6478,0.266962,14.031403231536817,277.322990695736,35.03488573655428,34.98535399190095,35.13338208188755,34.9115922875062,-0.38708573655428324,-0.33755399190095403,-0.48558208188755003,-0.263792287506206
Pantheon,2007ci,0.02331,34.4301,0.279423,12.807834225708806,250.86835095426673,35.03488573655428,34.98535399190095,35.13338208188755,34.9115922875062,-0.6047857365542768,-0.5552539919009476,-0.7032820818875436,-0.48149228750619955
Pantheon,2009al,0.02342,34.9851,0.282579,12.5233417493347,323.92604989179324,35.04528767717209,34.99569211491384,35.143712624403925,34.92185107774564,-0.06018767717208817,-0.010592114913833939,-0.1586126244039221,0.06324892225435974
Pantheon,2009al,0.02342,35.0081,0.221692,20.34697995306052,327.3752741002531,35.04528767717209,34.99569211491384,35.143712624403925,34.92185107774564,-0.03718767717209204,0.012407885086162196,-0.13561262440392596,0.08624892225435588
Pantheon,2009al,0.02342,34.9783,0.225403,19.68251613001599,322.9132569884482,35.04528767717209,34.99569211491384,35.143712624403925,34.92185107774564,-0.06698767717209364,-0.017392114913839407,-0.16541262440392757,0.05644892225435427
Pantheon,2009cz,0.02343,34.8582,0.260273,14.761883178632694,305.53845277040654,35.04623092454959,34.99662956181784,35.14464938221039,34.92278131285241,-0.1880309245495937,-0.13842956181784416,-0.2864493822103924,-0.06458131285241109
Pantheon,2009cz,0.02343,34.8582,0.170636,34.344616878410505,305.53845277040654,35.04623092454959,34.99662956181784,35.14464938221039,34.92278131285241,-0.1880309245495937,-0.13842956181784416,-0.2864493822103924,-0.06458131285241109
Pantheon,ASASSN-15nr,0.02344,34.8331,0.263771,14.372949787259202,302.0270738418525,35.04717377613128,34.99756661311383,35.14558574441527,34.92371115239668,-0.2140737761312792,-0.16446661311383082,-0.31248574441526955,-0.09061115239667572
Pantheon,2004bk,0.02352,34.8391,0.21588,21.457305335292027,302.8627594980574,35.054702380537876,35.00504882199544,35.15306244079902,34.93113566890282,-0.21560238053787373,-0.16594882199543548,-0.3139624407990169,-0.09203566890281678
Pantheon,2018enc,0.02354,34.9998,0.217718,21.096544581005652,326.1263388708341,35.05658059720217,35.00691544165626,35.15492768239956,34.93298786592486,-0.05678059720217021,-0.007115441656260657,-0.15512768239955932,0.06681213407514264
Pantheon,2007qe,0.02357,35.0406,0.206572,23.43457552022914,332.31188586524564,35.059394982222415,35.0097124325795,35.1577226062805,34.9357632232312,-0.018794982222416934,0.030887567420499806,-0.1171226062805033,0.10483677676879921
Pantheon,2007qe,0.02357,34.9509,0.259128,14.892627051701112,318.8642828451149,35.059394982222415,35.0097124325795,35.1577226062805,34.9357632232312,-0.10849498222241749,-0.05881243257950075,-0.20682260628050386,0.015136776768798654
Pantheon,ATLAS17bas,0.02357,34.5715,0.261746,14.596202938898186,267.7477778037272,35.059394982222415,35.0097124325795,35.1577226062805,34.9357632232312,-0.48789498222241434,-0.4382124325794976,-0.5862226062805007,-0.3642632232311982
Pantheon,ASASSN-15tz,0.02365,34.9543,0.274039,13.31604493092376,319.36393817083376,35.066882824322214,35.017153898681265,35.16515856055183,34.94314700169008,-0.11258282432221023,-0.06285389868126146,-0.21085856055182717,0.011152998309924556
Pantheon,2010ao,0.02369,34.943,0.2098,22.718990622509434,317.7063352896932,35.07061741152924,35.0208653023946,35.16886720850395,34.946829562674,-0.12761741152924344,-0.07786530239459921,-0.22586720850394926,-0.003829562673999476
Pantheon,2006sr,0.02388,34.9949,0.180801,30.591328918696888,325.39125358161164,35.08827246076453,35.03841027104262,35.18639908868803,34.964237538298235,-0.09337246076452743,-0.04351027104262073,-0.19149908868802612,0.03066246170176612
Pantheon,ASASSN-15jt,0.0239,34.889,0.403697,6.1360509336651035,309.9030675248828,35.09012284722739,35.04024907401578,35.18823651406285,34.966061921908434,-0.2011228472273885,-0.15124907401578014,-0.2992365140628479,-0.07706192190843097
Pantheon,ASASSN-16em,0.0239,34.994,0.277383,12.996916183265316,325.2564181368695,35.09012284722739,35.04024907401578,35.18823651406285,34.966061921908434,-0.09612284722739162,-0.046249074015783265,-0.19423651406285103,0.0279380780915659
Pantheon,2000ca,0.02391,34.8993,0.190331,27.60456712363464,311.37653037717814,35.09104746971306,35.041167905038016,35.18915465629554,34.96697354331743,-0.19174746971306433,-0.14186790503801916,-0.28985465629554596,-0.06767354331743292
Pantheon,1998eg,0.02401,35.1018,0.195014,26.294712050452098,341.81087421719565,35.10027284280778,35.05033537381622,35.19831523753107,34.97606891846498,0.0015271571922141902,0.05146462618377967,-0.09651523753107227,0.12573108153501522
Pantheon,PS1-14xw,0.02411,35.1049,0.31033,10.3837082466899,342.2991928433997,35.1094605240082,35.05946516945684,35.207438146270356,34.98512662502332,-0.004560524008198286,0.045434830543158,-0.10253814627035496,0.11977337497668117
Pantheon,2010gp,0.02411,34.4711,0.398476,6.297898566148677,255.65004590985149,35.1094605240082,35.05946516945684,35.207438146270356,34.98512662502332,-0.6383605240081991,-0.5883651694568428,-0.7363381462703558,-0.5140266250233196
Pantheon,2000bh,0.02412,34.8782,0.224067,19.917929966568398,308.36556526593785,35.11037723111304,35.06037608903718,35.20834837719582,34.98603033594556,-0.23217723111304167,-0.18217608903717775,-0.3301483771958189,-0.10783033594555747
Pantheon,2007F,0.02417,34.9421,0.208286,23.050472945044504,317.57468431707395,35.114955170500785,35.064925093615074,35.21289393859558,34.990543297915195,-0.1728551705007817,-0.1228250936150701,-0.270793938595574,-0.04844329791519186
Pantheon,2007F,0.02417,35.084,0.183555,29.68025048404018,339.0204336460962,35.114955170500785,35.064925093615074,35.21289393859558,34.990543297915195,-0.030955170500782003,0.01907490638492959,-0.1288939385955743,0.09345670208480783
Pantheon,1993H,0.02428,35.1803,0.232251,18.538936410121853,354.3936038345479,35.1249939598687,35.07490024290074,35.222861513453566,35.000439157464484,0.05530604013129903,0.10539975709926352,-0.04256151345356329,0.17986084253551837
Pantheon,AT2016bln,0.02429,35.0771,0.195416,26.18663899891695,337.944883080805,35.12590435948695,35.07580485818179,35.22376544018876,35.001336564860516,-0.04880435948695094,0.0012951418182112207,-0.14666544018875527,0.07576343513948558
Pantheon,2006ac,0.02432,34.9871,0.184147,29.48972373173346,324.22453424530204,35.12863334986429,35.0785164966722,35.226475013080034,35.004026579968695,-0.14153334986428945,-0.09141649667220264,-0.23937501308003561,-0.016926579968696842
Pantheon,2006ac,0.02432,34.953,0.198064,25.49111949433502,319.17280110350873,35.12863334986429,35.0785164966722,35.226475013080034,35.004026579968695,-0.17563334986428458,-0.12551649667219777,-0.27347501308003075,-0.051026579968691976
Pantheon,ASASSN-15sf,0.02432,35.2317,0.235205,18.07619012095891,362.88237482287434,35.12863334986429,35.0785164966722,35.226475013080034,35.004026579968695,0.10306665013570893,0.15318350332779573,0.00522498691996276,0.22767342003130153
Pantheon,2005bg,0.02434,35.0102,0.201948,24.520023780939265,327.69202719817,35.13045083940856,35.08032241922906,35.22827955860286,35.005818087164755,-0.12025083940856263,-0.07012241922906526,-0.21807955860285944,0.004381912835242474
Pantheon,2009D,0.02453,35.008,0.162015,38.09689226230013,327.3601982588712,35.147644157780924,35.097405888608925,35.24534994743813,35.02276461968729,-0.13964415778092132,-0.08940588860892262,-0.2373499474381262,-0.014764619687284153
Pantheon,2009D,0.02453,35.0746,0.209952,22.68610656779177,337.5560335385272,35.147644157780924,35.097405888608925,35.24534994743813,35.02276461968729,-0.07304415778092732,-0.022805888608928626,-0.1707499474381322,0.051835380312709844
Pantheon,2009D,0.02453,34.9493,0.170871,34.25021308926768,318.62942149566237,35.147644157780924,35.097405888608925,35.24534994743813,35.02276461968729,-0.19834415778092307,-0.14810588860892437,-0.29604994743812796,-0.0734646196872859
Pantheon,PS16ccn,0.02457,35.1784,0.189112,27.961587511015367,354.08365131270165,35.15124712438654,35.10098573773004,35.248927043055204,35.026315642087575,0.027152875613460026,0.0774142622699614,-0.07052704305520052,0.1520843579124289
Pantheon,2008bf,0.02462,35.1061,0.235556,18.022359901318914,342.48840664479775,35.15574273616211,35.105452456865024,35.253390320454315,35.03074632884429,-0.04964273616211301,0.0006475431349741712,-0.14729032045431723,0.07535367115571034
Pantheon,2008bf,0.02462,35.0521,0.231261,18.69800198269017,334.07645999300763,35.15574273616211,35.105452456865024,35.253390320454315,35.03074632884429,-0.10364273616210795,-0.05335245686502077,-0.20129032045431217,0.021353671155715404
Pantheon,2008bf,0.02462,34.8898,0.233972,18.267210154145065,310.0172610681878,35.15574273616211,35.105452456865024,35.253390320454315,35.03074632884429,-0.26594273616210984,-0.21565245686502266,-0.36359032045431405,-0.14094632884428648
Pantheon,1994M,0.02464,34.9528,0.213795,21.877863663652462,319.14340555588825,35.15753846946397,35.107236634421895,35.2551731213617,35.032516093768045,-0.2047384694639689,-0.15443663442189148,-0.3023731213616969,-0.07971609376804167
Pantheon,2004br,0.02464,34.807,0.18246,30.0375605276369,298.4185906975502,35.15753846946397,35.107236634421895,35.2551731213617,35.032516093768045,-0.35053846946397016,-0.30023663442189275,-0.4481731213616982,-0.22551609376804294
Pantheon,ASASSN-16hz,0.02466,34.8112,0.317595,9.91408611351553,298.99634197912656,35.15933277116657,35.109019381128725,35.256954491444674,35.034284428023575,-0.3481327711665685,-0.2978193811287255,-0.4457544914446743,-0.22308442802357575
Pantheon,2003he,0.02491,35.0862,0.240547,17.28224311190726,339.3640819927667,35.18164169069627,35.131183926414266,35.279101831094266,35.05626883300706,-0.09544169069626918,-0.04498392641426818,-0.19290183109426806,0.029931166992938074
Pantheon,2001cj,0.02494,35.1973,0.228493,19.153767017551523,357.1789654724793,35.18430396592796,35.13382888460018,35.281744724872915,35.0588921762654,0.012996034072038753,0.06347111539982109,-0.08444472487291677,0.13840782373459604
Pantheon,Gaia16agf,0.02509,35.2152,0.268527,13.868327219827776,360.13545142627004,35.19756833073997,35.14700668945093,35.29491220855198,35.07196191261246,0.01763166926003379,0.06819331054906996,-0.07971220855197458,0.1432380873875445
Pantheon,2007cq,0.0251,34.8369,0.288042,12.052811500807929,302.55607328082783,35.19844984993614,35.14788243948015,35.295787270554314,35.07283045843825,-0.36154984993613937,-0.31098243948014925,-0.4588872705543139,-0.23593045843824711
Pantheon,2007cq,0.0251,34.8482,0.181918,30.216812832132717,304.1346310968664,35.19844984993614,35.14788243948015,35.295787270554314,35.07283045843825,-0.35024984993614083,-0.2996824394801507,-0.44758727055431535,-0.22463045843824858
Pantheon,2003it,0.0251,35.079,0.205996,23.56581289665851,338.2407082858592,35.19844984993614,35.14788243948015,35.295787270554314,35.07283045843825,-0.11944984993613872,-0.0688824394801486,-0.21678727055431324,0.006169541561753533
Pantheon,2007cq,0.0251,35.009,0.176889,31.959380066673628,327.5109879193185,35.19844984993614,35.14788243948015,35.295787270554314,35.07283045843825,-0.189449849936139,-0.1388824394801489,-0.2867872705543135,-0.06383045843824675
Pantheon,AT2017cfc,0.02512,35.0276,0.190198,27.64318678401319,330.32837054013703,35.2002118538726,35.14963290564406,35.29753636068368,35.07456651633159,-0.1726118538726027,-0.12203290564406188,-0.26993636068367977,-0.046966516331593766
Pantheon,2011dn,0.02513,34.4583,0.333265,9.003691134985225,254.14751934948998,35.201092339161534,35.15050762232739,35.29841038935933,35.07543402894778,-0.7427923391615323,-0.6922076223273876,-0.8401103893593316,-0.6171340289477811
Pantheon,2007sw,0.02517,34.9117,0.306484,10.645949109623245,313.1597048348744,35.204610842174034,35.15400305278847,35.301903067853765,35.07890064359462,-0.29291084217403096,-0.24230305278846487,-0.39020306785376135,-0.16720064359461873
Pantheon,2012bh,0.02517,35.1989,0.238281,17.612506723563655,357.4422416427511,35.204610842174034,35.15400305278847,35.301903067853765,35.07890064359462,-0.005710842174032393,0.0448969472115337,-0.10300306785376279,0.11999935640537984
Pantheon,370356,0.02517,35.2277,0.204374,23.941354096378312,362.2145360765129,35.204610842174034,35.15400305278847,35.301903067853765,35.07890064359462,0.023089157825964435,0.07369694721153053,-0.07420306785376596,0.14879935640537667
Pantheon,2002he,0.02519,35.1139,0.15531,41.45731396794208,343.72084837665005,35.20636803461534,35.15574871007662,35.30364734919701,35.080631893248224,-0.09246803461533659,-0.04184871007662139,-0.1897473491970061,0.03326810675177683
Pantheon,2002he,0.02519,35.1145,0.174825,32.71846543689815,343.81583507913837,35.20636803461534,35.15574871007662,35.30364734919701,35.080631893248224,-0.09186803461533799,-0.041248710076622785,-0.18914734919700749,0.03386810675177543
Pantheon,2018jjd,0.02521,34.9842,0.185284,29.128905338379955,323.79182159733244,35.20812385725013,35.15749299830658,35.305390261507675,35.08236177402536,-0.22392385725012787,-0.17329299830657874,-0.3211902615076738,-0.09816177402535686
Pantheon,2002bf,0.02525,34.9441,0.240723,17.256981189642815,317.867316151935,35.211631401779385,35.16097747627103,35.30887198771036,35.08581743762926,-0.2675314017793866,-0.21687747627102993,-0.36477198771036257,-0.1417174376292607
Pantheon,2002bf,0.02525,34.9063,0.269066,13.812820085622851,312.381909325967,35.211631401779385,35.16097747627103,35.30887198771036,35.08581743762926,-0.3053314017793838,-0.2546774762710271,-0.40257198771035974,-0.17951743762925787
Pantheon,ASASSN-16bq,0.02534,35.1882,0.176701,32.02742223660123,355.68526585583925,35.21950346479539,35.1687976504586,35.3166859708085,35.09357278216296,-0.031303464795385594,0.01940234954140152,-0.128485970808498,0.09462721783704353
Pantheon,PS15ahs,0.02534,35.1974,0.185937,28.9246665418856,357.1954145504595,35.21950346479539,35.1687976504586,35.3166859708085,35.09357278216296,-0.02210346479538572,0.028602349541401395,-0.11928597080849812,0.1038272178370434
Pantheon,PSNJ0153424,0.02556,35.1828,0.233724,18.305996685335817,354.8018495091765,35.23863127815337,35.18779868822582,35.3356718769843,35.11241536293085,-0.05583127815337008,-0.004998688225818171,-0.1528718769842996,0.07038463706915365
Pantheon,SN2017hn,0.02557,35.0621,0.190177,27.649292033052262,335.61848686928346,35.239496878064436,35.18865852776005,35.33653102879252,35.11326800039646,-0.17739687806443527,-0.1265585277600465,-0.27443102879252024,-0.051168000396458524
Pantheon,1992ag,0.02585,34.7664,0.344692,8.416617526761456,292.89089764871665,35.26359968071632,35.21260011573706,35.36045336303909,35.137007948887096,-0.4971996807163208,-0.44620011573706364,-0.5940533630390945,-0.37060794888709836
Pantheon,SN2017ms,0.02591,35.1181,0.200181,24.954811352836998,344.3863067858933,35.26873120694835,35.21769711502503,35.36554623718024,35.14206174434457,-0.1506312069483542,-0.0995971150250341,-0.24744623718024172,-0.02396174434457521
Pantheon,PSNJ2352371,0.02596,35.4014,0.200491,24.87770055176765,392.37910753924234,35.272998574853176,35.221935715613114,35.369781400321855,35.146264342988914,0.1284014251468264,0.17946428438688855,0.031618599678147064,0.2551356570110883
Pantheon,2005M,0.02598,35.2931,0.179545,31.02082683173963,373.2895867455933,35.27470326311441,35.22362889825503,35.37147320802996,35.147943125171096,0.018396736885591736,0.0694711017449734,-0.07837320802995862,0.14515687482890627
Pantheon,2005M,0.02598,35.1081,0.198242,25.445363476814183,342.80399543636327,35.27470326311441,35.22362889825503,35.37147320802996,35.147943125171096,-0.16660326311441054,-0.11552889825502888,-0.2633732080299609,-0.039843125171096005
Pantheon,2005M,0.02598,34.835,0.348314,8.242484490961541,302.2914578450564,35.27470326311441,35.22362889825503,35.37147320802996,35.147943125171096,-0.43970326311441,-0.38862889825502833,-0.5364732080299603,-0.31294312517109546
Pantheon,SN2017mf,0.02598,35.3111,0.17873,31.304378738480434,376.3967588405736,35.27470326311441,35.22362889825503,35.37147320802996,35.147943125171096,0.03639673688559242,0.08747110174497408,-0.06037320802995794,0.16315687482890695
Pantheon,2005mc,0.02626,35.2855,0.288909,11.980580397224012,371.9853832095529,35.29843457172503,35.24719920661809,35.39502427000553,35.1713118461603,-0.012934571725033095,0.03830079338190728,-0.10952427000552944,0.11418815383969871
Pantheon,2005mc,0.02626,35.3429,0.323231,9.571367427910413,381.9494377447833,35.29843457172503,35.24719920661809,35.39502427000553,35.1713118461603,0.04446542827496813,0.09570079338190851,-0.05212427000552822,0.17158815383969994
Pantheon,ASASSN-15uu,0.02632,35.0223,0.372346,7.2128452496781765,329.5231079256077,35.303487527830924,35.25221768171147,35.400038621525184,35.176287128588186,-0.28118752783092305,-0.22991768171146987,-0.37773862152518234,-0.15398712858818442
Pantheon,2005ms,0.02669,35.308,0.179587,31.006318850924547,375.8597971648598,35.33439981469935,35.282917484089666,35.43071300028342,35.20672061228797,-0.02639981469935293,0.02508251591033428,-0.1227130002834187,0.10127938771203304
Pantheon,1999gp,0.02691,35.2688,0.183373,29.739195762439486,369.1355522456444,35.35258134956372,35.30097279785414,35.448753201447886,35.224617603844585,-0.08378134956372207,-0.03217279785414462,-0.17995320144788707,0.04418239615541353
Pantheon,1999gp,0.02691,35.2892,0.205883,23.591688443847772,372.61975423123744,35.35258134956372,35.30097279785414,35.448753201447886,35.224617603844585,-0.06338134956371988,-0.011772797854142425,-0.15955320144788487,0.06458239615541572
Pantheon,ASASSN-15mf,0.02695,35.1184,0.181369,30.40002096098469,344.4338887992411,35.3558714078708,35.304239916563134,35.45201757274359,35.22785593905582,-0.23747140787079957,-0.1858399165631326,-0.3336175727435915,-0.1094559390558203
Pantheon,ASASSN-17at,0.02713,35.2513,0.18676,28.670302122139063,366.1726263929748,35.37061763003638,35.31888294743261,35.46664824151785,35.24236945316342,-0.11931763003637741,-0.06758294743261217,-0.2153482415178516,0.008930546836580788
Pantheon,SNF20071021-000,0.02714,35.3224,0.216057,21.42216287424506,378.36057347882047,35.37143404787648,35.31969363419286,35.46745824155569,35.24317294497873,-0.04903404787647503,0.0027063658071426744,-0.14505824155568803,0.07922705502127059
Pantheon,2013fn,0.0273,35.2892,0.298907,11.192518695883255,372.61975423123744,35.38445675477741,35.332624669147634,35.48037828982041,35.255988866980104,-0.09525675477740947,-0.04342466914763321,-0.19117828982040663,0.03321113301989698
Pantheon,2002eb,0.02731,35.2673,0.172357,33.662172987071344,368.8806504897596,35.38526818628251,35.333430372739116,35.481183306798016,35.25678737639731,-0.1179681862825106,-0.06613037273911715,-0.21388330679801726,0.010512623602686233
Pantheon,2007co,0.02731,35.3437,0.230789,18.774560931889116,382.09017904175676,35.38526818628251,35.333430372739116,35.481183306798016,35.25678737639731,-0.04156818628251102,0.01026962726088243,-0.13748330679801768,0.08691262360268581
Pantheon,2007co,0.02731,35.1118,0.346591,8.324639545902036,343.38860152745804,35.38526818628251,35.333430372739116,35.481183306798016,35.25678737639731,-0.273468186282507,-0.22163037273911357,-0.3693833067980137,-0.14498737639731019
Pantheon,2007co,0.02731,35.227,0.261645,14.607473943769538,362.0977907238781,35.38526818628251,35.333430372739116,35.481183306798016,35.25678737639731,-0.1582681862825126,-0.10643037273911915,-0.25418330679801926,-0.029787376397315768
Pantheon,1992P,0.02736,35.313,0.220137,20.63544850944458,376.72624348123657,35.389320977329604,35.33745452701117,35.48520402809652,35.260775560477946,-0.07632097732960119,-0.024454527011165794,-0.17220402809651603,0.0522244395220568
Pantheon,2007su,0.0274,35.3042,0.352852,8.031836019490312,375.20263097520916,35.39255798314087,35.34066862675387,35.48841538157528,35.26396088488339,-0.08835798314086674,-0.03646862675386586,-0.18421538157527806,0.04023911511661282
Pantheon,ASASSN-15fa,0.02741,35.5236,0.225337,19.694047625566185,415.09344484366824,35.393366510382975,35.341471427944285,35.489217496215666,35.2647564923528,0.13023348961702652,0.1821285720557171,0.03438250378433594,0.25884350764719954
Pantheon,2005na,0.02748,35.113,0.172724,33.519275732265704,343.57841752472063,35.39901811353164,35.347082953943655,35.494824216543556,35.27031766357421,-0.28601811353163953,-0.23408295394365553,-0.38182421654355636,-0.1573176635742115
Pantheon,2005na,0.02748,35.1538,0.186856,28.640850116595026,350.094973210542,35.39901811353164,35.347082953943655,35.494824216543556,35.27031766357421,-0.24521811353164225,-0.19328295394365824,-0.3410242165435591,-0.11651766357421423
Pantheon,2005na,0.02748,35.1117,0.170295,34.4822984306362,343.3727882620746,35.39901811353164,35.347082953943655,35.494824216543556,35.27031766357421,-0.28731811353164005,-0.23538295394365605,-0.3831242165435569,-0.15861766357421203
Pantheon,ASASSN-16av,0.02773,35.3467,0.289875,11.900863575008263,382.61842094458007,35.41908779250149,35.367009574684516,35.514733676724724,35.290064463949584,-0.07238779250149463,-0.020309574684517884,-0.16803367672472547,0.056635536050414714
Pantheon,2006gj,0.02803,35.7258,0.321699,9.66274632483422,455.60226559953963,35.44293850618104,35.390688771966694,35.538392286598736,35.31352791417261,0.2828614938189631,0.3351112280333055,0.18740771340126372,0.4122720858273894
Pantheon,2010ii,0.02805,35.1306,0.184771,29.290877428828093,346.3744706319045,35.44451964263646,35.3922584799462,35.539960622288476,35.31508324046443,-0.31391964263645633,-0.26165847994619895,-0.4093606222884745,-0.18448324046443076
Pantheon,2006ev,0.0281,35.6739,0.216353,21.363586172580522,444.8420925887223,35.44846765331007,35.39617792268338,35.54387663441281,35.31896672977502,0.22543234668993506,0.2777220773166249,0.13002336558719207,0.3549332702249828
Pantheon,PSNJ0252467,0.02816,35.3613,0.190628,27.518617843084403,385.1996422031245,35.45319618527718,35.40087217926106,35.54856677446553,35.32361784373542,-0.09189618527717869,-0.03957217926105727,-0.18726677446552742,0.03768215626458016
Pantheon,2009aa,0.02819,35.3174,0.173415,33.25268202894521,377.4903683077564,35.45555674866985,35.403215607468226,35.5509081444963,35.32593970124537,-0.13815674866985006,-0.08581560746822703,-0.2335081444962981,-0.008539701245368292
Pantheon,2011hb,0.0282,35.2874,0.292934,11.653608827265119,372.31100628531,35.456343055898344,35.403996203339936,35.55168805432196,35.326713106975234,-0.16894305589834602,-0.11659620333993814,-0.264288054321959,-0.03931310697523571
Pantheon,2005eq,0.02823,35.5061,0.163093,37.59493663865341,411.76163057782725,35.458700338589374,35.40633635307568,35.55402614595781,35.3290316865572,0.04739966141062979,0.09976364692432327,-0.04792614595780975,0.1770683134428026
Pantheon,2005eq,0.02823,35.5563,0.160218,38.95627184056793,421.3916008738409,35.458700338589374,35.40633635307568,35.55402614595781,35.3290316865572,0.09759966141062648,0.14996364692431996,0.00227385404218694,0.2272683134427993
Pantheon,2005eq,0.02823,35.558,0.160985,38.58594812883855,421.7216286491658,35.458700338589374,35.40633635307568,35.55402614595781,35.3290316865572,0.09929966141062607,0.15166364692431955,0.003973854042186531,0.2289683134427989
Pantheon,2003U,0.02833,35.2665,0.177545,31.723646911333667,368.7447748666056,35.46654025029731,35.414119167011364,35.561802099974926,35.33674260292379,-0.200040250297306,-0.14761916701136357,-0.2953020999749256,-0.07024260292379125
Pantheon,2009ad,0.02844,35.372,0.160301,38.91594104435287,387.1024099291071,35.47513288355947,35.42264901418322,35.570324401972655,35.3451933679996,-0.10313288355946781,-0.05064901418322165,-0.19832440197265555,0.02680663200040101
Pantheon,2009ad,0.02844,35.3421,0.156527,40.81515750287105,381.8087482892701,35.47513288355947,35.42264901418322,35.570324401972655,35.3451933679996,-0.13303288355946563,-0.08054901418321947,-0.22822440197265337,-0.0030933679995968077
Pantheon,2002el,0.02849,35.1049,0.181734,30.278030966003296,342.2991928433997,35.47902786256743,35.42651546148956,35.57418741990935,35.34902387070972,-0.3741278625674269,-0.3216154614895572,-0.4692874199093495,-0.2441238707097213
Pantheon,2008ar,0.02849,35.4368,0.180322,30.75406789336499,398.82821525263904,35.47902786256743,35.42651546148956,35.57418741990935,35.34902387070972,-0.0422278625674295,0.0102845385104402,-0.1373874199093521,0.08777612929027612
Pantheon,2008ar,0.02849,35.2913,0.178243,31.475673646544987,372.9802837850414,35.47902786256743,35.42651546148956,35.57418741990935,35.34902387070972,-0.1877278625674279,-0.1352154614895582,-0.2828874199093505,-0.05772387070972229
Pantheon,2008ar,0.02849,35.359,0.180243,30.78103264429262,384.7918589222373,35.47902786256743,35.42651546148956,35.57418741990935,35.34902387070972,-0.12002786256742581,-0.06751546148955612,-0.21518741990934842,0.0099761292902798
Pantheon,AT2017ns,0.02849,35.1963,0.366604,7.440559630151976,357.0145163489105,35.47902786256743,35.42651546148956,35.57418741990935,35.34902387070972,-0.28272786256742677,-0.23021546148955707,-0.3778874199093494,-0.15272387070972115
Pantheon,2004gs,0.02857,35.5996,0.235009,18.1063541630652,429.8786487270792,35.48524591497866,35.43268787283594,35.580354344595705,35.35513877305637,0.11435408502133981,0.16691212716406056,0.01924565540429768,0.2444612269436348
Pantheon,SN2017ckx,0.02858,35.6596,0.251383,15.824434184641978,441.92225710802177,35.486021971365375,35.433458224925225,35.581124010881155,35.35590193672439,0.17357802863462268,0.2261417750747725,0.0784759891188429,0.3036980632756041
Pantheon,2007is,0.02866,35.3449,0.211378,22.381048645594095,382.3013882317444,35.4922208591139,35.43961148497894,35.58727178473367,35.36199769103779,-0.14732085911389703,-0.09471148497893722,-0.24237178473367038,-0.01709769103779024
Pantheon,2013bs,0.02866,35.4105,0.201911,24.529011146713405,394.02690287622016,35.4922208591139,35.43961148497894,35.58727178473367,35.36199769103779,-0.0817208591139007,-0.029111484978940894,-0.17677178473367405,0.04850230896220609
Pantheon,1998ab,0.02873,34.9487,0.227749,19.279112717794852,318.54139309506064,35.49763099114105,35.444981702520394,35.5926372021836,35.36731759343293,-0.5489309911410487,-0.49628170252039183,-0.6439372021836007,-0.41861759343292704
Pantheon,1993ah,0.02888,35.2763,0.655117,2.330034016177391,370.4127055715187,35.50918076471888,35.456445975684915,35.604091190488916,35.378674055894855,-0.2328807647188782,-0.18014597568491553,-0.3277911904889166,-0.10237405589485604
Pantheon,2006qo,0.02898,35.4779,0.275376,13.187055241559321,406.448827490814,35.516848002479975,35.46405623636768,35.611694595395136,35.38621244843292,-0.03894800247997665,0.013843763632316097,-0.1337945953951376,0.09168755156707675
Pantheon,ASASSN-15la,0.02902,35.0558,0.218663,20.914591939461733,334.6461824466628,35.519907641344375,35.467093089595814,35.61472870649098,35.38922055567023,-0.464107641344377,-0.4112930895958158,-0.5589287064909811,-0.3334205556702301
Pantheon,1996C,0.02913,35.5152,0.250819,15.895680903475334,413.4908227844862,35.528300390624345,35.47542319368018,35.623051270236964,35.39747161201276,-0.013100390624344982,0.03977680631982139,-0.10785127023696361,0.11772838798724194
Pantheon,PS16cvc,0.02915,35.6948,0.183345,29.748279850525986,449.1442819486285,35.52982300838062,35.476934423812146,35.6245611294811,35.398968470416214,0.16497699161938328,0.21786557618785451,0.07023887051889943,0.29583152958378633
Pantheon,ASASSN-15fs,0.02917,35.2391,0.185823,28.96016724358038,364.1211243146014,35.53134460299138,35.47844463154044,35.62606996634703,35.40046430659697,-0.29224460299138144,-0.2393446315404404,-0.3869699663470314,-0.16136430659697254
Pantheon,2003ch,0.02919,35.6024,0.169987,34.60736881389315,430.4333122693074,35.53286517585789,35.47995381826631,35.627577782236,35.40195912195627,0.0695348241421101,0.12244618173369304,-0.025177782235999757,0.2004408780437359
Pantheon,ASASSN-16ay,0.02938,35.6222,0.299966,11.113630057842483,434.37605331586917,35.547259924789664,35.49424043585347,35.64185137814284,35.41610922058606,0.07494007521033552,0.1279595641465292,-0.01965137814283935,0.20609077941394105
Pantheon,PSNJ0859349,0.02938,35.472,0.225755,19.621185533799657,405.3459844560705,35.547259924789664,35.49424043585347,35.64185137814284,35.41610922058606,-0.07525992478966259,-0.02224043585346891,-0.16985137814283746,0.05589077941394294
Pantheon,ASASSN-16fs,0.02944,35.2761,0.180915,30.552788026729615,370.37859087161877,35.551786693954746,35.49873307218202,35.646339902839244,35.42055874905748,-0.27568669395474643,-0.22263307218202044,-0.3702399028392449,-0.14445874905747758
Pantheon,LSQ12gdj,0.02947,35.0939,0.272694,13.44772548930789,340.5695966972279,35.55404669075338,35.50097600506457,35.648580779991654,35.422780128622065,-0.4601466907533833,-0.40707600506457453,-0.5546807799916564,-0.3288801286220675
Pantheon,2000cw,0.02949,35.6079,0.224233,19.88845034031402,431.5249143756287,35.55555210366994,35.502470042963736,35.65007344743588,35.42425979786873,0.05234789633006187,0.10542995703626445,-0.042173447435878586,0.1836402021312722
Pantheon,2002de,0.0295,35.3638,0.283742,12.420890947466035,385.64337506426085,35.55630443515227,35.503216687215364,35.65081940646958,35.42499925786194,-0.1925044351522729,-0.13941668721536615,-0.28701940646958235,-0.06119925786194358
Pantheon,ASASSN-16aj,0.02953,35.4654,0.177866,31.609245040076626,404.1158412791101,35.55855993172605,35.50545512320891,35.653055786847546,35.427216141351614,-0.0931599317260492,-0.04005512320890858,-0.18765578684754303,0.038183858648388025
Pantheon,ASASSN-16br,0.02956,35.5064,0.190895,27.44169249036838,411.81852147916663,35.56081318503544,35.50769131760582,35.65528992568615,35.429430783651675,-0.054413185035443234,-0.0012913176058191311,-0.14888992568614867,0.07696921634832421
Pantheon,AT2017zd,0.02969,35.2781,0.194122,26.536918202372252,370.71987930546686,35.570551471182775,35.51735570106825,35.66494540239106,35.43900177939753,-0.2924514711827726,-0.23925570106824523,-0.38684540239106013,-0.16090177939752692
Pantheon,ASASSN-16hh,0.02978,35.5015,0.190369,27.593547799514955,410.8902869243714,35.57726892860554,35.52402201343319,35.671605549169186,35.44560344320453,-0.07576892860554096,-0.02252201343318916,-0.17010554916918608,0.055896556795467234
Pantheon,ATLAS17ajn,0.02978,35.5116,0.190788,27.472481475744196,412.8058802918453,35.57726892860554,35.52402201343319,35.671605549169186,35.44560344320453,-0.06566892860553963,-0.012422013433187828,-0.16000554916918475,0.06599655679546856
Pantheon,Gaia16bba,0.0299,35.4354,0.185335,29.112876312302294,398.5711640721844,35.58619467793423,35.53287959268674,35.68045490844189,35.45437483007767,-0.15079467793422907,-0.09747959268673867,-0.2450549084418867,-0.018974830077667093
Pantheon,1997dg,0.02996,35.861,0.192522,26.979833840421843,484.8706262034425,35.59064440614128,35.53729524585506,35.68486645196329,35.45874738949707,0.2703555938587172,0.32370475414493427,0.17613354803670944,0.40225261050292715
Pantheon,2004ef,0.03012,35.5195,0.196088,26.00746160981167,414.3104381393047,35.60246782310411,35.54902782862875,35.696588076797866,35.47036506356277,-0.08296782310410578,-0.02952782862875125,-0.1770880767978653,0.04913493643723399
Pantheon,2004ef,0.03012,35.4838,0.199296,25.17693366069245,407.55467108016165,35.60246782310411,35.54902782862875,35.696588076797866,35.47036506356277,-0.11866782310410429,-0.06522782862874976,-0.21278807679786382,0.013434936437235478
Pantheon,2004ef,0.03012,35.4761,0.233488,18.343021273880364,406.11204920896773,35.60246782310411,35.54902782862875,35.696588076797866,35.47036506356277,-0.1263678231041041,-0.07292782862874958,-0.22048807679786364,0.00573493643723566
Pantheon,ASASSN-15nq,0.03023,35.5185,0.166012,36.28449112216587,414.11968505745034,35.610560803249435,35.557058387752434,35.70461110328273,35.47831662966168,-0.09206080324943144,-0.038558387752431145,-0.18611110328272673,0.040183370338326085
Pantheon,AT2017lm,0.03031,35.5542,0.216273,21.379393998724947,420.98427605683446,35.61642851816988,35.56288071962821,35.71042795735893,35.484081515499554,-0.0622285181698814,-0.008680719628209488,-0.15622795735892936,0.07011848450044766
Pantheon,ASASSN-16fo,0.03036,35.4803,0.173804,33.10399940110681,406.8982996779674,35.62008814541784,35.56651198848552,35.71405580279813,35.48767688205183,-0.1397881454178389,-0.08621198848552325,-0.2337558027981288,-0.007376882051829625
Pantheon,ASASSN-16es,0.03047,35.5345,0.258248,14.994295531822479,417.1823008983324,35.6281186002665,35.57448007115136,35.72201635450348,35.49556598362291,-0.09361860026649538,-0.03998007115136204,-0.18751635450347948,0.03893401637709104
Pantheon,AT2016cyt,0.03059,35.3586,0.164518,36.94648759452715,384.72098417038274,35.63684679422038,35.583140248243375,35.73066831687933,35.504140005755644,-0.27824679422037946,-0.22454024824337182,-0.3720683168793286,-0.14554000575564174
Pantheon,2013fy,0.03075,35.3522,0.343157,8.492083878832005,383.58876190638654,35.64843239743133,35.59463520371614,35.74215232082065,35.51552009806859,-0.296232397431325,-0.24243520371613414,-0.38995232082064746,-0.1633200980685885
Pantheon,ASASSN-15uw,0.03076,35.6084,0.212671,22.109730741762345,431.62428809952235,35.64915453724852,35.59535167962076,35.742868112308564,35.51622939540968,-0.04075453724851741,0.013048320379240863,-0.1344681123085607,0.09217060459032211
Pantheon,ASASSN-16hr,0.03083,35.4648,0.278746,12.870123431164329,404.0041953708349,35.65420309175136,35.600360591909975,35.7478722338587,35.5211880590188,-0.18940309175136605,-0.1355605919099787,-0.2830722338587037,-0.05638805901880062
Pantheon,PS15cwx,0.03086,35.4164,0.184841,29.268696492995375,395.0989495770709,35.65636332459716,35.6025038380074,35.75001342687752,35.52330977064509,-0.23996332459715575,-0.18610383800739783,-0.3336134268775197,-0.106909770645089
Pantheon,1990O,0.03091,35.4926,0.166476,36.082509559392655,409.2096578592615,35.659959149653844,35.60607135551207,35.75357752271158,35.526841398267806,-0.1673591496538407,-0.11347135551206833,-0.2609775227115776,-0.03424139826780248
Pantheon,2001ba,0.03096,35.6481,0.206672,23.411902970477676,439.588047204724,35.6635492868987,35.609633189823576,35.75713593551126,35.53036734382636,-0.01544928689870062,0.038466810176423394,-0.10903593551125823,0.11773265617363649
Pantheon,2009eu,0.03108,35.9224,0.399302,6.27186972734833,498.7763755925219,35.672142519564986,35.61815851429088,35.76565304899802,35.53880653989266,0.2502574804350175,0.30424148570912024,0.15674695100198477,0.38359346010734185
Pantheon,2009fv,0.03108,35.406,0.332119,9.065934077607702,393.21119594819857,35.672142519564986,35.61815851429088,35.76565304899802,35.53880653989266,-0.2661425195649869,-0.21215851429088417,-0.35965304899801964,-0.13280653989266256
Pantheon,2009fv,0.03108,35.3374,0.375292,7.100049662189127,380.9832436807545,35.672142519564986,35.61815851429088,35.76565304899802,35.53880653989266,-0.33474251956498335,-0.2807585142908806,-0.4282530489980161,-0.201406539892659
Pantheon,SNF20080909-030,0.0311,35.565,0.183722,29.626317377501056,423.0832921219354,35.673571567781885,35.619576247060294,35.76706941335958,35.540209918560734,-0.10857156778188681,-0.05457624706029662,-0.20206941335958106,0.024790081439263645
Pantheon,2008gg,0.03114,35.67,0.236835,17.82823017159205,444.0438659358768,35.67642696844649,35.622409019045904,35.7698994486057,35.54301398288549,-0.006426968446490378,0.04759098095409797,-0.09989944860569722,0.12698601711451118
Pantheon,2008gg,0.03114,35.5409,0.184896,29.251286285298633,418.41367975019085,35.67642696844649,35.622409019045904,35.7698994486057,35.54301398288549,-0.13552696844649148,-0.08150901904590313,-0.22899944860569832,-0.002113982885489918
Pantheon,1999cc,0.03116,35.5877,0.169094,34.973863008838265,427.52929146412566,35.67785332319988,35.623824060567735,35.771313121795885,35.54441467084779,-0.09015332319987834,-0.03612406056773665,-0.1836131217958865,0.043285329152205065
Pantheon,AT2017wb,0.03117,35.5304,0.283582,12.43491090071811,416.3953539045816,35.67856616468512,35.62453124571417,35.77201962278602,35.545114679282186,-0.14816616468512223,-0.09413124571416631,-0.24161962278601834,-0.014714679282185728
Pantheon,MASTEROTJ08,0.03118,35.6675,0.174531,32.828787737276556,443.53293571421943,35.67927878243408,35.62523820730896,35.77272590023086,35.54581446421009,-0.011778782434085144,0.04226179269103625,-0.10522590023086309,0.12168553578990782
Pantheon,2007bd,0.0312,35.4957,0.175954,32.29993970419092,409.794263888582,35.6807033472964,35.62665146041685,35.774137785057896,35.54721336411964,-0.18500334729640144,-0.13095146041685268,-0.2784377850578963,-0.0515133641196428
Pantheon,2007bd,0.0312,35.5793,0.14868,45.23711449745293,425.8786562108893,35.6807033472964,35.62665146041685,35.774137785057896,35.54721336411964,-0.10140334729639733,-0.04735146041684857,-0.19483778505789218,0.032086635880361314
Pantheon,2007bd,0.0312,35.4841,0.153803,42.273712226452794,407.61098072841645,35.6807033472964,35.62665146041685,35.774137785057896,35.54721336411964,-0.19660334729640283,-0.14255146041685407,-0.2900377850578977,-0.06311336411964419
Pantheon,2006bt,0.03121,35.772,0.224228,19.88933732463729,465.399460012456,35.68141529469604,35.62735775221621,35.77484339272635,35.547912479387556,0.09058470530396079,0.14464224778378565,-0.002843392726354921,0.22408752061244286
Pantheon,2006bt,0.03121,35.7428,0.226764,19.446962724993128,459.18307817354054,35.68141529469604,35.62735775221621,35.77484339272635,35.547912479387556,0.06138470530396489,0.11544224778378975,-0.03204339272635082,0.19488752061244696
Pantheon,2006bt,0.03121,35.7867,0.216659,21.303282738188013,468.5607164259472,35.68141529469604,35.62735775221621,35.77484339272635,35.547912479387556,0.10528470530396561,0.15934224778379047,0.0118566072736499,0.23878752061244768
Pantheon,2006bw,0.03132,35.6231,0.320886,9.711771614471289,434.55612443843046,35.68923201863255,35.63511227673406,35.78259039222332,35.55558806503909,-0.06613201863255114,-0.0120122767340618,-0.15949039222331862,0.0675119349609119
Pantheon,ASASSN-15hg,0.03143,35.6461,0.196214,25.97407063863305,439.1833580457555,35.69702192874256,35.642840009759595,35.79031060099611,35.56323686466045,-0.05092192874256085,0.003259990240401578,-0.14421060099611083,0.0828631353395437
Pantheon,ATLAS17axb,0.03143,35.5602,0.185563,29.041378676149414,422.1491071314576,35.69702192874256,35.642840009759595,35.79031060099611,35.56323686466045,-0.13682192874255605,-0.08264000975959362,-0.23011060099610603,-0.0030368646604514993
Pantheon,2010gn,0.03147,35.9119,0.273901,13.329466401634628,496.3703996439374,35.69984801189476,35.645643488599255,35.793111343934285,35.566011641798184,0.2120519881052445,0.2662565114007478,0.11878865606571765,0.34588835820181885
Pantheon,CSS160428,0.03148,35.7017,0.164289,37.049557700414695,450.5737380834373,35.700553983596045,35.646343809683714,35.79381098105924,35.566704787569996,0.001146016403957617,0.05535619031628869,-0.09211098105923554,0.134995212430006
Pantheon,2000dn,0.03148,35.707,0.22057,20.55450931618644,451.67481469275737,35.700553983596045,35.646343809683714,35.79381098105924,35.566704787569996,0.006446016403955923,0.060656190316286995,-0.08681098105923724,0.1402952124300043
Pantheon,2006en,0.03162,35.6474,0.19424,26.504685858829856,439.44636359881224,35.710414618174056,35.656125354998395,35.803582951607254,35.576385883246544,-0.06301461817405851,-0.008725354998396995,-0.15618295160725637,0.07101411675345304
Pantheon,2006en,0.03162,35.6847,0.188076,28.270483798230742,447.06006307332774,35.710414618174056,35.656125354998395,35.803582951607254,35.576385883246544,-0.025714618174056625,0.028574645001604893,-0.11888295160725448,0.10831411675345493
Pantheon,2008bq,0.03166,35.7279,0.17805,31.54394769824207,456.04308517408873,35.71322409867982,35.65891224521277,35.80636710640246,35.57914407518898,0.014675901320181595,0.06898775478722996,-0.07846710640246357,0.14875592481102018
Pantheon,ASASSN-16oz,0.03192,35.4592,0.276064,13.121408227589368,402.9636531499539,35.73140153109299,35.676942912652954,35.824379996092475,35.596988221459284,-0.27220153109298906,-0.21774291265295176,-0.365179996092472,-0.1377882214592816
Pantheon,2006az,0.03201,35.4896,0.148675,45.24015723329747,408.6447041704464,35.73765999554857,35.6831506028854,35.830581533487404,35.60313135377723,-0.24805999554856584,-0.19355060288539505,-0.3409815334874011,-0.11353135377722623
Pantheon,10026,0.03236,35.6746,0.20211,24.480731792527333,444.9855158525366,35.761835981352675,35.70712927526213,35.85453628304562,35.626859002328956,-0.08723598135267707,-0.032529275262135116,-0.17993628304562037,0.047740997671041896
Pantheon,AT2017po,0.03255,35.576,0.196814,25.81594482135229,425.2319373288483,35.77485323377534,35.72003950916633,35.86743353352908,35.63963298929091,-0.19885323377533837,-0.14403950916632624,-0.2914335335290801,-0.06363298929090888
Pantheon,2007ai,0.0326,35.8562,0.258808,14.92947743395918,483.80001228472423,35.77826647992151,35.72342460359058,35.87081521164394,35.642982231961895,0.07793352007848853,0.13277539640942138,-0.01461521164393531,0.21321776803810621
Pantheon,2007ai,0.0326,35.8577,0.294619,11.52069018778977,484.13432494781705,35.77826647992151,35.72342460359058,35.87081521164394,35.642982231961895,0.07943352007848858,0.13427539640942143,-0.013115211643935254,0.21471776803810627
Pantheon,2007ux,0.03264,35.8808,0.19004,27.68917119931016,489.3120094925898,35.780993394041225,35.72612899964592,35.873516874765826,35.645657947426095,0.09980660595877566,0.1546710003540781,0.0072831252341742925,0.23514205257390586
Pantheon,2007ux,0.03264,35.6656,0.274525,13.268939061493413,443.1450219639175,35.780993394041225,35.72612899964592,35.873516874765826,35.645657947426095,-0.11539339404122728,-0.06052899964592484,-0.20791687476582865,0.019942052573902913
Pantheon,ASASSN-15pr,0.03264,35.9082,0.198168,25.464370667325944,495.52534783447084,35.780993394041225,35.72612899964592,35.873516874765826,35.645657947426095,0.12720660595877575,0.1820710003540782,0.03468312523417438,0.26254205257390595
Pantheon,2008gl,0.03272,35.6638,0.156049,41.06558558222994,442.7778376863122,35.786437435499074,35.731528013809,35.87891042336615,35.65099960257072,-0.12263743549907247,-0.06772801380899551,-0.2151104233661485,0.012800397429280963
Pantheon,2008gl,0.03272,35.6366,0.169859,34.6595463524462,437.26616647422696,35.786437435499074,35.731528013809,35.87891042336615,35.65099960257072,-0.14983743549907302,-0.09492801380899607,-0.24231042336614905,-0.014399602570719594
Pantheon,2008gl,0.03272,35.6431,0.148421,45.39513304518196,438.5770227517839,35.786437435499074,35.731528013809,35.87891042336615,35.65099960257072,-0.14333743549907751,-0.08842801380900056,-0.23581042336615354,-0.007899602570724085
Pantheon,SN2016hpx,0.03282,35.6329,0.204026,24.023095606550193,436.5217373836474,35.79322421912282,35.73825852987534,35.88563410804928,35.657658423920886,-0.16032421912282047,-0.105358529875339,-0.25273410804928176,-0.02475842392088623
Pantheon,SN2017cii,0.03289,35.8381,0.178659,31.329264722717408,479.78412613997506,35.7979629515587,35.74295788596773,35.89032868255037,35.662307596393774,0.040137048441295065,0.09514211403226369,-0.052228682550371275,0.1757924036062235
Pantheon,2006te,0.0329,35.7248,0.15355,42.41313339640874,455.3925013062399,35.798639108475285,35.7436284184282,35.890998531951695,35.662970959946016,-0.07383910847528341,-0.01882841842819971,-0.16619853195169298,0.06182904005398626
Pantheon,2006os,0.03294,35.7992,0.326022,9.408192294931656,471.2657469620132,35.80134172887557,35.74630854284342,35.89367592419372,35.66562240917903,-0.0021417288755714026,0.052891457156576394,-0.09447592419372342,0.13357759082096976
Pantheon,2004as,0.03296,35.7324,0.22019,20.625515750044993,456.98913530665374,35.802691836420024,35.74764740349892,35.89501341880062,35.66694693251382,-0.07029183642002579,-0.015247403498918288,-0.16261341880062474,0.06545306748618174
Pantheon,2004as,0.03296,35.8907,0.225741,19.623619341708164,491.54793396896747,35.802691836420024,35.74764740349892,35.89501341880062,35.66694693251382,0.08800816357997832,0.14305259650108582,-0.004313418800620639,0.22375306748618584
Pantheon,ASASSN-16bc,0.03298,35.6164,0.168015,35.42451291398803,433.21738353033305,35.8040411434896,35.748985464415185,35.89635011369364,35.66827065628965,-0.18764114348959993,-0.13258546441518604,-0.2799501136936442,-0.05187065628965115
Pantheon,2008gp,0.03333,35.6643,0.150947,43.888529297708885,442.87980278988385,35.82752545280658,35.772273085102285,35.91961383307411,35.691307406195065,-0.16322545280658574,-0.10797308510228731,-0.25531383307411204,-0.02700740619506803
Pantheon,2008gp,0.03333,35.7268,0.162633,37.80790852052474,455.8121265151126,35.82752545280658,35.772273085102285,35.91961383307411,35.691307406195065,-0.10072545280658574,-0.045473085102287314,-0.19281383307411204,0.03549259380493197
Pantheon,2010ag,0.03335,35.8159,0.198961,25.261788213769204,474.90405194171865,35.82886012412298,35.77359652386948,35.92093590628661,35.692616511156,-0.01296012412298353,0.04230347613052032,-0.1050359062866093,0.12328348884400242
Pantheon,2005iq,0.03341,35.8647,0.150987,43.86527817503105,485.69750781872426,35.83285945051207,35.77756215702108,35.92489744292608,35.69653914396995,0.03184054948793147,0.08713784297891891,-0.06019744292608209,0.16816085603004893
Pantheon,2005iq,0.03341,35.8516,0.143619,48.48151727924805,482.7762256107339,35.83285945051207,35.77756215702108,35.92489744292608,35.69653914396995,0.018740549487930025,0.07403784297891747,-0.07329744292608353,0.1550608560300475
Pantheon,PS15bsq,0.03371,35.7797,0.159699,39.209888437468535,467.05268709883126,35.852751406098236,35.79728574562005,35.94460055238213,35.716047755202794,-0.07305140609823724,-0.017585745620053217,-0.16490055238212875,0.0636522447972041
Pantheon,2004L,0.03373,35.829,0.273673,13.351685504732895,477.7776995735688,35.8540713800447,35.798594500977615,35.94590794266599,35.71734218017707,-0.02507138004470022,0.030405499022386095,-0.11690794266598914,0.11165781982293055
Pantheon,2003gn,0.03375,36.0229,0.243018,16.932579185272086,522.4032559236676,35.85539058960534,35.79990249268377,35.94721456932376,35.71863584168006,0.16750941039465772,0.22299750731622936,0.07568543067623779,0.30426415831993836
Pantheon,2003cq,0.03378,35.8276,0.259126,14.892856942712037,477.4697641844112,35.85736797270124,35.80186305037493,35.94917307948978,35.72057490440419,-0.02976797270124365,0.025736949625063232,-0.12157307948978513,0.10702509559580875
Pantheon,2006S,0.03393,35.9089,0.177213,31.84262369753149,495.68511208311963,35.86722922701915,35.8116402024513,35.95893999479451,35.73024458772387,0.04167077298085076,0.09725979754870195,-0.05003999479450982,0.1786554122761359
Pantheon,2011dl,0.03403,35.7587,0.312966,10.209528399802453,462.5576575959201,35.87377976661016,35.818134696823016,35.965427665442476,35.73666744188546,-0.11507976661016528,-0.059434696823018385,-0.20672766544247878,0.022032558114538858
Pantheon,2006gr,0.03428,35.9188,0.207416,23.244247477559185,497.9501586243463,35.89007421615473,35.83428911358608,35.98156502566289,35.75264277781669,0.028725783845267472,0.08451088641391635,-0.0627650256628911,0.1661572221833083
Pantheon,2006gr,0.03428,35.9378,0.211316,22.394183747339735,502.3262516523609,35.89007421615473,35.83428911358608,35.98156502566289,35.75264277781669,0.04772578384527293,0.10351088641392181,-0.04376502566288565,0.18515722218331376
Pantheon,ASASSN-16dw,0.03437,35.7837,0.217075,21.221710249936173,467.9138228346192,35.895911821254096,35.84007633494552,35.98734610763433,35.758365536962714,-0.11221182125409257,-0.056376334945518636,-0.20364610763432722,0.025334463037289368
Pantheon,2007ba,0.03441,35.825,0.340606,8.619764722019314,476.89841063020697,35.898501522351374,35.84264364803678,35.989910692273064,35.76090420135137,-0.0735015223513713,-0.017643648036774096,-0.164910692273061,0.06409579864862991
Pantheon,ATLAS17ajs,0.03451,35.9757,0.358083,7.798886380369365,511.1706090059405,35.90496293607989,35.84904910458308,35.99630932813051,35.76723803929099,0.07073706392011303,0.12665089541692254,-0.020609328130504423,0.20846196070901613
Pantheon,1996bl,0.03459,35.7348,0.155656,41.27321199829628,457.49449758662314,35.91011891720974,35.854160333164536,36.00141510061593,35.77229197622667,-0.17531891720974357,-0.11936033316453631,-0.26661510061592963,-0.037491976226668555
Pantheon,2003kc,0.03479,35.8566,0.205773,23.616917986653238,483.8891397491173,35.9229581044051,35.86688769029776,36.014128819278426,35.78487611684213,-0.06635810440509715,-0.010287690297758445,-0.15752881927842566,0.07172388315787259
Pantheon,2003iv,0.03491,35.9118,0.165632,36.451172962119784,496.3475414686132,35.93062707211771,35.87448959514604,36.02172254225731,35.79239210041631,-0.018827072117709065,0.03731040485396164,-0.10992254225730846,0.1194078995836918
Pantheon,ASASSN-15jl,0.03512,35.8816,0.169326,34.878090621708495,489.49231190970323,35.94398605142116,35.88773127788855,36.034949908917,35.80548343651256,-0.06238605142116427,-0.006131277888549391,-0.15334990891700073,0.07611656348743878
Pantheon,1992bg,0.03515,35.8937,0.211664,22.32060704554297,492.2275018568933,35.945888108961356,35.88961658536782,36.03683317146893,35.807347267518374,-0.05218810896135295,0.004083414632184201,-0.143133171468925,0.08635273248162889
Pantheon,2005eu,0.03516,35.8012,0.48333,4.280677355155878,471.699998705151,35.94652177603557,35.890244669454475,36.03746057392577,35.80796819287047,-0.14532177603556562,-0.08904466945447354,-0.23626057392576882,-0.00676819287046726
Pantheon,2005eu,0.03516,35.8038,0.482057,4.303315746220381,472.2651242429418,35.94652177603557,35.890244669454475,36.03746057392577,35.80796819287047,-0.14272177603556457,-0.08644466945447249,-0.23366057392576778,-0.004168192870466214
Pantheon,2008at,0.03522,35.8349,0.334212,8.952738952173343,479.0776108304614,35.95032008836242,35.89400948769953,36.04122130252452,35.811690059652385,-0.1154200883624199,-0.05910948769952995,-0.20632130252452185,0.0232099403476127
Pantheon,ASASSN-15tg,0.03529,35.861,0.1686,35.17911092536541,484.8706262034425,35.95474347862252,35.89839380985773,36.04560085371599,35.816024273815984,-0.09374347862252108,-0.03739380985773266,-0.18460085371599178,0.044975726184013354
Pantheon,2007hu,0.03551,35.9905,0.374822,7.117866735549911,514.6664696776709,35.96859002344946,35.91211762758622,36.0593096789914,35.82959062361644,0.021909976550539056,0.07838237241377755,-0.06880967899139989,0.1609093763835574
Pantheon,PTSS-16efw,0.03568,36.234,0.188455,28.156889153002698,575.7392994943102,35.97923240773754,35.92266523792952,36.06984570634959,35.84001656909752,0.2547675922624606,0.31133476207048005,0.16415429365041234,0.39398343090248034
Pantheon,2016fbk,0.03576,35.9591,0.225173,19.722745560021735,507.277821434979,35.98422347941094,35.92761172838321,36.07478674661777,35.844905809992504,-0.025123479410943617,0.031488271616787245,-0.11568674661776868,0.11419419000749542
Pantheon,AT2016fbk,0.03576,36.1545,0.230318,18.851427351140565,555.0420353324507,35.98422347941094,35.92761172838321,36.07478674661777,35.844905809992504,0.17027652058905574,0.2268882716167866,0.07971325338223068,0.3095941900074948
Pantheon,1994T,0.03583,35.9325,0.204232,23.974657928851844,501.1016987927582,35.98858173829009,35.931930988291825,36.07910123794529,35.849174978896386,-0.056081738290089334,0.0005690117081726953,-0.14660123794529056,0.08332502110361162
Pantheon,ASASSN-15mi,0.03585,35.5515,0.204326,23.952603961585417,420.4611512059375,35.98982542929092,35.93316353837459,36.080332425633095,35.850393217667914,-0.43832542929092,-0.3816635383745961,-0.5288324256330981,-0.2988932176679171
Pantheon,ASASSN-15ss,0.03599,35.9909,0.187185,28.540259163205356,514.7612834773536,35.9985123591819,35.94177250230612,36.088931853506395,35.85890200745294,-0.007612359181898398,0.04912749769388114,-0.09803185350639154,0.13199799254706335
Pantheon,2001ck,0.03616,35.8586,0.223482,20.02234320348285,484.3350234225565,36.00901656246582,35.95218208077996,36.09932985414287,35.86918995772944,-0.15041656246581425,-0.09358208077996011,-0.24072985414287018,-0.010589957729436605
Pantheon,PS15bbn,0.03624,36.1845,0.187245,28.521971452557,562.7634391860323,36.01394305877774,35.95706406603401,36.10420639163346,35.87401471067662,0.17055694122225873,0.22743593396599238,0.08029360836653865,0.31048528932338115
Pantheon,ASASSN-15lu,0.03635,36.0035,0.185251,29.13928411629164,517.7568758339951,36.020699698368176,35.96375952200127,36.11089435758482,35.88063147691537,-0.0171996983681737,0.039740477998734036,-0.10739435758481619,0.12286852308463381
Pantheon,2008hj,0.03682,35.9282,0.1566,40.777113926363064,500.11038742609156,36.049346127231274,35.992144778689095,36.13924762006837,35.908680575057076,-0.12114612723127749,-0.06394477868909831,-0.21104762006837063,0.019519424942920693
Pantheon,2008hj,0.03682,35.8836,0.185109,29.184007662112258,489.94335867274475,36.049346127231274,35.992144778689095,36.13924762006837,35.908680575057076,-0.16574612723127302,-0.10854477868909385,-0.25564762006836617,-0.02508057505707484
Pantheon,2000dg,0.03697,36.0748,0.289284,11.9495395813816,535.0395363224982,36.058413580249045,36.0011289637066,36.14822159709949,35.91755749630694,0.016386419750958225,0.07367103629340477,-0.07342159709948959,0.15724250369306247
Pantheon,2002G,0.03702,35.8056,0.308166,10.53005300992238,472.6567615692118,36.06142809486351,36.00411573143712,36.151204962482836,35.920508511692326,-0.2558280948635101,-0.1985157314371193,-0.3456049624828381,-0.11490851169232741
Pantheon,2002G,0.03702,35.9287,0.318471,9.859620902385235,500.2255553570754,36.06142809486351,36.00411573143712,36.151204962482836,35.920508511692326,-0.13272809486350923,-0.07541573143711844,-0.22250496248283724,0.008191488307673467
Pantheon,2006mo,0.03702,36.0695,0.175025,32.64373377721195,533.7352361947445,36.06142809486351,36.00411573143712,36.151204962482836,35.920508511692326,0.008071905136489477,0.06538426856288027,-0.08170496248283854,0.14899148830767217
Pantheon,2008ei,0.03702,36.08,0.336812,8.815052182663978,536.3223246716517,36.06142809486351,36.00411573143712,36.151204962482836,35.920508511692326,0.018571905136489875,0.07588426856288066,-0.07120496248283814,0.15949148830767257
Pantheon,2002hu,0.03705,35.9637,0.166565,36.04396021951021,508.3535667721463,36.063234898809135,36.00590588943989,36.15299307915288,35.922277218826544,-0.09953489880913224,-0.04220588943988446,-0.18929307915287552,0.0414227811734591
Pantheon,2000cf,0.03707,36.0475,0.166339,36.14197053378459,528.355064966484,36.06443864252249,36.0070985367694,36.15418436562539,35.92345556580141,-0.01693864252249,0.040401463230601564,-0.10668436562539085,0.1240444341985878
Pantheon,2001eh,0.03725,36.0067,0.135213,54.69694907614531,518.520433034568,36.075243932325066,36.017803991922136,36.164877574198655,35.93403232583945,-0.0685439323250634,-0.011103991922134071,-0.1581775741986533,0.07266767416054876
Pantheon,2001eh,0.03725,35.9927,0.149174,44.937998934120635,515.1881617759615,36.075243932325066,36.017803991922136,36.164877574198655,35.93403232583945,-0.0825439323250663,-0.02510399192213697,-0.1721775741986562,0.05866767416054586
Pantheon,ASASSN-16db,0.0373,35.8698,0.18969,27.791444915601147,486.8395754828459,36.07823636886978,36.02076870709705,36.16783888790798,35.936961294951374,-0.20843636886978345,-0.15096870709705001,-0.2980388879079854,-0.0671612949513758
Pantheon,AT2016hns,0.0374,35.9789,0.163683,37.324401072060134,511.9244531699582,36.08420952928438,36.02668643843491,36.17374981678684,35.94280753752804,-0.10530952928437642,-0.04778643843490471,-0.1948498167868351,0.03609246247196296
Pantheon,ASASSN-15bc,0.03753,35.949,0.262609,14.500426895837663,504.9238384211701,36.091951406681815,36.034356285261644,36.18141082135794,35.950384455671774,-0.14295140668181716,-0.08535628526164629,-0.232410821357945,-0.0013844556717756973
Pantheon,2007jg,0.03756,36.3333,0.171248,34.099576384836276,602.6787447445174,36.0937342815626,36.036122542073436,36.183175037800254,35.9521292684794,0.23956571843740448,0.2971774579265656,0.15012496219974736,0.3811707315205979
Pantheon,2007jg,0.03756,36.2185,0.171341,34.062569480946316,571.6442969156053,36.0937342815626,36.036122542073436,36.183175037800254,35.9521292684794,0.12476571843740203,0.18237745792656312,0.0353249621997449,0.2663707315205954
Pantheon,AT2016cvw,0.03787,36.0063,0.206656,23.41552836677443,518.4249268377223,36.112076483165104,36.0542931195633,36.20132453478839,35.970078281561506,-0.10577648316510135,-0.04799311956329433,-0.19502453478838788,0.03622171843849742
Pantheon,2002eu,0.0379,36.0624,0.163008,37.634154379795696,531.9929475682685,36.113843762744835,36.05604379963934,36.203073175136744,35.971807522207655,-0.05144376274483875,0.006356200360656317,-0.14067317513674737,0.0905924777923417
Pantheon,2008gb,0.03796,36.0889,0.198876,25.2833867059761,538.5250070125977,36.117374236114486,36.05954107891385,36.206566375125725,35.97526192383296,-0.02847423611448363,0.029358921086149792,-0.11766637512572231,0.11363807616704236
Pantheon,2007O,0.03818,35.8938,0.151724,43.44016162670425,492.2501702930112,36.13027294923074,36.07231813637128,36.219328477140024,35.98788177705158,-0.2364729492307447,-0.1785181363712809,-0.32552847714002553,-0.09408177705157783
Pantheon,2007O,0.03818,35.8617,0.152703,42.884945395758415,485.02695522197973,36.13027294923074,36.07231813637128,36.219328477140024,35.98788177705158,-0.2685729492307445,-0.21061813637128068,-0.3576284771400253,-0.12618177705157763
Pantheon,2008fr,0.03828,36.1141,0.236153,17.931353232546513,544.8110093367001,36.13611207906482,36.078101997273606,36.22510554111979,35.993594188653894,-0.022012079064822387,0.03599800272639442,-0.11100554111978767,0.12050581134610638
Pantheon,SN2017ciy,0.03834,36.5177,0.245806,16.55064947271181,656.0937113249967,36.13960842790068,36.08156519347649,36.22856465947092,35.99701451742815,0.378091572099315,0.4361348065235049,0.28913534052907863,0.5206854825718494
Pantheon,2008O,0.03847,36.2254,0.311188,10.326527767167637,573.4636242008361,36.14716560005417,36.08905055737192,36.23604118879727,36.004407007429634,0.0782343999458277,0.1363494426280809,-0.010641188797272605,0.2209929925703662
Pantheon,2009bv,0.03848,36.2564,0.149974,44.4598558587038,581.7091231603549,36.14774589013935,36.08962532501703,36.236615276904146,36.004974631242746,0.10865410986065172,0.1667746749829675,0.019784723095852996,0.2514253687572534
Pantheon,2008051,0.03873,36.0125,0.17035,34.46003579191618,519.9072517121665,36.16220560282342,36.10394703574454,36.25092000121827,36.01911776073249,-0.14970560282341694,-0.09144703574453672,-0.238420001218266,-0.006617760732488875
Pantheon,ASASSN-15np,0.03884,36.026,0.219507,20.75406876738349,523.1495728477303,36.168539097899995,36.11021984592251,36.2571853386185,36.025312004036465,-0.14253909789999142,-0.08421984592250453,-0.231185338618495,0.0006879959635384125
Pantheon,2010dw,0.03902,36.0125,0.204712,23.862360220230784,519.9072517121665,36.17886541384679,36.12044690669413,36.267400172847985,36.035410512523384,-0.1663654138467905,-0.10794690669412432,-0.2549001728479823,-0.0229105125233815
Pantheon,ASASSN-15pn,0.03909,36.1962,0.220822,20.507622857279678,565.8038197423906,36.182868680372025,36.12441158986658,36.27136010180364,36.03932520705956,0.01333131962797296,0.07178841013341497,-0.07516010180363963,0.15687479294043527
Pantheon,1999aw,0.0391,36.2125,0.18352,29.69157249608357,570.0669655191159,36.18344000564528,36.124977403958184,36.27192523674653,36.039883880096546,0.029059994354717844,0.08752259604181489,-0.05942523674653444,0.17261611990345216
Pantheon,2008dr,0.04014,36.284,0.147901,45.71490053842393,589.1499905531571,36.24209440593132,36.183059631394215,36.32993686698935,36.09722368227537,0.04190559406868033,0.1009403686057837,-0.04593686698935073,0.18677631772462888
Pantheon,PS15cze,0.04035,36.5486,0.234635,18.16412195938405,665.4966521512615,36.25375840259327,36.194608330926,36.34147131955242,36.1086225277451,0.2948415974067302,0.3539916690739986,0.20712868044758181,0.4399774722549026
Pantheon,2003fa,0.04056,36.0167,0.143473,48.580238334900926,520.9138146085173,36.26536347939923,36.20609819040833,36.35294693483068,36.11996255288887,-0.24866347939922662,-0.18939819040833328,-0.33624693483068313,-0.10326255288887154
Pantheon,2003fa,0.04056,36.0818,0.14498,47.575549067984525,536.7670829874198,36.26536347939923,36.20609819040833,36.35294693483068,36.11996255288887,-0.18356347939922557,-0.12429819040833223,-0.2711469348306821,-0.03816255288887049
Pantheon,SN2016glz,0.04077,35.9918,0.210464,22.57586293284944,514.9746783950951,36.27691024388577,36.217529817341166,36.36436432032334,36.13124436520242,-0.2851102438857751,-0.22572981734116837,-0.37256432032334175,-0.1394443652024222
Pantheon,PS16axi,0.04089,36.1263,0.168835,35.081248069670764,547.8805398949142,36.28348244456076,36.2240362609293,36.37086262718627,36.137665209288585,-0.15718244456076036,-0.09773626092930243,-0.2445626271862693,-0.01136520928858431
Pantheon,SN2017coa,0.04095,36.4104,0.307187,10.597278179479549,624.4617978243459,36.286761512417726,36.22728246000397,36.37410475823661,36.1408686110261,0.12363848758227647,0.18311753999603297,0.03629524176339061,0.2695313889739026
Pantheon,2009do,0.04099,36.0403,0.147245,46.12314227960502,526.6060873362961,36.288944962343884,36.22944400102325,36.376263587364974,36.14300162138123,-0.24864496234388156,-0.18914400102325146,-0.3359635873649722,-0.10270162138122885
Pantheon,2001az,0.04101,36.3153,0.150794,43.97763564905277,597.7036047255756,36.29003591023029,36.23052399554052,36.37734222597435,36.1440673508346,0.025264089769713394,0.08477600445947786,-0.06204222597435205,0.17123264916540393
Pantheon,2007jh,0.04167,36.5601,0.280122,12.743994140799643,669.0304353965998,36.32574991970077,36.26587694914578,36.41265044867025,36.17894965760293,0.23435008029922955,0.29422305085422096,0.1474495513297498,0.3811503423970706
Pantheon,1992bl,0.04222,36.2101,0.208042,23.104573690181606,569.4372522811434,36.35509392512665,36.29492067516644,36.44165691975647,36.207601326551156,-0.14499392512665565,-0.08482067516644065,-0.2315569197564713,0.0024986734488408047
Pantheon,2014bj,0.04258,36.5106,0.426487,5.497793260393082,653.9520041008428,36.37410038154743,36.313730880324144,36.46044275010927,36.226154985657274,0.13649961845256797,0.19686911967585274,0.050157249890723676,0.2844450143427224
Pantheon,2006cf,0.04268,36.2931,0.151018,43.847271261212576,591.6241248497133,36.37935224026517,36.31892826623019,36.465633366673785,36.23128111903525,-0.08625224026516776,-0.025828266230185193,-0.1725333666737825,0.06181888096475063
Pantheon,2006cz,0.04268,35.9138,0.29449,11.530785569901255,496.80490503996197,36.37935224026517,36.31892826623019,36.465633366673785,36.23128111903525,-0.4655522402651684,-0.40512826623018583,-0.5518333666737831,-0.31748111903525
Pantheon,2007kk,0.04285,36.2521,0.175538,32.4532135997132,580.5583490415047,36.388253018927536,36.32773648243169,36.47443007642878,36.23996821617858,-0.13615301892753706,-0.07563648243169041,-0.22233007642878277,0.012131783821416775
Pantheon,2007kk,0.04285,36.2071,0.166515,36.065609543437795,568.6510888315613,36.388253018927536,36.32773648243169,36.47443007642878,36.23996821617858,-0.18115301892753877,-0.12063648243169212,-0.2673300764287845,-0.03286821617858493
Pantheon,AT2016htm,0.04289,36.2018,0.162522,37.859570584474845,567.2648516706456,36.390342332985504,36.329804024647046,36.476494911507366,36.24200726166571,-0.18854233298550582,-0.12800402464704774,-0.2746949115073676,-0.040207261665713645
Pantheon,ASASSN-16ct,0.04306,36.2457,0.207056,23.32514543351335,578.8497833136665,36.39920084845781,36.33857004190916,36.485249424553224,36.25065217579508,-0.15350084845780998,-0.09287004190915837,-0.2395494245532248,-0.0049521757950827805
Pantheon,SN2016ayg,0.04349,36.4165,0.166064,36.26177098859851,626.2184732956472,36.42145691221122,36.36059237162757,36.50724266342756,36.27236824335415,-0.004956912211220299,0.055907628372430906,-0.09074266342756232,0.14413175664584799
Pantheon,2007nq,0.04349,36.2137,0.152187,43.176246835600516,570.3820832285733,36.42145691221122,36.36059237162757,36.50724266342756,36.27236824335415,-0.20775691221121662,-0.1468923716275654,-0.29354266342755864,-0.05866824335414833
Pantheon,2007nq,0.04349,36.2882,0.166626,36.0175744319805,590.2906103827991,36.42145691221122,36.36059237162757,36.50724266342756,36.27236824335415,-0.13325691221121616,-0.07239237162756496,-0.21904266342755818,0.015831756645852124
Pantheon,MASTERJ0134,0.04369,36.2594,0.177777,31.640901857285627,582.5133394186176,36.43173583810989,36.37076269727072,36.51739946237837,36.28239614956938,-0.17233583810988762,-0.1113626972707209,-0.2579994623783719,-0.02299614956938001
Pantheon,ASASSN-15mg,0.04408,36.3298,0.181208,30.454064686082297,601.7081238172384,36.45164897461643,36.39046426994006,36.537074665176306,36.30182005563056,-0.12184897461643374,-0.060664269940062354,-0.20727466517630688,0.027979944369441512
Pantheon,AT2016cvv,0.04438,36.5469,0.231201,18.707708045302457,664.9758527312765,36.466850706313906,36.4055034460181,36.55209356319322,36.316645688124574,0.08004929368609481,0.14139655398189888,-0.0051935631932167325,0.23025431187542722
Pantheon,2005ku,0.04439,36.2916,0.249078,16.118672089729934,591.2155865029439,36.46735571079582,36.406003034760374,36.552592476096756,36.31713815943782,-0.1757557107958192,-0.11440303476037172,-0.260992476096753,-0.02553815943781501
Pantheon,1992bh,0.0444,36.551,0.270525,13.664230786944998,666.232592854135,36.46786060484838,36.40650251325266,36.553091278756554,36.31763052054562,0.08313939515161906,0.14449748674734053,-0.0020912787565521285,0.2333694794543817
Pantheon,2006gt,0.04464,36.5114,0.286272,12.202315665111215,654.1929733080755,36.479945061863624,36.41845705062465,36.565029598018704,36.3294142540506,0.031454938136377564,0.09294294937534886,-0.05362959801870204,0.18198574594940453
Pantheon,2006hx,0.04487,36.4565,0.162334,37.94731216341139,637.8607439393433,36.49146696849971,36.429854547837486,36.57641155624465,36.34064808829178,-0.034966968499709594,0.02664545216251213,-0.11991155624465222,0.11585191170821929
Pantheon,PS16cqa,0.04521,36.6866,0.304921,10.75536935366722,709.1626840213314,36.508394787317414,36.446598630694254,36.593132674461685,36.357150277717814,0.1782052126825846,0.24000136930574456,0.09346732553831316,0.3294497222821846
Pantheon,PSNJ1204051,0.04545,36.4541,0.196266,25.960308981005582,637.1561436401909,36.52026962366405,36.45834389570132,36.60486173346904,36.36872482539545,-0.06616962366405232,-0.004243895701321776,-0.15076173346904653,0.08537517460455035
Pantheon,2005hc,0.04575,36.4634,0.173532,33.20785741751497,639.8908130957883,36.5350279101513,36.47294036296821,36.61943794827838,36.383107932037746,-0.07162791015129955,-0.009540362968209593,-0.15603794827838158,0.08029206796225452
Pantheon,2005hc,0.04575,36.5139,0.151933,43.32073070361023,654.9465745267078,36.5350279101513,36.47294036296821,36.61943794827838,36.383107932037746,-0.0211279101513,0.04095963703178995,-0.10553794827838203,0.13079206796225407
Pantheon,SN2016esh,0.04583,36.1579,0.182756,29.94033890224579,555.911777488821,36.53894759828418,36.476816926497996,36.623309112098724,36.386927606162075,-0.38104759828418366,-0.3189169264979981,-0.46540911209872604,-0.2290276061620773
Pantheon,PS17tn,0.0459,36.3811,0.196005,26.029492439194133,616.0924334821294,36.5423718849519,36.48020348852587,36.62669094970747,36.39026439229507,-0.16127188495189415,-0.09910348852586992,-0.24559094970746997,-0.00916439229506949
Pantheon,2008050,0.04625,36.2636,0.218105,21.021744650390758,583.6411104049951,36.55941770106025,36.497060812817416,36.6435246564753,36.40687286979514,-0.2958177010602512,-0.2334608128174196,-0.3799246564753034,-0.14327286979514042
Pantheon,AT2016ews,0.04631,36.5394,0.159223,39.44467618719825,662.6830692787449,36.56232727405781,36.49993809491086,36.64639789061532,36.4097074979071,-0.022927274057806812,0.039461905089140714,-0.10699789061531817,0.12969250209290095
Pantheon,2005lz,0.04643,36.3247,0.195021,26.292824462130692,600.296588218948,36.568135469613765,36.50568172794959,36.652133428418686,36.4153658277836,-0.2434354696137646,-0.1809817279495931,-0.3274334284186864,-0.09066582778360299
Pantheon,360156,0.04656,36.5081,0.209562,22.770623935865384,653.1995472648422,36.57441127817798,36.5118876228061,36.65833055444706,36.421479318103586,-0.06631127817798443,-0.0037876228061008987,-0.150230554447063,0.08662068189641303
Pantheon,2004gu,0.04664,36.4713,0.19409,26.545669311502834,642.2230297388261,36.57826487493384,36.51569821073896,36.6621357467001,36.42523304543937,-0.1069648749338441,-0.04439821073896155,-0.1908357467001025,0.04606695456062937
Pantheon,2008cf,0.04682,36.4786,0.148197,45.53246638744191,644.3856716940621,36.586912088663844,36.524248696383104,36.67067409351883,36.43365560513801,-0.10831208866384401,-0.04564869638310398,-0.19207409351882632,0.044944394861992976
Pantheon,2008cf,0.04682,36.4857,0.182928,29.88406192722772,646.4960489687764,36.586912088663844,36.524248696383104,36.67067409351883,36.43365560513801,-0.10121208866384279,-0.038548696383102765,-0.1849740935188251,0.05204439486199419
Pantheon,AT2017yk,0.04691,36.7582,0.280677,12.6936449929167,732.935698531935,36.591223616773206,36.52851188213016,36.6749312106081,36.437854833310595,0.1669763832267961,0.22968811786984134,0.08326878939190152,0.3203451666894068
Pantheon,2016afk,0.04738,36.5642,0.229149,19.04425847926766,670.29483828901,36.613609909839795,36.5506459553406,36.69703360011315,36.45965496430986,-0.04940990983979532,0.013554044659400688,-0.13283360011315182,0.10454503569013696
Pantheon,PS16fa,0.0476,36.6009,0.161688,38.25114342582396,681.7197484191743,36.624014747989676,36.56093286841976,36.70730568723441,36.4697855977187,-0.02311474798967339,0.03996713158024079,-0.1064056872344068,0.13111440228130533
Pantheon,PS15aii,0.04777,36.5946,0.145385,47.31085518984748,679.7447704238949,36.632022981811204,36.56885003737411,36.71521140182424,36.47758201982631,-0.03742298181120418,0.02574996262588769,-0.12061140182424168,0.11701798017369214
Pantheon,PS17akj,0.04777,36.5627,0.208806,22.935808414731394,669.8319749039982,36.632022981811204,36.56885003737411,36.71521140182424,36.47758201982631,-0.06932298181120444,-0.006150037374112571,-0.15251140182424194,0.08511798017369188
Pantheon,ATLAS16agv,0.04819,36.4976,0.165873,36.34532872065506,650.0486714871381,36.651690256090376,36.5882925484408,36.73462562155986,36.49672627014326,-0.1540902560903774,-0.09069254844079921,-0.23702562155985873,0.0008737298567353946
Pantheon,ASASSN-15pm,0.04837,36.3735,0.154741,41.762760898429605,613.9399225126157,36.66006830282298,36.59657436416386,36.74289531577588,36.50488028379069,-0.2865683028229782,-0.22307436416385684,-0.3693953157758827,-0.13138028379069056
Pantheon,1995ac,0.0486,36.3303,0.135835,54.197172013514184,601.846688185063,36.670729746820534,36.607112930158706,36.753418396101594,36.51525556804805,-0.34042974682053284,-0.27681293015870523,-0.42311839610159296,-0.18495556804804636
Pantheon,AT2016gmg,0.04865,36.641,0.181462,30.36886868146364,694.4258435617567,36.67304098473906,36.60939746791129,36.75569956783826,36.51750461287531,-0.03204098473906214,0.031602532088705004,-0.11469956783826518,0.12349538712469155
Pantheon,1990af,0.04934,36.5997,0.202684,24.342269530686078,681.3431202396956,36.7047032931681,36.64069176755757,36.78694743228236,36.54830922334221,-0.10500329316810308,-0.04099176755757128,-0.18724743228236207,0.05139077665779013
Pantheon,PS16el,0.0494,36.4691,0.176995,31.92111141655269,641.5726990347973,36.70743624411926,36.64339275769011,36.78964438596475,36.55096764177989,-0.23833624411926024,-0.174292757690111,-0.32054438596475165,-0.08186764177989403
Pantheon,2006cq,0.04944,36.5828,0.168097,35.389960226479694,676.0609869004431,36.70925642677466,36.645191636681744,36.79144057411342,36.552738140527865,-0.1264564267746593,-0.06239163668174541,-0.2086405741134243,0.030061859472134245
Pantheon,1993ag,0.04985,36.6402,0.244395,16.74230953030258,694.1700547473991,36.727831543592885,36.66354855456678,36.80976991656823,36.570804201786224,-0.0876315435928845,-0.023348554566780422,-0.1695699165682285,0.06939579821377606
Pantheon,PS15asb,0.04989,36.4714,0.18553,29.05171070577241,642.2526058833306,36.72963582615937,36.66533156538976,36.81155023766227,36.572558840339674,-0.258235826159364,-0.19393156538975376,-0.3401502376622645,-0.10115884033967149
Pantheon,1998dx,0.05018,36.5693,0.155812,41.1906073481174,671.8709675627119,36.74267515985825,36.678216763742256,36.824415938440104,36.5852383609289,-0.17337515985825291,-0.10891676374225767,-0.25511593844010605,-0.015938360928899442
Pantheon,PS16dnp,0.05023,36.8583,0.163226,37.53369529881228,767.5132382953963,36.744915947997406,36.68043099188022,36.826626805452996,36.58741713114735,0.11338405200259416,0.17786900811977802,0.0316731945470039,0.27088286885265234
Pantheon,2007kh,0.05032,36.5403,0.453411,4.864250091255889,662.9577853531614,36.748943933157584,36.684411180195795,36.830600944133025,36.59133349799704,-0.20864393315758178,-0.14411118019579305,-0.29030094413302265,-0.05103349799703949
Pantheon,ASASSN-17eb,0.05044,36.4621,0.201896,24.532656081087513,639.5078429516833,36.75430375034393,36.68970729056689,36.83588898910247,36.59654451865829,-0.29220375034392987,-0.227607290566894,-0.37378898910247216,-0.13444451865829166
Pantheon,PS15brr,0.05049,36.5461,0.190961,27.42272695584607,664.7309116961422,36.756533367150894,36.691910370391575,36.83808870860588,36.59871214631849,-0.21043336715089112,-0.14581037039157252,-0.2919887086058779,-0.052612146318487873
Pantheon,2008hu,0.05052,36.7036,0.133364,56.2241339241382,714.7363583589994,36.75787011207773,36.69323119525319,36.83940751734891,36.60001170041257,-0.054270112077730914,0.010368804746811122,-0.1358075173489084,0.10358829958742888
Pantheon,AT2016cor,0.05066,36.8523,0.302557,10.924098047799216,765.3954480287626,36.76409811830978,36.699384928908486,36.8455518431864,36.606066175752936,0.08820188169021748,0.15291507109151325,0.006748156813600303,0.24623382424706364
Pantheon,PS16fbb,0.05106,36.8804,0.16836,35.27947923650239,775.3644322719045,36.78180110897267,36.71687590327196,36.86301594474436,36.62327360272186,0.09859889102732922,0.16352409672803958,0.017384055255639908,0.25712639727814235
Pantheon,2003ic,0.05126,36.393,0.201448,24.6418937101493,619.4779821735278,36.790602363149844,36.72557125538842,36.87169786416453,36.63182720768488,-0.39760236314984354,-0.3325712553884159,-0.47869786416453053,-0.23882720768487786
Pantheon,ASASSN-16hc,0.05151,36.5862,0.156832,40.65656080997507,677.1203638541762,36.80155734792687,36.736393961986664,36.882503783365905,36.64247275521899,-0.21535734792686867,-0.15019396198666612,-0.29630378336590724,-0.05627275521899122
Pantheon,1993O,0.05194,36.7759,0.228182,19.206013741296996,738.9343831313056,36.820280215875115,36.75488956964668,36.90097052572759,36.660663713929125,-0.044380215875115425,0.021010430353321397,-0.1250705257275868,0.11523628607087488
Pantheon,2006ot,0.05202,36.8679,0.208308,23.045604350212763,770.9138977711547,36.823746999612936,36.75831410840581,36.90438969545741,36.66403158283112,0.04415300038706249,0.10958589159418608,-0.0364896954574121,0.20386841716887716
Pantheon,2006ot,0.05202,36.5433,0.298829,11.198362375011797,663.8743283611627,36.823746999612936,36.75831410840581,36.90438969545741,36.66403158283112,-0.2804469996129342,-0.2150141084058106,-0.36108969545740877,-0.12073158283111951
Pantheon,AT2016htn,0.05222,36.8411,0.218249,20.99401364054558,761.4578619268185,36.832391461896776,36.76685300763632,36.91291517384182,36.67242881979243,0.00870853810322103,0.07424699236367616,-0.07181517384182001,0.16867118020756777
Pantheon,PS16evk,0.05262,36.9144,0.207509,23.223417242688384,787.6003039225888,36.84958480113617,36.78383543235071,36.929870764263754,36.68912797298604,0.06481519886383325,0.13056456764928726,-0.015470764263753267,0.22527202701395765
Pantheon,PS16n,0.05309,36.7752,0.161766,38.2142646023785,738.6962172198355,36.8696263118244,36.80362947867475,36.949633292895285,36.70858926556905,-0.09442631182439953,-0.028429478674752318,-0.1744332928952872,0.06661073443094523
Pantheon,2010dt,0.05316,36.8474,0.172204,33.722015969170194,763.6702548529165,36.87259654051996,36.80656288425123,36.95256200551173,36.71147312042228,-0.02519654051995701,0.040837115748772135,-0.10516200551172972,0.13592687957771687
Pantheon,2006lu,0.05346,36.8631,0.133817,55.84411609859298,769.2116887601662,36.88528344379687,36.819092071815135,36.9650710838077,36.72378997224058,-0.02218344379686954,0.044007928184868206,-0.10197108380769748,0.13931002775942147
Pantheon,PS16bby,0.05468,36.8327,0.178902,31.244214348702453,758.5179716880793,36.936178220941734,36.86934710129449,37.01524439265632,36.77318191205231,-0.10347822094173154,-0.03664710129448423,-0.18254439265631817,0.0595180879476942
Pantheon,PS16ayd,0.05469,36.8581,0.149593,44.686614816713906,767.4425509690711,36.936590843874356,36.86975449119051,37.01565111308931,36.7735822301545,-0.07849084387435568,-0.011654491190512317,-0.1575511130893119,0.08451776984549753
Pantheon,SN2017cpu,0.05502,36.6433,0.175423,32.4957774924172,695.1617615450904,36.95016670424014,36.883157759724845,37.02903229279086,36.78675215421472,-0.30686670424013585,-0.2398577597248419,-0.3857322927908555,-0.1434521542147138
Pantheon,490007,0.05541,36.8676,0.194374,26.468154186156966,770.8073994370305,36.96610994742305,36.898897276816164,37.0447457135229,36.80221596242049,-0.09850994742304664,-0.03129727681616146,-0.1771457135228971,0.06538403757951272
Pantheon,AT2017oz,0.05614,36.8109,0.193162,26.80134647447505,750.9411009744025,36.99566354973433,36.92807026140747,37.07386987617903,36.83087305655163,-0.18476354973433473,-0.11717026140747322,-0.2629698761790351,-0.019973056551634727
Pantheon,2006py,0.05653,36.9098,0.185051,29.20230464736625,785.9336344825058,37.011300880569,36.943504630488945,37.089278175707165,36.846031909046125,-0.10150088056900586,-0.03370463048894834,-0.1794781757071675,0.06376809095387159
Pantheon,PS16aer,0.05693,37.0393,0.176308,32.170363058797015,834.230137278587,37.027231462825135,36.95922732286686,37.104974139767826,36.861472089813994,0.012068537174862115,0.08007267713313837,-0.06567413976782888,0.17782791018600363
Pantheon,2005hj,0.05708,36.9903,0.171451,34.0188755896851,815.6162596869314,37.03317762028206,36.96509559363326,37.11083238994299,36.86723443686686,-0.04287762028206288,0.025204406366739818,-0.1205323899429942,0.12306556313313877
Pantheon,2008eq,0.05728,37.0687,0.221323,20.414883374537443,845.6017538295832,37.04108243883179,36.972896624331746,37.11862006199718,36.87489425133511,0.02761756116820635,0.09580337566825392,-0.049920061997177356,0.19380574866489297
Pantheon,2006ob,0.05824,36.9821,0.138149,52.39676916635846,812.5421053321805,37.07865903428714,37.009976008708186,37.155635358968546,36.911296042495366,-0.09655903428713941,-0.02787600870818352,-0.1735353589685431,0.07080395750463708
Pantheon,2006ob,0.05824,36.9324,0.14674,46.44115054495253,794.1560980653646,37.07865903428714,37.009976008708186,37.155635358968546,36.911296042495366,-0.14625903428714082,-0.07757600870818493,-0.22323535896854452,0.021103957504635673
Pantheon,SN2016gmb,0.0583,36.9545,0.182842,29.912180562270578,802.2798323052924,37.080987709003495,37.01227366102657,37.15792900769642,36.91355135867953,-0.1264877090034915,-0.057773661026566,-0.20342900769641403,0.04094864132047604
Pantheon,2001ah,0.05886,36.9802,0.215566,21.51986159154289,811.8314562913148,37.1026113403007,37.03360805194757,37.17922604238685,36.93449068856472,-0.1224113403006939,-0.053408051947563706,-0.19902604238684773,0.04570931143528156
Pantheon,2001ah,0.05886,37.146,0.252804,15.647037283398182,876.2456501375791,37.1026113403007,37.03360805194757,37.17922604238685,36.93449068856472,0.04338865969930339,0.11239194805243358,-0.03322604238685045,0.21150931143527885
Pantheon,LSQ13crf,0.05974,36.3001,0.617516,2.6224279831545156,593.5343729984687,37.13619420175274,37.06673749386086,37.2122968203651,36.966999598312015,-0.8360942017527364,-0.7666374938608627,-0.9121968203650965,-0.6668995983120141
Pantheon,SN2017cjv,0.06092,37.032,0.17759,31.707571870578153,831.4303526551053,37.180485918014966,37.1104233238313,37.25590406150355,37.00985388392156,-0.1484859180149698,-0.07842332383130213,-0.22390406150355346,0.022146116078438638
Pantheon,2008bz,0.06099,37.1631,0.123921,65.11936864337157,883.1731861477169,37.18308738173815,37.11298892091412,37.25846499920433,37.012370171268856,-0.019987381738147292,0.050111079085880306,-0.09536499920432817,0.15072982873114427
Pantheon,2008bz,0.06099,37.1925,0.16057,38.78565992844302,895.2119586305188,37.18308738173815,37.11298892091412,37.25846499920433,37.012370171268856,0.009412618261855243,0.07951107908588284,-0.06596499920432564,0.1801298287311468
Pantheon,SN2016hhv,0.06121,37.1383,0.198009,25.50528255043012,873.1440021155447,37.19124474827513,37.121033618910374,37.266495055372,37.0202599097793,-0.05294474827513085,0.017266381089626748,-0.1281950553719966,0.11804009022070261
Pantheon,2008go,0.06137,36.9608,0.196145,25.992348199687857,804.6108322390897,37.197159680459905,37.12686666291229,37.272317452623085,37.025980269283174,-0.23635968045990552,-0.16606666291229288,-0.31151745262308594,-0.06518026928317511
Pantheon,2008go,0.06137,36.9691,0.141986,49.60311506959463,807.6921743282778,37.197159680459905,37.12686666291229,37.272317452623085,37.025980269283174,-0.2280596804599071,-0.15776666291229446,-0.3032174526230875,-0.05688026928317669
Pantheon,2006oa,0.06153,37.0747,0.183316,29.75769275887936,847.9414687682092,37.203059796051555,37.1326849345767,37.278125079095666,37.03168586765576,-0.128359796051555,-0.05798493457670162,-0.2034250790956662,0.0430141323442399
Pantheon,1992bs,0.06372,37.3517,0.206518,23.446832393956925,963.3095705476964,37.28236763504336,37.210876975220685,37.35617157020375,37.10833681808264,0.06933236495664374,0.14082302477931563,-0.004471570203747888,0.24336318191735984
Pantheon,SN2016aqb,0.06384,37.0197,0.155855,41.16788171491081,826.7341454398651,37.28663719084178,37.21508563012563,37.36037225821299,37.112461090256915,-0.26693719084178014,-0.19538563012562804,-0.3406722582129902,-0.09276109025691426
Pantheon,PS16bnz,0.06446,37.0786,0.154429,41.93168181270329,849.4657539398942,37.30857446482739,37.23670864380654,37.381954123519066,37.13364822664555,-0.22997446482738582,-0.15810864380653555,-0.303354123519064,-0.055048226645546094
Pantheon,2007ae,0.06533,37.0851,0.153034,42.69963277627494,852.0123207714885,37.339018111998996,37.26671242560789,37.41190020415881,37.16304065699156,-0.25391811199899905,-0.18161242560789503,-0.3268002041588147,-0.07794065699156505
Pantheon,PS15cms,0.06627,37.3617,0.203312,24.192122606401973,967.756005498515,37.371476827789536,37.298697342555926,37.44382282884706,37.19436540417057,-0.009776827789536924,0.0630026574440734,-0.08212282884706212,0.16733459582943055
Pantheon,6057,0.06654,37.1627,0.296189,11.398879143433138,883.010514617743,37.38071839845612,37.30780310160719,37.45291070532488,37.203281611156704,-0.2180183984561168,-0.14510310160719087,-0.29021070532488125,-0.040581611156703445
Pantheon,SN2016ixf,0.06711,37.4237,0.194412,26.45780820378309,995.7856765293878,37.40011079370001,37.32690919260131,37.47197905869361,37.22198764091617,0.023589206299988064,0.0967908073986834,-0.04827905869361615,0.20171235908382812
Pantheon,AT2016aj,0.06725,37.2344,0.203006,24.265109304282824,912.6533978863912,37.404849663456375,37.331577826898226,37.47663842710358,37.22655803619145,-0.1704496634563739,-0.09717782689822485,-0.24223842710357957,0.007841963808552066
Pantheon,PS15bjg,0.06786,37.4935,0.190499,27.55589996680462,1028.314299520727,37.425387770730005,37.35181029855147,37.49683053977944,37.24636256591501,0.0681122292699925,0.14168970144852722,-0.0033305397794407554,0.24713743408499056
Pantheon,CSS160129,0.06844,37.2381,0.191221,27.348205205625945,914.2098054620485,37.44475226657731,37.37088477830884,37.51586666625732,37.265030300141376,-0.20665226657730784,-0.13278477830883872,-0.27776666625731394,-0.02693030014137321
Pantheon,2006al,0.06886,37.4213,0.159324,39.39468184187126,994.6857015078194,37.45867686515595,37.3845997227946,37.52955385034485,37.27845079603324,-0.037376865155948735,0.03670027720540503,-0.1082538503448447,0.1428492039667617
Pantheon,PTSS17-niq,0.06897,37.2817,0.174144,32.97486061626661,932.7513258858675,37.46231033060175,37.38817832842792,37.533125187154994,37.28195229684256,-0.1806103306017519,-0.10647832842791871,-0.25142518715499307,-0.00025229684256089513
Pantheon,1993B,0.07023,37.2944,0.277681,12.969035249547185,938.2225675677164,37.50353846429727,37.428779534403525,37.57364318405448,37.32167067687307,-0.20913846429726846,-0.13437953440352146,-0.27924318405447934,-0.027270676873065725
Pantheon,2008Y,0.07056,37.2961,0.226908,19.4222877549478,938.9573698421134,37.51421920019787,37.43929652016266,37.58413839275093,37.33195656016273,-0.21811920019786868,-0.14319652016265394,-0.28803839275092713,-0.035856560162727646
Pantheon,2008Y,0.07056,37.2775,0.212322,22.1824753257599,930.9489684712069,37.51421920019787,37.43929652016266,37.58413839275093,37.33195656016273,-0.23671920019786796,-0.16179652016265322,-0.3066383927509264,-0.05445656016272693
Pantheon,PS17yt,0.07073,37.4787,0.176182,32.21639404042993,1021.3294972659301,37.519702740377795,37.44469577624109,37.5895264328985,37.33723678188621,-0.041002740377791724,0.0340042237589131,-0.1108264328984987,0.1414632181137918
Pantheon,PS16em,0.07083,37.4814,0.447068,5.003257204895369,1022.6002040587937,37.522922459226166,37.447865939077076,37.59268999893979,37.34033693036721,-0.041522459226165154,0.03353406092292488,-0.11128999893978886,0.1410630696327928
Pantheon,2006on,0.07089,37.4543,0.24781,16.284046903064052,1009.9174471410225,37.52485220171491,37.44976595608832,37.594586058162754,37.34219494084657,-0.07055220171490362,0.004534043911682772,-0.14028605816275075,0.1121050591534356
Pantheon,470043,0.0709,37.7291,0.501827,3.970927443547075,1146.1616551899629,37.52517367339562,37.45008247411552,37.594901916579616,37.34250445793686,0.2039263266043818,0.27901752588448403,0.13419808342038664,0.38659554206314084
Pantheon,ATLAS16bwu,0.07091,37.3712,0.228257,19.19339450612735,971.9991274212547,37.52549510166103,37.45039894889676,37.59521773175653,37.34281393182455,-0.15429510166102745,-0.07919894889676016,-0.2240177317565255,0.02838606817545042
Pantheon,PS15bdr,0.07116,37.3552,0.196012,26.027633336755642,964.8634941056665,37.53351673388047,37.458296799037655,37.60309909374248,37.35053677371502,-0.17831673388046454,-0.10309679903765101,-0.24789909374247543,0.004663226284982613
Pantheon,PS15bwh,0.07158,37.2494,0.16107,38.54523365463446,918.9796090170137,37.54693252949549,37.47150487886325,37.61627948192135,37.363450900657966,-0.29753252949549136,-0.2221048788632487,-0.36687948192135167,-0.11405090065796486
Pantheon,370566,0.07167,37.4155,0.208957,22.902671877413162,992.0324422877405,37.54979753651647,37.474325414174295,37.61909408468651,37.36620845600935,-0.13429753651647047,-0.058825414174293655,-0.20359408468650741,0.04929154399064828
Pantheon,PS15mt,0.07193,37.5618,0.180815,30.58659189992461,1061.1722268775313,37.55805492004342,37.48245440078601,37.62720593556418,37.37415552022448,0.003745079956580355,0.07934559921398687,-0.06540593556417917,0.18764447977552123
Pantheon,2007jd,0.07222,37.6319,0.199695,25.076424777210114,1095.9881917442963,37.56723144384639,37.491487847392875,37.63622027402375,37.3829860879266,0.06466855615361311,0.14041215260712647,-0.004320274023747572,0.24891391207340519
Pantheon,PS15atx,0.07252,37.6225,0.304764,10.766453523255173,1091.254066403761,37.57668736526576,37.50079590736024,37.64550857225217,37.39208431148092,0.04581263473424002,0.12170409263976012,-0.02300857225216646,0.23041568851908067
Pantheon,Gaia16aki,0.07393,37.5535,0.176502,32.09968260705666,1057.1238595038167,37.620634821511345,37.544050447535895,37.688670304521594,37.434353142105145,-0.06713482151134542,0.009449552464104727,-0.13517030452159418,0.11914685789485446
Pantheon,1992ae,0.0744,37.4346,0.222054,20.280693347897675,1000.7967239583601,37.63510597980882,37.55829137758878,37.70288032506322,37.44826569331502,-0.2005059798088169,-0.12369137758877713,-0.2682803250632162,-0.013665693315019212
Pantheon,PS17bii,0.07446,37.4501,0.192118,27.093423544474916,1007.9659814625109,37.63694706690425,37.56010310057506,37.70468810310579,37.45003550246764,-0.18684706690424946,-0.11000310057506368,-0.25458810310578883,6.449753235671096e-05
Pantheon,7876,0.0752,37.4763,0.179761,30.946322651730203,1020.201305766228,37.65953793806167,37.58233231155774,37.72686867748293,37.47174790400244,-0.18323793806166577,-0.1060323115577404,-0.25056867748293143,0.004552095997560457
Pantheon,2005ir,0.0752,37.5656,0.154994,41.62653168992251,1063.0308665866633,37.65953793806167,37.58233231155774,37.72686867748293,37.47174790400244,-0.09393793806166428,-0.01673231155773891,-0.16126867748292995,0.09385209599756195
Pantheon,2010hs,0.0756,37.8142,0.289148,11.960783093856948,1191.971509584716,37.67166091126446,37.594260175399995,37.73877026489469,37.48339650981329,0.1425390887355391,0.21993982460000439,0.0754297351053097,0.3308034901867103
Pantheon,AT2016gsu,0.07575,37.5461,0.217171,21.202952368862515,1053.5274967656846,37.67619123019466,37.59871739748082,37.74321763577797,37.487749027932104,-0.13009123019465818,-0.05261739748081595,-0.19711763577796404,0.058350972067898965
Pantheon,370333,0.07588,37.6342,0.198325,25.4240699108532,1097.1496655392327,37.68011057867463,37.60257342585767,37.747065127537034,37.49151432072688,-0.04591057867462922,0.03162657414232939,-0.11286512753703448,0.14268567927312148
Pantheon,PS15bif,0.07845,37.5715,0.150392,44.21305558702189,1065.9231024342828,37.756304496185436,37.677521355945295,37.8218445021604,37.56466997349636,-0.1848044961854356,-0.10602135594529472,-0.25034450216040227,0.006830026503642728
Pantheon,Gaia16acv,0.07859,37.8315,0.146078,46.863030704540925,1201.5058095426305,37.760386380823384,37.68153568238441,37.82584965788791,37.56858674783353,0.0711136191766144,0.14996431761559137,0.0056503421120908115,0.2629132521664701
Pantheon,17186,0.07875,38.0154,0.239252,17.46983673153751,1307.6932290270026,37.765042903978085,37.686115036141544,37.8304185322593,37.573054623798214,0.250357096021915,0.3292849638584556,0.18498146774069824,0.4423453762017857
Pantheon,2007hx,0.07875,38.0942,0.180119,30.82342863662451,1356.019313227718,37.765042903978085,37.686115036141544,37.8304185322593,37.573054623798214,0.3291570960219161,0.4080849638584567,0.2637814677406993,0.5211453762017868
Pantheon,560033,0.07895,37.5988,0.503338,3.9471221064443247,1079.4086028456131,37.770850879644314,37.691826609998074,37.83611700902445,37.57862686589766,-0.17205087964431698,-0.09302660999807699,-0.2373170090244514,0.02017313410233612
Pantheon,12779,0.07906,37.7843,0.238199,17.62463502081627,1175.671187772658,37.774039285373576,37.69496202310937,37.83924521974917,37.58168565387454,0.010260714626426193,0.08933797689063283,-0.05494521974917177,0.2026143461254648
Pantheon,PS15bzz,0.07931,37.53,0.147217,46.14068876944762,1045.7451884907023,37.781269950675224,37.70207232550902,37.84633915576319,37.58862182758907,-0.25126995067522273,-0.17207232550902063,-0.3163391557631883,-0.05862182758907153
Pantheon,350316,0.07991,37.6003,0.157805,40.15674297154924,1080.1544894835206,37.798535227177894,37.71904915499574,37.8632767210747,37.60518085783274,-0.19823522717789643,-0.11874915499574001,-0.2629767210747005,-0.004880857832745278
Pantheon,2005ag,0.08009,37.6668,0.119289,70.27473299197597,1113.7452762154392,37.8036907037924,37.724118214129724,37.86833400512496,37.61012460735593,-0.1368907037923961,-0.05731821412972238,-0.20153400512495523,0.05667539264407395
Pantheon,12950,0.08167,37.7215,0.219648,20.7274317441494,1142.1571821570963,37.84847607407521,37.76814733695161,37.91225985135936,37.653054387186074,-0.12697607407520906,-0.046647336951608054,-0.1907598513593598,0.06844561281392458
Pantheon,130308,0.08245,37.8192,0.217606,21.118266602026942,1194.719287696383,37.87028170155334,37.78958115077754,37.933642735077576,37.673945882191234,-0.051081701553336245,0.02961884922245872,-0.1144427350775743,0.1452541178087685
Pantheon,12898,0.08282,37.6774,0.265638,14.17162319485511,1119.1952932019412,37.88055675790938,37.7996801855039,37.943717623240815,37.683787754293995,-0.20315675790938315,-0.12228018550390374,-0.2663176232408162,-0.006387754293996295
Pantheon,12781,0.08309,37.9939,0.195118,26.266688790125013,1294.8094937345595,37.88802721349744,37.807022335483346,37.95104215786513,37.69094228207149,0.10587278650255882,0.18687766451665055,0.042857842134864654,0.302957717928507
Pantheon,SN2016glp,0.0841,37.9686,0.221594,20.36498084622354,1279.8111073694927,37.915768763303774,37.83428499292605,37.978238959031984,37.717503370234766,0.052831236696228245,0.13431500707395116,-0.009638959031981642,0.25109662976523595
Pantheon,3592,0.08572,37.8406,0.128563,60.501759353378645,1206.551530969376,37.95960962572496,37.877361235671145,38.02120969664921,37.75945523477223,-0.11900962572495644,-0.03676123567114331,-0.18060969664920634,0.08114476522776926
Pantheon,SN2016grz,0.08704,37.8484,0.21681,21.27361920325016,1210.8932967913588,37.994752848951734,37.911884618716755,38.05564722687146,37.79306328660879,-0.14635284895173584,-0.06348461871675681,-0.20724722687145913,0.05533671339120616
Pantheon,1241,0.0887,37.7772,0.253181,15.600473432690459,1171.8334075400173,38.03823569421735,37.954592012288934,38.0982467994305,37.834620636688484,-0.2610356942173482,-0.17739201228893364,-0.32104679943049774,-0.05742063668848374
Pantheon,590194,0.09039,37.9202,0.21704,21.228555253140158,1251.6009238830195,38.08171717432286,37.99728863964833,38.14083382327868,37.87614764199638,-0.16151717432286006,-0.07708863964833057,-0.22063382327868197,0.04405235800361851
Pantheon,370066,0.09089,38.0269,0.167553,35.62013684698836,1314.6370722572276,38.094433559730206,38.009773709876924,38.15328649849783,37.888286903027996,-0.06753355973020803,0.017126290123073318,-0.1263864984978298,0.13861309697200141
Pantheon,300105,0.09205,38.1602,0.266341,14.096910679475158,1397.8670727731417,38.12368168769423,38.03848674758143,38.18192443608247,37.91619807237731,0.03651831230577329,0.12171325241857289,-0.021724436082465104,0.24400192762269057
Pantheon,iPTF17dz,0.09293,38.2226,0.493293,4.1095105013302655,1438.619275854359,38.14563753229491,38.06003811424518,38.20341888267066,37.937141506078426,0.07696246770508708,0.162561885754819,0.019181117329338804,0.2854584939215741
Pantheon,10010,0.0995,38.4377,0.194713,26.3760710337993,1588.421932498759,38.303591639083535,38.215011788097065,38.35796902036706,38.08758676486477,0.13410836091646416,0.22268821190293409,0.07973097963294151,0.3501132351352325
Pantheon,160099,0.10165,38.2982,0.165557,36.48420638515328,1489.5870054768145,38.353141347189236,38.26360113822811,38.40642031345056,38.134698167981576,-0.054941347189235046,0.0345988617718902,-0.10822031345055905,0.16350183201842583
Pantheon,190,0.10221,38.4085,0.187412,28.47116310476146,1567.205239953696,38.36588460077558,38.276095456146564,38.41887871610032,38.14680785136855,0.042615399224416706,0.1324045438534327,-0.010378716100326812,0.26169214863144674
Pantheon,140181,0.10246,38.2511,0.199553,25.112125761435205,1457.6252238473016,38.371552257152004,38.28165214085524,38.42441937304041,38.152192866771,-0.12045225715200303,-0.03055214085524227,-0.1733193730404068,0.09890713322899813
Pantheon,100405,0.10294,38.1815,0.18625,28.827530291428314,1411.6462378772776,38.38239761298989,38.29228470826057,38.43502117721825,38.16249590268355,-0.20089761298989117,-0.1107847082605673,-0.2535211772182535,0.019004097316447144
Pantheon,13135,0.10361,38.3338,0.12638,62.609941492011444,1514.2091808939015,38.39745628343714,38.30704697038443,38.44974052117302,38.17679835547564,-0.06365628343714036,0.0267530296155698,-0.11594052117302311,0.15700164452435672
Pantheon,20064,0.10374,38.2079,0.196456,25.910118877134416,1428.9132884488104,38.40036745338133,38.309900710373604,38.452585936746885,38.17956290054671,-0.19246745338132598,-0.10200071037360203,-0.24468593674688321,0.028337099453288772
Pantheon,13038,0.10507,38.4295,0.236183,17.926798235511765,1582.434981965366,38.42995457280964,38.33890180790371,38.48150192488994,38.20765187252984,-0.00045457280964456004,0.09059819209628728,-0.05200192488994304,0.22184812747016025
Pantheon,18697,0.10661,38.2611,0.195537,26.154239985478263,1464.3533161850787,38.46377469402099,38.37204685412033,38.514548550198725,38.23974169901374,-0.2026746940209918,-0.11094685412032845,-0.25344855019872625,0.02135830098625746
Pantheon,20625,0.10707,38.4624,0.151122,43.78694189675509,1606.5930172505368,38.473787385767956,38.381858622057806,38.524330946038496,38.24923846390868,-0.011387385767953617,0.08054137794219685,-0.06193094603849403,0.21316153609132016
Pantheon,3256,0.10711,38.4295,0.210466,22.575433870565433,1582.434981965366,38.47465613515043,38.38270991547681,38.52517968593446,38.25006236993989,-0.04515613515043526,0.046790084523188114,-0.09567968593446352,0.17943763006010727
Pantheon,120225,0.10713,38.7801,0.468541,4.555172204449939,1859.712777806702,38.475090395043054,38.38313544832769,38.52560394205816,38.25047420934769,0.3050096049569433,0.3969645516723048,0.25449605794183583,0.5296257906523039
Pantheon,21034,0.10774,38.4984,0.180059,30.84397427834733,1633.4501121505818,38.488298708697016,38.3960778880931,38.53850745263766,38.26299907940778,0.010101291302980542,0.10232211190689355,-0.04010745263766324,0.23540092059221962
Pantheon,500038,0.10794,38.4017,0.187108,28.563754172947974,1562.3051883967469,38.49261394772874,38.400306082119805,38.542722887629225,38.2670903991787,-0.09091394772874395,0.001393917880193385,-0.14102288762922655,0.13460960082129958
Pantheon,7147,0.10908,38.4016,0.133183,56.37705859744915,1562.2332432406104,38.51706772738889,38.42426489890745,38.56660902156002,38.2902693516413,-0.11546772738888933,-0.022664898907450493,-0.1650090215600173,0.11133064835870243
Pantheon,20027,0.11001,38.5701,0.179741,30.95320990491545,1688.285439927626,38.53683901495792,38.44363390280432,38.58591878649144,38.309002552050984,0.03326098504207664,0.12646609719567437,-0.01581878649144386,0.26109744794901246
Pantheon,18650,0.11259,38.6214,0.163201,37.54519540301038,1728.6452416477398,38.590874774643574,38.49656069107188,38.63868149232629,38.36016738472002,0.030525225356427654,0.12483930892812367,-0.017281492326290504,0.26123261527997954
Pantheon,18612,0.11388,38.3876,0.194923,26.31926920729383,1552.1935522197105,38.617456690337875,38.52259198958344,38.66463089150476,38.38531874367931,-0.2298566903378756,-0.13499198958344039,-0.2770308915047579,0.002281256320685543
Pantheon,8719,0.1165,38.5408,0.159897,39.112841574615736,1665.6581535033115,38.67058336289308,38.57460825600782,38.71648111004949,38.43554997195525,-0.129783362893086,-0.033808256007823445,-0.17568111004949571,0.10525002804475037
Pantheon,5395,0.11653,38.6302,0.185742,28.985431158359788,1735.664876616218,38.67118514844779,38.57519738813739,38.71706834311638,38.43611868119323,-0.04098514844778833,0.05500261186261213,-0.08686834311637881,0.1940813188067736
Pantheon,2561,0.1176,38.5727,0.239635,17.41403853413014,1690.308109462929,38.69255410727309,38.59611594438495,38.73791919936806,38.45630906460928,-0.11985410727309187,-0.02341594438495065,-0.1652191993680603,0.11639093539071865
Pantheon,16259,0.11792,38.6088,0.214419,21.750711477697262,1718.6437975049012,38.69890931089357,38.60233678904673,38.74411980985584,38.46231222998583,-0.09010931089356689,0.006463210953270959,-0.13531980985583658,0.14648777001417557
Pantheon,1371,0.11818,38.4157,0.127058,61.94353273592227,1572.41028215224,38.7040609849085,38.607379411839545,38.74914599663523,38.467178019542786,-0.2883609849085005,-0.1916794118395444,-0.333445996635227,-0.05147801954278464
Pantheon,137,0.11901,38.5629,0.212381,22.17015233778173,1682.6968241205784,38.72043570808031,38.623406701776936,38.76512084325935,38.48264099037356,-0.15753570808031014,-0.06050670177693718,-0.2022208432593544,0.08025900962643817
Pantheon,5549,0.12014,38.5958,0.200195,24.951321204301887,1708.3854936170346,38.74255730232626,38.64505697549091,38.78669978060762,38.503523431660525,-0.1467573023262645,-0.04925697549091268,-0.19089978060762292,0.09227656833947151
Pantheon,12860,0.12058,38.7926,0.252257,15.714969662564815,1870.4490168381192,38.75111817048513,38.65343484713166,38.79504989468643,38.51160246686662,0.041481829514872004,0.13916515286833686,-0.002449894686428422,0.2809975331333803
Pantheon,490008,0.12086,38.6348,0.302627,10.919044973061606,1739.3455685743652,38.75655072806671,38.65875110583921,38.800348495156605,38.51672859851357,-0.12175072806671494,-0.023951105839209674,-0.16554849515660663,0.11807140148642503
Pantheon,19953,0.12207,38.5945,0.157915,40.10081790741001,1707.3630369333493,38.7798920270089,38.68159119797179,38.8231123291022,38.5387474417422,-0.185392027008902,-0.08709119797179454,-0.22861232910220508,0.055752558257793794
Pantheon,390259,0.12231,38.6119,0.231142,18.717259711756626,1721.0990903040292,38.78449587037617,38.686095892624195,38.82760190792793,38.54308931573767,-0.17259587037617052,-0.07419589262419635,-0.21570190792792943,0.06881068426233128
Pantheon,18835,0.12278,38.6853,0.144584,47.836514564623634,1780.2700066041743,38.79348721194736,38.69489332096618,38.83636974379756,38.551567955658065,-0.10818721194736014,-0.009593320966182262,-0.15106974379756366,0.13373204434193298
Pantheon,2916,0.12316,38.5967,0.274641,13.25773263655203,1709.0937069065446,38.80073321365212,38.701982786464356,38.84343529251756,38.558399743797565,-0.20403321365212435,-0.10528278646435751,-0.2467352925175632,0.03830025620243305
Pantheon,16021,0.12357,38.6164,0.162163,38.02738482711945,1724.6694679185018,38.808527767944106,38.70960869159272,38.851035401771725,38.56574769524691,-0.19212776794410757,-0.0932086915927215,-0.23463540177172604,0.05065230475308624
Pantheon,13894,0.12377,38.8009,0.333367,8.998182275389912,1877.6120987285592,38.81232118467426,38.71331993271686,38.85473406295765,38.569323374298804,-0.011421184674262008,0.08758006728314172,-0.05383406295764814,0.23157662570119442
Pantheon,570062,0.12383,38.8242,0.150324,44.25306473767882,1897.86743995714,38.81345808783864,38.71443219499338,38.85584255168926,38.57039497116096,0.010741912161357448,0.10976780500661931,-0.031642551689259335,0.25380502883903944
Pantheon,6406,0.12393,38.6504,0.145797,47.043846519817855,1751.8861332322188,38.8153517780279,38.716284829129506,38.85768889703152,38.5721798328956,-0.1649517780279055,-0.06588482912950866,-0.20728889703152475,0.07822016710439783
Pantheon,19543,0.12405,38.835,0.221531,20.376565466210234,1907.3301550096317,38.81762231418318,38.71850611797096,38.859902640058905,38.574319800281856,0.0173776858168182,0.11649388202904021,-0.024902640058904524,0.26068019971814493
Pantheon,13044,0.12472,38.7616,0.12587,63.11833522058207,1843.936134698019,38.8302617183297,38.730870957677226,38.87222536377173,38.58623070396362,-0.06866171832970025,0.030729042322775513,-0.1106253637717316,0.1753692960363793
Pantheon,15459,0.1256,39.1417,0.298944,11.189748293641086,2196.675342080565,38.84676628410124,38.74701593037355,38.888315058055014,38.60177974231688,0.2949337158987575,0.3946840696264502,0.2533849419449865,0.5399202576831215
Pantheon,2992,0.12623,38.4956,0.293348,11.620738723522082,1631.3452211037443,38.858515557480345,38.75850848426519,38.899768064185615,38.61284585663125,-0.362915557480342,-0.2629084842651892,-0.4041680641856118,-0.11724585663124998
Pantheon,16069,0.12706,38.8125,0.259679,14.829494247542648,1887.6691361252267,38.873911085028936,38.77356670522013,38.91477421632932,38.62734250887276,-0.06141108502893644,0.038933294779873506,-0.10227421632932021,0.18515749112724222
Pantheon,744,0.1271,38.6849,0.280884,12.67494249435881,1779.9420989522168,38.87465065394803,38.77429004453781,38.915495047276565,38.628038791771004,-0.1897506539480318,-0.08939004453780797,-0.23059504727656588,0.05686120822899454
Pantheon,14871,0.1272,38.7429,0.159508,39.30384701671434,1828.1249465036535,38.87649862189705,38.77609744899138,38.91729618119402,38.62977855804465,-0.1335986218970504,-0.03319744899138044,-0.17439618119401956,0.11312144195535012
Pantheon,18855,0.12732,38.7841,0.176913,31.95070944219353,1863.1416524829585,38.87871438622678,38.77826455693814,38.91945576523278,38.631864505584545,-0.09461438622678031,0.005835443061862122,-0.1353557652327808,0.15223549441545714
Pantheon,22075,0.1292,38.7547,0.150979,43.86992692118312,1838.0862024956878,38.9131748103528,38.81196551518116,38.95303895355103,38.66429472063459,-0.15847481035279998,-0.05726551518115741,-0.19833895355102982,0.0904052793654131
Pantheon,1032,0.12921,38.8403,0.212795,22.08397066453452,1911.9911382015614,38.91335685072573,38.812143529983956,38.95321634244354,38.664465980032226,-0.07305685072572743,0.028156470016043045,-0.11291634244354043,0.17583401996777326
Pantheon,5751,0.1295,38.833,0.250442,15.94357368663877,1905.5742477659883,38.91863028702082,38.81730028974289,38.95835495322068,38.66942685083016,-0.08563028702081965,0.0156997102571097,-0.12535495322067902,0.16357314916983512
Pantheon,18415,0.12958,38.8429,0.142748,49.07495789080051,1914.2818208880012,38.92008308077944,38.81872091897901,38.959770576663175,38.67079344778361,-0.07718308077944158,0.0241790810209892,-0.11687057666317457,0.17210655221639115
Pantheon,18809,0.13169,38.802,0.134576,55.21597797812227,1878.5634792363894,38.95810030520278,38.855893249401916,38.99681100746825,38.706541620670656,-0.15610030520277718,-0.05389324940191642,-0.1948110074682532,0.09545837932934376
Pantheon,151034,0.13281,38.7841,0.122177,66.99171345712328,1863.1416524829585,38.978048908002734,38.87539606857725,39.01624391378547,38.72528922709596,-0.19394890800273146,-0.09129606857725037,-0.23214391378547106,0.0588107729040388
Pantheon,1334084,0.13366,38.8266,0.283718,12.422992428451318,1899.9662001736003,38.99308363370112,38.89009371831078,39.03088855095401,38.73941406551853,-0.16648363370111952,-0.06349371831078088,-0.20428855095401133,0.08718593448146805
Pantheon,15508,0.13372,38.8434,0.157696,40.2122751056776,1914.7226513169917,38.99414152419131,38.89112785564169,39.03191894772986,38.74040778022858,-0.15074152419131082,-0.04772785564168913,-0.1885189477298539,0.10299221977142281
Pantheon,14108,0.13477,39.2366,0.199357,25.161528553377746,2294.8054628049367,39.01258305932819,38.90915457249464,39.04988023703884,38.757727338405715,0.22401694067180955,0.32744542750536,0.186719762961161,0.47887266159428776
Pantheon,15234,0.13535,39.0775,0.31333,10.185821064302203,2132.6808782482103,39.02271225285631,38.91905532668562,39.05974487637572,38.767237663904105,0.054787747143691945,0.15844467331437784,0.017755123624283442,0.3102623360958958
Pantheon,14,0.13614,38.9771,0.206627,23.422101544285884,2036.31928865117,39.036443791062126,38.93247651290298,39.07311690148991,38.780127279276186,-0.05934379106212617,0.04462348709702013,-0.09601690148991082,0.19697272072381367
Pantheon,17629,0.13658,38.8475,0.195569,26.14568170469054,1918.3412921596134,39.04405945668219,38.93991972284845,39.080532745466634,38.78727453437195,-0.19655945668219488,-0.09241972284845446,-0.23303274546663744,0.06022546562804365
Pantheon,19775,0.137,39.0095,0.224296,19.877279419702617,2066.930505804603,39.05130758286015,38.94700349796189,39.0875904084553,38.7940758804536,-0.04180758286014452,0.06249650203811541,-0.0780904084552958,0.21542411954640528
Pantheon,18602,0.13713,38.9616,0.259136,14.891707540885456,2021.8357667769167,39.053546839802664,38.94919193689876,39.08977076703387,38.79617691539063,-0.0919468398026666,0.01240806310124043,-0.12817076703387187,0.1654230846093654
Pantheon,21062,0.13745,39.3511,0.230391,18.83948299413375,2419.055737447729,39.05905041194213,38.95457052435663,39.095129468337085,38.80134038375584,0.2920495880578713,0.39652947564336927,0.2559705316629177,0.5497596162441596
Pantheon,17366,0.13822,38.8857,0.128482,60.57806867740055,1952.3868553163625,39.07224444726833,38.967464431377365,39.10797554735515,38.813716830668255,-0.1865444472683322,-0.08176443137736555,-0.22227554735515298,0.07198316933174453
Pantheon,15171,0.13826,38.9503,0.15974,39.18976324507794,2011.3417804759106,39.07292797278565,38.96813238957795,39.108641021873815,38.814357914392474,-0.12262797278565074,-0.01783238957795419,-0.1583410218738166,0.13594208560752463
Pantheon,190340,0.1384,39.0229,0.12425,64.77496771372702,2079.7248210370585,39.075318857313626,38.97046880696814,39.11096874706891,38.8166002762224,-0.05241885731362572,0.052431193031857504,-0.08806874706890966,0.20629972377759742
Pantheon,20084,0.13851,39.0401,0.319084,9.821774178474943,2096.2635123608115,39.077195824067005,38.97230299826569,39.11279610953927,38.818360572295205,-0.03709582406700207,0.0677970017343128,-0.07269610953926531,0.22173942770479727
Pantheon,12928,0.13875,38.9999,0.176022,32.27498859979302,2057.8128509917547,39.081286192896876,38.97630010036352,39.11677831468249,38.822196465467215,-0.0813861928968791,0.023599899636479904,-0.11687831468249499,0.17770353453278176
Pantheon,190230,0.1388,39.0467,0.130742,58.50187042215215,2102.6446139990926,39.0821375206648,38.977132008181414,39.11760711936594,38.82299479102966,-0.035437520664800104,0.06956799181858742,-0.07090711936594118,0.22370520897034396
Pantheon,90275,0.13955,39.0213,0.145767,47.063212502866456,2078.1929875761184,39.094873161741795,38.989576789097754,39.13000536971733,38.83493595962149,-0.07357316174179829,0.03172321090224273,-0.10870536971733458,0.18636404037850696
Pantheon,1794,0.14082,39.1775,0.184019,29.53076294437877,2233.191031495968,39.11629371662571,39.0105066954323,39.1508565545729,38.85501360159199,0.06120628337428968,0.16699330456770412,0.02664344542710495,0.3224863984080102
Pantheon,17208,0.14104,39.2835,0.203514,24.14412213921733,2344.9083604367515,39.11998601342765,39.01411423715675,39.15445046847673,38.85847357325966,0.1635139865723474,0.26938576284324967,0.1290495315232647,0.4250264267403381
Pantheon,340229,0.14123,39.0407,0.212429,22.1601344298338,2096.8428114039916,39.12317048842377,39.01722557135349,39.157550035322366,38.86145747633392,-0.08247048842376614,0.023474428646508727,-0.11685003532236493,0.1792425236660833
Pantheon,1317666,0.14134,39.1237,0.260864,14.695071427470795,2178.541688789639,39.12501230335961,39.01902506565504,39.1593427178492,38.8631832013911,-0.001312303359611633,0.10467493434495623,-0.03564271784919981,0.2605167986088972
Pantheon,2635,0.14325,39.047,0.160602,38.77020535790433,2102.9351251550693,39.156781304380566,39.05006203271232,39.190261513110556,38.892940045216704,-0.10978130438056866,-0.0030620327123216384,-0.14326151311055924,0.1540599547832926
Pantheon,17568,0.14345,39.5154,0.37065,7.279004553909027,2609.1910194175484,39.160084992476065,39.05328937448405,39.193476492387504,38.89603342782525,0.3553150075239344,0.4621106255159475,0.321923507612496,0.6193665721747479
Pantheon,190260,0.14359,39.1135,0.129494,59.63492914733158,2168.332478948341,39.16239501673459,39.055545990827106,39.195724456281795,38.898196282352075,-0.04889501673459051,0.05795400917289584,-0.08222445628179287,0.21530371764792733
Pantheon,17497,0.14404,39.0756,0.170594,34.361530151754295,2130.8156362987115,39.16980588158302,39.062785379762346,39.20293604100965,38.9051343475421,-0.09420588158301513,0.01281462023765556,-0.12733604100964868,0.17046565245789935
Pantheon,8921,0.14423,39.016,0.24096,17.223051133227163,2073.1268434967087,39.172928426872744,39.06583561217619,39.20597453718182,38.908057378881296,-0.15692842687274577,-0.049835612176188704,-0.18997453718181845,0.10794262111870268
Pantheon,17605,0.14542,39.1518,0.210163,22.64057652140289,2206.9163646836555,39.192398546239104,39.084854012361774,39.22491947613239,38.92627942941483,-0.04059854623910297,0.06694598763822768,-0.07311947613239056,0.22552057058516795
Pantheon,1296657,0.14638,39.1857,0.207408,23.246040634680075,2241.640038494387,39.20799749377891,39.10009003818472,39.24009629523321,38.94087343730634,-0.022297493778914657,0.08560996181527969,-0.05439629523321088,0.24482656269366032
Pantheon,440008,0.14652,39.158,0.187578,28.420793425925247,2213.226568637665,39.210264362051255,39.1023040913956,39.24230171831368,38.942993893873094,-0.052264362051253954,0.05569590860439888,-0.08430171831368227,0.21500610612690707
Pantheon,1316385,0.14737,39.0154,0.197495,25.638215281761926,2072.5540965123887,39.22398427475413,39.11570394704782,39.25564919958438,38.955825653311855,-0.20858427475413066,-0.10030394704781997,-0.24024919958438318,0.05957434668814443
Pantheon,13796,0.14747,38.9672,0.171803,33.879618684589495,2027.056598637497,39.22559352699564,39.117275613859555,39.25721470728129,38.95733050436139,-0.2583935269956399,-0.15007561385955626,-0.2900147072812942,0.00986949563861117
Pantheon,14024,0.14771,39.134,0.188785,28.058537564513003,2188.899767127644,39.229451584132136,39.12104352461654,39.260967838375144,38.960938073676935,-0.09545158413213528,0.012956475383461452,-0.12696783837514403,0.17306192632306505
Pantheon,180166,0.14778,39.161,0.170177,34.53013476454249,2216.2863672876283,39.230575749657504,39.12214141304076,39.26206141665253,38.961989200204854,-0.06957574965750268,0.03885858695924327,-0.10106141665252721,0.1990107997951469
Pantheon,1293758,0.14803,39.2285,0.184985,29.223146293256963,2286.261352822702,39.23458657711361,39.12605845116957,39.26596306356795,38.96573924762266,-0.0060865771136136,0.10244154883042711,-0.037463063567955146,0.2627607523773392
Pantheon,14437,0.14806,39.0382,0.157931,40.09269308599325,2094.430121026768,39.235067451878756,39.126528077247514,39.26643084292791,38.96618883650153,-0.19686745187875232,-0.08832807724751035,-0.22823084292790696,0.07201116349847325
Pantheon,1255502,0.14834,39.0239,0.142683,49.119680791840516,2080.6827902747846,39.2395512404172,39.130906940345575,39.27079247234291,38.97038070316315,-0.21565124041720196,-0.10700694034557756,-0.246892472342914,0.05351929683684631
Pantheon,13736,0.14898,39.1606,0.17494,32.67546341551208,2215.8781498509097,39.24977034049101,39.14088663321073,39.28073278987695,38.97993309374254,-0.08917034049100891,0.01971336678927571,-0.12013278987694775,0.18066690625746418
Pantheon,2308,0.1494,39.1104,0.175216,32.57260380229041,2165.2391700553885,39.25645440628857,39.14741390708518,39.287234235739064,38.98618003978048,-0.14605440628857025,-0.03701390708518204,-0.1768342357390651,0.12421996021951998
Pantheon,38,0.1505,39.1058,0.170038,34.58661214629765,2160.657229269912,39.27387763579882,39.16442768751516,39.30418041658218,39.00245996335458,-0.16807763579881652,-0.05862768751515546,-0.1983804165821752,0.10334003664542024
Pantheon,460003,0.15084,39.1687,0.134119,55.5929073150339,2224.1592269885527,39.27923898985557,39.16966283446691,39.3093946823431,39.00746837988811,-0.11053898985556998,-0.0009628344669110334,-0.14069468234309568,0.16123162011189152
Pantheon,2031,0.15195,39.0477,0.158769,39.670582841358716,2103.613140622282,39.29666418217609,39.18667714584102,39.326340866203786,39.023742805238896,-0.2489641821760884,-0.13897714584101806,-0.27864086620378714,0.023957194761102585
Pantheon,18323,0.15291,39.3239,0.173198,33.33605888506297,2388.943480840238,39.31163924931717,39.201298271643225,39.34090312448208,39.03772442699825,0.012260750682834498,0.12260172835677707,-0.017003124482080523,0.28617557300174923
Pantheon,15132,0.15318,39.2175,0.127754,61.270438188079524,2274.709152561481,39.315835208775965,39.20539492121058,39.34498322650153,39.04164128241331,-0.09833520877596413,0.01210507878941769,-0.127483226501532,0.17585871758669214
Pantheon,18740,0.15336,39.0991,0.159928,39.09767999471505,2154.000873373564,39.318628689961315,39.20812225333222,39.34769952910448,39.044248767944616,-0.21952868996131514,-0.10902225333222049,-0.24859952910448158,0.054851232055384
Pantheon,19353,0.15341,39.2564,0.179373,31.080346830273466,2315.825731065248,39.31940411504502,39.20887931184105,39.348453524167546,39.04497253803039,-0.06300411504501824,0.047520688158947166,-0.09205352416754664,0.21142746196960616
Pantheon,16073,0.15357,39.3639,0.175468,32.479112089297196,2433.3572561318892,39.321883894622786,39.211300342228796,39.35086475243274,39.04728705217323,0.042016105377214785,0.152599657771205,0.01303524756725949,0.3166129478267692
Pantheon,5550,0.15511,39.2076,0.167881,35.48108607206085,2264.3620886855633,39.345629524001424,39.2344823666419,39.3739525017917,39.06944438016388,-0.13802952400142487,-0.02688236664189958,-0.16635250179169958,0.13815561983611957
Pantheon,16116,0.15526,39.278,0.157843,40.13741018454783,2338.9765895931473,39.347930665252115,39.236728790785506,39.37618975010905,39.07159104677107,-0.06993066525211589,0.0412712092144929,-0.09818975010905007,0.20640895322893016
Pantheon,18030,0.15536,39.3994,0.175858,32.335214079716685,2473.46560176844,39.3494636099154,39.23822527505531,39.37768011783231,39.073021030999556,0.04993639008460349,0.16117472494468643,0.021719882167687388,0.3263789690004444
Pantheon,19940,0.15601,38.9704,0.179204,31.13899569258557,2030.0459817516576,39.35940541971783,39.24793043680104,39.38734553510406,39.082294039615896,-0.389005419717833,-0.27753043680104383,-0.4169455351040625,-0.11189403961589761
Pantheon,13354,0.15671,39.2087,0.210288,22.613668367486618,2265.5094342716416,39.3700689601486,39.25833979259809,39.39771211449606,39.09223818794685,-0.16136896014860014,-0.049639792598092924,-0.18901211449605881,0.11646181205315287
Pantheon,16206,0.15856,39.0794,0.163715,37.30981152184791,2134.5477529656837,39.39803924643232,39.28564162801172,39.42490102428438,39.118311485072134,-0.3186392464323191,-0.20624162801171764,-0.34550102428438123,-0.038911485072134155
Pantheon,440042,0.15921,39.4267,0.283686,12.42579523281164,2504.758592148219,39.40779460738343,39.295163269849255,39.43438303299623,39.12740180129276,0.018905392616566985,0.1315367301507422,-0.007683032996233408,0.29929819870723406
Pantheon,14782,0.15931,38.9503,0.143914,48.282962737282254,2011.3417804759106,39.4092921429573,39.29662490124778,39.43583856899369,39.128797089797814,-0.4589921429572996,-0.34632490124778315,-0.4855385689936895,-0.17849708979781553
Pantheon,15425,0.15948,39.0908,0.143045,48.87138375111599,2145.783369524658,39.411835948057586,39.299107701427275,39.43831100821665,39.13116711617065,-0.3210359480575846,-0.20830770142727317,-0.3475110082166495,-0.04036711617064981
Pantheon,1299775,0.16004,39.0428,0.270648,13.651813784216895,2098.8716190412897,39.4201977415237,39.30726882392106,39.44643801140937,39.13895682961241,-0.3773977415237013,-0.26446882392106374,-0.4036380114093703,-0.09615682961241134
Pantheon,3317,0.16008,39.2286,0.167715,35.55135736686682,2286.366641473241,39.420793970780004,39.307850736342274,39.44701748737786,39.13951221757771,-0.19219397078000355,-0.07925073634227431,-0.21841748737786304,0.08908778242228976
Pantheon,2689,0.16053,39.2057,0.217053,21.226012436833635,2262.381678395515,39.42749202026244,39.3143878757189,39.453527222540714,39.145751000562164,-0.22179202026244127,-0.10868787571889982,-0.24782722254071388,0.05994899943783594
Pantheon,390627,0.16061,39.4242,0.26036,14.752019380329745,2501.876541610298,39.42868095641516,39.315548235286954,39.45468271137878,39.146858327402434,-0.004480956415157777,0.10865176471304494,-0.03048271137878089,0.27734167259756504
Pantheon,5103,0.16077,39.2162,0.20927,22.834213183899724,2273.3477551572287,39.4310571776462,39.31786733019423,39.456992065849406,39.149071364467765,-0.21485717764620205,-0.10166733019423191,-0.24079206584940493,0.06712863553223514
Pantheon,120336,0.16122,39.3106,0.246322,16.481380872186037,2374.3562156194366,39.437728530346774,39.324378206919775,39.463475554909735,39.155284007926184,-0.12712853034677352,-0.01377820691977405,-0.15287555490973403,0.15531599207381674
Pantheon,17825,0.16236,39.3252,0.224064,19.918463333730656,2390.3741029025,39.45455212265296,39.34079652510877,39.479824539265415,39.170947160940656,-0.1293521226529606,-0.015596525108769299,-0.15462453926541286,0.15425283905934606
Pantheon,19174,0.16375,39.2807,0.200998,24.75235515939058,2341.886672429987,39.474917171978916,39.36066987358947,39.499613442618305,39.18990043388375,-0.19421717197891297,-0.07996987358946939,-0.2189134426183017,0.09079956611625306
Pantheon,3087,0.16448,39.2634,0.199319,25.171123516512118,2323.303116840771,39.485548233894605,39.37104377946841,39.50994304070237,39.199791440605296,-0.22214823389460747,-0.10764377946841108,-0.24654304070237032,0.06360855939470156
Pantheon,19616,0.16471,39.3293,0.139452,51.422182520348095,2394.8916790391654,39.488888665303456,39.37430334228054,39.51318864938005,39.202898900729366,-0.15958866530345261,-0.045003342280537595,-0.18388864938004446,0.12640109927063747
Pantheon,20764,0.16495,39.3182,0.150918,43.905397923524525,2382.6808539305152,39.49236971562307,39.37770008616047,39.516570835413965,39.20613695103725,-0.17416971562307282,-0.05950008616047597,-0.19837083541396794,0.11206304896274588
Pantheon,20430,0.16603,39.4938,0.241887,17.091293948669975,2583.3656167899367,39.507976445042594,39.39292842362457,39.5317337003331,39.220651448821016,-0.014176445042593855,0.10087157637543243,-0.03793370033309884,0.2731485511789842
Pantheon,12843,0.16606,39.1817,0.193496,26.70890090609566,2237.514585794095,39.50840861778725,39.39335010851516,39.532153567423435,39.22105331140168,-0.32670861778725424,-0.2116501085151583,-0.35045356742343614,-0.0393533114016833
Pantheon,12853,0.16828,39.2757,0.165826,36.36593432570401,2336.5004825485807,39.54018989907155,39.4243587355552,39.56302780928478,39.25059607195631,-0.26448989907154896,-0.14865873555520182,-0.28732780928478263,0.025103928043691326
Pantheon,350233,0.16924,39.5155,0.182871,29.90269426367553,2609.3111798712484,39.5538127436013,39.437649561262546,39.57626060306859,39.26325361049491,-0.03831274360129555,0.07785043873745678,-0.060760603068587216,0.25224638950509615
Pantheon,17389,0.16971,39.6721,0.274897,13.233051397980208,2804.4382060217786,39.56045612516593,39.444130853517365,39.58271350157433,39.2694249880746,0.11164387483407268,0.22796914648263567,0.08938649842566804,0.4026750119254032
Pantheon,12856,0.17042,39.4742,0.132684,56.80190337379868,2560.152732581433,39.57045956000156,39.453890004537335,39.592429781969514,39.27871613475578,-0.09625956000155611,0.020309995462667985,-0.11822978196951084,0.19548386524422057
Pantheon,590005,0.17124,39.5424,0.275502,13.174995880801964,2641.836128281337,39.5819648061516,39.46511397919021,39.6036042770757,39.289399843740895,-0.03956480615160274,0.07728602080979385,-0.06120427707570286,0.2530001562591053
Pantheon,310039,0.17169,39.4603,0.214715,21.69078298802237,2543.8170569552244,39.58825695314435,39.47125216067289,39.609715320170615,39.2952416501294,-0.12795695314435562,-0.010952160672893285,-0.14941532017061832,0.16505834987059842
Pantheon,19282,0.17256,39.5021,0.177409,31.772303627446558,2593.258888030919,39.60037850449085,39.48307682947808,39.621487551583876,39.30649355231461,-0.09827850449084963,0.01902317052191904,-0.11938755158387693,0.19560644768538538
Pantheon,1303279,0.1727,39.2676,0.152344,43.08730105721015,2327.8011320284645,39.602323801145445,39.484974448377585,39.62337673599328,39.30829902959181,-0.33472380114544364,-0.21737444837758346,-0.3557767359932811,-0.04069902959180638
Pantheon,100090,0.17297,39.7263,0.252568,15.676292185302326,2875.317946625243,39.60607131717703,39.488630089891984,39.62701611389466,39.31177699109773,0.12022868282296884,0.23766991010801775,0.09928388610534,0.4145230089022718
Pantheon,3080,0.17331,39.3871,0.131849,57.52363467494766,2459.494609527677,39.61078270027782,39.49322592041936,39.63159146975494,39.31614911705945,-0.2236827002778199,-0.10612592041936608,-0.24449146975494074,0.07095088294054364
Pantheon,15897,0.17374,39.5403,0.18318,29.801895712891202,2639.282481233599,39.61672895203027,39.49902625750468,39.637365921086115,39.321666598506255,-0.07642895203026967,0.041273742495320676,-0.0970659210861129,0.21863340149374721
Pantheon,120143,0.17378,39.3493,0.151501,43.5681381481368,2417.051338911312,39.61728139759752,39.499565142402844,39.637902398499705,39.322179174932764,-0.2679813975975236,-0.15026514240284428,-0.28860239849970526,0.0271208250672359
Pantheon,15648,0.17392,39.5986,0.318528,9.856092496046413,2711.1021103108756,39.61921402878435,39.50145032838229,39.639779158943185,39.32397228619425,-0.020614028784351035,0.09714967161770716,-0.04117915894318713,0.27462771380574935
Pantheon,14421,0.17417,39.5734,0.137128,53.17992447062091,2679.8215490258867,39.622661570065276,39.50481321235257,39.64312699986686,39.32717077010798,-0.04926157006527632,0.0685867876474262,-0.06972699986685882,0.24622922989201612
Pantheon,16165,0.1742,39.3317,0.154309,41.996924388755936,2397.5400744290982,39.623074966571735,39.505216455689826,39.64352843825846,39.327554287082265,-0.29137496657173756,-0.17351645568982832,-0.3118284382584591,0.004145712917733135
Pantheon,5350,0.17438,39.5053,0.183971,29.54617473796286,2597.083272774659,39.625553959989475,39.507634555770366,39.64593570965459,39.329854036381136,-0.1202539599894763,-0.0023345557703677855,-0.14063570965458894,0.17544596361886278
Pantheon,15583,0.17443,39.5546,0.230974,18.744497783701526,2656.720549826758,39.62624214813119,39.50830583690687,39.646603983124194,39.33049244455044,-0.07164214813118974,0.046294163093129725,-0.09200398312419367,0.22410755544956373
Pantheon,19969,0.17444,39.4849,0.162645,37.80232976722314,2572.7990994505208,39.626379763806696,39.50844007158878,39.64673761628843,39.33062010475629,-0.14147976380669292,-0.023540071588776357,-0.1618376162884303,0.154279895243711
Pantheon,18604,0.17498,39.7434,0.182014,30.18494661260151,2898.0500065364304,39.6338001679792,39.515678103707124,39.653943174223514,39.337503173259066,0.10959983202079826,0.2277218962928771,0.08945682577648739,0.4058968267409355
Pantheon,14979,0.17666,39.5164,0.135467,54.492028314832346,2610.392873002537,39.65675084214635,39.5380639258,39.67622806301534,39.3587853930672,-0.14035084214635418,-0.021663925800005757,-0.1598280630153397,0.15761460693279616
Pantheon,17218,0.17713,39.5095,0.175623,32.42180705722841,2602.1113381699843,39.66313534558484,39.544291088697065,39.68242701500331,39.364704007421274,-0.1536353455848385,-0.03479108869706238,-0.1729270150033102,0.14479599257872877
Pantheon,14451,0.17737,39.4771,0.138264,52.309644208748736,2563.5740990095806,39.66638946345047,39.547464977529906,39.685586502709974,39.367720372802005,-0.18928946345047137,-0.07036497752990556,-0.20848650270997382,0.10937962719799543
Pantheon,17220,0.17786,39.3394,0.257355,15.098533932694851,2406.0567972280683,39.67302063480329,39.55393258929721,39.69202472150272,39.37386644395998,-0.33362063480328885,-0.21453258929721386,-0.3526247215027212,-0.03446644395998533
Pantheon,370428,0.17791,39.6477,0.131546,57.78893707631222,2773.1021979411335,39.67369633262699,39.55459161557544,39.692680749201436,39.37449266523718,-0.025996332626988305,0.0931083844245606,-0.0449807492014358,0.273207334762823
Pantheon,5635,0.17852,39.9669,0.207864,23.1441608721131,3212.224388057472,39.68192570576746,39.562617867145946,39.700670428588396,39.38211877427638,0.2849742942325406,0.4042821328540569,0.26622957141160697,0.5847812257236242
Pantheon,6936,0.17901,39.641,0.157339,40.39496431493522,2764.5590773959625,39.688517334270266,39.569046695322925,39.70706989314192,39.388226281517134,-0.0475173342702675,0.0719533046770735,-0.06606989314192191,0.2527737184828638
Pantheon,300179,0.17911,39.7672,0.201468,24.63700148496353,2929.9882252236102,39.68986051007593,39.570356686262876,39.70837389304085,39.389470708248325,0.07733948992407136,0.19684331373712638,0.05882610695915247,0.37772929175167747
Pantheon,13045,0.17931,39.5355,0.229828,18.93189662721958,2633.454838957211,39.69254477837298,39.57297462516945,39.710979851426046,39.39195753042169,-0.1570447783729776,-0.03747462516945177,-0.17547985142604716,0.14354246957830696
Pantheon,1347120,0.17952,39.5509,0.280575,12.702875944610662,2652.197583692015,39.695360276072215,39.57572053487723,39.71371318382545,39.394565784323845,-0.14446027607221623,-0.024820534877228795,-0.16281318382544896,0.15633421567615358
Pantheon,2372,0.17973,39.5519,0.174634,32.79007399351567,2653.4192470928033,39.698172723860644,39.57846345392837,39.71644352786128,39.397171064739055,-0.1462727238606405,-0.02656345392836812,-0.16454352786127657,0.15472893526094822
Pantheon,1303496,0.17975,39.5962,0.208929,22.908810975225077,2708.1073447980248,39.69844041721939,39.57872452859202,39.71670340502399,39.39741903185653,-0.10224041721938448,0.01747547140798389,-0.12050340502398882,0.198780968143474
Pantheon,13254,0.18004,39.9979,0.268081,13.914510418837057,3258.411088890292,39.70231887304102,39.58250707369026,39.720468588694956,39.40101153503046,0.29558112695897876,0.41539292630974245,0.2774314113050451,0.5968884649695383
Pantheon,14284,0.1805,39.3688,0.13762,52.800361137574065,2438.8544079536305,39.70845905110649,39.58849534900029,39.726429334152044,39.4066984316524,-0.3396590511064872,-0.21969534900028975,-0.357629334152044,-0.03789843165240114
Pantheon,420159,0.18073,39.5035,0.133745,55.90425828898831,2594.9313629073918,39.71152370600243,39.59148415893323,39.729404383279615,39.409536583108064,-0.2080237060024288,-0.08798415893322442,-0.22590438327961238,0.09396341689193832
Pantheon,330023,0.18078,39.7166,0.179158,31.154988031081697,2862.50250269752,39.71218945722612,39.592133431504166,39.73005066473456,39.41015310655844,0.004410542773882753,0.12446656849583349,-0.013450664734563134,0.30644689344156006
Pantheon,350548,0.18082,39.6391,0.133983,55.70582421676033,2762.141194994699,39.7127219354066,39.5926527291746,39.73056756960565,39.410646205632375,-0.07362193540659945,0.04644727082539646,-0.09146756960564772,0.22845379436762414
Pantheon,360112,0.18086,39.6151,0.246207,16.496780933505878,2731.780968190336,39.71325430448407,39.59317191988596,39.7310843676007,39.41113919836938,-0.09815430448406914,0.02192808011403713,-0.11598436760070285,0.2039608016306147
Pantheon,17215,0.18092,39.6213,0.207991,23.115905697081672,2739.5919098928903,39.71405265363534,39.593950505507564,39.731859364303574,39.41187848819595,-0.09275265363534402,0.027349494492433735,-0.11055936430357605,0.20942151180404522
Pantheon,370595,0.18126,39.6585,0.225961,19.585426072937988,2786.928809514767,39.718572004961906,39.598357954579626,39.73624647969841,39.41606328753271,-0.0600720049619099,0.060142045420370494,-0.07774647969841197,0.24243671246728837
Pantheon,15443,0.18136,39.4868,0.134057,55.644341515401265,2575.0512383621085,39.71989973159866,39.5996527982454,39.73753534401235,39.41729265453385,-0.2330997315986565,-0.11285279824539884,-0.2507353440123481,0.06950734546614967
Pantheon,1339392,0.18145,39.3953,0.235174,18.08095594393631,2468.799808624136,39.72109410592283,39.60081758933944,39.73869475413325,39.418398519952646,-0.32579410592283153,-0.20551758933944342,-0.34339475413325005,-0.023098519952647223
Pantheon,17332,0.18217,39.5863,0.201062,24.736599834119076,2695.788864587964,39.73062939590655,39.610116603524816,39.747950735653596,39.42722624203138,-0.1443293959065457,-0.023816603524814184,-0.16165073565359478,0.15907375796862055
Pantheon,1580,0.18229,39.5259,0.149858,44.528712233965045,2621.8381290004004,39.732215216508294,39.611663112197675,39.74949007482792,39.428694221595855,-0.20631521650829399,-0.08576311219767518,-0.22359007482791782,0.09720577840414535
Pantheon,1250017,0.18231,39.6885,0.152439,43.03361377075531,2825.698851204593,39.732479425943296,39.61192077151481,39.749746539301164,39.4289387932719,-0.04397942594329862,0.07657922848518695,-0.06124653930116608,0.259561206728101
Pantheon,15453,0.18252,39.7821,0.177319,31.804564502050912,2950.162070228106,39.73525200556253,39.61462460715095,39.752437830327565,39.431505218053005,0.046847994437470675,0.1674753928490489,0.029662169672434402,0.3505947819469952
Pantheon,17391,0.1836,39.5995,0.294191,11.554236028391399,2712.226000996505,39.74946449159608,39.62848448221735,39.76623322632444,39.444658679071665,-0.14996449159608005,-0.028984482217353502,-0.166733226324439,0.15484132092833391
Pantheon,1257695,0.18375,39.68,0.151568,43.52962843532623,2814.6595708618356,39.751432322221575,39.63040346206819,39.76814325552218,39.446479581645804,-0.07143232222157536,0.04959653793181218,-0.0881432555221835,0.23352041835419612
Pantheon,17168,0.18389,39.752,0.19743,25.65509983144625,2909.550336323377,39.75326762268962,39.63219319551413,39.76992463607498,39.44817778417145,-0.0012676226896175535,0.11980680448587577,-0.01792463607498007,0.3038222158285535
Pantheon,20048,0.18402,39.796,0.218377,20.969409893857172,2969.1071789151474,39.75497067226732,39.63385395622211,39.77157764143244,39.44975355868607,0.04102932773268009,0.16214604377788788,0.024422358567562696,0.3462464413139301
Pantheon,1296321,0.18458,39.9384,0.282465,12.533452375813328,3170.3402544254086,39.76229417533652,39.640995548918674,39.77868583645042,39.45652913189386,0.17610582466348035,0.2974044510813272,0.15971416354958023,0.4818708681061423
Pantheon,15421,0.18459,39.7891,0.142656,49.13827597026914,2959.6876142288907,39.762424765141176,39.64112289411408,39.77881258540597,39.456649942131364,0.026675234858821284,0.14797710588591428,0.010287414594024824,0.332450057868634
Pantheon,8213,0.18484,39.6548,0.27682,13.049836527046795,2782.184168748476,39.76568738356296,39.64430444050217,39.78197922747608,39.4596681271622,-0.1108873835629609,0.01049555949783354,-0.12717922747607702,0.19513187283779843
Pantheon,15461,0.18493,39.613,0.134864,54.980404033940914,2729.140378817737,39.7668609262477,39.64544881758582,39.783118239795385,39.46075370008383,-0.15386092624770242,-0.03244881758582352,-0.17011823979538576,0.15224629991617178
Pantheon,1336453,0.18506,39.7435,0.159325,39.39418732364484,2898.1834697443815,39.76855511041532,39.64710089265897,39.784762566502785,39.462320841350206,-0.025055110415323156,0.09639910734102841,-0.04126256650278748,0.2811791586497918
Pantheon,6422,0.18515,39.6347,0.160441,38.84805497163375,2756.5500042289314,39.76972736189845,39.648244004840265,39.78590031494196,39.46340515703763,-0.13502736189844455,-0.013544004840262858,-0.15120031494195985,0.17129484296237507
Pantheon,16281,0.18522,39.5427,0.172189,33.72789151606202,2642.201136643873,39.77063874843554,39.64913273491178,39.78678487350311,39.46424815867126,-0.22793874843553397,-0.10643273491177752,-0.24408487350310537,0.07845184132874294
Pantheon,370563,0.18527,39.7882,0.139358,51.49157667597264,2958.4611805390887,39.77128954363323,39.649767350902685,39.78741650999859,39.46485011265384,0.01691045636677302,0.138432649097318,0.0007834900014103141,0.3233498873461613
Pantheon,15365,0.18667,39.7559,0.144508,47.886844388884946,2914.7806318063467,39.789446122356345,39.66747225795114,39.80503804352807,39.481640876283834,-0.03354612235634846,0.08842774204885728,-0.049138043528074604,0.27425912371616334
Pantheon,18807,0.18728,39.7694,0.13671,53.505624010918446,2932.9582102434906,39.797317813848714,39.67514796151007,39.81267745164617,39.48891851159513,-0.027917813848716833,0.0942520384899268,-0.04327745164616914,0.28048148840486675
Pantheon,5994,0.18809,39.7451,0.191467,27.277975489000273,2900.3197171677116,39.807733798647135,39.68530446014275,39.82278578429407,39.49854665002068,-0.06263379864713414,0.05979553985724806,-0.07768578429406858,0.24655334997932243
Pantheon,12927,0.18906,39.4384,0.149571,44.69976145379134,2518.2907777730666,39.82015279016873,39.69741384808211,39.83483753636844,39.510023643629644,-0.38175279016872565,-0.25901384808210537,-0.39643753636843826,-0.07162364362964269
Pantheon,16100,0.18908,39.8089,0.256269,15.226772236464694,2986.7981596002573,39.82040823106587,39.69766291844665,39.83508541887328,39.51025967875607,-0.011508231065867847,0.1112370815533481,-0.026185418873275523,0.2986403212439299
Pantheon,1273127,0.18929,39.9359,0.228953,19.07687890685768,3166.692365617155,39.82308885240624,39.700276680993426,39.83768671013313,39.51273658061801,0.1128111475937601,0.23562331900657085,0.0982132898668695,0.42316341938198576
Pantheon,18787,0.18929,40.1408,0.200523,24.869761084506038,3480.0531354399545,39.82308885240624,39.700276680993426,39.83768671013313,39.51273658061801,0.3177111475937622,0.44052331900657293,0.3031132898668716,0.6280634193819878
Pantheon,18749,0.18948,39.7413,0.209197,22.850152116075556,2895.2486984748994,39.82551180694108,39.702639194259206,39.84003794180457,39.5149752822058,-0.08421180694107733,0.03866080574079689,-0.09873794180456485,0.22632471779419916
Pantheon,440643,0.18952,39.7624,0.238646,17.558672602471834,2923.518692927601,39.826021616227955,39.7031362851216,39.84053265783061,39.51544630922567,-0.06362161622795526,0.05926371487839788,-0.07813265783060785,0.24695369077432616
Pantheon,6304,0.18995,39.7286,0.224725,19.801460409684047,2878.365065629148,39.83149578874262,39.70847386748555,39.84584471588914,39.520503744241736,-0.10289578874262162,0.020126132514448614,-0.11724471588914298,0.20809625575826374
Pantheon,762,0.19025,39.8807,0.15799,40.06275413783049,3087.207886866263,39.83530819456836,39.71219112180633,39.84954416817229,39.52402558913121,0.04539180543163468,0.1685088781936699,0.031155831827710756,0.35667441086878426
Pantheon,20687,0.19042,39.6892,0.294972,11.493132519834665,2826.609895727025,39.83746609030622,39.714295150843334,39.8516381114366,39.52601890155144,-0.1482660903062225,-0.02509515084333458,-0.16243811143660025,0.1631810984485611
Pantheon,2440,0.19044,39.9182,0.154841,41.708835548933834,3140.9850915232396,39.83771984323373,39.71454256900723,39.85188434313641,39.526253294963034,0.08048015676627074,0.20365743099277012,0.06631565686358698,0.3919467050369647
Pantheon,16276,0.19413,39.7983,0.218857,20.87752999915256,2972.2536910843887,39.88412069888908,39.75978362603834,39.89690684788899,39.56909391912118,-0.08582069888907995,0.03851637396165586,-0.09860684788899476,0.22920608087881789
Pantheon,2246,0.19434,39.8787,0.222002,20.290195240351142,3084.365772365572,39.88673680560366,39.76233426283125,39.89944506767133,39.57150810329009,-0.008036805603659047,0.1163657371687492,-0.020745067671327888,0.30719189670990943
Pantheon,20821,0.19546,40.1343,0.403955,6.128215429267791,3469.651656880498,39.900645396009395,39.77589464974575,39.91293926850361,39.58434102865369,0.23365460399060822,0.3584053502542517,0.22136073149639657,0.5499589713463138
Pantheon,1253920,0.19553,39.7111,0.156617,40.76826209911007,2855.2614057012647,39.901512235040926,39.77673978021723,39.91378026446721,39.585140708752014,-0.19041223504092386,-0.06563978021722505,-0.20268026446721166,0.12595929124798744
Pantheon,14984,0.19557,39.9082,0.195934,26.04836031110244,3126.5535759226163,39.902007442860466,39.777222586003546,39.91426070778965,39.58559754373995,0.006192557139534927,0.13097741399645457,-0.006060707789650621,0.32260245626005
Pantheon,15674,0.19568,39.958,0.212325,22.181848485248008,3199.085703980417,39.903368781830295,39.77854983009871,39.915581455529264,39.58685337130218,0.05463121816970329,0.17945016990128693,0.04241854447073479,0.3711466286978151
Pantheon,236,0.19616,39.7288,0.124812,64.19294717964276,2878.6301850578525,39.90930090533898,39.7843333598294,39.92133664473536,39.592325319523646,-0.180500905338981,-0.055533359829397,-0.19253664473536247,0.13647468047635414
Pantheon,15129,0.19621,39.7747,0.157962,40.076958269659286,2940.1255424878295,39.90991806315404,39.78493505632233,39.921935389764684,39.59289456468664,-0.13521806315403495,-0.010235056322329683,-0.1472353897646812,0.18180543531336468
Pantheon,1298893,0.19627,39.8397,0.254651,15.420882500536115,3029.4645513353325,39.91065846070677,39.78565690456963,39.92265369642355,39.59357747260229,-0.0709584607067697,0.054043095430373,-0.08295369642355155,0.24612252739770923
Pantheon,1334620,0.19635,39.8927,0.29342,11.615036381941069,3104.315655101325,39.91164533212684,39.78661905084641,39.92361112086735,39.59448770058221,-0.018945332126840242,0.10608094915358635,-0.03091112086735137,0.29821229941779137
Pantheon,13070,0.19733,39.8018,0.14158,49.88801039650171,2977.0482609423566,39.92370444540745,39.79837595432596,39.93531020830618,39.60560880383303,-0.12190444540745204,0.0034240456740377567,-0.133510208306177,0.19619119616697134
Pantheon,18804,0.19741,39.6932,0.130873,58.38481175559274,2831.8215021679557,39.92468641803348,39.79933331167579,39.93626284813434,39.60651427535481,-0.2314864180334837,-0.10613331167579076,-0.2430628481343433,0.08668572464518576
Pantheon,1302058,0.19782,39.492,0.189171,27.94414851246059,2581.22507319635,39.92971326380913,39.80423413411853,39.94113949838106,39.61114922136471,-0.43771326380912967,-0.3122341341185333,-0.44913949838106504,-0.11914922136471517
Pantheon,15222,0.19817,39.7561,0.182544,30.009922538407142,2915.049105387116,39.933996862980734,39.80841032436449,39.945295060579014,39.61509849480113,-0.17789686298073093,-0.05231032436448402,-0.18919506057901003,0.14100150519887222
Pantheon,1316431,0.19828,39.8879,0.174409,32.87473161519904,3097.461200801897,39.93534169340104,39.809721430386745,39.94659968478467,39.61633829378724,-0.04744169340104065,0.07817856961325731,-0.05869968478467058,0.2715617062127649
Pantheon,13370,0.19861,40.3246,0.238597,17.565885294198242,3787.4409899120024,39.9393720528629,39.81365071041692,39.9505095230489,39.620053680466164,0.3852279471370963,0.5109492895830741,0.3740904769510962,0.7045463195338328
Pantheon,360145,0.19877,39.8881,0.211487,22.357984290464124,3097.7465006597217,39.94132393997786,39.81555363992791,39.95240302823769,39.62185291909438,-0.05322393997786179,0.07254636007208859,-0.06430302823768841,0.26624708090562166
Pantheon,19658,0.19878,39.889,0.174502,32.83970009303623,3099.0306752488277,39.94144588472144,39.815672525918174,39.95252132525092,39.62196532472933,-0.05244588472143619,0.07332747408182883,-0.06352132525091747,0.26703467527067204
Pantheon,18768,0.19908,40.0216,0.217638,21.112056888191105,3294.168993458726,39.94510159419349,39.81923653277914,39.956067665158955,39.62533493870053,0.07649840580651102,0.20236346722085585,0.06553233484104481,0.3962650612994665
Pantheon,110460,0.19953,39.8511,0.254227,15.472363315712013,3045.4107404194224,39.95057562743428,39.82457322968814,39.96137787019263,39.63038011074513,-0.09947562743428051,0.026526770311861014,-0.11027787019262547,0.22071988925487318
Pantheon,500504,0.19961,39.6764,0.246154,16.503885620136526,2809.9971216944773,39.95154759476573,39.825520808990944,39.96232074090297,39.63127587150259,-0.2751475947657269,-0.1491208089909435,-0.2859207409029665,0.045124128497413096
Pantheon,560150,0.1997,39.8965,0.17155,33.97962292982332,3109.752853889715,39.952640627981495,39.82658641552834,39.96338105066139,39.632283185097776,-0.056140627981491775,0.06991358447166363,-0.06688105066138661,0.2642168149022268
Pantheon,19101,0.20077,39.6837,0.194976,26.3049625061775,2819.459594056984,39.9656008326815,39.8392213461893,39.97595303992792,39.64422531433941,-0.2819008326815009,-0.15552134618929614,-0.29225303992792107,0.03947468566059342
Pantheon,470232,0.20083,39.9838,0.252956,15.628238479670697,3237.321824327399,39.96632568266155,39.839928000094645,39.976656166124805,39.64489313250219,0.01747431733845417,0.14387199990535748,0.007143833875197458,0.33890686749781196
Pantheon,370308,0.20087,39.7672,0.316127,10.006376049910779,2929.9882252236102,39.96680880487182,39.84039899415808,39.977124808483765,39.64533823683344,-0.19960880487181498,-0.0731989941580764,-0.2099248084837626,0.12186176316656372
Pantheon,590002,0.20128,39.8575,0.216953,21.2455843296239,3054.3997468391613,39.97175569103224,39.84522168529581,39.98192339931559,39.649895593397034,-0.1142556910322412,0.012278314704190052,-0.12442339931558877,0.20760440660296808
Pantheon,13152,0.20231,39.6184,0.198124,25.475682338036464,2735.935628691206,39.984142298535346,39.85729724216648,39.99393844899341,39.661304860730084,-0.3657422985353449,-0.23889724216648034,-0.37553844899341016,-0.04290486073008282
Pantheon,19913,0.20249,39.9949,0.159703,39.20792432170854,3253.912535816118,39.98630096847684,39.85940169330924,39.996032331563256,39.663292914413844,0.008599031523161216,0.13549830669076357,-0.0011323315632552067,0.3316070855861568
Pantheon,6780,0.20279,39.8373,0.184965,29.229466348666737,3026.118113026623,39.98989481719555,39.862905269539894,39.99951829713949,39.666602522297225,-0.15259481719554913,-0.025605269539894948,-0.1622182971394892,0.17069747770277388
Pantheon,14212,0.2032,39.9658,0.146626,46.51339352078017,3210.597587737253,39.99479847935859,39.8676857455241,40.00427471257223,39.671117963616744,-0.028998479358591567,0.09811425447590238,-0.03847471257223134,0.2946820363832572
Pantheon,15203,0.20329,39.8822,0.166845,35.92308347302945,3089.3411912564466,39.99587367010482,39.86873392417296,40.00531761077135,39.67210797248799,-0.11367367010482354,0.013466075827039958,-0.1231176107713523,0.21009202751200462
Pantheon,16032,0.20331,39.9277,0.173799,33.10590415749685,3154.7567267547624,39.99611254169493,39.86896679448084,40.005549307701415,39.67232791659721,-0.06841254169492572,0.05873320551916095,-0.0778493077014133,0.25537208340278994
Pantheon,7243,0.20334,39.9335,0.216127,21.408288545159728,3163.1943413080376,39.99647080840271,39.86931606022388,40.00589681341555,39.67265779332765,-0.06297080840271008,0.06418393977612169,-0.07239681341555126,0.2608422066723506
Pantheon,15901,0.20382,39.9041,0.171481,34.006973664743626,3120.655837854454,40.00219644840041,39.874897841170664,40.011450440069574,39.67792939664001,-0.09809644840041187,0.02920215882933519,-0.10735044006957395,0.2261706033599893
Pantheon,18965,0.20469,39.8809,0.160012,39.05664128411378,3087.492242315484,40.012542513789576,39.88498391160981,40.02148551043669,39.687453493438454,-0.13164251378957914,-0.004083911609811253,-0.14058551043669354,0.19344650656154272
Pantheon,110033,0.20483,39.8427,0.202322,24.429455153767485,3033.652803760837,40.014203604649204,39.886603254350845,40.02309664982893,39.688982430512894,-0.1715036046492031,-0.043903254350844634,-0.18039664982892845,0.1537175694871067
Pantheon,17801,0.20523,40.1661,0.227714,19.28503963315049,3520.8366395021962,40.01894380995046,39.89122431688794,40.02769427966047,39.69334523217804,0.14715619004954306,0.27487568311205735,0.13840572033952725,0.4727547678219608
Pantheon,15872,0.20562,39.8126,0.174944,32.67396921897549,2991.891741997832,40.023557306062784,39.89572184491273,40.03216896854509,39.69759101436381,-0.21095730606278096,-0.0831218449127249,-0.21956896854509012,0.11500898563619444
Pantheon,1327978,0.20691,39.9225,0.279831,12.770513222356323,3147.2111054234533,40.03876000113721,39.9105423306692,40.046913963902895,39.71157921364389,-0.11626000113721346,0.011957669330797671,-0.12441396390289583,0.21092078635611244
Pantheon,15201,0.20748,40.316,0.333666,8.982062856368154,3772.470697118376,40.045449622646565,39.91706374177724,40.05340204539944,39.71773307132645,0.27055037735343745,0.39893625822276135,0.26259795460056523,0.5982669286735529
Pantheon,1283373,0.20751,40.0725,0.148972,45.059949772257966,3372.297457119417,40.04580123797921,39.91740651533831,40.05374306522186,39.71805650338197,0.026698762020785693,0.15509348466169115,0.01875693477813911,0.35444349661802477
Pantheon,20376,0.2084,39.7299,0.272182,13.49836595296085,2880.088778475081,40.05621121196943,39.92755470181009,40.063839244636114,39.72763104697208,-0.3263112119694327,-0.19765470181008737,-0.33393924463611313,0.0022689530279222936
Pantheon,15467,0.20856,39.8758,0.146778,46.41710695153937,3080.2493532186472,40.05807831628138,39.929374849475835,40.06565004692724,39.729348099643104,-0.18227831628138347,-0.05357484947583657,-0.1898500469272406,0.14645190035689382
Pantheon,200132,0.20868,40.1034,0.239508,17.432511146684423,3420.628225865576,40.05947777734689,39.93073911429502,40.0670073035568,39.73063504957696,0.043922222653108633,0.17266088570497828,0.03639269644320109,0.3727649504230399
Pantheon,15259,0.2087,39.8639,0.197696,25.586108394735184,3063.415285718164,40.05971094866119,39.930966421337764,40.06723344263804,39.73084947133549,-0.1958109486611903,-0.06706642133776342,-0.20333344263804065,0.13305052866451206
Pantheon,140152,0.20879,39.8798,0.15965,39.23396083803349,3085.9286113975704,40.06075996449145,39.9319890542014,40.06825081992274,39.731814122294,-0.1809599644914499,-0.05218905420139919,-0.1884508199227355,0.1479858777060059
Pantheon,16482,0.20948,39.8413,0.262138,14.552581385052216,3031.697565880272,40.06878858628794,39.93981574646382,40.07603723288199,39.73919638845899,-0.2274885862879401,-0.09851574646382488,-0.2347372328819901,0.10210361154100411
Pantheon,550154,0.21015,40.1479,0.148877,45.117474588139295,3491.4503861462367,40.076561179602706,39.94739283812089,40.08357523554079,39.74634210827838,0.071338820397294,0.20050716187910922,0.06432476445920798,0.40155789172162315
Pantheon,19149,0.21037,39.4543,0.186032,28.895132464866535,2536.79793241833,40.07910838894242,39.94987597627408,40.08604554339411,39.74868363896241,-0.6248083889424194,-0.49557597627407546,-0.6317455433941035,-0.29438363896240816
Pantheon,460105,0.21084,39.9632,0.223017,20.1059251355348,3206.755697673259,40.08454193157961,39.95517284372897,40.09131500876337,39.753678042650066,-0.12134193157960738,0.008027156271033675,-0.12811500876336623,0.20952195734993495
Pantheon,14157,0.21095,39.806,0.155718,41.240352216949645,2982.811954967093,40.08581199807608,39.95641096256118,40.09254671593457,39.75484538414268,-0.2798119980760845,-0.1504109625611818,-0.2865467159345698,0.051154615857313956
Pantheon,18940,0.21114,39.9552,0.163264,37.51622525720308,3194.9633088081982,40.0880043110069,39.95854812900924,40.094672809118215,39.7568603095878,-0.13280431100690038,-0.003348129009239642,-0.13947280911821736,0.19833969041219746
Pantheon,1257366,0.21134,40.1415,0.266119,14.12044014946386,3481.175152864232,40.09031004366374,39.96079586177268,40.09690888776044,39.75897938234066,0.051189956336259,0.1807041382273198,0.044591112239558583,0.3825206176593383
Pantheon,7847,0.21174,39.9676,0.230498,18.82199601554742,3213.2600537768662,40.09491547695921,39.96528544607767,40.10137516981043,39.763211691934174,-0.12731547695921108,0.0023145539223250466,-0.13377516981043414,0.2043883080658233
Pantheon,17811,0.212,39.9136,0.194498,26.434415999627547,3134.3383395632445,40.09790470706399,39.9681994820933,40.10427406363975,39.765958531774885,-0.18430470706398694,-0.05459948209329468,-0.19067406363974726,0.14764146822511748
Pantheon,18927,0.21225,39.9374,0.243726,16.83434712387771,3168.8805949083117,40.10077577960094,39.97099833263308,40.107058357563425,39.76859664081908,-0.16337577960094052,-0.033598332633083317,-0.16965835756342784,0.16880335918092015
Pantheon,13305,0.2135,40.0218,0.16528,36.60659982438203,3294.472411608158,40.11508452303102,39.98494714127463,40.120934429830655,39.781742095567004,-0.09328452303102353,0.03685285872536781,-0.09913442983065579,0.24005790443299446
Pantheon,8495,0.21365,40.0084,0.19033,27.60485719498063,3274.2050579023335,40.11679637706802,39.98661593460762,40.12259450002613,39.78331452601341,-0.10839637706801852,0.021784065392381535,-0.11419450002613019,0.22508547398658862
Pantheon,6933,0.21398,39.8874,0.197488,25.640032816879025,3096.7480661089994,40.120558557866524,39.990283480904054,40.12624285936007,39.78677010379808,-0.23315855786652406,-0.10288348090405464,-0.23884285936006933,0.10062989620192297
Pantheon,110567,0.2144,40.0179,0.298904,11.192743368183327,3288.5607954867924,40.12533905721867,39.99494373318876,40.130878699706614,39.79116063729822,-0.10743905721867009,0.022956266811235082,-0.11297869970661623,0.2267393627017782
Pantheon,1249851,0.21507,39.8825,0.477887,4.378744118001242,3089.76802899913,40.13294724563281,40.00236055481447,40.138256596626036,39.79814733071301,-0.25044724563281306,-0.11986055481447266,-0.25575659662603556,0.08435266928699292
Pantheon,14019,0.21521,40.4641,0.22943,18.997637204968143,4038.739807947861,40.13453425547772,40.003907648302295,40.13979555940956,39.79960456800191,0.3295657445222844,0.46019235169770667,0.3243044405904385,0.6644954319980911
Pantheon,1316,0.21578,40.2253,0.258716,14.940097234326466,3618.1442292814654,40.14098584065046,40.01019696906631,40.14605178663711,39.80552812178648,0.0843141593495389,0.21510303093369032,0.07924821336288801,0.4197718782135169
Pantheon,100206,0.2165,39.8253,0.141535,49.919738482870194,3009.441288540522,40.14911278894094,40.01811952999056,40.153932568239696,39.8129888358728,-0.32381278894094123,-0.19281952999055818,-0.3286325682396978,0.012311164127197571
Pantheon,17435,0.21689,40.0672,0.190384,27.5891998825507,3364.076591733709,40.1535044876843,40.02240078808665,40.158191206600875,39.81702000827129,-0.08630448768430199,0.044799211913350234,-0.09099120660087578,0.2501799917287073
Pantheon,7473,0.21692,40.0932,0.185301,29.123560859120012,3404.5982772413977,40.15384200904423,40.02272982184059,40.15851850068739,39.81732980703049,-0.060642009044229894,0.07047017815941103,-0.06531850068738976,0.27587019296951354
Pantheon,20364,0.21742,40.1395,0.269611,13.75703320530982,3477.97034815266,40.1594610388475,40.02820755608381,40.16396724703672,39.822487007787565,-0.019961038847505108,0.11129244391619153,-0.02446724703672487,0.3170129922124332
Pantheon,13641,0.21794,39.9942,0.174837,32.71397430388419,3252.863767396851,40.16529220746947,40.03389210641002,40.16962166308372,39.82783830284911,-0.17109220746947074,-0.03969210641002263,-0.17542166308371776,0.1663616971508901
Pantheon,1290816,0.21845,40.2216,0.204417,23.931282821009383,3611.98447573844,40.1709987940243,40.03945521982654,40.17515523472203,39.833074668311724,0.05060120597570261,0.18214478017345925,0.046444765277975364,0.3885253316882782
Pantheon,1304678,0.21881,40.1416,0.247596,16.312208036580632,3481.335470595912,40.1750195837154,40.043374928290795,40.17905409791018,39.83676378989746,-0.03341958371539988,0.09822507170920147,-0.03745409791018517,0.30483621010253614
Pantheon,9467,0.21897,40.1925,0.240729,17.25612096427085,3563.9029989605037,40.17680464447613,40.04511511554126,40.18078502264969,39.83840150968862,0.015695355523874355,0.1473848844587451,0.011714977350315792,0.3540984903113795
Pantheon,5533,0.21898,40.1292,0.218822,20.88420914464817,3461.5122673102023,40.17691617085205,40.04522383837427,40.18089316661777,39.838503828624084,-0.047716170852055484,0.08397616162572774,-0.05169316661777401,0.2906961713759131
Pantheon,1342255,0.21899,40.0296,0.130815,58.4365958749236,3306.3275436527133,40.17702769253383,40.04533255663681,40.18100130602032,39.83860614302655,-0.14742769253382448,-0.01573255663680584,-0.15140130602031832,0.19099385697344928
Pantheon,1302187,0.21941,40.0048,0.208962,22.901575869628385,3268.7813772540544,40.181707369850024,40.049894602000805,40.18553904372592,39.8428992601131,-0.17690736985002076,-0.04509460200080184,-0.18073904372591443,0.161900739886903
Pantheon,15433,0.2195,40.1098,0.160031,39.047367679222724,3430.7247454166986,40.18270908358825,40.05087113725939,40.18651037133412,39.84381817648415,-0.07290908358825021,0.05892886274060771,-0.07671037133412284,0.2659818235158511
Pantheon,220,0.21972,40.0616,0.124319,64.70308437424659,3355.4121675319575,40.1851561244327,40.05325667283689,40.18888317878334,39.846062878668086,-0.12355612443270303,0.008343327163110814,-0.12728317878334394,0.21553712133191283
Pantheon,18466,0.21978,40.0882,0.173376,33.267643735979256,3396.7679184938947,40.185823107290375,40.05390689190568,40.189529926959125,39.846674691776336,-0.09762310729037438,0.034293108094317404,-0.10132992695912435,0.24152530822366458
Pantheon,14331,0.2199,40.2387,0.220195,20.62457906748741,3640.5405690209664,40.18715656970484,40.055206840077716,40.19082293387825,39.84789783207265,0.05154343029516184,0.18349315992228554,0.04787706612174958,0.39080216792735456
Pantheon,19230,0.22017,39.9228,0.242946,16.942617023768406,3147.6459387425407,40.1901544097947,40.05812933811153,40.193729816691345,39.8506475321044,-0.2673544097946987,-0.13532933811152503,-0.27092981669134275,0.07215246789560581
Pantheon,7512,0.22066,40.1876,0.225274,19.7050644183664,3555.8699996148466,40.19558629101247,40.06342471714792,40.19899686617967,39.85562938448228,-0.00798629101246462,0.1241752828520859,-0.011396866179666176,0.3319706155177258
Pantheon,15354,0.22083,40.0798,0.266821,14.046236776122685,3383.6534372518454,40.197468224180064,40.065259361576494,40.20082168475602,39.85735527535421,-0.11766822418006484,0.014540638423504504,-0.12102168475602326,0.2224447246457899
Pantheon,370098,0.22132,40.0441,0.143254,48.72888625332232,3328.479412350121,40.20288515937288,40.07054019311898,40.2060742026945,39.862322701265384,-0.15878515937288284,-0.026440193118979494,-0.1619742026945019,0.181777298734616
Pantheon,480464,0.22132,40.0588,0.204756,23.852105760888776,3351.0883274725843,40.20288515937288,40.07054019311898,40.2060742026945,39.862322701265384,-0.14408515937288513,-0.011740193118981779,-0.1472742026945042,0.19647729873461373
Pantheon,1331123,0.2215,40.1937,0.166162,36.21901024174239,3565.87302883012,40.20487227868783,40.07247738941001,40.208001001040856,39.864144791513326,-0.011172278687830328,0.12122261058998873,-0.014301001040855965,0.3295552084866742
Pantheon,13025,0.22299,40.3257,0.281229,12.643863388417035,3789.3600750812966,40.22126430992009,40.088457698314684,40.22389529931496,39.87917274324778,0.10443569007991016,0.23724230168531335,0.10180470068503666,0.44652725675221916
Pantheon,14846,0.22349,40.1511,0.167278,35.73734998221861,3496.59937055806,40.22674238178601,40.093798218952955,40.22920698179295,39.884193866785466,-0.07564238178601101,0.05730178104704464,-0.07810698179294917,0.26690613321453327
Pantheon,330083,0.22385,40.0162,0.172818,33.48282171686886,3285.9872580402275,40.23067960624545,40.097636596217704,40.23302460318784,39.88780233592068,-0.2144796062454546,-0.08143659621770638,-0.21682460318784536,0.12839766407931563
Pantheon,1304442,0.22449,40.1293,0.19721,25.712371472307954,3461.671679511698,40.23766473493595,40.10444638827481,40.239797511632794,39.89420352180526,-0.10836473493594667,0.024853611725191627,-0.11049751163279353,0.2350964781947411
Pantheon,550096,0.22449,39.9449,0.245775,16.55482485662668,3179.84444373421,40.23766473493595,40.10444638827481,40.239797511632794,39.89420352180526,-0.29276473493595034,-0.15954638827481205,-0.2948975116327972,0.05069647819473744
Pantheon,1292560,0.22493,40.1126,0.160616,38.76344688777265,3435.1513387014247,40.24245637696736,40.109117776925785,40.244443554459444,39.89859408232007,-0.12985637696736063,0.003482223074215085,-0.13184355445944362,0.21400591767992694
Pantheon,30066,0.22542,40.1491,0.174035,33.01617857379286,3493.3803661571965,40.24778237221098,40.114310131959435,40.24960769463458,39.90347378185853,-0.09868237221098042,0.034789868040562055,-0.10050769463457954,0.24562621814146723
Pantheon,13727,0.22543,40.1329,0.188923,28.01756146322406,3467.4154107472928,40.24789095490786,40.11441599035693,40.249712977341176,39.90357326046321,-0.11499095490786004,0.018484009643067623,-0.11681297734117635,0.22932673953678773
Pantheon,15229,0.22551,40.1856,0.197444,25.65146175012796,3552.5964300792457,40.24875945678875,40.11526270223567,40.250555083869166,39.90436893534064,-0.06315945678874613,0.07033729776433262,-0.06495508386916526,0.28123106465935876
Pantheon,20096,0.22578,39.9865,0.175963,32.29663569115274,3241.349600714814,40.25168855681429,40.118118318646026,40.25339515953593,39.90705231947318,-0.2651885568142873,-0.13161831864602647,-0.26689515953592746,0.07944768052681894
Pantheon,19992,0.22645,40.3912,0.201078,24.732663353243034,3905.403175510473,40.25894315060551,40.125190948092765,40.26042924033797,39.9136976749806,0.13225684939448712,0.2660090519072327,0.13077075966202756,0.47750232501940104
Pantheon,1315192,0.22726,40.097,0.228488,19.15460531000401,3410.561420067263,40.2676872776491,40.1337158182131,40.26890753620768,39.921706213132595,-0.17068727764910108,-0.03671581821309644,-0.17190753620767651,0.1752937868674067
Pantheon,1315259,0.22818,40.2236,0.183395,29.732061183369886,3615.312768882769,40.277584130678584,40.143364606024946,40.27850346377754,39.93076884578647,-0.053984130678585984,0.08023539397505175,-0.05490346377754207,0.29283115421353045
Pantheon,180561,0.22865,40.1604,0.308241,10.5249293703299,3511.6067491929057,40.28262595762991,40.14828010045882,40.28339196947764,39.93538501278975,-0.12222595762990807,0.012119899541183088,-0.12299196947763846,0.22501498721025115
Pantheon,13072,0.22928,40.2229,0.202405,24.409423741097747,3614.147517568852,40.28936920159859,40.15485442504857,40.28993013458965,39.94155823994428,-0.06646920159858638,0.06804557495143371,-0.06703013458965046,0.2813417600557244
Pantheon,3452,0.22978,40.1351,0.188066,28.27349032098434,3470.930159284164,40.294708849119935,40.16006035157538,40.29510737689561,39.94644594004485,-0.1596088491199339,-0.024960351575380457,-0.1600073768956065,0.18865405995514806
Pantheon,21033,0.2302,40.1283,0.227444,19.330853559273198,3460.0778878027554,40.299185891239745,40.16442530170228,40.29944824169305,39.9505436516596,-0.17088589123974174,-0.03612530170227757,-0.17114824169304654,0.17775634834040233
Pantheon,6,0.23041,40.3062,0.260109,14.780503926483432,3755.4836456094217,40.30142159250725,40.16660503690758,40.301615937456035,39.95258979214468,0.004778407492743497,0.1395949630924136,0.004584062543962375,0.3536102078553185
Pantheon,40780,0.23082,40.0717,0.296847,11.348400953652709,3371.055285653284,40.30578113094691,40.170855461747145,40.30584286290655,39.95657943632462,-0.23408113094691174,-0.09915546174714507,-0.23414286290655184,0.11512056367538293
Pantheon,19008,0.23086,40.1049,0.204707,23.86352591811318,3422.991928433997,40.30620606995058,40.171269766384086,40.30625487535828,39.956968302282405,-0.20130606995058287,-0.06636976638408498,-0.20135487535827679,0.1479316977175955
Pantheon,360140,0.23092,40.2958,0.226289,19.52869009348311,3737.540221847464,40.3068433513646,40.17189109986755,40.30687277070993,39.957551478859095,-0.011043351364598664,0.12390890013244871,-0.011072770709930069,0.33824852114090476
Pantheon,17875,0.23125,40.3169,0.189753,27.772993872639965,3774.0345794458412,40.310345676306895,40.17530578880823,40.310268553056844,39.96075632866084,0.006554323693102049,0.14159421119176585,0.0066314469431532075,0.35614367133915437
Pantheon,430004,0.23162,40.201,0.226906,19.422630141193224,3577.8808614086693,40.314267057593796,40.179129067662885,40.31407063990875,39.96434438131101,-0.11326705759379507,0.02187093233711579,-0.11307063990874866,0.23665561868899232
Pantheon,1302648,0.23164,40.0875,0.237265,17.763667827993242,3395.6731063619504,40.31447885981073,40.179335571744815,40.31427599866667,39.96453817190764,-0.2269788598107283,-0.09183557174481649,-0.22677599866667464,0.12296182809235745
Pantheon,1275946,0.23205,40.2045,0.159507,39.30433983483795,3583.652374044003,40.318817099053604,40.18356530537456,40.318482257439356,39.96850731173396,-0.11431709905360066,0.020934694625445616,-0.11398225743935342,0.23599268826604458
Pantheon,15369,0.23282,39.8341,0.180906,30.555828079930617,3021.6619448068614,40.32694548694977,40.191490461068696,40.32636334828011,39.97594322773343,-0.4928454869497685,-0.35739046106869665,-0.49226334828011176,-0.14184322773343183
Pantheon,1292336,0.23367,40.1857,0.255059,15.371586550591314,3552.7600369580246,40.33588969395659,40.20021114810125,40.33503542571632,39.98412409968982,-0.15018969395659099,-0.01451114810125631,-0.1493354257163233,0.20157590031017492
Pantheon,350047,0.23378,40.4148,0.19637,25.932818456067405,3948.0793713868366,40.33704499000607,40.20133758140149,40.336155570924234,39.98518069409159,0.07775500999392904,0.21346241859851034,0.07864442907576574,0.42961930590841035
Pantheon,1336687,0.23391,40.1788,0.292139,11.71712123030247,3541.488819394549,40.33840969491503,40.202668194495914,40.33747875339323,39.98642877607224,-0.15960969491502652,-0.023868194495911155,-0.15867875339322524,0.19237122392776485
Pantheon,12971,0.23395,40.1389,0.214099,21.815778845364566,3477.0094821860093,40.338829463656616,40.20307747752484,40.33788575024071,39.986812666168944,-0.19992946365661624,-0.0641774775248436,-0.19898575024070908,0.1520873338310551
Pantheon,110536,0.23472,40.1912,0.32799,9.29562926084165,3561.770028120549,40.346897162112256,40.21094369966067,40.34570797849668,39.99419018958408,-0.15569716211225426,-0.01974369966066547,-0.15450797849667453,0.19700981041592058
Pantheon,1279500,0.23481,40.2784,0.167703,35.5564453086649,3707.710996876295,40.3478385491663,40.21186158387454,40.346620722443525,39.995050967463364,-0.06943854916629988,0.06653841612546074,-0.06822072244352739,0.2833490325366341
Pantheon,1319366,0.23494,40.158,0.183242,29.781732159271012,3507.7277220079027,40.34919774429382,40.21318684756644,40.347938561997736,39.99629374950805,-0.19119774429381664,-0.05518684756643921,-0.18993856199773518,0.16170625049195309
Pantheon,1298281,0.2352,40.1629,0.275154,13.208343009560693,3515.6519640355073,40.3519140590407,40.21583536008909,40.35057222869959,39.998777317455264,-0.18901405904070145,-0.05293536008908717,-0.18767222869959,0.16412268254473616
Pantheon,19341,0.23556,40.2336,0.214202,21.794803457880278,3632.000294414745,40.355670551055624,40.219498105526775,40.354214423786665,40.002211719290436,-0.12207055105562148,0.014101894473228072,-0.12061442378666243,0.23138828070956663
Pantheon,15287,0.23639,40.3805,0.155735,41.23134913193357,3886.2065109361715,40.36431125696122,40.22792326332702,40.362592225498716,40.01011060043783,0.016188743038775044,0.15257673667297666,0.017907774501281892,0.3703893995621712
Pantheon,310574,0.23662,40.2636,0.156727,40.711055171291434,3682.5264515060717,40.36670072848117,40.23025315009828,40.36490899539112,40.012294696465595,-0.10310072848117358,0.033346849901718656,-0.10130899539112193,0.2513053035344015
Pantheon,13511,0.23664,40.4674,0.193131,26.809951083999994,4044.882171830151,40.3669084075799,40.23045565089522,40.365110355710705,40.01248452072825,0.10049159242009864,0.2369443491047747,0.10228964428929288,0.45491547927174736
Pantheon,12881,0.23685,40.119,0.236651,17.855964426943125,3445.29072549301,40.36908806335781,40.23258096328904,40.367223694258804,40.01447673841393,-0.25008806335780775,-0.11358096328903855,-0.24822369425880453,0.10452326158606695
Pantheon,16350,0.23693,40.2279,0.210237,22.624641097996363,3622.47898804549,40.36991794060464,40.23339015211745,40.368028322182475,40.01523522877186,-0.14201794060463868,-0.005490152117452851,-0.14012832218247695,0.2126647712281411
Pantheon,1317277,0.23721,40.2245,0.203948,24.041474406787476,3616.8115011994637,40.372820481563636,40.23622034364728,40.370842552979546,40.017887994227834,-0.14832048156363697,-0.011720343647283471,-0.14634255297954724,0.20661200577216476
Pantheon,20768,0.23746,40.7365,0.305716,10.699504426568243,4578.528006257648,40.37540937279762,40.23874471605865,40.37335267793504,40.02025397491084,0.3610906272023797,0.49775528394135193,0.36314732206496103,0.7162460250891627
Pantheon,17884,0.23789,40.2317,0.172272,33.695399403332864,3628.823748228743,40.37985640392863,40.24308094877472,40.37766441208231,40.02431782770347,-0.14815640392863116,-0.011380948774721844,-0.14596441208231425,0.20738217229652633
Pantheon,470008,0.2395,39.9059,0.208409,23.02327285749877,3123.2437175131763,40.39644148024257,40.25925312611561,40.39374494139594,40.03947076836524,-0.4905414802425696,-0.3533531261156071,-0.4878449413959345,-0.13357076836523873
Pantheon,18486,0.23981,40.13,0.180786,30.59640551721928,3462.787770499502,40.39962309690655,40.26235559345923,40.39682977655835,40.04237709462204,-0.2696230969065496,-0.13235559345923065,-0.26682977655834605,0.08762290537796247
Pantheon,510251,0.2402,40.3847,0.264226,14.32349166093354,3893.730374603377,40.40362040496582,40.266253488202,40.40070549544741,40.04602828138995,-0.018920404965818705,0.11844651179800536,-0.016005495447409146,0.3386717186100512
Pantheon,580300,0.24085,40.4016,0.166736,35.970066679686646,3924.152486549294,40.410269333681384,40.27273712791998,40.40715219166317,40.052100865319204,-0.00866933368138234,0.12886287208002045,-0.005552191663170447,0.34949913468079785
Pantheon,510550,0.24122,40.3291,0.130654,58.58070303854117,3795.297942833945,40.41404673838624,40.276420668060084,40.410814711493984,40.05555048914751,-0.08494673838624323,0.052679331939913254,-0.08171471149398712,0.27354951085249013
Pantheon,460064,0.24151,40.1214,0.184136,29.49324717799315,3449.1007066100065,40.417003682252826,40.27930415540471,40.41368172805785,40.05825067180693,-0.29560368225282474,-0.15790415540470804,-0.29228172805785135,0.06314932819307018
Pantheon,17223,0.24164,40.172,0.261675,14.604124757962875,3530.4159379614002,40.418328148528104,40.28059572511221,40.41496591562276,40.059460080466636,-0.24632814852810725,-0.1085957251122096,-0.24296591562276149,0.1125399195333614
Pantheon,14481,0.2422,40.564,0.221356,20.40879688097915,4228.884999216331,40.42402605775803,40.28615215389847,40.42049055368333,40.06466265561406,0.1399739422419728,0.2778478461015297,0.14350944631667062,0.49933734438594257
Pantheon,20111,0.2428,40.4217,0.219858,20.68785454549801,3960.6446126800233,40.430117526342414,40.292092446335445,40.42639680132243,40.07022394676298,-0.008417526342412884,0.129607553664556,-0.004696801322431554,0.3514760532370218
Pantheon,480064,0.24284,40.5734,0.259119,14.893661603171022,4247.230930061726,40.430523131694144,40.29248798834678,40.426790074294296,40.07059422671374,0.142876868305855,0.2809120116532213,0.14660992570570386,0.5028057732862621
Pantheon,20088,0.24329,40.2516,0.143114,48.824270085476996,3662.2321850553362,40.435081961665276,40.29693373543741,40.43121029997458,40.07475581602215,-0.1834819616652723,-0.04533373543740993,-0.179610299974577,0.17684418397785606
Pantheon,13506,0.24354,40.538,0.306318,10.65749075197274,4178.552615177975,40.437611294236376,40.29940034706874,40.4336627372367,40.077064594274376,0.10038870576362058,0.2385996529312564,0.1043372627632948,0.4609354057256212
Pantheon,19023,0.2441,40.2956,0.242814,16.961042924553624,3737.1959975238537,40.44326834300317,40.304917167369,40.43914781781011,40.08222795086034,-0.14766834300316845,-0.009317167368998014,-0.14354781781010928,0.21337204913965735
Pantheon,15466,0.24444,40.2064,0.221704,20.344777402347802,3586.7893787790063,40.44669715799232,40.30826102324299,40.44247241045838,40.08535725977377,-0.2402971579923161,-0.10186102324298929,-0.23607241045837668,0.12104274022622974
Pantheon,3377,0.24459,40.1263,0.186144,28.860371406400752,3456.892505444699,40.44820847599667,40.30973490239172,40.44393779288328,40.08673649930033,-0.32190847599667194,-0.183434902391717,-0.3176377928832821,0.039563500699671295
Pantheon,174,0.24511,40.3336,0.209543,22.77475350802346,3803.1711948109396,40.45344111924629,40.314837961797835,40.44901140531029,40.0915115384112,-0.11984111924629559,0.018762038202162046,-0.11541140531029015,0.24208846158879993
Pantheon,420407,0.24523,40.4957,0.181643,30.308376104510405,4097.94263888582,40.454647202098315,40.316014185672,40.450180835563394,40.09261207933869,0.04105279790168481,0.17968581432799624,0.04551916443660531,0.4030879206613065
Pantheon,20039,0.24553,40.3582,0.219468,20.761445520248405,3846.501224729368,40.45766003586142,40.31895244574749,40.45310211459663,40.0953611550825,-0.09946003586142638,0.03924755425250481,-0.09490211459663556,0.2628388449174963
Pantheon,10,0.24585,40.4318,0.167359,35.70276534870369,3979.1093581179393,40.46086999535437,40.32208297605194,40.456214536528094,40.09828992502907,-0.029069995354369382,0.1097170239480647,-0.024414536528091446,0.3335100749709312
Pantheon,13835,0.24617,40.3473,0.149416,44.79255013402232,3827.241569285579,40.464076114159916,40.32520978541349,40.45932324240631,40.10121501145404,-0.11677611415991862,0.022090214586505397,-0.11202324240631611,0.2460849885459595
Pantheon,15219,0.2465,40.378,0.17135,34.058991365109065,3881.7349248917453,40.467378411794996,40.32843042051594,40.46252521341073,40.10422765895987,-0.08937841179499628,0.04956957948405716,-0.08452521341072838,0.2737723410401287
Pantheon,12977,0.24656,40.2829,0.214739,21.685934779724505,3715.4025518941035,40.46797839264518,40.3290155672987,40.46310696727941,40.10477499408939,-0.1850783926451811,-0.046115567298699034,-0.18020696727941043,0.17812500591060854
Pantheon,05D3mq,0.2466,40.3907,0.15515,41.54286460276868,3904.504026719376,40.468378305278556,40.32940559288913,40.46349473102253,40.1051398126414,-0.07767830527855324,0.06129440711087142,-0.0727947310225261,0.28556018735860533
Pantheon,1334645,0.24711,40.1983,0.137434,52.943375425726074,3573.4349034510988,40.47347196835279,40.33437335986156,40.46843366613114,40.10978624108343,-0.2751719683527867,-0.13607335986155533,-0.2701336661311373,0.08851375891657653
Pantheon,3451,0.24846,40.203,0.17717,31.858082285087473,3581.177729493867,40.486908669373875,40.347478269946464,40.48146231641064,40.12204100732384,-0.28390866937387216,-0.14447826994646107,-0.27846231641063923,0.08095899267616602
Pantheon,420087,0.2486,40.4912,0.215929,21.447567980279082,4089.459156725654,40.48829826008093,40.34883357411115,40.48280971711756,40.123308186459674,0.002901739919067836,0.14236642588885218,0.008390282882437816,0.3678918135403251
Pantheon,450082,0.24861,40.4276,0.195634,26.128310624164204,3971.4205164552923,40.48839748901929,40.34893035488287,40.482905933392274,40.12339867285986,-0.060797489019293494,0.07866964511713093,-0.055305933392276074,0.3042013271401416
Pantheon,560152,0.24862,40.3657,0.261564,14.616522502396798,3859.8095387139106,40.48849671428708,40.34902713210028,40.483002146117435,40.123489155742185,-0.12279671428708383,0.01667286789971456,-0.11730214611743861,0.24221084425781214
Pantheon,15161,0.24865,40.3256,0.178325,31.446733096186964,3789.185572618984,40.488794368069854,40.349317442429516,40.48329076299848,40.12376058328486,-0.16319436806985266,-0.02371744242951479,-0.1576907629984774,0.2018394167151385
Pantheon,19990,0.24896,40.427,0.180619,30.653010435690717,3970.3233240035083,40.49186819143685,40.35231544469899,40.48627126881051,40.12656348263293,-0.06486819143685096,0.07468455530101181,-0.05927126881051237,0.3004365173670678
Pantheon,120585,0.24909,40.3167,0.167358,35.703192013362866,3773.6869940224615,40.493156166718094,40.35357165726842,40.48752014551625,40.1277378882699,-0.17645616671809705,-0.03687165726842068,-0.17082014551625235,0.18896211173009902
Pantheon,3199,0.24972,40.6733,0.220606,20.547801411965175,4447.19195155875,40.4993891497345,40.35965099126534,40.4935639401715,40.133420860493146,0.17391085026550002,0.3136490087346573,0.1797360598284996,0.5398791395068514
Pantheon,16106,0.24983,40.2961,0.206796,23.383834675247236,3738.056617781975,40.500475965251574,40.36071102640427,40.49461777196292,40.13441170442992,-0.20437596525157176,-0.06461102640426475,-0.1985177719629192,0.16168829557008024
Pantheon,15868,0.24986,40.3915,0.163714,37.310267315799194,3905.942764171126,40.50077229311165,40.36100005296039,40.49490510679678,40.13468186142276,-0.10927229311165121,0.030499947039608344,-0.10340510679677806,0.2568181385772377
Pantheon,520077,0.25019,40.5965,0.224495,19.842055246114377,4292.653906313269,40.50402974195566,40.36417725632956,40.49806370404265,40.13765152121927,0.09247025804433662,0.23232274367043715,0.09843629595734882,0.4588484787807303
Pantheon,390449,0.25022,40.3764,0.218218,20.999978873937255,3878.8758103664472,40.50432567771878,40.3644659033086,40.4983506598124,40.13792130256631,-0.12792567771878538,0.01193409669139811,-0.1219506598124056,0.23847869743368477
Pantheon,13689,0.25043,40.4145,0.179616,30.996307374690648,3947.5339617408736,40.506396314968605,40.36648554826738,40.500358467502814,40.139808897272005,-0.09189631496860784,0.048014451732619534,-0.0858584675028169,0.27469110272799213
Pantheon,5717,0.25051,40.5692,0.188725,28.076381304000858,4239.02399650277,40.5071847091928,40.36725453029403,40.501122940644635,40.1405275786614,0.062015290807202916,0.2019454697059686,0.06807705935536745,0.4286724213386037
Pantheon,500004,0.25063,40.3009,0.188277,28.21015424056733,3746.3286627227244,40.508366866539234,40.36840758324067,40.50226923083365,40.14160518501821,-0.20746686653923518,-0.06750758324066908,-0.20136923083364877,0.15929481498179143
Pantheon,16213,0.2509,40.3873,0.202604,24.361496851301283,3898.3953024770267,40.511024818736715,40.37100011148974,40.50484654537683,40.144027977593424,-0.12372481873671148,0.016299888510260985,-0.1175465453768254,0.24327202240657897
Pantheon,17552,0.25199,40.4698,0.207347,23.259720283410722,4049.3552122563565,40.5217283978795,40.38144042891031,40.515225479658454,40.15378333532421,-0.05192839787950021,0.08835957108968984,-0.045425479658455004,0.3160166646757858
Pantheon,310161,0.2526,40.4622,0.166497,36.07340807510236,4035.207527525727,40.52769990975239,40.38726520964195,40.521015932930354,40.159224978409405,-0.06549990975238984,0.07493479035804995,-0.05881593293035081,0.30297502159059775
Pantheon,9032,0.2526,40.4066,0.259149,14.890213517429189,3933.198592284763,40.52769990975239,40.38726520964195,40.521015932930354,40.159224978409405,-0.12109990975239526,0.01933479035804453,-0.11441593293035623,0.24737502159059233
Pantheon,34,0.2533,40.3688,0.15705,40.54376897511737,3865.32374856949,40.534536148413395,40.39393359694252,40.52764494977074,40.165453866048054,-0.16573614841339435,-0.025133596942517045,-0.1588449497707387,0.20334613395194623
Pantheon,17464,0.25358,40.0303,0.262822,14.476933129116563,3307.39354953536,40.53726578128051,40.39659624727865,40.53029185841391,40.16794076631446,-0.5069657812805133,-0.3662962472786546,-0.4999918584139138,-0.13764076631446187
Pantheon,5736,0.25407,40.4546,0.167762,35.5314401062757,4021.109272141915,40.542035977657605,40.401249441272995,40.53491751336533,40.172286466123424,-0.08743597765760569,0.05335055872700423,-0.08031751336532977,0.2823135338765752
Pantheon,1336480,0.25616,40.6458,0.194176,26.52216051525906,4391.226868136736,40.562287813513706,40.42100532192707,40.55455605889488,40.19073176713654,0.08351218648629555,0.22479467807293219,0.09124394110511957,0.45506823286346076
Pantheon,1112,0.2562,40.5593,0.271675,13.548794276284761,4219.741772217533,40.562673924959,40.42138199023301,40.55493048356209,40.191083368006076,-0.0033739249589999076,0.13791800976699164,0.004369516437911614,0.3682166319939242
Pantheon,17340,0.25637,40.3729,0.207312,23.267574714706477,3872.6288370515904,40.564314280586885,40.4229822329449,40.55652119165056,40.192577080572974,-0.19141428058688348,-0.05008223294489511,-0.183621191650559,0.18032291942702727
Pantheon,9457,0.25683,40.5023,0.251739,15.779709170028562,4110.416923885004,40.56874788153591,40.4273074587982,40.56082062476152,40.196614100813534,-0.06644788153591463,0.07499254120180154,-0.05852062476152042,0.3056858991864644
Pantheon,19207,0.25731,40.5776,0.249962,16.004865109216798,4255.453752598544,40.57336647165599,40.431813219703166,40.56529948212459,40.20081920702353,0.004233528344009585,0.1457867802968309,0.012300517875409867,0.3767807929764686
Pantheon,18325,0.25736,40.4941,0.193606,26.67855944485599,4094.9242753063086,40.573847119217305,40.432282129354434,40.5657655899473,40.20125680326828,-0.07974711921730204,0.06181787064556943,-0.071665589947294,0.29284319673172376
Pantheon,8046,0.25772,40.6088,0.22531,19.698767976605648,4317.038035550659,40.57730524982673,40.435655831248596,40.56911912214845,40.204405075312266,0.03149475017327319,0.17314416875140637,0.039680877851552054,0.4043949246877361
Pantheon,6108,0.25813,40.528,0.231214,18.705604423829474,4159.353909836554,40.58123827212252,40.43949287868976,40.572933205975474,40.207985440245984,-0.053238272122520414,0.08850712131023641,-0.04493320597547523,0.32001455975401427
Pantheon,550041,0.25859,40.4663,0.209281,22.831812872892094,4042.8336799387234,40.58564410154275,40.44379125707881,40.57720582971726,40.21199590566745,-0.11934410154275099,0.02250874292118965,-0.11090582971726093,0.2543040943325465
Pantheon,1297026,0.25865,40.51,0.149785,44.57212630222021,4125.018257102451,40.58621824372409,40.444351401677665,40.577762615747446,40.212518502034726,-0.07621824372409236,0.06564859832233338,-0.0677626157474478,0.297481497965272
Pantheon,1303883,0.25904,40.5418,0.163699,37.317105227463045,4185.871336513267,40.589947186539774,40.44798946009699,40.58137884759276,40.215912528629595,-0.048147186539772235,0.09381053990301069,-0.03957884759275743,0.3258874713704074
Pantheon,1289664,0.25919,40.2879,0.178603,31.34891404408213,3723.9674393314626,40.59138002135123,40.449387385455175,40.58276838001692,40.21721661021294,-0.303480021351227,-0.1614873854551746,-0.29486838001692206,0.07068338978706379
Pantheon,1335694,0.25923,40.4255,0.162943,37.66418583801807,3967.581668856602,40.59176198190474,40.44976004114332,40.58313879776776,40.217564242265894,-0.1662619819047393,-0.024260041143321587,-0.1576387977677598,0.20793575773410566
Pantheon,12972,0.25948,40.5238,0.233841,18.28768282422761,4151.316781234806,40.594148008691974,40.45208795374067,40.58545272495875,40.219735770224176,-0.07034800869197255,0.07171204625932859,-0.06165272495874774,0.30406422977582537
Pantheon,1330426,0.25952,40.442,0.169977,34.61144093974729,3997.8442905200964,40.59452957687094,40.452460230242735,40.58582276406804,40.220083027276715,-0.15252957687093982,-0.010460230242735236,-0.14382276406804095,0.22191697272328526
Pantheon,20176,0.26062,40.5033,0.171288,34.08365204929098,4112.310276759147,40.60500157476187,40.46267741910891,40.59597845404732,40.229612407414045,-0.10170157476186859,0.04062258089109605,-0.09267845404731645,0.2736875925859579
Pantheon,370498,0.26094,40.6128,0.185932,28.926222221136964,4324.997642309918,40.60804034612576,40.46564232198308,40.598925476988235,40.232377302380506,0.004759653874238268,0.14715767801691726,0.01387452301176495,0.380422697619494
Pantheon,15440,0.26141,40.447,0.207526,23.219612592449867,4007.0602734081203,40.61249733755626,40.469991029424335,40.60324793197459,40.236432315093566,-0.1654973375562605,-0.02299102942433251,-0.15624793197459041,0.21056768490643663
Pantheon,1337649,0.26162,40.4182,0.225542,19.658263204236146,3954.2659497852355,40.61448637909817,40.471931769603565,40.605176945677,40.23824185568479,-0.1962863790981686,-0.05373176960356574,-0.18697694567700296,0.17995814431520785
Pantheon,2017,0.26172,40.6874,0.258941,14.914144902138622,4476.162814734479,40.61543302602607,40.472855433423526,40.60609502618597,40.23910304909173,0.07196697397392882,0.21454456657647114,0.0813049738140279,0.44829695090826505
Pantheon,19702,0.26173,40.681,0.233293,18.373698439808948,4462.989602446511,40.61552767243382,40.47294778214277,40.606186816599845,40.2391891509677,0.0654723275661766,0.2080522178572295,0.07481318340015264,0.4418108490323007
Pantheon,1253,0.26175,40.392,0.226027,19.573989833946037,3906.8422442819196,40.61571695527885,40.47313246995017,40.60637038781058,40.239361345196556,-0.22371695527884583,-0.08113246995016965,-0.21437038781057538,0.15263865480344663
Pantheon,13655,0.26184,40.6935,0.249126,16.112461403371302,4488.754722597541,40.61656856361717,40.47396340621874,40.60719629962579,40.24013606214376,0.07693143638282862,0.21953659378125678,0.08630370037420931,0.4533639378562384
Pantheon,18945,0.262,40.7216,0.216893,21.257340461701663,4547.219043513156,40.6180818699345,40.47543998481016,40.60866394679157,40.24151270247471,0.10351813006550259,0.24616001518984376,0.11293605320842914,0.48008729752529433
Pantheon,13956,0.26303,41.2641,0.514634,3.7757484243825723,5837.755142102597,40.627803494573016,40.48492586724049,40.61809236183249,40.25035545288326,0.6362965054269836,0.7791741327595076,0.6460076381675108,1.0137445471167368
Pantheon,520019,0.26323,40.6388,0.170092,34.56465484571583,4377.094016903123,40.62968713132263,40.486763867661466,40.61991920928645,40.25206861754155,0.009112868677370045,0.1520361323385373,0.018880790713552642,0.38673138245844996
Pantheon,04D3ez,0.2636,40.3997,0.177345,31.795239648674013,3920.7204241583404,40.63316839445342,40.49016082249703,40.62329553605878,40.255234664126235,-0.23346839445341772,-0.09046082249702891,-0.2235955360587738,0.1444653358737682
Pantheon,350235,0.26393,40.5588,0.167704,35.55602127179876,4218.770252622046,40.636269518059834,40.49318688238306,40.62630320333561,40.25805482032704,-0.0774695180598357,0.065613117616941,-0.06750320333561177,0.30074517967295833
Pantheon,330022,0.26397,40.3035,0.205843,23.60085814333564,3750.8169943022713,40.63664516965312,40.493553443678834,40.62666753556964,40.25839642625936,-0.3331451696531218,-0.1900534436788348,-0.3231675355696382,0.04510357374064
Pantheon,12983,0.26408,40.6342,0.381046,6.887239505841393,4367.831490215399,40.63767794185529,40.49456122685246,40.62766918920849,40.25933558514747,-0.00347794185528727,0.1396387731475386,0.006530810791510078,0.3748644148525315
Pantheon,2943,0.26419,40.5074,0.238455,17.58681249980465,4120.082145919825,40.63871031877797,40.495568628368886,40.628670461754794,40.26027436672519,-0.13131031877797028,0.011831371631110699,-0.12127046175479705,0.24712563327480552
Pantheon,110478,0.2646,40.5153,0.197965,25.516621495665454,4135.098651790435,40.64255479207794,40.499320131477134,40.63239912549301,40.26377014289494,-0.12725479207793455,0.015979868522869367,-0.11709912549300583,0.25152985710506215
Pantheon,13099,0.26463,40.6719,0.256474,15.202440407088984,4444.325665029517,40.64283588001306,40.499594424139566,40.63267174728986,40.26402572620029,0.02906411998694125,0.1723055758604346,0.039228252710138634,0.4078742737997132
Pantheon,2422,0.26582,40.6087,0.219728,20.712341335312992,4316.83923317975,40.65396214917987,40.510451963123444,40.643463042440075,40.274141387897764,-0.04526214917986948,0.09824803687655503,-0.03476304244007622,0.33455861210223503
Pantheon,6315,0.26583,40.3244,0.206109,23.53997989688683,3787.0921697694525,40.65405545314578,40.510543015588475,40.64355353851376,40.27422620825263,-0.32965545314578293,-0.18614301558847757,-0.3191535385137598,0.05017379174736902
Pantheon,1334087,0.2664,40.2901,0.264978,14.242307702592173,3727.7422420471034,40.65936845475432,40.515727866994986,40.648706683308056,40.27905588865414,-0.36926845475431946,-0.2256278669949836,-0.3586066833080537,0.011044111345860586
Pantheon,18463,0.267,40.5463,0.204902,23.818126914697007,4194.554823362539,40.66494981416221,40.52117472470138,40.65412018196475,40.28412900796397,-0.11864981416221099,0.02512527529862041,-0.10782018196474752,0.2621709920360331
Pantheon,1309288,0.26791,40.5103,0.202065,24.491636754770475,4125.5881888038675,40.67339291861248,40.52941460354154,40.6623094981859,40.29180229635596,-0.16309291861247743,-0.0191146035415386,-0.15200949818589748,0.2184977036440401
Pantheon,520023,0.26818,40.4623,0.232043,18.57218737695973,4035.3933599786383,40.67589294622334,40.53185451144092,40.66473441138959,40.294074152035456,-0.21359294622334346,-0.06955451144091995,-0.20243441138958929,0.16822584796454265
Pantheon,530037,0.26859,40.579,0.191142,27.370816193121964,4258.198229643262,40.679684865281445,40.53555529319353,40.668412429890445,40.29751979326457,-0.10068486528144405,0.0434447068064685,-0.0894124298904444,0.2814802067354307
Pantheon,06D3fp,0.2686,40.4553,0.240404,17.302809290400766,4022.405733573012,40.679777284649205,40.53564549204295,40.66850207363606,40.29760376992572,-0.22447728464920402,-0.0803454920429516,-0.21320207363606158,0.15769623007427924
Pantheon,14298,0.26887,40.6039,0.217156,21.2058816479978,4307.307477865763,40.682271413218615,40.53807970876687,40.67092130431107,40.2998700010873,-0.07837141321861196,0.06582029123313049,-0.06702130431106923,0.30402999891270355
Pantheon,510638,0.2702,40.6363,0.197002,25.766695759763827,4372.05760093652,40.69452381560628,40.55003817495388,40.682805999663294,40.31100136323735,-0.05822381560628287,0.08626182504611535,-0.04650599966329594,0.32529863676264625
Pantheon,19002,0.27021,40.5089,0.164866,36.79067853779678,4122.929181057044,40.69461572885263,40.55012788560793,40.68289515595984,40.31108485745823,-0.1857157288526352,-0.041227885607931114,-0.17399515595984383,0.19781514254176358
Pantheon,310051,0.27057,40.5139,0.20931,22.82548659412266,4132.433514397708,40.69792252589563,40.553355463338846,40.68610277990453,40.31408866738123,-0.18402252589562806,-0.03945546333884664,-0.1722027799045307,0.19981133261877204
Pantheon,160039,0.27094,40.4887,0.166124,36.23558195687659,4084.753702076498,40.70131696838748,40.556668635982774,40.68939545074135,40.31717190466687,-0.21261696838747923,-0.0679686359827727,-0.20069545074134965,0.17152809533313018
Pantheon,380378,0.27141,40.5677,0.123404,65.66614568127298,4236.096793600274,40.70562269153787,40.56087134353219,40.69357212458706,40.32108260262557,-0.13792269153786663,0.00682865646781039,-0.12587212458705466,0.246617397374429
Pantheon,1292332,0.27276,40.5415,0.173203,33.334134231464894,4185.293076962499,40.71795220312244,40.572906320539474,40.70553238071705,40.332279266877165,-0.17645220312243737,-0.031406320539474564,-0.16403238071705317,0.20922073312283374
Pantheon,15356,0.27351,40.4721,0.208686,22.96219339821621,4053.6465175832327,40.72477772565592,40.57956908382613,40.712153668765104,40.33847658152592,-0.2526777256559214,-0.10746908382613185,-0.24005366876510692,0.13362341847408032
Pantheon,420258,0.27456,40.7399,0.293068,11.642954463226456,4585.702487770163,40.73430462413603,40.58886916236975,40.72139572554921,40.34712536845192,0.0055953758639688544,0.15103083763025182,0.01850427445079106,0.3927746315480789
Pantheon,100213,0.27509,40.7769,0.239421,17.44518258338751,4664.50835219692,40.739100734055846,40.59355124360551,40.7260485388989,40.35147885146415,0.03779926594415173,0.1833487563944871,0.05085146110109662,0.4254211485358468
Pantheon,150254,0.27516,40.5286,0.241865,17.094403332563505,4160.503340586074,40.73973354774169,40.59416902001326,40.72666245070351,40.35205323557452,-0.2111335477416958,-0.06556902001326392,-0.19806245070351025,0.17654676442547412
Pantheon,20227,0.27585,40.6631,0.213576,21.92275361952765,4426.351259791584,40.745963380585664,40.60025091659748,40.73270626540613,40.35770750129052,-0.082863380585664,0.0628490834025186,-0.06960626540612935,0.30539249870948026
Pantheon,19051,0.27631,40.6749,0.180061,30.843289092705106,4450.469971203387,40.75010865370393,40.60429785616475,40.73672782921563,40.36146944760022,-0.07520865370393182,0.0706021438352522,-0.06182782921563046,0.31343055239977957
Pantheon,4000,0.27668,40.8504,0.272235,13.493110612865182,4825.095073128292,40.7534382969017,40.607548573521626,40.73995814269359,40.36449098578693,0.09696170309830165,0.24285142647837432,0.11044185730641232,0.4859090142130711
Pantheon,4046,0.27776,40.6186,0.24474,16.695140897272598,4336.565146941938,40.76313391118876,40.617014667966004,40.74936471582537,40.373288402752344,-0.14453391118875913,0.0015853320339971333,-0.13076471582537152,0.24531159724765672
Pantheon,1297465,0.27782,40.9187,0.17803,31.551035429418064,4979.272277001092,40.76367154035078,40.617539583474866,40.74988632616414,40.373776181646456,0.1550284596492233,0.3011604165251356,0.16881367383586365,0.5449238183535456
Pantheon,5957,0.27935,40.7037,0.164335,37.02881907350471,4509.889230028496,40.77734516832322,40.63089034274192,40.763152859351635,40.38618038843813,-0.07364516832322465,0.07280965725807675,-0.059452859351637244,0.31751961156187036
Pantheon,6196,0.2799,40.5056,0.19932,25.170870947172627,4116.668298733368,40.78224371802672,40.63567345279204,40.76790571825028,40.39062343716827,-0.27664371802671894,-0.13007345279203975,-0.2623057182502819,0.1149765628317283
Pantheon,40201,0.27995,40.5664,0.153331,42.534375800075466,4233.561519509309,40.782688602142095,40.63610785873979,40.76833737477974,40.3910269337611,-0.2162886021420931,-0.06970785873978969,-0.20193737477973883,0.17537306623890458
Pantheon,520188,0.2806,40.6663,0.153096,42.66505524097961,4432.878980686131,40.78846546278082,40.64174875090412,40.773942534911,40.39626608482311,-0.12216546278082063,0.024551249095878802,-0.10764253491100106,0.2700339151768887
Pantheon,18485,0.28132,40.6224,0.174763,32.741684364092485,4344.160626713443,40.79485011398758,40.647983327351845,40.78013755380387,40.40205583020776,-0.1724501139875798,-0.025583327351846208,-0.15773755380386945,0.22034416979224147
Pantheon,1317286,0.28207,40.5986,0.166629,36.01627751787069,4296.807278698667,40.801484849725256,40.65446233395335,40.78657537979352,40.40807166599094,-0.20288484972525822,-0.05586233395334972,-0.18797537979352086,0.1905283340090591
Pantheon,06D3dt,0.28266,40.744,0.297355,11.309658956750672,4594.369022478457,40.806692796232575,40.659548202281535,40.79162887074411,40.412793312928734,-0.06269279623257518,0.08445179771846512,-0.04762887074411282,0.33120668707126555
Pantheon,15584,0.28344,40.6596,0.184378,29.415876972808633,4419.222571080218,40.81356257173118,40.66625716493931,40.79829505376921,40.419020951198,-0.153962571731185,-0.006657164939312565,-0.13869505376921154,0.24057904880199743
Pantheon,310238,0.28405,40.5735,0.154134,42.09234310193053,4247.426526777999,40.81892299769538,40.6714922855266,40.80349673780131,40.42387980101517,-0.24542299769537834,-0.097992285526594,-0.22999673780130792,0.14962019898483447
Pantheon,14261,0.28446,40.5431,0.186562,28.73119053669478,4188.378051273095,40.82251996775595,40.67500525980505,40.806987247847175,40.427139945726125,-0.279419967755949,-0.13190525980504475,-0.26388724784717255,0.11596005427387723
Pantheon,16072,0.28446,40.6919,0.20709,23.317487025643064,4485.448504095711,40.82251996775595,40.67500525980505,40.806987247847175,40.427139945726125,-0.13061996775595475,0.01689474019494952,-0.11508724784717828,0.2647600542738715
Pantheon,17791,0.28478,41.1135,0.351325,8.101806941444885,5446.604932871875,40.82532405148864,40.67774391190159,40.80970837219758,40.4296813085998,0.2881759485113591,0.43575608809841526,0.3037916278024184,0.6838186914002051
Pantheon,440050,0.28557,40.7046,0.185989,28.908494914535282,4511.758810107967,40.83223425958297,40.68449305831015,40.81641426691617,40.43594355171768,-0.12763425958296892,0.02010694168984628,-0.11181426691616991,0.2686564482823215
Pantheon,350080,0.28588,40.671,0.173206,33.33297951931113,4442.484027858796,40.83494106382031,40.687136844751464,40.819041088922205,40.43839633488794,-0.16394106382031026,-0.016136844751464707,-0.1480410889222057,0.23260366511205888
Pantheon,20040,0.28665,40.6389,0.217509,21.13710654545158,4377.295594173247,40.841652768161396,40.693692468247136,40.82555459382739,40.44447767725302,-0.2027527681613961,-0.05479246824713613,-0.18665459382739158,0.19442232274698057
Pantheon,20245,0.28734,40.5691,0.250397,15.949304787929883,4238.8287867284025,40.847653097770106,40.69955347431143,40.831377880110345,40.449913855338565,-0.27855309777010717,-0.13045347431143028,-0.2622778801103465,0.11918614466143396
Pantheon,17809,0.28758,40.5379,0.238886,17.52340921693989,4178.360190149527,40.84973706674754,40.70158910267298,40.83340039360741,40.451801756684375,-0.3118370667475361,-0.16368910267298276,-0.2955003936074121,0.08609824331562521
Pantheon,19128,0.28775,40.8753,0.227224,19.368304238547672,4880.742269163897,40.851212245072446,40.703030077094084,40.83483207991207,40.45313810338483,0.02408775492755666,0.1722699229059188,0.04046792008793432,0.42216189661517234
Pantheon,1334644,0.28814,40.7075,0.188011,28.29003477232592,4517.788286368656,40.85459345504174,40.706332936302246,40.83811363603513,40.45620097266404,-0.147093455041734,0.001167063697756987,-0.13061363603512888,0.25129902733596055
Pantheon,1313594,0.28844,40.749,0.137848,52.62584244248495,4604.960136893,40.85719152637652,40.70887084866486,40.84063516609609,40.45855431374782,-0.10819152637651541,0.04012915133514383,-0.0916351660960899,0.29044568625218403
Pantheon,91869,0.28854,40.7458,0.165419,36.545105322016134,4598.179014594124,40.85805699858046,40.709716289285524,40.841475146854904,40.459338237633006,-0.11225699858045601,0.03608371071447891,-0.09567514685490153,0.28646176236699716
Pantheon,2165,0.28894,40.9433,0.226038,19.572084767991516,5036.001781323383,40.861516134415126,40.713095405765,40.84483242841243,40.46247132228265,0.0817838655848746,0.23020459423499773,0.09846757158756958,0.48082867771734783
Pantheon,2789,0.28901,40.7428,0.228497,19.153096423211377,4591.830781735406,40.86212103089272,40.71368631644638,40.84541951872671,40.46301918316872,-0.11932103089272061,0.02911368355362498,-0.10261951872670494,0.2797808168312841
Pantheon,1334597,0.28905,40.6763,0.168052,35.40891580489472,4453.3402203904825,40.862466625602,40.71402392162386,40.8457549409368,40.46333218923537,-0.1861666256020058,-0.03772392162386495,-0.16945494093680225,0.21296781076462423
Pantheon,1310395,0.28907,40.702,0.277224,13.011829050041984,4506.359914460037,40.862639406483,40.71419270838028,40.845922636236665,40.46348867664698,-0.1606394064829999,-0.01219270838028308,-0.1439226362366668,0.23851132335301628
Pantheon,350180,0.28949,40.9765,0.256114,15.245208275705519,5113.589659123179,40.866265270735724,40.71773479474912,40.849441806196296,40.4667725092012,0.11023472926427758,0.25876520525088154,0.12705819380370542,0.5097274907988023
Pantheon,1289288,0.28995,40.7393,0.271437,13.572564261453323,4584.435586384415,40.87023091521928,40.7216088986383,40.8532908203107,40.470363834684335,-0.13093091521928102,0.017691101361698713,-0.11399082031069696,0.2689361653156652
Pantheon,570056,0.29008,40.7298,0.234493,18.186127616547385,4564.422894406405,40.871350593443054,40.72270274761806,40.85437758043483,40.471377781478104,-0.14155059344305698,0.007097252381939256,-0.12457758043483125,0.2584222185218934
Pantheon,19596,0.29045,40.7861,0.23085,18.764640230947688,4684.312662004829,40.87453484897095,40.72581358778656,40.85746824880772,40.47426124016559,-0.08843484897095522,0.060286412213436336,-0.07136824880772252,0.31183875983440856
Pantheon,19027,0.29123,40.484,0.219145,20.822691625649245,4075.9220998127357,40.88123541505516,40.73235986421726,40.86397202115988,40.48032832904636,-0.3972354150551567,-0.24835986421725664,-0.3799720211598796,0.0036716709536435133
Pantheon,1291090,0.29193,40.7606,0.177707,31.665833901097752,4629.625644927498,40.887234723145696,40.73822125843881,40.86979529406254,40.48575986460812,-0.126634723145699,0.0223787415611838,-0.10919529406254469,0.27484013539187657
Pantheon,1263715,0.29196,40.7653,0.172199,33.72397431419823,4639.656997668039,40.88749154095288,40.73847217729134,40.870044579637906,40.48599236478053,-0.12219154095287621,0.02682782270866113,-0.10474457963790229,0.27930763521947455
Pantheon,12841,0.29215,40.7505,0.483728,4.273636172088945,4608.142229591863,40.889117491051536,40.74006078954629,40.871622848746,40.48746433271022,-0.13861749105153365,0.010439210453711212,-0.12112284874599766,0.26303566728978467
Pantheon,390264,0.29221,40.4229,0.292471,11.690534824651158,3962.833950659257,40.88963074718252,40.74056226274508,40.87212105602583,40.48792897348389,-0.46673074718252394,-0.31766226274508114,-0.4492210560258343,-0.0650289734838907
Pantheon,21006,0.29251,40.6378,0.228825,19.098227303735307,4375.078754683213,40.892195576662616,40.74306823489616,40.87461070101479,40.4902508024059,-0.2543955766626169,-0.10526823489615822,-0.23681070101478952,0.14754919759409546
Pantheon,420414,0.29256,40.6952,0.224836,19.781913544003967,4492.27025003569,40.892622813309416,40.7434856712754,40.875025416594454,40.490637551308524,-0.1974228133094158,-0.0482856712754014,-0.17982541659445417,0.2045624486914761
Pantheon,150509,0.29293,40.7458,0.174302,32.91510609132284,4598.179014594124,40.89578228157074,40.74657269998668,40.87809231488756,40.493497519873316,-0.14998228157073612,-0.000772699986676173,-0.13229231488755744,0.2523024801266871
Pantheon,130755,0.29298,40.8268,0.203556,24.134159784736674,4772.938902217633,40.89620895555377,40.74698959597688,40.878506491023685,40.49388373573245,-0.06940895555376869,0.0798104040231209,-0.05170649102368685,0.3329162642675456
Pantheon,6249,0.29365,40.857,0.204834,23.833943639165515,4839.782836329077,40.90191994299815,40.752569813924175,40.88405027378011,40.49905292425801,-0.044919942998149054,0.10443018607582388,-0.027050273780112377,0.3579470757419898
Pantheon,1303004,0.29504,40.762,0.173778,33.11390592980491,4632.611437288743,40.913730036769316,40.76411012478588,40.89551505958486,40.50974100270108,-0.1517300367693153,-0.0021101247858794636,-0.13351505958485888,0.25225899729892376
Pantheon,19794,0.2958,41.0209,0.307913,10.54736437973138,5219.22326254114,40.92016575987016,40.77039920353603,40.90176288074856,40.515564397873625,0.10073424012983878,0.2505007964639674,0.11913711925144099,0.5053356021263724
Pantheon,580270,0.29587,40.9989,0.165779,36.38655745892085,5166.612318150078,40.92075775969887,40.77097772728148,40.902337605756514,40.51610003984547,0.07814224030112626,0.22792227271851573,0.09656239424348456,0.4827999601545301
Pantheon,1119,0.29647,40.9938,0.366054,7.4629354663095935,5154.4920609672945,40.92582677309188,40.775931443134525,40.90725877001521,40.52068626773223,0.0679732269081228,0.21786855686547568,0.08654122998478897,0.47311373226776965
Pantheon,13610,0.29692,40.6595,0.202621,24.357409140027816,4419.019063045911,40.92962235287008,40.779640798444575,40.91094372221796,40.524120089424855,-0.27012235287008224,-0.1201407984445737,-0.25144372221795663,0.1353799105751463
Pantheon,1293319,0.29695,40.7505,0.210501,22.567927260172436,4608.142229591863,40.92987520360914,40.77988790845912,40.91118920568124,40.524348833040676,-0.1793752036091405,-0.029387908459121093,-0.160689205681237,0.22615116695932613
Pantheon,420196,0.29853,41.2705,0.232731,18.46254338254663,5854.986190037365,40.94315896054037,40.792870656517934,40.9240863456378,40.536364727058796,0.32734103945962545,0.47762934348206443,0.34641365436220184,0.7341352729412023
Pantheon,570025,0.29855,40.6539,0.272883,13.429104029204588,4407.637557698518,40.9433266950755,40.79303459760097,40.924249203789664,40.53651643505255,-0.28942669507549823,-0.1391345976009717,-0.27034920378966376,0.11738356494745261
Pantheon,6137,0.29893,40.9195,0.25505,15.372671410186264,4981.107046656433,40.94651169171833,40.7961475982825,40.92734163217564,40.53939703347637,-0.027011691718328734,0.12335240171749717,-0.007841632175640711,0.38010296652362996
Pantheon,10550,0.29933,41.0113,0.341681,8.565610875015873,5196.200197196003,40.94986030445593,40.799420589154686,40.930592974969855,40.54242544464881,0.06143969554406681,0.21187941084531303,0.0807070250301436,0.46887455535118505
Pantheon,120444,0.29945,41.0213,0.195981,26.03586801712941,5220.184767550807,40.95086408675889,40.80040171754909,40.93156761033434,40.54333320998144,0.07043591324110565,0.2208982824509036,0.08973238966565589,0.4779667900185558
Pantheon,14735,0.29947,40.7335,0.186464,28.761399012173232,4572.206903525102,40.95103134788527,40.800565204488606,40.93173001516472,40.543484470230695,-0.21753134788527007,-0.06706520448860687,-0.19823001516471805,0.1900155297693047
Pantheon,170428,0.3002,40.9837,0.198158,25.466940839935102,5130.573044121641,40.957129367568776,40.806525752554265,40.93765107846612,40.54899883924235,0.026570632431223373,0.17717424744573407,0.04604892153388107,0.43470116075764764
Pantheon,5391,0.3003,40.8795,0.247188,16.366101214648854,4890.191597017303,40.9579636517345,40.807341248353815,40.93846116724562,40.54975322904294,-0.0784636517345021,0.07215875164618524,-0.05896116724562006,0.3297467709570583
Pantheon,350078,0.30089,41.1729,0.294726,11.512326554569185,5597.651738411915,40.96288074002175,40.81214769775607,40.94323572430693,40.554199223745016,0.210019259978246,0.36075230224393096,0.22966427569306802,0.6187007762549825
Pantheon,350192,0.30142,40.8585,0.191702,27.21113846949328,4843.12719484028,40.96729023987052,40.81645811968504,40.94751751041298,40.558185950425084,-0.1087902398705225,0.04204188031496159,-0.08901751041297956,0.30031404957491503
Pantheon,570022,0.30152,41.1086,0.206046,23.554377123284414,5434.3283434488185,40.96812142221926,40.817270640912454,40.94832463005827,40.558937408009115,0.14047857778074047,0.2913293590875483,0.1602753699417292,0.549662591990888
Pantheon,460037,0.30251,40.8894,0.22475,19.797055435467165,4912.537459930597,40.97633649279929,40.82530152802138,40.956302065525065,40.56636395220244,-0.08693649279928906,0.06409847197862462,-0.06690206552506339,0.3230360477975651
Pantheon,1339002,0.30304,40.8204,0.274703,13.25174881647153,4758.892286846658,40.980724315735735,40.829591166499824,40.96056310639874,40.57033019321441,-0.16032431573573547,-0.009191166499824988,-0.14016310639873808,0.2500698067855893
Pantheon,150457,0.30352,40.9204,0.142521,49.23141044247213,4983.171970656371,40.98469211421384,40.83347029489364,40.96441634585065,40.5739165173247,-0.06429211421384196,0.086929705106364,-0.044016345850650396,0.3464834826753034
Pantheon,7143,0.30365,41.0778,0.197526,25.630168520257726,5357.792316045431,40.98576573434592,40.834519941348205,40.965458982478566,40.57488687635247,0.09203426565408535,0.24328005865179847,0.11234101752143744,0.5029131236475308
Pantheon,1287626,0.30404,40.719,0.22209,20.274119024093682,4541.777715167054,40.988984063268816,40.83766645436866,40.9685844705227,40.577795562203036,-0.2699840632688151,-0.11866645436865753,-0.2495844705226986,0.141204437796965
Pantheon,19818,0.30406,40.7052,0.182517,30.018802016379944,4513.005627383723,40.9891490035364,40.83782771601868,40.96874465415087,40.57794462900736,-0.2839490035363994,-0.13262771601868195,-0.2635446541508699,0.12725537099263562
Pantheon,1335717,0.30476,41.0411,0.242802,16.96271949677862,5268.001319306886,40.99491564342987,40.84346586526987,40.97434508382207,40.58315604587167,0.04618435657013009,0.19763413473013003,0.06675491617792773,0.4579439541283321
Pantheon,1259412,0.30486,40.9018,0.140115,50.93669208556592,4940.670316669695,40.99573845568473,40.84427036311937,40.975144194934934,40.58389959579142,-0.0939384556847287,0.05752963688063062,-0.07334419493493272,0.31790040420857935
Pantheon,12883,0.30526,40.5924,0.306711,10.630196585838807,4284.556508414289,40.99902722733145,40.84748598056056,40.978338269864324,40.586871456100354,-0.4066272273314553,-0.2550859805605654,-0.3859382698643259,0.005528543899643523
Pantheon,350630,0.30538,40.9054,0.133839,55.825758675419706,4948.868056100211,41.000013086887506,40.84844992610687,40.97929575404039,40.587762285296016,-0.09461308688750592,0.056950073893126785,-0.07389575404039306,0.3176377147039844
Pantheon,440005,0.30548,41.0041,0.226225,19.539741152896752,5178.999571121845,41.00083436471269,40.849252953623285,40.98009339756917,40.5885043863233,0.0032656352873132732,0.15484704637671598,0.024006602430830526,0.4155956136767003
Pantheon,350027,0.30581,40.9451,0.165493,36.512430427330564,5040.178008132197,41.003542830408264,40.85190126658274,40.9827239465136,40.5909516663945,-0.05844283040826781,0.09319873341725327,-0.03762394651360523,0.3541483336054938
Pantheon,560087,0.30652,40.8959,0.201565,24.613294848198827,4927.264486766465,41.00936104476347,40.8575904424538,40.98837491919056,40.59620844454007,-0.11346104476347563,0.03830955754619936,-0.09247491919056472,0.29969155545992976
Pantheon,340334,0.30681,41.16,0.239095,17.492787147690333,5564.49651884412,41.01173393813961,40.85991077948235,40.99067965851674,40.59835221849845,0.14826606186038305,0.3000892205176484,0.1693203414832567,0.5616477815015486
Pantheon,1281668,0.30691,40.9573,0.150058,44.410093998616354,5068.5749754285,41.012551699521794,40.86071043807759,40.99147393945678,40.599091000009714,-0.05525169952179709,0.09658956192240709,-0.03417393945678526,0.358208999990282
Pantheon,520062,0.30818,41.2018,0.139651,51.27573568650013,5672.648516706457,41.02291603031482,40.870845758788256,41.00154100241548,40.6084534819943,0.17888396968518094,0.33095424121174233,0.2002589975845197,0.5933465180056956
Pantheon,5966,0.30834,40.9533,0.254065,15.492100957471912,5059.2469093875925,41.024218988694635,40.87211998311487,41.00280663239582,40.609630380275746,-0.0709189886946362,0.08118001688512777,-0.04950663239581843,0.3436696197242526
Pantheon,1319821,0.30878,40.9954,0.152417,43.046037684486066,5158.291430641001,41.027798924262754,40.87562103556606,41.0062840562236,40.61286383161158,-0.03239892426275759,0.11977896443393377,-0.010884056223602556,0.38253616838841964
Pantheon,6699,0.30922,41.046,0.250639,15.91852052521559,5279.902162463559,41.03137417661201,40.87911760343201,41.00975700401145,40.61609286508721,0.01462582338798768,0.16688239656799198,0.03624299598855174,0.42990713491278854
Pantheon,5844,0.30938,40.9757,0.270379,13.678991669422413,5111.706090059405,41.03267310973868,40.88038797323192,41.01101878680982,40.61726596619241,-0.05697310973867786,0.09531202676808448,-0.03531878680981748,0.3584340338075904
Pantheon,16211,0.30949,41.0177,0.300429,11.079401366933826,5211.537595304868,41.03356576833492,40.88126100975869,41.01188592042803,40.618072135606944,-0.01586576833491904,0.13643899024130945,0.005814079571969444,0.39962786439305376
Pantheon,21042,0.30962,40.72,0.257177,15.119441471888882,4543.869762774368,41.03462035279857,40.88229242048572,41.01291035567835,40.619024526938034,-0.3146203527985705,-0.1622924204857199,-0.29291035567835166,0.10097547306196475
Pantheon,1300516,0.31052,40.6197,0.336421,8.835554400606911,4338.762471700619,41.04191018583988,40.88942229443697,41.01999195829856,40.625607503119014,-0.4222101858398801,-0.26972229443696705,-0.4002919582985598,-0.005907503119011892
Pantheon,15213,0.31061,40.9962,0.221391,20.402344482933263,5160.192165540385,41.0426381012236,40.8901342594809,41.02069909817223,40.626264793719535,-0.04643810122360037,0.10606574051909945,-0.024499098172228173,0.3699352062804664
Pantheon,500100,0.31088,41.046,0.182638,29.97903951536971,5279.902162463559,41.04482068538462,40.892269042291204,41.02281940761188,40.62823556992073,0.0011793146153777911,0.1537309577087953,0.023180592388122534,0.41776443007926645
Pantheon,420,0.31144,41.0123,0.141744,49.77263478177848,5198.593686897939,41.04934198057282,40.89669143129624,41.02721178800425,40.63231787700595,-0.03704198057281616,0.11560856870376313,-0.014911788004248194,0.37998212299405054
Pantheon,1338128,0.31179,41.0377,0.210925,22.47728666670254,5259.759358958592,41.05216399887641,40.899451795750984,41.029953404082804,40.634865745016526,-0.014463998876408368,0.13824820424901674,0.007746595917197396,0.4028342549834747
Pantheon,1337838,0.31203,40.9503,0.160446,38.84563375517101,5052.2621275057645,41.0540974156044,40.901343007748494,41.03183176316454,40.63661126950156,-0.10379741560440436,0.048956992251504516,-0.08153176316454136,0.31368873049844126
Pantheon,1263369,0.31262,40.9565,0.149709,44.61739200340109,5066.707987332554,41.058844597088,40.90598668540537,41.03644385483281,40.64089688281821,-0.10234459708799903,0.05051331459463171,-0.07994385483281263,0.31560311718178724
Pantheon,1294743,0.31267,41.0352,0.279475,12.803068537042412,5253.707321713429,41.059246522191444,40.90637985529,41.0368343486418,40.64125971376318,-0.024046522191440545,0.12882014471000502,-0.0016343486417937925,0.39394028623681976
Pantheon,20142,0.3127,40.6239,0.2062,23.519207195748482,4347.162503255698,41.0594876489114,40.906615730099986,41.037068617859106,40.64147738562149,-0.435587648911401,-0.2827157300999872,-0.41316861785910675,-0.017577385621493136
Pantheon,1283878,0.31296,41.0195,0.203499,24.1476816179336,5215.859389451456,41.06157652401982,40.908659127016506,41.03909810129497,40.64336303656929,-0.04207652401981932,0.11084087298349488,-0.019598101294967307,0.3761369634307101
Pantheon,1341894,0.31303,41.0061,0.176794,31.993735947974447,5183.77180336229,41.06213864106823,40.90920901168593,41.03964424053452,40.643870455135946,-0.05603864106822698,0.0968909883140725,-0.033544240534517655,0.3622295448640571
Pantheon,19632,0.31387,41.0228,0.214434,21.747668590273264,5223.7919891861175,41.06887505300338,40.9157990235644,41.04618932403099,40.64995100496384,-0.04607505300338488,0.10700097643560014,-0.02338932403099392,0.37284899503615776
Pantheon,530112,0.31453,41.1251,0.155711,41.24406022671633,5475.7785356260565,41.07415633852912,40.9209657830766,41.051320804385455,40.654717642682385,0.05094366147088181,0.20413421692339995,0.0737791956145486,0.470382357317618
Pantheon,15383,0.31506,41.0194,0.227804,19.269804512528886,5215.6191957806095,41.07839000514839,40.925107801581085,41.05543450647892,40.65853845938028,-0.05899000514839514,0.09429219841891268,-0.036034506478920036,0.360861540619716
Pantheon,6649,0.3152,40.8837,0.219964,20.667920518086397,4899.659219177597,41.07950723967542,40.92620087468204,41.05652010182769,40.65954670279426,-0.19580723967542468,-0.042500874682041,-0.17282010182768914,0.2241532972057385
Pantheon,110716,0.31588,41.2033,0.233304,18.371965885560403,5676.56839720305,41.08492733062558,40.931503892296455,41.06178681113779,40.66443778600957,0.11837266937441626,0.271796107703544,0.14151318886220565,0.5388622139904271
Pantheon,15776,0.31593,40.933,0.227638,19.297918921123046,5012.170950079003,41.08532544350699,40.93189341530336,41.062173665215155,40.664797025972696,-0.15232544350698873,0.0011065846966431536,-0.1291736652151556,0.26820297402730375
Pantheon,6100,0.31623,41.1979,0.274091,13.310992823026933,5662.46949067969,41.08771290584839,40.93422939146116,41.06449363009254,40.66695132184243,0.11018709415160544,0.2636706085388383,0.1334063699074548,0.5309486781575643
Pantheon,100163,0.31782,41.0738,0.195921,26.0518172138194,5347.931982361914,41.10033181996637,40.94657694544949,41.07675638997523,40.67833648443187,-0.02653181996637244,0.1272230545505053,-0.0029563899752318434,0.39546351556813164
Pantheon,1345553,0.31804,41.0772,0.167213,35.76513943925566,5356.312107826961,41.10207326308154,40.94828104255487,41.078448763258535,40.67990748854538,-0.02487326308154536,0.12891895744512993,-0.0012487632585376218,0.39729251145461575
Pantheon,80646,0.31822,41.0199,0.153489,42.44685197224549,5216.820274755732,41.10349725712419,40.94967451700623,41.07983264706285,40.68119208103337,-0.08359725712418964,0.07022548299377007,-0.059932647062851174,0.33870791896662666
Pantheon,550059,0.3185,41.3345,0.327925,9.299314711994207,6030.11889369743,41.10571088862437,40.95184073837641,41.081983952458344,40.683188952464164,0.22878911137562596,0.3826592616235871,0.25251604754165413,0.6513110475358346
Pantheon,310188,0.31901,41.141,0.177674,31.677597800845568,5516.020544633301,41.1097382698114,40.95578196793163,41.0858980224163,40.686821792010434,0.03126173018859646,0.18521803206837006,0.05510197758369628,0.454178207989564
Pantheon,440509,0.31901,40.8941,0.203876,24.05845817938674,4923.181818652254,41.1097382698114,40.95578196793163,41.0858980224163,40.686821792010434,-0.2156382698114001,-0.0616819679316265,-0.19179802241630028,0.20727820798956742
Pantheon,170078,0.32096,41.2315,0.207296,23.27116663700666,5750.768365475752,41.125082723096995,40.970799424762944,41.1008117382098,40.70066092914274,0.10641727690300229,0.2607005752370526,0.13068826179019766,0.5308390708572546
Pantheon,330128,0.32104,40.9546,0.156373,40.895588642905196,5062.2766463006055,41.12571040818354,40.97141377595,41.101421836887766,40.70122696669963,-0.1711104081835373,-0.016813775949998444,-0.14682183688776718,0.2533730333003703
Pantheon,1266657,0.32118,41.1921,0.293444,11.613136534109026,5647.365222706631,41.12680851133221,40.972488560177965,41.10248917989435,40.70221720732303,0.06529148866779622,0.2196114398220388,0.08961082010565491,0.48988279267697266
Pantheon,120085,0.32206,40.7271,0.199265,25.18476790809341,4558.75103637782,41.13370081969606,40.979234741026644,41.1091886068553,40.70843212412588,-0.40660081969605955,-0.25213474102664435,-0.382088606855298,0.01866787587412233
Pantheon,580104,0.32223,40.8628,0.158186,39.96353631673391,4852.727169484208,41.135030293631594,40.98053607491169,41.11048091261601,40.709630857851266,-0.2722302936315941,-0.11773607491169003,-0.247680912616012,0.15316914214873378
Pantheon,1261579,0.32223,40.8774,0.138773,51.9266189892441,4885.464648513225,41.135030293631594,40.98053607491169,41.11048091261601,40.709630857851266,-0.2576302936315926,-0.10313607491168852,-0.2330809126160105,0.16776914214873528
Pantheon,7475,0.32276,40.9316,0.211904,22.27007555879603,5008.940525525058,41.139170991171575,40.984589226751666,41.11450592600296,40.71336420174802,-0.20757099117157196,-0.052989226751662954,-0.18290592600295952,0.2182357982519818
Pantheon,05D2ab,0.32446,41.0699,0.126468,62.52284028130601,5338.33562914569,41.15241044112726,40.997549757472555,41.12737628350835,40.72529957814756,-0.08251044112726191,0.07235024252744182,-0.057476283508350434,0.34460042185243367
Pantheon,50291,0.32548,41.2273,0.193265,26.7727866930715,5739.656143261897,41.16032354588648,41.00529688910664,41.13506937129034,40.732432088568785,0.06697645411352227,0.2220031108933611,0.09223062870965748,0.4948679114312142
Pantheon,500301,0.3256,41.2625,0.255286,15.34426191246751,5833.455309464666,41.161253000657624,41.00620688546148,41.13597301250379,40.73326979976832,0.10124699934237924,0.2562931145385221,0.12652698749621294,0.5292302002316802
Pantheon,18617,0.3258,41.1639,0.271274,13.588879814242798,5574.499425700283,41.16280139261936,41.007722878435075,41.13747841495856,40.734665328343056,0.0010986073806407148,0.15617712156492303,0.02642158504144021,0.4292346716569426
Pantheon,1305626,0.32581,41.0478,0.141716,49.79230470542513,5284.280649588137,41.162878789285685,41.0077986561921,41.13755366323503,40.73473508323645,-0.1150787892856826,0.040001343807901435,-0.08975366323502953,0.3130649167635511
Pantheon,1308326,0.32632,41.0504,0.157201,40.465917449898015,5290.611542003085,41.16682312738419,41.01166056120172,41.14138857046696,40.738289867187326,-0.11642312738418781,0.0387394387982809,-0.09098857046695485,0.31211013281267697
Pantheon,14456,0.32804,41.0002,0.171833,33.86778975957677,5169.706350984589,41.18008395759755,41.02464527763597,41.154282318376076,40.750239452996766,-0.1798839575975535,-0.024445277635969376,-0.15408231837607644,0.24996054700323356
Pantheon,50303,0.32842,41.3079,0.308428,10.512170702869916,5956.702015882241,41.183005055839004,41.02750576772014,41.15712272797185,40.75287138659873,0.12489494416099234,0.2803942322798534,0.15077727202814373,0.5550286134012694
Pantheon,530219,0.32848,41.351,0.278699,12.874464650948372,6076.113462151631,41.183465997896306,41.027957153074446,41.15757094329155,40.753286688556194,0.16753400210369307,0.32304284692555285,0.193429056708446,0.5977133114438047
Pantheon,430003,0.32851,40.934,0.295651,11.440402268758067,5014.479671663624,41.18369643990791,41.02818281806428,41.15779502332225,40.753494312304575,-0.24969643990791468,-0.09418281806428297,-0.22379502332225343,0.18050568769542252
Pantheon,1337687,0.32868,41.0716,0.150485,44.1584249777874,5342.516535998059,41.18500191275771,41.02946123786587,41.15906446242104,40.75467050415854,-0.11340191275771616,0.04213876213412959,-0.08746446242104611,0.3169294958414568
Pantheon,1306073,0.32868,41.1,0.144172,48.11030981854855,5412.848540422216,41.18500191275771,41.02946123786587,41.15906446242104,40.75467050415854,-0.0850019127577113,0.07053876213413446,-0.05906446242104124,0.34532949584146166
Pantheon,6924,0.32871,40.9276,0.222195,20.25496216177861,4999.722209086279,41.18523222589826,41.02968677989305,41.159288419747554,40.754878006975,-0.25763222589826285,-0.1020867798930496,-0.23168841974755594,0.17272199302500013
Pantheon,1316465,0.32907,41.0566,0.165152,36.663365235240036,5305.738910853903,41.187994477762146,41.032391847492505,41.161974473962104,40.757366627800565,-0.13139447776214297,0.02420815250749797,-0.10537447396210098,0.29923337219943846
Pantheon,13934,0.32941,41.4109,0.310571,10.367599191175154,6246.056020224606,41.19060072218436,41.034944201623446,41.16450887613058,40.75971460023745,0.2202992778156414,0.3759557983765518,0.2463911238694152,0.6511853997625465
Pantheon,540163,0.32952,41.2391,0.162498,37.87075468266266,5770.930911574983,41.19144338958843,41.03576945826818,41.16532832585267,40.76047374176408,0.047656610411571876,0.2033305417318232,0.07377167414733066,0.47862625823592
Pantheon,1301933,0.32968,41.1031,0.114803,75.87409532411115,5420.58145637802,41.19266862622198,41.03696939138966,41.16651981347062,40.76157751474542,-0.08956862622198258,0.0661306086103366,-0.06341981347062386,0.34152248525457907
Pantheon,13830,0.32995,40.8444,0.209813,22.716175375329744,4811.781244947103,41.19473497429662,41.03899309681881,41.16852926960978,40.76343896956534,-0.3503349742966222,-0.19459309681880654,-0.3241292696097773,0.08096103043465774
Pantheon,120369,0.33047,41.2306,0.131607,57.735379010072336,5748.385365313248,41.19871023256039,41.042886430168636,41.17239516871515,40.7670198896881,0.03188976743961547,0.18771356983136656,0.05820483128485421,0.46358011031190216
Pantheon,1338675,0.33056,41.1674,0.214426,21.749291384097237,5583.49170216709,41.199397674328644,41.04355971955903,41.1730637110509,40.767639116834374,-0.0319976743286432,0.12384028044097306,-0.005663711050900133,0.3997608831656265
Pantheon,4241,0.33063,41.1689,0.23109,18.725684195818967,5587.349974041646,41.19993223233618,41.04408327565375,41.17358357523266,40.76812062640897,-0.031032232336180243,0.12481672434625324,-0.0046835752326614966,0.40077937359102833
Pantheon,480184,0.33089,41.1586,0.239453,17.4405202192387,5560.910111603853,41.20191682320515,41.046027044336995,41.17551363293967,40.76990823679522,-0.04331682320515284,0.11257295566300485,-0.0169136329396693,0.3886917632047826
Pantheon,370394,0.3309,40.996,0.212048,22.23983898977152,5159.716916164466,41.20199312499605,41.04610177736714,41.175587838682574,40.76997696419301,-0.2059931249960485,-0.05010177736713928,-0.179587838682572,0.22602303580698901
Pantheon,03D1fc,0.33103,41.0098,0.137116,53.1892331875989,5192.612028713887,41.202984855457956,41.04707312285695,41.17655232982911,40.77087023953562,-0.19318485545795738,-0.03727312285695206,-0.1667523298291087,0.23892976046438008
Pantheon,580235,0.33147,41.0301,0.218692,20.909045481870596,5241.382750024815,41.206338827496154,41.05035822244314,41.179814235484784,40.77389114404477,-0.1762388274961566,-0.020258222443139573,-0.14971423548478668,0.25620885595522935
Pantheon,20106,0.33147,41.2335,0.285481,12.270028776904995,5756.067458828468,41.206338827496154,41.05035822244314,41.179814235484784,40.77389114404477,0.02716117250384542,0.18314177755686245,0.05368576451521534,0.4596088559552314
Pantheon,370344,0.33147,41.1012,0.166036,36.274002254099,5415.84061773393,41.206338827496154,41.05035822244314,41.179814235484784,40.77389114404477,-0.10513882749615533,0.0508417775568617,-0.07861423548478541,0.3273088559552306
Pantheon,470041,0.33189,41.0149,0.143999,48.225978444905785,5204.821921074574,41.209536531045885,41.053490360896554,41.18292424202983,40.77677115725376,-0.1946365310458873,-0.03859036089655632,-0.1680242420298299,0.23812884274623514
Pantheon,1306141,0.33237,40.977,0.159233,39.43972200840319,5114.767242224307,41.21318649805032,41.05706560760973,41.18647420440053,40.78005833371631,-0.23618649805032277,-0.08006560760973258,-0.20947420440053577,0.19694166628368492
Pantheon,130862,0.33298,41.3299,0.201675,24.586452412944407,6017.358341384128,41.21781801294708,41.06160249026623,41.190978969126256,40.78422923922466,0.1120819870529246,0.2682975097337703,0.13892103087374608,0.5456707607753444
Pantheon,1309492,0.3335,41.0025,0.141896,49.666058297450256,5175.184948746331,41.221760035752354,41.065464129682695,41.194813241912016,40.78777899716576,-0.21926003575235598,-0.06296412968269749,-0.19231324191201793,0.21472100283423856
Pantheon,1346956,0.3335,41.0366,0.176123,32.23798219893731,5257.095604134602,41.221760035752354,41.065464129682695,41.194813241912016,40.78777899716576,-0.18516003575235374,-0.02886412968269525,-0.1582132419120157,0.2488210028342408
Pantheon,16093,0.3345,41.1204,0.23572,17.997290846212167,5463.939413456567,41.22932499474442,41.072875245769026,41.20217176239926,40.79459059722584,-0.10892499474442019,0.047524754230970245,-0.08177176239926354,0.32580940277415493
Pantheon,500511,0.33498,41.0251,0.171864,33.85557304409871,5229.327904218195,41.23294879346096,41.07642554556885,41.20569683150586,40.79785324892629,-0.2078487934609612,-0.05132554556885083,-0.18059683150585926,0.2272467510737144
Pantheon,1346966,0.3351,41.0242,0.177927,31.58757510325703,5227.160978260884,41.233853997335515,41.07731240965229,41.206577389454964,40.79866821309993,-0.20965399733551493,-0.053112409652293024,-0.18237738945496318,0.22553178690007059
Pantheon,1314897,0.33671,41.0367,0.18424,29.459959813786664,5257.337707908621,41.24597008252159,41.08918378826303,41.218364220244226,40.8095754029409,-0.2092700825215843,-0.05248378826302513,-0.18166422024422246,0.22712459705910248
Pantheon,470015,0.33749,41.1678,0.278653,12.878715631603066,5584.5203140836575,41.25182084726762,41.09491690266249,41.22405641335726,40.81484170806092,-0.08402084726762382,0.07288309733750964,-0.056256413357260726,0.3529582919390819
Pantheon,40782,0.33751,41.0098,0.23724,17.767411843290517,5192.612028713887,41.25197070340411,41.0950637498074,41.224202211579424,40.81497658842355,-0.2421707034041134,-0.08526374980740314,-0.21440221157942574,0.19482341157645067
Pantheon,04D3kr,0.33762,41.1477,0.176101,32.24603757522908,5533.066311109312,41.25279476595516,41.09587127011461,41.22500396311615,40.81571829382851,-0.10509476595515821,0.05182872988539344,-0.07730396311615095,0.33198170617149003
Pantheon,1300912,0.33778,41.1537,0.233862,18.284398630160034,5548.37587952716,41.25399296186822,41.097045425457914,41.22616972844084,40.81679672565561,-0.10029296186822023,0.05665457454208678,-0.07246972844083643,0.3369032743443938
Pantheon,380318,0.33818,41.145,0.211242,22.40987626926358,5526.19079424653,41.25698617032502,41.0999786406853,41.22908197339207,40.81949066968102,-0.11198617032501801,0.045021359314702636,-0.0840819733920668,0.32550933031898666
Pantheon,580276,0.33848,41.1131,0.200412,24.897317398063866,5445.601723567633,41.25922894143303,41.10217651819009,41.23126412766045,40.821509129014416,-0.14612894143302668,0.010923481809911095,-0.11816412766044948,0.291590870985587
Pantheon,1343337,0.33897,41.0555,0.356511,7.867814849262103,5303.051870125595,41.262888206892214,41.10576264422882,41.23482458065,40.82480227029055,-0.2073882068922117,-0.0502626442288161,-0.1793245806499968,0.2306977297094548
Pantheon,04D3nh,0.34061,41.1737,0.192422,27.00788348591989,5599.714369451043,41.27510026563725,41.117731591761924,41.24670767631686,40.835791201146066,-0.10140026563725257,0.0559684082380727,-0.07300767631686256,0.3379087988539311
Pantheon,320258,0.34098,41.0587,0.1943,26.488319048624344,5310.8724971987185,41.27784794945195,41.12042478477866,41.24938151610833,40.83826341737294,-0.21914794945195126,-0.0617247847786615,-0.1906815161083273,0.2204365826270589
Pantheon,2533,0.34111,41.0641,0.255103,15.366284445323727,5324.095967103279,41.27881270106868,41.12137042219732,41.25032035512429,40.83913142517518,-0.21471270106867735,-0.057270422197319704,-0.18622035512428425,0.22496857482482113
Pantheon,1336009,0.34169,41.2122,0.321008,9.704391044598886,5699.882132974445,41.283112862866034,41.12558550272314,41.254505113048616,40.843000227070924,-0.07091286286603093,0.08661449727686232,-0.04230511304861295,0.369199772929079
Pantheon,1346387,0.34446,41.3081,0.152468,43.017245009906496,5957.250673679101,41.30355771818307,41.14562846175225,41.274403452041504,40.86139095784497,0.004542281816931393,0.1624715382477504,0.03369654795849897,0.44670904215503526
Pantheon,350606,0.34448,41.2914,0.299203,11.1703842468694,5911.611360426699,41.30370478394636,41.14577265237548,41.27454659965689,40.86152322833768,-0.012304783946355258,0.14562734762452578,0.01685340034311622,0.42987677166232174
Pantheon,1329312,0.34487,41.2333,0.171671,33.931739648493334,5755.537329837189,41.30657099801199,41.14858287737353,41.277336489379536,40.864101037459115,-0.0732709980119921,0.08471712262647202,-0.04403648937953619,0.36919896254088513
Pantheon,470110,0.34545,41.2033,0.23021,18.86911929957467,5676.56839720305,41.31082806482364,41.15275694613712,41.28148032781735,40.86792955590181,-0.10752806482364008,0.05054305386288149,-0.07818032781734985,0.3353704440981886
Pantheon,03D1bp,0.34602,41.3318,0.136683,53.52676481898757,6022.625727737183,41.31500533455971,41.15685296050959,41.28554664690806,40.87168608695936,0.016794665440293954,0.17494703949041224,0.04625335309194156,0.46011391304064375
Pantheon,310090,0.34696,41.4163,0.370346,7.290959458697534,6261.607990988205,41.32188036135631,41.16359466120531,41.2922394063624,40.87786817437748,0.09441963864369285,0.2527053387946907,0.12406059363760136,0.5384318256225171
Pantheon,50301,0.34717,41.1174,0.244272,16.75917452129759,5456.395914255604,41.32341393033991,41.165098559111435,41.29373237567491,40.879247092496755,-0.2060139303399069,-0.04769855911143139,-0.17633237567490312,0.2381529075032489
Pantheon,330089,0.34881,41.3721,0.218415,20.96211398232383,6135.44228387238,41.33536111004729,41.176815457823324,41.30536399112346,40.889988463209335,0.03673888995271568,0.19528454217667957,0.0667360088765463,0.48211153679066854
Pantheon,160198,0.3491,41.2499,0.158604,39.753166521146866,5799.704614971807,41.33746834361672,41.17888223552341,41.30741570001484,40.89188283203757,-0.08756834361672361,0.07101776447658636,-0.057515700014846516,0.35801716796243
Pantheon,1258906,0.34912,41.282,0.206036,23.556663611930247,5886.0761317119905,41.33761361071296,41.17902471548608,41.307557140879595,40.892013422763135,-0.05561361071296034,0.10297528451391713,-0.025557140879598705,0.38998657723686136
Pantheon,70955,0.34932,41.1406,0.157954,40.08101798052919,5515.00454967847,41.33906586087206,41.18044911502171,41.30897115036019,40.89331893723581,-0.1984658608720622,-0.039849115021709736,-0.16837115036019412,0.2472810627641877
Pantheon,380279,0.34939,41.2033,0.168604,35.17744175055927,5676.56839720305,41.33957396773104,41.1809474830953,41.30946588231147,40.89377569867622,-0.13627396773104294,0.02235251690469653,-0.10616588231147261,0.3095243013237763
Pantheon,04D2mc,0.34949,41.005,0.226318,19.523685668485495,5181.1465317091,41.340299672265445,41.181659283096664,41.31017248820939,40.89442806345318,-0.33529967226544244,-0.17665928309666157,-0.30517248820938647,0.11057193654682607
Pantheon,05D2ie,0.34949,41.3756,0.171432,34.02641670749891,6145.339422440241,41.340299672265445,41.181659283096664,41.31017248820939,40.89442806345318,0.035300327734553605,0.19394071690333448,0.06542751179060957,0.4811719365468221
Pantheon,440185,0.34949,41.1526,0.205831,23.603610095697885,5545.565957626602,41.340299672265445,41.181659283096664,41.31017248820939,40.89442806345318,-0.18769967226544537,-0.0290592830966645,-0.1575724882093894,0.25817193654682313
Pantheon,20186,0.34968,41.4873,0.287684,12.082827708155914,6469.7258040069455,41.34167798483497,41.18301120303314,41.31151454050624,40.89566706561211,0.14562201516502427,0.3042887969668584,0.1757854594937598,0.5916329343878886
Pantheon,1248677,0.35015,41.1867,0.147015,46.26757136378741,5633.338848177714,41.34508453748954,41.186352614782976,41.31483154934287,40.89872920593246,-0.15838453748953896,0.0003473852170259306,-0.12813154934286786,0.2879707940675402
Pantheon,196,0.35059,41.2342,0.163121,37.58203127538828,5757.9232948553245,41.34826984077394,41.189477123684924,41.317933221365095,40.90159233568613,-0.11406984077393645,0.04472287631507754,-0.08373322136509387,0.3326076643138691
Pantheon,50296,0.35099,41.2532,0.161378,38.39824208448835,5808.5251624319135,41.35116238162452,41.192314554945945,41.320749898872194,40.90419220527589,-0.09796238162451942,0.0608854450540548,-0.06754989887219409,0.34900779472410903
Pantheon,05D2hc,0.35149,41.4798,0.209505,22.783016023190935,6447.418707884707,41.354773796372655,41.19585729428366,41.32426670544878,40.907438067141115,0.12502620362734262,0.28394270571633484,0.15553329455121911,0.5723619328588825
Pantheon,120400,0.35149,41.3343,0.138963,51.78472060156437,6029.563524798565,41.354773796372655,41.19585729428366,41.32426670544878,40.907438067141115,-0.020473796372655784,0.13844270571633643,0.010033294551220706,0.4268619328588841
Pantheon,160197,0.35372,41.3657,0.191944,27.142566966171614,6117.3858621041445,41.370823381404286,41.211603442219925,41.339897320701596,40.92186115006128,-0.005123381404288807,0.15409655778007192,0.025802679298401188,0.4438388499387145
Pantheon,05D2mp,0.35519,41.4647,0.223042,20.10141818206101,6402.740125820873,41.381352322952026,41.22193490386463,41.35015273768591,40.931321356616195,0.08334767704797486,0.242765096135372,0.1145472623140904,0.5333786433838057
Pantheon,1688,0.35774,41.3574,0.291964,11.73117166623091,6094.04806197208,41.399522078070795,41.2397668652987,41.36785299858275,40.947643650006626,-0.04212207807079693,0.11763313470130043,-0.010452998582749728,0.40975634999337274
Pantheon,1334423,0.358,41.3539,0.215252,21.582691810236497,6084.233528719732,41.401367979914,41.241578664654796,41.36965138485096,40.9493016429192,-0.04746797991399632,0.11232133534520727,-0.01575138485095806,0.4045983570808005
Pantheon,04D3fk,0.35842,41.2423,0.215992,21.435058260234563,5779.4415389702135,41.40434721702182,41.244502945390735,41.37255400422609,40.95197751414939,-0.16204721702182212,-0.002202945390735067,-0.13025400422608868,0.29032248585060927
Pantheon,04D2fs,0.3585,41.1484,0.288995,11.973451023983467,5534.850248471511,41.40491432647992,41.24505960549738,41.37310653919022,40.95248686474879,-0.2565143264799161,-0.09665960549737918,-0.22470653919021544,0.19591313525121024
Pantheon,1280217,0.35909,41.1532,0.305677,10.702234807278275,5547.098465841434,41.40909316578049,41.24916156372214,41.37717808269744,40.95623998045295,-0.2558931657804919,-0.09596156372214182,-0.22397808269744246,0.19696001954704911
Pantheon,160070,0.35909,41.4429,0.171109,34.155000311303866,6338.78286184381,41.40909316578049,41.24916156372214,41.37717808269744,40.95623998045295,0.03380683421951147,0.19373843627786158,0.06572191730256094,0.4866600195470525
Pantheon,1307830,0.35946,41.4213,0.15447,41.909425441935625,6276.042488157922,41.411710571305825,41.251730919868095,41.37972837257972,40.95859062942405,0.009589428694177116,0.1695690801319074,0.0415716274202822,0.46270937057595063
Pantheon,50293,0.36017,41.187,0.191161,27.365375547139617,5634.117176464813,41.41672622390364,41.25665472375248,41.38461560575543,40.963094878141504,-0.22972622390363995,-0.06965472375248538,-0.19761560575543058,0.22390512185849332
Pantheon,160126,0.36034,41.0791,0.230289,18.85617552248403,5361.0008372824495,41.41792580451666,41.25783238145642,41.38578451019403,40.964172103580296,-0.33882580451666655,-0.17873238145642034,-0.30668451019403165,0.11492789641970091
Pantheon,470244,0.36091,41.4328,0.197529,25.629390002453576,6309.368236258971,41.421944130348464,41.26177739544596,41.389700183739535,40.9677804434389,0.010855869651535954,0.1710226045540395,0.04309981626046522,0.46501955656110283
Pantheon,420417,0.36147,41.1159,0.288022,12.054485432656087,5452.628071004291,41.42588627511759,41.26564780601123,41.393541781710184,40.971320190432216,-0.3099862751175877,-0.14974780601122717,-0.27764178171018017,0.14457980956778727
Pantheon,1294014,0.3628,41.2452,0.209997,22.67638485353352,5787.165135692873,41.43522638703725,41.27481870478498,41.402644302576995,40.979706176022646,-0.19002638703724983,-0.029618704784979855,-0.15744430257699804,0.26549382397735144
Pantheon,1346137,0.36325,41.364,0.215101,21.613004364439046,6112.598563778136,41.438379440543784,41.27791487341867,41.40571735238473,40.98253690397454,-0.07437944054378676,0.08608512658132383,-0.04171735238472962,0.38146309602545614
Pantheon,560121,0.36499,41.4626,0.291566,11.763220622689069,6396.551120286159,41.450537513240846,41.28985473605464,41.41756790087784,40.99345102065138,0.012062486759155888,0.17274526394535883,0.04503209912216022,0.4691489793486241
Pantheon,100358,0.36623,41.136,0.226225,19.539741152896752,5503.334049427173,41.45916936860909,41.2983327734095,41.425982365237374,41.00119867176946,-0.3231693686090864,-0.1623327734094957,-0.2899823652373712,0.13480132823054447
Pantheon,190209,0.36656,41.2327,0.155657,41.272681690254615,5753.94723579198,41.46146202264731,41.300584728168225,41.42821741204104,41.00325633430714,-0.2287620226473095,-0.06788472816822377,-0.1955174120410419,0.22944366569286245
Pantheon,1308582,0.36713,41.2088,0.151911,43.33327917063437,5690.9644809689535,41.46541758942771,41.30447022962113,41.43207371939492,41.00680632397862,-0.2566175894277123,-0.0956702296211347,-0.2232737193949248,0.20199367602137386
Pantheon,350083,0.3679,41.2627,0.165575,36.476274269574574,5833.992615297587,41.47075210556264,41.309710565154845,41.43727463849238,41.01159359290894,-0.2080521055626363,-0.047010565154842254,-0.17457463849238053,0.2511064070910649
Pantheon,04D1hd,0.36799,41.4699,0.158375,39.86821064618272,6418.091066972849,41.471374949296305,41.31032243592096,41.437881903732446,41.01215252048109,-0.0014749492963019861,0.15957756407904355,0.03201809626755647,0.4577474795189147
Pantheon,1343533,0.36839,41.5479,0.336428,8.835186724685974,6652.821559519255,41.4741414478754,41.313040254648385,41.44057925747916,41.01463506812745,0.0737585521246018,0.23485974535161347,0.1073207425208409,0.5332649318725515
Pantheon,1283936,0.36857,41.463,0.345551,8.37482405408879,6397.729517077669,41.475385469967065,41.314262418173385,41.44179221390564,41.01575137670916,-0.012385469967064466,0.1487375818266159,0.021207786094358028,0.4472486232908395
Pantheon,15704,0.36962,41.4498,0.244353,16.748065444346416,6358.956806861589,41.48263113525581,41.32138116019417,41.4488572743425,41.022252842294115,-0.03283113525580461,0.1284188398058319,0.000942725657502308,0.427547157705888
Pantheon,18091,0.36987,41.2185,0.255045,15.373274159587192,5716.442969156053,41.48435349986122,41.32307345206529,41.450536791546426,41.02379821659183,-0.26585349986122253,-0.10457345206528856,-0.23203679154642742,0.19470178340817057
Pantheon,510578,0.37023,41.3794,0.188778,28.060618457460773,6156.102964481132,41.48683182255118,41.32550856924716,41.452953517706206,41.026021808266314,-0.10743182255118455,0.053891430752834424,-0.07355351770620899,0.35337819173368246
Pantheon,04D2cf,0.37052,41.3759,0.163241,37.52679777230155,6146.188491107211,41.48882663581924,41.32746866326704,41.454898800596254,41.027811537458824,-0.11292663581923534,0.04843133673296052,-0.07899880059625275,0.34808846254117753
Pantheon,05D4bm,0.37053,41.3833,0.160025,39.050295829177024,6167.169360936251,41.488895396836554,41.32753622842357,41.45496585508558,41.02787322845496,-0.10559539683655572,0.05576377157643009,-0.07166585508558398,0.35542677154504076
Pantheon,13136,0.37057,41.6395,0.256631,15.183845201842667,6939.463168248192,41.48917042381766,41.32780647286445,41.45523405689862,41.028119976580086,0.15032957618233667,0.3116935271355459,0.18426594310138,0.6113800234199118
Pantheon,05D3jr,0.37062,41.273,0.282407,12.538601078829368,5861.730873804895,41.4895141691023,41.328144242005195,41.45556927284667,41.02842837605927,-0.2165141691022967,-0.0551442420051913,-0.18256927284666347,0.24457162394073606
Pantheon,390471,0.37062,41.0698,0.135854,54.18201347184227,5338.089795365453,41.4895141691023,41.328144242005195,41.45556927284667,41.02842837605927,-0.4197141691022992,-0.2583442420051938,-0.38576927284666596,0.04137162394073357
Pantheon,320469,0.37095,41.4098,0.39052,6.557124636429734,6242.892764889273,41.491781817543895,41.33037250444988,41.45778068678601,41.03046281916508,-0.08198181754389822,0.07942749555011375,-0.04798068678601197,0.3793371808349164
Pantheon,1291957,0.37138,41.334,0.168104,35.38701294903546,6028.730567353196,41.49473384625546,41.33327335946398,41.46065959437315,41.03311117492946,-0.16073384625545373,0.0007266405360226713,-0.12665959437314456,0.30088882507054393
Pantheon,199,0.37153,41.3842,0.116639,73.50424563510735,6169.725968514804,41.495762883213345,41.334284584347785,41.46166316495709,41.03403433284447,-0.11156288321334529,0.049915415652215245,-0.07746316495708783,0.35016566715552955
Pantheon,05D4fo,0.37153,41.4289,0.165418,36.545547174967865,6298.046677502042,41.495762883213345,41.334284584347785,41.46166316495709,41.03403433284447,-0.06686288321334644,0.0946154156522141,-0.032763164957088975,0.3948656671555284
Pantheon,05D4cw,0.37353,41.3114,0.133039,56.49916850532482,5966.310826874349,41.5094469368778,41.3477330783848,41.47500968951443,41.04630930019157,-0.19804693687780173,-0.03633307838479993,-0.16360968951443056,0.26509069980843236
Pantheon,16232,0.37436,41.4722,0.234786,18.140765367245756,6424.89264078903,41.51510601439147,41.35329545339681,41.4805297951247,41.05138504342589,-0.04290601439146968,0.11890454660318994,-0.008329795124701889,0.4208149565741124
Pantheon,1299643,0.37676,41.4155,0.15471,41.77949899286549,6259.301554240731,41.53140482639007,41.369318112091534,41.496430386901935,41.0660018321581,-0.11590482639007149,0.046181887908467445,-0.0809303869019331,0.3494981678419009
Pantheon,1282736,0.37805,41.3598,0.223183,20.076027317587613,6100.78717628554,41.54012595777358,41.3778929342368,41.504939694836665,41.07382177067099,-0.18032595777358296,-0.018092934236797475,-0.145139694836665,0.28597822932901096
Pantheon,590031,0.37852,41.4271,0.182401,30.0569957576457,6292.828196858044,41.54329661125609,41.38101064912877,41.50803355699644,41.07666458433944,-0.11619661125608616,0.04608935087123456,-0.08093355699643467,0.3504354156605629
Pantheon,7779,0.37991,41.2959,0.219919,20.676379555984482,5923.874852392754,41.55265246802469,41.39021109027284,41.517163507353345,41.085052437841256,-0.2567524680246862,-0.09431109027283924,-0.221263507353342,0.21084756215874734
Pantheon,320099,0.37997,41.4154,0.163795,37.27337504925362,6259.013309388829,41.55305560744296,41.39060755966312,41.517556935737744,41.08541384556731,-0.13765560744295868,0.024792440336881327,-0.10215693573774587,0.32998615443268875
Pantheon,500057,0.38061,41.4614,0.188044,28.280106359498152,6393.017232044009,41.55735211524926,41.394833118737765,41.521750066481694,41.08926548591966,-0.09595211524926128,0.06656688126223287,-0.060350066481696274,0.3721345140803365
Pantheon,110425,0.38092,41.4511,0.201434,24.645319134859246,6362.7648768196195,41.55943084348175,41.396877611405145,41.5237788576332,41.09112890926039,-0.10833084348175248,0.05422238859485162,-0.07267885763319981,0.35997109073960587
Pantheon,1299785,0.38129,41.4549,0.20413,23.99862330457496,6373.9092388377685,41.561909866443685,41.39931588377607,41.52619839457157,41.09335110723972,-0.10700986644368271,0.05558411622393322,-0.07129839457157061,0.36154889276028257
Pantheon,11,0.38153,41.6775,0.218983,20.853511586927112,7061.970109788079,41.56351669627992,41.40089634544313,41.52776670648419,41.09479143616886,0.11398330372008303,0.2766036545568724,0.14973329351580844,0.5827085638311402
Pantheon,40150,0.38185,41.5615,0.198898,25.277793851898807,6694.6191433607655,41.56565768776671,41.403002258416045,41.529856423404595,41.09671053440025,-0.004157687766706886,0.15849774158395746,0.03164357659540684,0.46478946559975043
Pantheon,580275,0.38248,41.3726,0.265174,14.22126144118167,6136.85518432648,41.569867937009576,41.40714371080029,41.533966001895166,41.10048429177951,-0.19726793700957757,-0.034543710800292615,-0.1613660018951677,0.2721157082204897
Pantheon,1343401,0.38291,41.3678,0.206585,23.431626226754226,6123.304760311434,41.57273793098519,41.40996694894119,41.53676749403711,41.10305663696302,-0.20493793098518864,-0.04216694894118689,-0.16896749403710487,0.26474336303698465
Pantheon,1281886,0.38402,41.5182,0.20184,24.546271016909987,6562.447998789731,41.580132812091804,41.41724188669623,41.543986331238365,41.10968419618055,-0.061932812091804124,0.10095811330376847,-0.025786331238364824,0.40851580381944785
Pantheon,360139,0.386,41.5217,0.152114,43.21769762006928,6573.033944216885,41.59327490156603,41.43017270773446,41.55681720420733,41.1214612184602,-0.07157490156603075,0.09152729226554612,-0.03511720420732445,0.4002387815398052
Pantheon,1338170,0.38672,41.3791,0.270807,13.635787601999459,6155.252526173679,41.59803844056012,41.43486027262081,41.56146846342389,41.125729532647426,-0.21893844056011602,-0.05576027262080885,-0.18236846342389157,0.25337046735257474
Pantheon,550218,0.38744,41.5567,0.273474,13.371123931240977,6679.837154005111,41.60279381064139,41.43954012130622,41.566112027255215,41.12999029712324,-0.046093810641387734,0.11715987869377642,-0.00941202725521606,0.4267097028767566
Pantheon,50251,0.38781,41.6302,0.283892,12.407768764169491,6909.806330587676,41.60523437431881,41.441942051211285,41.5684953188681,41.13217692903662,0.024965625681190318,0.18825794878871704,0.061704681131899974,0.4980230709633844
Pantheon,420352,0.38895,41.383,0.199578,25.105834849377036,6166.317393855232,41.6127404750403,41.44932986771174,41.57582574378389,41.1389016710588,-0.2297404750402947,-0.06632986771173677,-0.19282574378388517,0.24409832894120598
Pantheon,1290779,0.38949,41.544,0.192176,27.077072060072368,6640.88370657344,41.61628891921355,41.4528226769378,41.57929138569209,41.1420805377888,-0.0722889192135554,0.0911773230621975,-0.03529138569209067,0.4019194622111968
Pantheon,120086,0.39255,41.4742,0.237288,17.760224379026145,6430.812911563475,41.636311488412986,41.47253475549149,41.598849736326734,41.160015372129436,-0.1621114884129824,0.0016652445085156842,-0.12464973632673093,0.3141846278705671
Pantheon,1291794,0.3951,41.4677,0.203648,24.112359019010533,6411.591951418245,41.65288730745169,41.488858005729114,41.615045165241064,41.17485987113965,-0.18518730745169165,-0.021158005729112972,-0.14734516524106311,0.29284012886034816
Pantheon,1296273,0.39706,41.259,0.168535,35.20625167550403,5824.060463784304,41.665560997011426,41.501341358797134,41.62743044707835,41.18620802457097,-0.40656099701142523,-0.24234135879713392,-0.36843044707835304,0.07279197542902693
Pantheon,1333438,0.39944,41.7119,0.28782,12.071411709735797,7174.735166663961,41.68087311071271,41.516426762916154,41.64239696950517,41.19991661523956,0.031026889287289805,0.19547323708384567,0.06950303049482898,0.5119833847604411
Pantheon,05D4ff,0.4005,41.4918,0.158339,39.88634160246412,6483.14709062114,41.6876657125636,41.523119945485355,41.6490372769104,41.205997174350394,-0.1958657125636023,-0.03131994548535744,-0.15723727691040068,0.28580282564960413
Pantheon,110734,0.40221,41.4795,0.199524,25.11942618214936,6446.528025599986,41.69858869792349,41.53388455608867,41.659716682425056,41.21577424736775,-0.21908869792348895,-0.05438455608867088,-0.18021668242505484,0.2637257526322543
Pantheon,580312,0.40293,41.5478,0.290402,11.857709159087234,6652.515192818689,41.70317503233491,41.53840494674428,41.664201231751534,41.21987910990934,-0.15537503233490924,0.009395053255722985,-0.1164012317515315,0.3279208900906596
Pantheon,1329615,0.40368,41.616,0.213828,21.87111137872953,6864.7681666273,41.707944427410695,41.54310611592028,41.66886508792084,41.224147611802366,-0.09194442741069508,0.07289388407971842,-0.05286508792084277,0.3918523881976341
Pantheon,06D3ed,0.40463,41.6747,0.166047,36.26919637614646,7052.869937369841,41.713973933160645,41.54904988297538,41.674761623607324,41.22954358906986,-0.03927393316064354,0.1256501170246196,-6.162360732275829e-05,0.4451564109301387
Pantheon,350050,0.40483,41.3373,0.202033,24.499395828227037,6037.899431566755,41.7152416374888,41.55029963388277,41.67600143559025,41.230678052169104,-0.37794163748880294,-0.21299963388277376,-0.33870143559025223,0.10662194783089518
Pantheon,05D4dt,0.4055,41.7807,0.135518,54.451021651352995,7405.69590687141,41.7194842385178,41.55448233600759,41.68015085376915,41.23447463223005,0.061215761482202424,0.22621766399241494,0.10054914623085409,0.5462253677699564
Pantheon,1308314,0.40646,41.6914,0.168815,35.089560915367656,7107.320089921274,41.72555192357666,41.56046485287851,41.68608571092814,41.239904146668515,-0.034151923576658305,0.130935147121491,0.005314289071861822,0.4514958533314868
Pantheon,1341370,0.40895,41.7002,0.240024,17.357639409652787,7136.181299516735,41.741228528568314,41.57592415001719,41.70142155905184,41.25393044859327,-0.04102852856831163,0.1242758499828156,-0.001221559051835186,0.4462695514067292
Pantheon,1306390,0.4092,41.7405,0.363654,7.5617664908632225,7269.857113781592,41.7427976126413,41.5774717021196,41.702956730080345,41.25533423359058,-0.0022976126412999065,0.16302829788039475,0.03754326991965229,0.4851657664094162
Pantheon,450339,0.40935,41.7061,0.274957,13.227276702635143,7155.597028653411,41.74373863820166,41.578399833523,41.70387743401227,41.25617611417539,-0.037638638201663355,0.12770016647699833,0.002222565987729297,0.4499238858246102
Pantheon,06D4cq,0.40949,41.6784,0.172193,33.72632455342029,7064.897658108151,41.74461664146921,41.57926581916148,41.7047364881375,41.25696160543957,-0.06621664146920381,0.09913418083852577,-0.02633648813749545,0.4214383945604325
Pantheon,20090,0.41004,41.6836,0.279968,12.758017992579292,7081.836160384207,41.74806325845111,41.58266538204536,41.70810882749084,41.26004500013643,-0.06446325845111289,0.10093461795463554,-0.024508827490841156,0.42355499986356904
Pantheon,1307277,0.41123,41.662,0.318089,9.883316388526904,7011.741150542603,41.755505895317825,41.59000707215999,41.71539165620837,41.266702942879874,-0.0935058953178256,0.07199292784000733,-0.05339165620836894,0.39529705712012486
Pantheon,530251,0.4114,41.8335,0.242677,16.980198582294594,7587.974715185892,41.75656750494126,41.59105435685368,41.71643053664127,41.2676525857149,0.07693249505874178,0.24244564314631845,0.1170694633587317,0.565847414285102
Pantheon,520071,0.41161,41.8131,0.149106,44.97899635508008,7517.022930507095,41.75787834580595,41.59234753532691,41.71771333493635,41.26882516031068,0.05522165419404956,0.2207524646730903,0.0953866650636499,0.5442748396893151
Pantheon,1315296,0.41266,41.7893,0.330128,9.175617020576608,7435.083924689842,41.76442329851349,41.59880472441836,41.724118648915514,41.27467953776425,0.024876701486505226,0.1904952755816396,0.0651813510844832,0.5146204622357473
Pantheon,04D2fp,0.41657,41.7295,0.149208,44.917521240115924,7233.1234108979825,41.78866090047725,41.62272352168755,41.74784465025949,41.29635662003776,-0.05916090047724509,0.10677647831245451,-0.018344650259486173,0.43314337996223884
Pantheon,05D2dw,0.41857,41.6174,0.202099,24.48339677729447,6869.19547326625,41.800977503597856,41.63488191207785,41.75990465302094,41.307370202605,-0.18357750359785285,-0.017481912077847994,-0.14250465302093573,0.31002979739500347
Pantheon,440162,0.41936,41.6863,0.192599,26.958265380254957,7090.647163433721,41.80582758264541,41.63967039895363,41.764654319412465,41.31170683458461,-0.11952758264541075,0.04662960104636937,-0.07835431941246185,0.37459316541539067
Pantheon,550137,0.41939,41.4604,0.22264,20.174074177843533,6390.073816606934,41.80601159638672,41.63985208379861,41.764834530537094,41.31187136422127,-0.3456115963867177,-0.17945208379860844,-0.3044345305370939,0.14852863577873165
Pantheon,1289600,0.4196,41.8662,0.224621,19.819800890981476,7703.106017072012,41.80729935203246,41.641123557737664,41.766095689407024,41.31302275956368,0.058900647967540465,0.2250764422623348,0.10010431059297531,0.5531772404363196
Pantheon,05D3cf,0.41965,41.7981,0.235757,17.991642254588278,7465.276108634753,41.807605872719165,41.64142620713162,41.76639588308316,41.31329682084319,-0.00950587271916703,0.15667379286837502,0.031704116916834835,0.48480317915680615
Pantheon,1340454,0.41995,41.4394,0.294415,11.536661079433827,6328.57418043131,41.809444288277746,41.643241437757894,41.76819638142955,41.314940539157064,-0.3700442882777466,-0.20384143775789454,-0.32879638142954803,0.12445946084293524
Pantheon,550202,0.42036,41.8343,0.344188,8.44128474949798,7590.770743396124,41.811954827395475,41.645720409442916,41.77065522461679,41.31718515606728,0.022345172604524066,0.18857959055708307,0.06364477538321012,0.5171148439327169
Pantheon,1306626,0.42088,41.6178,0.17643,32.12588731981879,6870.460942384487,41.81513567206217,41.648861414337844,41.7737707100139,41.320029005887065,-0.19733567206216662,-0.031061414337841597,-0.1559707100138965,0.2977709941129376
Pantheon,110430,0.42094,41.728,0.250117,15.98503450659563,7228.1286715759215,41.81550245880608,41.64922361835157,41.77412997014122,41.320356928198876,-0.08750245880607821,0.07877638164843148,-0.04612997014121589,0.40764307180112525
Pantheon,1306991,0.42195,41.5336,0.270821,13.634377843582307,6609.154054218214,41.82166945925764,41.655313915536794,41.780170732730824,41.32587031837218,-0.2880694592576418,-0.12171391553679456,-0.24657073273082375,0.2077296816278178
Pantheon,04D4gg,0.42247,41.6483,0.231707,18.62608975779526,6967.642749081024,41.82483922893595,41.65844451754843,41.78327584710435,41.328704022797496,-0.1765392289359511,-0.01014451754843293,-0.13497584710435007,0.31959597720250343
Pantheon,1345594,0.42249,41.6796,0.275449,13.180066452561494,7068.802943806531,41.824961071108625,41.65856485765386,41.783395207123874,41.32881294544538,-0.14536107110862417,0.021035142346143232,-0.10379520712387347,0.35078705455462256
Pantheon,490037,0.42348,41.5955,0.186465,28.76109052187329,6800.265594473253,41.83098560363548,41.664515443036294,41.78929729748701,41.3341985221864,-0.23548560363548177,-0.06901544303629237,-0.19379729748700925,0.26130147781360336
Pantheon,160200,0.4236,41.8403,0.400817,6.224546758886875,7611.773821527846,41.83171496494299,41.66523589499801,41.79001187382556,41.3348505089609,0.008585035057009804,0.17506410500198655,0.05028812617443634,0.5054494910391014
Pantheon,1302523,0.42399,41.7264,0.13417,55.550651976059726,7222.804751196125,41.83408407053357,41.66757612567644,41.79233301255061,41.336968258690376,-0.10768407053357265,0.058823874323557845,-0.0659330125506088,0.38943174130962177
Pantheon,1312274,0.42459,41.7483,0.195831,26.075768501709625,7296.0176351825985,41.837724916788815,41.67117278907911,41.795900315126204,41.34022273598896,-0.08942491678881481,0.07712721092089225,-0.04760031512620344,0.40807726401104105
Pantheon,1295027,0.42568,41.7039,0.195468,26.17270808335073,7148.351096573902,41.84432696573121,41.67769531608055,41.80236953864401,41.34612391090008,-0.1404269657312156,0.026204683919445415,-0.09846953864401087,0.35777608909991443
Pantheon,1258940,0.42602,41.7517,0.175449,32.486147028725185,7307.450380284758,41.84638312189924,41.679726863205275,41.804384468317366,41.347961717217416,-0.09468312189923722,0.07197313679472472,-0.052684468317366395,0.4037382827825837
Pantheon,50003,0.427,41.813,0.229539,18.979598869051795,7516.6767667790145,41.85230120967812,41.68557453963867,41.81018427217355,41.35325116484378,-0.0393012096781149,0.12742546036133007,0.002815727826451564,0.4597488351562191
Pantheon,110542,0.42703,41.8348,0.198324,25.424326300740535,7592.518784194848,41.85248217739881,41.685753364092506,41.8103616317205,41.353412905356976,-0.01768217739881095,0.14904663590749578,0.02443836827950463,0.48138709464302565
Pantheon,110719,0.42793,42.2757,0.23861,17.56397128985525,9301.775961042968,41.857905748530705,41.691112973267316,41.815677309703474,41.35826012596928,0.41779425146929583,0.5845870267326845,0.4600226902965261,0.9174398740307197
Pantheon,05D2cb,0.42859,41.8825,0.403543,6.140735104372822,7761.146388555012,41.86187633270151,41.695037064946085,41.81956920486235,41.361808625453214,0.02062366729848719,0.1874629350539152,0.0629307951376532,0.5206913745467858
Pantheon,440236,0.42895,41.6443,0.193398,26.735976009879742,6954.819690918136,41.864039722621065,41.69717524241572,41.82168982760997,41.3637419912762,-0.219739722621064,-0.05287524241571617,-0.17738982760997146,0.2805580087238013
Pantheon,1306029,0.42903,41.8266,0.250757,15.903542331495986,7563.90168098391,41.86452024784484,41.697650178961425,41.82216086377862,41.36417141956801,-0.03792024784483772,0.12894982103857444,0.004439136221378703,0.46242858043198964
Pantheon,100101,0.42976,41.9219,0.19807,25.489575147382826,7903.252821629533,41.86890121554067,41.701980386425184,41.8264554915897,41.368086455656275,0.05299878445933359,0.2199196135748167,0.09544450841030283,0.5538135443437255
Pantheon,80723,0.4302,41.8354,0.165783,36.384801615752714,7594.6169645243135,41.87153847477532,41.704587256147285,41.829040925864454,41.370443164679145,-0.03613847477532062,0.13081274385271513,0.006359074135545484,0.4649568353208551
Pantheon,04D1rh,0.43494,41.7828,0.183674,29.641804044637894,7412.861313993801,41.89979176891006,41.73252294362942,41.85674616252926,41.39568772824457,-0.11699176891006147,0.05027705637058233,-0.07394616252926056,0.3871122717554343
Pantheon,06D4co,0.43546,41.5839,0.13365,55.983761350182775,6764.035450068149,41.90287392110899,41.73557133713666,41.85976932646534,41.39844131436277,-0.3189739211089915,-0.15167133713666203,-0.27586932646534024,0.18545868563722934
Pantheon,142,0.43683,42.0051,0.1818,30.25605090762102,8211.942032447778,41.9109779247993,41.74358742140307,41.86771898956984,41.40568109269091,0.09412207520070126,0.26151257859692834,0.13738101043016115,0.5994189073090865
Pantheon,1336008,0.4376,41.6253,0.16614,36.22860300666393,6894.231700821259,41.91552240780035,41.748083138870584,41.87217740662068,41.40974074539993,-0.2902224078003499,-0.1227831388705809,-0.24687740662067625,0.2155592546000733
Pantheon,1333246,0.43783,41.882,0.356877,7.851685238117491,7759.359524285363,41.91687841492916,41.749424670120305,41.8735078005363,41.41095205885404,-0.03487841492916033,0.13257532987969256,0.008492199463695727,0.4710479411459545
Pantheon,1310338,0.4389,41.4679,0.211194,22.42006402365136,6412.182508055951,41.92317813797328,41.755657595054075,41.87968893893456,41.41657940140047,-0.45527813797328065,-0.2877575950540745,-0.41178893893455637,0.05132059859953131
Pantheon,560027,0.43891,41.6682,0.279961,12.758655990317763,7031.78972032109,41.92323694679339,41.75571578383001,41.879746643928115,41.416631932184515,-0.25503694679338906,-0.08751578383001402,-0.2115466439281164,0.2515680678154837
Pantheon,50607,0.43935,41.8262,0.202784,24.31826737320678,7562.508487125313,41.925823307474275,41.7582749401504,41.88228451756051,41.41894216721915,-0.09962330747427472,0.06792505984959973,-0.0560845175605067,0.40725783278085004
Pantheon,40166,0.44013,42.1401,0.441915,5.120619593987714,8738.680779892087,41.93040233088645,41.76280611029249,41.88677797725088,41.42303221365614,0.20969766911354526,0.3772938897075093,0.2533220227491171,0.7170677863438542
Pantheon,510266,0.44067,41.6364,0.160177,38.97621742028903,6929.563439613854,41.933568024131155,41.765938953142985,41.88988472630169,41.42585977236352,-0.2971680241311532,-0.12953895314298336,-0.2534847263016857,0.2105402276364785
Pantheon,1328105,0.44149,41.6823,0.183572,29.674753557545838,7077.597731328241,41.93836832518113,41.77068980576812,41.894595976012454,41.43014721609064,-0.25606832518113265,-0.08838980576812361,-0.21229597601245587,0.25215278390935936
Pantheon,1295256,0.44245,41.8523,0.172891,33.45455269226154,7653.954480287627,41.94397770877532,41.7762419648058,41.90010180281705,41.43515710906233,-0.09167770877532178,0.07605803519420107,-0.047801802817048156,0.41714289093766865
Pantheon,06D3df,0.44263,41.9039,0.139699,51.240505477582346,7838.011115769519,41.94502821310472,41.77728181942062,41.90113297399647,41.43609532016481,-0.041128213104720146,0.1266181805793778,0.0027670260035321803,0.46780467983519003
Pantheon,06D2gb,0.44361,41.793,0.182219,30.117067485920142,7447.763459957924,41.95074069313997,41.78293675975226,41.90674065920362,41.44119704174931,-0.15774069313997074,0.010063240247738747,-0.11374065920362142,0.35180295825068697
Pantheon,1291080,0.44391,41.8069,0.290347,11.862201960968601,7495.590896168351,41.952487074669314,41.78466567624763,41.908455117054686,41.442756664219246,-0.1455870746693151,0.022234323752371665,-0.10155511705468712,0.36414333578075286
Pantheon,40137,0.44764,41.8552,0.223954,19.93803493373391,7664.183160228562,41.97410958579657,41.80607685746343,41.929686810821536,41.462065249013776,-0.11890958579656541,0.04912314253657257,-0.07448681082153286,0.39313475098622774
Pantheon,1328066,0.44886,41.8853,0.221814,20.324604008348043,7771.160435450278,41.98114560498805,41.813046084588564,41.93659744453487,41.468347683283255,-0.09584560498804962,0.07225391541143722,-0.05129744453486751,0.4169523167167455
Pantheon,1320166,0.44891,41.9875,0.215648,21.50349887868577,8145.652429770217,41.98143358821123,41.81333135484031,41.93688031460252,41.468604815942825,0.006066411788765436,0.1741686451596891,0.05061968539747852,0.5188951840571718
Pantheon,50580,0.45068,41.6446,0.157686,40.21737556484076,6955.780601142606,41.99160908837897,41.82341205143189,41.94687610473429,41.4776899311948,-0.34700908837897515,-0.1788120514318905,-0.3022761047342897,0.1669100688051941
Pantheon,520016,0.45106,41.9281,0.213431,21.952551344090164,7925.850477799314,41.99378882830368,41.82557175094408,41.94901759095944,41.47963601412684,-0.06568882830367784,0.10252824905592206,-0.020917590959442123,0.44846398587316116
Pantheon,04D2gb,0.45162,41.5892,0.225346,19.692474552255415,6780.564867096228,41.99699797583814,41.82875156648976,41.95217057566667,41.48250110615248,-0.40779797583814315,-0.23955156648975873,-0.36297057566667235,0.10669889384751485
Pantheon,120094,0.45162,41.9923,0.154715,41.776798619670345,8163.678160747737,41.99699797583814,41.82875156648976,41.95217057566667,41.48250110615248,-0.004697975838141133,0.16354843351024329,0.040129424333329666,0.5097988938475169
Pantheon,04D3gt,0.45163,41.7162,0.305385,10.722710905348613,7188.956819927638,41.99705524851262,41.828808317556295,41.952226847717114,41.48255223802068,-0.2808552485126228,-0.11260831755629397,-0.23602684771711324,0.23364776197932002
Pantheon,1290127,0.45218,41.9959,0.320076,9.760987980128709,8177.22363171968,42.00020343656134,41.8319279347301,41.95532012473248,41.48536284598513,-0.004303436561343688,0.1639720652698955,0.04057987526751816,0.5105371540148695
Pantheon,1253101,0.45328,41.7953,0.207786,23.161540131350815,7455.656229382619,42.006489176629884,41.838157225121854,41.96149676853133,41.490974393017325,-0.2111891766298868,-0.04285722512185686,-0.1661967685313357,0.3043256069826725
Pantheon,1253039,0.45346,41.8863,0.14411,48.15171542340038,7774.7400112495825,42.00751640554963,41.83917530455278,41.9625062373432,41.49189142206929,-0.12121640554963165,0.047124695447216425,-0.0762062373432002,0.3944085779307116
Pantheon,1334302,0.45458,41.7873,0.209236,22.841634720596943,7428.239111962423,42.01389956967816,41.84550209215371,41.96877947476798,41.49758967213924,-0.2265995696781573,-0.05820209215370653,-0.18147947476797555,0.28971032786076023
Pantheon,1306360,0.45477,41.8839,0.284149,12.385334375797203,7766.151797929028,42.01498098080768,41.846574033943234,41.969842336767115,41.49855502468384,-0.13108098080768116,0.03732596605676264,-0.08594233676711838,0.3853449753161584
Pantheon,1345582,0.45885,41.9679,0.252185,15.723944338590872,8072.459504453695,42.038102323660596,41.869498627455904,41.99257227604199,41.51919338611506,-0.07020232366059531,0.09840137254409598,-0.02467227604198996,0.44870661388493716
Pantheon,380199,0.46064,42.0021,0.190943,27.42789742400898,8200.604648653269,42.04818611124486,41.87950005553077,42.00248849827874,41.528193370344376,-0.04608611124486117,0.12259994446922917,-0.0003884982787383251,0.47390662965562314
Pantheon,510597,0.46104,42.0162,0.230251,18.86239998011785,8254.026807584614,42.05043450095391,41.88173036955473,42.004699788021426,41.530200029890416,-0.03423450095391445,0.13446963044526683,0.011500211978571429,0.4859999701095816
Pantheon,05D3lc,0.46164,41.9839,0.138441,52.175971550704226,8132.159256108315,42.053803693859194,41.88507267363974,42.00801356672021,41.533206942498126,-0.06990369385919593,0.09882732636025793,-0.024113566720210144,0.45069305750187283
Pantheon,03D4au,0.46643,42.3424,0.396492,6.361084166856242,9591.92722477763,42.08055628034431,41.91162022780682,42.03433386702569,41.55708083122926,0.26184371965568687,0.4307797721931763,0.30806613297431085,0.7853191687707408
Pantheon,215,0.46654,42.048,0.135922,54.12781392661372,8375.79183199781,42.08116763971308,41.912227078998654,42.03493550931462,41.557626363806946,-0.03316763971307779,0.1357729210013474,0.013064490685380292,0.4903736361930555
Pantheon,04D4jr,0.46842,41.9733,0.206146,23.531530534856316,8092.559012654885,42.091595688929466,41.92257946308132,42.045198936843654,41.56693131677028,-0.1182956889294644,0.05072053691868206,-0.07189893684365245,0.4063686832297222
Pantheon,1339149,0.46887,41.7631,0.234035,18.257376758773553,7345.914598469871,42.09408599940046,41.92505204937576,42.04765024947861,41.569153344930214,-0.33098599940046114,-0.16195204937575625,-0.2845502494786061,0.19394665506978725
Pantheon,04D4ju,0.47042,42.2151,0.404516,6.111229476065384,9045.776956416645,42.102646778487234,41.93355292011205,42.05607790075963,41.576791645053625,0.11245322151276582,0.28154707988795025,0.15902209924036725,0.6383083549463748
Pantheon,05D3mx,0.47065,42.0135,0.180637,30.646901756987923,8243.770161936358,42.103914854875796,41.934812257411764,42.05732638068992,41.57792304910576,-0.09041485487579592,0.07868774258823663,-0.04382638068992151,0.4355769508942373
Pantheon,370367,0.47163,41.9798,0.210913,22.47984445226473,8116.819251833173,42.10931151965558,41.94017212125382,42.0626400042612,41.582737982902245,-0.12951151965557983,0.039627878746173906,-0.0828400042612003,0.3970620170977526
Pantheon,1316437,0.47204,42.0374,0.25691,15.150884300831102,8335.005198925735,42.111566217965205,41.94241163216857,42.06486018011387,41.5847495978276,-0.07416621796520673,0.0949883678314265,-0.02746018011387008,0.45265040217239516
Pantheon,05D2bv,0.47565,41.938,0.177112,31.87895124171229,7962.067866164249,42.131340395265326,41.962057388145126,42.08433595646307,41.60239091745012,-0.19334039526532365,-0.024057388145124037,-0.1463359564630693,0.33560908254987964
Pantheon,370329,0.47786,42.2269,0.228278,19.189863348983856,9095.066421057474,42.1433772048464,41.97402025860718,42.0961950001232,41.6131286063122,0.0835227951535984,0.25287974139281744,0.13070499987679796,0.6137713936877986
Pantheon,310146,0.47941,41.8695,0.203883,24.05680618960609,7714.82137444356,42.15178847758998,41.98238178295262,42.10448380992809,41.620631704460614,-0.28228847758997944,-0.11288178295261986,-0.23498380992808876,0.24886829553938838
Pantheon,1306537,0.47946,42.0107,0.198987,25.255187143510362,8233.147102268353,42.15205938782995,41.982651117284945,42.10475080007151,41.62087335947318,-0.14135938782995083,0.0280488827150549,-0.09405080007150701,0.38982664052682026
Pantheon,560054,0.47988,41.8956,0.237796,17.684423633881263,7808.109137869796,42.15433399742693,41.9849125604177,42.10699255557139,41.622902325537595,-0.2587339974269298,-0.08931256041769586,-0.21139255557138625,0.2726976744624068
Pantheon,05D3dd,0.48064,42.0041,0.160362,38.88634025481678,8208.161164030042,42.158445256692154,41.9890003176576,42.11104470370913,41.62656954267784,-0.15434525669215304,0.015099682342402332,-0.10694470370913223,0.37753045732215895
Pantheon,05D2ac,0.48065,41.9748,0.139221,51.592966795400486,8098.151085590099,42.15849931190844,41.98905406640793,42.11109798405714,41.6266177591447,-0.18369931190844113,-0.014254066407929145,-0.136297984057137,0.3481822408553015
Pantheon,120044,0.48164,42.3055,0.210887,22.48538781895325,9430.30795101275,42.1638456087246,41.99437037894548,42.11636794256062,41.631386521976,0.14165439127540225,0.31112962105451913,0.18913205743938022,0.6741134780240046
Pantheon,05D1ix,0.48888,42.0842,0.199732,25.067134911014072,8516.59264384964,42.20263593386075,42.03296272233145,42.154622360475685,41.66598335040145,-0.11843593386074502,0.05123727766855524,-0.07042236047568196,0.41821664959855553
Pantheon,1292145,0.49244,42.2783,0.335403,8.889270344546771,9312.920059319042,42.22151398027557,42.051757050006216,42.17325121172128,41.68281868396241,0.05678601972443431,0.22654294999378521,0.10504878827872233,0.595481316037592
Pantheon,1343208,0.49499,42.0821,0.165011,36.72604885211442,8508.360349867055,42.23495823588817,42.06514681197559,42.186522720727304,41.6948075152406,-0.15285823588817493,0.01695318802440937,-0.10442272072730674,0.38729248475939926
Pantheon,1305504,0.49566,42.1453,0.120919,68.39288221784948,8759.632274371317,42.238479948411744,42.06865496093045,42.18999983748319,41.69794789180968,-0.09317994841174482,0.07664503906954678,-0.044699837483193505,0.4473521081903158
Pantheon,03D1ax,0.49579,42.0817,0.153945,42.195761028404625,8506.793196315068,42.23916275215489,42.06933516921849,42.19067402643681,41.69855675646076,-0.15746275215489192,0.012364830781507408,-0.10897402643681176,0.38314324353923723
Pantheon,05D4af,0.49739,42.1268,0.225856,19.60364075629358,8685.321018458431,42.247552861863596,42.07769429891622,42.19895912090668,41.70603821448204,-0.12075286186359335,0.049105701083782094,-0.07215912090667587,0.4207617855179606
Pantheon,06D2bk,0.50067,42.257,0.253816,15.522512163289033,9222.016078097802,42.264674271200406,42.09475775489004,42.215871086826525,41.72130477553535,-0.007674271200407645,0.1622422451099581,0.041128913173473336,0.5356952244646465
Pantheon,350374,0.50098,42.1165,0.283133,12.474381411389583,8644.221267409544,42.26628704335752,42.09636543464711,42.217464468505625,41.72274278871026,-0.14978704335752013,0.020134565352890377,-0.10096446850562302,0.3937572112897385
Pantheon,1337272,0.50282,42.161,0.218549,20.93641665907541,8823.19494817167,42.27584052637752,42.10589005491336,42.22690429221585,41.7312609303295,-0.11484052637752029,0.05510994508664169,-0.0659042922158477,0.4297390696705037
Pantheon,30006,0.50285,42.0703,0.312874,10.215533467075705,8462.250458283965,42.27599601956396,42.10604509681261,42.22705795254667,41.731399570394345,-0.205696019563959,-0.035745096812604515,-0.1567579525466698,0.33890042960565836
Pantheon,510457,0.50306,42.1484,0.311282,10.32029196139314,8772.146480094196,42.27708422981878,42.10713016537231,42.22813335101088,41.732369833425025,-0.1286842298187807,0.04126983462769118,-0.07973335101087997,0.41603016657497705
Pantheon,03D1au,0.50316,42.1444,0.228687,19.121283713361706,8756.002462873646,42.277602276360994,42.107646726517004,42.2286453078915,41.73283172976706,-0.13320227636099702,0.03675327348299362,-0.08424530789149998,0.41156827023294085
Pantheon,1335472,0.50593,42.079,0.166703,35.98430913110054,8496.222457274396,42.29191414712027,42.12192017659555,42.24279135902353,41.745592117019754,-0.2129141471202729,-0.04292017659555114,-0.16379135902352715,0.3334078829802465
Pantheon,1343759,0.50615,42.1043,0.151709,43.44875221312307,8595.791547059616,42.293047696246816,42.1230508992434,42.24391197484519,41.74660276386621,-0.1887476962468142,-0.018750899243400454,-0.13961197484518806,0.3576972361337951
Pantheon,310091,0.50725,42.2358,0.180974,30.532870020219477,9132.419969984689,42.298708559479266,42.12869812530542,42.24950869212509,41.75164982093453,-0.06290855947926843,0.10710187469457821,-0.013708692125092625,0.4841501790654661
Pantheon,05D4av,0.50739,42.2419,0.288822,11.987799151188833,9158.11040967341,42.29942821160772,42.12941610094319,42.25022024240141,41.752291436526235,-0.057528211607717594,0.11248389905681222,-0.008320242401410383,0.4896085634737659
Pantheon,90201,0.50825,42.0193,0.184312,29.436947716821447,8265.818694079046,42.30384487332361,42.13382275681337,42.25458744318765,41.756229147803964,-0.2845448733236111,-0.11452275681337198,-0.2352874431876515,0.2630708521960372
Pantheon,180313,0.51016,42.0945,0.144405,47.95518141354613,8557.085572780841,42.313629092178765,42.14358654983971,42.26426370136291,41.764952211431186,-0.2191290921787683,-0.049086549839714166,-0.16976370136291052,0.32954778856881006
Pantheon,110484,0.51095,42.0583,0.239085,17.494250489428666,8415.615310421515,42.31766598167715,42.147615713448296,42.26825669655321,41.768551223914514,-0.2593659816771492,-0.08931571344829337,-0.20995669655320626,0.28974877608548866
Pantheon,05D2dy,0.51169,42.3885,0.227281,19.35859066894994,9797.739199940186,42.321442093354676,42.151384970809175,42.271992094301154,41.771917718036434,0.0670579066453243,0.23711502919082506,0.11650790569884606,0.6165822819635665
Pantheon,04D1pg,0.51387,42.2567,0.35966,7.730644816269151,9220.742097498383,42.332536770966726,42.16246160155878,42.28296908686853,41.781808746267004,-0.07583677096672403,0.09423839844122028,-0.026269086868531133,0.47489125373299856
Pantheon,04D4in,0.51437,42.2259,0.196162,25.987843241821466,9090.878952459583,42.33507522861169,42.1649963706144,42.28548102634137,41.78407178082048,-0.10917522861169004,0.060903629385599345,-0.059581026341369636,0.44182821917952
Pantheon,04D2mj,0.51469,42.3259,0.402924,6.159617249883379,9519.318877995458,42.336698633170414,42.166617502530144,42.28708755186422,41.78551904035368,-0.01079863317041685,0.159282497469853,0.03881244813577922,0.5403809596463205
Pantheon,1338430,0.51726,42.0932,0.190441,27.57268716678166,8551.964217343564,42.349702539069156,42.17960564288334,42.29995851296796,41.79711183418285,-0.2565025390691531,-0.08640564288333508,-0.20675851296795855,0.296088165817153
Pantheon,1334470,0.51883,42.1949,0.250421,15.946247816092852,8962.019304296611,42.3576169113762,42.18751255353264,42.30779395153323,41.80416726644152,-0.1627169113762008,0.007387446467355119,-0.11289395153323056,0.3907327335584796
Pantheon,310260,0.51885,42.1824,0.209558,22.771493226133718,8910.577976257795,42.35771758708115,42.18761314476812,42.307893632844014,41.804257015371654,-0.1753175870811461,-0.0052131447681205145,-0.12549363284401238,0.3781429846283473
Pantheon,450175,0.51941,42.2438,0.315111,10.071006404004013,9166.127101227232,42.36053503652488,42.1904283370075,42.31068335278158,41.8067686695379,-0.11673503652487938,0.05337166299249674,-0.06688335278158064,0.43703133046209786
Pantheon,06D3el,0.51968,42.2905,0.196455,25.910382654435285,9365.390167702291,42.36189243623936,42.19178472285647,42.3120274611976,41.807978738732444,-0.07139243623935698,0.09871527714353334,-0.021527461197599962,0.4825212612675571
Pantheon,04D2gc,0.52271,42.3496,0.273927,13.326936167819474,9623.784179245064,42.37708046955386,42.2069646905265,42.327069820559686,41.821518137268804,-0.027480469553857745,0.1426353094735049,0.022530179440316545,0.5280818627311987
Pantheon,1295921,0.524,42.1774,0.369236,7.334861621893091,8890.084215608224,42.383521714919134,42.21340434217886,42.333450982065926,41.82726012412403,-0.206121714919135,-0.03600434217886317,-0.1560509820659277,0.35013987587596773
Pantheon,1322229,0.5262,42.1702,0.223271,20.060204911252743,8860.655977942763,42.394472679959506,42.22435511325134,42.3443021338493,41.83702217301686,-0.22427267995950473,-0.05415511325134048,-0.17410213384929563,0.3331778269831389
Pantheon,50005,0.52859,42.0855,0.188829,28.04546296457887,8521.692816971905,42.40632102180119,42.23620683602804,42.35604582110244,41.847584071368274,-0.3208210218011871,-0.1507068360280357,-0.27054582110243786,0.23791592863172895
Pantheon,1322979,0.52937,42.2913,0.141023,50.282875040131216,9368.84114060239,42.4101770073859,42.240064731569646,42.35986850030827,41.851021371135985,-0.11887700738589757,0.05123526843035364,-0.06856850030826678,0.44027862886401437
Pantheon,330106,0.53099,41.8802,0.23431,18.214546045034545,7752.930218571911,42.418168648056394,42.24806160315839,42.367792296387314,41.85814524900549,-0.5379686480563919,-0.36786160315838856,-0.4875922963873123,0.022054750994513483
Pantheon,160066,0.53111,42.5109,0.289268,11.950861524499594,10365.872794286326,42.41875971414043,42.248653124485784,42.36837840826102,41.85867213371991,0.09214028585957124,0.2622468755142151,0.14252159173897638,0.6522278662800929
Pantheon,1338471,0.53124,42.5253,0.38093,6.8914347197933585,10434.8419401035,42.41939989481955,42.24929380887991,42.36901323296536,41.85924279971968,0.1059001051804529,0.2760061911200893,0.1562867670346435,0.6660572002803207
Pantheon,1337703,0.53225,41.9821,0.221979,20.294400130610082,8125.421053321806,42.424368621443094,42.25426682188264,42.37394074022238,41.86367198667594,-0.4422686214430911,-0.2721668218826352,-0.3918407402223778,0.11842801332406339
Pantheon,06D2ca,0.53271,42.2472,0.294354,11.541443139434401,9180.490278505888,42.42662868383585,42.25652905524611,42.376182259663345,41.86568663258395,-0.17942868383585164,-0.009329055246112716,-0.12898225966334564,0.3815133674160478
Pantheon,06D2cc,0.53372,42.1649,0.273819,13.337451091569017,8839.055789658663,42.431584597659224,42.261490215255286,42.381097964256696,41.87010438662287,-0.26668459765922137,-0.09659021525528289,-0.21619796425669335,0.2947956133771328
Pantheon,05D4ek,0.53435,42.1433,0.225295,19.70139112719609,8751.568069167117,42.43467146944812,42.26458069261686,42.38416010573032,41.872856053812555,-0.29137146944811576,-0.12128069261685681,-0.24086010573031302,0.2704439461874486
Pantheon,05D4be,0.53534,42.3205,0.204703,23.864458537921227,9495.675722899708,42.439515395847806,42.269430801190666,42.388965713602786,41.87717397290699,-0.11901539584780352,0.051069198809337024,-0.06846571360278375,0.44332602709301483
Pantheon,05D2eb,0.53572,42.2134,0.209507,22.782581041881915,9038.697979569833,42.44137245521094,42.27129040086293,42.39080824099527,41.87882937131257,-0.22797245521093856,-0.057890400862930846,-0.17740824099526975,0.33457062868743037
Pantheon,1289656,0.53942,42.3338,0.244476,16.731217215184888,9554.014037643452,42.45939019432453,42.28933771056129,42.40868957521873,41.89489053328519,-0.12559019432453056,0.04446228943870523,-0.07488957521873374,0.43890946671480435
Pantheon,110426,0.54097,42.2791,0.233447,18.349464962719722,9316.351697955552,42.46690380863864,42.296866309314325,42.416148780666994,41.90158824233433,-0.1878038086386411,-0.017766309314325213,-0.13704878066699422,0.3775117576656726
Pantheon,1324542,0.54152,42.53,0.24247,17.009203419729605,10457.451884907023,42.46956508594766,42.29953327078329,42.418791138102655,41.90396053424554,0.06043491405234391,0.2304667292167082,0.11120886189734591,0.6260394657544595
Pantheon,520041,0.54545,42.5633,0.191404,27.29593535689417,10619.055119212659,42.48850779388565,42.318522167525096,42.43760452286213,41.92084635248901,0.07479220611434556,0.24477783247490237,0.12569547713786733,0.6424536475109903
Pantheon,04D4bq,0.54834,42.0235,0.363222,7.579764441138523,8281.821676107136,42.50235627523285,42.332410821812516,42.45136444043984,41.933191226863755,-0.47885627523285024,-0.3089108218125176,-0.4278644404398406,0.0903087731362433
Pantheon,1306980,0.54881,42.1695,0.378555,6.978177729731559,8857.800100268923,42.50460198273505,42.334663557468524,42.4535962659926,41.93519311855052,-0.3351019827350541,-0.1651635574685244,-0.28409626599260207,0.2343068814494771
Pantheon,50201,0.55021,42.3253,0.19588,26.062724261923456,9516.688956340033,42.511280660051106,42.34136398739349,42.46023445405381,41.94114671886956,-0.1859806600511078,-0.016063987393494017,-0.13493445405381266,0.38415328113043756
Pantheon,06D4bo,0.55033,42.3728,0.208456,23.012892040098976,9727.155867666,42.511852376796384,42.341937625537255,42.46080276021263,41.94165636847665,-0.1390523767963856,0.030862374462742537,-0.08800276021263187,0.4311436315233479
Pantheon,1339450,0.55046,42.4104,0.376261,7.063526668735667,9897.052523238344,42.51247160476407,42.34255894514517,42.46141830404342,41.94220837169878,-0.1020716047640704,0.06784105485483138,-0.05101830404341712,0.46819162830121996
Pantheon,04D3hn,0.55267,42.1938,0.244151,16.775790161747004,8957.480575331054,42.52297756017363,42.3531020668613,42.471863323378045,41.95157383500366,-0.3291775601736262,-0.15930206686129367,-0.27806332337804207,0.24222616499634597
Pantheon,06D2ck,0.55375,42.49,0.207133,23.3078067924712,10266.581877237926,42.52809737381059,42.35824114573044,42.47695451970898,41.95613790092416,-0.03809737381058653,0.13175885426956313,0.013045480291019373,0.53386209907584
Pantheon,1337117,0.55384,42.0827,0.177409,31.772303627446558,8510.711621537188,42.528523602233975,42.35866901218665,42.47737839769691,41.95651786427036,-0.4458236022339719,-0.2759690121866498,-0.39467839769690727,0.12618213572964265
Pantheon,05D1ee,0.55782,42.4389,0.195189,26.2475832491462,10027.804883294366,42.54730771826566,42.37753056254666,42.496063836776386,41.97326328085976,-0.10840771826565998,0.06136943745333667,-0.05716383677638959,0.4656367191402353
Pantheon,05D1kl,0.55882,42.7331,0.3833,6.806476689280733,11482.749087639935,42.55200758186605,42.38225141285804,42.500740520151666,41.977453129463385,0.18109241813395016,0.3508485871419609,0.23235947984833416,0.7556468705366157
Pantheon,04D1hx,0.55882,42.2975,0.356215,7.880895942389881,9395.629332196759,42.55200758186605,42.38225141285804,42.500740520151666,41.977453129463385,-0.2545075818660507,-0.08475141285804,-0.20324052015166671,0.32004687053661485
Pantheon,1289555,0.56181,42.2937,0.227829,19.26557573847883,9379.20169089491,42.56601324832634,42.39632347685389,42.514680721173875,41.98993914810087,-0.2723132483263413,-0.10262347685388562,-0.22098072117387346,0.3037608518991277
Pantheon,1303952,0.56269,42.6016,0.265242,14.213970576104467,10808.013414729881,42.57012199425409,42.40045280220562,42.51877129325251,41.99360214779514,0.03147800574591031,0.20114719779437706,0.08282870674748466,0.6079978522048606
Pantheon,05D1cc,0.56283,42.4296,0.234712,18.152206011573583,9984.949553666575,42.57077510221288,42.40110922755311,42.51942155564683,41.9941844046679,-0.14117510221287688,0.028490772446893686,-0.0898215556468287,0.4354155953321026
Pantheon,1285317,0.56437,42.3928,0.221111,20.454049495491663,9817.160132759687,42.577949241821706,42.40832064321188,42.526565221181016,42.00058032373221,-0.1851492418217049,-0.015520643211878848,-0.1337652211810152,0.39221967626779275
Pantheon,1330903,0.56437,42.4881,0.207587,23.205968305840468,10257.60272832226,42.577949241821706,42.40832064321188,42.526565221181016,42.00058032373221,-0.08984924182170317,0.07977935678812287,-0.038465221181013476,0.48751967626779447
Pantheon,1338278,0.56437,42.3969,0.296515,11.373828189349545,9835.713617041385,42.577949241821706,42.40832064321188,42.526565221181016,42.00058032373221,-0.1810492418217038,-0.011420643211877746,-0.1296652211810141,0.39631967626779385
Pantheon,05D1dn,0.56481,42.4873,0.19275,26.916043812590317,10253.824383860605,42.579995620441665,42.41037793599642,42.52860317103999,42.00240473750751,-0.0926956204416669,0.07692206400357549,-0.04130317103999204,0.48489526249248627
Pantheon,1317454,0.56879,42.2407,0.262337,14.530511564131539,9153.05084896821,42.598438330961514,42.42892467651042,42.5469752331626,42.01884740094502,-0.3577383309615172,-0.18822467651042274,-0.3062752331626015,0.22185259905497645
Pantheon,1306785,0.57542,42.1912,0.452867,4.87594333176922,8946.7618057935,42.628893220468754,42.45957392051582,42.577334636400934,42.04600125690766,-0.43769322046875203,-0.26837392051582043,-0.38613463640093215,0.14519874309234382
Pantheon,05D2dt,0.57577,42.5915,0.213158,22.008818378726065,10757.859674676154,42.63049176464235,42.46118345056732,42.57892890521242,42.04742659814915,-0.03899176464234699,0.13031654943268478,0.012571094787581671,0.5440734018508522
Pantheon,50203,0.57619,42.4887,0.202103,24.4824276415769,10260.43740030448,42.632408812147965,42.463113776734104,42.58084092311303,42.04913594185899,-0.14370881214796327,0.02558622326589699,-0.09214092311302835,0.4395640581410092
Pantheon,06D3et,0.57668,42.4263,0.166843,35.92394472099991,9969.786888624752,42.634643707719434,42.46536429576912,42.58307008970059,42.05112870883157,-0.2083437077194361,-0.03906429576912274,-0.15677008970059347,0.37517129116842796
Pantheon,1337228,0.57737,42.645,0.290949,11.813164790581977,11026.20023708805,42.63778777997522,42.46853060860185,42.58620634793385,42.05393217565529,0.007212220024783278,0.17646939139815032,0.05879365206615006,0.5910678243447123
Pantheon,03D4gf,0.5783,42.4174,0.24485,16.68014352763101,9929.008330086914,42.64201985671579,42.47279310561397,42.59042836085456,42.05770582458273,-0.22461985671579043,-0.05539310561396604,-0.17302836085455908,0.35969417541726756
Pantheon,110721,0.57831,42.4512,0.241176,17.192214622735214,10084.767148498639,42.642065328127316,42.47283890689113,42.59047372697032,42.057746370708784,-0.19086532812731605,-0.021638906891126908,-0.13927372697032325,0.39345362929121563
Pantheon,05D1dx,0.57882,42.4272,0.214391,21.75639324317377,9973.919875936155,42.64438339011285,42.475173869994904,42.59278650111189,42.05981335720092,-0.21718339011285082,-0.04797386999490527,-0.1655865011118891,0.36738664279907596
Pantheon,1332059,0.57891,42.5317,0.231686,18.629466445309568,10465.642009185687,42.64479226046217,42.47558573876015,42.593194455047055,42.06017794332433,-0.11309226046216736,0.05611426123984842,-0.061494455047053975,0.47152205667567415
Pantheon,05D3jq,0.57967,42.3923,0.23116,18.714344868725757,9814.89990832989,42.64824256129933,42.479061549210854,42.596637217324684,42.06325456600865,-0.255942561299328,-0.08676154921085555,-0.20433721732468513,0.32904543399134667
Pantheon,05D3gp,0.58067,42.573,0.262496,14.51291395028882,10666.5967040034,42.65277595378466,42.48362902299857,42.60116123496763,42.06729703202658,-0.07977595378466162,0.08937097700142971,-0.02816123496762657,0.50570296797342
Pantheon,03D1aw,0.5808,42.7061,0.239821,17.38703710294843,11340.85701870777,42.65336475529404,42.4842222980903,42.60174886312043,42.067822076070414,0.05273524470595703,0.22187770190969758,0.10435113687957198,0.6382779239295857
Pantheon,04D1jg,0.58301,42.5408,0.168029,35.418610093402734,10509.592453462312,42.663355455969665,42.49429056048755,42.61172121052984,42.076731112741605,-0.12255545596966755,0.046509439512448125,-0.07092121052984623,0.46406888725839224
Pantheon,05D4ej,0.5833,42.7974,0.186201,28.84270459065324,11827.851820853282,42.664663807189626,42.49560930090611,42.613027376439945,42.07789783592399,0.13273619281037696,0.30179069909389256,0.18437262356005846,0.7195021640760118
Pantheon,04D1kj,0.58382,42.4765,0.198486,25.382841661552778,10202.952741063034,42.66700828415649,42.497972529365455,42.61536806424878,42.079988538847005,-0.19050828415648624,-0.021472529365453852,-0.13886806424877562,0.39651146115299696
Pantheon,04D1sa,0.58382,42.6489,0.184752,29.296902319361415,11046.021267360113,42.66700828415649,42.497972529365455,42.61536806424878,42.079988538847005,-0.01810828415649013,0.15092747063454226,0.03353193575122049,0.5689114611529931
Pantheon,1338387,0.5839,42.4199,0.199369,25.15849970480228,9940.446106221276,42.667368798489356,42.49833594250143,42.61572801036065,42.08031003148221,-0.24746879848935777,-0.07843594250142871,-0.19582801036064978,0.3395899685177852
Pantheon,05D1hm,0.58582,42.707,0.37297,7.188730439501316,11345.558384813421,42.676007225255674,42.507045055422,42.624353976108964,42.088013572408464,0.030992774744326823,0.19995494457800334,0.08264602389103715,0.6189864275915369
Pantheon,05D4bf,0.5873,42.6241,0.203038,24.257461255065227,10920.58428415994,42.682647842647214,42.51374161749622,42.6309865259355,42.09393568686109,-0.05854784264721502,0.11035838250377594,-0.006886525935499321,0.5301643131389113
Pantheon,04D1oh,0.58879,42.5021,0.220032,20.655147817517726,10323.94958426698,42.68931743270528,42.52046880764844,42.63764934187226,42.099883794535614,-0.1872174327052818,-0.018368807648442953,-0.13554934187226308,0.4022162054643843
Pantheon,03D4gg,0.59029,42.5156,0.248253,16.225981974588525,10388.333298533964,42.696015750416734,42.52722640269532,42.64434220204338,42.10585768357778,-0.18041575041673497,-0.011626402695320337,-0.1287422020433837,0.4097423164222178
Pantheon,04D2mh,0.59179,42.4508,0.255828,15.279313743015246,10082.909636826853,42.70269805596785,42.53396927656681,42.651020412540824,42.1118174579289,-0.25189805596784964,-0.08316927656680662,-0.20022041254082268,0.33898254207110057
Pantheon,05D3lr,0.60067,42.6116,0.278838,12.861632077601968,10857.900937978382,42.7419333858914,42.57358939936488,42.69025918636176,42.146814013588646,-0.1303333858913973,0.03801060063512551,-0.07865918636175451,0.46478598641135704
Pantheon,1338233,0.60155,42.7562,0.394779,6.4164071600213175,11605.5539569063,42.74579174219488,42.57748831338856,42.6941204443586,42.150255886447056,0.010408257805117671,0.1787116866114431,0.062079555641396666,0.605944113552944
Pantheon,05D4ef,0.60328,42.7503,0.2001,24.975018737507806,11574.063881206665,42.75336142447796,42.585138993325465,42.7016971668071,42.15700866775587,-0.0030614244779556543,0.1651610066745377,0.04860283319290204,0.5932913322441351
Pantheon,1335564,0.60626,42.6158,0.275076,13.215834734194372,10878.922303193873,42.76635264002472,42.59827364757636,42.71470464582397,42.1685985234686,-0.15055264002472057,0.017526352423637093,-0.0989046458239713,0.4472014765313972
Pantheon,03D4dy,0.60827,42.5904,0.228388,19.171382722779764,10752.411459530062,42.775081185174805,42.607101727592116,42.72344710321407,42.17638597642754,-0.18468118517480292,-0.01670172759211397,-0.13304710321406787,0.414014023572463
Pantheon,1302141,0.60876,42.4282,0.350327,8.148033012102104,9978.514093557662,42.777204911870406,42.609250057993385,42.72557457953113,42.1782807843537,-0.3490049118704093,-0.1810500579933887,-0.2973745795311302,0.24991921564629394
Pantheon,1332413,0.60878,42.6179,0.230751,18.780745018280033,10889.448242732247,42.777291560313444,42.60933771348634,42.7256613839958,42.178358093344556,-0.1593915603134448,0.008562286513658535,-0.10776138399580049,0.43954190665544246
Pantheon,05D2he,0.60981,42.6876,0.321483,9.675735219244878,11244.648262244973,42.781750326165835,42.613848640859224,42.73012850024392,42.182336319363955,-0.09415032616583119,0.07375135914077902,-0.04252850024391819,0.5052636806360482
Pantheon,04D3do,0.61071,42.6686,0.184238,29.46059942385006,11146.688765401988,42.78564051829599,42.61778488969317,42.734026494526425,42.185807331356145,-0.11704051829599393,0.050815110306828615,-0.06542649452642735,0.48279266864385306
Pantheon,04D4an,0.61127,42.9049,0.247686,16.300355675149625,12428.132508695711,42.788058351255316,42.6202316050871,42.736449419792095,42.18796467440416,0.11684164874468195,0.28466839491289875,0.16845058020790304,0.7169353255958413
Pantheon,1295305,0.61177,42.701,0.16444,36.981546090160066,11314.252718776634,42.79021536385867,42.62241455118816,42.738611132936384,42.18988932254172,-0.08921536385867057,0.07858544881184315,-0.03761113293638374,0.5111106774582836
Pantheon,05D1ck,0.61577,42.7085,0.347272,8.29202234093602,11353.39832640413,42.80741176718548,42.63982335042514,42.75585034748425,42.20523411899584,-0.09891176718547712,0.06867664957486141,-0.04735034748424738,0.503265881004161
Pantheon,1308957,0.61875,42.7164,0.388756,6.616766212408328,11394.778174325016,42.82015462326335,42.65273010689995,42.76863108485218,42.216605939099495,-0.10375462326334883,0.06366989310004811,-0.0522310848521812,0.4997940609005056
Pantheon,1335868,0.61941,42.6948,0.2753,13.19433714882777,11281.99427616874,42.82296901992467,42.65558145455961,42.77145455926741,42.21911765086698,-0.12816901992466967,0.039218545440391495,-0.0766545592674106,0.47568234913302376
Pantheon,202,0.61983,42.7557,0.154862,41.69752449574491,11602.881986986284,42.82475852414576,42.65739459559783,42.77324996976731,42.22071471965825,-0.06905852414575975,0.0983054044021685,-0.017549969767316043,0.5349852803417505
Pantheon,04D3co,0.6207,42.6988,0.268136,13.908802721369012,11302.795630513781,42.82846171080114,42.661147047067956,42.77696571095363,42.224019740495265,-0.12966171080114464,0.03765295293204218,-0.078165710953634,0.47478025950473324
Pantheon,04D2an,0.62183,42.5894,0.275623,13.16343062989092,10747.460931050748,42.83326427770547,42.66601421039751,42.78178522783587,42.22830605530362,-0.2438642777054696,-0.07661421039751559,-0.19238522783587086,0.36109394469637834
Pantheon,03D4dh,0.62525,42.6577,0.215148,21.60356248953452,11090.876646175146,42.84774935723236,42.680698970204205,42.79632602198082,42.241234890815576,-0.19004935723236116,-0.02299897020420616,-0.1386260219808193,0.41646510918442203
Pantheon,04D4fx,0.62725,42.585,0.244041,16.79091674133815,10725.705669436304,42.85618547517666,42.689254756260425,42.80479778342871,42.24876524051473,-0.27118547517665803,-0.10425475626042413,-0.21979778342871015,0.33623475948527215
Pantheon,05D1cb,0.63077,42.6632,0.202856,24.301007794753932,11119.003707819378,42.87097141432452,42.70425647046502,42.819651910616315,42.26196472574908,-0.20777141432451884,-0.04105647046501559,-0.1564519106163118,0.4012352742509222
Pantheon,05D2ci,0.63183,42.3111,0.32695,9.354860520082067,9454.659113958201,42.87540870007851,42.70876001716673,42.82411108735435,42.26592618902167,-0.5643087000785059,-0.3976600171667286,-0.5130110873543501,0.045173810978333506
Pantheon,03D4at,0.63225,42.8493,0.323662,9.545893243796693,12113.952740840541,42.87716492082339,42.71054265597156,42.82587615504651,42.267494121022196,-0.027864920823390094,0.1387573440284413,0.02342384495349137,0.5818058789778036
Pantheon,1330642,0.63399,42.5972,0.147609,45.89594578906846,10786.135581362694,42.88442894487974,42.71791711411675,42.83317787558658,42.273979568688304,-0.28722894487973605,-0.12071711411675068,-0.23597787558657757,0.32322043131169664
Pantheon,04D1pu,0.63777,42.5298,0.442879,5.0983520898918,10456.488762348305,42.9001445707873,42.733878110215024,42.84898117130082,42.28801197732878,-0.3703445707872959,-0.20407811021502198,-0.31918117130081924,0.2417880226712228
Pantheon,1343871,0.63794,42.8637,0.31082,10.350994737425923,12194.552704739968,42.900849283111285,42.73459403278175,42.84969001166418,42.28864125159679,-0.03714928311128318,0.1291059672182513,0.014009988335821788,0.5750587484032081
Pantheon,05D4ag,0.63824,42.6594,0.367516,7.403677585126622,11099.562859517673,42.90209245918071,42.73585702828763,42.85094051129043,42.289751356611504,-0.24269245918070936,-0.0764570282876349,-0.1915405112904338,0.36964864338849424
Pantheon,1337325,0.63873,42.7804,0.261646,14.607362285681672,11735.61558102495,42.9041217899282,42.73791883136525,42.85298191026682,42.291563488702145,-0.12372178992819727,0.04248116863475104,-0.0725819102668197,0.48883651129785477
Pantheon,1334879,0.63934,42.79,0.171844,33.86345403922876,11787.61316274498,42.90664603944738,42.740483679771245,42.855521367758996,42.293817609100586,-0.11664603944738161,0.049516320228754296,-0.06552136775899697,0.4961823908994134
Pantheon,05D2ec,0.64185,42.8476,0.256941,15.147228604932256,12104.472693809861,42.91700874548212,42.75101546770949,42.86594879617159,42.303071840841994,-0.0694087454821215,0.09658453229050679,-0.018348796171586912,0.5445281591580056
Pantheon,1308568,0.64311,42.3609,0.407842,6.011960303341337,9673.995366782241,42.922196269542084,42.756289095642565,42.87117010782045,42.307704759559705,-0.5612962695420833,-0.39538909564256386,-0.5102701078204461,0.05319524044029578
Pantheon,04D3cy,0.64371,42.7992,0.309841,10.41650984600243,11837.66035429108,42.92466313350255,42.75879724865035,42.873653365052036,42.309907956978144,-0.12546313350254934,0.04040275134964588,-0.0744533650520367,0.48929204302185525
Pantheon,05D3ax,0.64371,42.8034,0.316528,9.981038543585868,11860.57857605662,42.92466313350255,42.75879724865035,42.873653365052036,42.309907956978144,-0.12126313350254492,0.044602751349650305,-0.07025336505203228,0.49349204302185967
Pantheon,05D3lb,0.6477,42.819,0.288435,12.019989354081739,11946.092550507656,42.941012532959235,42.7754259142689,42.89011674789212,42.32451102789071,-0.12201253295923209,0.043574085731101775,-0.07111674789211975,0.4944889721092949
Pantheon,1338266,0.64852,43.0397,0.272369,13.479837207641822,13224.092398682254,42.94436072383418,42.77883250535123,42.8934894300084,42.32750183884436,0.0953392761658236,0.260867494648771,0.1462105699916023,0.7121981611556407
Pantheon,05D3kt,0.6487,42.7335,0.310678,10.360459051983863,11484.864483019133,42.94509515499773,42.77957980187395,42.89422928578376,42.32815788968781,-0.21159515499773107,-0.046079801873951,-0.16072928578375922,0.4053421103121906
Pantheon,1334707,0.64962,42.7805,0.149571,44.69976145379134,11736.156038539242,42.94884589749164,42.78339655785494,42.89800802635909,42.33150840883489,-0.16834589749163342,-0.0028965578549389193,-0.11750802635908997,0.448991591165111
Pantheon,04D1sk,0.66213,42.9793,0.279772,12.775900035384314,12861.329805065738,42.99935345349039,42.834844053484744,42.948941086557376,42.376637595155174,-0.020053453490390893,0.14445594651525795,0.03035891344262609,0.6026624048448284
Pantheon,05D3hs,0.6647,42.8698,0.233989,18.26455591576892,12228.857239772444,43.00961718069654,42.84531052825564,42.95930244936698,42.385811001585864,-0.13981718069653937,0.024489471744360003,-0.08950244936698226,0.4839889984141337
Pantheon,05D3mh,0.67072,43.0677,0.274795,13.242877062570527,13395.71425671305,43.03351213764354,42.869693094022594,42.98343955625434,42.40717121883819,0.034187862356461096,0.1980069059774081,0.08426044374566288,0.6605287811618155
Pantheon,03D1co,0.67773,43.2251,0.311797,10.286227740334944,14402.765012964952,43.061080883172835,42.89785181225025,43.011313778560776,42.43182208029601,0.16401911682716275,0.3272481877497455,0.21378622143922144,0.7932779197039892
Pantheon,05D2bt,0.6819,42.8376,0.239367,17.453054563395174,12048.857693601985,43.07735205881957,42.914485126699056,43.0277785307227,42.44637454933221,-0.23975205881956896,-0.07688512669905379,-0.1901785307226973,0.3912254506677897
Pantheon,06D3cc,0.68372,43.1716,0.407734,6.015145604074128,14052.2502408075,43.08442393728857,42.921717653075106,43.03493764487988,42.45270025310617,0.08717606271142841,0.24988234692489186,0.13666235512011582,0.7188997468938254
Pantheon,04D4ic,0.68519,43.0166,0.366173,7.458085600188797,13084.160867260562,43.09012275747547,42.92754737136922,43.04070813812375,42.45779814170817,-0.0735227574754731,0.08905262863077468,-0.024108138123750678,0.5588018582918295
Pantheon,05D1ke,0.68872,42.8137,0.226508,19.490945593336537,11916.970795979221,43.10376023325383,42.94150333615664,43.05452213499688,42.469998919620565,-0.2900602332538327,-0.12780333615664574,-0.24082213499688265,0.34370108037943226
Pantheon,1262715,0.68935,42.8535,0.15677,40.68872519371689,12137.40587660068,43.10618710776256,42.94398766612725,43.05698116537779,42.47217032713238,-0.2526871077625614,-0.09048766612725245,-0.20348116537779504,0.381329672867615
Pantheon,1262214,0.68936,43.0444,0.271991,13.51733050058428,13252.74601901758,43.1062256125284,42.944027084380835,43.05702018214194,42.47220477915848,-0.06182561252839491,0.10037291561916817,-0.012620182141937164,0.5721952208415217
Pantheon,06D3em,0.69072,42.9143,0.425857,5.514071831528199,12482.048767847753,43.11145730532577,42.94938344664058,43.062321968410075,42.47688596599491,-0.19715730532577425,-0.03508344664058427,-0.14802196841007742,0.43741403400508716
Pantheon,03D4cz,0.69318,42.9162,0.318024,9.887356845951368,12492.975119513743,43.120895607829425,42.95904944293049,43.071889380203594,42.485331855560986,-0.20469560782942153,-0.04284944293048909,-0.15568938020359013,0.43086814443901744
Pantheon,04D4ib,0.69718,42.9692,0.212738,22.095806396415664,12801.647811063958,43.136174434079976,42.97470448897788,43.087384493267706,42.4990061890393,-0.16697443407997525,-0.005504488977877031,-0.11818449326770519,0.47019381096070134
Pantheon,06D4ba,0.69818,42.9671,0.342807,8.509433271667609,12789.273504501583,43.13998106912864,42.97860633129636,43.09124642316867,42.50241347133236,-0.17288106912863554,-0.011506331296359917,-0.12414642316866775,0.4646865286676416
Pantheon,05D4bj,0.69918,42.9402,0.338462,8.72931503573615,12631.818446451796,43.143782503531675,42.98250343201492,43.09510363974081,42.50581625887631,-0.20358250353167762,-0.04230343201492559,-0.1549036397408159,0.43438374112368905
Pantheon,05D4cq,0.69918,43.0691,0.215345,21.564054210844105,13404.353577549864,43.143782503531675,42.98250343201492,43.09510363974081,42.50581625887631,-0.07468250353167605,0.08659656798507598,-0.02600363974081432,0.5632837411236906
Pantheon,1335718,0.69932,43.1107,0.155898,41.14517488375662,13663.623137932054,43.144314290136236,42.983048648473236,43.09564327467294,42.50629229117762,-0.03361429013623507,0.1276513515267652,0.015056725327063702,0.6044077088223787
Pantheon,05D2ck,0.69992,43.1147,0.29538,11.46140417302666,13688.815657939766,43.146592225033416,42.9853842415167,43.0979549531575,42.50833143543524,-0.03189222503341682,0.12931575848330112,0.016745046842501665,0.606368564564761
Pantheon,04D1si,0.7007,42.917,0.223194,20.074048493259067,12497.578549569182,43.14955075483949,42.988417973061885,43.100957610962524,42.510979916222624,-0.23255075483948673,-0.0714179730618838,-0.18395761096252272,0.40602008377737775
Pantheon,04D4hu,0.70117,43.0968,0.261582,14.61451098514482,13576.439075583225,43.15133194083943,42.990244607103634,43.10276552936726,42.512574484359526,-0.05453194083942492,0.10655539289636806,-0.005965529367259137,0.5842255156404761
Pantheon,04D2iu,0.70192,42.8962,0.462713,4.670642184700981,12378.438835164732,43.15417189916819,42.99315729755499,43.10564836733214,42.51511696953349,-0.2579718991681901,-0.09695729755498661,-0.20944836733213634,0.38108303046651315
Pantheon,05D2le,0.70192,43.0433,0.252753,15.653352376874992,13246.03429254303,43.15417189916819,42.99315729755499,43.10564836733214,42.51511696953349,-0.11087189916818829,0.050142702445015175,-0.06234836733213456,0.5281830304665149
Pantheon,05D3gv,0.71571,42.9944,0.245932,16.533694805367233,12951.076689657903,43.205878958598035,43.04624691286497,43.15819190499085,42.56142433200583,-0.21147895859803612,-0.051846912864974115,-0.16379190499085183,0.432975667994171
Pantheon,05D3jh,0.71874,42.8739,0.18843,28.164361094045624,12251.968598608704,43.21711253900565,43.05779563858791,43.16962135395424,42.57148905171029,-0.3432125390056484,-0.1838956385879129,-0.29572135395424226,0.3024109482897117
Pantheon,1331993,0.71968,43.1638,0.204549,23.900406013312026,14001.86464533086,43.22058833600662,43.06137002536913,43.17315878903695,42.57460350713981,-0.05678833600661903,0.10242997463087278,-0.00935878903694487,0.5891964928601894
Pantheon,04D1aj,0.71969,42.97,0.342226,8.538350872609517,12806.364981291945,43.220625289210474,43.06140802948681,43.17319640018276,42.57463661952366,-0.25062528921047544,-0.09140802948681426,-0.20319640018276175,0.3953633804763399
Pantheon,05D4ev,0.72015,43.1612,0.243162,16.912530251414957,13985.109625996232,43.222324605582955,43.06315573536025,43.17492603233706,42.57615933186774,-0.06112460558295396,0.09804426463975346,-0.013726032337061156,0.5850406681322582
Pantheon,06D3gh,0.72074,43.0459,0.305174,10.737543585422989,13261.903854285065,43.22450264349079,43.06539597386987,43.17714309789255,42.57811106685084,-0.17860264349078392,-0.01949597386986568,-0.1312430978925434,0.4677889331491656
Pantheon,06D3do,0.72674,43.0811,0.248363,16.21161217908518,13478.63382777892,43.24655574935117,43.088090256233535,43.19960226778598,42.597876201369104,-0.16545574935116747,-0.006990256233535774,-0.11850226778597772,0.4832237986308954
Pantheon,06D3bz,0.72774,43.008,0.257091,15.12955843004617,13032.444228067101,43.25021430627403,43.09185719533457,43.203330117648406,42.60115579481284,-0.24221430627402896,-0.08385719533456637,-0.19533011764840325,0.4068442051871628
Pantheon,1304127,0.72866,43.005,0.283498,12.442280880487347,13014.451672663006,43.25357592775788,43.09531890974614,43.206755894161674,42.60416936416674,-0.2485759277578765,-0.09031890974613788,-0.20175589416167128,0.40083063583326606
Pantheon,06D4bw,0.73014,42.9186,0.321961,9.647026349684344,12506.790499141396,43.25897523047627,43.100879996518785,43.21225921640105,42.60900994975761,-0.34037523047626905,-0.1822799965187869,-0.2936592164010534,0.3095900502423845
Pantheon,1329166,0.73161,43.1799,0.196424,25.918561749100597,14106.064815978383,43.26432768022052,43.10639406860316,43.217715973515666,42.61380891069158,-0.08442768022051439,0.07350593139684491,-0.037815973515662904,0.5660910893084221
Pantheon,04D1pp,0.73368,42.9845,0.195902,26.056870848092274,12892.165589916236,43.271847352889594,43.11414290044954,43.22538419649284,42.62055162981913,-0.2873473528895971,-0.1296429004495394,-0.24088419649284276,0.36394837018086434
Pantheon,04D2gp,0.73395,43.22,0.388289,6.632691917384805,14368.977841535976,43.27282668007544,43.11515225283199,43.22638304328248,42.62142982595077,-0.05282668007544089,0.10484774716800871,-0.006383043282482959,0.5985701740492289
Pantheon,05D2fq,0.73495,43.2537,0.224615,19.820859773012035,14593.715482924688,43.27645081174332,43.11888785945464,43.23007975758412,42.624679821001365,-0.022750811743314614,0.13481214054536395,0.023620242415880455,0.6290201789986369
Pantheon,05D1eo,0.73568,43.1807,0.25711,15.12732241442092,14111.26263972466,43.27909344369597,43.12161213674467,43.232775660653196,42.6270497532322,-0.09839344369596859,0.05908786325532844,-0.05207566065319469,0.553650246767802
Pantheon,05D2ct,0.73596,43.1675,0.425639,5.519721574580118,14025.742941579741,43.28010638883489,43.12265645798561,43.233809102474225,42.62795819518204,-0.11260638883489094,0.044843542014383786,-0.06630910247422861,0.5395418048179579
Pantheon,05D3jk,0.73675,42.992,0.21489,21.655468721240524,12936.770538046312,43.282962350283555,43.12560112413771,43.23672308459951,42.63051958884738,-0.2909623502835572,-0.1336011241377122,-0.24472308459951364,0.36148041115261975
Pantheon,04D2ja,0.74196,43.4813,0.32514,9.459304311529339,16206.374671901465,43.30172399734752,43.14495437571142,43.25587440054696,42.647348919926365,0.17957600265247464,0.33634562428857606,0.22542559945303964,0.8339510800736321
Pantheon,04D3fq,0.74276,43.0825,0.327179,9.341769745002638,13487.326626076143,43.30459366437391,43.14791589488128,43.25880497732322,42.649923462717396,-0.22209366437390798,-0.06541589488127642,-0.1763049773232197,0.4325765372826069
Pantheon,05D3jb,0.74573,43.1675,0.195179,26.250272908960717,14025.742941579741,43.315221416637314,43.158886987472236,43.26966134716791,42.65945923860007,-0.1477214166373173,0.008613012527760588,-0.10216134716791458,0.5080407613999256
Pantheon,04D2kr,0.74607,42.9817,0.25474,15.410109015487642,12875.552530403267,43.31643546874711,43.160140579003105,43.27090182059932,42.66054865162538,-0.33473546874711246,-0.17844057900310872,-0.28920182059932387,0.3211513483746131
Pantheon,04D4im,0.74911,42.9396,0.262488,14.513798600870002,12628.328628187948,43.327266974413284,43.17132774466406,43.28197183298322,42.67026908829686,-0.38766697441328546,-0.2317277446640631,-0.3423718329832184,0.26933091170313617
Pantheon,1285160,0.7493,43.1772,0.163225,37.53415520152662,14088.536291818955,43.32794254120499,43.17202566720111,43.28266244167037,42.670875413069965,-0.1507425412049912,0.005174332798887349,-0.10546244167036889,0.5063245869300346
Pantheon,04D3ks,0.75074,42.9012,0.318716,9.84446836111917,12406.974083712528,43.33305728405746,43.17731032696872,43.287891701580065,42.675466136292286,-0.4318572840574575,-0.27611032696871973,-0.3866917015800624,0.22573386370771686
Pantheon,05D2nt,0.75899,43.2469,0.233153,18.395770556176995,14548.08651458614,43.36218002305462,43.20742292278056,43.31768796901717,42.701612500739294,-0.11528002305462337,0.03947707721943772,-0.0707879690171751,0.5452874992607022
Pantheon,05D3mn,0.76076,43.0667,0.201161,24.712257931133962,13389.54672255774,43.36838851287159,43.21384738582903,43.324044800947746,42.707188116373885,-0.3016885128715927,-0.14714738582902953,-0.2573448009477488,0.3595118836261122
Pantheon,05D4cn,0.7611,43.1767,0.236628,17.85943575866217,14085.292659905424,43.36957951345097,43.21508001754429,43.32526445087457,42.70825777694516,-0.19287951345097554,-0.038380017544291434,-0.1485644508745736,0.4684422230548364
Pantheon,05D1if,0.76165,43.131,0.239872,17.37964445498645,13791.956383796101,43.37150504909091,43.21707299620113,43.32723643605547,42.70998718328441,-0.2405050490909133,-0.08607299620113196,-0.19623643605547159,0.42101281671558866
Pantheon,04D1qd,0.76566,43.2369,0.225434,19.677103316972307,14481.244128717748,43.38550366035193,43.23156699835935,43.34157761819199,42.72256164787353,-0.14860366035193096,0.0053330016406505365,-0.1046776181919924,0.5143383521264653
Pantheon,04D1de,0.76666,43.4224,0.250162,15.979284137991836,15772.693899559847,43.38898359591522,43.23517147441531,43.345144050558,42.72568802289459,0.033416404084782414,0.18722852558469327,0.07725594944200509,0.6967119771054158
Pantheon,05D3hh,0.76674,43.3623,0.27025,13.692053731041854,15342.137654462782,43.389261801994195,43.23545966097083,43.345429194755226,42.72593797147075,-0.026961801994197288,0.12684033902916525,0.016870805244771248,0.6363620285292484
Pantheon,04D4id,0.76709,43.5587,0.25715,15.122616633086267,16794.453453894163,43.390478625320426,43.236720178718066,43.346676404164356,42.72703121565084,0.16822137467957532,0.3219798212819356,0.212023595835646,0.8316687843491621
Pantheon,04D1pc,0.76865,43.2929,0.311675,10.294282062260475,14859.557438790343,43.395895689785746,43.242332587702236,43.352229535145526,42.73189841056701,-0.10299568978574314,0.05056741229776662,-0.05932953514552253,0.5610015894329905
Pantheon,1329196,0.76932,43.2168,0.162741,37.75774415834355,14347.818527848834,43.39821900152974,43.244740093834736,43.354611601755295,42.73398603125472,-0.1814190015297399,-0.0279400938347365,-0.1378116017552955,0.48281396874527616
Pantheon,05D4bi,0.77309,43.3568,0.295081,11.484643189327643,15303.327589919196,43.41125575310991,43.258253902952376,43.36798248544402,42.745701839223855,-0.05445575310991302,0.09854609704762396,-0.011182485444017232,0.6110981607761445
Pantheon,1325358,0.77929,43.0395,0.311092,10.33290208489791,13222.874470849707,43.43256292275336,43.280357746288104,43.38985208605558,42.76485594344554,-0.39306292275336574,-0.24085774628810697,-0.35035208605558665,0.27464405655445745
Pantheon,05D4cs,0.78807,43.3042,0.232049,18.571226961843777,14937.085780176852,43.462458736950616,43.311407214234656,43.42057154222482,42.791743415461994,-0.15825873695061432,-0.007207214234654202,-0.11637154222481882,0.5124565845380076
Pantheon,03D4fd,0.78907,43.3837,0.271177,13.598603036256113,15494.082891243359,43.46584332590006,43.31492507117136,43.424051938569676,42.7947883676721,-0.08214332590006279,0.06877492882863834,-0.040351938569678225,0.5889116323278998
Pantheon,1309749,0.78928,43.1995,0.165559,36.4833249112131,14233.964392063735,43.46655356369458,43.31566334357488,43.4247823475158,42.795427359280694,-0.26705356369458144,-0.11616334357488256,-0.225282347515801,0.40407264071930626
Pantheon,04D1ks,0.79662,42.9026,0.372096,7.222540688886736,12414.975734663652,43.49126415110895,43.34136428020034,43.450209147974746,42.8176645494095,-0.5886641511089508,-0.4387642802003384,-0.5476091479747467,0.08493545059049978
Pantheon,03D1fq,0.79863,43.4338,0.288144,12.044279869554305,15855.716610347745,43.49799260440925,43.3483674610962,43.45713749901137,42.82372136055571,-0.06419260440925001,0.08543253890379532,-0.023337499011368834,0.6100786394442892
Pantheon,Elvis,0.83981,43.36,0.211845,22.282481963733254,15325.896031825796,43.63235212344489,43.48867793321309,43.595937227166196,42.94484380792039,-0.27235212344488957,-0.1286779332130905,-0.2359372271661968,0.41515619207960697
Pantheon,Spock,0.83981,43.2012,0.390423,6.56038325644676,14245.11222603248,43.63235212344489,43.48867793321309,43.595937227166196,42.94484380792039,-0.43115212344488896,-0.2874779332130899,-0.3947372271661962,0.2563561920796076
Pantheon,Manipogo,0.85482,43.6168,0.299913,11.11755835997324,17249.871930377405,43.679742264855776,43.53838403314072,43.64510305060727,42.98764972799433,-0.06294226485577781,0.07841596685927499,-0.028303050607270563,0.629150272005667
Pantheon,Vilas,0.93585,43.5331,0.239939,17.36993970835269,16597.622208771263,43.92234808610867,43.79472430486463,43.898618223468254,43.20757603266391,-0.38924808610867245,-0.2616243048646325,-0.365518223468257,0.325523967336089
Pantheon,Ombo,0.97423,44.1111,0.201519,24.624532903031362,21659.37273211283,44.0301647405543,43.90970680547459,44.01231417534762,43.30578703150914,0.08093525944570246,0.2013931945254086,0.0987858246523814,0.8053129684908598
Pantheon,SCP05D0,1.01242,44.1177,0.367085,7.421073329059873,21725.304642872172,44.13337623781898,44.02042547377142,44.12178391187088,43.400109329710006,-0.015676237818979644,0.09727452622858124,-0.004083911870878865,0.7175906702899937
Pantheon,Eagle,1.01988,44.2757,0.225903,19.595484377067816,23365.00482548581,44.15308828246882,44.0416452925047,44.14276330722117,43.41815962226272,0.1226117175311785,0.23405470749530366,0.13293669277882714,0.8575403777372799
Pantheon,Ferguson,1.02088,43.9706,0.47547,4.4233750069179925,20302.329645070255,44.155719812340934,44.04447992989675,44.14556580295924,43.42057020874426,-0.1851198123409361,-0.07387992989675496,-0.17496580295924247,0.5500297912557386
Pantheon,Strolger,1.02789,44.5364,0.353385,8.007625936039696,26345.46540871821,44.1740956074058,44.064286026902884,44.16514715946348,43.43740912141704,0.3623043925941971,0.472113973097116,0.3712528405365205,1.0989908785829599
Pantheon,SCP06U4,1.04817,44.4229,0.488758,4.186125477382716,25003.79186123917,44.22656695870819,44.120958224571865,44.22117477304364,43.48555021158631,0.19633304129180829,0.3019417754281335,0.20172522695635564,0.937349788413691
Pantheon,Gabi,1.12092,44.4405,0.22363,19.995850101261684,25207.273588725635,44.406846031064134,44.31702423688803,44.414994763359275,43.65164545975997,0.03365396893586592,0.12347576311196917,0.02550523664072557,0.7888545402400311
Pantheon,SCP06H5,1.23225,44.3207,0.610496,2.683084525155644,23854.25596335895,44.661291994911394,44.597506854935865,44.692228753007534,43.888089699137765,-0.34059199491139225,-0.2768068549358631,-0.3715287530075315,0.43261030086223684
Pantheon,Lancaster,1.23597,44.905,0.273735,13.345637971506148,31219.495095372284,44.66939082261332,44.606509787628816,44.701126851652575,43.89565762811216,0.23560917738667797,0.2984902123711848,0.20387314834742654,1.0093423718878398
Pantheon,Aphrodite,1.29911,44.8641,0.275291,13.195199879359832,30636.97449686916,44.803232485926834,44.75599115975334,44.848863610536824,44.02112816422935,0.06086751407316626,0.10810884024665768,0.015236389463176181,0.8429718357706477
Pantheon,Thoth,1.3041,44.7206,0.316517,9.981732303047664,28677.80286696929,44.8135289275335,44.767546059699185,44.860283372064856,44.030812858959706,-0.09292892753349946,-0.04694605969918797,-0.1396833720648587,0.6897871410402914
Pantheon,Inanna,1.30611,45.0197,0.445162,5.0461926903452845,32912.87914410282,44.81766515964415,44.77219008576293,44.86487307468009,44.034704671612104,0.20203484035585006,0.24750991423707092,0.1548269253199095,0.984995328387896
Pantheon,SCP05D6,1.31317,44.7867,0.316349,9.992336896718657,29564.18253638527,44.83214265114391,44.788455133216715,44.88094781779914,44.04833267820213,-0.04544265114390811,-0.001755133216711613,-0.09424781779913616,0.7383673217978739
Pantheon,washington,1.3291,44.8745,0.238344,17.603197143475068,30784.05845678702,44.864522467568435,44.82489056987279,44.91695671496464,44.07884675475356,0.009977532431562963,0.0496094301272052,-0.04245671496464354,0.7956532452464344
Pantheon,Borg,1.34101,44.7541,0.306395,10.652134765927189,29123.65481984908,44.88847580512669,44.85189566308326,44.943645469364284,44.1014506314401,-0.13437580512668745,-0.09779566308326082,-0.1895454693642833,0.6526493685598993
Pantheon,SCP06G4,1.35136,44.5492,0.31846,9.860302041008767,26501.220466343824,44.90911753159125,44.87520263132994,44.966679294026854,44.12095068499954,-0.3599175315912504,-0.326002631329942,-0.4174792940268546,0.42824931500045693
Pantheon,Mcguire,1.35608,44.8094,0.238282,17.61235889477452,29874.859744766356,44.91847788323084,44.88578243037701,44.97713506833809,44.129799852830715,-0.10907788323084588,-0.07638243037701642,-0.16773506833809648,0.6796001471692819
Pantheon,Sasquatch,1.39103,44.7944,0.374345,7.136017829180699,29669.202656852074,44.98677782552716,44.96318683756117,45.05363147669666,44.19449495815658,-0.19237782552715998,-0.1687868375611643,-0.25923147669665525,0.5999050418434209
Pantheon,SCP06K0,1.41633,44.4579,0.735776,1.8471780733986933,25410.070795795276,45.03514206406432,45.01821992355103,45.108018453843655,44.24044217452011,-0.5772420640643148,-0.5603199235510274,-0.6501184538436533,0.21745782547989023
Pantheon,carter,1.5429,45.0902,0.371014,7.2647287695792295,33998.978985511145,45.26460542800479,45.28189588605713,45.36859592818736,44.46004796966399,-0.1744054280047891,-0.19169588605712562,-0.2783959281873578,0.6301520303360135
Pantheon,Primo,1.54901,45.293,0.233771,18.29863653070843,37327.23965206595,45.275191177209614,45.29416461098456,45.38072047962726,44.470245706927074,0.017808822790385648,-0.0011646109845599995,-0.08772047962725793,0.8227542930729257
Pantheon,rutledge,1.61505,45.1595,0.333024,9.016727280771846,35101.516115622064,45.38695573924378,45.42427471681761,45.50930234773034,44.57828960715305,-0.22745573924377993,-0.26477471681760534,-0.34980234773033914,0.5812103928469483
Pantheon,geta,1.69706,45.2863,0.38048,6.9077455877079,37212.24529368895,45.51940037911159,45.579845317546756,45.66304866320502,44.70724304706141,-0.23310037911159043,-0.2935453175467586,-0.37674866320502076,0.5790569529385863
Pantheon,stone,1.80119,45.4865,0.281981,12.576514830652428,40806.17380848753,45.67839194690691,45.76863103775003,45.84962786695909,44.863423031512575,-0.1918919469069138,-0.2821310377500339,-0.36312786695908983,0.6230769684874247
Pantheon,wilson,1.91165,45.4233,0.358642,7.774593743462279,39635.6399888758,45.83700702037459,45.95923352472796,46.03801413758194,45.02081018089235,-0.41370702037459495,-0.535933524727966,-0.6147141375819416,0.40248981910765025
Pantheon,colfax,2.26137,46.1828,0.281309,12.636672966196791,56232.303595970596,46.282919517487706,46.50761114511146,46.58011127268963,45.472395862721626,-0.10011951748770542,-0.32481114511146103,-0.3973112726896275,0.710404137278374
Union3,bin00,0.05,36.630361,1.0,1.0,691.0318665009587,36.734590393770674,36.67022765032799,36.81643892635634,36.577376905190505,-0.10422939377067308,-0.039866650327986974,-0.18607792635634013,0.05298409480949573
Union3,bin01,0.1,38.235499,1.0,1.0,1447.1904070091696,38.31520457178336,38.226400726133676,38.36932582829216,38.09863182069084,-0.07970557178336435,0.009098273866321449,-0.13382682829216463,0.13686717930915648
Union3,bin02,0.15,39.147691,1.0,1.0,2202.7442439707793,39.26597275066925,39.15670870108745,39.29649214913169,38.99507448811998,-0.11828175066924729,-0.009017701087451258,-0.1488011491316854,0.15261651188001935
Union3,bin03,0.2,39.83488,1.0,1.0,3022.747530633209,39.956280788578624,39.83013522919244,39.966912211358526,39.63563771129045,-0.1214007885786259,0.004744770807555199,-0.13203221135852772,0.19924228870954863
Union3,bin04,0.25,40.340319,1.0,1.0,3814.957244663989,40.50215472399721,40.36234842489291,40.496245584590696,40.13594217972552,-0.16183572399720703,-0.02202942489290649,-0.15592658459069497,0.2043768202744829
Union3,bin05,0.3,40.813875,1.0,1.0,4744.613880450416,40.955460033117795,40.804894026170395,40.93603016746067,40.54748933527836,-0.14158503311779214,0.008980973829608274,-0.12215516746066868,0.26638566472164626
Union3,bin06,0.35,41.202487,1.0,1.0,5674.443485895701,41.3439977970561,41.185286641372365,41.31377336308873,40.89775235373459,-0.1415107970560996,0.01720035862763325,-0.11128636308873041,0.304734646265409
Union3,bin07,0.4,41.568946,1.0,1.0,6717.614460529561,41.684463724802086,41.51996473464858,41.64590700165533,41.20313089240834,-0.1155177248020891,0.048981265351415004,-0.07696100165533437,0.3658151075916578
Union3,bin08,0.45,41.82265,1.0,1.0,7550.1551310199975,41.98770424571472,41.81954334638955,41.943040005310635,41.4742035968067,-0.16505424571471394,0.003106653610451815,-0.12039000531063238,0.3484464031933001
Union3,bin09,0.5,42.136311,1.0,1.0,8723.445960158544,42.261185421025374,42.091280137546605,42.21242438332091,41.71819395238289,-0.12487442102537472,0.045030862453394604,-0.07611338332090867,0.418117047617109
Union3,bin10,0.55,42.352181,1.0,1.0,9635.22975619494,42.51027987447742,42.34035986096934,42.45923965975474,41.94025458204291,-0.15809887447741744,0.0118211390306584,-0.10705865975474183,0.4119264179570905
Union3,bin11,0.6,42.599505,1.0,1.0,10797.591053927035,42.738992197681455,42.570617623562484,42.687316096800735,42.144190351066015,-0.13948719768145423,0.02888737643751682,-0.08781109680073484,0.4553146489339852
Union3,bin12,0.65,42.793121,1.0,1.0,11804.567369126313,42.95039364668332,42.784971698914376,42.899567472760815,42.33289103722976,-0.15727264668331742,0.008149301085623506,-0.10644647276081542,0.4602299627702422
Union3,bin13,0.7,42.945322,1.0,1.0,12661.649145744203,43.14689580879811,42.985695525501924,43.09826304930256,42.50860319962161,-0.20157380879810916,-0.04037352550192708,-0.15294104930256225,0.4367188003783866
Union3,bin14,0.75,43.125351,1.0,1.0,13756.123780903154,43.33043005267288,43.17459567042043,43.28520550747009,42.673108024668025,-0.20507905267287896,-0.04924467042042835,-0.15985450747008656,0.452242975331977
Union3,bin15,0.8,43.319655,1.0,1.0,15043.776583579456,43.50256929651043,43.35313226825569,43.46185136168317,42.82784165775531,-0.18291429651043245,-0.033477268255694526,-0.14219636168317606,0.49181334224469
Union3,bin16,0.898138,43.647594,1.0,1.0,17496.23789158221,43.81209977613047,43.677835698415734,43.783025597249676,43.107461855291106,-0.16450577613046846,-0.030241698415736096,-0.1354315972496778,0.5401321447088918
Union3,bin17,0.996276,44.011256,1.0,1.0,20686.026421348208,44.09022226891692,43.9740540888804,44.07593675640332,43.360634127917976,-0.07896626891691483,0.03720191111960247,-0.0646807564033196,0.6506218720820272
Union3,bin18,1.094415,44.191092,1.0,1.0,22472.131887814925,44.34254891021285,44.24685166716371,44.345628730838484,43.59227935571623,-0.15145691021285046,-0.055759667163712834,-0.15453673083848685,0.5988126442837682
Union3,bin19,1.232244,44.577985,1.0,1.0,26854.858911943844,44.66127891244774,44.5974923158762,44.692214383222726,43.88807747645855,-0.08329391244774342,-0.019507315876204245,-0.11422938322272813,0.68990752354145
Union3,bin20,1.390961,44.842358,1.0,1.0,30331.750507134435,44.98664470579554,44.963035617386645,45.05348203135242,44.194368647864025,-0.14428670579554392,-0.12067761738664728,-0.2111240313524192,0.6479893521359728
Union3,bin21,2.26226,45.997159,1.0,1.0,51624.71594544794,46.28396050889962,46.50891349441608,46.581398916130055,45.473466768436055,-0.28680150889961453,-0.5117544944160741,-0.584239916130052,0.523692231563949
