z,lcdm_distance_mly,lcdm_mu,stam_unadjusted_su,stam_unadjusted_distance_mly,stam_adjusted_union_distance_mly,stam_adjusted_union_mu,stam_adjusted_union_excess_mly,stam_adjusted_union_excess_fraction,stam_adjusted_union_flattening_ratio,stam_adjusted_original_distance_mly,stam_adjusted_original_mu,stam_adjusted_original_excess_mly,stam_adjusted_original_excess_fraction,stam_adjusted_original_flattening_ratio,stam_adjusted_des_distance_mly,stam_adjusted_des_mu,stam_adjusted_des_excess_mly,stam_adjusted_des_excess_fraction,stam_adjusted_des_flattening_ratio,unadjusted_over_lcdm_distance,adjusted_union_over_lcdm_distance
0.001,13.979282037715693,28.160294959940444,4.105116259979067,13.389098489816325,13.748733971465512,28.1241841684653,0.3596354816491871,0.026157716222859805,0.9738422837771402,13.855146663665513,28.140926261568083,0.4660481738491882,0.03363718805455724,0.9663628119454427,14.729196763465513,28.273765943906042,1.340098273649188,0.09098244087370636,0.9090175591262937,0.9577815551394506,0.9835078750376329
0.0035015015015015015,49.04314746640833,30.885762296418427,14.37946345318306,46.89953711721774,48.19984148274582,30.84809867450729,1.3003043655280777,0.02697735771586614,0.9730226422841338,48.57244568426293,30.864820481240933,1.6729085670451909,0.03444151397933828,0.9655584860206617,51.63293342110017,30.997504621303644,4.733396303882429,0.09167397608961131,0.9083260239103887,0.9562913381393632,0.9828048152039971
0.006003003003003003,84.24199237415513,32.06051377286481,24.661515832130494,80.43510669932732,82.73471884305337,32.02130960162451,2.2996121437260513,0.027795007656802265,0.9722049923431977,83.3735145538876,32.03801117109169,2.938407854560282,0.03524390053943417,0.9647560994605658,88.62043992776208,32.17054013281565,8.185333228434757,0.09236394261986215,0.9076360573801379,0.9548101182374725,0.9821078124030198
0.008504504504504504,119.57545786152545,32.821080887165,34.95127339682137,113.99580723614505,117.35336605238814,32.780348379748915,3.3575588162430847,0.0286106732954232,0.9713893267045768,118.2583532725395,32.79702976087423,4.26254603639444,0.036044354740598576,0.9639556452594015,125.69171628345121,32.92940390691975,11.69590904730616,0.09305234579604561,0.9069476542039544,0.9533378276348152,0.9814168237456334
0.011006006006006007,155.04318516555662,33.38513403387002,45.248736147255705,147.58163872767102,152.0557831107502,33.34288533593037,4.474144383079192,0.029424361846339234,0.9705756381536608,153.22696184021868,33.35954657746123,5.645323112547658,0.03684288355488287,0.9631571164451171,162.84676248816763,33.49176626921836,15.265123760496607,0.09373919092561489,0.9062608090743851,0.9518743991880837,0.9807318067439311
0.013507507507507507,190.6448156690923,33.833995623294314,55.55390408343347,181.1926011739051,186.84197001813945,33.79024281343022,5.6493688442343455,0.030236080489227768,0.9697639195107722,188.27934025692502,33.80688396393768,7.086739083019921,0.03763949392083801,0.962360506079162,200.08557854191122,33.93894956153216,18.892977368006115,0.09442448329202631,0.9055755167079736,0.950419766401654,0.9800527193062855
0.01600900900900901,226.37999091006435,34.20706081546344,65.8667772053547,214.8286945748474,221.711926774556,34.161815905664604,6.883232199708601,0.03104583636904522,0.9689541636309548,223.41548852265868,34.17843701354421,8.586793947811287,0.038434192743715796,0.9615658072562842,237.40816444468211,34.310348875843374,22.579469869834725,0.09510822815487423,0.9048917718451258,0.9489738634197311,0.9793795197325418
0.01851051051051051,262.24835259071676,34.52643446820219,76.18735551301936,248.48991893049782,256.6656533799997,34.47970940428844,8.175734449501874,0.03185363659623558,0.9681463634037645,258.6354066374196,34.49631051776112,10.145487706921756,0.03922698689566775,0.9607730131043323,274.8145201964802,34.628069002379696,26.32460126598238,0.09579043075002536,0.9042095692499746,0.9475366250186085,0.9787121667092803
0.021012012012012013,298.2495425867717,34.80576955614761,86.51563900642748,282.1762742408565,291.70314983447076,34.75757621820428,9.52687559361425,0.03265948824693991,0.9673405117530601,293.93909460120767,34.774157385317096,11.762820360351157,0.040017883215943024,0.959982116784057,312.30464579730557,34.905762848623105,30.128371556449054,0.09647109628975295,0.9035289037102471,0.9461079865990443,0.9780506193051532
0.023513513513513516,334.38320295653705,35.05409289191492,96.85162768557903,315.88776050592327,326.824416137969,35.00444309472409,10.936655632045756,0.03346339836320198,0.966536601636798,329.32655241402307,35.02100436335116,13.438791908099802,0.040806888511087346,0.9591931114889126,349.8785412471582,35.152457160471656,33.990780741234914,0.09715022996287,0.90284977003713,0.9446878841787463,0.9773948369662859
0.026015015015015016,370.64897594995404,35.2776846475621,107.195321550474,349.6243777256982,362.0294522904945,35.22659014102984,12.40507456479628,0.03426537395317323,0.9657346260468268,364.79778007586566,35.24313155887312,15.173402350167464,0.04159400955513465,0.9584059904448653,387.53620654603804,35.37443204369997,37.91182882033985,0.09782783693485952,0.9021721630651405,0.943276254384972,0.9767447795117519
0.028516516516516516,407.0465040175871,35.48109077017643,117.54672060111245,383.38612590018136,397.3182582920472,35.42856323975603,13.93213239186582,0.03506542199131726,0.9649345780086828,400.35277758673544,35.44508485434615,16.966651686554087,0.04237925308980354,0.9576207469101965,425.2776416939451,35.57623337954173,41.891515793763745,0.0985039223480066,0.9014960776519934,0.94187303444723,0.9761004071291087
0.03101801801801802,443.57542981955095,35.667708034961564,127.90582483749434,417.17300502937263,432.6908341426272,35.613759102072834,15.51782911325455,0.03586354941861198,0.964136450581388,435.9915449466326,35.63026096076992,18.818539917259955,0.04316262582468986,0.9568373741753101,463.10284669087946,35.761257877772856,45.92984166150683,0.09917849132152914,0.9008215086784709,0.9404781621900947,0.9754616803700068
0.03351951951951952,480.23539623437904,35.840141459800705,138.27263425961968,450.98501511327214,468.1471798422344,35.78478268224539,17.16216472896224,0.03665976314274902,0.963340236857251,471.7140821555569,35.801264832239866,20.729067042284782,0.04394413443745563,0.9560558655625444,501.011821536841,35.932110491270635,50.02680642356887,0.0998515489517052,0.9001484510482948,0.9390915760261219,0.9748285601458561
0.03602102102102102,517.0260463678298,36.00043273583927,148.64714886748845,484.82215615187977,503.6872953908688,35.94367560821262,18.86513923898906,0.037454070038334855,0.9625459299616651,507.5203892135084,35.96013809652602,22.698233061628628,0.04472378557402099,0.955276214425979,539.0045662318298,36.09083284659262,54.182410079950046,0.10052310031200329,0.8994768996879967,0.9377132149488672,0.9742010077235618
0.03852252252252252,553.9470235616326,36.15021179065816,159.02936866110068,518.6844281451956,539.3111807885305,36.092067744756754,20.62675264333484,0.03824647694708708,0.961753523052913,543.4104661204873,36.10851061824256,24.72603797529166,0.04550158584875194,0.954498414151248,577.0810807758459,36.23905480714606,58.39665263065024,0.10119315045320833,0.8988068495467917,0.936343018526006,0.9735789847213183
0.041024024024024025,590.9979714021704,36.2908005755823,169.41929364045635,552.5718310932195,575.0188360352195,36.231280980808066,22.44700494199992,0.03903699067803243,0.9609630093219675,579.3843128764933,36.24770428615246,26.81248178327371,0.04627754184464656,0.9537224581553534,615.2413651688892,36.37809826049261,62.66953407566962,0.10186170440354946,0.8981382955964505,0.9349809268925526,0.9729624531044673
0.04352552552552553,628.1785337290991,36.42328608222491,179.8169238055555,586.4843649959519,610.8102611309356,36.36240224598555,24.325896134983736,0.039825618007699355,0.9601743819923007,615.4419294815266,36.378806029708244,28.95756448557472,0.047051660113521604,0.9529483398864784,653.4854194109597,36.50905013488894,67.00105441500784,0.10252876716882439,0.8974712328311756,0.9336268807441807,0.972351375181417
0.04602702702702703,665.4883546439075,36.548572925602926,190.22225915639802,620.4220298533921,646.6854560756791,36.486336093708644,26.263426222286967,0.040612365680315315,0.9593876343196847,651.5833159355872,36.50272040216365,31.161286082195033,0.047823947176197354,0.9521760528238027,691.8132435020575,36.63281498239849,71.39121364866537,0.10319434373252649,0.8968056562674735,0.9322808213306306,0.9717457135996173
0.04852852852852853,702.9270785184108,36.667421993503595,200.635299692984,654.3848256655406,682.6444208694496,36.60384335056026,28.259595203909043,0.04139724040799488,0.9586027595920051,687.8084722386749,36.620208229936694,33.423646573134306,0.048594409522678926,0.9514055904773211,730.2248374421824,36.75015362825442,75.84001177664186,0.10385843905596638,0.8961415609440336,0.9309426904492216,0.9711454313415955
0.05103003003003003,740.4943500031803,36.78047937067409,211.0560454153135,688.3727524323974,718.6871555122476,36.71557004047286,30.314403079850194,0.04218024887093392,0.957819751129066,724.11739839079,36.7319155367957,35.74464595839254,0.04936305361233974,0.9506369463876603,768.7202012313347,36.86171209504562,80.34744879893731,0.10452105807839693,0.895478941921603,0.929612430438451,0.9705504917210522
0.053531531531531534,778.1898140359127,36.88829833419157,221.4844963233864,722.3858101539622,754.8136600040727,36.822069380094995,32.42784985011053,0.042961397717597695,0.9570386022824023,760.5100943919323,36.83839553922587,38.12428423797007,0.050129885874101957,0.9498701141258981,807.2993348695143,36.968043598083284,84.91352471555206,0.10518220571713569,0.8948177942828643,0.9282899841716828,0.9699608583790057
0.05603303303303303,816.0131158497295,36.991356321046894,231.92065241720272,756.4239988302352,791.0239343449251,36.92381874637161,34.599935514689946,0.043740693564908846,0.9562593064350912,796.9865602421017,36.94012561400959,40.56256141186657,0.0508949127066143,0.9491050872933857,845.962238356721,37.069625512981126,89.53823952648577,0.10584188686768516,0.8941581131323149,0.9269752950509342,0.9693764952800021
0.058534534534534534,853.9639009814169,37.09006818698337,242.3645136967625,790.4873184612164,827.3179785348048,37.02123293537936,36.83066007358832,0.044518142998434644,0.9554818570015654,833.5467959412983,37.0375205570617,43.05947748008191,0.051658140478431314,0.9483418595215687,884.7089116929549,37.16687263449069,94.22159323173844,0.10650010640385499,0.893499893596145,0.9256683070007408,0.9687973667083709
0.06103603603603604,892.0418152795967,37.184796688762866,252.81608016206576,824.5757690469059,863.6957925737116,37.11467464458935,39.12002352680577,0.0452937525725727,0.9547062474274273,870.1908014895224,37.13094306569224,45.61503244261655,0.05241957552819039,0.9475804244718096,923.5393548782162,37.260147658764026,98.9635858313103,0.10715686917788173,0.8928431308221183,0.9243689644621148,0.9682234372645407
0.06353753753753753,930.2465049128339,37.275860859641085,263.27535181311237,858.6893505873032,900.1573764616458,37.204462848339155,41.468025874342516,0.04606752881073502,0.9539324711892649,906.9185768867736,37.22071211407852,48.22922629947038,0.05317922416478594,0.9468207758352141,962.4535679125046,37.349769558825706,103.76421732520134,0.10781218002054767,0.8921878199794523,0.923077212386586,0.9676546718614035
0.06603903903903904,968.577616377679,37.36354276660011,273.74232864990256,892.8280630824091,936.7027301986071,37.29087955506199,43.874667116198,0.04683947820552988,0.9531605217944701,943.7301221330522,37.30710971049422,50.90205905064306,0.053937092667544005,0.946062907332456,1001.4515507958204,37.43602034180195,108.62348771341124,0.10846604374129906,0.8915339562587009,0.9217929962303272,0.9670910357207317
0.06854054054054054,1007.03479650664,37.448093010617285,284.21701067243606,926.9919065322229,973.3318537845958,37.37417530755245,46.339947252372895,0.04760960721894571,0.9523903927810543,980.6254372283579,37.390386397575135,53.63353069613504,0.05469318728639651,0.9453068127136035,1040.5333035281633,37.5191505491863,113.54139699594043,0.10911846512836511,0.8908815348716349,0.9205162619483632,0.9665324943696502
0.07104204204204204,1045.6176924760953,37.52973524051622,294.6993978807131,961.180880936745,1010.0447472196115,37.45457369681425,48.863866282866525,0.04837792228252851,0.9516220777174715,1017.6045221726907,37.47076576616697,56.42364123594575,0.05544751424205098,0.944552485757949,1079.6988261095335,37.59938377068741,118.51794517278847,0.10976944894887294,0.890230551051127,0.9192469559888585,0.9659790136371501
0.07354354354354355,1084.3259518141324,37.608669885354686,305.18949027473354,995.3949862959752,1046.8414105036547,37.532275094445055,51.44642420767957,0.04914442979756384,0.9508555702024362,1054.667376966051,37.548448187710065,59.27239067007588,0.056200079726163574,0.9437999202738364,1118.948118539931,37.67692037661371,123.55313224395593,0.11041899994896572,0.8895810000510342,0.9179850252874874,0.9654305596506622
0.07604504504504504,1123.1592224083245,37.68507726228043,315.68728785449747,1029.6342226099136,1083.721843636725,37.60745976048908,54.08762102681135,0.049909136135251775,0.9500908638647482,1091.8140016084385,37.62361392209208,62.17977899852485,0.05695088990150598,0.943049110098494,1158.2811808193555,37.75194062572611,128.6469582094419,0.11106712285391569,0.8889328771460843,0.9167304172618815,0.9648870988326693
0.07854654654654655,1162.1171525134391,37.75912018120661,326.19279062000487,1063.8985898785604,1120.6860466188225,37.68029044810952,56.78745674026209,0.0506720476368857,0.9493279523631143,1129.0443960998532,37.696425722320406,65.14580622129279,0.057699950902135526,0.9423000490978645,1197.6980129478077,37.82460726991032,133.79942306924727,0.11171382236824157,0.8882861776317584,0.9154830798061533,0.9643485978973729
0.08104804804804805,1201.199390759078,37.83094614100992,336.7059985712557,1098.1880881019154,1157.7340194499473,37.75091459978363,59.5459313480319,0.05143317061402657,0.9485668293859735,1166.358560440295,37.76703103071716,68.17047233837957,0.05844726883356138,0.9415527311664387,1237.1986149252866,37.895067750371865,139.01052682337126,0.1123591031758195,0.8876408968241805,0.9142429612854979,0.9638150238474035
0.08354954954954955,1240.4055861572485,37.9006891917905,347.2269117082498,1132.5027172799778,1194.8657621300993,37.819466209559636,62.36304485012147,0.05219251134867756,0.9478074886513225,1203.7564946297641,37.835563841176224,71.25377734978633,0.05919284977291163,0.9408071502270884,1276.782986751793,37.9634560598931,144.28026947181525,0.11300296993999918,0.8869970300600009,0.9130100105308686,0.9632863439705792
0.08605105105105106,1279.7353881098734,37.96847152233142,357.75553003098753,1166.842477412749,1232.0812746592787,37.88606741051326,65.23879724652966,0.052950076093454854,0.9470499239065452,1241.2381986682606,37.90214628661964,74.39572125551149,0.05993669976909473,0.9400633002309052,1316.4511284273267,38.02989433028953,149.60865101457762,0.11364542730371217,0.8863545726962878,0.9117841768337255,0.9627625258367059
0.08855255255255255,1319.1884464162213,38.034404820026325,368.29185353946866,1201.2073685002283,1269.3805570374852,37.95082983467244,68.17318853725692,0.053705871071762244,0.9462941289282377,1278.8036725557843,37.96688999892241,77.59630405555595,0.06067882484296746,0.9393211751570325,1356.2030399518876,38.094494192334615,154.9956714516593,0.11428647988958783,0.8857135201104122,0.9105654099408567,0.9622435372944276
0.09105405405405406,1358.7644112802818,38.09859144132208,378.83588223369327,1235.597390542416,1306.763609264719,38.01385578345709,71.16621872230303,0.054459902477959544,0.9455400975220405,1316.4529162923352,38.02989727935221,80.85552574991925,0.06141923098749416,0.9385807690125059,1396.0387213254758,38.157357946199454,160.4413307830598,0.11492613230006114,0.8850738676999389,0.9093536600492701,0.9617293464681154
0.09355555555555556,1398.462933318061,38.1611254235015,389.3876161136613,1270.0125435393115,1344.23043134098,38.075239239459,74.21788780166844,0.05521217647753296,0.944787823522467,1354.1859298779134,38.091262110349334,84.17338633860186,0.06215792416790988,0.9378420758320901,1435.9581725480912,38.21857957323268,165.94562900877963,0.11556438911748455,0.8844356108825154,0.9081488778011572,0.9612199217548038
0.09605705705705705,1438.2836635648152,38.22209336293529,399.9470551793727,1304.452827490915,1381.7810232662682,38.13506674469093,77.32819577535315,0.055962699207262205,0.9440373007927378,1392.0027133125186,38.15107103377569,87.54988582160354,0.06289491032187931,0.9371050896781207,1475.9613936197336,38.278245614209474,171.50856612881853,0.11620125490423631,0.8837987450957637,0.9069510142789234,0.9607152318211666
0.09855855855855856,1478.2262534822155,38.28157518040761,410.5141994308276,1338.9182423972272,1419.415385040584,38.193418165909435,80.49714264335671,0.05671147677538745,0.9432885232246125,1429.9032665961513,38.209403916237726,90.98502419892407,0.06363019535965647,0.9363698046403435,1516.0483845404037,38.33643593465442,177.1301421431765,0.1168367342028297,0.8831632657971703,0.9057600210002871,0.9602152456005348
0.10106006006006006,1518.2903549654368,38.339644790503925,421.089048868026,1373.4087882582473,1457.1335166639265,38.25036736399994,83.72472840567912,0.0574585152617757,0.9425414847382243,1467.8875897288112,38.26633461847144,94.4788014705639,0.06436378516424315,0.9356362148357569,1556.2191453101009,38.393224394226486,182.81035705185354,0.11747083153602106,0.8825291684639789,0.9045758499134459,0.9597199322899588
0.10356156156156156,1558.475620350188,38.39637068914023,431.67160349096775,1407.9244650739756,1494.9354181362964,38.30598278150326,87.01095306232082,0.05820382071808526,0.9417961792819147,1505.9556827104982,38.3219315828689,98.03121763652257,0.06509568559154465,0.9349043144084553,1596.473675928825,38.448679434245555,188.54921085484943,0.1181035514069168,0.8818964485930831,0.9033984533923067,0.9592292613473068
0.10606306306306307,1598.7817024196647,38.45181647096,442.261863299653,1442.465272844412,1532.8210894576937,38.3603279600099,90.3558166132816,0.05894739916792843,0.9410526008320715,1544.1075455412129,38.376258350872554,101.64227269680077,0.06582590247052704,0.934174097529473,1636.811976396577,38.50286459508668,194.34670355216485,0.11873489829908071,0.8812651017009193,0.9022277842317831,0.9587432024884052
0.10856456456456456,1639.2082544114353,38.50604128641103,452.85982829408175,1477.031211569557,1570.7905306281182,38.413461997234194,93.75931905856123,0.059689256607034245,0.9403107433929657,1582.343178220954,38.429374020049394,105.31196665139714,0.06655444160336985,0.9334455583966301,1677.2340467133554,38.555838973254225,200.20283514379844,0.11936487667663816,0.8806351233233618,0.9010637956431541,0.958261725684219
0.11106606606606606,1679.7549300242595,38.55910024674908,463.4654984742538,1511.6222812494095,1608.84374164757,38.4654399520154,97.22146039816039,0.06042939900341019,0.9395706009965898,1620.662580749723,38.48133364909198,109.0402995003135,0.06728130876562298,0.932718691234377,1717.7398868791615,38.607657626382846,206.117605629752,0.11999349098438432,0.8800065090156157,0.8999064412494853,0.9577848011580681
0.11356756756756757,1720.421383424834,38.61104478392898,474.0788738401694,1546.2384818839705,1646.980722516049,38.51631320420618,100.74224063207839,0.06116783229750081,0.9388321677024992,1659.0657531275192,38.53218861770695,112.8272712435487,0.06800650970635554,0.9319934902936444,1758.329496893995,38.658371933126034,212.09101501002442,0.12062074564788515,0.8793792543521148,0.8987556750811139,0.9573123993828843
0.11606906906906907,1761.2072692544712,38.661922971282166,484.69995439182844,1580.8798134732397,1685.201473233555,38.566129775347605,104.32165976031524,0.061904562402347915,0.9380954375976521,1697.5526953543422,38.58198694729005,116.67288188110251,0.06873005014830987,0.9312699498516901,1799.0028767578553,38.70802991383103,218.12306328461568,0.12124664507358368,0.8787533549264164,0.8976114515711913,0.9568444910785032
0.11857057057057058,1802.1122426357078,38.7117798099987,495.32874012923094,1615.5462760172172,1723.5059938000886,38.61493461514865,107.9597177828714,0.06263959520374825,0.9373604047962517,1736.123407430193,38.63077358740556,120.57713141297586,0.06945193578805203,0.930548064211948,1839.7600264707432,38.75667651701832,224.21375045352602,0.12187119364890255,0.8781288063510975,0.8964737255512867,0.956381047208995
0.12107207207207207,1843.1359591788407,38.760657485698296,505.9652310523769,1650.237869515903,1761.8942842156493,38.662769858054745,111.65641469974639,0.06337293656040946,0.9366270634395906,1774.7778893550708,38.678590672354915,124.54001983916783,0.07017217229611977,0.9298278277038802,1880.6009460326584,38.80435387595014,230.36307651675543,0.12249439574234637,0.8775056042576537,0.8953424522470506,0.9559220389800293
0.12357357357357357,1884.2780749883982,38.80859559876143,516.6094271612662,1684.9545939692964,1800.366344480237,38.70967505357638,115.41175051094069,0.0641045923041068,0.9358954076958932,1813.5161411289757,38.72547775150525,128.56154715967932,0.07089076531717295,0.929109234682827,1921.5256354436003,38.85110153895908,236.5710414743039,0.12311625570360371,0.8768837442963963,0.894217587273933,0.9554674378362771
0.12607507507507507,1925.5382466695382,38.85563137157637,527.261328455899,1719.6964493773983,1838.922174593852,38.75568737353381,119.22572521645384,0.0648345682398366,0.9351654317601634,1852.338162751908,38.77147199653412,132.64171337450966,0.07160772047013911,0.9283922795298609,1962.53409470357,38.896956676692675,242.8376453261717,0.12373677786364827,0.8762632221363518,0.8930990866329612,0.9550172154588465
0.1285765765765766,1966.916131334375,38.90179983542403,537.9209349362753,1754.4634357402085,1877.5617745564948,38.800841798939345,123.09833881628629,0.06556287014597097,0.934437129854029,1891.2439542238676,38.81660838831179,136.78051848365908,0.07232304334836134,0.9276769566516386,2003.6263238125669,38.9419542689958,249.16288807235833,0.12435596653483914,0.8756440334651608,0.891986906706573,0.9545713437627555
0.1310780780780781,2008.4113866082391,38.94713399935498,548.588246602395,1789.2555530577265,1916.2851443681645,38.84517128887215,127.02959131043804,0.06628950377440937,0.9337104962255907,1930.2335155448545,38.860919885776035,140.97796248712802,0.07303673951974335,0.9269632604802567,2044.802322770591,38.98612727378534,255.5467697128645,0.12497382601102151,0.8750261739889785,0.8908810042545028,0.9541297948944337
0.13357957957957958,2050.023670635869,38.991665003101815,559.2632634542581,1824.0728013299529,1955.0922840288613,38.88870693338818,131.0194826989084,0.06701447485073,0.93298552514927,1969.3068467148682,38.90443757884205,145.23404538491536,0.07374881452689303,0.926251185473107,2086.062091577642,39.0295067799601,261.98929024768927,0.12559036056762463,0.8744096394323754,0.8897813364097247,0.9536925412292618
0.13608108108108108,2091.7526420875256,39.03542225580418,569.9459854918647,1858.9151805568874,1993.9831935385853,38.931478092242884,135.06801298169785,0.06773778907434115,0.9322622109256589,2008.4639477339097,38.94719082712518,149.54876717702223,0.07445927388726777,0.9255407261127322,2127.4056302337203,39.07212214612356,268.4904496768329,0.1262055744617617,0.8737944255382383,0.888687860674448,0.9532595553691432
0.13858258258258258,2133.5979601650433,39.078433562097445,580.6364127152148,1893.7826907385304,2032.9578728973365,38.97351252097766,139.17518215880614,0.06845945211862953,0.9315405478813705,2047.7048186019779,38.98920738602736,153.92212786344749,0.07516812309331487,0.9248318769066851,2168.832938738826,39.1140011266702,275.0502480002958,0.12681947193232745,0.8731805280676725,0.8876005349161648,0.9528308101401063
0.14108408408408407,2175.559284607812,39.12072523692158,591.3345451243081,1928.6753318748806,2072.0163221051153,39.01483648572636,143.34099023023464,0.0691794696311098,0.9308205303688902,2087.029459319074,39.0305135215436,158.35412744419318,0.07587536761261564,0.9241246323873844,2210.344017092959,39.15516998659206,281.6686852180783,0.12743205720009526,0.8725679427999047,0.8865193173637476,0.9524062785899385
0.1435855855855856,2217.6362756986837,39.162322210239815,602.0403827191452,1963.5931039659404,2111.1585411619217,39.05547486793185,147.5654371959813,0.06989784723356943,0.9301021527664306,2126.437869885197,39.071134114978534,162.8447659192566,0.07658101288802213,0.9234189871119779,2251.9388652961197,39.19565360619519,288.34576133017936,0.12804333446781346,0.8719566655321865,0.8854441666036037,0.9519859339858537
0.1460870870870871,2259.828594269809,39.20324812271306,612.7539254997255,1998.5360070117074,2150.3845300677544,39.09545126001808,151.84852305604704,0.07061459052221818,0.9293854094777818,2165.9300503003474,39.11109275861857,167.39404328863998,0.0772850643378015,0.9227149356621985,2293.617483348307,39.235475576771776,295.0814763365995,0.12865330792030272,0.8713466920796973,0.8843750415758723,0.9515697498121897
0.1485885885885886,2302.135901708415,39.2435254132514,623.4751734660493,2033.5040410121828,2189.6942888226145,39.1347880529395,156.19024781043163,0.07132970506783128,0.9286702949321687,2205.5060005645246,39.15041184328115,172.00195955234176,0.07798752735577046,0.9220124726442296,2335.379871249522,39.27465828814949,301.87583023733896,0.12926198172455058,0.8707380182754494,0.883311901570676,0.9511576997681337
0.15109009009009008,2344.5578599624987,39.283175399256535,634.2041266181167,2068.497205967367,2229.087817426502,39.17350651642127,160.5906114591353,0.0720431964158946,0.9279568035841054,2245.165720677729,39.189112638555144,176.66851471036216,0.07868840731143567,0.9213115926885643,2377.2260289997635,39.31322300893166,308.7288230323966,0.12986936002980612,0.8701306399701939,0.882254706224419,0.9507497577654819
0.15359159159159158,2387.094131546461,39.322218350275435,644.9407849559273,2103.515501877258,2268.5651158794167,39.21162687261082,165.0496140021587,0.07275507008674806,0.9272449299132519,2284.9092106399607,39.22721536645223,181.39370876270277,0.07938770955013033,0.9206122904498697,2419.1559565990324,39.351189960148815,315.6404547217744,0.13047544696767593,0.869524553032324,0.8812034155161327,0.9503458979264231
0.1560930930930931,2429.744379546666,39.360673555703805,655.6851484794815,2138.5589287418584,2308.1261841813593,39.24916836377919,169.56725543950097,0.07346533157572695,0.926534668424273,2324.7364704512206,39.26473926910835,186.17754170936223,0.08008543939314809,0.919914560606852,2461.1696540473295,39.38857838296002,322.6107253054711,0.13108024665221518,0.8689197533477848,0.8801579897638713,0.9499460945813576
0.1585945945945946,2472.508267626932,39.39855938710724,666.4372171887791,2173.6274865611663,2347.7710223323284,39.28614931464013,174.14353577116208,0.07417398635330459,0.9258260136466954,2364.647500111507,39.30170267110274,191.02001355034054,0.0807816021378801,0.9192183978621199,2503.267121344653,39.42540660097188,329.6396347834866,0.13168376318002278,0.8683162368199773,0.8791183896211493,0.9495503222667383
0.1610960960960961,2515.3854600339555,39.43589335566538,677.19699108382,2208.721175335182,2387.499630332325,39.3225871897921,178.77845499714294,0.0748810398652326,0.9251189601347674,2404.6422996208203,39.33812303689998,195.92112428563814,0.08147620305794848,0.9185237969420516,2545.4483584910035,39.461692077680645,336.7271831558214,0.13228600063033316,0.8677139993696669,0.8780845760734286,0.9491585557229452
0.1635975975975976,2558.375621602662,39.47269216519004,687.9644701646046,2243.839995063907,2427.3120081813486,39.3584986467345,183.47201311744175,0.07558649753267906,0.9244135024673209,2444.720868979161,39.37401702386616,200.88087391525414,0.08216924740333882,0.9178307525966611,2587.7133654863815,39.497451469488226,343.87337042247464,0.13288696306510783,0.8671130369348922,0.877056510434649,0.9487707698921826
0.1660990990990991,2601.478417761491,39.50897176112042,698.7396544311325,2278.98394574734,2467.2081558793993,39.39389958486073,188.2242101320594,0.07629036475236914,0.9237096352476308,2484.8832081865294,39.409400531261994,205.89926243918944,0.08286074040053373,0.9171392595994663,2630.062142330787,39.53270067469542,351.07819658344715,0.13348665452912767,0.8665133454708723,0.876034154343802,0.948386939916408
0.16860060060060061,2644.6935145376096,39.5447473758561,709.522543883404,2314.1530273854805,2507.1880734264787,39.428805190789284,193.03504604099817,0.07699264689672224,0.9230073531032778,2525.1293172429255,39.44428874557388,210.97628985744495,0.08355068725264353,0.9164493127473564,2672.4946890242204,39.56745487883283,358.3416616387399,0.1340850790500831,0.8659149209499168,0.8750174697615501,0.9480070411352856
0.1711021021021021,2688.0205785620583,39.580033570751645,720.3131385214188,2349.3472399783295,2547.2517608225835,39.463229980356324,197.90452084425397,0.07769334931398564,0.9223066506860144,2565.4591961483475,39.47869618250647,216.11195617001795,0.08423909313953527,0.9157609068604647,2715.01100556668,39.601728596653516,365.66376558835054,0.1346822406386632,0.8653177593613368,0.8740064189668889,0.9476310490841635
0.1736036036036036,2731.4592770748277,39.614844275063454,731.1114383451769,2384.5665835258865,2587.399218067716,39.497187837560624,202.83263454182952,0.07839247732837534,0.9216075226716246,2605.8728449027976,39.51263672592761,221.30626137691115,0.0849259632179659,0.9150740367820341,2757.611091958167,39.63553571107785,373.0445084322805,0.13527814328864746,0.8647218567113525,0.87300096455385,0.9472589394920841
0.1761051051051051,2775.0092779298657,39.64919282211051,741.9174433546785,2419.8110580281514,2627.630445161876,39.530692050722365,207.81938713372483,0.0790900362402073,0.9209099637597927,2646.3702635062746,39.546123664027164,226.5592054781232,0.0856113026217074,0.9143886973782926,2800.2949481986816,39.6688895093523,380.48389017053023,0.13587279097699348,0.8641272090230065,0.8720010694282474,0.9468906882798126
0.1786066066066066,2818.6702496000207,39.68309198288488,752.7311535499238,2455.080663485125,2667.945442105063,39.56375534609174,212.86477861993808,0.07978603132603171,0.9202139686739683,2686.9514519587788,39.57916972292556,231.87078847365365,0.08629511646167652,0.9137048835383235,2843.0625742882225,39.70180271665802,387.98191080309743,0.1364661876639247,0.8635338123360753,0.871006696804463,0.9465262715578929
0.18110810810810812,2862.4418611819065,39.71655399732481,763.5525689309125,2490.3753998968073,2708.3442088972783,39.596389919120135,217.96880900047108,0.08048046783876804,0.919519532161232,2727.6164102603107,39.61178709794503,237.2410103635034,0.0869774098260621,0.9130225901739379,2885.9139702267917,39.73428752738204,395.5385703299844,0.1370583372930208,0.8629416627069793,0.8700178102022752,0.946165665624733
0.18360960960960962,2906.323782400709,39.74959060344269,774.3816894976444,2525.6952672631965,2748.82674553852,39.62860746358631,223.1314782753234,0.08117335100783514,0.9188266489921648,2768.3651384108693,39.64398748273573,242.6698711476729,0.08765818778045052,0.9123418122195495,2928.8491360143876,39.7663556342433,403.1538687511911,0.13764924379130283,0.8623507562086972,0.8690343734437247,0.9458088469647067
0.18611111111111112,2950.3156836149233,39.7822130644823,785.21851525012,2561.040265584295,2789.3930520287886,39.6604191987517,228.35278644449363,0.0818646860392828,0.9181353139607172,2809.1976364104553,39.675782096431064,248.15737082616033,0.08833745536795039,0.9116625446320497,2971.868071651011,39.79801825544807,410.8278060667162,0.13823891106932018,0.8617610889306798,0.868056350650022,0.9454557922462855
0.1886126126126126,2994.417235821015,39.814432194262984,796.063046188339,2596.4103948601014,2830.043128368085,39.69183589470282,233.63273350798363,0.08255447811592381,0.9174455218840762,2850.1139042590685,39.707181708990106,253.70350939896707,0.0890152176093191,0.9109847823906809,3014.9707771366616,39.829286160032254,418.5603822765602,0.13882734302123811,0.8611726569787619,0.8670837062384904,0.9451064783201926
0.1911141141141141,3038.628110658025,39.84625838085425,806.9152823123013,2631.8056550906153,2870.7769745564083,39.72286789602404,238.97131946579293,0.0832427323974614,0.9167572676025386,2891.1139419567094,39.738196664870344,259.308286866094,0.08969147950308519,0.9103085204969148,3058.1572524713392,39.86016969153418,426.3515973807239,0.1394145435249228,0.8605854564750772,0.8661164049195508,0.9447608822175781
0.1936156156156156,3082.9479804120974,39.87770160871101,817.775223622007,2667.2260462758377,2911.594590593759,39.7535251439311,244.36854431792153,0.08392945402061887,0.9160705459793811,2932.197749503377,39.768836905161166,264.97170322753936,0.09036624602567045,0.9096337539743296,3101.4274976550446,39.89067879012799,434.2014513792069,0.1400005164420261,0.859999483557974,0.8651544116937419,0.9444189811482212
0.19611711711711713,3127.376518020948,39.90877147938804,828.6428701174565,2702.671568415769,2952.4959764801374,39.78381719698369,249.82440806436853,0.084614648099267,0.915385351900733,2973.3653268990724,39.79911198829654,270.69375848330355,0.0910395221315137,0.9089604778684863,3144.781512687777,39.920823013336374,442.1099442720083,0.1405852656180704,0.8594147343819296,0.8641976918487771,0.9440807524987501
0.19861861861861863,3171.9133970782586,39.93947723094176,839.518221798649,2738.142221510407,2993.4811322155424,39.813753250485604,255.33891070513528,0.08529831972455201,0.914701680275448,3014.6166741437946,39.829031109455,276.4744526333875,0.09171131275319148,0.9082886872468086,3188.2192975695366,39.9506115554305,450.07707605912947,0.14116879488253367,0.8588312051174664,0.8632462109566388,0.9437461738308885
0.20112012012012012,3216.558291838007,39.969827756117816,850.4012786655852,2773.638005559754,3034.550057799975,39.84334215467049,260.9120522402209,0.08598047396502007,0.9140195260349799,3055.951791237544,39.85860311874559,282.31378567778984,0.09238162280153756,0.9076183771984624,3231.7408523003232,39.9800532656159,458.102846740569,0.14175110804893148,0.8582488919510686,0.8622999348707096,0.9434152228797232
0.20362162162162162,3261.3108772187366,39.999831619414635,861.292040718265,2809.15892056381,3075.702753233434,39.872592431763785,266.54383266962395,0.08666111586674329,0.9133388841332567,3097.3706781803207,39.88783653826963,288.21175761651057,0.09305045716576375,0.9069495428342362,3275.346176880137,40.0091566650943,466.18725631632697,0.1423322089149013,0.8576677910850987,0.8613588297229352,0.9430878775519892
0.20612312312312311,3306.170828807749,40.02949707310523,872.190507956688,2844.704966522573,3116.9392185159213,39.901512292002785,272.23425199334815,0.08734025045344579,0.9126597495465543,3138.8733349721247,39.91673957814085,294.1683684495515,0.09371782071357904,0.906282179286421,3319.0352713089783,40.03792996308368,474.3303047864051,0.14291210126228526,0.8570878987377147,0.8604228619210258,0.9427641159243828
0.20862462462462464,3351.137822865235,40.05883207229274,883.0966803808545,2880.276143436045,3158.2594536474357,39.930109648690475,277.98331021139074,0.08801788272662374,0.9119821172733763,3180.4597616129563,39.945320151539235,300.1836181769113,0.09438371829130593,0.905616281708694,3362.808135586847,40.06638107187208,482.5319921508021,0.14349078885721053,0.8565092111427894,0.859491998145692,0.9424439162418907
0.21112612612612613,3396.211536328347,40.08784428906863,894.0105579907645,2915.872451304225,3199.663458627977,39.958392132352174,283.7910073237522,0.08869401766567113,0.9113059823343289,3222.1299581028147,39.97358588886763,306.25750679858993,0.09504815472399937,0.9049518452760006,3406.6647697137428,40.09451762097424,490.792318409518,0.1440682754501725,0.8559317245498275,0.8585662053479101,0.9421272569161405
0.21362762762762763,3441.3916468151883,40.116541125837266,904.9321407864178,2951.4938901271125,3241.151233457546,39.98636710405837,289.6573433304334,0.08936866022800088,0.9106313397719992,3263.883924441701,40.0015441510746,312.3900343145883,0.09571113481556295,0.9042888651844371,3450.605173689666,40.12234697045438,499.1112835625536,0.14464456477611531,0.8553554352238847,0.857645450746227,0.941814116523775
0.21612912912912913,3486.6778326287586,40.144929727864806,915.8614287678146,2987.140459904708,3282.722778136141,40.01404166797204,295.58231823143296,0.09004181534916518,0.9099581846508348,3305.7216606296133,40.02920204220172,318.5812007249051,0.09637266334886392,0.903627336651136,3494.629347514616,40.14987622347353,507.4888876099076,0.1452196605545118,0.8547803394454881,0.8567297018240921,0.9415044738048406
0.21863063063063062,3532.069772760816,40.17301699510613,926.7984219349547,3022.8121606370123,3324.3780926637646,40.04142268317395,301.5659320267523,0.0907134879429773,0.9092865120570227,3347.6431666665535,40.05656642120891,324.8310060295412,0.09703274508584936,0.9029672549141506,3538.737291188593,40.1771122381148,515.9251305515809,0.1457935664894445,0.8542064335105555,0.8558189263272266,0.9411983076612016
0.22113213213213212,3577.567146895683,40.200809593359054,937.7431202878386,3058.508992324025,3366.117177040415,40.06851677481535,307.60818471639004,0.09138368290162965,0.9086163170983703,3389.648442552521,40.08364391312708,331.1394502284961,0.09769138476765951,0.9023086152323405,3582.929004711598,40.204061638536004,524.420012387573,0.14636628626968437,0.8536337137303156,0.8549130922610205,0.9408955971549697
0.22363363363363364,3623.169635413987,40.22831396479125,948.695523826466,3094.2309549657466,3407.940031266093,40.095330344643195,313.70907630034617,0.09205240509581364,0.9079475949041864,3431.7374882875156,40.110440919583375,337.506533321769,0.09834858711474152,0.9016514128852585,3627.20448808363,40.23073082549494,532.9735331178836,0.1469378235687701,0.8530621764312298,0.8540121678879649,0.9405963215069553
0.22613513513513514,3668.87691939634,40.255536337881665,959.6556325508365,3129.9780485621745,3449.8466553407975,40.12186958094016,319.86860677862296,0.09271965937483802,0.9072803406251619,3473.910303871538,40.13696362874119,343.9322553093634,0.09900435682696364,0.9009956431730364,3671.5637413046893,40.25712598628931,541.5856927425148,0.14750818204508753,0.8524918179549125,0.85311612172511,0.9403004600951343
0.22863663663663664,3714.6886806269385,40.28248273681524,970.6234464609505,3165.750273113312,3491.8370492645295,40.14814046791766,326.0867761512177,0.09338545056674392,0.906614549433256,3516.166889304587,40.16321802469321,350.41661619127535,0.09965869858372374,0.9003413014162762,3716.0067643747757,40.28325310414978,550.2564912614639,0.14807736534194535,0.8519226346580546,0.8522249225415626,0.9400079924531394
0.23113813813813813,3760.6046015971233,40.30915899036642,981.5989655568079,3201.5476286191565,3533.9112130372887,40.174148794598004,332.3635844181322,0.09404978347842413,0.9059502165215758,3558.5072445866635,40.18920989634347,356.95961596750703,0.10031161704406463,0.8996883829559353,3760.5335572938893,40.30911796712205,558.9859286747328,0.14864537708765552,0.8513546229123444,0.8513385393560025,0.9397188982687629
0.23363963963963963,3806.624365508858,40.33557074030468,992.5821898384088,3237.3701150797096,3576.069146659075,40.199900163218274,338.6990315793655,0.09471266289573663,0.9052873371042633,3600.9313697177668,40.21494484581134,363.5612546380571,0.10096311684678186,0.8990368831532182,3805.14412006203,40.33472617647074,567.7740049823205,0.14921222089560826,0.8507877791043917,0.8504569414342379,0.9394331573824825
0.23614114114114115,3852.747656278147,40.36172344935245,1003.5731193057533,3273.217732494971,3618.3108501298893,40.22539999718683,345.09311763491814,0.09537409358362067,0.9046259064163793,3643.439264697898,40.24042829638797,370.22153220292694,0.1016132026105352,0.8983867973894648,3849.838452679199,40.3600831546359,576.6207201842276,0.1497779003643498,0.8502220996356502,0.8495800982867856,0.9391507497860034
0.23864264264264265,3898.9741585384018,40.38762240872386,1014.5717539588411,3309.0904808649407,3660.6363234497303,40.25065354862051,351.5458425847896,0.09603408028621044,0.9039659197137896,3686.0309295270563,40.26566550007351,376.9404486621156,0.10226187893395668,0.8977381210660433,3894.616555145394,40.38519415277016,585.5260742804535,0.15034241907765797,0.849657580922342,0.8487079796664799,0.9388716556208168
0.24114414414414415,3945.303557643726,40.41327274527036,1025.5780937976726,3344.9883601896195,3703.0455666185985,40.27566590548894,358.05720642897904,0.09669262772694845,0.9033073722730516,3728.7063642052417,40.29066154472136,383.7180040156222,0.10290915039575935,0.8970908496042407,3939.478427460617,40.41006425788298,594.4900672709973,0.15090578060461798,0.849094219395382,0.8478405555661132,0.9385958551767782
0.24364564564564564,3991.7355396721573,40.43867942825787,1036.592138822247,3380.9113704690044,3745.538579636494,40.30044199839003,364.6272091674896,0.09734974060869954,0.9026502593913005,3771.4655687324544,40.31542136081376,390.55419826344996,0.10355502155484629,0.8964449784451537,3984.4240696248667,40.434698399616195,603.5126991558623,0.15146798849969878,0.8485320115003012,0.846977796216099,0.9383233288907001
0.24614714714714714,4038.269791428833,40.46384727579764,1047.6138890325653,3416.8595117030986,3788.1153625034167,40.324986606979536,371.25585080031806,0.09800542361385997,0.90199457638614,3814.308543108694,40.33994972789128,397.4490314055952,0.10419949695041472,0.8958005030495853,4029.4534816381433,40.45910135667352,612.5939699350447,0.152029046302825,0.847970953697175,0.8461196720821704,0.9380540573449636
0.24864864864864866,4084.9060004491034,40.488780960952155,1058.6433444286272,3452.8327838919017,3830.775915219367,40.349304366075515,377.9431313274654,0.09865968140447147,0.9013403185955285,3857.2352873339614,40.36425128065728,404.4025034420597,0.10484258110206549,0.8951574188979345,4074.566663500448,40.483277762925,621.7338796085464,0.15258895753945445,0.8474110424605455,0.8452661538630974,0.937788021266145
0.25115015015015013,4131.643855001574,40.51348501753549,1069.680505010432,3488.8311870354114,3873.520237784344,40.37339977145724,384.68905074893246,0.09931251862233069,0.9006874813776693,3900.2458014082554,40.38833051477685,411.41461437284397,0.10548427850990703,0.894515721490093,4119.763615211779,40.50723211320587,630.9324281763679,0.15314772572065022,0.8468522742793498,0.8444172124884376,0.9375252015236605
0.25365165165165166,4178.483044091101,40.537963845626166,1080.7253707779805,3524.8547211336304,3916.348330198349,40.39727718537673,391.4936090647184,0.09996393988909834,0.9000360601109016,3943.3400853315775,40.4121917923883,418.4853641979471,0.10612459365466029,0.8938754063453397,4165.044336772138,40.53096876882812,640.1896156385078,0.15370535434315388,0.8462946456568461,0.8435728191163099,0.9372655791284247
0.2561531531531532,4225.42325746171,40.562221716809724,1091.7779417312727,3560.903386186558,3959.260192461381,40.42094084179986,398.35680627482316,0.10061394980640914,0.8993860501935909,3986.518139103927,40.43583934734431,425.61475291736906,0.10676353099776363,0.8932364690022364,4210.408828181525,40.5544919628215,649.505441994967,0.15426184688945951,0.8457381531105405,0.8427329451311958,0.9370091352315275
0.25865465465465465,4272.464185599465,40.586262779166404,1102.838217870308,3596.977182194192,4002.2558245734394,40.44439485139277,405.27864237924723,0.10126255295597998,0.89873744704402,4029.779962725302,40.45927729019829,432.8027805311099,0.10740109498147622,0.8925989050185238,4255.857089439937,40.577805804920004,658.879907245745,0.15481720682788538,0.8451827931721146,0.8418975621417653,0.9367558511229245
0.26115615615615617,4319.605519735275,40.610091062019016,1113.9061991950869,3633.0761091565355,4045.3352265345256,40.46764320626829,412.25911737799015,0.10190975389971718,0.8980902461002829,4073.125556195706,40.482509612950835,440.04944703917045,0.1080372900289811,0.8919627099710189,4301.389120547379,40.600914286308196,668.3130113908437,0.15537143761264655,0.8446285623873535,0.8410666419787302,0.9365057082301446
0.26365765765765764,4366.846951847641,40.63371048045445,1124.981885705609,3669.2001670735867,4088.498398344639,40.49068978450618,419.2982312710524,0.10255555717982398,0.897444442820176,4116.554919515136,40.505540193569956,447.3547524415494,0.1086721205444869,0.8913278794555131,4347.004921503846,40.62382128414149,677.8047544302594,0.15592454268392522,0.8440754573160748,0.8402401566927196,0.9362586881170105
0.26615915915915916,4414.188174665342,40.65712483963176,1136.065277401875,3705.349355945347,4131.74534000378,40.51353835445986,426.39598405843344,0.10319996731890628,0.8968000326810938,4160.068052683594,40.52837280029781,454.7186967382472,0.10930559091333023,0.8906944090866697,4392.704492309342,40.646530565852814,687.3551363639949,0.15647652546794405,0.843523474532056,0.8394180785521825,0.9360147724823773
0.2686606606606607,4461.628881670061,40.680337838888846,1147.1563742838841,3741.5236757718144,4175.076051511948,40.536192578861765,433.5523757401338,0.10384298882007877,0.8961570111799212,4203.66495570108,40.551011095756024,462.14127992926524,0.10993770550207661,0.8900622944979234,4438.487832963864,40.66904579325798,696.9641571920497,0.15702738937703517,0.8429726106229648,0.8386003800413137,0.9357739431588825
0.27116216216216216,4509.168767098956,40.70335307565881,1158.2551763516365,3777.7231265529895,4218.490532869143,40.558656018738425,440.7674063161535,0.10448462616706933,0.8955153738329307,4247.345628567591,40.573458640860835,469.62250201460165,0.11056846865861983,0.8894315313413802,4484.354943467413,40.6913705264707,706.6318169144238,0.15757713780971108,0.842422862190289,0.8377870338580046,0.9355361821117143
0.2736636636636637,4556.807525947177,40.72617404920656,1169.3616836051328,3813.9477082888743,4261.988784075365,40.58093213714579,448.0410757864911,0.10512488382432315,0.8948751161756768,4291.110071283131,40.59571889855833,477.1623629942569,0.11119788471228272,0.8888021152877172,4530.30582381999,40.71350822763794,716.3581155311158,0.15812577415073426,0.8418742258492657,0.8369780129118155,0.9353014714373895
0.27616516516516515,4604.54485397031,40.74880416419552,1180.4758960443721,3850.1974209794657,4305.570805130615,40.603024302734596,455.3733841511489,0.10576376623710747,0.8942362337628925,4334.958283847697,40.61779523738988,484.76086286823147,0.11182595797391597,0.8881740420260841,4576.340474021594,40.735462264505244,726.143053042128,0.1586733017711876,0.8413266982288125,0.8361732903219736,0.9350697933625508
0.2786666666666667,4652.38044768678,40.77124673409345,1191.5978136693554,3886.4722646247674,4349.2365960348925,40.62493579315502,462.7643314101251,0.10640127783161248,0.8935987221683875,4378.890266261292,40.63969093489675,492.4180016365244,0.11245269273599592,0.8875473072640041,4622.458894072226,40.75723591382135,735.9866294474587,0.15921972402854187,0.8407802759714581,0.835372839415394,0.934841130242774
0.28116816816816814,4700.314004380182,40.793504984426235,1202.7274364800815,3922.7722392247747,4392.986156788195,40.64666979830914,470.21391756342064,0.10703742301505542,0.8929625769849446,4422.906018523912,40.66140918087257,500.1337792991376,0.11307809327272361,0.8869219067272763,4668.661083971883,40.778832364590656,745.8888447471086,0.15976504426672591,0.8402349557332741,0.8345766337247207,0.9346154645613909
0.28366966966966967,4748.345222101576,40.815582055887575,1213.8647644765515,3959.097344779492,4436.819487390528,40.6682294234594,477.7221426110359,0.10767220617578101,0.892327793824219,4467.005540635562,40.682953080471826,507.9081958560705,0.11370216384012044,0.8862978361598796,4714.94704372057,40.80025472118169,755.8496989410783,0.16030926581619387,0.8396907341838061,0.8337846469863938,0.9343927789283253
0.2861711711711712,4796.473799671697,40.83748100731219,1225.009797658765,3995.4475812889173,4480.736587841887,40.689617692200606,485.28900655296957,0.10830563168336244,0.8916943683166375,4511.188832596238,40.7043256571818,515.7412513073209,0.11432490867612523,0.8856750913238748,4761.316773318283,40.821506006299,765.8691920293654,0.16085239199399282,0.8391476080060072,0.8329968531387355,0.9341730560789426
0.28867267267267266,4844.6994366831295,40.85920481851971,1236.1625360267212,4031.822948753049,4524.737458142272,40.71083754930258,492.914509389223,0.10893770388870244,0.8910622961112975,4555.45589440594,40.72552985566523,523.6329456528911,0.11494633200069125,0.8850536679993087,4807.770272765022,40.84258916382589,775.9473240119733,0.16139442610383173,0.8386055738961683,0.8322132263200609,0.9339562788729127
0.2911741741741742,4893.021833502437,40.88075639303588,1247.3229795804216,4068.2234471718907,4568.8220982916855,40.731891863430164,500.5986511197948,0.10956842712413165,0.8904315728758684,4599.806726064671,40.7465685444804,531.5832788927805,0.11556643801587996,0.88443356198412,4854.30754206079,40.863507061544354,786.0840948888995,0.1619353714361461,0.8380646285638539,0.8314337408668062,0.9337424302930836
0.29367567567567565,4941.440691272193,40.90213856069748,1258.4911283198653,4104.64907654544,4612.990508290125,40.752783429746934,508.341431744685,0.11019780570350869,0.8898021942964913,4644.2413275724275,40.76744451868469,539.5922510269875,0.11618523090595628,0.8838147690940437,4900.928581205585,40.884262493738746,796.279504660145,0.1624752312681666,0.8375247687318335,0.8306583713116836,0.9335314934443729
0.2961771771771772,4989.955711913007,40.92335408014673,1269.6669822450524,4141.099836873698,4657.242688137593,40.773514972408435,516.142851263895,0.11082584392231828,0.8891741560776817,4688.759698929213,40.78816050232797,547.6598620555151,0.11680271483748375,0.8831972851625163,4947.633390199408,40.90485818368905,806.5335533257094,0.16301400886398398,0.836985991136016,0.8298870923818518,0.933323451552667
0.2986786786786787,5038.566598125463,40.94440564122089,1280.850541355983,4177.575728156664,4701.578637834088,40.79408914695061,524.0029096774242,0.1114525460577685,0.8885474539422314,4733.361840135025,40.808719150840915,555.7861119783611,0.11741889395941608,0.8825811060405839,4994.421969042257,40.925296786059256,816.846240885593,0.16355170747461564,0.8364482925253843,0.8291198789971099,0.9331182879637341
0.30118018018018017,5087.273053392013,40.96529586724225,1292.0418056526569,4214.076750394338,4745.998357379611,40.81450854257857,531.9216069852728,0.1120779163688882,0.8879220836311118,4778.047751189864,40.829123053323855,563.9710007955264,0.1180337724031917,0.8819662275968083,5041.294317734133,40.94558088918615,827.2175673397951,0.1640883303380703,0.8359116696619298,0.8283567062681138,0.9329159861421529
0.3036816816816817,5136.074781978832,40.98602731721341,1303.2407751350743,4250.60290358672,4790.50184677416,40.83477568436083,539.8989431874406,0.11270195909662348,0.8872980409033765,4822.817432093731,40.849374734740906,572.2145285070119,0.11864735428282555,0.8813526457171744,5088.250436275037,40.965713017273444,837.6475326883174,0.1646238806794139,0.8353761193205861,0.8275975494946051,0.9327165296702458
0.30618318318318316,5184.971488937584,41.006602487922606,1314.447449803235,4287.1541877338095,4835.0891060177355,40.85489303533335,547.934918283926,0.11332467846393318,0.8866753215360669,4867.6708828466235,40.86947665802413,580.516695112814,0.11925964369499992,0.8807403563050001,5135.290324664967,40.985695632495926,848.1361369311571,0.1651583617108329,0.8348416382891671,0.8268423841636707,0.9325199022470343
0.3086846846846847,5233.962880107179,41.02702381596335,1325.6618296571394,4323.730602835608,4879.760135110339,40.874862998518196,556.0295322747315,0.11394607867588533,0.8860539213241146,4912.608103448545,40.8894312260921,588.8775006129372,0.11987064471915801,0.880129355280842,5182.413982903925,41.00553113701798,858.6833800683171,0.16569177663170023,0.8343082233682998,0.8260911859480111,0.9323260876871968
0.3111861861861862,5283.04866211544,41.04729367967269,1336.8839146967873,4360.332148892116,4924.514934051971,40.89468791886054,564.1827851598555,0.11456616391975011,0.88543383608025,4957.6290938994935,40.909240783786956,597.2969450073779,0.12048036141759155,0.8795196385824084,5229.621410991911,41.025221874930665,869.2892620997955,0.16622412862863736,0.8337758713713627,0.8253439307042366,0.9321350699200441
0.3136876876876877,5332.228542380738,41.067414400991844,1348.1137049221784,4396.95882590333,4969.3535028426295,40.91437008508826,572.3946769392996,0.11518493836509548,0.8848150616349045,5002.733854199469,40.92890761973395,605.7750282961388,0.1210887978355335,0.8789112021644665,5276.912608928924,41.04477013411122,879.953783025594,0.16675542087557932,0.8332445791244206,0.8246005944711762,0.9319468329885028
0.3161891891891892,5381.5022291135765,41.08738824725299,1359.351200333313,4433.610633869253,5014.275841482316,40.9339117314976,580.6652076130622,0.11580240616387918,0.8841975938361208,5047.922384348472,40.948433968127155,614.311750479219,0.12169595800124555,0.8783040419987544,5324.287576714964,41.064178148008764,890.676942845711,0.16728565653383629,0.8327143434661637,0.8238611534682098,0.9317613610481121
0.31869069069069067,5430.869431318107,41.10721743289571,1370.596400930191,4470.287572789884,5059.281949971028,40.95331503966855,588.994377181144,0.1164185714505429,0.8835814285494571,5093.194684346501,40.96782201044479,622.9071115566176,0.1223018459261079,0.8776981540738921,5371.746314350031,41.0834480973596,901.4587415601472,0.16781483875215758,0.8321851612478424,0.8231255840936165,0.9315786383660318
0.3211921921921922,5480.329858793612,41.12690412111634,1381.849306712813,4506.989642665224,5104.371828308767,40.97258214011306,597.3821856435434,0.11703343834210334,0.8829665616578967,5138.5507541935585,40.9870738770975,631.5611115283345,0.12290646560470753,0.8770935343952925,5419.288821834125,41.10258211183549,912.299179168901,0.16834297066679293,0.8316570293332071,0.8223938629229427,0.9313986493200603
0.3236936936936937,5529.883222135936,41.14645042545341,1393.1099176811779,4543.716843495272,5149.545476495536,40.99171511385943,605.8286330002638,0.11764701093824567,0.8823529890617543,5183.990593889643,41.00619164901268,640.2737503943708,0.12350982101492622,0.8764901789850738,5466.915099167247,41.12158227162794,923.198255671975,0.1688700554015558,0.8311299445984441,0.8216659667073848,0.9312213783976628
0.3261951951951952,5579.529232738845,41.16585841131204,1404.3782338352864,4580.469175280028,5194.80289453133,41.01071599397564,614.3337192513018,0.11825929332141222,0.8817407066785877,5229.514203434755,41.02517735915784,649.0450281547264,0.12411191611802726,0.8758880838819727,5514.625146349395,41.14045060897162,934.1559710693673,0.1693960960678833,0.8306039039321167,0.8209418723721957,0.931046810195013
0.3286966966966967,5629.267602795369,41.18513009743017,1415.6542551751384,4617.246638019492,5240.144082416152,41.02958676703456,622.8974443966599,0.1188702895568954,0.8811297104431046,5275.121582828894,41.04403299400579,657.8749448094022,0.12471275485874261,0.8752872451412573,5562.418963380572,41.1591891096094,945.1723253610799,0.16992109576489892,0.8300789042351011,0.8202215570151026,0.9308749294160421
0.3311981981981982,5679.09804529907,41.20426745728927,1426.9379817007334,4654.049231713663,5285.56904015,41.04832937452353,631.5198084363365,0.11948000369292584,0.8805199963070741,5320.81273207206,41.06276049494424,666.7635003583964,0.12531234116535836,0.8746876588346416,5610.296550260775,41.17779971420208,956.2473185471117,0.17044505757947215,0.8295549424205279,0.8195049979047463,0.9307057208715004
0.3336996996996997,5729.020274045269,41.223272420471936,1438.2294134120723,4690.876956362544,5331.077767732877,41.066945714201005,640.2008113703332,0.12008843976076314,0.8799115602392369,5366.587651164254,41.08136175963243,675.7106948017099,0.12591067894980118,0.8740893210501989,5658.257906990007,41.196284319684914,967.3809506274629,0.17096798458627974,0.8290320154137203,0.8187921724791365,0.9305391694780294
0.3362012012012012,5779.034004075162,41.24214687413533,1449.5285503091543,4727.729811966131,5376.67026516478,41.085437641402464,648.9404531986493,0.12069560177478375,0.8793043982252162,5412.446340105474,41.09983864330701,684.7165281393427,0.12650777210772302,0.873492227892277,5706.303033568264,41.21464478057351,978.5732216021333,0.17148987984786573,0.8285101201521343,0.8180830582814205,0.9303752601859325
0.3387027027027027,5829.138950344894,41.26089266376634,1460.83539239198,4764.607798524427,5422.346532445711,41.10380697029797,657.7387339212837,0.12130149373256956,0.8786985062674304,5458.388798895721,41.11819296003965,693.7810003712939,0.12710362451858537,0.8728963754814146,5754.431929995549,41.23288291022143,989.8241314711213,0.17201074641470074,0.8279892535852993,0.8173776331481203,0.930213978193964
0.3412042042042042,5879.3348290615795,41.2795115949013,1472.1499396605493,4801.510916037433,5468.10656957567,41.122055475103394,666.5956535382365,0.12190611961499591,0.8780938803850041,5504.4150275349975,41.13642648394828,702.9041114975644,0.12769824004574395,0.8723017599542561,5802.644596271862,41.251000482031344,1001.1336802344285,0.17253058732524243,0.8274694126747576,0.816675875016259,0.9300553087309799
0.3437057057057057,5929.6213572385195,41.29800543412351,1483.4721921148614,4838.439164505145,5513.950376554654,41.140184891247536,675.5112120495096,0.12250948338631897,0.877490516613681,5550.525026023299,41.15454095036408,712.0858615181542,0.12829162253653176,0.8717083774634682,5850.941032397201,41.26899923062214,1012.501867892056,0.1730494056059939,0.8269505943940061,0.8159777619862141,0.9298992371281112
0.3462072072072072,5979.998252696186,41.31637591018901,1494.8021497549178,4875.392543927567,5559.877953382666,41.15819691649676,684.4854094550992,0.12311158899426089,0.8768884110057391,5596.718794360629,41.172538056956256,721.3262504330614,0.12888377582234165,0.8711162241776583,5899.321238371567,41.28688085295358,1023.928694444,0.1735672042715617,0.8264327957284383,0.8152832723202573,0.9297457488178862
0.34870870870870874,6030.465234063172,41.33462471511176,1506.139812580717,4912.3710543046955,5605.889300059706,41.17609321203928,693.5182457550109,0.12371244037009872,0.8762875596299012,5642.996332546985,41.19041946481626,730.6252782422898,0.1294747037187103,0.8705252962812897,5947.785214194962,41.304647009410495,1035.414159890266,0.1740839863247164,0.8259160136752836,0.8145923844411033,0.9295948293333586
0.3512102102102102,6081.022020777071,41.35275350521014,1517.48518059226,4949.374695636533,5651.984416585774,41.1938754035306,702.6097209492409,0.1243120414287466,0.8756879585712534,5689.35764058237,41.20818679950323,739.9829449458366,0.13006441002539806,0.869935589974602,5996.332959867383,41.32229932484831,1046.9582642308496,0.1745997547564478,0.8254002452435523,0.8139050769304846,0.9294464643072495
0.35371171171171173,6131.668333085353,41.370763902116266,1528.8382537895461,4986.403467923078,5698.163302960868,41.21154508210195,711.7598350377903,0.12491039606884327,0.8750896039311568,5735.802718466782,41.225841652052424,749.3992505437036,0.13065289852647216,0.8693471014735278,6044.964475388832,41.339839389601366,1058.5610074657543,0.1751145125460252,0.8248854874539748,0.8132213285277293,0.9293006394710929
0.3562132132132132,6182.403892046147,41.38865749374984,1540.1990321725762,5023.457371164333,5744.425959184989,41.2291038053331,720.9685880206553,0.12550750817283496,0.874492491827165,5782.331566200219,41.24338557994805,758.8741950358854,0.13124017299038584,0.8687598270096142,6093.679760759307,41.357268760455796,1070.2223895949737,0.17562826266105228,0.8243717373389478,0.8125411181283653,0.9291573406543965
0.3587147147147147,6233.228419529016,41.40643583525791,1551.5675157413493,5060.536405360294,5790.772385258138,41.246553098191185,730.2359798978432,0.12610338160706194,0.8738966183929381,5828.944183782685,41.26082010806207,768.407778422391,0.1318262371700622,0.8681737628299377,6142.47881597881,41.37458896158827,1081.942410618516,0.17614100805752758,0.8238589919424725,0.8118644247827308,0.9290165537838079
0.36121621621621625,6284.14163821566,41.424100449922,1562.9437044958663,5097.6405705109655,5837.202581180314,41.26389445393694,739.5620106693486,0.12669802022183804,0.8733019797781619,5875.640571214179,41.27814672956042,778.0000007032131,0.13241109480296928,0.8675889051970307,6191.361641047341,41.39180148547224,1093.721070536376,0.17665275167989705,0.823347248320103,0.8111912276946078,0.9288782648822901
0.3637177177177177,6335.143271600601,41.44165283003402,1574.327598436126,5134.769866616342,5883.716546951516,41.28112933499955,748.9466803351734,0.12729142785153702,0.872708572148463,5922.420728494698,41.295366906777915,787.6508618783555,0.1329947496112038,0.8670052503887962,6240.328235964897,41.4089077937528,1105.558369348555,0.1771634964611137,0.8228365035388863,0.8105215062198619,0.9287424600683055
0.36621921921921924,6386.233043991804,41.45909443774211,1585.7191975621297,5171.924293676429,5930.314282571748,41.29825917382166,758.3899888953183,0.12788360831467332,0.8721163916853267,5969.284655624247,41.312482072063204,797.3603619478172,0.13357720530156758,0.8664227946984324,6289.378600731483,41.425909318091655,1117.4543070550535,0.1776732453226919,0.8223267546773081,0.809855239865103,0.9286091255550114
0.3687207207207207,6437.4106805112615,41.47642670586774,1597.1185018738765,5209.103851691224,5976.995788041005,41.31528537367555,767.8919363497807,0.12847456541398397,0.8715254345860161,6016.23235260282,41.32949362859493,807.1285009115963,0.1341584655656469,0.8658415344343531,6338.512735347095,41.44280746098325,1129.4088836558713,0.17818200117476377,0.8218179988252362,0.809192408286357,0.9284782476494586
0.37122222222222223,6488.675907095547,41.49365103869526,1608.5255113713672,5246.308540660727,6023.761063359289,41.332209309451706,777.4525226985625,0.12906430293651092,0.8709356970634891,6063.263819430423,41.346402951170376,816.9552787696957,0.13473853407989095,0.8652614659201091,6387.730639811734,41.4596035965434,1141.4220991510074,0.17868976691613417,0.8213102330838659,0.8085329912877516,0.9283498127518035
0.3737237237237237,6540.028450496294,41.51076881273492,1619.9402260546008,5283.538360584937,6070.610108526601,41.34903232842096,787.0717479416635,0.1296528246536811,0.8703471753463189,6110.379056107052,41.36321138696751,826.8406955221144,0.1353174145056883,0.8646825854943117,6437.0323141254,41.47629907127133,1153.4939535404628,0.17919654543433625,0.8208034545656637,0.8078769688202186,0.9282238073545275
0.3762252252252252,6591.468038280676,41.52778137746044,1631.3626459235782,5320.793311463856,6117.54292354294,41.36575575097116,796.7496120790838,0.13024013432138712,0.8697598656786129,6157.578062632709,41.37992025628173,836.7847511688524,0.13589511048944464,0.8641048895105554,6486.417758288095,41.4928952047864,1165.6244468242385,0.17970233960568582,0.8202976603943142,0.807224320980207,0.9281002180416618
0.37872672672672675,6642.994398831811,41.544690056022226,1642.7927709782991,5358.0733932974845,6164.559508408309,41.382380871319505,806.4861151108244,0.13082623568006715,0.8691737643199329,6204.860839007393,41.39653085323814,846.7874457099088,0.1364716256626589,0.8635283743373411,6535.886972299815,41.50939329054038,1177.8135790023307,0.1802071522953353,0.8197928477046647,0.8065750280084109,0.9279790314880235
0.3812282282282282,6694.607261349136,41.5614961459371,1654.2306012187632,5395.378606085819,6211.659863122702,41.39890895820133,816.2812570368824,0.13141113245478395,0.868588867545216,6252.227385231103,41.41304444648037,856.8487791452835,0.13704696364199997,0.862953036358,6585.439956160563,41.525794596506245,1190.061350074744,0.1807109863573295,0.8192890136426705,0.8059290702885102,0.9278602344584576
0.38372972972972974,6746.306355848751,41.57820091975546,1665.6761366449707,5432.708949828862,6258.843987686123,41.41534125553646,826.1350378572606,0.1319948283553047,0.8680051716446953,6299.677701303842,41.429462279836926,866.9687514749794,0.1376211280293821,0.8623788719706179,6635.076709870339,41.54210036584449,1202.3677600414767,0.18121384463465728,0.8187861553653427,0.8052864283459263,0.9277438138070887
0.3862312312312312,6798.091413163705,41.59480562570691,1677.1293772569218,5470.064424526614,6306.11188209857,41.43167898307387,836.0474575719563,0.13257732707617828,0.8674226729238217,6347.211787225607,41.445785572965804,877.1473626989928,0.13819412241203907,0.8618058775879609,6684.797233429141,41.5583118175478,1214.7328089025268,0.18171572995930618,0.8182842700406938,0.804647082846588,0.9276297564765791
0.38873273273273273,6849.962164944255,41.61131148832489,1688.5903230546162,5507.445030179074,6353.463546360046,41.44792333701555,846.0185161809723,0.13315863229681446,0.8668413677031855,6394.829642996399,41.46201552197842,887.3846128173254,0.13876595036260062,0.8612340496373994,6734.601526836972,41.57443014706489,1227.156496657898,0.182216645152316,0.817783354847684,0.8040110145957124,0.9275180494973946
0.39123423423423426,6901.918343658072,41.627719709051476,1700.0589740380544,5544.850766786243,6400.898980470551,41.46407549062036,856.0482136843075,0.1337387476815603,0.8662612523184398,6442.53126861622,41.47815330004342,897.6805018299765,0.1393366154391654,0.8606633845608346,6784.48959009383,41.59045652690433,1239.6388233075868,0.18271659302383017,0.8172834069761699,0.8033782045365996,0.9274086799870805
0.3937357357357357,6953.959682590435,41.644031466822824,1711.5353302072363,5582.28163434812,6448.418184430079,41.48013659478864,866.1365500819593,0.13431767687977725,0.8656823231202228,6490.316664085066,41.494200057971284,908.035029736946,0.1399061211853753,0.8600938788146247,6834.461423199713,41.60639210721916,1252.179788851593,0.18321557637314978,0.8167844236268502,0.8027486337494342,0.927301635149539
0.39623723723723725,7006.085915844348,41.66024791863608,1723.019391562161,5619.737632864704,6496.021158238636,41.496107778628314,876.2835253739322,0.13489542352591907,0.8651045764740809,6538.185829402941,41.51015692478045,918.4481965382365,0.14047447113048914,0.8595255288695108,6884.517026154625,41.622238016372975,1264.7793932899203,0.1837135979887856,0.8162864020112144,0.8021222834501072,0.927196902274322
0.3987387387387387,7058.296778340656,41.676370200098596,1734.5111581028293,5657.218762335997,6543.70790189622,41.51199015000319,886.4891395602235,0.1354719912396057,0.8645280087603943,6586.138764569842,41.526025008245625,928.9200022338455,0.14104166878945432,0.8589583312105457,6934.656398958563,41.637995361488215,1277.437636622566,0.18421066064850883,0.8157893393514912,0.8014991349890448,0.9270944687359249
0.40124024024024024,7110.5920058180955,41.69239942595984,1746.010629829241,5694.725022761998,6591.478415402833,41.52778479606409,896.753392640835,0.1360473836257007,0.8639526163742993,6634.175469585772,41.54180539542885,939.4504468237737,0.1416077176629806,0.8583922823370194,6984.87954161153,41.653665228977246,1290.154518849532,0.18470676711940426,0.8152932328805957,0.8008791698500499,0.9269943219930903
0.40374174174174177,7162.9713348333225,41.70833669062692,1757.5178067413965,5732.256414142707,6639.332698758473,41.543492783763504,907.0762846157659,0.13662160427438516,0.8633783957256148,6682.295944450729,41.55749915319423,950.0395303080213,0.14217262123761157,0.8578273787623885,7035.186454113524,41.66924868505706,1302.9300399708163,0.18520192015792045,0.8147980798420795,0.8002623696491581,0.9268964495881186
0.40624324324324323,7215.434502760891,41.72418306866412,1769.032688839295,5769.812936478123,6687.2707519631385,41.55911516035434,917.4578154850151,0.13719465676123296,0.862805343238767,6730.500189164711,41.573107328706634,960.6872526865873,0.1427363829857961,0.857263617014204,7085.577136464544,41.684746776247955,1315.7641999864209,0.1856961225099218,0.8143038774900782,0.7996487161335025,0.9268008391461863
0.40874474474474476,7267.98124779322,41.73993961527718,1780.555276122937,5807.394589768249,6735.292575016832,41.57465295387335,927.8979852485836,0.137766544647285,0.862233455352715,6778.788203727722,41.58863094991514,971.3936139594734,0.14329900636596,0.85670099363404,7136.051588664593,41.70016052985699,1328.6569988963438,0.18618937691073817,0.8138106230892618,0.7990381911801919,0.9267074783746686
0.4112462462462462,7320.611308940492,41.75560736678281,1792.0855685923225,5845.001374013083,6783.398167919552,41.59010717360985,938.3967939064696,0.13833727147912256,0.8616627285208774,6827.15998813976,41.60407102602173,982.1586141266771,0.14386049482257587,0.8561395051774241,7186.609810713667,41.715490954446636,1341.6084367005842,0.18668168608521626,0.8133183139147837,0.7984307767952,0.9266163550624722
0.41374774774774775,7373.324426030537,41.771187341063964,1803.6235662474514,5882.633289212624,6831.587530671301,41.6054788105602,948.9542414586767,0.13890684078894155,0.8610931592110584,6875.615542400825,41.61942854793578,992.982253188201,0.14442085178623465,0.8555791482137654,7237.25180261177,41.7307390402893,1354.6185133991457,0.18717305274776994,0.81282694725223,0.7978264551122656,0.9265274570793729
0.4162492492492493,7426.120339708676,41.78668053801145,1815.1692690883242,5920.290335366874,6879.860663272076,41.62076883786858,959.5703279052013,0.13947525609462383,0.8605247439053761,6924.154866510918,41.63470448871486,1003.8645311440432,0.14498008067371415,0.8550199193262858,7287.977564358899,41.74590575980805,1367.6872289920248,0.18766347960242877,0.8123365203975712,0.7972252083918056,0.9264407723753599
0.41875075075075074,7478.99879143752,41.802087939952294,1826.7226771149399,5957.972512475832,6928.217565721879,41.63597821125458,970.2450532460462,0.14004252089981134,0.8599574791001887,6972.777960470037,41.649899803992284,1014.8054479942048,0.14553818488804948,0.8544618151119505,7338.7870959550555,41.76099206800423,1380.814583479223,0.18815296934288928,0.8118470306571107,0.7966270190198367,0.9263562889799883
0.42125225225225227,7531.9595234967555,41.81741051206538,1838.2837903272991,5995.679820539498,6976.658238020708,41.651107869428046,980.9784174812103,0.14060863869397675,0.8593913613060232,7021.484824278184,41.665015432391975,1025.8050037386856,0.1460951678186016,0.8539048321813983,7389.68039740024,41.77599890287222,1394.0005768607416,0.18864152465256337,0.8113584753474367,0.7960318695069101,0.9262739950017356
0.42375375375375374,7585.002278982877,41.8326492027848,1849.8526087254018,6033.412259557872,7025.182680168565,41.666158734491674,991.7704206106928,0.14117361295249561,0.8588263870475044,7070.275457935358,41.68005229593105,1036.8631983774858,0.14665103284112607,0.853348967158874,7440.6574686944505,41.790927185802104,1407.2452091365785,0.18912914820462715,0.8108708517953729,0.7954397424870558,0.9261938786273665
0.42625525525525526,7638.126801808887,41.84780494419141,1861.4291323092482,6071.169829530955,7073.790892165449,41.68113171233173,1002.6210626344937,0.14173744713671746,0.8582625528632826,7119.149861441559,41.69501130041052,1047.9800319106034,0.14720578331784093,0.852794216682159,7491.71830983769,41.805777821970295,1420.5484803067347,0.18961584266207032,0.8103841573379297,0.7948506207167392,0.9261159281213046
0.4287567567567568,7691.332836703976,41.86287865239281,1873.013361078838,6108.952530458746,7122.482874011361,41.696027692997305,1013.5303435526148,0.14230014469403668,0.8576998553059634,7168.108034796788,41.70989333579462,1059.1555043380422,0.14775942259749558,0.8522405774025044,7542.862920829956,41.820551700718866,1433.9103903712103,0.1901016106777444,0.8098983893222556,0.7942644870738244,0.9260401318250078
0.43125825825825825,7744.620129213153,41.87787122789245,1884.6052950341711,6146.760362341245,7171.258625706299,41.71084755106866,1024.4982633650543,0.14286170905796208,0.857138290942038,7217.149978001044,41.724699276579024,1070.3896156597984,0.14831195401543637,0.8516880459845636,7594.091301671248,41.835249695923764,1447.3309393300033,0.1905864548944106,0.8094135451055894,0.7936813245565539,0.9259664781563526
0.4337597597597598,7797.988425696855,41.89278355594798,1896.204934175248,6184.593325178453,7220.118147250266,41.72559214601476,1035.524822071813,0.1434221436481875,0.8565778563518125,7266.275691054327,41.73942998214851,1081.682365875874,0.14886338089367532,0.8511366191063247,7645.403452361569,41.84987266635245,1460.8101271831165,0.1910703779447886,0.8089296220552115,0.7931011162825335,0.9258949556090231
0.43626126126126125,7851.43747333052,41.90761650691933,1907.8122785020678,6222.451418970368,7269.061438643258,41.74026232254066,1046.6100196728903,0.14398145187066075,0.8560185481293392,7315.485173956637,41.75408629712424,1093.0337549862688,0.14941370654095565,0.8505862934590444,7696.799372900916,41.86442145601119,1474.347953930548,0.1915533824516031,0.8084466175483969,0.7925238454877297,0.9258255527519061
0.43876276276276277,7904.967020104128,41.92237093660689,1919.427328014631,6260.33464371699,7318.088499885279,41.754858910924895,1057.7538561682886,0.1445396371176531,0.8554603628823468,7364.778426707974,41.768669051701224,1104.443782990984,0.14996293425281848,0.8500370657471815,7748.279063289291,41.87889689448249,1487.9444195723008,0.19203547102763233,0.8079645289723677,0.7919494955254761,0.9257582582284931
0.44126426426426424,7958.576814821706,41.937047686580044,1931.050082712938,6298.242999418323,7367.199330976327,41.769382727347306,1068.9563315580035,0.14509670276782666,0.8549032972321733,7414.155449308339,41.783179061976085,1115.9124498900155,0.15051106731166775,0.8494889326883323,7799.842523526692,41.89329979725282,1501.5995241083692,0.19251664627575357,0.8074833537242464,0.7913780498654923,0.925693060756287
0.44376576576576576,8012.266607100824,41.9516475844965,1942.6805425969885,6336.176486074362,7416.393931916402,41.78383457420757,1080.2174458420395,0.14565265218630458,0.8543473478136954,7463.616241757732,41.797617130265635,1127.4397556833692,0.1510581089868374,0.8489418910131626,7851.489753613122,41.90763096603126,1515.3132675387596,0.1929969107889924,0.8070030892110076,0.7908094920929071,0.9256299491262143
0.4462672672672673,8066.036147372011,41.966171444412566,1954.3187076667823,6374.135103685111,7465.672302705504,41.79821524043483,1091.537199020393,0.14620748872473657,0.8537925112752635,7513.1608040561505,41.81198404541648,1139.0257003710394,0.15160406253465392,0.848395937465346,7903.2207535485795,41.921891189059004,1529.0856498634685,0.19347626715056676,0.8065237328494332,0.7902438059072997,0.9255689122020472
0.44876876876876876,8119.885186878204,41.98062006708491,1965.9645779223194,6412.118852250566,7515.034443343633,41.81252550178861,1102.9155910930667,0.14676121572136816,0.8532387842786319,7562.789136203597,41.826280583105934,1150.6702839530308,0.1521489311985035,0.8478510688014965,7955.035523333063,41.936081241410314,1542.9166710824966,0.19395471793393493,0.8060452820660651,0.7896809751217417,0.9255099389198244
0.4512702702702703,8173.813477674123,41.994994240263786,1977.6181533636002,6450.127731770731,7564.48035383079,41.826766121151465,1114.3526220600588,0.1473138365011062,0.8526861634988938,7612.5012382000705,41.84050750613464,1162.3735064293396,0.15269271820889393,0.847307281791106,8006.934062966574,41.950201885285125,1556.806331195843,0.19443226570284075,0.8055677342971592,0.7891209836618549,0.925453018287283
0.45377177177177175,8227.820772625622,42.009294738978326,1989.2794339906243,6488.161742245603,7614.010034166973,41.84093784881338,1125.8482919213702,0.1478653543755864,0.8521346456244135,7662.297110045571,41.85466556471104,1174.1353677999678,0.15323542678352037,0.8467645732164796,8058.916372449111,41.964253870293476,1570.754630203508,0.19490891301135993,0.8050910869886401,0.7885638155648755,0.9253981393832947
0.45627327327327327,8281.906825409029,42.02352232581387,2000.9484198033917,6526.220883675183,7663.623484352185,41.855041422748535,1137.4026006770018,0.1484157726432391,0.8515842273567609,7712.1767517401,41.868755496728085,1185.955868064917,0.1537770601273278,0.8462229398726722,8110.982451780677,41.97823793373225,1584.761568105494,0.19538466240394553,0.8046153375960545,0.7880094549787289,0.9253452913573067
0.4587747747747748,8336.071390510442,42.03767775118183,2012.625110801903,6564.305156059473,7713.320704386424,41.86907756888438,1149.015548326951,0.1489650945893546,0.8510349054106454,7762.140163283655,41.882778028032305,1197.835007224182,0.15431762143257358,0.8456823785674265,8163.13230096127,41.992154800854216,1598.8271449017966,0.1958595164154724,0.8041404835845276,0.7874578861611119,0.9252944634287873
0.46127627627627626,8390.314223224996,42.05176175358221,2024.3095069861572,6602.4145593984695,7763.101694269688,41.883047001363465,1160.6871348712184,0.1495133234861494,0.8504866765138506,7812.187344676238,41.89673387268566,1209.772785277769,0.15485711387889223,0.8451428861211078,8215.365919990889,42.00600518512982,1612.9513605924194,0.19633347757128367,0.8036665224287163,0.7869090934785862,0.9252456448866792
0.4637777777777778,8444.635079656113,42.06577505985899,2036.0016083561552,6640.549093692175,7812.966454001981,41.89695042279813,1172.417360309806,0.1500604625928308,0.8499395374071692,7862.3182959178475,41.91062373322021,1221.7692022256724,0.155395540633355,0.844604459366645,8267.683308869538,42.01978978850197,1627.1342151773633,0.19680654838723444,0.8031934516127656,0.7863630614056795,0.9251988250888569
0.46627927927927926,8499.033716714714,42.079718385448714,2047.7014149118966,6678.708758940588,7862.9149835833,41.91078852451841,1184.2062246427122,0.15060651515566098,0.849393484844339,7912.533017008484,41.92444830088604,1233.8242580678962,0.15593290485053443,0.8440670951494655,8320.084467597211,42.033509301633764,1641.375708656623,0.19727873136973598,0.802721268630264,0.7858197745239951,0.925153993461588
0.4687807807807808,8553.509892118407,42.09359243462243,2059.4089266533815,6716.89355514371,7912.947283013649,41.924561986813245,1196.0537278699394,0.15115148440802223,0.8488485155919778,7962.83150794815,41.93820825589246,1245.93795280444,0.15646920967256425,0.8435307903274357,8372.569396173913,42.04716440414987,1655.6758410302027,0.1977500290158015,0.8022499709841985,0.7852792175213313,0.9251111394990025
0.4712822822822823,8608.063364390653,42.10739790072118,2071.12414358061,6755.103482301541,7963.063352293024,41.93827147916534,1207.9598699914832,0.15169537357047927,0.8483046264295208,8013.213768736841,41.951904267642846,1258.1102864353006,0.15700445822920087,0.8429955417707992,8425.138094599642,42.06075576487123,1670.0346122981018,0.19822044381308873,0.8017795561869113,0.7847413751908087,0.9250702527625635
0.4737837837837838,8662.69389285988,42.121135466385326,2082.8470656935815,6793.338540414078,8013.263191421425,41.951917660479744,1219.9246510073472,0.15223818585084462,0.8477618141491554,8063.67979937456,41.965536994963244,1270.3412589604823,0.1575386536378854,0.8424613463621146,8477.790562874397,42.0742840420437,1684.4520224603193,0.1986899782399443,0.8013100217600557,0.7842062324300072,0.9250313228805488
0.4762852852852853,8717.401237658632,42.134805803777766,2094.5776929922963,6831.598729481323,8063.546800398854,41.96550117930647,1231.9480709175314,0.15277992444424016,0.8472200755557598,8114.229599861306,41.979107086324944,1282.6308703799832,0.15807179900380275,0.8419282009961973,8530.526800998181,42.08774988356062,1698.928071516858,0.19915863476544748,0.8008413652345525,0.7836737742401073,0.9249943395475285
0.47878678678678677,8772.18515972261,42.14840957480144,2106.316025476755,6869.884049503277,8113.914179225309,41.97902267405724,1244.0301297220321,0.15332059253315988,0.8466794074668401,8164.863170197079,41.99261518006129,1294.9791206938016,0.1586038974199422,0.8413961025800578,8583.346808970991,42.101153927179574,1713.462759467714,0.19962641584945248,0.8003735841505475,0.7831439857250475,0.9249592925238577
0.4812882882882883,8827.04542078975,42.161947431311035,2118.0620631469574,6908.194500479941,8164.365327900794,41.99248277321658,1256.1708274208531,0.15386019328753353,0.8461398067124665,8215.58051038188,42.00606190457875,1307.3860099019394,0.15913495196715793,0.8408650480328421,8636.25058679283,42.114496800733484,1728.0560863128894,0.20009332394263268,0.7999066760573673,0.7826168520906818,0.924926171635167
0.4837897897897898,8881.981783399247,42.17542001531935,2129.8158060029027,6946.530082411311,8214.900246425306,42.00588209554752,1268.3701640139952,0.15439872986478728,0.8456012701352127,8266.381620415708,42.01944787856255,1319.8515380043973,0.15966496571422784,0.8403350342857722,8689.238134463696,42.127779122336236,1742.708052052385,0.20055936148652298,0.799440638513477,0.7820923586439495,0.9248949667718592
0.4862912912912913,8936.994010890568,42.18882795919827,2141.5772540445914,6984.890795297389,8265.518934798842,42.019221250291885,1280.628139501453,0.15493620540990505,0.845063794590095,8317.266500298563,42.03277371117706,1332.3757050011745,0.16019394171791254,0.8398060582820874,8742.309451983587,42.14100150058303,1757.4186566861981,0.20102453091356182,0.7989754690864382,0.781570490792054,0.9248656678886132
0.4887927927927928,8992.08186740243,42.20217188587465,2153.346407272024,7023.2766391381765,8316.221393021407,42.03250083736552,1292.944753883231,0.15547262305549142,0.8445273769445086,8368.235150030445,42.04604000226095,1344.9585108922684,0.16072188302301413,0.8392781169769858,8795.464539352508,42.15416453474556,1772.1879002143314,0.20148883464713438,0.7985111653528656,0.781051234041646,0.9248382650038905
0.4912942942942943,9047.245117871757,42.215452409021154,2165.1232656851994,7061.68761393367,8367.007621093,42.04572144754851,1305.32000715933,0.15600798592183107,0.8439920140781689,8419.287569611355,42.059247342517466,1357.599955677685,0.16124879266243589,0.8387512073375641,8848.703396570454,42.167268814962235,1787.015782636784,0.20195227510161418,0.7980477248983858,0.780534573998017,0.924812748199446
0.4937957957957958,9102.483528032617,42.22867013324232,2176.907829284119,7100.123719683875,8417.877619013621,42.05888366267058,1317.7538993297467,0.15654229711694914,0.8434577028830509,8470.423759041292,42.072396313699755,1370.3000393574175,0.1617746736572377,0.8382253263427624,8902.026023637429,42.18031492242352,1801.902303953554,0.20241485468240458,0.7975851453175954,0.7800204963643009,0.9247891076198449
0.4962972972972973,9157.79686441513,42.241825654255905,2188.7000980687817,7138.584956388786,8468.831386783268,42.07198805579179,1330.2464303944816,0.15707555973667245,0.8429244402633276,8521.643718320256,42.08548748879163,1383.0587619314701,0.16229952901669678,0.8377004709833032,8955.43242055343,42.1933034295527,1816.8474641646444,0.20287657578598156,0.7971234242140184,0.7795089869406814,0.9247673334719831
0.4987987987987988,9213.184894344358,42.25491955906968,2200.5000720391877,7177.071324048405,8519.86892440194,42.08503519137872,1342.797600353536,0.15760777686468866,0.8423922231353114,8572.947447448249,42.098521432183695,1395.876123399844,0.16282336173836323,0.8371766382616368,9008.922587318459,42.20623490018199,1831.851263270054,0.20333744079993385,0.7966625592000661,0.7790000316236082,0.9247474160246127
0.5013003003003003,9268.647385939172,42.267952426153855,2212.3077511953375,7215.582822662734,8570.990231869642,42.098025625476225,1355.4074092069086,0.15813895157260555,0.8418610484273944,8624.334946425266,42.11149869984514,1408.7521237625324,0.16334617480811683,0.8366538251918831,9062.496523932514,42.219109889724294,1846.9137012697802,0.20379745210300437,0.7962025478969956,0.7784936164050213,0.9247293456078718
0.5038018018018018,9324.184108111085,42.28092482560916,2224.12313553723,7254.119452231768,8622.19530918637,42.11095990587492,1368.0758569546024,0.1586690869200109,0.8413309130799891,8675.806215251312,42.12441983949122,1421.6867630195438,0.163867971200226,0.836132028799774,9116.154230395598,42.231928945340684,1862.0347781638293,0.2042566120651324,0.7957433879348675,0.7779897273715807,0.9247131126128176
0.5063033033033033,9379.794830563083,42.29383731933085,2235.946225064867,7292.681212755514,8673.484156352128,42.12383857227452,1380.8029435966137,0.15919818595452975,0.8408018140454703,8727.361253926385,42.137285390746555,1434.680041170871,0.16438875387740107,0.835611246122599,9169.895706707708,42.244692606103754,1877.214493952194,0.2047149230474918,0.7952850769525082,0.7774883507039059,0.9246987074909659
0.5088048048048048,9435.479323788413,42.306690461168614,2247.777019778247,7331.268104233966,8724.856773366912,42.136662156443165,1393.5886691329451,0.15972625171188468,0.8402737482881153,8779.000062450486,42.15009588530452,1447.73195821652,0.16490852579085344,0.8350914742091465,9223.720952868845,42.25740140315687,1892.452848634879,0.20517238740253424,0.7948276125974657,0.7769894726758205,0.9246861207538335
0.5113063063063064,9491.237359069375,42.31948479708261,2259.6155196773707,7369.880126667127,8776.313160230722,42.14943118237284,1406.433033563595,0.1602532872159522,0.8397467127840478,8830.722640823615,42.16285184708259,1460.8425141564876,0.16542728988034883,0.8345727101196512,9277.629968879011,42.27005585986964,1907.7498422118842,0.20562900747402754,0.7943709925259724,0.7764930796536049,0.9246753429724834
0.5138078078078078,9547.06870847606,42.33222086529574,2271.461724762237,7408.5172800549935,8827.853316943558,42.16214616643096,1419.3360368885642,0.16077929547882167,0.8392207045211784,8882.528989045768,42.17555379237399,1474.0117089907744,0.16594504907426422,0.8340549509257358,9331.6227547382,42.28265649198947,1923.105474683207,0.20608478559709628,0.7939152144029037,0.7759991580952569,0.9246663647770788
0.5163093093093093,9602.973144865102,42.34489919644212,2283.3156350328472,7447.179564397571,8879.477243505424,42.174807617508364,1432.2976791078527,0.16130427950085188,0.8386957204991481,8934.41910711695,42.188202229995625,1487.2395427193787,0.16646180628964208,0.8335381937103579,9385.69931044642,42.295203807789505,1938.519746048849,0.2065397240982617,0.7934602759017383,0.7755076945497577,0.9246591768564358
0.5188108108108108,9658.950441878373,42.35752031371213,2295.177250489201,7485.866979694856,8931.184939916317,42.187416037163615,1445.3179602214605,0.16182824227072862,0.8381717577292714,8986.39299503716,42.200797661432446,1500.5260153423042,0.1669775644322463,0.8330224355677537,9439.859636003668,42.307698308213,1953.992656308812,0.20699382529548163,0.7930061747045184,0.7750186756563462,0.9246537699575847
0.5213123123123123,9715.000373941704,42.37008473299385,2307.046571131298,7524.57952594685,8982.976406176236,42.19997191976396,1458.3968802293866,0.162351186765521,0.837648813234479,9038.450652806396,42.213340580978354,1513.8711268595462,0.16749232639661493,0.8325076736033851,9494.103731409943,42.320140487014186,1969.5242054630935,0.20744709149818874,0.7925529085018113,0.7745320881437983,0.9246501348853308
0.5238138138138139,9771.122716263531,42.382592963011234,2318.923596959139,7563.317203153552,9034.851642285183,42.212475752622794,1471.5344391316303,0.162873115950738,0.8371268840492619,9090.59208042466,42.225831475873676,1527.2748772711075,0.1680060950661161,0.8319939049338839,9548.431596665243,42.33253083089578,1985.1143935116907,0.20789952500733053,0.7921004749926694,0.7740479188297165,0.9246482625018245
0.5263153153153153,9827.317244833574,42.395045505458896,2330.8083279727225,7602.080011314959,9086.810648243156,42.22492801613395,1484.7306369281969,0.16339403278038536,0.8366059672196147,9142.81727789195,42.23827082643947,1540.7372665769917,0.16851887331300117,0.8314811266869988,9602.84323176957,42.344869819643236,2000.7632204546107,0.2083511281154091,0.7916488718845909,0.7735661546198207,0.9246481437261306
0.5288168168168168,9883.583736421462,42.40744285513382,2342.70076417205,7640.867950431078,9138.853424050156,42.23732918390274,1497.9854736190782,0.16391394019701885,0.8360860598029811,9195.126245208268,42.250659106208545,1554.2582947771907,0.16903066399845681,0.8309693360015432,9657.338636722925,42.35715792625577,2016.4706862918474,0.20880190310651744,0.7911980968934825,0.7730867825072526,0.9246497695338037
0.5313183183183183,9939.921968575341,42.41978550006389,2354.600905557121,7679.681020501904,9190.979969706186,42.249679722873935,1511.2989492042825,0.16443284113180318,0.8355671588681968,9247.518982373615,42.26299678205346,1567.8379618717108,0.16954146997266123,0.8304585300273388,9711.917811525309,42.369395617074375,2032.2367910234052,0.2092518522563806,0.7907481477436193,0.7726097895718802,0.9246531309564698
0.5338198198198199,9996.331719620499,42.43207392163343,2366.5087521279356,7718.519221527437,9243.190285211242,42.26198009345673,1524.6710636838043,0.16495073850456382,0.8350492614954361,9299.995489387988,42.27528431431148,1581.4762678605503,0.1700512940748344,0.8299487059251656,9766.58075617672,42.38158335190671,2048.0615346492823,0.20970097783239217,0.7902990221676078,0.7721351629796118,0.9246582190814042
0.5363213213213214,10052.812768657917,42.44430859470589,2378.424303884494,7757.382553507681,9295.484370565326,42.274230749646804,1538.1018170576444,0.16546763522384378,0.8345323647761562,9352.555766251387,42.28752215690662,1595.1732127437062,0.1705601391332917,0.8294398608667083,9821.327470677157,42.3937215841492,2063.944917169476,0.21014928209365286,0.7898507179063472,0.7716628899817177,0.9246650250511234
0.5388228228228228,10109.364895562849,42.456489987743545,2390.3475608267945,7796.27101644263,9347.862225768433,42.28643213914551,1551.591209325803,0.16598353418695747,0.8340164658130426,9405.199812963814,42.299710757468844,1608.9287965211843,0.17106800796549695,0.8289319920345031,9876.15795502662,42.40581076090619,2079.88693858399,0.21059676729100915,0.7894032327089908,0.7711929579141544,0.9246735400629716
0.5413243243243243,10165.987880983364,42.468618562924604,2402.2785229548394,7835.184610332289,9400.32385082057,42.29858470347636,1565.1392404882818,0.1664984382800448,0.8335015617199552,9457.927629525268,42.31185055745054,1622.7430191929789,0.17157490337811254,0.8284250966218875,9931.072209225113,42.41785132310642,2095.887598892824,0.21104343566708986,0.7889565643329102,0.7707253541968992,0.9246837553687177
0.5438258258258258,10222.681506338871,42.4806947762575,2414.2171902686277,7874.123335176656,9452.869245721737,42.31068887809873,1578.7459105450807,0.16701235037812498,0.832987649621875,9510.739215935751,42.32394199224028,1636.6158807590955,0.17208082816705333,0.8279191718329467,9986.070233272632,42.42984370561673,2111.9468980959764,0.211489289456344,0.788510710543656,0.770260066333288,0.9246956622741509
0.5463273273273274,10279.445553818632,42.49271907769261,2426.1635627681594,7913.087190975731,9505.49841047193,42.3227450925191,1592.411219496199,0.16752527334515002,0.83247472665485,9563.63457219526,42.33598549127393,1650.5473812195296,0.172585785117536,0.827414214882464,10041.152027169179,42.4417883373533,2128.064836193448,0.21193433088507838,0.7880656691149216,0.7697970819093602,0.9247092521386823
0.5488288288288289,10336.279806380253,42.50469191123146,2438.1176404534344,7952.076177729514,9558.211345071148,42.33475377039957,1606.1351673416339,0.16803721003405772,0.8319627899659423,9616.613698303796,42.347981478143346,1664.537520574282,0.1730897770041317,0.8269102229958684,10096.317590914752,42.45368564139012,2144.2414131852383,0.21237856217149412,0.7876214378285059,0.7693363885932106,0.9247245163749507
0.5513303303303303,10393.184047748156,42.5166137150334,2450.0794233244524,7991.0902954380035,9611.008049519392,42.346715329664114,1619.917754081389,0.1685481632868255,0.8314518367131745,9669.676594261358,42.35993037070244,1678.5862988233548,0.17359280659081625,0.8264071934091838,10151.56692450935,42.46553603506527,2160.476629071347,0.21282198552572396,0.787178014474276,0.7688779741343459,0.9247414464484314
0.5538318318318318,10450.158062412056,42.52848492151995,2462.0489113812146,8030.1295441012035,9663.888523816666,42.35863018260224,1633.7589797154624,0.16905813593452174,0.8309418640654783,9722.82326006795,42.371832581170985,1692.693715966746,0.17409487663102047,0.8259051233689795,10206.90002795298,42.47733993008454,2176.7704838517757,0.2132646031498687,0.7867353968501313,0.768421826363048,0.9247600338770467
0.5563333333333333,10507.201635625395,42.54030595747672,2474.02610462372,8069.193923719112,9716.852767962968,42.37049873597046,1647.658844243856,0.16956713079735897,0.830432869202641,9776.053695723567,42.38368851623598,1706.8597720044554,0.1745959898676808,0.8254040101323192,10262.316901245635,42.48909773262291,2193.122977526523,0.21370641723803352,0.7862935827619665,0.767967933189742,0.924780270230782
0.5588348348348349,10564.31455340377,42.55207724415314,2486.011003051969,8108.283434291728,9769.900781958297,42.382321391091395,1661.617347666569,0.17007515068474538,0.8299248493152547,9829.367901228214,42.39549857715083,1721.084466936486,0.17509614903328938,0.8249038509667106,10317.817544387319,42.50080984342363,2209.534110095591,0.21414742997636477,0.7858525700236353,0.767516282604372,0.9248021471313047
0.5613363363363363,10621.496602523348,42.56379919735986,2498.003606665961,8147.39807581905,9823.03256580265,42.39409854395069,1675.6344899836004,0.17058219839533664,0.8294178016046634,9882.765876581883,42.40726315983224,1735.3678007628332,0.17559535684994276,0.8244046431500572,10373.401957378026,42.512476657895164,2226.003881558976,0.214587643543085,0.785412356456915,0.7670668626757808,0.9248256562515864
0.5638378378378378,10678.747570519274,42.57547222756416,2510.0039154656965,8186.537848301082,9876.248119496033,42.405830585291824,1689.710271194951,0.17108827671708737,0.8289117232829126,9936.247621784583,42.41898265495495,1749.7097734835015,0.17609361602939277,0.8239063839706072,10429.070140217762,42.524098566205936,2242.53229191668,0.21502706010853,0.78497293989147,0.7666196615510967,0.9248507893155286
0.5663393393393393,10736.067245684048,42.58709673998306,2522.011929451176,8225.702751737823,9929.547443038442,42.417517900708745,1703.8446913006192,0.17159338842730204,0.8284066115726979,9989.81313683631,42.4306574480445,1764.1103850984873,0.1765909292730941,0.8234090707269058,10484.822092906528,42.535675953376966,2259.1193411687054,0.21546568183518394,0.784534318164816,0.7661746674551239,0.9248775380975905
0.5688408408408409,10793.455417065896,42.598673134674556,2534.027648622399,8264.892786129272,9982.93053642988,42.42916087073651,1718.0377503006075,0.1720975362926863,0.8279024637073137,10043.462421737066,42.44228791956775,1778.5696356077933,0.17708729927225447,0.8229127007277456,10540.65781544432,42.54720919937253,2275.7650293150473,0.21590351087771434,0.7840964891222857,0.7657318686897406,0.9249058944224231
0.5713423423423424,10850.911874467123,42.61020180662678,2546.051072979365,8304.10795147543,10036.397399670344,42.44075987093992,1732.2894481949152,0.17260072306939678,0.8273992769306032,10097.195476486848,42.453874445021604,1793.0875250114186,0.17758272870788214,0.8224172712921178,10596.577307831138,42.558698679188794,2292.4693563557084,0.2163405493830084,0.7836594506169916,0.7652912536333022,0.9249358501645025
0.5738438438438438,10908.436408442465,42.62168314584522,2558.082202522074,8343.348247776294,10089.948032759836,42.452315272000256,1746.5997849835421,0.17310295150309177,0.8268970484969083,10151.012301085655,42.46541739501967,1807.6640533093614,0.17807722025083458,0.8219227797491654,10652.58057006698,42.570144762940444,2309.232322290687,0.2167767994902072,0.7832232005097928,0.764852810740048,0.9249673972477697
0.5763453453453453,10966.028810297412,42.63311753743807,2570.121037250527,8382.613675031866,10143.582435698354,42.46382743980007,1760.9687606664884,0.17360422432898098,0.826395775671019,10204.91289553349,42.47691713537711,1822.2992205016253,0.1785707765618669,0.8214292234381331,10708.667602151854,42.581547815945605,2326.0539271199887,0.2172122633307415,0.7827877366692585,0.7644165285395159,0.9250005276452714
0.5788468468468468,11023.688872086517,42.64450536169977,2582.1675771647238,8421.904233242149,10197.3006084859,42.47529673550618,1775.3963752437521,0.17410454427187508,0.825895455728125,10258.897259830354,42.48837402719357,1836.9930265882049,0.17906340029167836,0.8209365997083217,10764.838404085756,42.59290819880873,2342.9341708436077,0.21764694302836496,0.782353056971635,0.7639823956359616,0.9250352333788062
0.5813483483483484,11081.416386611705,42.6558469941927,2594.221822264664,8461.219922407137,10251.102551122474,42.48672351565088,1789.882628715337,0.1746039140462358,0.8253960859537642,10312.965393976245,42.49978842693447,1851.7454715691074,0.17955509408096176,0.8204449059190383,10821.092975868683,42.60422626750182,2359.873053461546,0.21808084069919037,0.7819191593008097,0.7635504007077809,0.9250715065185714
0.5838498498498499,11139.211147420565,42.66714280582714,2606.2837725503473,8500.560742526835,10304.988263608075,42.49810813221138,1804.4275210812393,0.17510233635622377,0.8248976636437763,10367.117297971163,42.51116068651038,1866.5565554443274,0.18004586056044827,0.8199541394395518,10877.43131750064,42.61550237344388,2376.8705749738037,0.21851395845172286,0.7814860415482772,0.763120532506941,0.925109339182814
0.5863513513513513,11197.072948804614,42.678393162939585,2618.353428021773,8539.92669360124,10358.957745942702,42.50945093268756,1819.0310523414628,0.1755998138957487,0.8244001861042514,10421.352971815106,42.52249115335478,1881.4262782138667,0.1805357023509564,0.8194642976490436,10933.85342898162,42.62673686357864,2393.9267353803807,0.21894629838689464,0.7810537016131054,0.7626927798584139,0.9251487235374859
0.5888528528528528,11255.001585797585,42.68959842736931,2630.4307886789434,8579.317775630352,10413.010998126356,42.520752260178085,1833.6932224960037,0.17609634934851653,0.8239036506514834,10475.67241550808,42.53378017050021,1896.354639877727,0.18102462206343747,0.8189753779365625,10990.35931031163,42.63793008045069,2411.041534681279,0.2193778625980986,0.7806221374019013,0.7622671316596158,0.9251896517958987
0.5913543543543544,11312.996854173643,42.700758956533406,2642.5158545218574,8618.733988614176,10467.148020159038,42.532012453454904,1848.4140315448622,0.17659194538807882,0.8234080546119212,10530.075629050078,42.54502807665273,1911.3416404359014,0.18151262229902182,0.8184873777009781,11046.948961490667,42.649082362279884,2428.2149728764907,0.21980865317122178,0.7801913468287782,0.7618435768798533,0.9252321162183873
0.5938558558558559,11371.058550445663,42.71187510350018,2654.6086255505143,8658.175332552706,10521.36881204075,42.54323184703614,1863.1934794880435,0.1770866046778807,0.8229133953221193,10584.562612441105,42.5562352062648,1926.3872798883986,0.1819997056490668,0.8180002943509332,11103.622382518732,42.66019404303434,2445.4470499660256,0.22023867218468063,0.7797613278153194,0.7614221045597701,0.925276109111969
0.5963573573573574,11429.18647186344,42.72294721706106,2666.709101764915,8697.641807445945,10575.673373771486,42.55441077125748,1878.0315663255406,0.17758032987130717,0.8224196701286928,10639.13336568116,42.56740188960676,1941.491558235215,0.18248587469520014,0.8175141253047998,11160.379573395823,42.67126545250177,2462.737765949878,0.2206679217094521,0.7793320782905478,0.7610027038108043,0.925321622830011
0.5988588588588588,11487.380416411901,42.733975641800996,2678.8172831650586,8737.13341329389,10630.061705351249,42.56554955234213,1892.9282920573587,0.17807312361173266,0.8219268763882673,10693.787888770239,42.57852845283662,1956.654475476349,0.18297113200936696,0.817028867990633,11217.22053412194,42.682296916359356,2480.0871208280496,0.22109640380910864,0.7789035961908913,0.7605853638146464,0.9253686497719001
0.6013603603603603,11545.640182809324,42.74496071816735,2690.933169750946,8776.650150096544,10684.533806780039,42.576648512469134,1907.8836566834943,0.17856498853256628,0.8214350114674337,10748.526181708346,42.58961521806856,1971.8760316118023,0.18345548015387508,0.8165445198461249,11274.145264697085,42.6932887562422,2497.4951146005405,0.2215241205398504,0.7784758794601496,0.7601700738227042,0.9254171823827132
0.6038618618618619,11603.965570505537,42.75590278253746,2703.056761522577,8816.192017853908,10739.089678057859,42.58770796984052,1922.897660203951,0.17905592725730018,0.8209440727426999,10803.348244495484,42.60066250343992,1987.1562266415767,0.18393892168143997,0.81606107831856,11331.153765121258,42.70424128981033,2514.961747267351,0.22195107395053848,0.7780489260494615,0.7597568231555708,0.9254672131528912
0.6063633633633634,11662.356379680085,42.76680216728475,2715.188058479951,8855.759016565979,10793.729319184706,42.59872823874683,1937.9703026187271,0.17954594239955518,0.8204540576004448,10858.254077131647,42.611670623176856,2002.4950605656686,0.1844214591352291,0.8155785408647709,11388.246035394459,42.7151548308143,2532.4870188284804,0.2223772660827275,0.7776227339172724,0.7593456012024994,0.9255187346179172
0.6088648648648649,11720.812411240415,42.77765920084349,2727.3270606230694,8895.351146232759,10848.452730160578,42.60970962963148,1953.1015839278189,0.1800350365631274,0.8199649634368726,10913.243679616837,42.622639887658586,2017.892533384078,0.18490309504890723,0.8150969049510928,11445.422075516686,42.7260296891595,2550.0709292839274,0.22280269897069815,0.7771973010293018,0.7589363974208817,0.925571739357996
0.6113663663663663,11779.333466820051,42.788474207772225,2739.47376795193,8934.968406854245,10903.259910985476,42.62065244915367,1968.2915041312317,0.18052321234203528,0.8194767876579647,10968.317051951053,42.63357060348038,2033.3486450968085,0.1853838319466809,0.8146161680533192,11502.681885487938,42.73686617096909,2567.7134786336937,0.22322737464148976,0.7767726253585102,0.7585292013357297,0.9256262199977364
0.6138678678678678,11837.919348776739,42.799247508815995,2751.6281804665346,8974.61079843044,10958.150861659404,42.63155700025007,1983.5400632289638,0.18101047232056397,0.818989527679436,11023.474194134298,42.644463073515226,2048.8633957038583,0.18586367234334156,0.8141363276566584,11560.025465308221,42.747664578645654,2585.414666877781,0.22365129511493226,0.7763487048850677,0.7581240025391645,0.9256821692058372
0.6163693693693694,11896.569860190575,42.809979420967196,2763.7902981668826,9014.278320961344,11013.12558218236,42.64242358219529,1998.8472612210153,0.18149681907331197,0.8185031809266881,11078.71510616657,42.655317596974285,2064.4367852052255,0.18634261874431005,0.81365738125569,11617.45281497753,42.75842521093167,2603.174494016186,0.22407446240367804,0.775925537596322,0.7577207906899092,0.9257395796947757
0.6188708708708709,11955.284804862184,42.82067025752529,2775.9601210529745,9053.970974446956,11068.184072554342,42.65325249066105,2014.213098107386,0.18198225516523606,0.818017744834764,11134.039788047869,42.66613446946602,2080.068813600912,0.18682067364568047,0.8131793263543196,11674.963934495867,42.769148362968636,2620.9929600489104,0.2244968785132343,0.7755031214867657,0.757319555512783,0.9257984442204957
0.6213723723723724,12014.063987310803,42.83132032815525,2788.1376491248093,9093.688758887276,11123.326332775352,42.66404401777419,2029.637573888076,0.18246678315169654,0.8175332168483035,11189.448239778198,42.67691398305431,2095.7594808909216,0.1872978395342633,0.8127021604657367,11732.55882386323,42.77983432635515,2638.870064975954,0.22491854544199438,0.7750814545580056,0.7569202867982048,0.9258587555821042
0.6238738738738738,12072.907212772425,42.84192993894493,2800.322882382388,9133.431674282305,11178.552362845385,42.6747984521735,2045.12068856308,0.18295040557850156,0.8170495944214985,11244.940461357546,42.68765642631521,2111.5087870752413,0.1877741188876272,0.8122258811123728,11790.237483079622,42.790483389203665,2656.805808797317,0.22533946518126932,0.7746605348187307,0.7565229744016977,0.9259205066215646
0.6263753753753754,12131.814287197893,42.8524993924612,2812.5158208257094,9173.199720632041,11233.86216276445,42.68551607906548,2060.6624421324086,0.1834331249819534,0.8165668750180466,11300.516452785927,42.698362084392684,2127.316732153886,0.18824951417414523,0.8117504858258547,11847.999912145038,42.801095836196254,2674.800191512997,0.22575963971531918,0.7742403602846808,0.7561276082433992,0.9259836902233982
0.6288768768768769,12190.785017251023,42.86302898780502,2824.716464454775,9212.992897936487,11289.255732532542,42.69619718027888,2076.2628345960547,0.18391494388889024,0.8160850561111098,11356.176214063338,42.7090312390532,2143.1833161268514,0.188724027853034,0.811275972146966,11905.846111059485,42.81167194863916,2692.8532131229986,0.22617907102138457,0.7738209289786154,0.7557341783075741,0.9260482993143806
0.6313783783783784,12249.819210306672,42.87351902066546,2836.9248132695843,9252.81120619564,11344.73307214966,42.70684203431827,2091.92186595402,0.18439586481673223,0.8156041351832678,11411.919745189773,42.71966416873929,2159.1085389941327,0.1891976623743973,0.8108023376256027,11963.776079822957,42.82221200451631,2710.9648736273175,0.22659776106971696,0.773402238930283,0.7553426746421343,0.926114326863249
0.6338798798798799,12308.91667444883,42.88396978337255,2849.140867270137,9292.654645409502,11400.294181615805,42.71745091641644,2107.639536206303,0.18487589027352447,0.8151241097264755,11467.747046165236,42.73026114862192,2175.0924007557333,0.1896704201792692,0.8103295798207308,12021.789818435458,42.832716278541795,2729.1351730259557,0.22701571182361024,0.7729842881763898,0.7549530873581618,0.9261817658804071
0.6363813813813813,12368.077218468698,42.89438156494922,2861.364626456432,9332.523215578069,11455.939060930976,42.72802409858589,2123.415845352907,0.18535502275798124,0.8146449772420188,11523.658116989724,42.74082245065198,2191.134901411655,0.19014230369965504,0.809857696300345,12079.887326896982,42.843185042211246,2747.3641113189133,0.22743292523943118,0.7725670747605689,0.7545654066294337,0.9262506094176332
0.6388828828828829,12427.30065186277,42.90475465116215,2873.5960908284706,9372.416916701346,11511.667710095175,42.73856184966918,2139.2507933938286,0.18583326475952822,0.8141667352404718,11579.65295766324,42.75134834361069,2207.236040961894,0.19061331535857284,0.8093866846414272,12138.068605207536,42.853618563852265,2765.65168850619,0.22784940326664954,0.7721505967333505,0.7541796226919547,0.9263208505677902
0.6413843843843844,12486.586784830868,42.91508932457165,2885.8352603862536,9412.335748779333,11567.480129108404,42.749064435388426,2155.1443803290713,0.18631061875834706,0.8136893812416529,11635.731568185785,42.76183909315901,2223.3958194064526,0.1910834575700958,0.8089165424299042,12196.333653367119,42.86401710867385,2783.9979045877863,0.22826514784786905,0.771734852152131,0.7537957258434915,0.9263924824645414
0.6438858858858859,12545.935428274217,42.92538586458063,2898.0821351297795,9452.279711812025,11623.376317970658,42.75953211839372,2171.096606158633,0.18678708722541715,0.8132129127745829,11691.893948557357,42.772294961886146,2239.614236745332,0.19155273273939286,0.8084472672606071,12254.682471375727,42.87438093881484,2802.4027595637017,0.22868016091885734,0.7713198390811427,0.7534137064431117,0.9264654982820629
0.6463873873873874,12605.346393793481,42.935644547482504,2910.336715059049,9492.248805799427,11679.356276681941,42.7699651583107,2187.1074708825145,0.18726267262255852,0.8127373273774414,11748.140098777956,42.78271620935702,2255.8912929785292,0.19202114326276953,0.8079788567372305,12313.115059233365,42.88471031339145,2820.8662534339383,0.22909444440857601,0.770905555591424,0.7530335549107277,0.9265398912347643
0.6488888888888888,12664.819493686806,42.94586564650831,2922.599000174061,9532.243030741536,11735.420005242247,42.780363811787126,2203.1769745007114,0.18773737740247434,0.8122626225975257,11804.47001884758,42.79310309215896,2272.226988106044,0.19248869152770923,0.8075113084722908,12371.631416940025,42.895005488543895,2839.3883861984887,0.22950800023920995,0.7704919997607901,0.7526552617266432,0.9266156545770078
0.6513903903903904,12724.354540947874,42.95604943187286,2934.868990474818,9572.262386638356,11791.567503651582,42.79072833253865,2219.3051170132258,0.18821120400879332,0.8117887959912067,11860.883708766232,42.80345586394736,2288.621322127876,0.1929553799129136,0.8070446200870864,12430.231544495717,42.90526671748208,2857.96915785736,0.2299208303261985,0.7700791696738015,0.7522788174311034,0.9266927816028296
0.6538918918918919,12783.951349263896,42.96619617082001,2947.146685961318,9612.306873489882,11847.798771909947,42.801058971393616,2235.491898420065,0.1886841548761119,0.8113158451238881,11917.381168533915,42.813774775490565,2305.0742950440326,0.1934212107883434,0.8065787892116566,12488.915441900434,42.91549425053042,2876.608568410551,0.23033293657826373,0.7696670634217363,0.7519042126238507,0.9267712656456681
0.6563933933933934,12843.609733013645,42.976306127667094,2959.432086633561,9652.376491296116,11904.11381001734,42.811355976337055,2251.7373187212233,0.1891562324300345,0.8108437675699655,11973.962398150623,42.8240600747138,2321.585906854507,0.1938861865152571,0.8061138134847429,12547.683109154179,42.92568833517186,2895.306617858063,0.23074432089744026,0.7692556791025598,0.7515314379636843,0.9268511000780884
0.658894894894895,12903.329507265496,42.98637956384851,2971.7251924915477,9692.471240057059,11960.512617973756,42.821619592553844,2268.0413779166975,0.18962743908721605,0.810372560912784,12030.627397616357,42.83431200674237,2338.1561575592987,0.19435030944625217,0.8056496905537478,12606.534546256951,42.935849216090986,2914.0633061998924,0.23115498517910435,0.7688450148208956,0.7511604841680207,0.9269322783115113
0.6613963963963964,12963.110487775404,42.9964167379585,2984.0260035352776,9732.59111977271,12016.9951957792,42.83185006247106,2284.404076006491,0.19009777725540372,0.8099022227445963,12087.376166931119,42.84453081394399,2354.7850471584097,0.1948135819253046,0.8051864180746954,12665.46975320875,42.94597713521635,2932.878633436041,0.23156493131200342,0.7684350686879966,0.7507913420124614,0.9270147937959474
0.6638978978978979,13022.95249098491,43.006417905793086,2996.3345197647504,9772.736130443067,12073.561543433672,42.84204762579946,2300.8254129906054,0.1905672493334771,0.8094327506665229,12144.208706094909,42.8547167359703,2371.472575651842,0.19527600628780797,0.804723993712192,12724.488730009576,42.95607233176203,2951.752599566509,0.23197416117828473,0.7680258388217153,0.750424002330363,0.9270986400197305
0.6663993993993994,13082.85533401917,43.01638332039129,3008.650741179968,9812.906272068136,12130.211660937173,42.852212519574294,2317.3053888690374,0.1910358577114889,0.8089641422885111,12201.125015107726,42.8648700097976,2388.2187430395898,0.19573758486061243,0.8042624151393876,12783.591476659432,42.96613504226832,2970.6852045912965,0.23238267665352416,0.7676173233464758,0.7500584560124096,0.9271838105092509
0.6689009009009009,13142.81883468491,43.026313232075545,3020.9746677809285,9853.10154464791,12186.9455482897,42.86234497819525,2333.8440036417887,0.19150360477070627,0.8084963952292937,12258.125093969571,42.874990869766904,2405.0235493216605,0.19619831996206505,0.803801680037935,12842.777993158314,42.976165500641784,2989.676448510403,0.23279047960675506,0.767209520393245,0.7496946940061913,0.9272702988286967
0.6714024024024025,13202.842811468441,43.03620788849133,3033.3062995676323,9893.321948182394,12243.763205491254,42.872445233465754,2350.4412573088593,0.1919704928836504,0.8080295071163496,12315.208942680441,42.885079547623114,2421.886994498047,0.19665821390204657,0.8033417860979535,12902.048279506222,42.986163938194444,3008.7263313238273,0.23319757190049634,0.7668024280995036,0.7493327073157848,0.9273580985797923
0.6739039039039039,13262.927083533632,43.04606753464618,3045.645636540079,9933.567482671584,12300.664632541833,42.88251351463143,2367.0971498702493,0.1924365244141371,0.8075634755858629,12372.376561240337,42.8951362725536,2438.8090785687527,0.19711726898201204,0.8028827310179879,12961.402335703155,42.99613058368229,3027.8348530315707,0.2336039553907815,0.7663960446092185,0.7489724870013378,0.9274472034015417
0.6764054054054054,13323.071470719886,43.05589241294781,3057.99267869827,9973.838148115485,12357.649829441441,42.89255004841792,2383.8116813259567,0.19290170171731622,0.8070982982826838,12429.627949649263,42.90516127122594,2455.789801533778,0.19757548749502796,0.802424512504972,13020.840161749118,43.0060656633431,3047.0020136336334,0.2340096319271861,0.765990368072814,0.748614024178658,0.927537606969973
0.6789069069069069,13383.275793540122,43.06568276324174,3070.3474260422045,10014.133944514093,12414.718796190078,42.902555059068035,2400.584851675985,0.19336602713971215,0.8066339728602878,12486.963107907217,42.915154767825086,2472.829163393124,0.198032871725811,0.801967128274189,13080.361757644108,43.015969400933535,3066.2278131300154,0.2344146033528564,0.7655853966471435,0.748257310018803,0.9276293029978842
0.6814084084084084,13443.539873178732,43.07543882284807,3082.709878571882,10054.45487186741,12471.871532787743,42.91252876837811,2417.416660920333,0.19382950301926227,0.8061704969807377,12544.382036014198,42.92511698408975,2489.9271641467876,0.19848942395076538,0.8015105760492346,13139.967123388127,43.025842017765534,3085.5122515207167,0.23481887150453695,0.765181128495463,0.7479023357476775,0.927722285234593
0.68390990990991,13503.86353148957,43.085160826597686,3095.0800362873033,10094.800930175434,12529.108039234432,42.92247139573381,2434.3071090589983,0.19429213168535675,0.8057078683146432,12601.884733970204,42.93504813934814,2507.0838037947706,0.19894514643802155,0.8010548535619785,13199.656258981171,43.035683732742086,3104.8553288057374,0.23522243821259847,0.7647775617874015,0.7475490926456295,0.9278165474656855
0.6864114114114114,13564.246590993871,43.09484900686773,3107.4578991884673,10135.172119438164,12586.42831553015,42.932383158145214,2451.2561960919847,0.19475391545887782,0.8052460845411221,12659.471201775239,42.94494845055314,2524.2990823370747,0.1994000414474731,0.8005999585525269,13259.42916442324,43.04549476239231,3124.2570449850755,0.23562530530106532,0.7643746946989347,0.7471975720470551,0.9279120835127729
0.6889129129129129,13624.688874878277,43.10450359361654,3119.843467275375,10175.568439655604,12643.832361674893,42.9422642702813,2468.2639220192887,0.19521485665223773,0.8047851433477623,12717.141439429299,42.9548181323167,2541.5729997736944,0.19985411123081379,0.8001458887691862,13319.285839714339,43.055275320905935,3143.7174000587347,0.2360274745876434,0.7639725254123566,0.7468477653400003,0.9280088872332399
0.6914144144144144,13685.190206992704,43.11412481441785,3132.2367405480272,10215.989890827756,12701.320177668666,42.952114944503755,2485.33028684091,0.1956749575694181,0.8043250424305819,12774.895446932389,42.96465739694372,2558.9055561046334,0.2003073580315758,0.7996926419684242,13379.226284854467,43.06502562016713,3163.2363940267114,0.23642894788374674,0.7635710521162532,0.746499663965774,0.9281069525200087
0.693915915915916,13745.750411848374,43.123712894494425,3144.6377190064222,10256.436472954614,12758.891763511463,42.96193539090025,2502.455290556849,0.19613422050600818,0.8038657794939918,12832.733224284508,42.97446645446526,2576.2967513298936,0.20075978408516598,0.7992402159148341,13439.25049984362,43.07474586978769,3182.8140268890056,0.23682972699452556,0.7631702730054745,0.7461532594185554,0.9282062733012909
0.6964174174174175,13806.369314615702,43.13326805675115,3157.04640265056,10296.908186036177,12816.547119203291,42.97172581731705,2519.6389331671144,0.1965926477492435,0.8034073522507564,12890.65477148565,42.98424551267118,2593.746585449473,0.2012113916189025,0.7987886083810976,13499.358484681801,43.08443627713973,3202.4502986456246,0.23722981371889323,0.7627701862811067,0.7458085432450123,0.9283068435403531
0.6989189189189189,13867.046741122293,43.14279052180741,3169.462791480442,10337.40503007245,12874.286244744144,42.98148642939106,2536.8812146716937,0.19705024157804177,0.8029497584219583,12948.660088535818,42.993994777142206,2611.255058463368,0.20166218285205123,0.7983378171479487,13559.550239369008,43.09409704738769,3222.1452092965574,0.23762920984955174,0.7623707901504483,0.7454655070439187,0.928408657235275
0.7014204204204204,13927.782517850825,43.15228050802902,3181.886885496068,10377.927005063435,12932.109140134024,42.991217430581315,2554.1821350705886,0.19750700426304305,0.802492995736957,13006.749175435018,43.0037144512814,2628.8221703715826,0.2021121599958631,0.7978878400041369,13619.825763905244,43.103728383519794,3241.8987588418095,0.2380279171730206,0.7619720828269794,0.745124142465777,0.928511708418718
0.7039219219219219,13988.57647193704,43.161738231559525,3194.3186846974363,10418.474111009124,12990.015805372934,43.00091902219989,2571.54169436381,0.1979629380666472,0.8020370619333528,13064.922032183244,43.01340473634503,2646.44792117412,0.2025613252536096,0.7974386747463904,13680.185058290508,43.113330486378985,3261.7109472813845,0.23842593746966254,0.7615740625303374,0.7447844412124407,0.9286159911576883
0.7064234234234235,14049.428431167637,43.171163906350934,3206.7581890845486,10459.046347909522,13048.006240460869,43.01059140344228,2588.9598925513474,0.19841804524304876,0.8015819547569513,13123.178658780496,43.02306583147303,2664.132310870975,0.20300968082061804,0.796990319179382,13740.628122524799,43.122903554693295,3281.581774615277,0.23882327251370924,0.7611767274862907,0.7444463950367466,0.9287214995533067
0.708924924924925,14110.338223978244,43.18055774419398,3219.205398657404,10499.643715764629,13106.08044539783,43.02023477141723,2606.436729633202,0.19887232803827679,0.8011276719617232,13181.519055226774,43.03269793371876,2681.8753394621453,0.2034572288843083,0.7965427711156917,13801.154956608116,43.13244778510561,3301.511240843487,0.23921992407328882,0.7607800759267112,0.7441099957421415,0.9288282277405768
0.7114264264264264,14171.305679451307,43.18991995474782,3231.6603134160027,10540.266214574442,13164.238420183821,43.02984932117603,2623.9722056093797,0.19932578869023093,0.8006742113097691,13239.94322152208,43.04230123807834,2699.677006947639,0.2039039716242288,0.7960960283757712,13861.765560540458,43.14196337220309,3321.4993459660163,0.23961589391045177,0.7603841060895482,0.7437752351823199,0.9289361698881596
0.7139279279279279,14232.330627314059,43.199250745569174,3244.122933360345,10580.913844338964,13222.480164818837,43.03943524574135,2641.566320479873,0.1997784294287172,0.8002215705712828,13298.451157666415,43.051875937519426,2717.5373133274516,0.2043499112120903,0.7956500887879097,13922.459934321829,43.151450508545814,3341.546089982865,0.24001118378119676,0.7599888162188032,0.7434421052608589,0.9290453201981437
0.7164294294294294,14293.412897936429,43.20855032214105,3256.5932584904313,10621.586605058195,13280.805679302883,43.04899273613548,2659.2190742446874,0.2002302524754862,0.7997697475245138,13357.042863659777,43.06142222300956,2735.456258601582,0.20479504981180224,0.7952049501881977,13983.238077952228,43.160909384695174,3361.651472894033,0.2404057954354968,0.7595942045645032,0.7431105979308593,0.9291556729058223
0.718930930930931,14354.552322328942,43.2178188879009,3269.071288806261,10662.284496732134,13339.214963635954,43.05852198140816,2676.9304669038193,0.20068126004426812,0.7993187399557319,13415.718339502168,43.07094028354387,2753.433842770033,0.20523938957950782,0.7947606104204922,14044.099991431654,43.17034018924163,3381.81549469952,0.2407997306173251,0.7592002693826749,0.7427807051945903,0.9292672222794716
0.7214324324324325,14415.748732140684,43.22705664426833,3281.557024307833,10703.00751936078,13397.708017818053,43.068023168663885,2694.7004984572723,0.20113145434080973,0.7988685456591903,13474.477585193583,43.08043030617248,2771.470065832802,0.205682932663618,0.794317067336382,14105.045674760107,43.179743108832,3402.0381553993266,0.24119299106468062,0.7588070089353194,0.7424524191031335,0.929379962620127
0.7239339339339339,14477.001959657187,43.23626379067231,3294.0504649951495,10743.755672944135,13456.284841849178,43.07749648308877,2712.5291689050428,0.20158083756290968,0.7984191624370903,13533.320600734023,43.0898924760273,2789.5649277898883,0.2061256812048469,0.7938743187951531,14166.075127937585,43.189118328196315,3422.3194549934506,0.24158557850961362,0.7584144214903864,0.7421257317560345,0.9294938882613663
0.7264354354354354,14538.311837798392,43.24544052457795,3306.5516108682086,10784.528957482196,13514.94543572933,43.0869421079769,2730.4164782471344,0.20202941190045492,0.797970588099545,13592.247386123496,43.09932697634842,2807.7184286412994,0.20656763733624625,0.7934323626637537,14227.188350964094,43.19846603017422,3442.6593934818975,0.2419774946782516,0.7580225053217484,0.7418006353009519,0.9296089935690887
0.728936936936937,14599.678200116505,43.25458704151278,3319.060461927012,10825.327372974969,13573.689799458512,43.096360224756296,2748.3624264835435,0.2024771795354556,0.7975228204645444,13651.257941361993,43.10873398851005,2825.9305683870243,0.20700880318323833,0.7929911968167617,14288.385343839629,43.20778639574084,3463.05797086466,0.24236874129082342,0.7576312587091766,0.7414771219333165,0.9297252729413032
0.7314384384384385,14661.100880793965,43.26370353509262,3331.5770181715593,10866.15091942245,13632.51793303672,43.10575101301435,2766.367013614268,0.20292414264208083,0.7970758573579192,13710.352266449518,43.11811369204597,2844.2013470270667,0.20744918086365197,0.7925508191363481,14349.666106564191,43.21707960403231,3483.51518714174,0.24275932006168574,0.7572406799383142,0.7411551838959858,0.9298427208079109
0.7339399399399399,14722.579714641337,43.272790197047,3344.1012796018485,10906.999596824637,13691.429836463954,43.115114650522926,2784.4302396393177,0.20337030338669468,0.7966296966133053,13769.53036138607,43.12746626467464,2862.530764561434,0.20788877248775575,0.7921112275122443,14411.030639137778,43.22634583237076,3504.0310423131414,0.2431492326993477,0.7568507673006523,0.7408348134789058,0.9299613316304939
0.7364414414414414,14784.114537095238,43.28184721724417,3356.633246217882,10947.873405181534,13750.425509740217,43.124451313262966,2802.552104558683,0.20381566392788894,0.796184336072111,13828.792226171649,43.136791882323735,2880.918820990115,0.20832758015829023,0.7916724198417098,14472.478941560395,43.23558525628903,3524.605536378862,0.24353848090649532,0.7564615190935047,0.7405160030187751,0.9300810999021035
0.7389429429429429,14845.705184216235,43.290874783715644,3369.172918019659,10988.772344493138,13809.504952865505,43.13376117544867,2820.7326083723674,0.20426022641652036,0.7957397735834797,13888.137860806255,43.14609071915445,2899.365516313117,0.208765605970504,0.791234394029496,14534.011013832041,43.24479804955476,3545.2386693389035,0.2439270663800168,0.7560729336199832,0.7401987448987106,0.9302020201470521
0.7414444444444445,14907.351492686761,43.29987308268038,3381.7202950071796,11029.696414759452,13868.668165839823,43.14304440955135,2838.971751080371,0.20470399299574388,0.7952960070042562,13947.567265289888,43.15536294758523,2917.8708505304367,0.20920285201218503,0.790797147987815,14595.626855952713,43.25398438419423,3565.930441193261,0.24431499081102664,0.7556850091889733,0.7398830315479173,0.9303240869207052
0.743945945945946,14969.053299809053,43.308842298568536,3394.2753771804432,11070.645615980471,13927.915148663167,43.15230118632279,2857.269532682696,0.20514696580104763,0.7948530341989524,14007.080439622552,43.16460873831518,2936.434823642081,0.2096393203636952,0.7903606796363047,14657.326467922412,43.263144430515794,3586.680851941941,0.24470225588489136,0.7552977441151086,0.7395688554413584,0.9304472948092738
0.7464474474474474,15030.810443503025,43.31778261404484,3406.83816453945,11111.619948156198,13987.245901335536,43.16153167481823,2875.6259531793385,0.20558914696028663,0.7944108530397134,14066.677383804237,43.17382826034711,2955.0574356480392,0.2100750130980017,0.7899249869019983,14719.109849741135,43.27227835713279,3607.489901584937,0.24508886328125215,0.7549111367187479,0.7392562090994319,0.9305716384296122
0.7489489489489489,15092.622762304207,43.32669421003157,3419.408657084201,11152.619411286636,14046.660423856936,43.17073604241905,2894.0410125703,0.20603053859371745,0.7939694614062826,14126.358097834953,43.18302168101008,2973.7386865483168,0.21050993228071152,0.7894900677192884,14780.977001408888,43.28138633098624,3628.357590122252,0.24547481467405066,0.7545251853259494,0.7389450850876468,0.9306971124290141
0.7514504504504504,15154.490095361638,43.33557726573116,3431.986854814695,11193.644005371782,14106.15871622736,43.17991445485498,2912.5147108555793,0.20647114281403184,0.7935288571859682,14186.122581714699,43.19218916598172,2992.478576342917,0.21094407997010356,0.7890559200298964,14842.927922925668,43.29046851736702,3649.2839175538866,0.2458601117315526,0.7541398882684474,0.7386354760163023,0.9308237114850112
0.753951951951952,15216.412282435804,43.344431958648414,3444.5727577309326,11234.693730411635,14165.740778446816,43.18906707622597,2931.0470480351814,0.20691096172639073,0.7930890382736093,14245.970835443468,43.20133087931006,3011.2771050318333,0.2113774582171601,0.7886225417828399,14904.962614291477,43.29952507993778,3670.268883879842,0.24624475611637167,0.7537552438836284,0.7383273745401707,0.9309514303051731
0.7564534534534535,15278.389163896505,43.35325846461239,3457.166365832914,11275.768586406197,14225.406610515296,43.19819406902369,2949.638024109099,0.2073499974284568,0.7926500025715432,14305.902859021266,43.21044698343507,3030.1342726150688,0.2118100690656007,0.7881899309343993,14967.081075506312,43.30855618075444,3691.3124891001153,0.2466287494854934,0.7533712505145066,0.738020773358184,0.9310802636269109
0.7589549549549549,15340.42058072082,43.362056957797904,3469.7676791206377,11316.868573355463,14285.156212432801,43.207295594152754,2968.287639077338,0.20778825201042941,0.7922117479895706,14365.918652448088,43.219537639209776,3049.0500790926253,0.21224191455191335,0.7877580854480867,15029.28330657017,43.317561980287294,3712.4147332147077,0.24701209349029943,0.7529879065097006,0.7377156652131178,0.9312102062172773
0.7614564564564564,15402.506374490968,43.37082761074669,3482.376697594106,11357.993691259444,14344.989584199338,43.21637181095145,2986.9958929398945,0.208225727555076,0.791774272444924,14426.01821572394,43.228603005921116,3068.0245244644957,0.212672996705386,0.787327003294614,15091.56930748306,43.32654263744189,3733.5756162236157,0.2473947897765904,0.7526052102234095,0.7374120428912863,0.9313412528727761
0.763957957957958,15464.646387392258,43.37957059438822,3494.993421253317,11399.143940118127,14404.906725814899,43.22542287721225,3005.762785696772,0.20866242613776684,0.7913375738622331,14486.20154884882,43.237643241310394,3087.0576087306927,0.21310331754814035,0.7868966824518596,15153.939078244977,43.335498309579435,3754.7951381268504,0.24777683998461109,0.7522231600153889,0.7371098992222297,0.931473398419163
0.7664594594594595,15526.840462210985,43.388286078060176,3507.617850098272,11440.319319931521,14464.90763727949,43.234448949201976,3024.5883173479688,0.20909834982650624,0.7909016501734938,14546.468651822726,43.246658501593394,3106.1493318912053,0.21353287909516055,0.7864671209048395,15216.392618855922,43.34442915253696,3776.0732989244007,0.2481582457490712,0.7518417542509288,0.7368092270784141,0.931606637711258
0.768960960960961,15589.088442332328,43.3969742295286,3520.2499841289705,11481.519830699624,14524.992318593104,43.243450181681524,3043.4724878934794,0.20953350068196602,0.7904664993180339,14606.81952464566,43.25564894148022,3125.2996939460354,0.21396168335432697,0.786038316645673,15278.929929315891,43.35333532064709,3797.4100986162666,0.248539008699171,0.751460991300829,0.7365100193749264,0.9317409656327524
0.7714624624624624,15651.3901717383,43.40563521500776,3532.889823345412,11522.745472422435,14585.160769755747,43.25242672792543,3062.415297333311,0.2099678807575185,0.7900321192424815,14667.254167317618,43.26461471419476,3144.508694895183,0.21438973232644662,0.7856102676735534,15341.551009624887,43.362216966757565,3818.805537202452,0.248919130458624,0.751080869541376,0.7362122690691748,0.9318763770960203
0.7739639639639639,15713.74549500563,43.414269199179614,3545.5373677475973,11563.996245099954,14645.41299076742,43.26137873974102,3081.416745667466,0.21040149209926784,0.7895985079007322,14727.772579838607,43.27355597149386,3163.7763347386535,0.21481702800528465,0.7851829719947153,15404.255859782914,43.37107424225036,3840.25961468296,0.24929861264567954,0.7507013873543205,0.7359159691605919,0.9320128670419306
0.7764654654654655,15776.1542573037,43.42287634521303,3558.192617335526,11605.272148732181,14705.748981628116,43.270306367487244,3100.4768328959344,0.21083433674608199,0.789165663253918,14788.374762208623,43.2824728636862,3183.1026134764415,0.21524357237759437,0.7847564276224056,15467.044479789969,43.37990729706056,3861.7723310577876,0.2496774568731458,0.7503225431268542,0.7356211126903393,0.9321504304396598
0.778966966966967,15838.61630439244,43.43145681478268,3570.855572109198,11646.573183319117,14766.168742337843,43.279209760093266,3119.595559018726,0.21126641672962612,0.7887335832703739,14849.060714427666,43.29136553965083,3202.487531108549,0.2156693674231491,0.7843306325768509,15529.916869646047,43.38871627969495,3883.3436863269308,0.2500556647484127,0.7499443352515873,0.7353276927410151,0.9322890622865091
0.7814684684684685,15901.131482620262,43.44001076808764,3583.5262320686134,11687.89934886076,14826.672272896596,43.28808906507673,3138.7729240358367,0.2116977340743928,0.7883022659256071,14909.830436495737,43.300234146855466,3221.9310876349773,0.21609441511477237,0.7839055848852277,15592.873029351156,43.397501337250205,3904.973680490397,0.2504332378734754,0.7495667621265246,0.7350357024363636,0.9324287576077189
0.7839699699699699,15963.69963892197,43.4485383638697,3596.204597213772,11729.25064535711,14887.259573304374,43.2969444285617,3158.008927947265,0.21212829079773435,0.7878717092022657,14970.683928412833,43.3090788313744,3241.433283055723,0.21651871741836812,0.7834812825816319,15655.912958905286,43.40626261543089,3926.662313548177,0.2508101778449554,0.7491898221550446,0.7347451349409871,0.9325695114562875
0.7864714714714715,16026.320620816694,43.45703975943139,3608.8906675446747,11770.627072808169,14947.930643561183,43.30577599529636,3177.3035707530144,0.2125580889098945,0.7874419110901055,15031.621190178957,43.31789973790626,3260.9941173707884,0.21694227629295154,0.7830577237070485,15719.03665830845,43.415000258567154,3948.4095855002815,0.25118648625412493,0.748813513745875,0.7344559834600602,0.9327113189127901
0.788972972972973,16088.994276405785,43.465515110653655,3621.5844430613206,11812.028631213938,15008.685483667017,43.31458390867045,3196.6568524530794,0.21298713041403888,0.7870128695859611,15092.642221794107,43.326697009791346,3280.6135905801693,0.21736509369067872,0.7826349063093213,15782.24412756064,43.4237144096321,3970.215496346702,0.2515621646869274,0.7484378353130726,0.7341682412390476,0.9328541750851996
0.7914744744744745,16151.720454370776,43.47396457201339,3634.28592376371,11853.455320574414,15069.52409362188,43.323368310732334,3216.0687730474656,0.21341541730628738,0.7865845826937126,15153.747023258285,43.33547078902882,3300.2917026838713,0.21778717155687732,0.7822128284431227,15845.535366661854,43.432405210258906,3992.0800460874398,0.25193721472400105,0.748062785275999,0.7338819015634201,0.9329980751087079
0.793975975975976,16214.49900397126,43.482388296600575,3646.9951096518425,11894.907140889598,15130.446473425767,43.33212934220592,3235.5393325361692,0.21384295157574376,0.7861570484242563,15214.935594571494,43.344221216293505,3320.0284536818963,0.21820851183007586,0.7817914881699242,15908.910375612099,43.44107280075772,4014.0032347225006,0.25231163794070094,0.747688362059299,0.73359695775838,0.9331430141455505
0.7964774774774774,16277.32977504284,43.49078643613521,3659.712000725718,11936.384092159487,15191.452623078681,43.34086714250721,3255.068530919194,0.21426973520452752,0.7857302647954725,15276.207935733724,43.35294843095251,3339.823843574237,0.218629116442033,0.781370883557967,15972.369154411366,43.449717320132194,4035.985062251879,0.25268543590712034,0.7473145640928797,0.7333134031885812,0.9332889873848305
0.798978978978979,16340.212617995086,43.499159140983984,3672.436596985338,11977.88617438409,15252.542542580626,43.34958184976065,3274.6563681965363,0.21469577016780356,0.7853042298321964,15337.564046744985,43.36165257108159,3359.677872360895,0.2190489873177679,0.7809510126822321,16035.911703059664,43.45833890609584,4058.0255286755746,0.253058610188113,0.7469413898118871,0.7330312312578559,0.9334359900423428
0.8014804804804805,16403.14738380941,43.50750656017664,3685.168898430701,12019.413387563398,15313.716231931598,43.35827360081524,3294.3028443681997,0.21512105843381377,0.7848789415661862,15399.003927605274,43.370333773481164,3379.590540041876,0.21946812637558968,0.7805318736244103,16099.53802155699,43.46693769508812,4080.1246339935915,0.2534311623433156,0.7465688376566844,0.7327504354089424,0.9335840173604045
0.803981981981982,16466.13392403703,43.51582884142217,3697.9089050618077,12060.965731697415,15374.973691131596,43.36694253126029,3314.0079594341805,0.21554560196390618,0.7844543980360938,15460.52757831459,43.37899217369218,3399.5618466171745,0.2198865355271255,0.7801134644728746,16163.248109903343,43.47551382229023,4102.282378205928,0.25380309392716854,0.7461969060728314,0.7324710091232155,0.933733064607681
0.8064834834834835,16529.1720907969,43.524126131124675,3710.6566168786576,12102.54320678614,15436.314920180619,43.37558877544109,3333.771713394479,0.21596940271256598,0.7840305972874341,15522.13499887293,43.38762790601172,3419.5917920867905,0.22030421667735067,0.7796957833226493,16227.041968098722,43.48406742164072,4124.498761312581,0.254174406488938,0.7458255935110619,0.7321929459204182,0.9338831270790169
0.808984984984985,16592.26173677364,43.532398574399046,3723.41203388125,12144.145812829569,15497.739919078671,43.38421246647418,3353.594106249102,0.21639246262744552,0.7836075373725545,15583.8261892803,43.39624110350828,3439.6803764507313,0.22072117172461767,0.7792788282753823,16290.919596143127,43.492598625850775,4146.773783313558,0.25454510157273785,0.7454548984272621,0.731916239358396,0.934034200095267
0.8114864864864865,16655.40271521547,43.540646315086384,3736.175156069587,12185.773549827712,15559.248687825751,43.392813736262525,3373.475137998039,0.2168147836493928,0.7831852163506072,15645.601149536695,43.40483189803693,3459.8275997089822,0.2211374025606831,0.7788625974393169,16354.88099403656,43.5011075664194,4169.107444208848,0.25491518071754965,0.7450848192824503,0.7316408830328343,0.934186279003129
0.813987987987988,16718.594879932185,43.54886949576918,3748.9459834436675,12227.426417780562,15620.841226421857,43.40139271551031,3393.414808641295,0.21723636771248317,0.7827636322875168,15707.45987964212,43.41340042025418,3480.033461861558,0.22155291107073943,0.7784470889292606,16418.92616177902,43.50959437364819,4191.49974399846,0.2552846454572461,0.744715354542754,0.7313668705769942,0.934339359174975
0.8164894894894895,16781.838085293035,43.557068257786284,3761.7245160034918,12269.104416688122,15682.517534866993,43.40994953373766,3413.4131181788707,0.2176572167440475,0.7823427832559525,15769.402379596571,43.42194679963258,3500.2979629084493,0.2219676991334403,0.7780323008665597,16483.05509937051,43.51805917665605,4213.950682682389,0.2556534973206102,0.7443465026793898,0.7310941956614573,0.9344934360086905
0.818990990990991,16845.13218622474,43.5652427412476,3774.5107537490585,12310.807546550386,15744.277613161154,43.41848431929501,3433.4700666107674,0.21807733266470214,0.7819226673352979,15831.428649400052,43.43047116447521,3520.6211028496655,0.2223817686209313,0.7776182313790687,16547.26780681103,43.52650210339358,4236.460260260643,0.25602173783135795,0.743978262168642,0.7308228519938633,0.9346485049275055
0.8214924924924925,16908.47703820937,43.573393085048664,3787.304696680369,12352.53580736736,15806.121461304341,43.426997199377354,3453.5856539369815,0.2184967173883774,0.7815032826116226,15893.538689052555,43.438973641929834,3541.0028816851955,0.22279512139887594,0.7772048786011241,16611.56428410057,43.534923280657246,4259.028476733209,0.2563893685081575,0.7436106314918425,0.7305528333186599,0.9348045613798361
0.823993993993994,16971.872497282362,43.581519426884846,3800.106344797423,12394.28919913904,15868.049079296557,43.43548830003818,3473.759880157517,0.2189153728223477,0.7810846271776524,15955.732498554087,43.447454358002915,3561.4432994150466,0.22320775932648568,0.7767922406735144,16675.94453123914,43.54332283410341,4281.655332100099,0.2567563908646524,0.7432436091353476,0.7302841334168454,0.9349616008391204
0.8264954954954955,17035.31842003042,43.589621903265524,3812.9156981002207,12436.067721865431,15930.060467137799,43.44395774620329,3493.9927452723678,0.21933330086725927,0.7806666991327407,16018.010077904648,43.455913437573344,3581.942356039217,0.2236196842565465,0.7763803157434536,16740.408548226736,43.551700888262076,4304.3408263613055,0.2571228064094799,0.7428771935905201,0.7300167461057193,0.9351196188036591
0.828996996996997,17098.814663589495,43.597700649527894,3825.7327565887617,12477.87137554653,15992.155624828072,43.452405661684345,3514.2842492815416,0.21975050341716038,0.7802494965828396,16080.371427104237,43.46435100440607,3602.5000515577067,0.22403089803544712,0.7759691019645529,16804.95633506336,43.560057566550455,4327.084959516831,0.25748861664629347,0.7425113833537065,0.7297506652386332,0.935278610796457
0.8314984984984986,17162.361085642755,43.60575579985065,3838.5575202630457,12519.700160182336,16054.334552367369,43.46083216919223,3534.634392185033,0.22016698235952836,0.7798330176404716,16142.816546152852,43.472767181165416,3623.1163859705157,0.2244414025032066,0.7755585974967933,16869.587891749015,43.5683929912863,4349.88773156668,0.2578538230737828,0.7421461769262172,0.7294858847047416,0.9354385723650629
0.834,17225.95754441851,43.613787487267444,3851.389989123073,12561.554075772849,16116.59724975569,43.46923739035023,3555.043173982842,0.22058273957529914,0.7794172604247008,16205.34543505049,43.48116208942826,3643.791359277642,0.22485119949350152,0.7751488005064985,16934.30321828369,43.576707283701126,4372.749142510842,0.2582184271856935,0.7417815728143066,0.7292223984287594,0.9355994990814156
0.8365015015015015,17289.603898688216,43.621795843680175,3864.2301631688447,12603.433122318072,16178.943716993046,43.47762144570697,3575.5105946749736,0.22099777693889547,0.7790022230611046,16267.958093797162,43.489535849697,3664.52497147909,0.22526029083369367,0.7747397091663063,16999.102314667398,43.585000563953095,4395.669192349325,0.25858243047084867,0.7414175695291513,0.7289602003707158,0.9357613865416873
0.839003003003003,17353.30000776443,43.62978099987201,3877.0780424003597,12645.337299818006,16241.373954079423,43.48598445474923,3596.0366542614174,0.22141209631825415,0.7785879036817459,16330.654522392857,43.49788858141231,3685.3172225748513,0.2256686783448566,0.7743313216551434,17063.985180900134,43.593272951139824,4418.647881082128,0.25894583441316854,0.7410541655868315,0.728699284525714,0.9359242303661267
0.8415045045045045,17417.04573149875,43.63774308552031,3889.933626817618,12687.266608272645,16303.887961014832,43.49432653591449,3616.621352742188,0.221825699574856,0.778174300425144,16393.43472083758,43.50622040296577,3706.1681125649357,0.22607636384180377,0.7739236361581963,17128.951816981895,43.601524563310974,4441.68520870925,0.25930864049169067,0.7406913595083093,0.7284396449236914,0.936088026198911
0.8440060060060061,17480.840930279846,43.645682229209285,3902.7969164206193,12729.221047681991,16366.485737799263,43.50264780660333,3637.264690117272,0.22223858856375117,0.7777614114362488,16456.298689131334,43.51453143171219,3727.077641449343,0.2264833491331143,0.7735166508668857,17194.00222291268,43.60975551748059,4464.78117523069,0.25967085018059,0.74032914981941,0.7281812756291818,0.9362527697079878
0.8465075075075075,17544.68546503139,43.653598558442525,3915.6679112093643,12771.200618046047,16429.167284432722,43.51094838319166,3657.9666663866756,0.22265076513358908,0.7773492348664109,16519.24642727411,43.52282178398188,3748.0458092280624,0.22688963602115952,0.7731103639788405,17259.136398692495,43.61796592963938,4487.935780646449,0.26003246494919885,0.7399675350508012,0.7279241707410795,0.9364184565849284
0.849009009009009,17608.579197210074,43.66149219965531,3928.546611183853,12813.205319364812,16491.932600915214,43.519228381042765,3678.727281550402,0.22306223112664506,0.776937768873355,16582.277935265913,43.53109157509265,3769.072615901101,0.22729522630213111,0.7727047736978689,17324.35434432134,43.6261559147667,4511.149024956527,0.260393486262027,0.7396065137379729,0.7276683243924048,0.9365850825447755
0.8515105105105105,17672.521988803557,43.66936327822674,3941.433016344085,12855.235151638284,16554.781687246727,43.52748791451912,3699.5465356084424,0.22347298837884733,0.7765270116211527,16645.39321310675,43.539340919361706,3790.1580614684644,0.22770012176606655,0.7722998782339334,17389.656059799207,43.63432558684237,4534.420908160922,0.26075391557878114,0.7392460844212189,0.7274137307500723,0.9367526433258945
0.854012012012012,17736.51370232848,43.677211918491764,3954.3271266900606,12897.290114866464,16617.71454342727,43.53572709699411,3720.4244285608074,0.22388303871980578,0.7761169612801943,16708.592260796606,43.54756993011727,3811.3021459301417,0.22810432419687476,0.7718956758031252,17455.041545126107,43.642475058858444,4557.751430259643,0.261113754354385,0.738886245645615,0.7271603840146604,0.9369211346898274
0.8565135135135136,17800.554200828436,43.685038243752885,3967.2289422217796,12939.370209049353,16680.73116945684,43.5439460408635,3741.360960407488,0.22429238397283724,0.7757076160271628,16771.875078335495,43.55577871971016,3832.504869286142,0.228507835372364,0.771492164627636,17520.510800302032,43.650604442830634,4581.140591252679,0.26147300403899787,0.7385269959610021,0.7269082784201829,0.9370905524211445
0.859015015015015,17864.643347871985,43.692842376291885,3980.138462939241,12981.475434186947,16743.831565335437,43.552144857556854,3762.35613114849,0.22470102595499425,0.7752989740450057,16835.241665723406,43.56396739952508,3853.7662315364596,0.2289106570642664,0.7710893429357336,17586.06382532698,43.6587138498097,4604.588391140032,0.26183166607803543,0.7381683339219646,0.7266574082338613,0.9372608923272987
0.8615165165165165,17928.781007550668,43.700624437381215,3993.055688842447,13023.605790279253,16807.01573106306,43.56032365754865,3783.4099407838075,0.22510896647709053,0.7748910335229094,16898.69202296035,43.57213607999184,3875.0862326810966,0.22931279103826466,0.7706872089617354,17651.700620200958,43.66680338989258,4628.094829921705,0.2621897419121884,0.7378102580878116,0.7264077677558998,0.9374321502384809
0.864018018018018,17992.967044476933,43.70838454729534,4005.9806199313966,13065.761277326266,16870.283666639712,43.5684825503693,3804.522389313446,0.225516207343729,0.774483792656271,16962.226150046317,43.580284870596344,3896.464872720051,0.22971423905401775,0.7702857609459822,17717.421184923965,43.67487317223346,4651.659907597699,0.26254723297744204,0.737452767022558,0.7261593513192641,0.9376043220074792
0.8665195195195196,18057.20132378225,43.71612282532185,4018.913256206089,13107.941895327987,16933.635372065393,43.576621644616054,3825.693476737406,0.2259227503533275,0.7740772496466725,17025.844046981314,43.58841387989145,3917.9021516533267,0.23011500286518669,0.7698849971348133,17783.225519496,43.68292330505459,4675.283624168014,0.2629041407050951,0.737095859294905,0.7259121532894559,0.9377774035095314
0.8690210210210211,18121.483711115015,43.72383938977246,4031.8535976665253,13150.147644284418,16997.0708473401,43.584741047963675,3846.9232030556814,0.22632859729814522,0.7736714027018547,17089.54571376534,43.5965232155077,3939.3980694809215,0.23051508421945957,0.7694849157805405,17849.11362391706,43.69095389565695,4698.965979632641,0.2632604665217787,0.7367395334782213,0.7256661680642975,0.9379513906421887
0.8715225225225225,18185.814072638655,43.73153435799382,4044.8016443127044,13192.378524195554,17060.59009246383,43.592840867174964,3868.211568268276,0.22673374996430987,0.7732662500356902,17153.331150398386,43.60461298416384,3960.952626202832,0.2309144848585774,0.7690855151414226,17915.085498187145,43.69896505043089,4722.706973991591,0.26361621184947676,0.7363837881505232,0.7254213900737091,0.9381262793251706
0.874024024024024,18250.192275029578,43.73920784637822,4057.757396144627,13234.634535061397,17124.193107436593,43.60092120811122,3889.5585723751956,0.2271382101318433,0.7728617898681567,17217.200356880465,43.61268329167724,3982.5658218190674,0.2313132065183597,0.7686867934816403,17981.14114230626,43.706956874866435,4746.506607244863,0.2639713781055431,0.736028621894457,0.7251778137794961,0.9383020655002299
0.8765255255255255,18314.618185475236,43.74685997037406,4070.7208531622937,13276.915676881952,17187.87989225838,43.608982175742426,3910.964215376429,0.22754197957468694,0.7724580204253131,17281.153333211572,43.62073424297414,4004.23765632962,0.23171125092872855,0.7682887490712714,18047.280556274403,43.714929473563565,4770.364879392451,0.26432596670272096,0.7356740332972791,0.7249354336751321,0.9384787451310104
0.8790270270270271,18379.091671672115,43.75449084449629,4083.692015365704,13319.221949657214,17251.650446929198,43.61702387415739,3932.4284972719834,0.2279450600607293,0.7720549399392707,17345.1900793917,43.628765942099704,4025.968129734487,0.23210861981373446,0.7678913801862656,18113.503740091575,43.722882950242315,4794.281790434361,0.2646799790491623,0.7353200209508377,0.724694244285547,0.9386563142029127
0.8815285285285285,18443.612601823803,43.76210058233658,4096.670882754856,13361.553353387182,17315.504771449036,43.625046406573716,3953.9514180618535,0.2283474533518303,0.7716525466481697,17409.31059542086,43.63677849222806,4047.7572420336764,0.2325053148915817,0.7674946851084183,18179.81069375777,43.73081740775272,4818.2573403705865,0.2650334165484455,0.7349665834515545,0.724454240166914,0.9388347687229553
0.88403003003003,18508.180844639002,43.76968929657346,4109.657455329753,13403.909888071861,17379.442865817906,43.63304987534759,3975.5329777460447,0.22874916120384792,0.7712508387961521,17473.51488129905,43.64477199567209,4069.604993227187,0.23290133787465186,0.7670986621253482,18246.20141727299,43.73873294808463,4842.291529201129,0.2653862805995945,0.7346137194004054,0.7242154159064411,0.9390141047196412
0.8865315315315315,18572.796269329567,43.77725709898225,4122.6517330903935,13446.291553711248,17443.464730035805,43.641034381983474,3997.173176324557,0.22915018536666323,0.7708498146333368,17537.802937026263,43.65274655389306,4091.5113833150153,0.23329669046952914,0.7667033095304708,18312.675910637245,43.74662967237742,4866.384356925997,0.26573857259709766,0.7342614274029023,0.7239777661221622,0.9391943182428217
0.889033033033033,18637.458745608557,43.78480410044486,4135.653716036777,13488.698350305342,17507.57036410273,43.64900002714367,4018.872013797387,0.22955052758420577,0.7704494724157942,17602.174762602503,43.66070226751025,4113.476412297161,0.23369137437702492,0.7663086256229751,18379.23417385052,43.75450768092948,4890.535823545179,0.2660902939309246,0.7339097060690755,0.7237412854627303,0.9393754053635635
0.8915345345345346,18702.168143688257,43.792330410959494,4148.663404168904,13531.130277854145,17571.75976801868,43.65694691065771,4040.629490164536,0.2299501895944791,0.7700498104055209,17666.63035802777,43.66863923631031,4135.500080173626,0.23408539129220202,0.7659146087077979,18445.87620691283,43.76236707320765,4914.745929058687,0.2664414459865464,0.7335585540134536,0.7235059686072135,0.9395573621740175
0.894036036036036,18766.924334278287,43.79983613965017,4161.680797486774,13573.587336357656,17636.032941783655,43.66487513153163,4062.445605425999,0.23034917312958567,0.7696508268704143,17731.169723302068,43.676557559256544,4157.582386944412,0.23447874290439916,0.7655212570956008,18512.60200982416,43.77020794785649,4939.014673466505,0.2667920301449519,0.7332079698550481,0.7232718102648892,0.939740184787284
0.8965375375375375,18831.72718858357,43.80732139477614,4174.705895990389,13616.069525815876,17700.38988539766,43.67278478795716,4084.320359581785,0.23074747991575248,0.7692525200842475,17795.79285842539,43.68445733449808,4179.723332609514,0.23487143089725449,0.7651285691027455,18579.411582584522,43.77803040270743,4963.342056768646,0.2671420477826678,0.7328579522173322,0.7230388051750452,0.9399238693372872
0.899039039039039,18896.576578302465,43.81478628374118,4187.738699679746,13658.576846228802,17764.830598860695,43.6806759773207,4106.253752631894,0.23114511167335525,0.7688548883266447,17860.49976339774,43.69233865937886,4201.9229171689385,0.23526345694873066,0.7647365430512694,18646.30492519391,43.785834534787774,4987.728078965107,0.26749150027177504,0.732508499728225,0.7228069481067767,0.9401084119786401
0.9015405405405406,18961.47237562482,43.82223091310274,4200.779208554847,13701.109297596438,17829.355082172755,43.68854879621226,4128.2457845763165,0.23154207011694292,0.7684579298830571,17925.29043821912,43.70020163044659,4224.181140622681,0.2356548227311375,0.7643451772688625,18713.282037652323,43.79362044032961,5012.172740055885,0.2678403889799273,0.7321596110200727,0.7225762338587886,0.9402938088865179
0.9040420420420421,19026.41445323,43.829655388581,4213.827422615691,13743.666879918781,17893.963335333843,43.69640334043419,4150.296455415062,0.2319383569552637,0.7680616430447363,17990.164882889523,43.70804634346146,4246.498002970742,0.23604552991115682,0.7639544700888432,18780.342919959767,43.801388214778584,5036.676040040986,0.2681887152703693,0.7318112847296308,0.7223466572591979,0.9404800562565319
0.9065435435435435,19091.402684284996,43.83705981506775,4226.883341862278,13786.249593195831,17958.655358343956,43.70423970500987,4172.405765148125,0.23233397389128807,0.7676660261087119,18055.123097408952,43.71587289340483,4268.873504213121,0.23643558014986543,0.7635644198501346,18847.48757211623,43.80913795280251,5061.237978920401,0.26853648050195345,0.7314635194980466,0.7221182131653386,0.9406671503045999
0.909045045045045,19156.436942442506,43.844444296635174,4239.946966294609,13828.85743742759,18023.431151203098,43.71205798419223,4194.573713775508,0.232728922622234,0.767271077377766,18120.165081777413,43.72368137448774,4291.307644349823,0.23682497510275924,0.7631750248972408,18914.71599412173,43.81686974829995,5085.858556694138,0.26888368602915896,0.731116313970841,0.7218908964635659,0.940855087266821
0.9115465465465465,19221.517101839,43.85180893654458,4253.018295912684,13871.49041261406,18088.29071391127,43.71985827147217,4216.800301297209,0.23312320483959106,0.766876795160409,18185.2908359949,43.731471880159376,4313.800423380841,0.23721371641977573,0.7627862835802243,18982.028185976254,43.82458369440861,5110.537773362195,0.26923033320210815,0.7307696667978919,0.721664702069064,0.941043863399351
0.9140480480480481,19286.643037092792,43.859153837254894,4266.097330716502,13914.148518755235,18153.234046468468,43.72764065958688,4239.085527713232,0.2335168222291446,0.7664831777708554,18250.500360061415,43.73924450311529,4336.351841306179,0.23760180574531858,0.7623981942546814,19049.424147679805,43.83227988351361,5135.27562892457,0.26957642336658455,0.7304235766334155,0.7214396249256558,0.9412334749782785
0.9165495495495496,19351.814623302183,43.866479100431135,4279.184070706064,13956.83175585112,18218.26114887469,43.735405240527996,4261.429393023571,0.23390977647099934,0.7660902235290007,18315.793653976954,43.74699933530569,4358.961898125834,0.2379892447182796,0.7620107552817205,19116.903879232384,43.83995840725572,5160.072123381264,0.2699219578640503,0.7300780421359497,0.7212156600056111,0.9414239182994993
0.919051051051051,19417.031736043507,43.87378482695273,4292.2785158813695,13999.540123901716,18283.372021129937,43.7431521055497,4283.831897228221,0.2343020692396038,0.7656979307603962,18381.17071774152,43.75473646794341,4381.630593839804,0.2383760349720625,0.7616239650279375,19184.467380633985,43.84761935653938,5184.92725673227,0.27026693803166324,0.7297330619683368,0.7209928023094594,0.9416151896785966
0.9215525525525525,19482.29425136927,43.881071116921746,4305.380666242418,14042.273622907016,18348.566663234218,43.75088134517668,4306.293040327202,0.23469370220377483,0.7653062977962252,18446.631551355116,43.76245599151199,4404.3579284481,0.23876217813460635,0.7612378218653937,19252.114651884618,43.85526282154072,5209.841028977602,0.27061136520229495,0.729388634797705,0.7207710468658016,0.9418072854507179
0.924054054054054,19547.602045806212,43.888338069670965,4318.49052178921,14085.032252867026,18413.84507518752,43.758593049212024,4328.812822320495,0.2350846770267188,0.7649153229732812,18512.17615481774,43.77015799577344,4427.1439019507125,0.23914767582840668,0.7608523241715933,19319.84569298428,43.86288889171536,5234.813440117254,0.27095524070454663,0.7290447592954534,0.7205503887311263,0.9420002019704544
0.9265555555555556,19612.954996353477,43.895585783771935,4331.608082521745,14127.816013781743,18479.207256989856,43.7662873067449,4351.391243208112,0.23547499536605804,0.7645250046339419,18577.80452812939,43.77784256977604,4449.988514347646,0.23953252967054003,0.7604674703294599,19387.660503932966,43.870497655806176,5259.844490151223,0.27129856586276696,0.7287014341372331,0.7203308229896233,0.9421939356117213
0.9290570570570571,19678.35298048067,43.902814357042814,4344.733348440024,14170.62490565117,18544.65320864122,43.77396420615828,4374.028302990049,0.23586465887385216,0.7641353411261478,18643.51667129007,43.785509801862005,4472.8917656388985,0.23991674127268553,0.7600832587273145,19455.55908473068,43.87808920185101,5284.9341790795115,0.2716413419970691,0.7283586580029309,0.7201123447530025,0.9423884827676386
0.9315585585585585,19743.795876126023,43.91002388655623,4357.866319544045,14213.458928475298,18610.1829301416,43.78162383513647,4396.724001666302,0.23625366919662236,0.7637463308033776,18709.31258429977,43.79315977967498,4495.8536558244705,0.2403003122411478,0.7596996877588522,19523.54143537742,43.8856636171901,5310.082506902123,0.27198357042334775,0.7280164295766522,0.7198949491603108,0.9425838398504122
0.93406006006006,19809.283561694498,43.917214468646876,4371.006995833811,14256.31808225414,18675.796421491017,43.78926628067252,4419.478339236877,0.23664202797537456,0.7633579720246254,18775.1922671585,43.800792590167546,4518.874184904362,0.24068324417687909,0.7593167558231209,19591.60755587319,43.89322098847361,5335.28947361905,0.2723252524532951,0.7276747475467049,0.7196786313777542,0.9427800032912184
0.9365615615615616,19874.815916055904,43.92438619891918,4384.15537730932,14299.20236698769,18741.49368268946,43.79689162907563,4442.291315701768,0.23702973684562192,0.7629702631543781,18841.15571986626,43.80840831960851,4541.953352878569,0.24106553867550165,0.7589344613244984,19659.757446217987,43.900761401668944,5360.5550792302965,0.27266638939441873,0.7273336106055813,0.7194633865985172,0.9429769695400857
0.9390630630630631,19940.392818543085,43.93153917225477,4397.311463970573,14342.11178267595,18807.27471373693,43.80449996597833,4465.162931060981,0.23741679743740876,0.7625832025625913,18907.202942423046,43.8160070535902,4565.091159747097,0.24144719732733028,0.7585528026726698,19727.991106411813,43.90828494206798,5385.879323735864,0.27300698255005773,0.7269930174499423,0.719249210042585,0.9431747350657786
0.9415645645645646,20006.01414895,43.93867348281984,4410.475255817569,14385.046329318915,18873.139514633425,43.812091376343716,4488.09318531451,0.23780321137533236,0.7621967886246677,18973.33393482886,43.823588877035604,4588.287605509946,0.24182822171739382,0.7581717782826062,19796.308536454664,43.91579169429424,5411.262207135749,0.2733470332193992,0.7266529667806008,0.7190360969565697,0.9433732963556846
0.944066066066066,20071.6797875299,43.94578922407248,4423.646752850308,14428.00600691659,18939.088085378946,43.81966594447242,4511.082078462356,0.2381889802785663,0.7618110197214337,19039.5486970837,43.83115387420541,4611.542690167111,0.24220861342545705,0.7577913865745429,19864.709736346536,43.92328174230994,5436.703729429946,0.27368654269749476,0.7263134573025053,0.7188240426135334,0.9435726499156981
0.9465675675675675,20137.3896149935,43.95288648876986,4436.825955068791,14470.990815468971,19005.120425973495,43.82722375400965,4534.129610504524,0.23857410576088328,0.7614258942391167,19105.847229187566,43.838702128704995,4634.856413718595,0.24258837402604322,0.7574116259739567,19933.194706087445,43.93075516942291,5462.203890618473,0.2740255122752781,0.725974487724722,0.7186130423128153,0.9437727922701082
0.9490690690690691,20203.14351250706,43.95996536897536,4450.012862473018,14514.000754976065,19071.236536417076,43.83476488795203,4557.235781441012,0.23895858943067683,0.7610414105693232,19172.229531140463,43.84623372349127,4658.228776164398,0.24296750508845502,0.757032494911545,20001.763445677374,43.938212058293544,5487.762690701309,0.2743639432395788,0.7256360567604212,0.7184030913798615,0.9439737199614872
0.9515705705705706,20268.94136169065,43.967025956065555,4463.207475062987,14557.035825437863,19137.43641670968,43.84228942865438,4580.400591271817,0.23934243289098436,0.7606575671090157,19238.695602942385,43.85374874087951,4681.659777504523,0.24334600817679683,0.7566539918232031,20070.415955116336,43.94565249094151,5513.380129678473,0.2747018368731419,0.725298163126858,0.7181941851660499,0.9441754295505747
0.9540720720720721,20334.783044616226,43.974068340737155,4476.4097928387,14600.096026854368,19203.720066851314,43.849797457836424,4603.6240399969465,0.23972563773950947,0.7602743622604905,19305.245444593333,43.861247262549995,4705.149417738965,0.24372388484999546,0.7562761151500045,20139.152234404322,43.95307654875246,5539.056207549955,0.2750391944546413,0.7249608055453587,0.7179863190485253,0.9443779176161721
0.9565735735735735,20400.66844380585,43.981092613013864,4489.619815800157,14643.181359225586,19270.08748684197,43.85728905658937,4626.906127616385,0.24010820556864287,0.7598917944313571,19371.87905609331,43.86872936955465,4728.697696867723,0.24410113666182215,0.7558988633381779,20207.972283541334,43.960484312484645,5564.790924315748,0.275376017258697,0.724623982741303,0.7177794884300284,0.9445811807550281
0.9590750750750751,20466.597442229857,43.98809886225311,4502.837543947357,14686.291822551506,19336.53867668166,43.864764305382494,4650.246854130153,0.2404901379654873,0.7595098620345128,19438.596437442313,43.87619514232356,4752.304614890807,0.2444777651609143,0.7555222348390858,20276.876102527378,43.96787586227542,5590.584279975872,0.27571230655589213,0.7242876934441078,0.7175736887387286,0.944785215581732
0.9615765765765766,20532.569923305036,43.99508717715271,4516.0629772803,14729.427416832139,19403.073636370373,43.872223284069484,4673.646219538234,0.24087143651187562,0.7591285634881244,19505.397588640346,43.88364466067139,4775.970171808207,0.24485377189079505,0.755146228109205,20345.863691362443,43.975251277647686,5616.436274530304,0.27604806361278655,0.7239519363872134,0.71736891542806,0.9449900187286028
0.9640780780780781,20598.585770892812,44.002057645757446,4529.296115798988,14772.58814206748,19469.692365908115,43.87966607189488,4697.104223840635,0.24125210278439604,0.758747897215604,19572.282509687404,43.89107800380377,4799.694367619924,0.24522915838989603,0.754770841610104,20414.93505004654,43.9826106375162,5642.346907979061,0.27638328969193554,0.7236167103080645,0.7171651639765552,0.9451955868455834
0.9665795795795796,20664.644869297448,44.009010355465605,4542.536959503418,14815.773998257528,19536.394865294886,43.8870927475003,4720.620867037358,0.241632138354412,0.758367861645588,19639.25120058349,43.89849525032352,4823.477202325963,0.24560392619157778,0.7543960738084222,20484.090178579663,43.989954020193935,5668.316180322136,0.27671798605190323,0.7232820139480968,0.7169624298876824,0.9454019166001317
0.969081081081081,20730.747103264228,44.01594539303532,4555.785508393591,14858.984985402281,19603.181134530678,43.89450338893062,4744.196149128396,0.2420115447880841,0.7579884552119159,19706.303661328602,43.90589647823687,4847.318675926321,0.24597807682415027,0.7540219231758497,20553.329076961814,43.997281503398135,5694.344091559533,0.2770521539472801,0.7229478460527199,0.716760708689684,0.9456090046771153
0.9715825825825826,20796.892357977686,44.02286284459097,4569.041762469508,14902.221103501744,19670.051173615502,43.901898073640126,4767.830070113758,0.24239032364639218,0.7576096763536079,19773.439891922742,43.91328176495958,4871.218788420998,0.24635161181089404,0.753648388189106,20622.65174519299,44.00459316425653,5720.430641691246,0.27738579462869717,0.7226142053713028,0.7165599959354145,0.9458168477787054
0.9740840840840841,20863.080519059782,44.02976279562941,4582.30572173117,14945.48235255592,19737.00498254935,43.90927687849852,4791.522629993431,0.2427684764851556,0.7572315235148444,19840.65989236591,43.92065118732293,4895.177539809991,0.24672453267008057,0.7532754673299195,20692.058183273195,44.011889079313306,5746.575830717275,0.2777189093428427,0.7222810906571573,0.7163602872021824,0.9460254426242718
0.9765855855855856,20929.311472568155,44.036645331026136,4595.577386178574,14988.768732564798,19804.04256133223,43.916639879796854,4815.273828767431,0.24314600485505647,0.7568539951449436,19907.963662658105,43.928004821579734,4919.1949300933065,0.24709684091499376,0.7529031590850063,20761.54839120243,44.019169324535085,5772.77965863763,0.2780514993324779,0.7219485006675221,0.7161615780915885,0.9462347859502782
0.9790870870870871,20995.585104994294,44.04351053504142,4608.856755811721,15032.080243528388,19871.163909964136,43.92398715325345,4839.0836664357485,0.24352291030165843,0.7564770896983416,19975.351202799327,43.935342743410146,4943.27095927094,0.24746853805394892,0.752531461946051,20831.122368980687,44.026433975316785,5799.042125452299,0.27838356583645085,0.7216164341635491,0.7159638642293733,0.9464448745101803
0.9815885885885886,21061.901303261806,44.05035849132628,4622.143830630612,15075.416885446682,19938.369028445064,43.93131877401968,4862.9521429983815,0.24389919436542945,0.7561008056345705,20042.822512789575,43.94266502792752,4967.405627342892,0.2478396255903144,0.7521603744096856,20900.780116607973,44.03368310648741,5825.363231161291,0.2787151100897137,0.7212848899102863,0.7157671412652564,0.946655705074321
0.9840900900900901,21128.25995472463,44.057189282928476,4635.438610635247,15118.778658319688,20005.657916775024,43.938634816685706,4886.879258455336,0.24427485858176246,0.7557251414182375,20110.37759262885,43.949971749684124,4991.598934309162,0.24821010502253105,0.751789894977469,20970.521634084285,44.0409167923158,5851.742975764597,0.27904613332333655,0.7209538666766635,0.7155714048727841,0.9468672744298297
0.9865915915915916,21194.660947165266,44.06400299229836,4648.741095825625,15162.165562147404,20073.03057495401,43.94593535528614,4910.865012806606,0.24464990448099574,0.7553500955190042,20178.016442317155,43.957262982676774,5015.850880169752,0.24857997784413308,0.7514200221558669,21040.346921409626,44.048135106516256,5878.181359262222,0.27937663676452373,0.7206233632354763,0.715376650749174,0.9470795793805198
0.9890930930930931,21261.10416879303,44.0707997012947,4662.051286201747,15205.577596929827,20140.487002982027,43.9532204633056,4934.9094060522,0.24502433358843465,0.7549756664115653,20245.739061854485,43.964538800352464,5040.1614649246585,0.24894924554376757,0.7510507544562325,21110.255978583995,44.055338122254156,5904.678381654168,0.2797066216366285,0.7202933783633715,0.7151828746151631,0.9472926167467897
0.9915945945945946,21327.58950824228,44.07757949119039,4675.369181763611,15249.014762666953,20208.027200859065,43.96049021368426,4959.012438192112,0.245398147424371,0.754601852575629,20313.545451240847,43.97179927561385,5064.530688573894,0.2493179096052151,0.750682090394785,21180.248805607393,44.06252591215144,5931.234042940439,0.2800360891591683,0.7199639108408317,0.714990072214856,0.9475063833655206
0.9940960960960961,21394.11685457069,44.08434244267811,4688.694782511219,15292.477059358791,20275.651168585133,43.967744678823294,4983.174109226342,0.24577134750410465,0.7542286524958953,20381.435610476226,43.97904448082467,5088.9585511174355,0.24968597150740787,0.7503140284925921,21250.32540247981,44.06969854829207,5957.848343121021,0.2803650405478388,0.7196349594521613,0.7147982393155747,0.9477208760899796
0.9965975975975976,21460.686097257505,44.09108863587592,4702.028088444572,15335.96448700534,20343.35890616023,43.974983930590255,5007.394419154889,0.24614393533796358,0.7538560646620364,20449.409539560642,43.98627448781522,5113.445052555302,0.2500534327244524,0.7499465672755476,21320.485769201263,44.07685610222738,5984.521282195923,0.2806934770145307,0.7193065229854694,0.7146073717077082,0.9479360917897186
0.9990990990990991,21527.29712620179,44.0978181503328,4715.369099563667,15379.477045606594,20411.15041358435,43.98220804032434,5031.673367977755,0.24651591243132465,0.7534840875686754,20517.467238494082,43.99348936788754,5137.990192887488,0.25042029472564664,0.7495797052743534,21390.72990577174,44.08399864498142,6011.252860165145,0.28102139976734325,0.7189786002326567,0.7144174652045648,0.9481520273504782
1.0016006006006004,21593.94983172069,44.10453106503408,4728.717815868505,15423.014735162553,20479.025690857496,43.98941707884171,5056.010955694943,0.24688728028463341,0.7531127197153666,20585.608707276544,44.00068919182074,5162.593972113991,0.2507865589755008,0.7492134410244993,21461.05781219124,44.09112624705614,6038.043077028688,0.2813488100105996,0.7186511899894004,0.7142285156422254,0.9483686796740903
1.004102102102102,21660.644104547766,44.11122745840686,4742.0742373590865,15466.577555673222,20546.984737979674,43.99661111644062,5080.407182306451,0.24725804039342433,0.7527419596065756,20653.833945908038,44.00787402987616,5187.256390234816,0.25115222693375633,0.7488477730662436,21531.46948845977,44.09823897843664,6064.891932786548,0.28167570894486094,0.7183242910551391,0.7140405188793962,0.9485860456783798
1.0066036036036035,21727.37983583119,44.11790740832528,4755.438364035412,15510.1655071386,20615.027554950877,44.00379022290652,5104.8620478122775,0.24762819424834098,0.7523718057516591,20722.14295438856,44.015043951802475,5211.977447249961,0.2515173000554058,0.7484826999445942,21601.96493457733,44.105336908596215,6091.799427438729,0.282002097766942,0.7179979022330579,0.7138534707972647,0.9488041222970703
1.009105105105105,21794.15691713207,44.12457099211585,4768.810195897481,15553.77858955869,20683.154141771112,44.010954467517166,5129.375552212423,0.2479977433351561,0.7520022566648439,20790.535732718112,44.02219902684075,5236.757143159422,0.2518817797907115,0.7481182202092885,21672.544150543916,44.11242010650143,6118.765560985226,0.282327977669925,0.717672022330075,0.7136673672993559,0.9490229064796898
1.0116066066066065,21860.97524042277,44.13121828656258,4782.189732945294,15597.416802933485,20751.36449844037,44.01810391904756,5153.947695506884,0.24836668913479132,0.7516333108652087,20859.012280896684,44.02933932372943,5261.595477963199,0.2522456675852254,0.7477543324147746,21743.20713635953,44.119488640617135,6145.790333426046,0.28265334984317486,0.7173466501568252,0.7134822043113868,0.9492423951914717
1.014108108108108,21927.83469808516,44.13784936791215,4795.576975178849,15641.080147262986,20819.658624958658,44.025238645774905,5178.578477695672,0.24873503312333753,0.7512649668766624,20927.57259892429,44.036464910709284,5286.492451661303,0.2526089648798082,0.7473910351201918,21813.953892024172,44.12654257891131,6172.873744761186,0.2829782154723528,0.7170217845276472,0.7132979777811276,0.9494625854132659
1.0166096096096096,21994.735182908928,44.144464311878984,4808.971922598149,15684.768622547199,20888.036521325972,44.03235871548345,5203.267898778773,0.24910277677207307,0.750897223227927,20996.216686800923,44.04357585552823,5311.448064253724,0.25297167311064744,0.7470283268893526,21884.78441753784,44.13358198886003,6200.0157949906425,0.2833025757394314,0.7166974242605686,0.7131146836782601,0.9496834741414427
1.019111111111111,22061.676588089897,44.15106319365023,4822.374575203192,15728.482228786119,20956.49818754231,44.03946419546931,5228.015958756192,0.249469921547485,0.750530078452515,21064.94454452658,44.05067222544619,5336.462315740462,0.2533337937092773,0.7466662062907228,21955.698712900536,44.14060693745217,6227.216484114417,0.2836264318227087,0.7163735681772913,0.712932317994237,0.9499050583878008
1.0216126126126126,22128.65880722835,44.157646087890754,4835.784932993978,15772.220965979746,21025.043623607682,44.04655515254521,5252.822657627936,0.24983646891128805,0.7501635310887119,21133.756172101264,44.05775408723982,5361.535206121518,0.25369532810259715,0.7463046718974028,22026.69677811226,44.147617491194225,6254.475812132512,0.28394978489682265,0.7160502151031773,0.7127508767421429,0.9501273351794747
1.024114114114114,22195.681734327332,44.16421306874798,4849.202995970507,15815.98483412808,21093.67282952207,44.053631653045194,5277.6879953939915,0.2502024203204431,0.7497975796795568,21202.65156952497,44.064821507207185,5386.66673539689,0.2540562777128905,0.7459437222871095,22097.778613173003,44.154613716114966,6281.793779044923,0.2842726361327649,0.7157273638672351,0.712570355956557,0.9503503015588425
1.0266156156156154,22262.745263790977,44.170764209856785,4862.62876413278,15859.773833231124,21162.385805285492,44.06069376282924,5302.611972054368,0.250567777227178,0.7494322227728221,21271.63073679771,44.07187455117241,5411.856903566586,0.25441664395784364,0.7455833560421564,22168.94421808278,44.16159567777006,6309.170384851655,0.28459498669789546,0.7154050133021045,0.7123907516934175,0.950573954583438
1.029117117117117,22329.84929042283,44.1772995843442,4876.062237480796,15903.587963288875,21231.182550897945,44.06774154728784,5327.59458760907,0.2509325410790058,0.7490674589209942,21340.69367391948,44.078913284490255,5437.105710630603,0.2547764282505636,0.7452235717494363,22240.193592841584,44.16856344124667,6336.605629552709,0.2849168377559565,0.7150831622440436,0.7122120600298835,0.9507982913258578
1.0316186186186185,22396.993709424194,44.18381926483421,4889.503416014556,15947.427224301335,21300.06306635942,44.07477507134652,5352.6358420580855,0.25129671331874376,0.7487032866812562,21409.840380890273,44.08593777205063,5462.413156588938,0.25513563199959727,0.7448643680004027,22311.526737449414,44.175517071167945,6364.0995131480795,0.2852381904670861,0.7147618095329139,0.712034277064202,0.9510233088736723
1.03412012012012,22464.178416392493,44.19032332345236,4902.95229973406,15991.291616268505,21369.027351669927,44.08179439947034,5377.735735401422,0.25166029538453316,0.7483397046154668,21479.070857710096,44.09294807828309,5487.779241441591,0.2554942566089494,0.7445057433910506,22382.943651906273,44.182456631697534,6391.652035637768,0.28555904598783255,0.7144409540121675,0.7118573989155725,0.9512490043293363
1.0366216216216215,22531.403307319568,44.1968118318304,4916.408888639307,16035.181139190383,21438.075406829455,44.08879959566824,5402.8942676390725,0.25202328870985735,0.7479767112901426,21548.385104378944,44.09994426716119,5513.203965188561,0.2558523034781014,0.7441476965218986,22454.44433621216,44.189382186543924,6419.263197021777,0.2858794054711684,0.7141205945288316,0.7116814217240158,0.9514753748101019
1.039123123123123,22598.668278590067,44.20328486111081,4929.873182730298,16079.09579306697,21507.207231838016,44.09579072349747,5428.111438771046,0.2523856947235616,0.7476143052764384,21617.78312089682,44.10692640220691,5538.68732782985,0.25620977400202893,0.7437902259979711,22526.028790367076,44.196293798964845,6446.932997300106,0.28619927006650375,0.7138007299334962,0.7115063416502411,0.9517024174479299
1.0416246246246246,22665.9732269798,44.209742481951324,4943.345182007031,16123.035577898261,21576.422826695605,44.102767846067884,5453.387248797344,0.25274751484987107,0.747252485150129,21687.26490726372,44.11389454649492,5564.22932936546,0.25656666957122065,0.7434333304287793,22597.697014371013,44.20319153177157,6474.661436472752,0.2865186409197003,0.7134813590802997,0.7113321548755145,0.9519301293894021
1.044126126126126,22733.318049654095,44.216184764529366,4956.824886469509,16167.000493684263,21645.722191402216,44.10973102604614,5478.721697717952,0.25310875050840886,0.7468912494915911,21756.830463479655,44.12084876265686,5589.829969795392,0.2569229915716955,0.7430770084283045,22669.449008223983,44.210075447333175,6502.448514539719,0.286837519173085,0.713162480826915,0.7111588576015306,0.9521585077956348
1.0466276276276276,22800.702644166173,44.22261177854647,4970.31229611773,16210.990540424973,21715.10532595786,44.11668032565999,5504.114785532885,0.2534694031142167,0.7465305968857834,21826.479789544614,44.12778911288554,5615.489249119641,0.2572787413850212,0.7427212586149788,22741.28477192598,44.21694560758071,6530.294231501008,0.28715590596546364,0.7128440940345363,0.7109864460502819,0.9523875498421941
1.049129129129129,22868.126908455506,44.2290235932326,4983.807410951693,16255.005718120387,21784.572230362523,44.12361580670238,5529.566512242136,0.2538294740777711,0.7461705259222289,21896.21288545859,44.13471565893907,5641.207167338203,0.2576339203883318,0.7423660796116682,22813.204305476997,44.223802074011374,6558.19858735661,0.28747380243213433,0.7125261975678657,0.7108149164639316,0.9526172527190088
1.0516306306306304,22935.59074084625,44.235420277350464,4997.310230971401,16299.046026770517,21854.122904616215,44.13053753053558,5555.076877845699,0.2541889648050029,0.7458110351949971,21966.029751221606,44.14162846214503,5666.983724451089,0.2579885299543459,0.742011470045654,22885.207608877045,44.23064490769263,6586.161582106528,0.2877912097049009,0.7122087902950991,0.7106442651046856,0.9528476136302851
1.054132132132132,23003.094040045555,44.24180189919974,5010.820756176852,16343.111466375349,21923.757348718937,44.13744555809522,5580.645882343588,0.2545478766973162,0.7454521233026838,22035.930386833643,44.148527583404444,5692.818920458294,0.258342571451384,0.741657428548616,22957.29468212612,44.23747416926623,6614.183215750772,0.2881081289120875,0.7118918710879125,0.7104744882546671,0.9530786297944257
1.0566336336336335,23070.636705142027,44.2481685266213,5024.3389865680465,16387.20203693489,21993.475562670686,44.144339949894345,5606.273525735796,0.2549062111516049,0.7450937888483951,22105.91479229471,44.15541308319586,5718.712755359818,0.2586960462433858,0.7413039537566142,23029.465525224223,44.244289918952234,6642.263488289333,0.2884245611785496,0.7115754388214504,0.7103055822157903,0.953310298443941
1.059135135135135,23138.218635604084,44.25452022700135,5037.864922144984,16431.31773844914,22063.277546471465,44.15122076602732,5631.959808022326,0.25526396956027203,0.7447360304397279,22175.982967604803,44.16228502157928,5744.665229155664,0.2590489556899284,0.7409510443100716,23101.720138171357,44.251092216553005,6670.4023997222175,0.28874050762568976,0.7112594923743102,0.7101375433096367,0.9535426168253702
1.0616366366366365,23205.83973127838,44.26085706727552,5051.398562907666,16475.4585709181,22133.16330012127,44.1580880661738,5657.7047292031675,0.25562115331124713,0.7443788466887529,22246.134912763926,44.16914345820008,5770.676341845825,0.259401301146243,0.7405986988537571,23174.058520967516,44.25788112145704,6698.5999500494145,0.28905596937146893,0.7109440306285311,0.7099703678773311,0.9537755821991958
1.064138138138138,23273.499892388205,44.267179113932926,5064.939908856091,16519.62453434177,22203.1328236201,44.16494190960255,5683.508289278332,0.25597776378800524,0.7440222362119947,22316.370627772074,44.175988452292884,5796.746093430305,0.25975308396323293,0.7402469160367671,23246.4806736127,44.26465669264293,6726.856139270931,0.2893709475304212,0.7106290524695789,0.7098040522794189,0.9540091918397637
1.0666396396396396,23341.19901953191,44.273486433020196,5078.488959990259,16563.815628720142,22273.18611696796,44.171782355175324,5709.37048824782,0.25633380236958364,0.7436661976304163,22386.69011262925,44.18282006268538,5822.874483909109,0.2601043054874908,0.7398956945125091,23318.986596106915,44.2714189886831,6755.170967386774,0.28968544321366624,0.7103145567863338,0.7096385928957439,0.9542434430351999
1.0691411411411411,23408.937013681312,44.2797790901454,5092.045716310171,16608.031854053224,22343.323180164844,44.17860946135059,5735.291326111619,0.25668927043059964,0.7433107295694004,22457.093367335452,44.189638347802116,5849.061513282228,0.2604549670613149,0.7395450329386851,23391.576288450153,44.27816806774766,6783.544434396928,0.28999945752892153,0.7100005424710785,0.7094739861253285,0.9544783330873302
1.0716426426426426,23476.713776180153,44.286057150481994,5105.610177815826,16652.273210341016,22413.544013210758,44.18542328618732,5761.270802869742,0.25704416934126945,0.7429558306587306,22527.580391890682,44.19644336566822,5875.307181549666,0.26080507002272724,0.7391949299772728,23464.249750642422,44.28490398760807,6811.976540301406,0.2903129915805172,0.7096870084194828,0.7093102283862521,0.9547138593115999
1.074144144144144,23544.52920874248,44.29232067877268,5119.182344507223,16696.53969758351,22483.848616105694,44.192223887348646,5787.308918522183,0.2573985004674245,0.7426014995325755,22598.151186294934,44.20323517391311,5901.611488711424,0.2611546157054903,0.7388453842945096,23537.006982683713,44.291626805640874,6840.467285100203,0.2906260464694074,0.7093739535305926,0.7091473161155333,0.9549500190369941
1.0766456456456455,23612.383213451143,44.29856973933326,5132.762216384365,16740.83131578072,22554.23698884966,44.19901132210552,5813.405673068941,0.2577522651705294,0.7422477348294706,22668.80575054822,44.21001382977411,5927.9744347675005,0.2615036054391237,0.7384963945608763,23609.847984574033,44.298336578831346,6869.016668793312,0.2909386232931835,0.7090613767068165,0.7089852457690107,0.9551868096059574
1.079147147147147,23680.2756927562,44.30480439605637,5146.349793447251,16785.148064932637,22624.709131442658,44.20578564734032,5839.561066510021,0.25810546480769997,0.7418945351923,22739.544084650533,44.21677939010011,5954.396019717897,0.26185204054892136,0.7381479594510786,23682.77275631338,44.30503336377706,6897.6246913807445,0.291250723146088,0.708749276853912,0.7088240138212248,0.9554242283743157
1.0816486486486485,23748.20654947339,44.31102471241528,5159.9450756958795,16829.48994503926,22695.265043884676,44.212546919550434,5865.775098845417,0.2584581007317195,0.7415418992682805,22810.366188601874,44.223531911355074,5980.876243562616,0.2621999223559683,0.7378000776440317,23755.78129790176,44.31171721669149,6926.291352862503,0.2915623471190262,0.7084376528809738,0.7086636167653025,0.9556622727111971
1.08415015015015,23816.17568678255,44.31723075146758,5173.548063130253,16873.856956100593,22765.90472617573,44.21929519485175,5892.047770075136,0.2588101742910569,0.7411898257089431,22881.27206240224,44.23027144962162,6007.415106301647,0.2625472521771565,0.7374527478228435,23828.873609339164,44.31838819340751,6955.01665323857,0.29187349629957815,0.7081265037004218,0.7085040511128413,0.9559009399989564
1.0866516516516516,23884.18300822612,44.32342257585881,5187.158755750368,16918.249098116634,22836.628178315805,44.22603052898218,5918.379080199171,0.2591616868298834,0.7408383131701166,22952.26170605163,44.23699806060445,6034.0126079349975,0.2628940313252031,0.7371059686747968,23902.049690625594,44.32504634938087,6983.80059250896,0.2921841717720139,0.707815828227986,0.7083453133937929,0.9561402276330944
1.089153153153153,23952.228417707585,44.32960024782612,5200.777153556228,16962.666371087384,22907.43540030491,44.23275297730508,5944.769029217525,0.25951263968808996,0.74048736031191,23023.335119550055,44.24371179963386,6060.668748462671,0.2632402611086658,0.7367597388913343,23975.309541761053,44.33169173969368,7012.643170673669,0.29249437461730354,0.7075056253826965,0.7081874001563502,0.9563801330221837
1.0916546546546546,24020.311819489973,44.33576382920184,5214.403256547831,17007.10877501284,22978.32639214304,44.23946259481267,5971.217617130202,0.25986303420130435,0.7401369657986956,23094.492302897503,44.25041272166905,6087.383527884664,0.26358594283195924,0.7364140571680408,24048.653162745537,44.33832441905777,7041.544387732698,0.29280410591313105,0.707195894086869,0.7080303079668328,0.9566206535877911
1.0941561561561561,24088.433118194287,44.34191338141699,5228.037064725177,17051.576309893004,23049.301153830198,44.246159436129375,5997.724843937194,0.2602128717009074,0.7397871282990925,23165.733256093976,44.25710088130161,6114.156946200972,0.26393107779537184,0.7360689222046282,24122.08055357905,44.344944441818036,7070.504243686046,0.2931133667339063,0.7068866332660937,0.7078740334095762,0.9568617867644027
1.0966576576576577,24156.592218798025,44.34804896550483,5241.678578088266,17096.068975727874,23120.359685366384,44.252843555515184,6024.29070963851,0.26056215351405093,0.7394378464859491,23237.057979139478,44.26377633275875,6140.989003411603,0.26427566729508234,0.7357243327049177,24195.59171426159,44.35155186195583,7099.522738533717,0.29342215815077793,0.7065778418492221,0.7077185730868182,0.9571035299993484
1.099159159159159,24224.789026633676,44.354170642104286,5255.327796637098,17140.586772517454,23191.50198675159,44.259515006868924,6050.915214234137,0.2609108809636733,0.7390891190363267,23308.466472034004,44.270439129906634,6167.87969951655,0.26461971262317513,0.7353802873768249,24269.186644793153,44.3581467330922,7128.599872275699,0.2937304812316448,0.7062695187683552,0.7075639236185886,0.9573458807527261
1.1016606606606605,24293.023447387197,44.360278471463374,5268.9847203716745,17185.129700261743,23262.72805798583,44.266173843731515,6077.598357724088,0.26125905536851757,0.7387409446314824,23379.95873477756,44.27708932625361,6194.829034515817,0.2649632150676572,0.7350367849323428,24342.865345173745,44.36472910849115,7157.735644912002,0.29403833704116944,0.7059616629588306,0.7074100816425988,0.9575888364973287
1.104162162162162,24361.29538709651,44.3663725134426,5282.649349291995,17229.697758960745,23334.0378990691,44.2728201192892,6104.340140108354,0.26160667804314675,0.7383933219568533,23451.534767370147,44.28372697495347,6221.837008409402,0.2653061759124739,0.734693824087526,24416.627815403368,44.37129904106284,7186.930056442623,0.29434572664078973,0.7056542733592103,0.7072570438141327,0.9578323947185698
1.1066636636636635,24429.604752150015,44.3724528275183,5296.321683398058,17274.290948614445,23405.431510001392,44.2794538863767,6131.1405613869465,0.2619537502979616,0.7380462497020385,23523.194569811756,44.290352128808564,6248.903621197311,0.26564859643752536,0.7343514035624746,24490.474055482016,44.3778565833668,7216.183106867571,0.2946526510887314,0.7053473489112686,0.7071048068059373,0.9580765529144106
1.109165165165165,24497.951449285116,44.378519472785975,5310.001722689865,17318.909269222862,23476.908890782717,44.28607519748038,6157.999621559855,0.26230027343921547,0.7376997265607845,23594.938142102397,44.296964840273006,6276.028872879535,0.26599047791868113,0.7340095220813189,24564.404065409693,44.38440178761503,7245.494796186831,0.2949591114400189,0.7050408885599811,0.7069533673081164,0.9583213085952869
1.1116666666666666,24566.335385209786,44.384572507930216,5323.689467167415,17363.552720785985,23548.470041413064,44.29268410474134,6184.917320627079,0.26264624876903225,0.7373537512309677,23666.76548424206,44.303565161455765,6303.212763456075,0.26633182162779767,0.7336681783722023,24638.417845186395,44.390934705675136,7274.86512440041,0.2952651087464896,0.7047348912535104,0.7068027220388657,0.9585666592987439
1.114168168168168,24634.75646810774,44.390611991361205,5337.384916830709,17408.221303303813,23620.11496189244,44.29928065995851,6211.893658588626,0.2629916775854223,0.7370083224145777,23738.676596230755,44.31015314412369,6330.455292926941,0.2666726288327335,0.7333273711672665,24712.51539481213,44.39745538907337,7304.294091508316,0.29557064405680444,0.7044293559431956,0.7066528677009887,0.9588126025305402
1.1166696696696696,24703.214605378635,44.39663798101809,5351.0880716797465,17452.91501677635,23691.843652220843,44.30586491459168,6238.928635444492,0.263336561182298,0.736663438817702,23810.671478068478,44.31672883970463,6357.756461292127,0.26701290079736417,0.7329870992026358,24786.69671428689,44.40396388899772,7333.781697510538,0.2958757184164598,0.7041242815835401,0.7065038010468615,0.9590591358528058
1.1191711711711712,24771.709705141075,44.40265053450533,5364.7989317145275,17497.6338612036,23763.656112398276,44.312436919764494,6266.022251194674,0.2636809008494903,0.7363190991505096,23882.750129755226,44.32329229929039,6385.116268551625,0.26735263878159854,0.7326473612184015,24860.961803610673,44.41046025630084,7363.3279424070715,0.29618033286780004,0.7038196671322,0.7063555188349464,0.9593062568251561
1.1216726726726725,24840.241675855286,44.40864970906257,5378.51749693505,17542.37783658555,23835.55234242473,44.31899672626744,6293.174505839179,0.26402469787276556,0.7359753021272344,23954.912551290996,44.329843573639685,6412.534714705445,0.267691844041395,0.732308155958605,24935.31066278348,44.41694454150307,7392.932826197928,0.2964844884500296,0.7035155115499704,0.7062080178405326,0.9595539630193246
1.124174174174174,24908.81042632171,44.41463556156774,5392.243767341319,17587.146942922216,23907.532342300212,44.325544384560786,6320.385399377996,0.26436795353383985,0.7356320464661602,24027.158742675798,44.33638271318115,6440.011799753582,0.2680305178287754,0.7319694821712246,25009.743291805316,44.42341679479537,7422.5963488831,0.29678818619922365,0.7032118138007764,0.7060612948556337,0.9598022520190919
1.1266756756756755,24977.4158656795,44.420608148540104,5405.977742933329,17631.941180213587,23979.596112024723,44.332079944777476,6347.654931811136,0.26471066911039687,0.7352893308896031,24099.48870390963,44.34290976801618,6467.547523696041,0.26836866139184185,0.7316313386081581,25084.259690676183,44.4298770660422,7452.318510462595,0.29709142714834125,0.7029085728516588,0.7059153466888844,0.960051121420217
1.129177177177177,25046.057903405115,44.4265675261433,5419.719423711084,17676.760548459668,24051.743651598263,44.338603456726034,6374.983103138595,0.2650528458761022,0.7349471541238978,24171.902434992484,44.34942478792183,6495.141886532816,0.26870627597479113,0.7312937240252089,25158.859859396078,44.43632540478443,7482.09931093641,0.2973942123272359,0.702605787672764,0.7057701701654391,0.9603005688303679
1.1316786786786786,25114.73644931085,44.43251375018836,5433.468809674581,17721.605047660454,24123.97496102083,44.34511496989336,6402.369913360377,0.26539448510062014,0.7346055148993799,24244.399935924368,44.35592782235366,6522.794888263914,0.2690433628179306,0.7309566371820694,25233.543797965,44.442761860242115,7511.938750304547,0.29769654276266816,0.7023034572373319,0.7056257621268701,0.9605505918690536
1.13418018018018,25183.45141354346,44.438446876136666,5447.2259008238225,17766.47467781595,24196.290040292428,44.351614533447574,6429.815362476478,0.26573558804962855,0.7342644119503715,24316.981206705277,44.36241892044853,6550.5065288893275,0.2693799231576928,0.7306200768423072,25308.311506382946,44.44918648131737,7541.836828566997,0.297998419478316,0.702001580521684,0.7054821194310674,0.9608011881675542
1.1366816816816816,25252.202706582673,44.44436695910288,5460.990697158808,17811.369438926155,24268.688889413046,44.35810219624082,6457.319450486892,0.26607615598483475,0.7339238440151653,24389.646247335215,44.36889813102742,6578.27680840906,0.269715958226651,0.730284041773349,25383.162984649924,44.45559931659713,7571.793545723769,0.29829984349478805,0.701700156505212,0.7053392389521385,0.9610523553688547
1.1391831831831831,25320.990239239818,44.45027405385788,5474.763198679536,17856.289330991065,24341.171508382697,44.364578006811946,6484.882177391632,0.26641619016399215,0.7335838098360079,24462.395057814185,44.37536550259814,6606.10572682312,0.2700514692535344,0.7299485307464656,25458.09823276593,44.46200041435587,7601.808901774864,0.29860081582963377,0.7013991841703662,0.7051971175803092,0.9613040911275775
1.1416846846846846,25389.813922656358,44.45616821483161,5488.543405386008,17901.23435401069,24413.737897201372,44.3710420133893,6512.503543190684,0.26675569184091363,0.7332443081590864,24535.227638142176,44.38182108335805,6633.993284131488,0.27038645746324197,0.729613542536758,25533.11725073096,44.46838982255835,7631.882896720272,0.298901337497355,0.701098662502645,0.7050557522218268,0.9615563931099159
1.1441861861861862,25458.673668302556,44.46204949611595,5502.331317278223,17946.204507985014,24486.388055869076,44.37749426389336,6540.183547884062,0.2670946622654893,0.7329053377345107,24608.1439883192,44.38826492119678,6661.939480334186,0.2707209240768594,0.7292790759231407,25608.220038545016,44.47476758886229,7662.015530560002,0.2992014095094184,0.7007985904905816,0.7049151397988586,0.9618092589935654
1.1466876876876875,25527.56938797598,44.467917951467506,5516.12693435618,17991.199792914045,24559.121984385798,44.383934805939454,6567.922191471753,0.26743310268369963,0.7325668973163003,24681.144108345237,44.394697063698864,6689.944315431192,0.27105487031167147,0.7289451296883286,25683.406596208093,44.48113376062105,7692.206803294048,0.2995010328742655,0.7004989671257345,0.7047752772493991,0.9620626864676611
1.149189189189189,25596.500993800208,44.473773634310426,5529.930256619882,18036.220208797793,24631.939682751556,44.390363686840345,6595.719473953763,0.2677710143376324,0.7322289856623676,24754.22799822031,44.40111755814641,6718.007789422518,0.27138829738117887,0.7286117026188211,25758.676923720202,44.48748838488621,7722.456714922409,0.29980020859732465,0.7001997914026753,0.7046361615271709,0.9623166732327094
1.1516906906906905,25665.468398223344,44.479616597739124,5543.741284069327,18081.265755636243,24704.841150966342,44.39678095360884,6623.575395330099,0.26810839846549733,0.7318916015345027,24827.395657944413,44.40752645152165,6746.12990230817,0.2717212064951124,0.7282787935048877,25834.031021081344,44.49383150841025,7752.765265445101,0.30009893768102286,0.6999010623189772,0.7044977896015291,0.9625712170005244
1.154192192192192,25734.471514016674,44.485446894521054,5557.560016704517,18126.336433429406,24777.826389030153,44.4031866529604,6651.489955600748,0.26844525630164034,0.7315547436983596,24900.647087517544,44.41392379050954,6774.310654088138,0.2720535988594463,0.7279464011405536,25909.46888829151,44.500163177649036,7783.132454862105,0.30039722112479517,0.6996027788752048,0.704360158457368,0.9628263154941624
1.1566936936936936,25803.51025427328,44.49126457709936,5571.386454525449,18171.432242177278,24850.895396942993,44.409580831315665,6679.463154765715,0.2687815890765603,0.7312184109234398,24973.982286939703,44.42030962150035,6802.550044762425,0.2723854756764147,0.7276145243235853,25984.990525350702,44.50648343876443,7813.558283173425,0.30069505992509765,0.6993049400749023,0.7042232650950246,0.9630819664478586
1.159195195195195,25872.584532406672,44.49706969759556,5585.220597532124,18216.55318187985,24924.04817470486,44.41596353480297,6707.49499282501,0.2691173980169229,0.7308826019830771,25047.401256210884,44.426683990592096,6830.848074331032,0.27271683814452485,0.7272831618554751,26060.595932258926,44.51279233762677,7844.042750379074,0.30099245507541833,0.6990075449245817,0.7040871065301857,0.9633381676069617
1.1616966966966966,25941.694262149405,44.50286230781225,5599.062445724544,18261.69925253714,24997.284722315755,44.422334809260825,6735.585469778616,0.2694526843455752,0.7305473156544248,25120.903995331097,44.433046943593126,6859.204742793958,0.273047687458572,0.726952312541428,26136.285109016175,44.51908991981739,7874.585856479036,0.30128940756628636,0.6987105924337136,0.7039516797937955,0.9635949167278713
1.1641981981981981,26010.83935755172,44.50864245923562,5612.911999102706,18306.87045414913,25070.605039775677,44.42869470024044,6763.734585626546,0.2697874492815617,0.7302125507184383,25194.49050430034,44.439398526024526,6887.620050151207,0.27337802480965384,0.7266219751903461,26212.058055622452,44.525376230631046,7905.187601473321,0.3015859183852856,0.6984140816147144,0.7038169819319615,0.9638522115779757
1.1666996996996997,26080.019732980178,44.5144102030381,5626.769257666612,18352.066786715834,25144.009127084624,44.43504325300811,6791.942340368791,0.270121694040138,0.729878305959862,25268.1607831186,44.445738783122565,6916.0939964027675,0.2737078513851843,0.7262921486148157,26287.914772077755,44.531651315078406,7935.847985361921,0.3018819885170635,0.6981180114829365,0.7036830100058645,0.9641100499355875
1.1692012012012012,26149.235303116326,44.52016559008096,5640.634221416261,18397.28825023724,25217.4969842426,44.44138051254765,6820.208734005359,0.2704554198327864,0.7295445801672136,25341.914831785893,44.45206775984114,6944.626581548651,0.27403716836890857,0.7259628316310914,26363.855258382082,44.53791521788842,7966.567008144841,0.3021776189433434,0.6978223810566566,0.7035497610916657,0.9643684295898822
1.1717027027027025,26218.485982955317,44.52590867091675,5654.506890351654,18442.53484471336,25291.068611249597,44.447706523562765,6848.5337665362385,0.2707886278672296,0.7292113721327704,25415.75265030221,44.458385500854156,6973.217805588851,0.2743659769409164,0.7256340230590836,26439.879514535438,44.544167983510704,7997.34466982208,0.30247281064293446,0.6975271893570655,0.7034172322804177,0.9646273483408372
1.174204204204204,26287.771687804612,44.53163949579188,5668.38726447279,18487.806570144185,25364.724008105626,44.45402133047946,6876.9174379614415,0.2711213193474462,0.7288786806525538,25489.674238667554,44.46469205055785,7001.8676685233695,0.27469427827765697,0.725305721722343,26515.98754053782,44.550409656117935,8028.180970393634,0.3027675645917429,0.6972324354082571,0.7032854206779734,0.9648868039991687
1.1767057057057055,26357.09233328259,44.537358114649095,5682.27534377967,18533.10342652972,25438.463174810684,44.46032497744834,6905.359748280964,0.2714534954736846,0.7285465045263154,25563.679596881928,44.47098745307319,7030.576170352208,0.27502207355195246,0.7249779264480476,26592.179336389232,44.55664027960817,8059.075909859512,0.30306188176278287,0.6969381182372171,0.703154323404897,0.9651467943862722
1.179207207207207,26426.447835317256,44.54306457712991,5696.171128272294,18578.42541386996,25512.28611136477,44.466617508346914,6933.860697494809,0.2717851574424776,0.7282148425575224,25637.76872494533,44.47727175224814,7059.343311075369,0.2753493639330121,0.7246506360669879,26668.454902089674,44.562859897607126,8090.029488219712,0.3033557631261869,0.6966442368738132,0.7030239375963759,0.9654073173341607
1.1817087087087086,26495.838110144905,44.54875893257708,5710.0746179506605,18623.772532164912,25586.19281776788,44.47289896678191,6962.420285602966,0.2721163064466565,0.7278836935533435,25711.94162285776,44.48354499165998,7088.169090692849,0.2756761505864462,0.7243238494135539,26744.814237639137,44.56906855347053,8121.041705474225,0.30364920964921605,0.696350790350784,0.7028942604021315,0.9656683706854046
1.1842102102102101,26565.26307430878,44.55444123003695,5723.985812814771,18669.144781414572,25660.18329402002,44.479169396091564,6991.038512605446,0.27244694367536626,0.7275530563246337,25786.198290619213,44.48980721461754,7117.053509204641,0.27600243467427926,0.7239975653257207,26821.25734303763,44.57526629028632,8152.1125616230565,0.3039422222962718,0.6960577777037281,0.7027652889863331,0.9659299522930732
1.1867117117117116,26634.722644657788,44.5601115182619,5737.904712864624,18714.54216161894,25734.257540121187,44.48542883934779,7019.715378502246,0.27277707031407866,0.7272229296859214,25860.5387282297,44.49605846416349,7145.99656661076,0.2763282173549655,0.7236717826450345,26897.784218285153,44.58145315087691,8183.242056666211,0.30423480202890585,0.6957651979710942,0.7026370205275096,0.9661920600206734
1.1892132132132132,26704.216738345174,44.565769845712666,5751.831318100222,18759.964672778016,25808.41555607138,44.49167733935845,7048.450883293364,0.2731066875446071,0.7268933124553929,25934.96293568921,44.50229878307648,7174.998262911195,0.2766534997834005,0.7233465002165995,26974.394863381698,44.587629177801425,8214.430190603682,0.30452694980583017,0.6954730501941698,0.7025094522184644,0.9664546917420913
1.1917147147147147,26773.745272827222,44.571416260560696,5765.765628521563,18805.4123148918,25882.657341870603,44.49791493866957,7077.245026978802,0.2734357965451206,0.7265642034548794,26009.47091299775,44.50852821387344,7204.0585981059485,0.2769782831109361,0.7230217168890639,27051.089278327276,44.593794413357855,8245.676963435475,0.30481866658292855,0.6951813334170714,0.7023825812661887,0.9667178453415336
1.1942162162162162,26843.30816586194,44.57705081069046,5779.707644128646,18850.88508796029,25956.98289751885,44.50414167956741,7106.09780955856,0.2737643984901577,0.7262356015098422,26084.062660155316,44.51474679881164,7233.177572195025,0.2773025684853939,0.7226974315146061,27127.86746312188,44.59994889958524,8276.982375161588,0.3051099533132661,0.6948900466867338,0.7022564048917771,0.9669815187134693
1.1967177177177175,26912.90533550777,44.5826735437017,5793.657364921472,18896.382991983486,26031.39222301612,44.51035760408077,7135.009231032633,0.27409249455064055,0.7259075054493594,26158.738177161897,44.520954579890926,7262.3551851784105,0.27762635705107785,0.7223736429489221,27204.7294177655,44.60609267826584,8308.346425782012,0.30540081094710003,0.6945991890529,0.7021309203303436,0.9672457097625718
1.199219219219219,26982.536700122335,44.588284506911776,5807.614790900044,18941.9060269614,26105.885318362423,44.516562753982946,7163.979291401025,0.2744200858938887,0.7255799141061112,26233.49746401752,44.5271515988558,7291.591437056122,0.27794964994878935,0.7220503500512107,27281.67514225816,44.6122257909272,8339.76911529676,0.30569124043189017,0.6943087595681099,0.7020061248309363,0.967510416403661
1.2017207207207206,27052.20217836112,44.593883747357815,5821.579922064358,18987.454192894013,26180.46218355775,44.52275717079398,7193.007990663737,0.2747471736836334,0.7252528263163667,26308.340520722166,44.533337897197526,7320.886327828153,0.2782724483158391,0.7217275516841609,27358.70463659984,44.61834827884432,8371.250443705827,0.3059812427123089,0.694018757287691,0.7018820156564538,0.9677756365616449
1.204222222222222,27121.901689176182,44.59947131179901,5835.552758414416,19033.027489781336,26255.122818602107,44.52894089578266,7222.095328820771,0.2750737590800306,0.7249262409199694,26383.26734727584,44.53951351615625,7350.239857494504,0.2785947532860611,0.7214052467139389,27435.817900790553,44.6244601830417,8402.790411009217,0.30627081873025164,0.6937291812697484,0.7017585900835649,0.968041368171466
1.2067237237237236,27191.635151814917,44.605047246718755,5849.533299950217,19078.62591762337,26329.867223495494,44.53511396996859,7251.241305872125,0.27539984323967537,0.7246001567603246,26458.277943678542,44.54567849672301,7379.652026055173,0.278916565989826,0.721083434010174,27513.01493483029,44.63056154429539,8434.389017206922,0.3065599694248466,0.6934400305751534,0.701635845402624,0.9683076091780415
1.2092252252252251,27261.40248581876,44.610611598326884,5863.521546671762,19124.24947642011,26404.695398237905,44.54127643412427,7280.445921817794,0.27572542731561483,0.7242745726843852,26533.372309930273,44.551832879641815,7409.122833510162,0.2792378875540541,0.7207621124459459,27590.295738719058,44.636652403135045,8466.046262298947,0.30684869573246565,0.6931513042675344,0.7015137789175905,0.9685743575362087
1.2117267267267267,27331.20361102193,44.61616441256176,5877.51749857905,19169.898166171562,26479.607342829342,44.54742832877706,7309.70917665778,0.2760505124573625,0.7239494875426374,26608.550446031026,44.55797670541164,7438.652279859463,0.27955871910222846,0.7204412808977716,27667.66031245685,44.64273279984594,8497.762146285288,0.3071369985867337,0.6928630014132663,0.701392387945947,0.968841611210669
1.2142282282282282,27401.038447550203,44.62170573509245,5891.521155672082,19215.57198687772,26554.603057269807,44.55356969421122,7339.031070392088,0.27637509981091185,0.7236249001890882,26683.81235198081,44.564110014288445,7468.240365103091,0.2798790617544087,0.7201209382455913,27745.10865604367,44.648802774470965,8529.536669165951,0.30742487891853965,0.6925751210814604,0.7012716698186193,0.9691093681759323
1.2167297297297297,27470.906915819614,44.62723561132084,5905.532517950856,19261.270938538582,26629.682541559305,44.559700570469886,7368.411603020722,0.276699190518749,0.723300809481251,26759.158027779617,44.570232846287134,7497.887089241034,0.2801989166272427,0.7198010833727573,27822.64076947952,44.654862366812594,8561.369830940937,0.30771233765604544,0.6922876623439546,0.7011516218798963,0.9693776264162624
1.2192312312312312,27540.80893653523,44.632754086383684,5919.5515854153755,19306.995021154158,26704.845795697824,44.565820997356994,7397.8507745436655,0.2770227857198661,0.7229772142801338,26834.58747342746,44.57634524118352,7527.5924522733,0.28051828483398095,0.7194817151660191,27900.256652764394,44.66091161643485,8593.261631610236,0.3079993757246962,0.6920006242753037,0.7010322414873509,0.9696463839256213
1.2217327327327325,27610.74443068993,44.63826120515472,5933.578358065636,19352.744234724436,26780.092819685364,44.571931014439265,7427.348584960928,0.277345886549776,0.722654113450224,26910.100688924314,44.58244723851625,7557.3564541998785,0.28083716748448817,0.7191628325155118,27977.95630589829,44.66695056266522,8625.212071173853,0.30828599404723117,0.6917140059527689,0.7009135260117597,0.9699156387076155
1.224234234234234,27680.713319563143,44.6437570122467,5947.612835901641,19398.518579249427,26855.42361352194,44.57803066104808,7456.905034272513,0.27766849414052425,0.7223315058594758,26985.69767427021,44.588538877588775,7587.179095020783,0.2811555656852577,0.7188444343147423,28055.739728881217,44.672979244596604,8657.22114963179,0.30857219354369225,0.6914278064563077,0.7007954728370264,0.9701853887754426
1.2267357357357356,27750.715524719624,44.64924155201341,5961.65501892339,19444.318054729123,26930.83817720754,44.58411997628141,7486.520122478418,0.2779906096207027,0.7220093903792973,27061.378429465127,44.59462019747116,7617.060374736004,0.2814734805394226,0.7185265194605773,28133.606921713174,44.67899770108919,8689.28886698405,0.3088579751314348,0.6911420248685651,0.7006780793601024,0.9704556321518356
1.229237237237237,27820.750968008233,44.65471486855169,5975.704907130882,19490.14266116353,27006.33651074217,44.59019899900567,7516.193849578642,0.27831223411546263,0.7216877658845373,27137.142954509076,44.60069123700205,7647.000293345547,0.28179091314676996,0.71820908685323,28211.55788439416,44.685005970772295,8721.41522323063,0.30914333972513697,0.690856660274863,0.7005613429909108,0.9707263668690116
1.2317387387387386,27890.81957156068,44.660177005703446,5989.762500524119,19535.992398552648,27081.91861412583,44.59626776785761,7545.926215573181,0.27863336874652794,0.721366631253472,27212.991249402046,44.60675203479046,7676.998850849399,0.2821078646037519,0.7178921353962481,28289.59261692417,44.69100409204632,8753.60021837152,0.3094282882368092,0.6905717117631908,0.7004452611522693,0.9709975909686189
1.2342402402402401,27960.92125779039,44.66562800705755,6003.827799103097,19581.86726689647,27157.584487358512,44.60232632124611,7575.717220462044,0.2789540146322085,0.7210459853677915,27288.92331414405,44.61280262921768,7707.056047247581,0.28242433600350064,0.7175756639964994,28367.711119303207,44.69699210308448,8785.843852406739,0.30971282157580515,0.6902871784241948,0.7003298312798126,0.9712693025016815
1.2367417417417417,28031.05594939121,44.67106791595187,6017.90080286782,19627.767266195,27233.334130440224,44.60837469735408,7605.566864245226,0.2792741728874122,0.7207258271125878,27364.93914873508,44.61884305843905,7737.171882540082,0.2827403284358382,0.7172596715641618,28445.913391531274,44.70297004183472,8818.146125336276,0.3099969406488299,0.6900030593511701,0.7002150508219182,0.9715414995285502
1.2392432432432432,28101.223569336256,44.67649677547518,6031.981511818286,19673.692396448238,27309.16754337096,44.61441293414016,7635.475146922723,0.27959384462365866,0.7204061553763413,27441.038753175133,44.62487336038576,7767.3463567268955,0.28305584298729053,0.7169441570127094,28524.199433608366,44.70893794602141,8850.507037160129,0.3102806463599502,0.6897193536400498,0.7001009172396305,0.971814180118848
1.2417447447447447,28171.42404087668,44.68191462846904,6046.069925954496,19719.642657656186,27385.08472615073,44.6204410693406,7665.4420684945435,0.27991303094909226,0.7200869690509077,27517.222127464218,44.630893572766695,7797.579469808032,0.2833708807411004,0.7166291192588996,28602.569245534487,44.71489585314724,8882.9265878783,0.3105639396106043,0.6894360603893956,0.6999874280065865,0.9720873423514207
1.2442462462462462,28241.65728754051,44.68732151752971,6060.166045276448,19765.61804981884,27461.08567877952,44.626459140470985,7695.46762896068,0.2802317329684941,0.7197682670315059,27593.489271602328,44.63690373307014,7827.871221783487,0.2836854427772385,0.7163145572227615,28681.022827309633,44.72084380049492,8915.404777490792,0.3108468212996114,0.6891531787003886,0.6998745806089404,0.9723609843142825
1.2467477477477475,28311.923233131405,44.692717485010064,6074.269869784143,19811.6185729362,27537.170401257332,44.63246718482798,7725.551828321131,0.28054995178329534,0.7194500482167047,27669.840185589455,44.64290387856556,7858.221612653255,0.28399953017241647,0.7160004698275835,28759.560178933803,44.72678182512894,8947.941605997603,0.3111292923231807,0.6888707076768192,0.6997623725452918,0.9726351041045691
1.249249249249249,28382.221801727563,44.698102573021366,6088.381399477583,19857.64422700827,27613.338893584183,44.6384652394911,7755.694666575913,0.28086768849159016,0.7191323115084098,27746.274869425622,44.64889404630533,7888.630642417353,0.28431314400009966,0.7156868559999003,28838.181300407006,44.73270996389731,8980.537073398737,0.3114113535749215,0.6885886464250784,0.69965080132661,0.9729096998284827
1.2517507507507506,28452.552917680438,44.703476823435196,6102.5006343567675,19903.695012035056,27689.591155760056,44.64445334132438,7785.896143725,0.281184944188147,0.718815055811853,27822.793323110815,44.65487427312645,7919.098311075759,0.2846262853305176,0.7153737146694824,28916.886191729234,44.73862825343326,9013.191179694179,0.31169300594585175,0.6883069940541483,0.6995398644761639,0.9731847696012446
1.2542522522522521,28522.91650561362,44.708840277885216,6116.627574421694,19949.77092801654,27765.92718778496,44.6504315269781,7816.156259768421,0.2815017199644237,0.7184982800355763,27899.395546645035,44.660844595652236,7949.624618628495,0.284938955230679,0.715061044769321,28995.67485290049,44.744536730156966,9045.90392488395,0.31197425032440906,0.6880257496755909,0.6994295595294474,0.9734603115470442
1.2567537537537536,28593.31249042168,44.71419297776899,6130.762219672364,19995.871974952737,27842.346989658887,44.656399832890486,7846.4750147061495,0.2818180169085768,0.7181819830914232,27976.08154002828,44.66680505029402,7980.209565075544,0.2852511547643808,0.7147488452356192,29074.547283920772,44.75043543027719,9078.675308968035,0.3122550875964578,0.6877449124035422,0.6993198840341093,0.9737363237989879
1.2592552552552552,28663.740797268965,44.719534964249796,6144.904570108777,20041.99815284364,27918.850561381845,44.66235829528933,7876.852408538205,0.2821338361054768,0.7178661638945232,28052.851303260555,44.67275567325281,8010.853150416915,0.2855628849922226,0.7144371150077774,29153.503484790086,44.756324389792965,9111.505331946446,0.31253551864530055,0.6874644813546995,0.6992108355498808,0.9740128044990523
1.2617567567567567,28734.201351588472,44.72486627825835,6159.054625730934,20088.149461689252,27995.43790295383,44.66830695019367,7907.288441264576,0.28244917863671887,0.7175508213632811,28129.704836341854,44.67869650052092,8041.555374652602,0.28587414697161717,0.7141258530283828,29232.543455508425,44.76220364449526,9144.393993819172,0.3128155443516856,0.6871844556483144,0.6991024116485057,0.9742897517980327
1.2642582582582582,28804.694079080647,44.730186960494606,6173.212386538835,20134.325901489574,28072.109014374837,44.674245833415405,7937.783112885263,0.2827640455806358,0.7172359544193642,28206.642139272182,44.68462756788362,8072.316237782608,0.2861849417568035,0.7138150582431965,29311.66719607579,44.76807322996854,9177.341294586215,0.3130951655938174,0.6869048344061826,0.6989946099136699,0.9745671638554965
1.2667597597597597,28875.218905712318,44.73549705142945,6187.377852532479,20180.5274722446,28148.863895644878,44.68017498056095,7968.3364234002765,0.2830784380123106,0.7169215619876894,28283.663212051542,44.69054891092074,8103.135739806941,0.2864952703988581,0.713504729601142,29390.874706492184,44.7739331815925,9210.347234247583,0.3133743832473655,0.6866256167526344,0.6988874279409302,0.9748450388397316
1.2692612612612613,28945.775757715473,44.74079659130646,6201.551023711866,20226.75417395434,28225.702546763943,44.6860944270328,7998.948372809602,0.2833923570035877,0.7166076429964123,28360.76805467992,44.69646056500831,8134.013880725579,0.28680513394570617,0.7131948660542938,29470.1659867576,44.779783534543526,9243.41181280326,0.31365319818547277,0.6863468018145272,0.6987808633376467,0.975123374927701
1.2717627627627626,29016.364561586146,44.7460856201436,6215.731900076996,20273.00600661878,28302.624967732027,44.692004208031115,8029.618961113247,0.2837058036230865,0.7162941963769135,28437.956667157323,44.70236256532009,8164.950660538543,0.28711453344213556,0.7128854665578644,29549.54103687204,44.7856243237964,9276.53503025326,0.3139316112787661,0.6860683887212339,0.6986749137229126,0.9754021703049934
1.274264264264264,29086.985244083295,44.751364177734885,6229.92048162787,20319.282970237935,28379.63115854915,44.6979043585553,8060.3481883112145,0.28401877893621236,0.7159812210637877,28515.22904948376,44.708254946829165,8195.946079245827,0.287423469929806,0.712576530070194,29628.999856835515,44.791455584125785,9309.71688659758,0.31420962339536396,0.685790376604636,0.6985695767274872,0.9756814231657772
1.2767657657657656,29157.637732227653,44.756632303652054,6244.116768364488,20365.585064811796,28456.721119215297,44.70379491340558,8091.1360544035015,0.2843312840051692,0.7156687159948307,28592.585201659225,44.71413774430951,8227.00013684743,0.2877319444472624,0.7122680555527375,29708.542446648018,44.797277350107805,9342.957381836222,0.31448723540088647,0.6855127645991136,0.6984648499937262,0.9759611317127506
1.2792672672672671,29228.321953300623,44.761890037246275,6258.320760286848,20411.912290340362,28533.894849730466,44.7096759071845,8121.982559390104,0.28464331988897146,0.7153566801110286,28670.025123683714,44.72001099233752,8258.112833343352,0.2880399580299459,0.7119600419700541,29788.168806309543,44.80308965612159,9376.25651596918,0.31476444815846355,0.6852355518415365,0.6983607311755144,0.9762412941570962
1.2817687687687687,29299.037834843148,44.767137417649735,6272.532457394954,20458.264646823645,28611.15235009467,44.715547374298474,8152.887703271026,0.2849548876434559,0.7150451123565441,28747.54881555723,44.72587472529352,8289.284168733586,0.28834751171020523,0.7116524882897948,29867.878935820103,44.8088925363508,9409.614288996458,0.3150412625287445,0.6849587374712556,0.6982572179382002,0.9765219087184349
1.2842702702702702,29369.785304654593,44.772374483777284,6286.751859688801,20504.64213426163,28688.4936203079,44.7214093489593,8183.851486046271,0.285265988321294,0.714734011678706,28825.15627727978,44.73172897736329,8320.51414301815,0.28865460651730956,0.7113453934826904,29947.672835179685,44.814686024785104,9443.030700918054,0.31531767936990673,0.6846823206300933,0.6981543079585265,0.9768029736247776
1.2867717717717717,29440.564290791626,44.77760127432804,6300.978967168394,20551.04475265433,28765.918660370156,44.72726186518563,8214.873907715828,0.2855766229720028,0.7144233770279972,28902.847508851355,44.73757378253957,8351.802756197027,0.28896124347745766,0.7110387565225423,30027.550504388295,44.820470155221706,9476.505751733966,0.31559369953766453,0.6844063004623355,0.6980519989245673,0.9770844871124809
1.2892732732732732,29511.374721567143,44.78281782778699,6315.213779833728,20597.47250200173,28843.42747028144,44.73310495680448,8245.954968279711,0.2858867926419582,0.7141132073580417,28980.622510271955,44.7434091746235,8383.150008270226,0.28926742361379176,0.7107325763862082,30107.511943445934,44.826244961266795,9510.039441444205,0.3158693238852782,0.6841306761147218,0.6979502885356585,0.9773664474261999
1.2917747747747748,29582.21652554915,44.788024182426575,6329.456297684807,20643.92538230384,28921.020050041756,44.73893865745267,8277.094667737914,0.28619649837440514,0.7138035016255948,29058.481281541586,44.74923518722615,8414.555899237745,0.28957314794640715,0.7104268520535928,30187.5571523526,44.83201047633704,9543.63177004876,0.316144553263562,0.6838554467364379,0.6978491745023362,0.9776488528188434
1.294276276276276,29653.089631559644,44.79322037630823,6343.706520721627,20690.403393560653,28998.696399651082,44.744763000578295,8308.29300609043,0.28650574120947025,0.7134942587905297,29136.423822660232,44.755051853769906,8446.020429099579,0.28987841749236454,0.7101215825076355,30267.686131108283,44.83776673366101,9577.28273754763,0.31641938852089413,0.6835806114791059,0.6977486545462688,0.9779317015515275
1.2967777777777776,29723.99396867357,44.798406447283966,6357.964448944193,20736.90653577218,29076.456519109444,44.75057801944215,8339.549983337263,0.2868145221841732,0.7131854778158268,29214.450133627914,44.76085920748994,8477.543597855733,0.2901832332657008,0.7098167667342992,30347.898879713,44.84351376628062,9610.99234394082,0.3166938305032243,0.6833061694967757,0.6976487264001946,0.9782149918935331
1.299279279279279,29794.92946621772,44.8035824329979,6372.230082352501,20783.434808938415,29154.300408416842,44.75638374711918,8370.865599478428,0.2871228423324389,0.7128771576675611,29292.560214444624,44.766657281435656,8509.125405506209,0.2904875962774406,0.7095124037225594,30428.195398166747,44.84925160705258,9644.760589228332,0.31696788005408344,0.6830321199459165,0.6975493878078558,0.9784987221222577
1.3017807807807806,29865.8960537696,44.808748370887756,6386.503420946553,20829.988213059358,29232.22806757326,44.76218021649984,8402.239854513904,0.28743070268510745,0.7125692973148925,29370.754065110363,44.77244610847205,8540.765852051005,0.2907915075356072,0.7092084924643929,30508.57568646952,44.85498028864975,9678.587473410164,0.31724153801459154,0.6827584619854085,0.6974506365239374,0.9787828905231739
1.3042822822822822,29936.89366115643,44.81390429818638,6400.78446472635,20876.566748135014,29310.239496578706,44.76796746029156,8433.672748443692,0.28773810426994734,0.7122618957300527,29449.031685625123,44.77822572128113,8572.46493749011,0.2910949680452333,0.7089050319547666,30589.039744621325,44.86069984356258,9712.47299648631,0.31751480522346637,0.6824851947765337,0.6973524703140016,0.9790674953897832
1.3067837837837837,30007.922218454027,44.81905025192327,6415.073213691888,20923.170414165368,29388.33469543318,44.77374551102005,8465.164281267811,0.2880450481116666,0.7119549518883334,29527.39307598891,44.78399615236333,8604.222661823544,0.2913979788083739,0.7086020211916261,30669.58757262215,44.86641030410047,9746.417158456781,0.31778768251703277,0.6822123174829672,0.697254886954426,0.9793525350235739
1.3092852852852852,30078.981655985746,44.82418626892602,6429.369667843172,20969.79921115044,29466.513664136684,44.77951440103078,8496.714452986245,0.28835153523192286,0.7116484647680772,29605.838236201736,44.78975743403883,8636.039025051297,0.2917005408241146,0.7082994591758854,30750.21917047201,44.872111702393155,9780.41995932157,0.31806017072923004,0.6819398292707699,0.6971578842323416,0.9796380077339759
1.3117867867867867,30150.07190432143,44.82931238582177,6443.673827180196,21016.453139090212,29544.77640268921,44.7852741624902,8528.323263598999,0.2886575666493363,0.7113424333506637,29684.36716626358,44.795509598448945,8667.914027173367,0.29200265508858453,0.7079973449114155,30830.93453817089,44.87780407039203,9814.48139908068,0.3183322706916215,0.6816677293083785,0.6970614599455701,0.9799239118383176
1.3142882882882883,30221.192894276333,44.83442863903872,6457.9856917029665,21063.132197984698,29623.122911090766,44.791024827387204,8559.990713106068,0.28896314337949985,0.7110368566205002,29762.97986617445,44.801252677557464,8699.847668189752,0.2923043225949666,0.7076956774050334,30911.733675718802,44.88348743987155,9848.601477734104,0.3186039832334021,0.6813960167665979,0.6969656119025631,0.980210245661784
1.3167897897897898,30292.34455691008,44.83953506480752,6472.305261411479,21109.83638783389,29701.55318934135,44.79676642753439,8591.71680150746,0.2892682664349913,0.7107317335650086,29841.676335934353,44.80698670315198,8731.839948100464,0.29260554433350894,0.7073944556664911,30992.616583115738,44.88916184243048,9882.780195281848,0.3188753091814075,0.6811246908185925,0.6968703379223402,0.9804970075373726
1.319291291291291,30363.5268235256,44.84463169916272,6486.632536305735,21156.56570863779,29780.067237440955,44.80249899456943,8623.501528803165,0.28957293682538354,0.7104270631746165,29920.45657554327,44.81271170684521,8763.89086690548,0.2929063212915344,0.7070936787084656,31073.583260361702,44.894827309493294,9917.017551723911,0.3191462493601221,0.680853750639878,0.696775635834429,0.9807841958058514
1.3217927927927926,30434.739625668142,44.849718577944145,6500.967516385734,21203.320160396397,29858.66505538959,44.80822255995635,8655.344894993192,0.2898771555572567,0.7101228444427433,29999.320585001227,44.818427720076286,8796.00042460483,0.2932066544534535,0.7067933455465465,31154.63370745669,44.90048387231142,9951.313547060294,0.3194168045916875,0.6805831954083125,0.6966815034788034,0.9810718088157159
1.3242942942942941,30505.982895124136,44.85479573679837,6515.310201651477,21250.099743109713,29937.34664318726,44.8139371549868,8687.246900077545,0.29018092363420833,0.7098190763657917,30078.268364308213,44.824134774112096,8828.1686211985,0.29350654480077293,0.706493455199227,31235.76792440071,44.90613156196456,9985.668181290996,0.3196869756959107,0.6803130243040894,0.6965879387058261,0.981359844923149
1.3267957957957957,30577.256563920262,44.859863211180055,6529.660592102964,21296.90445677774,30016.11200083395,44.81964281078139,8719.207544056211,0.29048424205686474,0.7095157579431353,30157.299913464216,44.82983290004852,8860.395456686478,0.29380599331210716,0.7061940066878928,31316.985911193755,44.91177040936195,10020.081454416017,0.3199567634902725,0.6800432365097275,0.6964949393761863,0.9816483024919758
1.3292972972972972,30648.560564322335,44.86492103635332,6544.018687740194,21343.734301400473,30094.961128329665,44.825339558290935,8751.226826929193,0.2907871118228922,0.7092128881771078,30236.415232469255,44.835522128811704,8892.680931068782,0.29410500096319,0.7058949990368101,31398.28766783583,44.917400445243686,10054.553366435357,0.3202261687899358,0.6797738312100642,0.6964025033608426,0.9819371798936257
1.3317987987987987,30719.894828834334,44.869969247393136,6558.384488563167,21390.589276977913,30173.89402567441,44.8310274282977,8783.304748696497,0.29108953392700804,0.7089104660729919,30315.614321323323,44.84120249115935,8925.02504434541,0.29440356872688367,0.7055964312731163,31479.673194326933,44.92302170018189,10089.08391734902,0.3204951924077538,0.6795048075922462,0.6963106285409629,0.9822264755070894
1.3343003003003002,30791.259290197362,44.87500787918664,6572.757994571884,21437.469383510062,30252.910692868187,44.836706451416674,8815.441309358124,0.29139150936099095,0.708608490639009,30394.897180026408,44.84687401768194,8957.427796516346,0.2947016975731899,0.7052983024268101,31561.142490667058,44.928634204582046,10123.673107156996,0.32076383515427764,0.6792361648457224,0.6962193128078672,0.9825161877188776
1.3368018018018017,30862.653881388644,44.880036966434524,6587.139205766344,21484.374620996918,30332.01112991099,44.8423766580968,8847.63650891407,0.2916930391136921,0.7083069608863078,30474.26380857853,44.85253673880398,8989.889187581612,0.29499938846926144,0.7050006115307386,31642.695556856215,44.93423798868416,10158.320935859298,0.32103209783776565,0.6789679021622343,0.6961285540629678,0.9828063149229803
1.3393033033033033,30934.07853562047,44.8850565436523,6601.528122146548,21531.304989438486,30411.195336802815,44.84803807862218,8879.89034736433,0.29199412417104575,0.7080058758289542,30553.714206979672,44.8581906847852,9022.409217541186,0.2952966423794104,0.7047033576205897,31724.332392894397,44.939833082564036,10193.027403455912,0.3212999812641902,0.6787000187358098,0.6960383502177145,0.9830968555208278
1.3418048048048048,31005.533186339242,44.890066645171686,6615.924743712495,21578.260488834756,30490.463313543674,44.85369074311329,8912.202824708918,0.292294765516081,0.707705234483919,30633.248375229843,44.86383588572181,9054.987886395087,0.29559346026512107,0.7044065397348789,31806.052998781604,44.94541951613445,10227.792509946848,0.3215674862372469,0.6784325137627532,0.6959486991935343,0.9833878079212486
1.344306306306306,31077.017767224454,44.895067305141836,6630.329070464185,21625.24111918574,30569.815060133544,44.859334681528225,8944.573940947805,0.2925949641289302,0.7074050358710698,30712.86631332904,44.86947237154766,9087.6251941433,0.2958898430850582,0.7041101569149417,31887.857374517836,44.95099731914635,10262.616255332097,0.32183461355836157,0.6781653864416385,0.6958595989217767,0.9836791705404296
1.3468078078078076,31148.532212187685,44.9000585575307,6644.74110240162,21672.24688049143,30649.250576572456,44.864969923663836,8977.003696081025,0.29289472098684294,0.707105279013157,30792.568021277264,44.87510017203546,9120.321140785833,0.2961857917950789,0.7038142082049211,31969.7455201031,44.95656652119011,10297.49863961167,0.3221013640266993,0.6778986359733007,0.695771047343656,0.9839709418018782
1.3493093093093091,31220.076455371604,44.905040436126235,6659.160839524798,21719.27777275183,30728.769862860398,44.870596499156925,9009.492090108568,0.2931940370641936,0.7068059629358063,30872.353499074517,44.88071931679795,9153.075726322688,0.2964813073482421,0.7035186926517579,32051.717435537394,44.96212715169659,10332.439662785564,0.3223677384391719,0.6776322615608281,0.6956830424101955,0.9842631201363803
1.3518108108108107,31291.650431149003,44.91001297453775,6673.588281833719,21766.333795966937,30808.37291899736,44.87621443748542,9042.039123030423,0.2934929133324932,0.7065070866675068,30952.2227467208,44.88632983528904,9185.888950753862,0.2967763906948186,0.7032236093051815,32133.77312082071,44.96767923993842,10367.439324853774,0.32263373759044534,0.6773662624095547,0.695595582082172,0.9845557039819617
1.3543123123123122,31363.25407412176,44.91497620619709,6688.023429328383,21813.41495013675,30888.05974498335,44.881823767969564,9074.644794846601,0.2937913507604002,0.7062086492395998,31032.17576421611,44.89193175680502,9218.76081407936,0.297071042782302,0.702928957217698,32215.912575953058,44.973222815031065,10402.497625816308,0.32289936227294863,0.6771006377270514,0.6955086643300604,0.984848691783851
1.3568138138138137,31434.887319119924,44.91993016435994,6702.466282008791,21860.521235261273,30967.830340818367,44.88742451977297,9107.309105557095,0.2940893503137302,0.7059106496862698,31112.212551560446,44.897525110485674,9251.691316299173,0.2973652645554182,0.7026347354445819,32298.13580093443,44.97875790593403,10437.614565673157,0.3231646132768809,0.676835386723119,0.6954222871339785,0.9851420819944383
1.3593153153153152,31506.550101200715,44.92487488210702,6716.9168398749425,21907.652651340504,31047.684706502416,44.89301672190388,9140.032055161912,0.29438691295546704,0.705613087044533,31192.33310875381,44.90310992531542,9284.680457413306,0.29765905695613565,0.7023409430438644,32380.44279576483,44.98428454145197,10472.790144424325,0.3234294913902198,0.6765705086097802,0.6953364484836314,0.9854358730732372
1.3618168168168168,31578.24235564751,44.929810392345345,6731.375102926837,21954.80919837444,31127.62284203549,44.89860040321618,9172.813643661048,0.2946840396457728,0.7053159603542273,31272.5374357962,44.90868623012443,9317.728237421758,0.2979524209236758,0.7020475790763242,32462.83356044426,44.98980275023581,10508.024362069817,0.323693997398729,0.6763060026012709,0.6952511463782595,0.9857300634868479
1.3643183183183183,31649.964017968934,44.93473672780941,6745.841071164476,22001.990876363092,31207.644747417587,44.90417559241059,9205.653871054496,0.29498073134199776,0.7050192686580022,31352.825532687617,44.91425405358977,9350.834656324525,0.2982453573945224,0.7017546426054776,32545.308094972715,44.99531256078389,10543.317218609624,0.3239581320859658,0.6760418679140342,0.6951663788265824,0.9860246517089174
1.3668198198198198,31721.71502389789,44.93965392106238,6760.314744587858,22049.197685306448,31287.75042264872,44.90974231803575,9238.552737342274,0.2952769889986922,0.7047230110013079,31433.197399428063,44.91981342423647,9383.999714121615,0.2985378673024323,0.7014621326975677,32627.866399350198,45.00081400144299,10578.66871404375,0.3242218962332894,0.6757781037667105,0.695082143846745,0.9863196362201023
1.3693213213213211,31793.49530939055,44.94456200449734,6774.796123196982,22096.42962520451,31367.939867728866,44.91530060848928,9271.510242524357,0.29557281356761417,0.7044271864323858,31513.653036017527,44.925364370438665,9417.223410813018,0.2988299515784445,0.7011700484215555,32710.508473576698,45.00630710040955,10614.078848372188,0.32448529061986797,0.675514709380132,0.6949984394662669,0.986615015508031
1.3718228228228226,31865.30481062546,44.94946101033844,6789.285206991851,22143.686696057284,31448.213082658047,44.92085049201894,9304.526386600763,0.2958682059977422,0.7041317940022578,31594.192442456027,44.93090692042063,9450.505746398743,0.29912161115089075,0.7008783888491092,32793.23431765223,45.01179188573063,10649.54762159495,0.3247483160226869,0.675251683977313,0.6949152637219868,0.986910788067267
1.3743243243243242,31937.14346400256,44.95435097064203,6803.781995972462,22190.96889786476,31528.57006743626,44.92639199672364,9337.601169571499,0.29616316723528413,0.7038368327647159,31674.815618743556,44.9364411022579,9483.846720878795,0.2994128469454052,0.7005871530545947,32876.0439315768,45.01726838530507,10685.07503371204,0.3250109732165564,0.6749890267834435,0.6948326146600103,0.9872069523992708
1.3768258258258257,32009.011206142222,44.95923191729791,6818.286490138818,22238.27623062695,31609.010822063494,44.93192515055452,9370.734591436543,0.2964576982236866,0.7035423017763134,31755.522564880106,44.94196694387831,9517.246334253156,0.2997036598849334,0.7002963401150666,32958.93731535039,45.022736626884495,10720.66108472344,0.32527326297411807,0.6747267370258819,0.6947504903356602,0.9875035070123637
1.3793273273273272,32080.907973884354,44.9641038820304,6832.798689490916,22285.608694343846,31689.535346539757,44.93744998131602,9403.92665219591,0.29675179990364686,0.7032482000963531,31836.31328086569,44.94748447306307,9550.704586521842,0.2999940508897436,0.7000059491102564,33041.91446897301,45.028196638074405,10756.305774629163,0.325535186065854,0.6744648139341459,0.6946688888134205,0.9878004504216902
1.3818288288288287,32152.833704287445,44.968966896399515,6847.318594028759,22332.96628901545,31770.143640865048,44.94296651666694,9437.177351849597,0.2970454732131214,0.7029545267868786,31917.1877667003,44.95299371744777,9584.221477684849,0.3002840208774351,0.6997159791225649,33124.975392444656,45.03364844633523,10792.009103429205,0.32579674326009345,0.6742032567399066,0.6945878081668877,0.9880977811491817
1.3843303303303303,32224.788334627592,44.9738209918021,6861.846203752344,22380.34901464176,31850.835705039368,44.94847478412146,9470.486690397607,0.2973387190873365,0.7026612809126636,31998.14602238393,44.958494704523474,9617.79700774217,0.30057357076294833,0.6994264292370517,33208.120085765324,45.03909207898331,10827.771071123563,0.32605793532302035,0.6739420646769796,0.6945072464787192,0.9883954977235215
1.3868318318318318,32296.771802397616,44.97866619947296,6876.381518661675,22427.756871222788,31931.611539062716,44.95397481105014,9503.854667839929,0.2976315384587976,0.7023684615412025,32079.1880479166,44.96398746163773,9651.431176693812,0.30086270145857474,0.6991372985414253,33291.34854893503,45.04452756319199,10863.59167771224,0.326318763018681,0.673681236981319,0.694427201840582,0.9886935986801074
1.3893333333333333,32368.784045306133,44.98350255048592,6890.924538756747,22475.189858758513,32012.471142935086,44.959466624681,9537.281284176574,0.2979239322573003,0.7020760677426997,32160.313843298285,44.96947201599555,9685.123984539772,0.3011514138739664,0.6988485861260336,33374.66078195375,45.049954925992594,10899.47092319524,0.3265792271089919,0.6734207728910081,0.6943476723531012,0.9889920825610156
1.3918348348348348,32440.82500127664,44.988330075755,6905.475264037565,22522.647977248955,32093.414516656492,44.96495025210048,9570.766539407537,0.298215901409939,0.701784098590061,32241.523408529007,44.974948394660494,9718.875431280052,0.3014397089161448,0.6985602910838552,33458.05678482151,45.05537419427545,10935.408807572552,0.3268393283537459,0.6731606716462541,0.6942686561258113,0.9892909479149659
1.3943363363363361,32512.89460844655,44.993148806035464,6920.033694504122,22570.131226694095,32174.44166022691,44.97042572025448,9604.310433532813,0.2985074468411173,0.7014925531588827,32322.816743608742,44.98041662455559,9752.685516914647,0.3017275874895113,0.6982724125104887,33541.53655753829,45.06078539479088,10971.405330844194,0.32709906751062146,0.6729009324893785,0.6941901512771054,0.989590193297286
1.3968378378378377,32584.992805166334,44.997958771924885,6934.599830156425,22617.639607093948,32255.55257364636,44.975893055949314,9637.912966552412,0.2987985694725578,0.7012014305274422,32404.193848537514,44.98587673246438,9786.554241443566,0.3020150504958561,0.6979849495041439,33625.10010010409,45.06618855415018,11007.460493010145,0.3273584453351878,0.6726415546648121,0.6941121559341862,0.989889817269877
1.3993393393393392,32657.119529998574,45.00276000386428,6949.173670994471,22665.173118448507,32336.747256914845,44.98135228585272,9671.574138466338,0.2990892702233117,0.7009107297766883,32485.65472331531,44.99132874503189,9820.481604866804,0.30230209883436754,0.6976979011656325,33708.74741251893,45.07158369882664,11043.574294070426,0.3276174625809147,0.6723825374190854,0.694034668233016,0.9901898184011778
1.4018408408408407,32729.274721717116,45.00755253213913,6963.755217018262,22712.731760757782,32418.025710032354,44.98680343649484,9705.293949274572,0.29937955000976785,0.7006204499902321,32567.19936794214,44.9967726887656,9854.467607184357,0.30258873340164166,0.6974112665983583,33792.478494782794,45.07697085515649,11079.746734025011,0.327876119999177,0.672123880000823,0.6939576863182679,0.9904901952661286
1.4043423423423422,32801.45831930609,45.012336386880435,6978.344468227794,22760.315534021756,32499.387932998892,44.992246534269135,9739.072398977136,0.2996694097456641,0.700330590254336,32648.82778241799,45.00220859003643,9888.512248396233,0.30287495509169193,0.6971250449083081,33876.29334689568,45.08235004933985,11115.977812873927,0.328134418339265,0.6718655816607351,0.6938812083432774,0.99079094644614
1.4068438438438438,32873.67026195907,45.017111598065775,6992.941424623072,22807.924438240447,32580.833925814455,44.99768160543342,9772.909487574008,0.29995885034209435,0.7000411496579056,32730.539966742872,45.007636475079636,9922.615528502425,0.3031607647959576,0.6968392352040425,33960.1919688576,45.08772130744172,11152.267530617155,0.32839235834838865,0.6716076416516114,0.6938052324699941,0.9910920705290555
1.4093453453453453,32945.910489078175,45.02187819552035,7007.546086204092,22855.55847341384,32662.363688479047,45.003108676110756,9806.805215065207,0.30024787270752085,0.6997521272924792,32812.33592091678,45.01305636999585,9956.777447502944,0.303446163403314,0.696553836596686,34044.17436066855,45.0930846553929,11188.61588725471,0.3286499407716872,0.6713500592283128,0.6937297568689332,0.9913935661091192
1.4118468468468468,33018.17894027317,45.02663620891802,7022.158452970856,22903.217639541945,32743.977220992667,45.00852777229041,9840.759581450722,0.30053647774778136,0.6994635222522186,32894.215644939715,45.01846830075194,9990.99800539777,0.3037311518000806,0.6962688481999194,34128.240522328524,45.09844011899093,11225.02288278658,0.32890716635223455,0.6710928336477655,0.6936547797191283,0.9916954317869406
1.4143483483483483,33090.47555536059,45.03138566778226,7036.778524923363,22950.901936624756,32825.67452335531,45.013938919828774,9874.772586730553,0.3008246663661001,0.6991753336338999,32976.17913881168,45.023872293181995,10025.277202186928,0.30401573087003175,0.6959842691299682,34212.39045383752,45.10378772390105,11261.488517212765,0.32916403583104764,0.6708359641689524,0.6935802992080831,0.9919976661694613
1.4168498498498499,33162.80027436283,45.03612660148727,7051.406302061614,22998.611364662276,32907.455595566986,45.01934214445033,9908.84423090471,0.3011124394630968,0.6988875605369033,33058.22640253267,45.02926837298821,10059.615037870397,0.30429990149440395,0.695700098505596,34296.624155195546,45.10912749565709,11298.01279053327,0.32942054994709297,0.670579450052907,0.6935063135317259,0.9923002678699228
1.4193513513513512,33235.153037507334,45.040859039258905,7066.041784385607,23046.3459236545,32989.32043762768,45.02473747174851,9942.974513973179,0.30139979793679544,0.6986002020632045,33140.35743610268,45.03465656574185,10094.011512448178,0.3045836645519065,0.6954163354480934,34380.94162640259,45.11445945966239,11334.595702748094,0.329676709437294,0.670323290562706,0.6934328208943609,0.9926032355078304
1.4218528528528527,33307.53378522568,45.04558301017569,7080.6849718953445,23094.105613601434,33071.2690495374,45.03012492718665,9977.163435935963,0.3016867426826345,0.6983132573173655,33222.57223952172,45.0400368968841,10128.46662592029,0.30486702091873,0.6951329790812699,34465.342867458676,45.11978364119073,11371.237253857242,0.32993251503653787,0.6700674849634621,0.6933598195086229,0.9929065677089223
1.4243543543543542,33379.94245815267,45.050298543169816,7095.335864590824,23141.89043450307,33153.30143129616,45.035504536098856,10011.410996793089,0.3019732745934764,0.6980267254065237,33304.8708127898,45.045409391727,10162.980378286728,0.3051499714685553,0.6948500285314447,34549.82787836378,45.12510006538718,11407.937443860708,0.33018796747768253,0.6698120325223175,0.6932873075954309,0.9932102631051374
1.4268558558558557,33452.37899712559,45.05500566702811,7109.99446247205,23189.70038635943,33235.41758290394,45.040876323690924,10045.717196544509,0.3022593945596144,0.6977406054403855,33387.253155906896,45.05077407545435,10197.552769547467,0.3054325170725615,0.6945674829274385,34634.39665911792,45.13040875726905,11444.69627275849,0.33044306749156366,0.6695569325084363,0.6932152833839416,0.9935143203345779
1.4293573573573572,33524.843343183216,45.05970441039302,7124.660765539017,23237.53546917049,33317.61750436075,45.04624031504121,10080.082035190262,0.3025451034687861,0.697454896531214,33469.71926887302,45.056130973122556,10232.183799702532,0.3057146585994375,0.6942853414005624,34719.04920972108,45.135709741726735,11481.513740550592,0.33069781580700236,0.6693021841929977,0.693143745111504,0.9938187380414828
1.4318588588588588,33597.33543756502,45.06439480176352,7139.334773791728,23285.395682936254,33399.90119566658,45.051596535101496,10114.505512730324,0.30283040220617824,0.6971695977938217,33552.269151688175,45.06148010966154,10266.87346875192,0.30599639691538855,0.6940036030846115,34803.78553017328,45.14100304352459,11518.389847237024,0.33095221315081114,0.6690477868491889,0.693072691023615,0.9941235148761918
1.4343603603603603,33669.85522171034,45.06907686949614,7154.016487230184,23333.281027656736,33482.26865682145,45.056945008697895,10148.987629164712,0.3031152916544389,0.696884708345561,33634.90280435236,45.06682150987558,10301.621776695622,0.30627773288414534,0.6937222671158547,34888.6056204745,45.14628868730181,11555.32459281776,0.33120626024780075,0.6687937397521992,0.6930021193738731,0.9944286494951146
1.4368618618618618,33742.40263725751,45.07375064180587,7168.705905854382,23381.19150333192,33564.71988782534,45.06228576053167,10183.52838449342,0.3033997726936851,0.6966002273063149,33717.62022686556,45.07215519844421,10336.428723533641,0.30655866736697424,0.6934413326330258,34973.509480624736,45.1515666975733,11592.317977292816,0.33145995782078835,0.6685400421792117,0.6929320284239332,0.9947341405606969
1.4393633633633633,33814.977626042986,45.078416146767104,7183.403029664323,23429.12710996181,33647.25488867826,45.067618815180126,10218.12777871645,0.3036838462015123,0.6963161537984878,33800.4214192278,45.077481199923014,10371.294309265992,0.306839201222685,0.693160798777315,35058.49711062401,45.15683709873048,11629.370000662202,0.3317133065906033,0.6682866934093967,0.6928624164434639,0.9950399867413914
1.4418648648648649,33887.58013010051,45.08307341231456,7198.107858660009,23477.087847546412,33729.8736593802,45.07294419709744,10252.78581183379,0.3039675130530029,0.6960324869469972,33883.30638143906,45.08279953874455,10406.21853389265,0.3071193353076391,0.692880664692361,35143.56851047231,45.162099915042205,11666.480662925896,0.33196630727609355,0.6680336927239064,0.692793281710103,0.9953461867116257
1.4443663663663662,33960.210091660345,45.08772246624423,7212.820392841436,23525.073716085717,33812.576199931165,45.078261930615476,10287.502483845448,0.30425077412073653,0.6957492258792635,33966.275113499345,45.088110239219134,10441.201397413628,0.3073990704757597,0.6926009295242403,35228.72368016963,45.167355170655526,11703.64996408391,0.332218960594134,0.667781039405866,0.6927246225094115,0.9956527391517689
1.4468678678678677,34032.86745314838,45.09236333621425,7227.540632208608,23573.084715579735,33895.362510331164,45.08357203994468,10322.27779475143,0.3045336302747977,0.6954663697252023,34049.32761540866,45.09341332553568,10476.242899828929,0.30767840757853954,0.6923215924214604,35313.96261971598,45.17260288959659,11740.877904136247,0.332471267259632,0.667528732740368,0.6926564371348318,0.9959596427481019
1.4493693693693692,34105.552157185295,45.09699604974587,7242.268576761524,23621.12084602846,33978.2325905802,45.08887454917483,10357.111744551738,0.3048160823827854,0.6951839176172147,34132.463887167,45.09870882176255,10511.343041138542,0.30795734746504944,0.6920426525349506,35399.285329111364,45.17784309577139,11778.164483082903,0.3327232279855344,0.6672767720144657,0.6925887238876444,0.9962668961927869
1.4518708708708707,34178.264146585774,45.101620634224275,7257.004226500182,23669.182107431894,34061.18644067825,45.09416948227593,10392.004333246354,0.3050981313098212,0.6949018686901788,34215.68392877438,45.103996751848335,10546.501821342485,0.30823589098194787,0.6917641090180522,35484.691808355776,45.183075812966656,11815.509700923882,0.33297484348283446,0.6670251565171655,0.6925214810769236,0.9965744981838341
1.4543723723723723,34251.00336435763,45.10623711689955,7271.747581424585,23717.26849979004,34144.22406062533,45.09945686309894,10426.955560835293,0.3053797779185593,0.6946202220814407,34298.987740230776,45.10927713962269,10581.719240440736,0.3085140389734877,0.6914859610265123,35570.18205744921,45.18830106485062,11852.913557659169,0.33322611446057804,0.666773885539422,0.6924547070194961,0.9968824474250756
1.4568738738738738,34323.76975370106,45.110845524887516,7286.49864153473,23765.380023102887,34227.34545042144,45.10473671537667,10461.965427318552,0.30566102306919435,0.6943389769308057,34382.3753215362,45.11455000879716,10616.995298433314,0.3087917922815272,0.6912082077184728,35655.75607639167,45.193518874973805,11890.376053288783,0.33347704162587144,0.6665229583741286,0.692388400039897,0.9971907426261294
1.4593753753753753,34396.56325800776,45.11544588517063,7301.25740683062,23813.516677370448,34310.55061006657,45.11000906272449,10497.033932696126,0.30594186761947034,0.6940581323805296,34465.84667269065,45.11981538296592,10652.3299953202,0.30906915174553595,0.690930848254464,35741.41386518316,45.19872926676989,11927.897187812712,0.33372762568388636,0.6662723743161136,0.6923225584703291,0.9974993825023737
1.4618768768768768,34469.38382086018,45.12003822459886,7316.023877312253,23861.678462592714,34393.83953956074,45.11527392864119,10532.161076968023,0.30622231242468995,0.69377768757531,34549.40179369413,45.125073285606604,10687.723331101417,0.30934611820260555,0.6906538817973944,35827.15542382368,45.20393226355641,11965.476961230965,0.33397786733786805,0.666022132662132,0.6922571806506185,0.9978083657749134
1.4643783783783784,34542.231386030646,45.12462256989052,7330.798052979629,23909.865378769686,34477.21223890393,45.12053133650972,10567.346860134243,0.3065023583377225,0.6934976416622776,34633.04068454664,45.130323740081096,10723.175305776957,0.30962269248745655,0.6903773075125434,35912.980752313226,45.2091278885356,12003.11537354354,0.3342277672891409,0.6657722327108592,0.6921922649281761,0.9981176911705533
1.4668798798798797,34615.10589748063,45.12919894763314,7345.579933832747,23958.077425901363,34560.66870809614,45.125781309598,10602.591282194779,0.30678200620901264,0.6932179937909874,34716.76334524817,45.135566769636284,10758.685919346804,0.30989887543244704,0.690101124567553,35998.88985065179,45.21431616479516,12040.812424750424,0.33447732623711496,0.6655226737628851,0.6921278096579531,0.9984273574217651
1.4693813813813812,34688.00729935987,45.13376738428434,7360.36951987161,24006.314603987754,34644.208947137384,45.131023871059654,10637.89434314963,0.30706125688658936,0.6929387431134106,34800.56977579873,45.14080239740484,10794.255171810975,0.31017466786758174,0.6898253321324183,36084.882718839384,45.219497115309,12078.56811485163,0.33472654487929343,0.6652734551207066,0.6920638132024022,0.9987373632666614
1.4718828828828827,34760.9355360057,45.13832790617265,7375.166811096216,24054.576913028854,34727.832956027654,45.13625904393481,10673.2560429988,0.30734011121607463,0.6926598887839254,34884.45997619832,45.146030646405976,10829.883063169465,0.3104500706205198,0.6895499293794802,36170.95935687602,45.22467076293801,12116.382443847164,0.3349754239112783,0.6650245760887217,0.6920002739314337,0.9990477074489621
1.4743843843843842,34833.890551942124,45.14288053949831,7389.971807506567,24102.864353024663,34811.54073476695,45.14148685115083,10708.67638174229,0.30761857004069143,0.6923814299593086,34968.43394644694,45.15125153954622,10865.569593422275,0.310725084516583,0.689274915483417,36257.11976476167,45.22983713043087,12154.25541173701,0.3352239640267769,0.6647760359732231,0.6919371902223777,0.9993583887179687
1.4768858858858858,34906.872291879066,45.14742531033416,7404.78450910266,24151.176923975177,34895.33228335528,45.14670731552308,10744.155359380104,0.3078966342012727,0.6921033657987273,35052.49168654458,45.15646509962017,10901.3147625694,0.3109997103787641,0.6890002896212359,36343.36394249635,45.23499624042471,12192.18701852117,0.33547216591760864,0.6645278340823914,0.6918745604599426,0.9996694058285345
1.4793873873873873,34979.88070071162,45.15196224462644,7419.604915884497,24199.5146258804,34979.20760179264,45.15192045975569,10779.692975912236,0.3081743045362695,0.6918256954637305,35136.63319649125,45.16167134931119,10937.118570610852,0.31127394902773536,0.6887260509722647,36429.69189008006,45.240148115445905,12230.177264199658,0.33572003027371145,0.6642799697262886,0.6918123830361746,0.9999807575410351
1.4818888888888888,35052.915723519305,45.1564913681956,7434.4330278520765,24247.87745874033,35063.166690079015,45.15712630644222,10815.289231338684,0.3084515818817593,0.6915484181182406,35220.85847628695,45.16687031119222,10972.98101754662,0.31154780128185594,0.688452198718144,36516.10360751279,45.24529277791082,12268.22614877246,0.3359675577831477,0.6640324422168523,0.691750656350417,1.0002924426213375
1.4843903903903903,35125.977305565146,45.16101270673708,7449.268845005401,24296.265422554974,35147.20954821442,45.1623248780665,10850.944125659447,0.30872846707145507,0.6912715329285449,35305.16752593167,45.172062007726446,11008.902103376695,0.31182126795718074,0.6881787320428192,36602.599094794554,45.25043025012653,12306.33367223958,0.33621474913211086,0.6637852508678891,0.691689378809273,1.0006044598407775
1.4868918918918919,35199.06539229509,45.16552628582219,7464.112367344468,24344.678517324322,35231.33617619886,45.167516197003266,10886.657658874541,0.3090049609367132,0.6909950390632867,35389.56034542543,45.17724646126807,11044.881828101108,0.3120943498674689,0.6879056501325311,36689.17835192535,45.255560554291506,12344.499834601029,0.33646160500493255,0.6635383949950675,0.6916285488265623,1.0009168079761244
1.4893933933933934,35272.17992933701,45.170032130898804,7478.9635948692785,24393.11674304838,35315.54657403232,45.17270028551893,10922.42983098394,0.3092810643065412,0.6907189356934589,35474.036934768206,45.182423694063004,11080.920191719826,0.3123670478241901,0.6876329521758099,36775.84137890516,45.260683712496416,12382.724635856783,0.33670812608408696,0.663291873915913,0.6915681648232871,1.0012294858095583
1.4918948948948947,35345.32086250017,45.17453026729224,7493.822527579831,24441.58009972714,35399.84074171481,45.17787716577229,10958.260641987672,0.3095567780076075,0.6904432219923925,35558.59729396,45.18759372824961,11117.017194232863,0.3126393626365347,0.6873606373634653,36862.588175734,45.265799746724745,12421.008076006863,0.3369543130501996,0.6630456869498004,0.6915082252275881,1.0015424921286393
1.4943963963963962,35418.48813777432,45.179020720205976,7508.689165476128,24490.06858736061,35484.218679246325,45.18304685981519,10994.150091885716,0.30983210286424795,0.690167897135752,35643.24142300084,45.19275658585937,11153.172835640235,0.3129112951114208,0.6870887048885792,36949.41874241187,45.27090867885359,12459.350155051263,0.3372001665820516,0.6627998334179483,0.6914487284747087,1.0018558257262793
1.4968978978978977,35491.68170132897,45.183503514722474,7523.563508558169,24538.58220594879,35568.68038662687,45.18820938959331,11030.098180678076,0.31010703969847525,0.6898929603015247,35727.969321890705,45.19791228881763,11189.387115941914,0.31318284605350133,0.6868171539464987,37036.33307893877,45.27601053065429,12497.750872989978,0.3374456873565866,0.6625543126434134,0.6913896730069558,1.0021694854007162
1.4993993993993993,35564.90149951261,45.18797867580392,7538.445556825954,24587.12095549168,35653.22586385644,45.193364776946794,11066.10490836476,0.310381589329987,0.6896184106700131,35812.78099062959,45.20306085894427,11225.66003513791,0.31345401626517366,0.6865459837348263,37123.331185314695,45.281105323793156,12536.210229823017,0.33769087604891745,0.6623091239510825,0.6913310572736614,1.002483469955485
1.5019009009009008,35638.14747885204,45.192446228293,7553.335310279482,24635.68483598928,35737.85511093504,45.198513043610944,11102.170274945758,0.3106557525761731,0.6893442474238269,35897.67642921751,45.2082023179544,11261.991593228227,0.3137248065465867,0.6862751934534133,37210.41306153965,45.28619307983217,12574.72822555037,0.33793573333233157,0.6620642666676684,0.6912728797311445,1.0027977781993904
1.5044024024024023,35711.41958605152,45.196906196913666,7568.232768918752,24684.273847441582,35822.568127862665,45.20365421121696,11138.294280421083,0.310929530252125,0.689070469747875,35982.65563765445,45.213336687459055,11298.381790212865,0.3139952176956486,0.6860047823043515,37297.57870761363,45.291273820229634,12613.304860172051,0.338180259878298,0.6618197401217021,0.6912151388426738,1.0031124089464805
1.5069039039039038,35784.717767992086,45.20135860627185,7583.137932743768,24732.887989848597,35907.364914639315,45.20878830129254,11174.476924790717,0.31120292317064235,0.6887970768293576,36067.71861594042,45.21846398896586,11334.830626091825,0.3142652505080347,0.6857347494919652,37384.82812353664,45.29634756634086,12651.94013368804,0.3384244563564722,0.6615755436435278,0.6911578330784298,1.0034273610160183
1.5094054054054054,35858.04197173077,45.20580348085628,7598.050801754526,24781.52726321032,35992.245471265,45.213915335262655,11210.71820805468,0.31147593214224273,0.6885240678577572,36152.86536407542,45.22358424387971,11371.338100865101,0.3145349057771956,0.6854650942228043,37472.16130930868,45.3014143394189,12690.63404609836,0.33866832343470415,0.6613316765652958,0.6911009609154681,1.0037426332324568
1.5119069069069069,35931.39214449992,45.210240845039145,7612.971375951028,24830.19166752675,36077.209797739706,45.21903533445009,11247.018130212957,0.31174855797516804,0.688251442024832,36238.095882059446,45.22869747350346,11407.904214532697,0.3148041842943646,0.6851958157056354,37559.57826492974,45.306474160615096,12729.38659740299,0.3389118617790423,0.6610881382209577,0.6910445208376806,1.0040582244254097
1.5144084084084084,36004.768233706396,45.21467072307688,7627.899655333273,24878.88120279789,36162.25789406344,45.22414832007624,11283.376691265552,0.3120208014753935,0.6879791985246064,36323.41016989249,45.233803699038546,11444.528967094604,0.3150730868485655,0.6849269131514345,37647.07899039982,45.31152705097985,12768.197787601934,0.33915507205374107,0.6608449279462589,0.6909885113357612,1.0043741334296274
1.5169099099099097,36078.170186930845,45.21909313911085,7642.83563990126,24927.59586902373,36247.3897602362,45.22925431326165,11319.793891212466,0.31229266344663553,0.6877073365533645,36408.80822757457,45.238902941585664,11481.212358550838,0.3153416142266208,0.6846583857733792,37734.663485718935,45.316573031463236,12807.067616695203,0.3393979549212667,0.6606020450787333,0.6909329309071678,1.0046903590849696
1.5194114114114112,36151.597951927084,45.22350811716815,7657.779329654992,24976.335666204282,36332.60539625799,45.23435333502678,11356.269730053707,0.3125641446903592,0.6874358553096408,36494.290055105674,45.24399522214544,11517.954388901391,0.31560976721315864,0.6843902327868414,37822.33175088708,45.32161212291563,12845.9960846828,0.3396405110423027,0.6603594889576974,0.6908777780560846,1.0050069002363768
1.5219129129129128,36225.05147662119,45.227915681162216,7672.730724594468,25025.100594339547,36417.9048021288,45.239445406292546,11392.804207789257,0.31283524600578594,0.6871647539942141,36579.85565248581,45.249080561619046,11554.75505814626,0.31587754659062056,0.6841224534093795,37910.08378590425,45.326644346088415,12884.983191564705,0.33988274107575583,0.6601172589242441,0.6908230512933892,1.0053237557338484
1.5244144144144143,36298.53070911092,45.23231585489363,7687.689824719686,25073.890653429517,36503.287977848646,45.24453054788103,11429.39732441913,0.31310596818990255,0.6868940318100974,36665.50501971497,45.25415898080887,11591.614366285452,0.3161449531392698,0.6838550468607302,37997.91959077045,45.331669721634555,12924.028937340932,0.34012464567876316,0.6598753543212368,0.6907687491366139,1.0056409244324132
1.5269159159159158,36372.035597664944,45.23670866205077,7702.656630030649,25122.705843474196,36588.754923417524,45.249608780516084,11466.049079943328,0.31337631203746785,0.6866236879625321,36751.23815679316,45.2592305004191,11628.532313318963,0.3164119876371982,0.6835880123628019,38085.839165485675,45.33668827010928,12963.13332201148,0.3403662255066967,0.6596337744933033,0.6907148701099108,1.0059584051921058
1.5294174174174173,36445.56609072214,45.24109412621054,7717.631140527354,25171.54616447358,36674.305638835416,45.254680124824006,11502.759474361836,0.31364627834102066,0.6863537216589793,36837.05506372038,45.264295141056444,11665.508899246797,0.3166786508603338,0.6833213491396661,38173.84251004993,45.34170001197066,13002.29634557635,0.3406074812131702,0.6593925187868298,0.6906614127440166,1.0062761968779381
1.5319189189189188,36519.12213689084,45.24547227083903,7732.613356209804,25220.411616427682,36759.940124102344,45.259744601334106,11539.528507674662,0.31391586789088793,0.686084132109112,36922.95574049662,45.26935292323067,11702.544124068936,0.3169449435824483,0.6830550564175517,38261.929624463206,45.34670496758032,13041.518008035524,0.3408484134500441,0.659151586549956,0.6906083755762179,1.0065942983598786
1.5344204204204204,36592.703684948196,45.24984311929225,7747.603277077996,25269.302199336482,36845.658379218294,45.26480223047935,11576.356179881812,0.3141850814751926,0.6858149185248075,37008.94018712189,45.274403867355275,11739.637987785405,0.3172108665751656,0.6827891334248344,38350.10050872552,45.351703157203964,13080.798309389036,0.3410890228674331,0.6589109771325669,0.6905557571503139,1.0069127085128216
1.536921921921922,36666.31068383943,45.25420669481678,7762.600903131933,25318.2179132,36931.46040418328,45.269853032597,11613.24249098328,0.31445391987986027,0.6855460801201397,37095.00840359619,45.279447993748086,11776.790490396193,0.3174764206079675,0.6825235793920325,38438.35516283685,45.35669460101205,13120.137249636853,0.34132931011370965,0.6586706898862903,0.6905035560165842,1.0072314262165654
1.5394234234234234,36739.943082677106,45.25856302055047,7777.606234371611,25367.158758018213,37017.346198997286,45.2748970279292,11650.187440979073,0.3147223838886281,0.6852776161113718,37181.16038991952,45.284485322631866,11814.001631901305,0.31774160644820254,0.6822583935517974,38526.69358679721,45.361679319080366,13159.534828779,0.3415692758355123,0.6584307241644877,0.6904517707317526,1.0075504503557866
1.5419249249249247,36813.60083074048,45.262912119523094,7792.619270797033,25416.124733791137,37103.315763660314,45.27993423662359,11687.191029869176,0.3149904742830513,0.6850095257169487,37267.39614609185,45.289515874134935,11851.271412300714,0.31800642486109215,0.6819935751389078,38615.11578060659,45.36665733139066,13198.991046815452,0.34180892067774904,0.658191079322251,0.6904003998589537,1.0078697798200147
1.5444264264264262,36887.28387747479,45.26725401465702,7807.640012408199,25465.115840518774,37189.36909817238,45.284964678733914,11724.253257653603,0.3152581918425117,0.6847418081574883,37353.715672113234,45.29453966829175,11888.59983159446,0.3182708766097399,0.68172912339026,38703.62174426501,45.37162865783123,13238.505903746234,0.3420482452836052,0.6579517547163948,0.6903494419676978,1.0081894135036074
1.5469279279279278,36960.99217249057,45.271588728767895,7822.66845920511,25514.13207820112,37275.50620253346,45.28998837422058,11761.374124332342,0.31552553734422445,0.6844744626557756,37440.118967983646,45.299556725043544,11925.986889782525,0.3185349624551368,0.6814650375448632,38792.21147777246,45.37659331819751,13278.079399571336,0.34228725029454793,0.6577127497054521,0.6902988956338366,1.0085093503057252
1.5494294294294293,37034.72566556296,45.2759162845653,7837.704611187763,25563.17344683817,37361.72707674358,45.29500534295131,11798.553629905407,0.31579251156324656,0.6842074884367535,37526.60603370307,45.304567064238846,11963.432586864903,0.31879868315616944,0.6812013168438306,38880.884981128926,45.38155133219266,13317.711534290756,0.3425259363503323,0.6574740636496678,0.6902487594395303,1.0088295891303085
1.5519309309309308,37108.48430663095,45.28023670465336,7852.74846835616,25612.239946429934,37448.031720802726,45.30001560470169,11835.791774372792,0.3160591152724831,0.6839408847275169,37613.17686927154,45.30957070563415,12000.936922841607,0.3190620394696278,0.6809379605303723,38969.64225433442,45.386502719428194,13357.40230790449,0.3427643040890067,0.6572356959109933,0.6901990319732154,1.0091501288860538
1.5544324324324323,37182.2680457968,45.28455001153144,7867.800030710299,25661.3315769764,37534.42013471089,45.305019179155764,11873.088557734489,0.3163253492426956,0.6836746507573044,37699.831474689025,45.314567668894426,12038.499897712623,0.31932503215021135,0.6806749678497886,39058.48329738895,45.39144749942449,13397.151720412548,0.3430023541469196,0.6569976458530804,0.6901497118295675,1.0094709684863856
1.5569339339339339,37256.07683332532,45.288856227594756,7882.859298250183,25710.448338477578,37620.89231846809,45.3100160859066,11910.443979990512,0.3165912142425095,0.6834087857574904,37786.569849955544,45.31955797359375,12076.121511477966,0.31958766195053756,0.6804123380494624,39147.408110292505,45.396385691611414,13436.959771814927,0.34324008715872373,0.6567599128412763,0.6901007976094721,1.0097921068494373
1.5594354354354354,37329.91061964321,45.29315537513506,7897.926270975809,25759.590230933456,37707.44827207432,45.31500634445686,11947.858041140862,0.31685671103842106,0.6831432889615789,37873.391995071084,45.32454163921585,12113.801764137628,0.3198499296211478,0.6801500703788522,39236.41669304508,45.401317315328896,13476.826462111625,0.3434775037573827,0.6565224962426173,0.6900522879199881,1.0101135428980226
1.561936936936937,37403.76935533833,45.2974474763412,7913.00094888718,25808.757254344055,37794.08799552957,45.31998997421942,11985.330741185513,0.3171218403948042,0.6828781596051958,37960.297910035646,45.329518685154675,12151.540655691591,0.3201118359105149,0.6798881640894852,39325.509045646686,45.40624238982746,13516.751791302631,0.34371460457417596,0.656285395425824,0.6900041813743187,1.010435275559615
1.5644384384384384,37477.65299115907,45.301732553299814,7928.083331984294,25857.949408709355,37880.81148883385,45.32496699451784,12022.862080124498,0.31738660307391997,0.68261339692608,38047.28759484925,45.33448913071496,12189.338186139896,0.3203733815650517,0.6796266184349483,39414.68516809733,45.41116093426882,13556.735759387971,0.34395139023870575,0.6560486097612942,0.6899564765917763,1.0107573037663242
1.5669399399399397,37551.56147801369,45.30601062799591,7943.1734202671505,25907.16669402936,37967.61875198716,45.32993742458702,12060.452057957798,0.3176509998359214,0.6823490001640786,38134.36104951187,45.339452995112794,12227.194355482508,0.3206345673291154,0.6793654326708847,39503.94506039698,45.41607296772642,13596.77836636762,0.34418786137890056,0.6558121386210994,0.6899091721977505,1.0110796264548698
1.5694414414414413,37625.49476696968,45.31028172231352,7958.27121373575,25956.409110304077,38054.50978498949,45.3349012835737,12098.100674685411,0.3179150314388619,0.6820849685611381,38221.51827402352,45.34441029747619,12265.10916371944,0.3208953939450169,0.679104606054983,39593.288722545665,45.420978509186,13636.879612241588,0.3444240186210225,0.6555759813789775,0.6898622668236765,1.0114022425665596
1.5719429429429428,37699.45280925301,45.31454585803629,7973.376712390095,26005.676657533506,38141.48458784085,45.33985859053701,12135.807930307346,0.3181786986387029,0.681821301361297,38308.759268384194,45.34936105684557,12303.082610850688,0.32115586215302694,0.6788441378469731,39682.716154543385,45.42587757754613,13677.039497009879,0.34465986258967196,0.655340137410328,0.6898157591070031,1.011725151047268
1.5744444444444443,37773.43555624758,45.31880305684807,7988.489916230183,26054.96933571764,38228.54316054124,45.34480936444905,12173.573824823598,0.3184420021893203,0.6815579978106797,38396.084032593906,45.3543052921744,12341.114696876266,0.32141597269138344,0.6785840273086166,39772.227356390125,45.430770191618784,13717.258020672485,0.3448953939077933,0.6551046060922067,0.6897696476911602,1.0120483508474087
1.5769459459459458,37847.442959494445,45.32305334033357,8003.610825256014,26104.287144856484,38315.68550309066,45.349753624195394,12211.398358234175,0.31870494284251205,0.681295057157488,38483.49256665264,45.359243022329686,12379.205421796156,0.32167572629629754,0.6783242737037024,39861.822328085895,45.435656370129834,13757.53518322941,0.34513061319668037,0.6548693868033196,0.6897239312255291,1.0123718409219176
1.5794474474474474,37921.4749706913,45.32729672997893,8018.739439467588,26153.630084950033,38402.911615489094,45.35469138857565,12249.281530539061,0.3189675213480049,0.6810324786519951,38570.984870560394,45.36417426609248,12417.354785610361,0.3219351237019619,0.6780648762980381,39951.5010696307,45.44053613171963,13797.870984680667,0.3453655210759822,0.6546344789240178,0.6896786083654082,1.0126956202302229
1.5819489489489489,37995.531541691744,45.33153324717231,8033.875758864907,26202.99815599829,38490.221497736566,45.359622676304014,12287.223341738274,0.31922973845346225,0.6807702615465377,38658.560944317185,45.369099042158496,12455.562788318894,0.32219416564055686,0.6778058343594431,40041.26358102452,45.44540949494352,13838.265425026228,0.3456001181637074,0.6543998818362926,0.6896336777719838,1.0130196877362279
1.5844504504504504,38069.61262450461,45.33576291320449,8049.019783447969,26252.39135800126,38577.61514983307,45.36454750600973,12325.223791831813,0.31949159490449075,0.6805084050955093,38746.220787923,45.37401736913854,12493.829429921738,0.3224528528422571,0.6775471471577429,40131.109862267374,45.45027647827234,13878.718504266115,0.34583440507623125,0.6541655949237687,0.6895891381122997,1.0133440424082873
1.586951951951952,38143.71817129341,45.339985749269445,8064.171513216773,26301.809690958933,38665.09257177859,45.36946589623769,12363.282880819654,0.31975309144464686,0.6802469085553532,38833.964401377845,45.37892926555913,12532.154710418912,0.32271118603523946,0.6772888139647606,40221.03991335925,45.455137100093026,13919.230222400318,0.34606838242829974,0.6539316175717003,0.6895449880592244,1.0136686832191824
1.5894534534534535,38217.84813437564,45.344201776464956,8079.330948171322,26351.25315487132,38752.653763573144,45.37437786544893,12401.400608701824,0.32001422881544533,0.6799857711845547,38921.791784681714,45.383834749862956,12570.538629810395,0.32296916594568825,0.6770308340543117,40311.05373430016,45.459991378709034,13959.800579428844,0.34630205083303556,0.6536979491669644,0.6895012262914214,1.013993609146101
1.5919549549549548,38292.00246622214,45.348411015793154,8094.498088311612,26400.721749738404,38840.29872521672,45.37928343202112,12439.576975478318,0.32027500775636497,0.679724992243635,39009.702937834605,45.38873384040941,12608.9811880962,0.3232267932978039,0.6767732067021961,40401.15132509009,45.464839332340915,14000.429575351685,0.3465354109019433,0.6534645890980567,0.6894578514933194,1.0143188191706152
1.5944564564564563,38366.1811194565,45.35261348816112,8109.672933637648,26450.215475560206,38928.02745670932,45.38418261424912,12477.811981149116,0.3205354290048555,0.6794645709951445,39097.697860836524,45.393626555475116,12647.482385276318,0.32348406881380803,0.6765159311861919,40491.332685729045,45.46968097912682,14041.117210168839,0.34676846324491456,0.6532315367550855,0.6894148623550809,1.0146443122786566
1.5969579579579578,38440.38404685435,45.35680921438143,8124.855484149426,26499.73433233671,39015.83995805096,45.38907543034546,12516.105625714248,0.3207954932963461,0.679204506703654,39185.77655368748,45.398512913254415,12686.04222135077,0.3237409932139518,0.6762590067860482,40581.597816217036,45.47451633712299,14081.863483880326,0.34700120847023413,0.6529987915297658,0.6893722575725731,1.0149700874604997
1.5994594594594593,38514.61120134284,45.36099821517273,8140.04573984695,26549.278320067933,39103.73622924162,45.39396189844085,12554.457909173689,0.32105520136425003,0.67894479863575,39273.939016387456,45.4033929318599,12724.660696319523,0.3239975672165205,0.6760024327834795,40671.946716554055,45.47934542430429,14122.668396486122,0.34723364718458377,0.6527663528154162,0.6893300358473377,1.0152961437107337
1.6019609609609609,38588.86253599991,45.365180511160304,8155.243700730214,26598.84743875385,39191.71627028131,45.398842036584696,12592.868831527456,0.3213145539399739,0.6786854460600261,39362.18524893646,45.40826662932287,12763.33781018261,0.3242537915378432,0.6757462084621568,40762.3793867401,45.48416825856465,14163.531947986245,0.34746577999304934,0.6525342200069506,0.6892881958865602,1.015622480028246
1.6044624624624624,38663.13800405378,45.369356122876624,8170.449366799225,26648.441688394487,39279.78008117003,45.40371586274558,12631.338392775542,0.32157355175292246,0.6784264482470775,39450.515251334495,45.413134023593884,12802.073562940008,0.3245096668922962,0.6754903331077038,40852.895826775166,45.48898485771765,14204.454138380679,0.34769760749912415,0.6523023925008758,0.6892467364030419,1.0159490954161972
1.606963963963964,38737.4375588822,45.3735250707619,8185.662738053976,26698.061068989824,39367.927661907765,45.40858339481176,12669.86659291794,0.3218321955305066,0.6781678044694933,39538.92902358156,45.41799513254321,12840.867954591733,0.32476519399231235,0.6752348060076877,40943.49603665926,45.493795239496905,14245.434967669433,0.3479291303047158,0.6520708696952842,0.6892056561151697,1.0162759888820008
1.6094654654654654,38811.76115401189,45.377687375164626,8200.883814494473,26747.705580539878,39456.159012494536,45.41344465059167,12708.453431954658,0.32209048599815016,0.6779095140018498,39627.42656567764,45.42284997396135,12879.720985137763,0.32502037354838553,0.6749796264516145,41034.18001639238,45.49859942155667,14286.474435852506,0.34816034901015025,0.6518396509898498,0.6891649537468882,1.0166031594373046
1.611966966966967,38886.10874311802,45.38184305634212,8216.11259612071,26797.37522304463,39544.474132930336,45.41829964781438,12747.098909885706,0.3223484238792966,0.6776515761207035,39716.00787762276,45.42769856555948,12918.63265457813,0.3252752062690795,0.6747247937309205,41124.94776597454,45.50339742147223,14327.57254292991,0.3483912642141781,0.6516087357858219,0.6891246280276674,1.0169306060979637
1.6144684684684683,38960.480280023454,45.385992134461105,8231.349082932693,26847.06999650409,39632.87302321516,45.4231484041301,12785.803026711066,0.32260600989541477,0.6773939901045852,39804.672959416894,45.43254092496998,12957.602962912802,0.3255296928610319,0.6744703071389682,41215.79928540571,45.50818925674041,14368.729288901617,0.34862187651397814,0.6513781234860219,0.6890846776924776,1.0172583278840241
1.6169699699699698,39034.875718698204,45.390134629598165,8246.59327493042,26896.789900918266,39721.355683349,45.42799093711068,12824.565782430735,0.3228632447660071,0.677136755233993,39893.42181106006,45.43737706974689,12996.631910141798,0.3257838340289628,0.6742161659710372,41306.734574685914,45.512974944780076,14409.944673767648,0.34885218650516425,0.6511478134948357,0.6890451014817593,1.0175863238197007
1.6194714714714713,39109.29501325886,45.39427056174036,8261.84517211389,26946.53493628715,39809.92211333188,45.43282726425,12863.38717704473,0.3231201292086158,0.6768798707913841,39982.25443255226,45.442207017366364,13035.719496265112,0.32603763047568046,0.6739623695243195,41397.75363381515,45.517754502932604,14451.218697527998,0.3490821947817896,0.6509178052182104,0.6890058981413937,1.0179145929333548
1.6219729729729728,39183.73811796791,45.3983999507857,8277.104774483103,26996.30510261074,39898.57231316379,45.43765740296456,12902.267210553055,0.32337666393882947,0.6766233360611705,40071.17082389348,45.4470307852272,13074.865721282742,0.32629108290208764,0.6737089170979124,41488.85646279341,45.522527948462304,14492.551360182671,0.3493119019363519,0.6506880980636481,0.688967066422676,1.0182431342574765
1.6244744744744744,39258.204987233185,45.40252281654368,8292.372082038059,27046.100399889034,39987.30628284472,45.44248137059385,12941.205882955688,0.323632849670289,0.6763671503297111,40160.170985083736,45.45184839065125,13114.070585194702,0.3265441920071885,0.6734558079928116,41580.0430616207,45.527295298556936,14533.942661731668,0.3495413085597984,0.6504586914402015,0.6889286050822868,1.0185719468286603
1.6269759759759759,39332.69557560731,45.40663917873583,8307.647094778758,27095.920828122038,40076.124022374686,45.447299184400876,12980.203194252648,0.32388868711469554,0.6761113128853045,40249.25491612301,45.456659850883895,13153.334088000975,0.3267969584880942,0.6732030415119058,41671.313430297014,45.532056570328166,14575.392602174976,0.349770415241531,0.6502295847584689,0.6888905128822631,1.0189010296875871
1.6294774774774774,39407.20983778699,45.41074905699618,8322.929812705202,27145.76638730975,40165.02553175367,45.452110861572564,13019.25914444392,0.32414417698181597,0.675855823018184,40338.42261701131,45.461465183094546,13192.656229701559,0.32704938304003045,0.6729506169599696,41762.66756882236,45.53681178081199,14616.90118151261,0.34999922256941174,0.6500007774305883,0.6888527885899721,1.0192303818790038
1.631978978978979,39481.747728612536,45.41485247087182,8338.220235817389,27195.637077452175,40254.010810981694,45.45691641922027,13058.373733529519,0.32439931997949045,0.6756006800205095,40427.67408774865,45.46626440437704,13232.037010296477,0.3273014663563433,0.6726985336436567,41854.10547719673,45.541560946969234,14658.468399744557,0.3502277311297668,0.6497722688702332,0.6888154309780825,1.0195600024517024
1.6344804804804804,39556.309203067205,45.41894943982338,8353.51836411532,27245.532898549307,40343.07986005874,45.46171587438022,13097.54696150943,0.32465411681363787,0.6753458831863621,40517.009328335014,45.47105753175014,13271.476429785707,0.327553209128505,0.672446790871495,41945.62715542013,45.54630408568599,14700.094256870823,0.3504559415073928,0.6495440584926072,0.6887784388245373,1.0198898904584992
1.636981981981982,39630.894216276676,45.42303998322554,8368.824197598993,27295.45385060114,40432.2326789848,45.466509244013935,13136.77882838366,0.32490856818826325,0.6750914318117367,40606.4283387704,45.47584458215796,13310.974488169257,0.3278046120461213,0.6721953879538787,42037.23260349255,45.55104121377404,14741.778752891409,0.3506838542855608,0.6493161457144392,0.6887418109125257,1.0202200449562153
1.6394834834834833,39705.50272350836,45.42712412036755,8384.137736268409,27345.399933607685,40521.469267759894,45.471296545008705,13176.06933415221,0.3251626748054639,0.6748373251945361,40695.9311190548,45.480625572470444,13350.531185447118,0.3280556757969369,0.671944324203063,42128.921821414,45.55577234797135,14783.521887806313,0.3509114700460218,0.6490885299539781,0.6887055460304585,1.0205504650056585
1.6419849849849848,39780.134680170966,45.43120187045371,8399.45898012357,27395.37114756894,40610.78962638402,45.47607779417801,13215.418478815081,0.3254164373654357,0.6745835626345643,40785.517669188244,45.48540051948375,13390.146521619303,0.3283064010668424,0.6716935989331576,42220.694809184475,45.560497504942475,14825.323661615534,0.3511387893690112,0.6488612106309888,0.6886696429719378,1.0208811496716
1.6444864864864863,39854.79004181376,45.43527325260385,8414.787929164475,27445.367492484904,40700.19375485717,45.480853008262,13254.82626237227,0.32566985656647973,0.6743301434335203,40875.187989170714,45.49016943992074,13429.82049668581,0.32855678853988013,0.6714432114601199,42312.55156680398,45.565216701279,14867.184074319077,0.3513658128332545,0.6486341871667455,0.6886341005357329,1.0212120980227586
1.6469879879879878,39929.46876412614,45.439338285853864,8430.124583391122,27495.388968355575,40789.681653179345,45.485622203927875,13294.29268482377,0.32592293310500864,0.6740770668949914,40964.94207900221,45.49493235043143,13469.553110646637,0.32880683889825035,0.6711931611017496,42404.492094272515,45.56992995349999,14909.10312591694,0.3515925410159713,0.6484074589840287,0.6885989175257518,1.021543309131777
1.6494894894894894,40004.170802937006,45.443396989156156,8445.468942803513,27545.435575180953,40879.25332135055,45.49038539777037,13333.8177461696,0.3261756676755534,0.6738243323244466,41054.77993868274,45.49968926759334,13509.344363501787,0.3290565528223177,0.6709434471776823,42496.51639159008,45.57463727805242,14951.080816409125,0.3518189744928809,0.6481810255071191,0.6885640927510147,1.0218747820752054
1.651990990990991,40078.89611421412,45.44744938138013,8460.821007401648,27595.507312961043,40968.90875937079,45.49514260631214,13373.401446409745,0.32642806097076865,0.6735719390292314,41144.70156821229,45.504440207912026,13549.194255251245,0.32930593099061695,0.670694069009383,42588.62445875666,45.57933869131159,14993.117145795619,0.3520451138382066,0.6479548861617934,0.6885296250256304,1.022206515933482
1.6544924924924924,40153.64465406365,45.451495481312705,8476.180777185526,27645.60418169584,41058.647967240046,45.49989384600425,13413.043785544207,0.32668011368144007,0.6733198863185599,41234.706967590864,45.50918518782145,13589.102785895026,0.3295549740798599,0.6704450259201401,42680.81629577228,45.584034209581574,15035.212114076443,0.3522709596246814,0.6477290403753185,0.6884955131687661,1.0225385097909114
1.656993993993994,40228.41637872956,45.45553530765873,8491.548252155148,27695.726181385344,41148.47094495833,45.504639133226505,13452.744763572988,0.3269318264964903,0.6730681735035098,41324.79613681846,45.5139242236844,13629.069955433119,0.3298036827649406,0.6701963172350595,42773.09190263692,45.58872384909563,15077.365721251579,0.3524965124235518,0.6475034875764482,0.6884617560046243,1.0228707627356477
1.6594954954954955,40303.21124459302,45.459568879041534,8506.923432310512,27745.873312029555,41238.37769252565,45.50937848428798,13492.504380496099,0.32718320010298513,0.6728167998970149,41414.969075895104,45.51865733179294,13669.095763865549,0.33005205771894247,0.6699479422810575,42865.45127935059,45.5934076260166,15119.577967321038,0.3527217728045834,0.6472782271954166,0.6884283523624156,1.0232032738596752
1.661996996996997,40378.029208171894,45.46359621400332,8522.306317651619,27796.04557362847,41328.368209942,45.51411191542733,13532.322636313525,0.3274342351861397,0.6725657648138603,41505.22578482076,45.5233845283688,13709.180211192288,0.330300099613143,0.669699900386857,42957.894425913284,45.598085556437354,15161.848852284813,0.3529467413360652,0.6470532586639348,0.6883953010763333,1.0235360422587878
1.6644984984984983,40452.87022612014,45.46761733100567,8537.69690817847,27846.242966182097,41418.44249720736,45.518839442813295,13572.199531025264,0.32768493242932467,0.6723150675706753,41595.566263595436,45.52810582956381,13749.323297413339,0.3305478091170209,0.6694521908829791,43050.421342325004,45.6027576563812,15204.178376142907,0.35317141858481477,0.6468285814151853,0.6883626009855284,1.0238690670325725
1.6669999999999998,40527.734255227275,45.47163224843001,8553.095203891067,27896.46548969044,41508.600554321754,45.523561082545065,13612.135064631315,0.32793529251407294,0.6720647074859271,41685.990512219156,45.532821251460305,13789.525022528716,0.3307951868982621,0.6692048131017378,43143.03202858576,45.60742394180228,15246.56653889532,0.3533958051161827,0.6466041948838174,0.6883302509340834,1.02420234728439
1.6695015015015013,40602.62125241789,45.47564098457807,8568.501204789403,27946.713144153477,41598.842381285176,45.52827685065268,13652.1292371317,0.32818531612008583,0.6718146838799142,41776.4985306919,45.537530810071516,13829.78538653842,0.33104223362276536,0.6689577663772347,43235.72648469553,45.61208442858599,15289.013340542053,0.35361990149405764,0.6463800985059424,0.6882982497709861,1.0245358821213535
1.6720030030030029,40677.531174750955,45.479643557672325,8583.914910873487,27996.985929571234,41689.16797809763,45.532986763097476,13692.182048526392,0.32843500392523783,0.6715649960747622,41867.09031901366,45.54223452134202,13870.104389442426,0.3312889499546476,0.6687110500453525,43328.504710654335,45.61673913254937,15331.518781083101,0.35384370828087064,0.6461562917191294,0.6882665963501076,1.0248696706543146
1.6745045045045044,40752.46397941938,45.48363998585644,8599.336322143312,28047.283845943693,41779.577344759105,45.53769083577244,13732.293498815412,0.32868435660558476,0.6713156433944152,41957.76587718446,45.54693240114808,13910.482031240765,0.3315353365562517,0.6684646634437482,43421.36670646217,45.62138806944152,15374.082860518476,0.3540672260376004,0.6459327739623997,0.6882352895301742,1.0252037119978423
1.677006006006006,40827.41962374948,45.48763028719577,8614.76543859888,28097.606893270862,41870.07048126962,45.54238908450264,13772.463587998758,0.3289333748353685,0.6710666251646314,42048.52520520428,45.55162446529808,13950.918311933416,0.33178139408815066,0.6682186059118493,43514.31247211903,45.62603125494401,15416.70557884817,0.35429045532377723,0.6457095446762228,0.6882043281747438,1.025538005270204
1.6795075075075074,40902.39806520037,45.491614479677736,8630.202260240194,28147.95507155274,41960.64738762914,45.54708152504561,13812.692316076402,0.329182059287023,0.6708179407129771,42139.36830307313,45.55631072953296,13991.413231520393,0.3320271232091543,0.6679728767908457,43607.34200762492,45.63066870467121,15459.386936072176,0.35451339669748827,0.6454866033025117,0.6881737111521814,1.0258725495933485
1.682009009009009,40977.39926136343,45.49559258121233,8645.64678706725,28198.328380789328,42051.30806383771,45.55176817309177,13852.97968304838,0.3294304106311817,0.6705695893688183,42230.29517079101,45.56099120952651,14031.966790001683,0.3322725245763148,0.6677274754236853,43700.45531297983,45.63530043417077,15502.126932190502,0.3547360507153821,0.6452639492846179,0.6881434373356347,1.0262073440928896
1.6845105105105105,41052.42316996186,45.499564609632515,8661.09901908005,28248.72682098062,42142.05250989529,45.55644904426476,13893.325688914672,0.3296784295366821,0.6703215704633179,42321.30580835791,45.56566592088585,14072.578987377288,0.332517598844933,0.667482401155067,43793.65238818378,45.639926458923966,15544.925567203158,0.3549584179326734,0.6450415820673266,0.6881135056030083,1.0265423878980844
1.687012012012012,41127.46974885002,45.50353058269468,8676.558956278592,28299.150392126623,42232.88072580191,45.56112415412187,13933.730333675285,0.3299261166705723,0.6700738833294277,42412.40021577384,45.57033487915178,14113.24982364722,0.33276234666856414,0.6672376533314358,43886.93323323675,45.64454679434606,15587.782841110125,0.3551804989031469,0.6448195010968532,0.688083914836942,1.026877680141818
1.6895135135135133,41202.53895601299,45.507490518079074,8692.026598662876,28349.599094227327,42323.792711557544,45.56579351815443,13974.193617330217,0.3301734726981172,0.6698265273018827,42503.5783930388,45.57499809979917,14153.979298811471,0.3330067686990232,0.6669932313009768,43980.29784813873,45.64916145578674,15630.698753911405,0.35540229417916286,0.6445977058208371,0.6880546639247838,1.027213219960585
1.6920150150150148,41277.630749566,45.51144443339024,8707.501946232906,28400.072927282745,42414.788467162216,45.57045715178816,14014.715539879471,0.33042049828280406,0.6695795017171959,42594.84034015278,45.57965559823732,14194.767412870038,0.33325086558639094,0.6667491344136091,44073.74623288975,45.65377045853045,15673.673305607008,0.35562380431166135,0.6443761956883386,0.6880257517585684,1.0275490064944721
1.6945165165165164,41352.745087753916,45.51539234615743,8722.984998988679,28450.57189129287,42505.86799261591,45.57511507038357,14055.296101323038,0.3306671940863486,0.6693328059136514,42686.1860571158,45.584307389810405,14235.614165822932,0.3334946379790201,0.6665053620209799,44167.27838748981,45.658373817796814,15716.706496196937,0.3558450298501668,0.6441549701498333,0.6879971772349919,1.0278850388871397
1.6970180180180179,41427.88192895075,45.51933427383503,8738.475756930196,28501.09598625771,42597.03128791864,45.579767289236344,14095.935301660928,0.3309135607687011,0.6690864392312988,42777.61554392784,45.58895348979776,14276.519557670126,0.3337380865235402,0.6662619134764598,44260.894311938886,45.662971548740984,15759.798325681175,0.35606597134279194,0.6439340286572081,0.6879689392553882,1.0282213162858045
1.6995195195195194,41503.041231658994,45.52327023380298,8753.974220057455,28551.645212177245,42688.27835307039,45.5844138235777,14136.633140893144,0.3311595989880523,0.6688404010119477,42869.12880058891,45.593593913414324,14317.483588411662,0.3339812118648648,0.6660187881351352,44354.59400623699,45.66756366645399,15802.948794059746,0.35628662933624394,0.643713370663756,0.6879410367257068,1.028557837841225
1.702021021021021,41578.222954509336,45.52720024336725,8769.480388370459,28602.2195690515,42779.60918807116,45.58905468857475,14177.389619019661,0.3314053094008381,0.6685946905991619,42960.725827099,45.598228675810994,14358.506258047499,0.3342240146461949,0.6657759853538051,44448.377470384126,45.672150185963154,15846.157901332626,0.3565070043758266,0.6434929956241734,0.6879134685564878,1.0288946027076784
1.7045225225225225,41653.42705625994,45.53112431976014,8784.994261869206,28652.81905688046,42871.02379292097,45.59368989933088,14218.204736040509,0.3316506926617478,0.6683493073382523,43052.406623458126,45.60285779207496,14399.587566577666,0.3344664955090271,0.6655335044909729,44542.24470438029,45.67673112223247,15889.42564749983,0.3567270970054471,0.6432729029945529,0.6878862336628393,1.0292316100429493
1.707024024024024,41728.65349579605,45.53504248014082,8800.515840553697,28703.44367566413,42962.5221676198,45.598319470886146,14259.078491955668,0.33189574942372724,0.6681042505762728,43144.171189666275,45.60748127723011,14440.727514002145,0.33470865509315734,0.6652913449068427,44636.195708225474,45.68130649016287,15932.752032561344,0.3569469077676189,0.6430530922323812,0.6878593309644141,1.0295688590083085
1.7095255255255255,41803.902232129345,45.53895474159564,8816.04512442393,28754.093425402505,43054.10431216766,45.602943418217585,14300.010886765158,0.3321404803379868,0.6678595196620132,43236.01952572345,45.612099146237384,14481.926100320947,0.3349504940366877,0.6650495059633122,44730.23048191969,45.68587630459271,15976.137056517182,0.3571664372034672,0.6428335627965328,0.6878327593853879,1.0299063487684996
1.712027027027027,41879.17322439765,45.54286112113859,8831.582113479908,28804.76830609559,43145.77022656455,45.60756175623959,14341.00192046896,0.33238488605400546,0.6676151139459945,43327.95163162966,45.616711413995134,14523.183325534068,0.33519201297603135,0.6648079870239686,44824.34902546293,45.69044058029806,16019.580719367339,0.35738568585273267,0.6426143141472673,0.6878065178544338,1.030244078491717
1.7145285285285283,41954.46643186421,45.54676163571171,8847.126807721626,28855.468317743373,43237.51991081046,45.61217449980431,14382.051593067084,0.3326289672195378,0.6673710327804622,43419.96750738488,45.621318095339454,14564.499189641505,0.33543321254591846,0.6645667874540815,44918.55133885519,45.69499933199305,16063.08302111182,0.35760465425377647,0.6423953457462235,0.6877806053047021,1.0305820473495946
1.7170300300300299,42029.781813917296,45.55065630218544,8862.67920714909,28906.193460345876,43329.3533649054,45.616781663701936,14423.159904559525,0.3328727244806187,0.6671272755193813,43512.06715298914,45.62591920504458,14605.873692643265,0.33567409337940146,0.6643259066205985,45012.83742209649,45.699552574330276,16106.643961750615,0.3578233429435838,0.6421766570564162,0.6877550206737972,1.0309202545171856
1.7195315315315314,42105.11933006969,45.554545137359085,8878.239311762298,28956.94373390308,43421.270588849366,45.621383262661105,14464.326854946285,0.3331161584815701,0.6668838415184298,43604.250568442425,45.63051475782321,14647.306834539344,0.3359146561078611,0.6640853438921389,45107.20727518681,45.704100321901095,16150.26354128373,0.35804175245776937,0.6419582475422306,0.6877297629037536,1.0312586991729469
1.722033033033033,42180.478939958164,45.55842815796116,8893.80712156125,29007.719138415003,43513.27158264237,45.62597931134924,14505.552444227364,0.3333592698650058,0.6666407301349943,43696.517753744745,45.635104768326855,14688.798615329742,0.3361549013610113,0.6638450986389888,45201.66089812617,45.70864258923602,16193.941759711164,0.35825988333058095,0.641740116669419,0.6877048309410158,1.0315973804987224
1.7245345345345344,42255.860603342975,45.5623053806498,8909.382636545944,29058.519673881627,43605.35634628439,45.63056982437287,14546.836672402762,0.33360205927183756,0.6663979407281625,43788.86870889609,45.63968925114622,14730.34903501446,0.33639482976690516,0.6636051702330948,45296.198290914544,45.71317939080505,16237.678617032918,0.35847773609490424,0.6415222639050957,0.6876802237364141,1.031936297679727
1.727036036036036,42331.26428010742,45.56617682201318,8924.965856716382,29109.34534030296,43697.52487977544,45.63515481627802,14588.17953947248,0.33384452734128056,0.6661554726587194,43881.30343389645,45.6442682208115,14771.95809359349,0.33663444195194026,0.6633655580480597,45390.81945355194,45.717710741017996,16281.474113248983,0.3586953112822667,0.6413046887177333,0.6876559402451443,1.03227544990453
1.7295375375375375,42406.68993025728,45.57004249856984,8940.556782072563,29160.196137679,43789.77718311552,45.63973430155051,14629.58104543652,0.33408667471085923,0.6659133252891407,43973.82192874585,45.64884169179276,14813.62579106685,0.3368737385408642,0.6631262614591358,45485.52438603838,45.722236654224844,16325.32824835938,0.3589126094228427,0.6410873905771572,0.6876319794267444,1.0326148363650378
1.732039039039039,42482.13751392037,45.57390242676912,8956.15541261449,29211.07206600975,43882.11325630463,45.64430829461634,14671.041190294876,0.33432850201641234,0.6656714979835876,44066.42419344427,45.65340967850026,14855.352127434518,0.33711272015677957,0.6628872798432205,45580.313088373834,45.72675714471609,16369.241022364084,0.3591296310454564,0.6408703689545435,0.6876083402450733,1.03295445625648
1.7345405405405405,42557.60699134603,45.57775662299154,8971.761748342156,29261.973125295204,43974.533099342756,45.648876809841965,14712.559974047552,0.33457000989209923,0.6654299901079007,44159.11022799172,45.657972195284785,14897.137102696513,0.3373513874211503,0.6626486125788498,45675.185560558326,45.731272226723064,16413.21243526312,0.359346376677588,0.6406536233224119,0.6875850216682894,1.033294308777391
1.737042042042042,42633.09832290467,45.581605103549144,8987.375789255568,29312.89931553537,44067.03671222992,45.65343986153471,14754.13739669455,0.3348111989704049,0.6651888010295951,44251.880032388195,45.662529256438006,14938.980716852824,0.33758974095380584,0.6624102590461941,45770.14180259184,45.73578191441829,16457.24248705647,0.3595628468453759,0.640437153154624,0.6875620226688284,1.033634393129595
1.7395435435435433,42708.61146908724,45.585447884685934,9002.997535354723,29363.850636730247,44159.62409496609,45.65799746394303,14795.773458235846,0.3350520698821453,0.6649479301178547,44344.73360663369,45.66708087619278,14980.88296990344,0.33782778137294744,0.6621722186270526,45865.181814474374,45.740286221915795,16501.331177744127,0.3597790420736226,0.6402209579263773,0.6875393422233824,1.0339747085181896
1.7420450450450449,42784.14639050476,45.58928498257817,9018.62698663962,29414.827088879818,44252.29524755131,45.66254963125689,14837.46815867149,0.33529262325647435,0.6647073767435256,44437.67095072822,45.671627068723495,15022.843861848403,0.33806550929515394,0.6619344907048461,45960.305596205944,45.74478516327144,16545.478507326126,0.35999496288579874,0.6400050371142013,0.6875169793128784,1.0343152541515328
1.7445465465465464,42859.703047887866,45.593116413334826,9034.264143110262,29465.828671984113,44345.05016998555,45.66709637760805,14879.22149800144,0.3355328597208866,0.6644671402791135,44530.69206467178,45.67616784814642,15064.863392687665,0.3383029253353847,0.6616970746646152,46055.513147786536,45.74927875248325,16589.684475802424,0.3602106098040455,0.6397893901959545,0.6874949329224574,1.034656029241222
1.747048048048048,42935.28140208631,45.59694219299789,9049.909004766647,29516.855386043106,44437.888862268825,45.671637717070446,14921.033476225719,0.33577277990122567,0.6642272200987743,44623.79694846437,45.680703228519995,15106.941562421263,0.33854003010698835,0.6614599698930116,46150.804469216164,45.75376700349176,16633.949083173058,0.36042598334918197,0.639574016650818,0.6874732020414527,1.0349970330020826
1.7495495495495494,43010.881414068506,45.600762337542776,9065.561571608776,29567.907231056815,44530.81132440112,45.676173663660464,14962.904093344303,0.33601238442168746,0.6639876155783125,44716.98560210598,45.68523322384516,15149.078371049167,0.3387768242217049,0.6612231757782951,46246.17956049481,45.7582499301803,16678.272329437998,0.36064108404070616,0.6393589159592938,0.6874517856633693,1.0353382646521505
1.752051051051051,43086.50304492102,45.60457686287866,9081.22184363665,29618.98420702523,44623.81755638244,45.68070423133729,15004.83334935721,0.3362516739048272,0.6637483260951729,44810.25802559662,45.689757848065696,15191.273818571386,0.33901330828967313,0.6609866917103269,46341.63842162248,45.762727546375324,16722.654214597253,0.3608559123968015,0.6391440876031985,0.6874306827858633,1.0356797234126578
1.7545525525525525,43162.146255848085,45.60838578484885,9096.889820850265,29670.086313948355,44716.907558212784,45.68522943400319,15046.821244264429,0.3364906489715634,0.6635093510284366,44903.61421893629,45.69427711506855,15233.527904987932,0.3392494829194352,0.6607505170805649,46437.18105259919,45.76719986584678,16767.094738650834,0.3610704689343399,0.6389295310656601,0.6874098924107215,1.0360214085080175
1.757054054054054,43237.81100817127,45.61218911923116,9112.565503249625,29721.21355182619,44810.08132989217,45.6897492855039,15088.867778065982,0.33672931024118474,0.6632706897588152,44997.05418212498,45.69879103868411,15275.84063029879,0.3394853487179411,0.6605146512820589,46532.807453424924,45.771666902308326,16811.593901598735,0.3612847541688861,0.6387152458311139,0.6873894135438389,1.0363633191658053
1.7595555555555555,43313.49726332881,45.61598688173826,9128.248890834728,29772.365920658725,44903.338871420565,45.69426379962887,15130.97295076184,0.3369676583313537,0.6630323416686463,45090.57791516271,45.70329963268654,15318.211994503981,0.3397209062905555,0.6602790937094445,46628.51762409968,45.77612866941774,16856.151703440955,0.3614987686147018,0.6385012313852982,0.6873692451952009,1.036705454616748
1.7620570570570568,43389.20498287528,45.61977908801801,9143.93998360557,29823.543420445963,44996.680182797994,45.69877299011161,15173.136762352031,0.33720569385811366,0.6627943061418863,45184.18541804945,45.70780291079412,15360.641997603485,0.3399561562410609,0.6600438437589391,46724.311564623466,45.78058518077718,16900.768144177502,0.36171251278474986,0.6382874872152501,0.6873493863788616,1.0370478140947075
1.7645585585585584,43464.93412848111,45.62356575365383,9159.63878156216,29874.746051187918,45090.10526402445,45.70327687062997,15215.359212836534,0.33744341743589246,0.6625565825641075,45277.87669078522,45.712300886669524,15403.1306395973,0.3401910991716643,0.6598089008283358,46820.18927499627,45.785036449933514,16945.443223808354,0.36192598719069796,0.6380740128093021,0.6873298361129231,1.0373903968366633
1.76706006006006,43540.68466193205,45.627346894165065,9175.345284704494,29925.973812884582,45183.61411509994,45.70777545480651,15257.640302215357,0.33768082967750906,0.6623191703224909,45371.651733370025,45.71679357392013,15445.677920485443,0.340425735683002,0.6595742643169981,46916.150755218114,45.789482490378596,16990.17694233353,0.3621391923429236,0.6378608076570764,0.6873105934195171,1.0377332020827021
1.7695615615615614,43616.456545128836,45.6311225250073,9191.059493032571,29977.22670553596,45277.206736024455,45.71226875620873,15299.980030488496,0.33791793119417823,0.6620820688058218,45465.51054580386,45.72128098609832,15488.2838402679,0.3406600663741443,0.6593399336258557,47012.196005288984,45.793923315549605,17034.969299753026,0.3623521287505172,0.6376478712494827,0.6872916573247826,1.0380762290759975
1.772063063063063,43692.24974008664,45.63489266157275,9206.78140654639,30028.504729142034,45370.883126798,45.71675678834944,15342.378397655964,0.3381547225955162,0.6618452774044837,45559.453128086716,45.725763136701836,15530.948398944682,0.3408940918426013,0.6591059081573987,47108.32502520888,45.79835893882934,17079.820296066842,0.36256479692128707,0.6374352030787129,0.6872730268588474,1.0384194770627992
1.7745645645645645,43768.06420893464,45.63865731919052,9222.511025245954,30079.807883702826,45464.643287420564,45.72123956468701,15384.835403717738,0.3383912044895447,0.6616087955104553,45653.47948021861,45.730240039174,15573.671596515782,0.34112781268432707,0.658872187315673,47204.537814977804,45.8027893735465,17124.72993127498,0.3627771973617624,0.6372228026382376,0.687254701055809,1.038762945292417
1.777066066066066,43843.89991391555,45.64241651312706,9238.24834913126,30131.136169218316,45558.487217892165,45.725717098625694,15427.351048673849,0.33862737748269817,0.6613726225173019,45747.589602199514,45.734711706904065,15616.453432981198,0.3413612294937255,0.6586387705062745,47300.83437459575,45.80721463297601,17169.698205377437,0.3629893305771982,0.6370106694228018,0.6872366789537132,1.0391066330172063
1.7795675675675675,43919.75681738523,45.6461702585864,9253.99337820231,30182.489585688527,45652.41491821279,45.730189403515936,15469.92533252426,0.33886324217982644,0.6611367578201736,45841.783494029456,45.73917815322751,15659.29390834093,0.3415943428636548,0.6584056571363452,47397.21470406273,45.81163473033931,17214.725118374205,0.36320119707157844,0.6367988029284215,0.6872189595945365,1.0394505394925526
1.782069069069069,43995.63488181219,45.649918570710554,9269.746112459105,30233.86813311344,45746.42638838243,45.734656492654636,15512.558255268992,0.33909879918420244,0.6609012008157976,45936.06115570842,45.74363939142633,15702.19302259498,0.3418271533854332,0.6581728466145669,47493.67880337874,45.81604967880461,17259.8106702653,0.3634127973476214,0.6365872026523787,0.6872015420241641,1.0397946639768578
1.7845705705705706,44071.53406977716,45.65366146457981,9285.506551901643,30285.27181149306,45840.52162840111,45.73911837928547,15555.24981690805,0.3393340490975257,0.6606659509024744,46030.42258723642,45.74809543472931,15745.150775743357,0.34205966164884316,0.6579403383511568,47590.226672543766,45.82045949148726,17304.954861050704,0.3636241319067819,0.6363758680932181,0.6871844252923731,1.0401390057315265
1.7870720720720719,44147.45434397259,45.6573989552131,9301.274696529921,30336.700620827385,45934.70063826881,45.74357507659917,15598.000017441427,0.33956899251992784,0.6604310074800721,46124.86778861343,45.75254629631232,15788.167167786047,0.34229186824213675,0.6577081317578632,47686.85831155782,45.82486418144997,17350.157690730437,0.36383520124925683,0.6361647987507432,0.6871676084528128,1.0404835640209509
1.7895735735735734,44223.39566720231,45.661131057568284,9317.050546343946,30388.154561116422,46028.96341798554,45.74802659773382,15640.80885686912,0.33980363004997777,0.6601963699500222,46219.39675983948,45.75699198929865,15831.24219872306,0.34252377375204063,0.6574762262479593,47783.57372042091,45.82926376170312,17395.419159304485,0.36404600587398794,0.6359539941260121,0.6871510905629843,1.040828338112496
1.792075075075075,44299.35800238103,45.664857786542534,9332.834101343713,30439.633632360168,46123.3099675513,45.752472955775126,15683.676335191132,0.3400379622846869,0.6599620377153131,46314.00950091456,45.76143252675924,15874.37586855439,0.3427553787637609,0.6572446212362391,47880.37289913302,45.83365824520507,17440.739266772853,0.36425654627866644,0.6357434537213336,0.6871348706842225,1.0411733272764865
1.7945765765765764,44375.34131253391,45.6685791569726,9348.625361529223,30491.137834558616,46217.74028696609,45.75691416375673,15726.602452407471,0.3402719898195141,0.6597280101804859,46408.70601183866,45.765867921713,15917.568177280042,0.3429866838609881,0.6570133161390119,47977.25584769416,45.838047644862414,17486.118013135547,0.3644668229597368,0.6355331770402631,0.687118947881677,1.0415185307861912
1.797078078078078,44451.34556079611,45.67229518363517,9364.424326900478,30542.66716771178,46312.2543762299,45.761350234660455,15769.587208518122,0.3405057132483703,0.6594942867516297,46503.48629261179,45.77029818712707,15960.819124900012,0.34321768962590177,0.6567823103740982,48074.22256610433,45.84243197353027,17531.555398392546,0.3646768364124002,0.6353231635875998,0.687103321224294,1.0418639479178111
1.7995795795795795,44527.370710412375,45.676005881247185,9380.230997457476,30594.221631819655,46406.85223534274,45.765781181416635,15812.630603523085,0.34073913316362425,0.6592608668363757,46598.35034323395,45.77472333591711,16004.128711414294,0.3434483966391759,0.6565516033608241,48171.273054363526,45.84681124401257,17577.05142254387,0.36488658713061933,0.6351134128693807,0.6870879897847962,1.042209577950464
1.802081081081081,44603.4167247366,45.67971126446615,9396.045373200215,30645.801226882224,46501.53386430461,45.770207016904344,15855.732637422389,0.34097225015610777,0.6590277498438922,46693.298163705134,45.77914338094759,16047.49693682291,0.343678805479984,0.656321194520016,48268.40731247175,45.85118546906232,17622.606085589523,0.36509607560712154,0.6349039243928785,0.6870729526396657,1.0425554201661718
1.8045825825825825,44679.48356723142,45.68341134789044,9411.8674541287,30697.40595289951,46596.29926311551,45.7746277539517,15898.893310215997,0.34120506481511875,0.6587949351848812,46788.32975402535,45.783558335032055,16090.923801125839,0.34390891672600227,0.6560910832739977,48365.625340429,45.8555546613819,17668.219387529487,0.36530530233340247,0.6346946976665975,0.6870582088691246,1.0429014738498434
1.807084084084084,44755.571201467734,45.68710614605966,9427.69724024293,30749.035809871508,46691.14843177543,45.77904340533614,15942.112621903922,0.34143757772842864,0.6585624222715714,46883.44511419459,45.78796821093341,16134.409304323082,0.3441387309534165,0.6558612690465835,48462.927138235274,45.859918833623325,17713.891328363767,0.36551426779973073,0.6344857322002693,0.6870437575571176,1.0432477382892662
1.8095855855855856,44831.67959112433,45.6907956734549,9443.5347315429,30800.69079779821,46786.08137028437,45.78345398378471,15985.390572486165,0.341669789482286,0.658330210517714,46978.644244212854,45.792373021364156,16177.953446414645,0.34436824873692595,0.655631751263074,48560.31270589058,45.86427799838851,17759.621908092373,0.3657229724951514,0.6342770275048486,0.6870295977912917,1.043594212775088
1.8120870870870869,44907.808699987414,45.69447994449905,9459.379928028615,30852.370916679618,46881.098078642346,45.787859501974275,16028.727161962728,0.3419017006614217,0.6580982993385783,47073.92714408014,45.79677277898675,16221.55622740052,0.3445974706497478,0.6554025293502522,48657.782043394895,45.86863216822955,17805.411126715277,0.36593141690748915,0.6340685830925108,0.6870157286629811,1.0439408966008061
1.8145885885885884,44983.958491950245,45.69815897355717,9475.232829700073,30904.076166515737,46976.198556849355,45.792259972531866,16072.122390333618,0.34213331184905393,0.6578666881509461,47169.29381379646,45.80116749641376,16265.217647280722,0.3448263972636228,0.6551736027363773,48755.33515074826,45.87298135564899,17851.25898423252,0.36613960152335356,0.6338603984766464,0.6870021492671868,1.0442877890627527
1.81709009009009,45060.12893101265,45.70183277493673,9491.093436557276,30955.806547306565,47071.382804905385,45.79665540803491,16115.57625759882,0.3423646236268927,0.6576353763731073,47264.74425336181,45.805557186208226,16308.937706055243,0.3450550291488192,0.6549449708511808,48852.972027950644,45.87732557310011,17897.16548064408,0.36634752682814115,0.6336524731718588,0.6869888587025595,1.0446348894600808
1.8195915915915915,45136.31998128066,45.705501362887944,9506.96174860022,31007.5620590521,47166.65082281044,45.801045821011485,16159.088763758344,0.3425956365751453,0.6574043634248548,47360.27846277619,45.80994186088389,16352.716403724087,0.345283366874138,0.654716633125862,48950.69267500206,45.88166483298713,17943.130615949958,0.36655519330604047,0.6334448066939595,0.6869758560713818,1.0449821970947524
1.822093093093093,45212.53160696606,45.709164751604064,9522.83776582891,31059.342701752343,47262.00261056452,45.805431223940616,16202.65990881218,0.34282635127252065,0.6571736487274794,47455.896442039586,45.81432153290543,16396.553740287243,0.3455114110069173,0.6544885889930827,49048.49709190249,45.88599914766555,17989.15439015015,0.36676260144003503,0.633237398559965,0.6869631404795504,1.0453297112715247
1.8245945945945945,45288.76377238599,45.712822955221675,9538.721488243342,31111.148475407295,47357.43816816764,45.80981162925249,16246.289692760343,0.3430567682962346,0.6569432317037653,47551.59819115202,45.8186962146888,16440.449715744726,0.3457391621130374,0.6542608378869625,49146.385278651964,45.89032852944237,18035.23680324467,0.3669697517119077,0.6330302482880923,0.6869507110365587,1.0456774312979369
1.827096096096096,45365.01644196254,45.71647598782101,9554.612915843518,31162.979380016954,47452.95749561978,45.8141870493288,16289.97811560283,0.3432868882220144,0.6567131117779856,47647.38371011348,45.8230659186014,16484.404330096524,0.3459666207569252,0.6540333792430748,49244.357235250456,45.89465299057635,18081.377855233502,0.3671766446022441,0.6328233553977559,0.6869385668554782,1.0460253564842952
1.8295975975975975,45441.28958022233,45.720123863426224,9570.512048629436,31214.83541558132,47548.56059292095,45.818557496502905,16333.725177339627,0.3435167116241033,0.6564832883758968,47743.252998923956,45.82743065696241,16528.417583342634,0.34619378750155866,0.6538062124984413,49342.41296169798,45.89897254327826,18127.577546116656,0.367383280590436,0.632616719409564,0.6869267070529427,1.046373486143663
1.832099099099099,45517.58315179606,45.72376659600572,9586.418886601099,31266.7165821004,47644.24746007114,45.82292298306015,16377.530877970745,0.3437462390752659,0.6562537609247341,47839.20605758348,45.83179044204301,16572.48947548308,0.34642066290847245,0.6535793370915276,49440.552457994534,45.90328719971117,18173.835875894136,0.36758966015468597,0.632410339845314,0.6869151307491302,1.0467218195918464
1.8346006006006006,45593.89712141821,45.72740419947239,9602.333429758504,31318.622879574177,47740.018097070366,45.827283521238115,16421.39521749619,0.3439754711467927,0.6560245288532073,47935.24288609201,45.836145286066625,16616.620006517835,0.346647247537761,0.653352752462239,49538.77572414011,45.907596971990685,18220.152844565935,0.36779578377201,0.63220421622799,0.6869038370677449,1.04707035614738
1.837102102102102,45670.23145392651,45.731036687683954,9618.255678101654,31370.55430800267,47835.87250391861,45.83163912322685,16465.31819591594,0.34420440840850425,0.6557955915914957,48031.36348444957,45.84049520120922,16660.8091764469,0.34687354194808423,0.6531264580519157,49637.082760134705,45.91190187218518,18266.528452132035,0.36800165191824147,0.6319983480817586,0.6868928251360017,1.047419095131516
1.8396036036036034,45746.58611426165,45.73466407444324,9634.185631630546,31422.510867385867,47931.81068061589,45.835989801169134,16509.299813230024,0.34443305142875713,0.6555669485712429,48127.56785265617,45.84484019959953,16705.0569852703,0.3470995466966724,0.6529004533033276,49735.47356597833,45.9162019123161,18312.962698592466,0.3682072650680357,0.6317927349319643,0.6868820940846074,1.0477680358682107
1.842105105105105,45822.961067466786,45.73828637349844,9650.123290345184,31474.49255772378,48027.83262716219,45.840335567160736,16553.34006943841,0.344661400774447,0.6553385992255529,48223.85599071179,45.84918029331928,16749.363432988008,0.34732526233932925,0.6526747376606707,49833.94814167099,45.92049710435815,18359.45558394721,0.36841262369487215,0.6315873763051278,0.6868716430477454,1.0481171776841112
1.8446066066066065,45899.35627868718,45.74190359854343,9666.068654245562,31526.499379016394,48123.93834355752,45.844676433250655,16597.43896454113,0.3448894570110152,0.6551105429889847,48320.22789861643,45.85351549440348,16793.728519600038,0.34755068943043826,0.6524493105695618,49932.50648721268,45.92478746023957,18406.00710819629,0.36861772827105965,0.6313822717289403,0.6868614711630575,1.048466519908544
1.847108108108108,45975.7717131698,45.74551576321803,9682.021723331687,31578.531331263726,48220.12782980187,45.84901241144138,16641.596498538147,0.3451172207024513,0.6548827792975487,48416.68357637011,45.85784581484066,16838.152245106383,0.34777582852296574,0.6522241714770343,50031.14860260339,45.92907299184241,18452.617271339663,0.3688225792677379,0.6311774207322621,0.6868515775716284,1.0488160618735014
1.8496096096096095,46052.20733626299,45.749122881108306,9697.982497603552,31630.588414465754,48316.40108589527,45.85334351368908,16685.812671429514,0.3453446924113002,0.6546553075886997,48513.22302397281,45.8621712665731,16882.634609507055,0.3480006801684667,0.6519993198315334,50129.87448784313,45.93335371100274,18499.286073377378,0.3690271771548838,0.6309728228451161,0.6868419614179668,1.0491658029136288
1.852111111111111,46128.663113415925,45.752724965746815,9713.950977061162,31682.670628622494,48412.758111837684,45.857669751903956,16730.08748321519,0.3455718726986641,0.6544281273013359,48609.846241424544,45.866491861497096,16927.17561280205,0.34822524491708795,0.651774755082912,50228.6841429319,45.937629629510866,18546.01351430941,0.36923152240131246,0.6307684775986876,0.6868326218499924,1.0495157423662136
1.8546126126126126,46205.139010178355,45.75632203061293,9729.927161704516,31734.777973733944,48509.19890762912,45.86199113795038,16774.420933895177,0.3457987621242089,0.6542012378757911,48706.5532287253,45.87080761146318,16971.775254991357,0.3484495233175736,0.6515504766824264,50327.577567869695,45.94190075911165,18592.79959413575,0.36943561547468223,0.6305643845253178,0.6868235580190163,1.049865879571171
1.857114114114114,46281.63499220014,45.75991408913306,9745.911051533612,31786.9104498001,48605.72347326958,45.86630768364717,16818.81302346948,0.34602536124616856,0.6539746387538314,48803.34398587508,45.87511852827635,17016.43353607498,0.3486735159172692,0.6513264840827308,50426.55476265652,45.94616711150468,18639.644312856417,0.3696394568414982,0.6303605431585019,0.6868147690797259,1.0502162138710338
1.8596156156156156,46358.15102523092,45.76350115468098,9761.902646548453,31839.068056820965,48702.331808759074,45.87061940076786,16863.26375193811,0.3462516706213493,0.6537483293786507,48900.21851287389,45.87942462369638,17061.15045605293,0.34889722326212635,0.6511027767378736,50525.61572729237,45.95042869834455,18686.547670471402,0.3698430469671151,0.6301569530328849,0.6868062541901684,1.0505667446109381
1.862117117117117,46434.68707511968,45.76708324057806,9777.901946749036,31891.25079479654,48799.02391409759,45.87492630104089,16907.77311930105,0.34647769080513413,0.6535223091948659,48997.17680972173,45.88372590943796,17105.92601492519,0.3491206458967067,0.6508793541032933,50624.76046177723,45.95468553124107,18733.50966698069,0.3700463863157415,0.6299536136842585,0.6867980125117349,1.0509174711386127
1.8646186186186184,46511.24310781438,45.77066036009356,9793.908952135364,31943.45866372682,48895.79978928514,45.87922839614987,16952.341125558323,0.346703422351488,0.653296577648512,49094.21887641859,45.88802239717101,17150.760212691774,0.34934378436418695,0.650656215635813,50723.98896611114,45.95893762175951,18780.53030238432,0.3702494753504432,0.6297505246495568,0.6867900432091436,1.0512683928043656
1.86712012012012,46587.81908936156,45.77423252644489,9809.923662707435,31995.69166361181,48992.659434321715,45.883525697733816,16996.967770709904,0.3469288658129612,0.6530711341870389,49191.34471296449,45.89231409852085,17195.65304935268,0.3495666392063628,0.6504333607936372,50823.301240294066,45.96318498142084,18827.609576682255,0.37045231453314614,0.6295476854668538,0.6867823454504249,1.0516195089610731
1.8696216216216215,46664.414985906,45.77779975279786,9825.946078465247,32047.949794451506,49089.602849207324,45.88781821738737,17041.653054755818,0.3471540217406953,0.6528459782593047,49288.554319359406,45.8966010250685,17240.6045249079,0.34978921096365345,0.6502107890363465,50922.69728432603,45.967427621701944,18874.747489874524,0.37065490432464104,0.6293450956753589,0.6867749184069041,1.0519708189641679
1.872123123123123,46741.030763690294,45.78136205226699,9841.976199408808,32100.23305624592,49186.630033941954,45.89210596666102,17086.396977696033,0.3473788906844261,0.6526211093155738,49385.847695603356,45.90088318835085,17285.614639357434,0.35001150017510607,0.6499884998248939,51022.177098207016,45.971665554035866,18921.944041961095,0.37085724518458535,0.6291427548154147,0.686767761253187,1.0523223221716254
1.8746246246246245,46817.66638905449,45.784919437915725,9858.014025538107,32152.541448995027,49283.74098852561,45.896388957061376,17131.199539530586,0.34760347319249,0.6523965268075099,49483.224841696334,45.905160599860935,17330.683392701307,0.35023350737840053,0.6497664926215995,51121.74068193702,45.975898789812064,18969.199232941995,0.3710593375715086,0.6289406624284913,0.6867608731671422,1.0526740179439544
1.877126126126126,46894.321828435684,45.78847192275672,9874.059556853153,32204.874972698857,49380.93571295829,45.90066720005133,17176.060740259436,0.347827769811826,0.6521722301881739,49580.68575763833,45.90943327104813,17375.810784939476,0.3504552331098523,0.6495447668901477,51221.388035516065,45.98012734037657,19016.51306281721,0.37126118194281404,0.628738818057186,0.6867542533298888,1.0530259056441835
1.8796276276276276,46970.99704836775,45.7920195197521,9890.11279335394,32257.233627357382,49478.21420724001,45.90494070705036,17220.980579882627,0.34805178108798296,0.651948218912017,49678.23044342936,45.9137012133184,17420.99681607198,0.350676677904419,0.649323322095581,51321.11915894413,45.98435121703227,19063.885531586748,0.37146277875478356,0.6285372212452164,0.6867479009257762,1.0533779846378497
1.882129129129129,47047.692015480825,45.79556224181373,9906.173735040473,32309.617412970627,49575.57647137075,45.90920948943469,17265.95905840012,0.34827550756512105,0.651724492434879,49775.858899069426,45.9179644380345,17466.2414860988,0.3508978422957024,0.6491021577042976,51420.93405222123,45.98857043103912,19111.316639250603,0.37166412846257996,0.6283358715374201,0.6867418151423729,1.0537302542929872
1.8846306306306306,47124.40669650104,45.79910010180342,9922.242381912745,32362.026329538567,49673.02250535051,45.91347355853753,17310.996175811946,0.34849894978601914,0.6515010502139809,49873.571124558504,45.922222956516244,17511.544795019938,0.3511187268159546,0.6488812731840454,51520.83271534735,45.99278499361434,19158.806385808784,0.37186523152025136,0.6281347684797486,0.686735995170448,1.0540827139801148
1.887132132132132,47201.14105825008,45.80263311253324,9938.318733970764,32414.460377061223,49770.5523091793,45.917732925649354,17356.091932118077,0.3487221082920764,0.6512778917079236,49971.367119896604,45.92647678004067,17556.90674283538,0.35133933199608064,0.6486606680039193,51620.81514832249,45.99699491593269,19206.354771261264,0.3720660883807336,0.6279339116192665,0.6867304402039586,1.0544353630722265
1.8896336336336335,47277.89506764489,45.80616128676577,9954.402791214527,32466.919555538592,49868.16588285712,45.92198760201802,17401.24632731853,0.34894498362331894,0.6510550163766811,50069.24688508375,45.9307259198423,17602.327329545154,0.35155965836564457,0.6484403416343555,51720.88135114666,46.00120020912662,19253.961795608066,0.37226669949585467,0.6277333005041453,0.6867251494400322,1.0547882009447775
1.892135135135135,47354.66869169724,45.8096846372143,9970.49455364403,32519.403864970656,49965.86322638397,45.92623759884907,17446.459361413312,0.34916757631840306,0.650832423681597,50167.21042011991,45.934970387113346,17647.806555149255,0.3517797064528722,0.6482202935471277,51821.031323819865,46.00540088428656,19301.62745884921,0.37246706531633794,0.627532934683662,0.686720122078952,1.0551412269756741
1.8946366366366365,47431.4618975134,45.813203176543134,9986.59402125928,32571.91330535744,50063.64433975985,45.93048292730593,17491.731034402408,0.3493898869146192,0.6506101130853809,50265.2577250051,45.93921019300393,17693.344419647663,0.3519994767846556,0.6480005232153444,51921.26506634209,46.009596952461074,19349.351760984653,0.3726671862918042,0.6273328137081958,0.6867153573241441,1.0554944405452626
1.897138138138138,47508.274652293774,45.8167169173678,10002.701194060272,32624.447876698927,50161.50922298475,45.93472359851009,17537.061346285824,0.34961191594789737,0.6503880840521026,50363.38879973933,45.943445348622305,17738.940923040405,0.3522189698865581,0.6477810301134419,52021.58257871335,46.013788424657115,19397.134702014424,0.3728670628707769,0.6271329371292231,0.6867108543821591,1.0558478410363168
1.8996396396396396,47585.106923332525,45.820225872255335,10018.816072047008,32677.007578995126,50259.45787605868,45.93895962354138,17582.450297063555,0.3498336639528106,0.6501663360471893,50461.603644322575,45.947675865035045,17784.59606532745,0.35243818628281726,0.6475618137171828,52121.98386093364,46.01797531184024,19444.97628193851,0.3730666955006843,0.6269333044993157,0.6867066124626595,1.0562014278340275
1.902141141141141,47661.95867801723,45.82373005372449,10034.938655219486,32729.59241224603,50357.49029898164,45.94319101343814,17627.89788673561,0.3500551314625799,0.6499448685374202,50559.90225875485,45.9519017532673,17830.309846508822,0.3526571264963504,0.6473428735036496,52222.46891300295,46.022157624934785,19492.87650075692,0.3732660846278633,0.6267339153721367,0.6867026307784043,1.0565552003259917
1.9046426426426426,47738.829883828505,45.82722947424601,10051.06894357771,32782.20237645164,50455.60649175363,45.947417779197416,17673.404115301986,0.35027631900907774,0.6497236809909223,50658.28464303615,45.95612302430298,17876.08226658451,0.3528757910487576,0.6471242089512425,52323.037734921294,46.02633537482413,19540.835358469652,0.37346523069756254,0.6265347693024375,0.6866989085452342,1.0569091579022014
1.9071441441441441,47815.72050833965,45.830724146242865,10067.206937121675,32834.837471611965,50553.806454374644,45.95163993177524,17718.96898276268,0.35049722712283277,0.6495027728771672,50756.75079716648,45.96033968908499,17921.913325554517,0.35309418046032637,0.6469058195396736,52423.69032668866,46.03050857235086,19588.852855076693,0.3736641341539456,0.6263358658460544,0.686695444982057,1.0572632999550313
1.9096456456456457,47892.63051921633,45.83421408209047,10083.352635851385,32887.497697727,50652.09018684468,45.95585748208678,17764.592489117684,0.3507178563330342,0.6492821436669658,50855.30072114584,45.96455175851537,17967.80302341884,0.3533122952500359,0.6466877047499642,52524.42668830505,46.034677228317015,19636.928990578053,0.37386279544009493,0.6261372045599051,0.6866922393108329,1.0576176258792291
1.912147147147147,47969.55988421617,45.837699294116945,10099.506039766837,32940.18305479673,50750.45768916374,45.960070441006565,17810.274634367008,0.3509382071675359,0.6490617928324641,50953.93441497421,45.96875924345561,18013.751360177477,0.3535301359355607,0.6464698640644393,52625.24681977046,46.03884135348426,19685.063764973725,0.3740612149980143,0.6259387850019857,0.6866892907565599,1.057972135071904
1.9146486486486485,48046.50857118843,45.841179794603356,10115.667148868031,32992.89354282117,50848.908961331836,45.96427881936869,17856.015418510666,0.35115828015286055,0.6488417198471395,51052.651878651624,45.97296215472677,18059.758335830455,0.35374770303327563,0.6462522969667244,52726.15072108491,46.04300095857411,19733.25717826374,0.3742593932686331,0.6257406067313669,0.6866865985472602,1.058326826932517
1.91715015015015,48123.4765480737,45.84465559578395,10131.83596315497,33045.62916180032,50947.44400334895,45.96848262796701,17901.81484154863,0.3513780758142034,0.6486219241857967,51151.45311217806,45.977160503109744,18105.823950377737,0.3539649970582581,0.6460350029417419,52827.13839224839,46.04715605426816,19781.509230448064,0.3744573306918081,0.6255426693081919,0.6866841619139648,1.058681700862867
1.9196516516516515,48200.46378290341,45.84812670984637,10148.012482627655,33098.389911734186,51046.062815215104,45.97268187755542,17947.672903480918,0.3515975946754374,0.6484024053245626,51250.33811555353,45.98135429934542,18151.948203819346,0.35418201852429465,0.6458179814757053,52928.20983326089,46.05130665120821,19829.8199215267,0.374655027706328,0.6253449722936719,0.6866819800907,1.0590367562670844
1.922153153153153,48277.47024379966,45.85159314893191,10164.19670728608,33151.17579262276,51144.76539693028,45.97687657884792,17993.58960430752,0.3518168372591166,0.6481831627408834,51349.306888778025,45.98554355413489,18198.131096155266,0.3543987679438828,0.6456012320561172,53029.365044122416,46.055452759996584,19878.189251499658,0.3748524847499166,0.6251475152500834,0.6866800523144728,1.0593919925516162
1.9246546546546546,48354.49589897475,45.855054925135754,10180.38863713025,33203.98680446603,51243.55174849448,45.98106674251895,18039.564944028447,0.3520358040864809,0.6479641959135192,51448.35943185154,45.98972827813968,18244.372627385506,0.35461524582823656,0.6453847541717634,53130.60402483298,46.05959439119621,19926.61722036695,0.3750497022592355,0.6249502977407645,0.6866783778252572,1.0597474091252184
1.927156156156156,48431.5407167309,45.85851205050716,10196.588272160165,33256.82294726402,51342.42186990771,45.98525237920349,18085.598922643687,0.3522544956774591,0.6477455043225409,51547.49574477409,45.99390848198193,18290.672797510066,0.35483145268728955,0.6451685473127104,53231.92677539257,46.0637315553309,19975.103828128544,0.37524668066988703,0.624753319330113,0.6866769558659797,1.060103005398943
1.9296576576576576,48508.60466545987,45.86196453704977,10212.795612375823,33309.68422101672,51441.37576116997,45.98943349949734,18131.691540153246,0.3524729125506744,0.6475270874493255,51646.71582754566,45.99808417624459,18337.031606528937,0.3550473890296994,0.6449526109703007,53333.333295801174,46.06786426288552,20023.64907478445,0.3754434204164185,0.6245565795835815,0.6866757856825059,1.0604587807861303
1.9321591591591591,48585.687713642634,45.86541239672174,10229.010657777222,33362.57062572412,51540.41342228125,45.99361011395726,18177.84279655713,0.3526910552234479,0.6473089447765521,51746.01968016627,46.002255371471634,18383.44905444215,0.35526305536285224,0.6447369446371478,53434.82358605882,46.0719925243062,20072.2529603347,0.37563992193232515,0.6243600780676749,0.6866748665236257,1.0608147347023955
1.9346606606606604,48662.78982984909,45.86885564143605,10245.233408364365,33415.48216138623,51639.53485324155,45.9977822331012,18224.052691855322,0.3529089242118018,0.6470910757881981,51845.40730263588,46.00642207816822,18429.925141249652,0.3554784521928648,0.6445215478071352,53536.39764616547,46.0761163500005,20120.915484779238,0.3758361856500517,0.6241638143499483,0.6866741976410409,1.061170866565619
1.937162162162162,48739.91098273761,45.87229428306068,10261.463864137251,33468.41882800304,51738.7400540509,46.00194986740847,18270.321226047854,0.3531265200304655,0.6468734799695345,51944.87869495455,46.010584306800936,18476.459866951503,0.35569358002459134,0.6443064199754087,53638.05547612117,46.080235750337636,20169.636648118125,0.37603221200099873,0.6239677879990013,0.6866737782893505,1.0615271757959384
1.9396636636636635,48817.051141054806,45.87572833341886,10277.702025095885,33521.38062557458,51838.02902470926,46.00611302731995,18316.648399134683,0.35334384319287715,0.6466561568071229,52044.433857122225,46.01474206779796,18523.053231547645,0.35590843936162414,0.6440915606383758,53739.79707592589,46.08435073564867,20218.41645035131,0.376228001415522,0.6237719985844781,0.6866736077260375,1.0618836618157346
1.942165165165165,48894.210273635144,45.879157804289285,10293.947891240256,33574.367554100805,51937.40176521665,46.010271723238276,18363.034211115846,0.3535608942111902,0.6464391057888098,52144.07278913894,46.018895371549256,18569.705235038135,0.35612303070630125,0.6438769692936988,53841.62244557963,46.08846131622668,20267.254891478828,0.3764235543229392,0.6235764456770608,0.6866736852114546,1.062240324049624
1.9446666666666665,48971.388349400644,45.8825827074063,10310.201462570376,33627.37961358176,52036.858275573075,46.014425965528055,18409.478661991314,0.35377767359627504,0.646222326403725,52243.795491004676,46.02304422840678,18616.415877422914,0.3563373545597062,0.6436626454402937,53943.53158508241,46.09256750232696,20316.15197150065,0.37661887115153014,0.6233811288484699,0.6866740100088121,1.0625971619244474
1.947168168168168,49048.585337360506,45.88600305446018,10326.462739086237,33680.41680401741,52136.39855577852,46.018575764516,18455.981751761108,0.3539941818577253,0.6460058181422746,52343.60196271944,46.02718864868464,18663.18515870203,0.356551411421676,0.643448588578324,54045.52449443421,46.09666930416723,20365.1076904168,0.3768139523285423,0.6231860476714577,0.6866745813841628,1.06295417486926
1.9496696696696696,49125.80120661082,45.889418857097326,10342.73172078784,33733.479125407765,52236.022605833,46.02272113049119,18502.543480425236,0.3542104195038603,0.6457895804961397,52443.49220428323,46.03132864265935,18710.01307887547,0.3567652017908022,0.6432347982091978,54147.60117363505,46.10076673192779,20414.122048227284,0.37700879828019235,0.6229912017198076,0.68667539860639,1.0633113623153212
1.9521711711711711,49203.03592633422,45.89283012692045,10359.008407675188,33786.566577752834,52335.7304257365,46.02686207370521,18549.16384798367,0.35442638704172885,0.6455736129582712,52543.466215696055,46.03546422056992,18756.89963794322,0.3569787261644353,0.6430212738355646,54249.7616226849,46.10485979575176,20463.195044932065,0.3772034094316692,0.6227965905683308,0.6866764609471943,1.0636687236960845
1.9546726726726726,49280.28946579954,45.89623687548884,10375.29279974828,33839.67916105261,52435.522015489034,46.03099860437233,18595.84285443642,0.3546420849771145,0.6453579150228854,52643.5239969579,46.039595392618125,18803.844835905285,0.35719198503868965,0.6428080149613103,54352.005841583785,46.108948505745175,20512.326680531172,0.3773977862071384,0.6226022137928616,0.6866777676810788,1.0640262584471876
1.9571741741741742,49357.56179436155,45.89963911431852,10391.584897007115,33892.81687530709,52535.397375090586,46.03513073266974,18642.580499783493,0.3548575138145388,0.6451424861854612,52743.66554806878,46.043722168968664,18850.848672761684,0.35740497890844664,0.6425950210915534,54454.3338303317,46.11303287197728,20561.516955024606,0.3775919290297442,0.6224080709702557,0.6866793180853374,1.064383966006442
1.9596756756756755,49434.852881460545,45.90303685488253,10407.884699451692,33945.97972051628,52635.35650454117,46.039258468737685,18689.376784024884,0.3550726740572649,0.644927325942735,52843.89086902866,46.047844559749336,18897.91114851238,0.35761770826735767,0.6423822917326423,54556.74558892862,46.117112904480635,20610.765868412338,0.37778583832161255,0.6222141616783874,0.6866811114400418,1.0647418458138247
1.962177177177177,49512.1626966221,45.906430108611076,10424.192207082015,33999.16769668019,52735.39940384078,46.04338182267968,18736.231707160594,0.35528756620730195,0.644712433792698,52944.1999598376,46.05196257505122,18945.03226315741,0.3578301736078499,0.64216982639215,54659.24111737459,46.12118861325132,20660.073420694403,0.3779795145038551,0.6220204854961449,0.6866831470280278,1.0650998973114658
1.9646786786786785,49589.4912094567,45.90981888689176,10440.507419898078,34052.38080379879,52835.526072989414,46.047500804562674,18783.145269190623,0.355502190765409,0.644497809234591,53044.59282049555,46.05607622492889,18992.212016696758,0.3580423754211284,0.6419576245788716,54761.82041566959,46.125260008249114,20709.439611870795,0.3781729579965713,0.6218270420034286,0.6866854241348823,1.0654581199436404
1.96718018018018,49666.83838965941,45.913203201069805,10456.830337899888,34105.619041872116,52935.73651198708,46.05161542441724,18830.117470114965,0.35571654823109833,0.6442834517689017,53145.069451002535,46.060185519400534,19039.45040913042,0.35825431419718007,0.6417456858028199,54864.4834838136,46.1293270993977,20758.864441941485,0.37836616921885124,0.6216338307811488,0.6866879420489321,1.0658165131567596
1.9696816816816816,49744.20420700963,45.91658306244827,10473.160961087438,34158.882410900136,53036.030720833776,46.05572569223775,18877.14830993364,0.3559306391026405,0.6440693608973596,53245.62985135855,46.06429046844823,19086.747440458414,0.3584659904247789,0.6415340095752211,54967.23032180665,46.1333898965848,20808.347910906516,0.3785591485887803,0.6214408514112196,0.6866907000612282,1.0661750763993585
1.972183183183183,49821.58863137069,45.91995848228819,10489.499289460735,34212.17091088287,53136.40869952949,46.05983161798257,18924.23778864662,0.35614446387706644,0.6438555361229336,53346.274021563586,46.068391082017996,19134.103110680713,0.35867740459148734,0.6413225954085127,55070.060929648724,46.13744840966241,20857.89001876585,0.37875189652344005,0.62124810347656,0.6866936974655364,1.066533809122088
1.9746846846846846,49898.991632689605,45.923329471808856,10505.845323019774,34265.48454182031,53236.870448074245,46.06393321157418,18971.385906253934,0.35635802305017333,0.6436419769498266,53447.00196161765,46.0724873700201,19181.51741979734,0.3588885571836625,0.6411114428163375,55172.97530733983,46.141502648446895,20907.49076551952,0.37894441343891294,0.6210555865610871,0.6866969335583218,1.0668927107777053
1.9771861861861861,49976.4131809967,45.926696042188,10522.199061764557,34318.82330371247,53337.41596646802,46.06803048289946,19018.592662755553,0.3565713171165265,0.6434286828834734,53547.813671520744,46.07657934232914,19228.990367808277,0.359099448686458,0.640900551313542,55275.97345487996,46.14555262271925,20957.150151167494,0.379136699750284,0.6208633002497159,0.6867004076387386,1.067251780821064
1.9796876876876877,50053.85324640537,45.93005820456198,10538.560505695083,34372.187196559324,53438.04525471082,46.07212344180974,19065.858058151498,0.35678434656946495,0.643215653430535,53648.70915127286,46.08066700878425,19276.521954713535,0.35931007958382877,0.6406899204161712,55379.05537226911,46.14959834222523,21006.868175709787,0.3793287558716451,0.6206712441283548,0.6867041190086154,1.067611018709104
1.9821891891891892,50131.31179911169,45.933415970025976,10554.929654811353,34425.57622036089,53538.75831280265,46.076212098121076,19113.182092441763,0.35699711190110384,0.6430028880988962,53749.68840087401,46.084750379189316,19324.11218051312,0.35952045035853447,0.6404795496414656,55482.2210595073,46.15363981667553,21056.644839146407,0.37952058221609697,0.620479417783903,0.6867080669724446,1.0679704239008432
1.9846906906906905,50208.788809394144,45.93676934963423,10571.306509113363,34478.99037511716,53639.5551407435,46.08029646161434,19160.56476562634,0.35720961360233894,0.6427903863976611,53850.75142032417,46.08882946331306,19371.761045207015,0.35973056149214266,0.6402694385078573,55585.470516594505,46.15767705574594,21106.480141477346,0.37971217919575245,0.6202878208042476,0.6867122508373691,1.0683299958573678
1.987192192192192,50286.28424761332,45.9401183544002,10587.691068601118,34532.42966082814,53740.435738533386,46.084376542035486,19208.00607770525,0.35742185216285055,0.6425781478371495,53951.89820962337,46.092904270889306,19419.46854879523,0.3599404134650334,0.6400595865349666,55688.803743530734,46.161710069077564,21156.374082702598,0.37990354722173925,0.6200964527782608,0.6867166699131704,1.0686897340418229
1.9896936936936935,50363.79808421161,45.943462995296784,10604.083333274619,34585.89407749383,53841.400106172296,46.088452349095604,19255.506028678465,0.3576338280711063,0.6423661719288938,54053.1287687716,46.09697481161708,19467.234691277772,0.36015000675640224,0.6398499932435978,55792.22074031601,46.16573886627694,21206.326662822175,0.3800946867042035,0.6199053132957966,0.6867213235122562,1.069049637919402
1.992195195195195,50441.33028971288,45.946803283256514,10620.483303133862,34639.383625114235,53942.448243660234,46.09252389247122,19303.064618546,0.3578455418143661,0.6421544581856339,54154.44309776886,46.10104109516081,19515.059472654626,0.3603593418442639,0.6396406581557361,55895.7215069503,46.16976345691625,21256.337881836065,0.3802855980523119,0.6197144019476881,0.6867262109496479,1.0694097069573396
1.9946966966966966,50518.88083472217,45.95013922917174,10636.890978178848,34692.89830368934,54043.5801509972,46.09659118180434,19350.68184730786,0.3580569938786856,0.6419430061213144,54255.84119661514,46.10510313115052,19562.9428929258,0.3605684192054564,0.6394315807945435,55999.30604343362,46.17378385053344,21306.40773974428,0.38047628167425535,0.6195237183257446,0.6867313315429692,1.0697699406249013
1.997198198198198,50596.449689925415,45.95347084389483,10653.306358409578,34746.438113219156,54144.795828183196,46.10065422670272,19398.35771496404,0.3582681847489191,0.6417318152510809,54357.323065310455,46.10916092918194,19610.8849520913,0.36077723931564426,0.6392227606843558,56102.974349765966,46.177800056632435,21356.53623654681,0.38066673797725126,0.6193332620227487,0.6867366846124332,1.0701303383933738
1.9996996996996996,50674.03682608913,45.956798138238376,10669.729443826052,34800.00305370368,54246.09527521821,46.104713036739966,19446.092221514533,0.35847911490872386,0.6415208850912761,54458.888703854784,46.11321449881671,19658.885650151104,0.3609858026493218,0.6390141973506782,56206.726425947345,46.181812084683294,21406.723372243665,0.38085696736754693,0.6191430326324531,0.6867422694808315,1.0704908997360565
2.002201201201201,50751.64221406004,45.960121122975366,10686.160234428266,34853.5931251429,54347.47849210225,46.10876762145574,19493.88536695935,0.3586897848405643,0.6413102151594358,54560.53811224815,46.11726384958254,19706.94498710525,0.361194109679818,0.638805890320182,56310.56227197774,46.18581994412234,21456.96914683484,0.38104697025042206,0.618953029749578,0.6867480854735217,1.070851624128254
2.0047027027027027,50829.26582476496,45.9634398088394,10702.59873021623,34907.20832753686,54448.94547883533,46.112817990355886,19541.737151298476,0.35890019502571413,0.6410998049742859,54662.27129049055,46.1213089909734,19755.062962953692,0.3614021608792979,0.6385978391207021,56414.48188785717,46.18982364435239,21507.27356032031,0.3812367470301913,0.6187632529698087,0.6867541319184157,1.0712125110472637
2.007204204204204,50906.90762921026,45.96675420652482,10719.04493118993,34960.84866088549,54550.49623541743,46.11686415291264,19589.64757453194,0.3591103459442625,0.6408896540557375,54764.08823858196,46.12534993244961,19803.23957769647,0.36160995671876905,0.638390043281231,56518.485273585626,46.19382319474282,21557.63661270014,0.38142629811020917,0.6185737018897908,0.6867604081459672,1.0715735599723697
2.0097057057057057,50984.567598481815,45.97006432668699,10735.49883734938,35014.514125188856,54652.130761848566,46.120906118564754,19637.61663665971,0.3593202380751144,0.6406797619248856,54865.988956522415,46.129386683438085,19851.47483133356,0.36181749766808197,0.6381825023319181,56622.57242916312,46.19781860462984,21608.058303974263,0.3816156238928693,0.6183843761071307,0.6867669134891613,1.0719347703848323
2.012207207207207,51062.245703744484,45.9733701799424,10751.96044869457,35068.20472044691,54753.84905812872,46.124943896717674,19685.644337681806,0.35952987189599755,0.6404701281040024,54967.97344431188,46.13341925333245,19899.768723864967,0.3620247841959363,0.6379752158040637,56726.74335458962,46.20180988331658,21658.538634142707,0.3818047247796108,0.6181952752203892,0.6867736472835017,1.07229614176788
2.0147087087087088,51139.941916241994,45.97667177686891,10768.429765225505,35121.92044665969,54855.651124257914,46.12897749674371,19733.73067759822,0.3597392478834637,0.6402607521165363,55070.04170195039,46.13744765149321,19948.121255290695,0.36223181676988275,0.6377681832301173,56830.99804986517,46.205797040073264,21709.07760320548,0.38199360117091913,0.6180063988290809,0.686780608867,1.0726576736067002
2.01721021021021,51217.65620729651,45.9799691280059,10784.906786942181,35175.66130382717,54957.53696023611,46.13300692798217,19781.87565640894,0.3599483665128932,0.6400516334871068,55172.1937294379,46.14147188724793,19996.532425610734,0.3624385958563272,0.6375614041436728,56935.33651498972,46.20978008413741,21759.675211162554,0.3821822534663293,0.6178177465336707,0.6867877975801636,1.0730193653884306
2.019711711711712,51295.38854830848,45.98326224385447,10801.391513844603,35229.42729194936,55059.506566063355,46.13703219973955,19830.079274113996,0.36015722825849883,0.6398427717415012,55274.429526774475,46.145491969891346,20045.002234825115,0.3626451219205344,0.6373548780794657,57039.75874996332,46.213759024713895,21810.331458013963,0.3823706820644291,0.6176293179355709,0.6867952127659843,1.0733812166021501
2.022213213213213,51373.13891075619,45.98655113487762,10817.883945932766,35283.21841102625,55161.559941739615,46.14105332128966,19878.341530713362,0.36036583359332863,0.6396341664066714,55376.74909396004,46.14950790868558,20093.530682933786,0.3628513954266303,0.6371486045733696,57144.26475478593,46.21773387097522,21861.046343759677,0.3825588873628613,0.6174411126371386,0.6868028537699274,1.0737432267388713
2.0247147147147144,51450.907266195616,45.98983581150043,10834.384083206673,35337.034661057856,55263.697087264896,46.14507030187382,19926.66242620704,0.36057418298927,0.63942581701073,55479.15243099464,46.15351971286025,20142.117769936784,0.36305741683760745,0.6369425831623926,57248.85452945757,46.2217046320616,21911.81986839971,0.3827468697583271,0.6172531302416728,0.6868107199399197,1.07410539529153
2.027216216216216,51528.693586260095,45.99311628411023,10850.891925666327,35390.876042044176,55365.91800263923,46.14908315070097,19975.041960595052,0.3607822769170533,0.6392177230829467,55581.63953787829,46.157527391612675,20190.763495834115,0.3632631866153269,0.636736813384673,57353.52807397826,46.22567131708115,21962.652031934085,0.3829346296465886,0.6170653703534115,0.6868188106263381,1.0744677217549778
2.0297177177177175,51606.49784265995,45.996392563056816,10867.40747331172,35444.74255398519,55468.222687862566,46.153091876947855,20023.480133877376,0.36099011584625496,0.639009884153745,55684.21041461094,46.16153095410796,20239.46786062575,0.3634687052205221,0.6365312947794779,57458.28538834794,46.22963393511,22013.54283436275,0.38312216742247085,0.6168778325775292,0.6868271251819995,1.0748302056259738
2.032219219219219,51684.32000718232,45.999664658652584,10883.930726142858,35498.63419688092,55570.61114293495,46.15709648975918,20071.976946054026,0.36119770024530146,0.6388022997546985,55786.86506119264,46.16553040947922,20288.23086431172,0.36367397311280264,0.6363260268871974,57563.126472566684,46.233592495192504,22064.492275685763,0.3833094834798665,0.6166905165201335,0.6868356629621488,1.0751928464031755
2.0347207207207205,51762.160051690844,46.002932581172736,10900.46168415974,35552.55097073136,55673.083367856336,46.16109699824774,20120.532397124975,0.3614050305814723,0.6385949694185278,55889.60347762336,46.1695257668277,20337.052506891996,0.363878990750657,0.636121009249343,57668.051326634435,46.23754700634133,22115.500355903074,0.3834965782117361,0.6165034217882639,0.6868444233244477,1.0755556435871292
2.0372222222222223,51840.017948125365,46.00619634085544,10917.000347362366,35606.49287553651,55775.63936262678,46.16509341149461,20169.14648709027,0.36161210732090465,0.6383878926790953,55992.42566390311,46.17351703522291,20385.932788366597,0.3640837585914569,0.6359162414085431,57773.05995055122,46.24149747753768,22166.56707501471,0.38368345201011317,0.6163165479898868,0.6868534056289637,1.0759185966802647
2.0397237237237236,51917.893668501645,46.009455947902026,10933.546715750732,35660.459911296355,55878.27912724622,46.169085738549256,20217.819215949865,0.36181893092859524,0.6381810690714048,56095.33162003187,46.17750422370282,20434.871708735518,0.36428827709146017,0.6357117229085398,57878.15234431702,46.24544391773138,22217.692433020668,0.38387010526610554,0.6161298947338945,0.6868626092381593,1.076281705186883
2.0422252252252253,51995.78718491109,46.01271141247714,10950.100789324846,35714.45207801092,55981.002661714716,46.1730739884297,20266.550583703793,0.3620255018684051,0.6379744981315949,56198.32134600968,46.18148734127399,20483.869267998758,0.36449254670581366,0.6355074532941863,57983.328507931874,46.24938633584105,22268.87642992095,0.3840565383698982,0.6159434616301018,0.6868720335168822,1.0766449686131516
2.0447267267267266,52073.69846952046,46.015962744708915,10966.662568084701,35768.46937568019,56083.80996603222,46.17705817012269,20315.340590352025,0.3622318206030624,0.6377681793969376,56301.3948418365,46.18546639691169,20532.92546615631,0.36469656788855753,0.6353034321114425,58088.588441395725,46.25332474075429,22320.11906571553,0.3842427517107564,0.6157572482892436,0.686881677832352,1.077008386467094
2.047228228228228,52151.62749457164,46.01920995468918,10983.232052030296,35822.511804304166,56186.70104019875,46.18103829258382,20364.189235894584,0.36243788759416634,0.6375621124058336,56404.55210751235,46.18944139956011,20582.04030320818,0.3649003410926283,0.6350996589073717,58193.93214470861,46.257259141327765,22371.420340404446,0.3844287456770286,0.6155712543229714,0.6868915415541511,1.077371958258582
2.0497297297297297,52229.57423238133,46.02245305247359,10999.809241161642,35876.57936388286,56289.675884214324,46.1850143647377,20413.096520331463,0.3626437033021901,0.6373562966978099,56507.79314303724,46.19341235813244,20631.21377915438,0.3651038667698618,0.6348961332301382,58299.35961787054,46.261189546387385,22422.78025398768,0.38461452065614815,0.6153854793438518,0.686901624054214,1.0777356834993268
2.052231231231231,52307.53865534075,46.02569204808181,11016.394135478726,35930.672054416245,56392.734498078906,46.188986395478054,20462.06244366266,0.3628492681864847,0.6371507318135153,56611.117948411134,46.19737928151107,20680.44589399489,0.3653071453709971,0.6346928546290029,58404.87086088148,46.265115964728466,22474.198806465232,0.38480007703463726,0.6151999229653627,0.6869119247068151,1.0780995617028721
2.0547327327327327,52385.52073591541,46.02892695149768,11032.986734981558,35984.78987590436,56495.87688179254,46.19295439366796,20511.087005888177,0.363054582705282,0.636945417294718,56714.52652363409,46.201342178547705,20729.736647729733,0.36551017734567937,0.6344898226543206,58510.46587374146,46.26903840511584,22525.675997837097,0.38498541519810825,0.6150145848018918,0.6869224428885606,1.0784635923845858
2.057234234234234,52463.520446644754,46.032157772669414,11049.587039670127,36038.93282834716,56599.103035355176,46.19691836813991,20560.170207008014,0.3632596473156987,0.6367403526843013,56818.01886870604,46.20530105806354,20779.08604035888,0.3657129631424634,0.6342870368575366,58616.14465645045,46.27295687628403,22577.21182810329,0.3851705355312679,0.6148294644687321,0.6869331779783755,1.0788277750616506
2.0597357357357358,52541.53776014207,46.03538452150972,11066.195049544445,36093.10091174469,56702.41295876686,46.200878327695975,20609.31204702217,0.36346446247373904,0.636535537526261,56921.594983627045,46.209255928849345,20828.494071882356,0.3659155032088169,0.6340844967911832,58721.90720900849,46.27687138693736,22628.8062972638,0.3853554384179186,0.6146445615820814,0.6869441293574939,1.079192109253057
2.062237237237237,52619.572649093956,46.03860720789599,11082.810764604503,36147.29412609691,56805.806652027546,46.20483428110796,20658.512525930637,0.3636690286342986,0.6363309713657014,57025.25486839705,46.21320679966569,20877.960742300143,0.3661177979911238,0.6338822020088761,58827.75353141554,46.280781945750135,22680.45940531863,0.38554012424096185,0.6144598757590382,0.6869552964094496,1.0795565944795957
2.064738738738739,52697.62508626029,46.04182584167049,11099.434184850308,36201.512471403854,56909.284115137285,46.208786237117565,20707.77164373343,0.3638733462511678,0.6361266537488323,57128.99852301611,46.217153679243026,20927.486051612257,0.36631984793468764,0.6336801520653124,58933.68362367163,46.284688561366764,22732.17115226778,0.38572459338240056,0.6142754066175994,0.6869666785200644,1.079921230263849
2.06724024024024,52775.69504447387,46.04504043264047,11116.065310281852,36255.75594766549,57012.84534809603,46.21273420443648,20757.089400430537,0.36407741577703473,0.6359225842229653,57232.825947484176,46.22109657628182,20977.069999818683,0.3665216534837345,0.6334783465162656,59039.697485776735,46.28859124240191,22783.94153811124,0.38590884622334193,0.614091153776658,0.6869782750774369,1.0802860161301813
2.069741741741742,52853.78249664008,46.04825099057836,11132.704140899144,36310.02455488185,57116.49035090383,46.21667819174655,20806.465796021977,0.3642812376634891,0.6357187623365109,57336.73714180128,46.22503549945279,21026.712586919428,0.3667232150814164,0.6332767849185835,59145.79511773087,46.29248999744058,22835.770562849022,0.38609288314399987,0.6139071168560002,0.6869900854719353,1.0806509516047358
2.072243243243243,52931.887415736725,46.05145752522195,11149.350676702175,36364.3182930529,57220.21912356063,46.22061820769993,20855.90083050773,0.364484812361025,0.635515187638975,57440.7321059674,46.228970457396905,21076.4138129145,0.3669245331698151,0.6330754668301849,59251.97651953403,46.29638483503838,22887.65822648113,0.38627670452369783,0.6137232954763021,0.6870021090961842,1.0810160362154209
2.0747447447447445,53010.00977481376,46.05466004627451,11166.00491769095,36418.63716217867,57324.031666066454,46.22455426091919,20905.394503887786,0.3646881403190444,0.6353118596809556,57544.81083998254,46.23290145872563,21126.173677803876,0.36712560818994405,0.632874391810056,59358.24169118621,46.300275763721515,22939.60452900754,0.3864603107408709,0.613539689259129,0.6870143453450555,1.081381269491906
2.077246246246246,53088.14954699297,46.05785856340499,11182.666863865474,36472.98116225915,57427.92797842133,46.22848635999751,20954.946816162177,0.36489122198586105,0.635108778014139,57648.97334384674,46.23682851202102,21175.992181587586,0.36732644058175307,0.6326735594182469,59464.59063268744,46.304162791987025,22991.609470428288,0.38664370217306926,0.6133562978269307,0.6870267936156584,1.081746650965614
2.0797477477477475,53166.30670546772,46.061053086248144,11199.336515225736,36527.35029329433,57531.90806062521,46.232414513498725,21004.55776733088,0.3650940578087029,0.6349059421912971,57753.21961755994,46.24075162583587,21225.869324265608,0.3675270307841306,0.6324729692158694,59571.02334403768,46.308045928302874,23043.673050743353,0.38682687919696007,0.61317312080304,0.6870394533073291,1.0821121801697111
2.0822492492492493,53244.481223502735,46.064243624404725,11216.013871771742,36581.744555284225,57635.97191267814,46.236338729957566,21054.227357393916,0.3652966482337159,0.6347033517662841,57857.54966112218,46.244670808693854,21275.805105837957,0.3677273792349073,0.6322726207650927,59677.53982523696,46.311925181108116,23095.795269952738,0.38700984218833,0.61299015781167,0.6870523238216211,1.0824778566391018
2.0847507507507506,53322.67307443381,46.06743018744161,11232.698933503492,36636.16394822882,57740.11953458008,46.24025901787971,21103.955586351258,0.36549899370596683,0.6345010062940332,57961.96347453343,46.24858606908964,21325.79952630461,0.3679274863708587,0.6320725136291413,59784.14007628526,46.315800558812995,23147.976128056434,0.38719259152208846,0.6128074084779116,0.6870654045622943,1.0828436799104182
2.0872522522522523,53400.882231667594,46.07061278489197,11249.391700420987,36690.60847212814,57844.350926331055,46.24417538574197,21153.74245420292,0.36570109466944717,0.6342989053305528,58066.461057793735,46.25249741548906,21375.852585665598,0.3681273526277095,0.6318726473722904,59890.824097182594,46.31967206979911,23200.215625054458,0.38737512757226944,0.6126248724277306,0.6870786949353059,1.0832096495220151
2.0897537537537536,53479.1086686812,46.07379142625545,11266.092172524224,36745.07812698215,57948.66608793105,46.248087841992415,21203.5879609489,0.3659029515670761,0.6340970484329239,58171.04241090304,46.2564048563292,21425.96428392089,0.36832697844013546,0.6316730215598646,59997.59188792894,46.32353972241954,23252.513760946786,0.38755745071203457,0.6124425492879654,0.6870921943488011,1.0835757650139624
2.0922552552552554,53557.35235902218,46.076966120998264,11282.800349813206,36799.57291279088,58053.06501938008,46.25199639505048,21253.492106589205,0.36610456484070336,0.6338954351592966,58275.707533861394,46.26030840001856,21476.134621070516,0.36852636424176743,0.6314736357582326,60104.443448524326,46.32740352499897,23304.870535733447,0.38773956131367565,0.6122604386863244,0.6871059022131007,1.0839420259280341
2.0947567567567567,53635.613276307995,46.08013687855344,11299.516232287931,36854.09282955432,58157.547720678136,46.25590105330714,21303.454891123816,0.36630593493111285,0.6336940650688871,58380.45642666877,46.26420805493723,21526.363597114447,0.3687255104651938,0.6312744895348061,60211.378778968734,46.33126348583384,23357.285949414414,0.38792145974861636,0.6120785402513836,0.6871198179406959,1.0843084318077068
2.097258258258258,53713.891394226004,46.08330370832087,11316.239819948396,36908.63787727245,58262.11419182521,46.259801825124995,21353.47631455276,0.36650706227802626,0.6334929377219737,58485.28908932515,46.268103829436896,21576.651212052704,0.3689244175419647,0.6310755824580353,60318.397879262164,46.33511961319243,23409.760001989715,0.38810314638741644,0.6118968536125835,0.6871339409462327,1.0846749821981454
2.0997597597597597,53792.186686533096,46.08646661966753,11332.971112794608,36963.2080559453,58366.76443282133,46.263698718838455,21403.556376876026,0.3667079473201051,0.633292052679895,58590.20552183059,46.27199573184112,21626.997465885288,0.36912308590259363,0.6308769140974064,60425.50074940463,46.338971915315064,23462.292693459327,0.3882846215997722,0.6117153784002278,0.6871482706465075,1.0850416766462012
2.102261261261261,53870.49912705541,46.08962562192765,11349.710110826562,37017.80336557286,58471.49844366645,46.26759174275381,21453.695078093595,0.36690859049495467,0.6330914095050453,58695.20572418503,46.275883770445375,21677.40235861217,0.3693215159765616,0.6306784840234384,60532.68738939612,46.342820400414176,23514.88402382326,0.38846588575452057,0.6115341142454794,0.6871628064604545,1.085408514700401
2.1047627627627628,53948.82868968815,46.09278072440277,11366.456814044263,37072.42380615514,58576.316224360635,46.27148090514942,21503.892418205498,0.3671089922391277,0.6328910077608723,58800.28969638853,46.279767953517194,21727.865890233392,0.3695197081923204,0.6304802918076796,60639.95779923664,46.34666507667447,23567.533993081503,0.3886469392196408,0.6113530607803592,0.6871775478091373,1.0857754959109427
2.107264264264264,54027.17534839529,46.09593193636199,11383.211222447702,37127.0693776921,58681.21777490382,46.27536621427578,21554.148397211713,0.3673091529881265,0.6326908470118735,58905.45743844103,46.283648289296316,21778.388060748926,0.36971766297729486,0.6302823370227052,60747.311978926184,46.35050595225303,23620.24260123408,0.3888277823622577,0.6111722176377423,0.6871924941157385,1.0861426198296846
2.109765765765766,54105.539077209425,46.09907926704208,11399.973336036888,37181.740080183794,58786.20309529604,46.279247678355716,21604.463015112247,0.3675090731764065,0.6324909268235935,59010.70895034257,46.2875247859948,21828.968870158773,0.3699153807578862,0.6300846192421138,60854.749928464764,46.35434303527948,23673.00984828097,0.38900841554864296,0.610991584451357,0.687207644805551,1.086509886010141
2.112267267267267,54183.91985023134,46.1022227256476,11416.743154811815,37236.43591363017,58891.27218553728,46.28312530558446,21654.83627190711,0.36770875323738,0.63229124676262,59116.044232093125,46.29139745179714,21879.608318462953,0.3701128619594759,0.6298871380405241,60962.27164785235,46.358176333856065,23725.83573422218,0.3891888391442188,0.6108111608557812,0.6872229993059683,1.0868772940074738
2.114768768768769,54262.31764162995,46.10536232135111,11433.52067877249,37291.15687803128,58996.42504562756,46.286999104129805,21705.26816759628,0.367908193603418,0.632091806396582,59221.46328369273,46.29526629486044,21930.306405661446,0.3703101070064271,0.6296898929935729,61069.877137088995,46.36200585605783,23778.720259057714,0.3893690535135596,0.6106309464864405,0.6872385570464756,1.0872448433784851
2.11727027027027,54340.732425641894,46.10849806329324,11450.305907918904,37345.90297338709,59101.66167556685,46.29086908213222,21755.75870217976,0.36810739470585446,0.6318926052941455,59326.966105141335,46.299131323314484,21981.063131754243,0.37050711632208916,0.6294928836779108,61177.56639617464,46.36583160993268,23831.663422787547,0.38954905902039466,0.6104509409796054,0.6872543174586397,1.087612533681611
2.1197717717717715,54419.164176571474,46.111629960582924,11467.09884225106,37400.6741996976,59206.982075355176,46.294735247704956,21806.307875657578,0.36830635697498965,0.6316936430250103,59432.55269643897,46.30299254526188,22031.878496741374,0.3707038903288006,0.6292961096711994,61285.33942510931,46.36965360350156,23884.665225411714,0.38972885602761126,0.6102711439723888,0.6872702799760995,1.0879803644769126
2.122273273273273,54497.612868790246,46.114758022297465,11483.899481768964,37455.47055696283,59312.38624499254,46.298597608934216,21856.91568802971,0.36850508084009154,0.6314949191599084,59538.22305758565,46.30684996877821,22082.752500622824,0.37090042944789064,0.6290995705521093,61393.19622389303,46.37347184475857,23937.7256669302,0.3899084448972557,0.6100915551027443,0.6872864440345582,1.0883483353260712
2.1247747747747745,54576.07847673681,46.11788225748273,11500.707826472606,37510.292045182745,59417.874184478904,46.30245617387925,21907.58213929616,0.3687035667294008,0.6312964332705991,59643.97718858134,46.3107036019121,22133.685143398594,0.37109673409968413,0.6289032659003159,61501.13679252575,46.37728634167105,23990.844747343006,0.39008782599053715,0.6099121740094628,0.6873028090717731,1.08871644579238
2.1272762762762762,54654.5609749167,46.121002675153264,11517.523876361998,37565.13866435739,59523.44589381433,46.30631095057247,21958.307229456936,0.3689018150701326,0.6310981849298675,59749.815089426076,46.314553452685416,22184.676425068683,0.37129280470350284,0.6287071952964972,61609.16113100753,46.381097102179766,24044.022466650138,0.39026699966782896,0.609733000332171,0.6873193745275464,1.0890846954407367
2.1297777777777775,54733.06033790196,46.12411928429245,11534.347631437127,37620.01041448674,59629.10137299876,46.31016194701959,22009.090958512024,0.3690998262884803,0.6309001737115197,59855.73676011982,46.318399529093305,22235.726345633084,0.3714886416776699,0.6285113583223302,61717.26923933831,46.38490413419895,24097.258824851575,0.3904459662886719,0.6095540337113281,0.6873361398437162,1.0894530838376373
2.1322792792792793,54811.57654033101,46.12723209385263,11551.179091698006,37674.907295570796,59734.84062203223,46.314009171199736,22059.933326461432,0.3692976008096184,0.6307023991903816,59961.742200662615,46.32224183910438,22286.83490509182,0.37168424543951184,0.6283157545604882,61825.461117518134,46.388707445616504,24150.55382194734,0.39062472621177624,0.6093752737882238,0.6873531044641482,1.0898216105511693
2.1347807807807806,54890.10955690841,46.1303411127553,11568.018257144626,37729.829307609565,59840.66364091472,46.31785263106558,22110.834333305153,0.3694951390577053,0.6305048609422947,60067.831411054416,46.32608039066079,22338.00210344485,0.37187961640536166,0.6281203835946383,61933.73676554698,46.392507044294064,24203.907457937414,0.3908032797950239,0.6091967202049761,0.6873702678347257,1.0901902751510038
2.1372822822822823,54968.65936240458,46.13344634989117,11584.86512777699,37784.77645060304,59946.57042964624,46.32169233454346,22161.7939790432,0.369692441455887,0.630307558544113,60174.00439129526,46.329915191678424,22389.227940692217,0.37207475499056253,0.6279252450094375,62042.09618342486,46.39630293806714,24257.319732821816,0.3909816273954714,0.6090183726045286,0.6873876294033409,1.0905590772083895
2.1397837837837836,55047.2259316556,46.13654781412038,11601.719703595094,37839.74872455122,60052.560988226774,46.32552828953345,22212.812263675558,0.36988950842629925,0.6301104915737007,60280.26114138511,46.33374625004691,22440.512416833895,0.3722696616094696,0.6277303383905304,62150.539371151746,46.40009513474523,24310.79064660053,0.3911597693693517,0.6088402306306483,0.6874051886198863,1.0909280162961452
2.1422852852852854,55125.80923956294,46.139645514272544,11618.581984598946,37894.74612945411,60158.635316656364,46.32936050390958,22263.88918720225,0.37008634039007127,0.6299136596099287,60386.601661324006,46.33757357362982,22491.855531869893,0.37246433667545364,0.6275356633245464,62259.066328727684,46.40388364211195,24364.32019927357,0.39133770607207685,0.6086622939279231,0.6874229449362467,1.0912970919886549
2.1447867867867867,55204.40926109329,46.14273945914702,11635.451970788537,37949.768665311705,60264.793414934946,46.33318898551984,22315.02474962324,0.37028293776732807,0.6297170622326719,60493.02595111192,46.341397170264784,22543.257285800217,0.3726587806009041,0.6273412193990959,62367.677056152635,46.407668467925134,24417.90839084093,0.39151543785824033,0.6084845621417596,0.6874408978062875,1.0916663038618564
2.147288288288288,55283.02597127822,46.14582965751292,11652.329662163873,38004.816332124006,60371.03528306257,46.337013742186386,22366.218950938564,0.37047930097719445,0.6295206990228055,60599.53401074886,46.345217047763555,22594.717678624853,0.3728529937972313,0.6271470062027686,62476.37155342661,46.411449619916965,24471.555221302602,0.3916929650816193,0.6083070349183807,0.6874590466858499,1.092035651493241
2.1497897897897897,55361.659345214095,46.148916118109334,11669.215058724954,38059.889129891024,60477.36092103923,46.34083478170562,22417.471791148208,0.37067543043779677,0.6293245695622032,60706.12584023484,46.3490332139122,22646.236710343816,0.3730469766748701,0.6269530233251299,62585.149820549625,46.41522710579409,24525.2606906586,0.39187028809517704,0.6081297119048229,0.6874773910327387,1.0924051344618408
2.152291291291291,55440.30935806168,46.15199884964541,11686.108160471777,38114.98705861274,60583.770328864906,46.34465211184829,22468.783270252163,0.3708713265662668,0.6291286734337331,60812.80143956983,46.35284567647113,22697.814380957083,0.3732407296432822,0.6267592703567179,62694.011857521655,46.4190009332377,24579.02479890891,0.39204740725106535,0.6079525927489347,0.687495930306716,1.0927747523482263
2.154792792792793,55518.97598504604,46.15507786080052,11703.008967404345,38170.11011828917,60690.26350653963,46.34846574035963,22520.15338825046,0.37106698977874464,0.6289330102212554,60919.560808753864,46.35665444317529,22749.45069046469,0.3734342531109597,0.6265657468890403,62802.95766434273,46.422771109903714,24632.847546053556,0.39222432290062675,0.6077756770993732,0.6875146639694911,1.0931445047344979
2.157294294294294,55597.65920145627,46.15815316022436,11719.917479522654,38225.25830892031,60796.84045406336,46.35227567495948,22571.582145143046,0.3712624204903805,0.6287375795096195,61026.40394778691,46.36045952173423,22801.145638866597,0.3736275474854269,0.6263724525145731,62911.987241012816,46.42653764342283,24686.728932092505,0.39240103539439675,0.6075989646056033,0.6875335914847126,1.0935143912042775
2.159795795795796,55676.35898264524,46.161224756537145,11736.833696826709,38280.43163050616,60903.50117143612,46.35608192334239,22623.06954092996,0.37145761911533964,0.6285423808846604,61133.330856668996,46.36426091983225,22852.899226162837,0.37382061317324455,0.6261793868267554,63021.100587531924,46.43030054140068,24740.668957025766,0.39257754508210624,0.6074224549178938,0.6875527123179602,1.0938844113427069
2.162297297297297,55755.075304029364,46.164292658329686,11753.757619316506,38335.630083046715,61010.24565865791,46.3598844931777,22674.61557561119,0.3716525860668036,0.6283474139331964,61240.34153540009,46.36805864512848,22904.711452353375,0.3740134505800113,0.6259865494199887,63130.29770390007,46.4340598114179,24794.667620853354,0.39275385231268417,0.6072461476873158,0.6875720259367354,1.0942545647364368
2.164798798798799,55833.808141088484,46.16735687416353,11770.689246992048,38390.85366654198,61117.07391572874,46.36368339210972,22726.220249186757,0.37184732175697416,0.6281526782430258,61347.43598398024,46.371852705257005,22956.58231743826,0.37420606011036794,0.6257939398896321,63239.57859011726,46.437815461030304,24848.724923575275,0.3929299574342594,0.6070700425657406,0.6875915318104532,1.0946248509736212
2.1673003003003,55912.55746936546,46.17041741257111,11787.628579853332,38446.10238099195,61223.98594264857,46.367478627757805,22777.88356165662,0.3720418265970751,0.6279581734029249,61454.61420240939,46.375643107827,23008.511821417444,0.37439844216799867,0.6256015578320013,63348.943246183444,46.44156749776893,24902.840865191494,0.3931058607941626,0.6068941392058375,0.6876112294104343,1.0949952696439123
2.1698018018018015,55991.323264466155,46.17347428205587,11804.575617900358,38501.37622639663,61330.98173941743,46.37127020771645,22829.605513020804,0.3722361009973563,0.6277638990026436,61561.87619068757,46.37942986042282,23060.499964290946,0.3745905971556353,0.6254094028443646,63458.39167209866,46.44531592914018,24957.015445702033,0.39328156273892956,0.6067184372610704,0.687631118209896,1.0953658203384522
2.1723033033033032,56070.10550205901,46.17652749109238,11821.53036113313,38556.675202756014,61438.06130603535,46.37505813955542,22881.386103279336,0.37243014536709657,0.6275698546329035,61669.2219488148,46.38321297060409,23112.546746058782,0.3747825254750595,0.6252174745249405,63567.923867862926,46.44906076262595,25011.248665106912,0.393457063614303,0.606542936385697,0.6876511976839447,1.0957365026498695
2.1748048048048045,56148.904157874946,46.179577048126475,11838.492809551644,38611.99931007011,61545.22464250226,46.37884243081988,22933.22533243215,0.37262396011460475,0.6273760398853953,61776.651476791034,46.38699244590587,23164.652166720924,0.37497422752710524,0.6250257724728947,63677.5398334762,46.452802005683715,25065.54052340609,0.39363236376523414,0.6063676362347659,0.687671467309567,1.096107316172269
2.1773063063063063,56227.719207707145,46.18262296157539,11855.462963155902,38667.348548338916,61652.47174881822,46.38262308903047,22985.123200479306,0.3728175456472253,0.6271824543527748,61884.16477461632,46.390768293838704,23216.816226277406,0.37516570371166247,0.6248342962883375,63787.239568938516,46.456539665746625,25119.8910205996,0.3938074635358863,0.6061925364641136,0.6876919265656213,1.096478260501228
2.1798078078078076,56306.550627410776,46.185665239827884,11872.440821945902,38722.72291756242,61759.8026249832,46.38640012168342,23037.079707420773,0.373010902371339,0.626989097628661,61991.76184229061,46.39454052188878,23269.038924728186,0.3753569544276787,0.6246430455723213,63897.02307424984,46.46027375022365,25174.300156687415,0.39398236326963604,0.606017636730364,0.6877125749328301,1.0968493352337891
2.1823093093093093,56385.39839290279,46.188703891244344,11889.426385921648,38778.12241774065,61867.21727099722,46.3901735362507,23089.094853256574,0.37320403069236685,0.6267959693076331,62099.44267981395,46.39830913751801,23321.3202620733,0.37554798007316303,0.624452019926837,64006.89034941022,46.46400426649967,25228.767931669572,0.394157063309076,0.6058429366909239,0.687733411893772,1.0972205399684545
2.1848108108108106,56464.262480161706,46.19173892415695,11906.419655083135,38833.54704887357,61974.71568686025,46.393943340180044,23141.16863798668,0.3733969310147723,0.6266030689852278,62207.20728718629,46.40207414816413,23373.660238312725,0.3757387810451882,0.6242612189548118,64116.84139441959,46.46773122193558,25283.294345546026,0.39433156399601677,0.6056684360039832,0.6877544369328731,1.0975918743051785
2.1873123123123124,56543.14286522746,46.194770346869774,11923.42062943037,38888.99681096122,62082.297872572315,46.39770954089514,23193.3010616111,0.3735896037420644,0.6264103962579356,62315.05566440767,46.40583556124085,23426.058853446455,0.37592935773989294,0.624070642260107,64226.87620927802,46.47145462386838,25337.879398316807,0.39450586567148926,0.6054941343285107,0.6877756495363989,1.0979633378453622
2.1898138138138137,56622.03952420105,46.197798167658895,11940.429308963343,38944.471704003554,62189.963828133405,46.40147214579572,23245.49212412985,0.3737820492768013,0.6262179507231987,62422.98781147807,46.40959338413792,23478.51610747452,0.3761197105524864,0.6238802894475136,64336.99479398546,46.47517447961132,25392.523089981907,0.39467996867574745,0.6053200313242526,0.6877970491924464,1.0983349301918477
2.1923153153153154,56700.952433244434,46.20082239477256,11957.445693682062,38999.97172800061,62297.71355354352,46.40523116225761,23297.741825542915,0.3739742680205914,0.6260257319794086,62531.003728397525,46.41334762422122,23531.032000396917,0.37630983987724875,0.6236901601227512,64447.19714854194,46.47889079645398,25447.225420541334,0.3948538733482695,0.6051461266517305,0.6878186353909369,1.0987066509489114
2.1948168168168167,56779.88156858027,46.20384303643129,11974.469783586523,39055.496882952364,62405.54704880266,46.408986597632904,23350.050165850298,0.37416626037409767,0.6258337396259024,62639.10341516597,46.41709828883293,23583.606532213606,0.37649974610753484,0.6235002538924652,64557.48327294743,46.482603581662374,25501.986389995065,0.3950275800277607,0.6049724199722393,0.6878404076236067,1.0990784997222576
2.197318318318318,56858.826906491726,46.20686010082797,11991.501578676725,39111.04716885882,62513.46431391082,46.41273845925002,23402.417145052,0.3743580267370396,0.6256419732629603,62747.28687178345,46.420845385291585,23636.239702924628,0.3766894296357777,0.6233105703642223,64667.853167201945,46.48631284247907,25556.805998343123,0.39520108905215595,0.604798910947844,0.687862365384,1.099450476119012
2.1998198198198198,56937.78842332227,46.20987359612803,12008.54107895268,39166.62258572002,62621.465348868034,46.41648675441385,23454.842763148015,0.3745495675081962,0.6254504324918039,62855.55409824998,46.424588920892184,23688.93151252996,0.3768788908534895,0.6231211091465104,64778.30683130551,46.49001858612328,25611.684245585493,0.39537440075862085,0.6046255992413792,0.6878845081674614,1.0998225797477177
2.202321321321321,57016.7660954754,46.212883530469504,12025.588284414369,39222.22313353589,62729.55015367425,46.42023149040582,23507.327020138364,0.3747408830854093,0.6252591169145907,62963.90509456552,46.428328902906316,23741.68196102963,0.3770681301512666,0.6229318698487334,64888.844265258085,46.49372081979095,25666.621131722197,0.39554751548355555,0.6044524845164445,0.6879068354711263,1.100194810218326
2.204822822822823,57095.7598994145,46.215889911963224,12042.643195061806,39277.84881230649,62837.71872832952,46.423972674484006,23559.86991602303,0.37493197386558513,0.6250680261344149,63072.33986073009,46.432065338582234,23794.491048423602,0.3772571479187893,0.6227428520812107,64999.4654690597,46.4974195506549,25721.616656753213,0.3957204335625948,0.6042795664374052,0.6879293467939162,1.1005671671421944
2.207324324324324,57174.76981166259,46.21889274869286,12059.705810894982,39333.49962203178,62945.97107283378,46.42771031388327,23612.471450802004,0.37512284024469794,0.6248771597553021,63180.858396743686,46.435798235144986,23847.35877471191,0.3774459445448274,0.6225540554551726,65110.170442710325,46.501114785864885,25776.670820678548,0.3958931553306121,0.6041068446693879,0.6879520416365275,1.1009396501320758
2.209825825825826,57253.79580880218,46.2218920487151,12076.77613191391,39389.175562711804,63054.30718718711,46.43144441581529,23665.131624475303,0.3753134826177926,0.6246865173822074,63289.46070260632,46.43952759979648,23900.285139894513,0.3776345204172403,0.6223654795827597,65220.959186210006,46.50480653254775,25831.783623498202,0.3960656811217205,0.6039343188782794,0.6879749195014268,1.1013122588021171
2.212327327327327,57332.83786747495,46.224887820059735,12093.854158118573,39444.87663434651,63162.72707138944,46.43517498746875,23717.85043704293,0.3755039013789876,0.6244960986210124,63398.14677831797,46.44325343971564,23953.27014397146,0.3778228759229824,0.6221771240770175,65331.83169955868,46.50849479780746,25886.95506521217,0.3962380112692759,0.6037619887307241,0.6879979798928404,1.1016849927678498
2.214828828828829,57411.89596438165,46.227880070729775,12110.939889508985,39500.60283693595,63271.23072544081,46.43890203600937,23770.62788850486,0.3756940969214765,0.6243059030785235,63506.91662387866,46.44697576205844,24006.31378694271,0.37801101144810284,0.6219889885518971,65442.78798275641,46.512179588725246,25942.185145820462,0.39641014610587794,0.603589853894122,0.68802122231675,1.1020578516461865
2.2173303303303302,57490.970076281854,46.23086880870162,12128.033326085135,39556.354170480074,63379.81814934118,46.44262556858003,23823.46397886111,0.3758840696375325,0.6241159303624675,63615.77023928835,46.45069457395808,24059.416068808277,0.3781989273777505,0.6218010726222495,65553.82803580313,46.51586091235971,25997.47386532306,0.39658208596337313,0.6034179140366268,0.6880446462808812,1.1024308350554133
2.2198318318318315,57570.06017999373,46.23385404192511,12145.13446784703,39612.13063497891,63488.489343090594,46.446345592300894,23876.358708111686,0.37607381991850986,0.6239261800814901,63724.70762454707,46.454409882525,24112.57698956816,0.3783866240961752,0.6216133759038248,65664.9518586989,46.51953877574691,26052.82122371999,0.3967538311728568,0.6032461688271432,0.6880682512946997,1.1028039426151857
2.2223333333333333,57649.166252393865,46.23683577832365,12162.24331479467,39667.93223043246,63597.244306689056,46.45006211426946,23929.312076256596,0.37626334815484686,0.6237366518451531,63833.72877965485,46.45812169484705,24165.79654922239,0.37857410198673114,0.6214258980132689,65776.15945144372,46.52321318590043,26108.227221011257,0.39692538206467465,0.6030746179353254,0.6880920368694016,1.1031771739465217
2.2248348348348346,57728.288270417084,46.239814025794374,12179.359866928055,39723.75895684072,63706.08304013651,46.4537751415607,23982.32408329579,0.37645265473606804,0.623547345263932,63942.83370461163,46.461830017989556,24219.07474777091,0.3787613614318785,0.6212386385681214,65887.45081403753,46.52688414981154,26163.691857196805,0.39709673896842507,0.6029032610315749,0.688116002517906,1.1035505286717942
2.2273363363363363,57807.42621105617,46.242788792208216,12196.484124247183,39779.6108142037,63815.00554343301,46.457484681227136,24035.394729229316,0.3766417400507884,0.6233582599492117,64052.02239941745,46.46553485899542,24272.411585213755,0.37894840281318753,0.6210515971868125,65998.82594648039,46.53055167444924,26219.215132276688,0.39726790221296227,0.6027320977870377,0.6881401477548486,1.1039240064147302
2.2298378378378376,57886.58005136174,46.245760085410026,12213.61608675205,39835.48780252136,63924.01181657854,46.46119074029896,24088.524014057177,0.37683060448671457,0.6231693955132854,64161.29486407229,46.46923622488522,24325.807061550928,0.3791352265113401,0.62086477348866,66110.28484877227,46.53421576676038,26274.797046250904,0.39743887212639734,0.6025611278736026,0.6881644720965729,1.1042976068003998
2.2323393393393394,57965.749768442016,46.2487279132187,12230.755754442667,39891.38992179376,64033.1018595731,46.464893325784104,24141.711937779342,0.37701924843064744,0.6229807515693526,64270.65109857617,46.47293412265733,24379.261176782413,0.3793218329061319,0.6206781670938681,66221.82752091318,46.53787643366976,26330.437599119425,0.3976096490360998,0.6023903509639003,0.6881889750611251,1.104671329455214
2.2348408408408407,58044.93533946258,46.25169228342731,12247.903127319025,39947.31717202085,64142.275672416676,46.46859244466833,24194.958500395827,0.37720767226848595,0.622792327731514,64380.09110292906,46.47662855928796,24432.77393090821,0.3795082223764764,0.6204917776235236,66333.45396290312,46.541533682080214,26386.136790882272,0.39778023326870143,0.6022197667312985,0.6882136561682439,1.1050451740069172
2.2373423423423424,58124.13674164632,46.25465320380316,12265.058205381125,40003.26955320265,64251.53325510929,46.47228810391539,24248.26370190664,0.37739587638522876,0.6226041236147712,64489.61487713099,46.48031954173132,24486.34532392834,0.3796943953004064,0.6203056046995936,66445.16417474208,46.5451875188727,26441.89462153943,0.3979506251500969,0.6020493748499032,0.6882385149393547,1.1054191400845812
2.2398438438438437,58203.353952273,46.25761068208794,12282.220988628967,40059.24706533915,64360.87460765091,46.47598031046703,24301.627542311762,0.3775838611649771,0.6224161388350229,64599.222421181934,46.484007076919646,24539.975355842784,0.3798803520550765,0.6201196479449235,66556.95815643006,46.54883795090643,26497.71109109091,0.3981208250054464,0.6018791749945536,0.6882635508975635,1.1057932273186029
2.242345345345345,58282.58694867926,46.26056472599784,12299.391477062554,40115.24970843036,64470.299730041574,46.47966907124315,24355.050021611212,0.37777162699093764,0.6222283730090624,64708.91373508191,46.48769117176336,24593.664026651546,0.3800660930167663,0.6199339069832337,66668.83590796706,46.552484985018914,26553.5861995367,0.3982908331591776,0.6017091668408223,0.6882887635676476,1.1061674353406945
2.2448468468468468,58361.83570825837,46.26351534322363,12316.569670681887,40171.27748247629,64579.80862228127,46.483354393141894,24408.53113980498,0.37795917424542463,0.6220408257545754,64818.688818830924,46.49137183315112,24647.411336354635,0.38025161856088247,0.6197483814391175,66780.79742935312,46.5561286280261,26609.519946876826,0.39846064993498814,0.6015393500650119,0.6883141524760493,1.1065417637838804
2.247348348348348,58441.10020845997,46.26646254143082,12333.75556948696,40227.33038747692,64689.40128436998,46.48703628303969,24462.070896893063,0.3781465033098629,0.6218534966901371,64928.54767242895,46.49504906794995,24701.21728495203,0.38043692906196136,0.6195630709380386,66892.84272058819,46.55976888672244,26665.51233311127,0.39863027565584674,0.6013697243441533,0.6883397171508688,1.1069162122824907
2.24984984984985,58520.38042678994,46.26940632825969,12350.94917347778,40283.408423432265,64799.07771630773,46.490714747791415,24515.669292875464,0.37833361456479037,0.6216663854352097,65038.49029587602,46.49872288300526,24755.081872443756,0.3806220248936718,0.6193779751063282,67004.9717816723,46.563405767880965,26721.563358240033,0.39879971064399605,0.601200289356004,0.6883654571218576,1.1072907804721563
2.252351351351351,58599.67634081018,46.27234671132548,12368.150482654339,40339.51159034231,64908.83791809449,46.49438979423044,24569.326327752184,0.37852050838986057,0.6214794916101395,65148.516689172095,46.502393285141046,24809.005098829788,0.3808069064288171,0.6191930935711829,67117.1846126054,46.567039278253446,26777.673022263094,0.3989689552209544,0.6010310447790456,0.6883913719204099,1.1076654679898028
2.254852852852853,58678.987928138464,46.27528369821848,12385.359497016647,40395.63988820708,65018.6818897303,46.49806142916874,24623.042001523223,0.3787071851638449,0.6212928148361551,65258.626852317226,46.506060281159904,24862.986964110147,0.380991574039338,0.6190084259606621,67229.48121338757,46.570669424570404,26833.84132518049,0.39913800970751806,0.600861990292482,0.6884174610795574,1.108040274473646
2.257354354354354,58758.31516644812,46.27821729650408,12402.576216564692,40451.79331702653,65128.60963121512,46.50172965939698,24676.81631418859,0.3788936452646362,0.6211063547353638,65368.82078531136,46.509723877843136,24917.027468284832,0.3811760280963151,0.6188239719036849,67341.86158401874,46.57429621354126,26890.06826699221,0.3993068744237631,0.6006931255762369,0.6884437241339607,1.1084151995631852
2.259855855855856,58837.65803346797,46.28114751372294,12419.800641298487,40507.971876800715,65238.621142548975,46.50539449168461,24730.64926574826,0.3790798890692495,0.6209201109307505,65479.09848815453,46.51338408195086,24971.126611353815,0.3813602689699707,0.6186397310300292,67454.32572449895,46.57791965185439,26946.353847698236,0.3994755496890469,0.6005244503109531,0.6884701606199046,1.1087902428991994
2.262357357357357,58917.01650698211,46.28407435739108,12437.03277121802,40564.17556752959,65348.71642373186,46.50905593277996,24784.540856202264,0.3792659169538268,0.6207340830461732,65589.45996084673,46.51704090022209,25025.28439331713,0.38154429702967274,0.6184557029703273,67566.8736348282,46.58153974617722,27002.698067298603,0.39964403582201147,0.6003559641779885,0.6884967700752878,1.1091654041237398
2.264858858858859,58996.39056482969,46.28699783499997,12454.2726063233,40620.40438921319,65458.895474763776,46.5127139894103,24838.491085550588,0.3794517292936377,0.6205482707063623,65699.90520338796,46.52069433937483,25079.500814174768,0.3817281126439356,0.6182718873560644,67679.50531500646,46.58515650315637,27059.100925793275,0.3998123331405838,0.6001876668594163,0.6885235520396187,1.1095406828801262
2.2673603603603603,59075.78018490472,46.28991795401667,12471.52014661432,40676.65834185148,65569.1582956447,46.516368668282,24892.499953793216,0.37963732646308274,0.6203626735369172,65810.4342157782,46.52434440610614,25133.775873926716,0.3819117161804235,0.6180882838195765,67792.22076503374,46.58876992941765,27115.56242318226,0.39998044196197924,0.6000195580380208,0.6885505060540079,1.1099160788129412
2.2698618618618616,59155.18534515591,46.29283472188388,12488.775392091084,40732.93742544448,65679.50488637465,46.520019976080526,24946.56746093017,0.3798227088356963,0.6201772911643036,65921.04699801747,46.52799110709227,25188.10957257299,0.38209510800595303,0.617904891994047,67905.01998491006,46.59238003156622,27172.082559465583,0.400148362602703,0.599851637397297,0.688577631661161,1.1102915915680247
2.2723633633633633,59234.60602358649,46.29574814602009,12506.038342753596,40789.2416399922,65789.93524695365,46.52366791947061,25000.693606961453,0.3800078767841482,0.6199921232158518,66031.74355010579,46.531634448988704,25242.50191011359,0.3822782884864949,0.6177217115135051,68017.9029746354,46.59598681618665,27228.661334643206,0.40031609537855145,0.5996839046214485,0.6886049284053721,1.110667220792469
2.2748648648648646,59314.04219825395,46.29865823381969,12523.308998601846,40845.57098549462,65900.44937738165,46.52731250509629,25054.878391887032,0.38019283068024673,0.6198071693197533,66142.52387204311,46.535274438430285,25296.95288654849,0.38246125798717695,0.617538742012823,68130.86973420976,46.59959028984302,27285.29874871514,0.40048364060461555,0.5995163593953844,0.6886323958325168,1.1110429661346126
2.2773663663663664,59393.493847269965,46.30156499265301,12540.587359635843,40901.92546195175,66011.04727765871,46.53095373958102,25109.12181570696,0.38037757089494145,0.6196224291050585,66253.38796382949,46.53891108203128,25351.462501877737,0.38264401687228683,0.6173559831277131,68243.92026363318,46.60319045907899,27341.994801681423,0.40065099859528186,0.5993490014047181,0.6886600334900456,1.111418827244037
2.2798678678678677,59472.960948800115,46.3044684298665,12557.873425855581,40958.30506936359,66121.72894778478,46.53459162952774,25163.423878421192,0.3805620977983247,0.6194379022016753,66364.33582546486,46.54254438638546,25406.030756101274,0.3828265655052732,0.6171734344947268,68357.0545629056,46.60678733041791,27398.74949354201,0.40081816966423417,0.5991818303357658,0.6886878409269773,1.1117948037715584
2.2823693693693694,59552.44348106376,46.30736855278279,12575.167197261066,41014.70980773014,66232.49438775989,46.53822618151898,25217.784580029744,0.3807464117596351,0.6192535882403649,66475.36745694929,46.54617435806621,25460.657649219145,0.3830089042487498,0.6169910957512502,68470.27263202706,46.61038091036287,27455.562824296918,0.4009851541244564,0.5990148458755437,0.6887158176938925,1.1121708953692255
2.2848708708708707,59631.9414223338,46.31026536870079,12592.468673852289,41071.13967705138,66343.343597584,46.54185740211694,25272.203920532615,0.38093051314725934,0.6190694868527407,66586.48285828272,46.549801003626634,25515.343181231336,0.3831910334644965,0.6168089665355035,68583.57447099753,46.61397120539684,27512.434793946144,0.401151952288234,0.598848047711766,0.688743963342926,1.112547101690313
2.2873723723723725,59711.45475093661,46.313158884895806,12609.77785562926,41127.59467732735,66454.27657725716,46.545485297863564,25326.681899929805,0.38111440232873484,0.6188855976712652,66697.6820294652,46.55342432959955,25570.087352137845,0.38337295351346223,0.6166270464865378,68696.96007981704,46.6175582219827,27569.36540248969,0.40131856446715586,0.5986814355328441,0.6887722774277618,1.112923422389316
2.2898738738738738,59790.983445251615,46.31604910861963,12627.094742591973,41184.07480855803,66565.29332677933,46.549109875280664,25381.2185182213,0.3812980796707523,0.6187019203292478,66808.96497049669,46.557044342497704,25624.89016193866,0.3835546647557673,0.6164453352442326,68810.42945848557,46.62114196656337,27626.35464992754,0.40148499097211654,0.5985150090278835,0.6888007595036257,1.113299857121947
2.292375375375375,59870.527483711434,46.31893604710065,12644.419334740429,41240.5800707434,66676.39384615053,46.55273114086995,25435.81377540713,0.3814815455391583,0.6185184544608417,66920.33168137721,46.56066104881374,25679.751610633808,0.38373616755070633,0.6162638324492936,68923.98260700313,46.624722445561865,27683.402536259724,0.40165123211331827,0.5983487678866818,0.688829409127278,1.1136764055451278
2.294876876876877,59950.08684480144,46.32181970754393,12661.751632074627,41297.11046388349,66787.57813537077,46.55634910111316,25490.467671487284,0.38166480029895716,0.6183351997010428,67031.78216210677,46.56427445502037,25734.671698223283,0.38391746225674955,0.6160825377432505,69037.61952536972,46.62829966538139,27740.509061486235,0.40181728820027235,0.5981827117997277,0.6888582258570083,1.1140530673169866
2.297378378378378,60029.66150705966,46.32470009713134,12679.09163459457,41353.665987978275,66898.84619444003,46.55996376247212,25545.18020646176,0.38184784431431373,0.6181521556856863,67143.31641268534,46.567884567570374,25789.650424707062,0.38409854923154557,0.6159014507684544,69151.34021358532,46.63187363240543,27797.67422560705,0.4019831595418013,0.5980168404581987,0.6888872092526286,1.114429842096853
2.29987987987988,60109.25144907668,46.327577223021635,12696.43934230026,41410.24664302779,67010.19802335833,46.56357513138883,25599.951380330538,0.3820306779485555,0.6179693220514445,67254.93443311297,46.57149139289679,25844.687790085176,0.3842794288319244,0.6157205711680757,69265.14467164999,46.6354443529978,27854.8980286222,0.40214884644604115,0.5978511535539588,0.688916358875467,1.1148067295452513
2.302381381381381,60188.8566494953,46.33045109235053,12713.79475519169,41466.852429032006,67121.63362212564,46.56718321428556,25654.78119309363,0.3822133015641758,0.6177866984358241,67366.63622338958,46.5750949374129,25899.783794357572,0.3844601014138986,0.6155398985861014,69379.03289956364,46.63901183350279,27912.18047053163,0.40231434922044274,0.5976856507795573,0.6889456742883605,1.1151837293238975
2.304882882882883,60268.47708701056,46.33332171223085,12731.157873268863,41523.48334599092,67233.15299074198,46.57078801756493,25709.669644751055,0.38239571552283563,0.6176042844771643,67478.42178351525,46.578695207512354,25954.93843752433,0.38464056733266744,0.6153594326673325,69493.00489732635,46.64257608024519,27969.521551335427,0.4024796681717748,0.5975203318282253,0.6889751550556489,1.1155608410956925
2.307384384384384,60348.112740369324,46.33618908975258,12748.52869653178,41580.139393904545,67344.75612920735,46.57438954760997,25764.616735302807,0.3825779201853657,0.6174220798146343,67590.29111348993,46.582292209569275,26010.15171958539,0.38482082694261666,0.6151791730573833,69607.06066493806,46.646137099530385,28026.92127103352,0.40264480360612365,0.5973551963938764,0.6890048007431703,1.11593806452472
2.309885885885886,60427.763588370355,46.33905323198299,12765.907224980441,41636.82057277289,67456.44303752175,46.57798781078422,25819.622464748856,0.38275991591176894,0.6172400840882311,67702.24421331365,46.58588594993827,26065.423640540757,0.3850008805973228,0.6149991194026772,69721.20020239882,46.649694897644466,28084.379629625924,0.40280975582889716,0.5971902441711028,0.6890346109182521,1.1163153992762376
2.3123873873873872,60507.42960986392,46.34191414596671,12783.293458614842,41693.52688259592,67568.21371568517,46.58158281343184,25874.686833089247,0.3829417030612242,0.6170582969387758,67814.28108298639,46.58947643495461,26120.754200390467,0.38518072864955555,0.6148192713504445,69835.4235097086,46.65324948085428,28141.896627112685,0.40297452514482657,0.5970254748551734,0.689064585149706,1.1166928450166755
2.314888888888889,60587.11078375178,46.344771838725855,12800.687397434993,41750.25832337369,67680.06816369764,46.58517456187763,25929.80984032395,0.38312328199208623,0.6168767180079138,67926.40172250816,46.59306367093422,26176.143399134475,0.385360371451278,0.614639628548722,69949.73058686742,46.65680085540751,28199.472263493728,0.40313911185796597,0.596860888142034,0.6890947230078225,1.1170704014136295
2.3173903903903903,60666.80708898687,46.34762631726007,12818.089041440882,41807.01489510614,67792.0063815591,46.58876306242715,25984.991486452956,0.3833046530618902,0.6166953469381098,68038.60613187896,46.59664766417381,26231.591236772816,0.3855398093536518,0.6144601906463483,70064.12143387523,46.660349027532774,28257.10653876909,0.4033035162716975,0.5966964837283025,0.6891250240643629,1.1174480681358572
2.3198918918918916,60746.518504573316,46.35047758854669,12835.498390632516,41863.79659779331,67904.0283692696,46.592348321366785,26040.231771476283,0.3834858166273528,0.6165141833726472,68150.89431109877,46.60022842095094,26287.097713305462,0.38571904270703683,0.6142809572929632,70178.5960507321,46.6638940034397,28314.799452938787,0.403467738688731,0.596532261311269,0.6891554878925544,1.117825844853272
2.3223933933933933,60826.245009566046,46.35332565954076,12852.915445009894,41920.60343143519,68016.13412682914,46.59593034496386,26095.53069539395,0.38366677304437535,0.6163332269556246,68263.26626016763,46.60380594752411,26342.662828732435,0.38589807186099545,0.6141019281390045,70293.15443743799,46.667435789319,28372.551006002795,0.4036317794111063,0.5963682205888937,0.6891861140670842,1.1182037312369415
2.3248948948948946,60905.986583070764,46.3561705371752,12870.340204573014,41977.435396031775,68128.3236542377,46.59950913946667,26150.888258205923,0.38384752266804517,0.6161524773319548,68375.7219790855,46.60738025013282,26398.286583053727,0.38607689716429366,0.6139231028357064,70407.7965939929,46.670974391342526,28430.361197961123,0.4037956387401955,0.5962043612598045,0.6892169021640918,1.1185817269590774
2.3273963963963964,60985.74320424374,46.35901222836084,12887.772669321881,42034.29249158307,68240.5969514953,46.603084711104586,26206.30445991223,0.38402806585263893,0.6159719341473611,68488.26146785243,46.61095133499767,26453.968976269352,0.3862555189649036,0.6137444810350964,70522.52252039686,46.67450981566341,28488.230028813785,0.4039593169767046,0.5960406830232954,0.6892478517611651,1.1189598316930363
2.3298978978978977,61065.51485229161,46.36185073998656,12905.212839256486,42091.17471808907,68352.9540186019,46.606657066088104,26261.779300512833,0.3842084029516241,0.6157915970483759,68600.88472646833,46.61451920832043,26509.71000837926,0.3864339376100058,0.6135660623899942,70637.33221664981,46.67804206841609,28546.157498560744,0.40412281442067505,0.5958771855793249,0.6892789624373322,1.1193380451133101
2.3323993993993994,61145.30150647128,46.364686078919334,12922.66071437684,42148.082075549784,68465.39485555756,46.61022621060901,26317.31278000778,0.3843885343176622,0.6156114656823378,68713.59175493331,46.61808387628411,26565.509679383526,0.386612153445992,0.613387846554008,70752.22568275183,46.681571155716384,28604.143607202044,0.40428613137148617,0.5957138686285138,0.6893102337730572,1.1197163668955261
2.3349009009009007,61225.10314608965,46.36751825200436,12940.116294682934,42205.0145639652,68577.91946236222,46.61379215084031,26372.90489839702,0.3845684603026099,0.6154315396973902,68826.38255324728,46.62164534505304,26621.367989282087,0.3867901668184662,0.6132098331815338,70867.20291870282,46.685097083661596,28662.188354737627,0.40444926812785614,0.5955507318721439,0.6893416653502324,1.1200947967164376
2.3374024024024025,61304.91975050354,46.37034726606514,12957.579580174774,42261.97218333533,68690.52783901594,46.617354892936476,26428.555655680604,0.3847481812575226,0.6152518187424775,68939.25712141031,46.625203620772965,26677.284938074976,0.3869679780722481,0.613032021927752,70982.2639245029,46.68861985833061,28720.291741167566,0.4046122249878451,0.5953877750121549,0.6893732567521745,1.120473334253924
2.339903903903904,61384.751299119445,46.37317312790354,12975.050570852356,42318.95493366016,68803.21998551865,46.620914443033364,26484.265051858485,0.3849276975326556,0.6150723024673445,69052.21545942235,46.62875870957111,26733.26052576219,0.38714558755137474,0.6128544124486253,71097.40870015197,46.69213948578388,28778.453766491803,0.4047750022488554,0.5952249977511446,0.6894050075636166,1.1208519791869813
2.342405405405405,61464.597771393484,46.375995844299965,12992.52926671568,42375.9628149397,68915.99590187038,46.62447080724843,26540.033086930678,0.38510700947746707,0.614892990522533,69165.2575672834,46.63231061755624,26789.294752343703,0.38732299559910255,0.6126770044008975,71212.63724565005,46.69565597206364,28836.67443071035,0.4049376002076346,0.5950623997923654,0.689436917370703,1.1212307311957206
2.344906906906907,61544.45914683113,46.37881542201332,13010.015667764748,42432.99582717395,69028.85558807118,46.628023991680706,26595.859760897227,0.3852861174406205,0.6147138825593794,69278.38344499351,46.63585935081877,26845.387617819557,0.3875002025579102,0.6124997974420898,71327.94956099721,46.69916932319383,28894.953733823255,0.4051000191602772,0.5948999808397228,0.6894689857609837,1.121609589961364
2.347408408408408,61624.33540498702,46.38163186778122,13027.50977399956,42490.05397036291,69141.79904412097,46.6315740024109,26651.74507375806,0.3854650217699856,0.6145349782300145,69391.59309255263,46.6394049154308,26901.539122189723,0.3876772087695,0.6123227912304999,71443.34564619337,46.70267954518029,28953.291675830456,0.40526225940222527,0.5947377405977747,0.6895012123234088,1.121988555166237
2.34990990990991,61704.226525464896,46.384445188320015,13045.01158542012,42547.13724450659,69254.82627001981,46.63512084550153,26707.689025513217,0.3856437228126423,0.6143562771873577,69504.8865099608,46.64294731744624,26957.7492654542,0.3878540145748007,0.6121459854251994,71558.82550123855,46.706186644010785,29011.688256731955,0.4054243212282714,0.5945756787717286,0.6895335966483218,1.1223676264937676
2.352411411411411,61784.13248791737,46.387255390324874,13062.521102026414,42604.245649604956,69367.93726576767,46.638664526996905,26763.691616162716,0.3858222209148824,0.6141777790851176,69618.26369721796,46.64648656290083,27014.018047613004,0.38803062031396973,0.6119693796860303,71674.38912613277,46.709690625655064,29070.14347652781,0.40558620493256103,0.594413795067439,0.6895661383274537,1.1227468036284787
2.354912912912913,61864.05327204578,46.39006248046992,13080.038323818459,42661.37918565804,69481.13203136457,46.642205052923266,26819.752845706527,0.38600051642221067,0.6139994835777893,69731.72465432418,46.65002265781226,27070.345468666135,0.38820702632639476,0.6117929736736053,71790.03652087602,46.71319149606498,29128.657335217977,0.4057479108085922,0.5942520891914078,0.6895988369539188,1.1231260862559855
2.3574144144144142,61943.98885760002,46.392866465408254,13097.563250796244,42718.53785266583,69594.41056681047,46.645742429288845,26875.872714144643,0.3861786096793487,0.6138213903206513,69845.2693812794,46.653555608180206,27126.73152861357,0.38838323295069627,0.6116167670493038,71905.76768546828,46.71668926117452,29187.229832802448,0.4059094391492188,0.5940905608507813,0.6896316921222069,1.12350547406299
2.359915915915916,62023.93922437844,46.39566735177211,13115.095882959775,42775.72165062834,69707.77287210543,46.64927666208392,26932.051221477093,0.3863565010302365,0.6136434989697636,69958.89787808366,46.65708541998645,27183.176227455326,0.3885592405247299,0.6114407594752701,72021.58261990958,46.720183926899914,29245.86096928124,0.40607079024665227,0.5939292097533477,0.6896647034281788,1.1238849667372766
2.3624174174174173,62103.904352227524,46.39846514617288,13132.636220309047,42832.930579545544,69821.21894724939,46.652807757280904,26988.288367703848,0.3865341908180343,0.6134658091819657,70072.61014473694,46.66061209919491,27239.6795651914,0.3887350493855884,0.6112649506144116,72137.4813241999,46.723675499139674,29304.550744654363,0.4062319643924633,0.5937680356075367,0.6896978704690605,1.1242645639677091
2.364918918918919,62183.88422104191,46.40125985520123,13150.184262844065,42890.16463941746,69934.7487922424,46.656335720834434,27044.584152824944,0.3867116793851256,0.6132883206148744,70186.40618123926,46.66413565175173,27296.2415418218,0.3889106598696038,0.6110893401303962,72253.46379833926,46.72716398377468,29363.2991589218,0.40639296187758284,0.5936070381224171,0.6897311928434378,1.1246442654442248
2.3674204204204203,62263.878810764116,46.404051485427196,13167.740010564821,42947.42383024408,70048.36240708441,46.659860558681416,27100.93857684033,0.3868889670731182,0.6131110329268818,70300.2859875906,46.667656083585356,27352.86215734652,0.38908607231234943,0.6109139276876506,72369.53004232762,46.73064938666828,29422.10621208354,0.4065537829923047,0.5934462170076953,0.6897646701512494,1.1250240708578296
2.3699219219219216,62343.888101384444,46.406840043400244,13185.303463471324,43004.70815202541,70162.05979177545,46.6633822767411,27157.351639750043,0.38706605422284773,0.6129339457771522,70414.24956379096,46.671173400606605,27409.541411765553,0.3892612870486421,0.610738712951358,72485.68005616503,46.73413171366633,29480.971904139624,0.4067144280262873,0.5932855719737127,0.6897983019937831,1.1254039799005957
2.3724234234234234,62423.91207294078,46.40962553564937,13202.874621563571,43062.01760476145,70275.84094631554,46.66690088091516,27213.82334155409,0.3872429411743791,0.6127570588256209,70528.29690984037,46.67468760870873,27466.27930507892,0.38943630441254456,0.6105636955874555,72601.91383985148,46.73761097059723,29539.896235090026,0.40687489726855464,0.5931251027314454,0.6898320879736688,1.1257839922656558
2.3749249249249247,62503.950705518466,46.412407968683155,13220.45348484156,43119.3521884522,70389.70587070464,46.670416377087776,27270.35368225244,0.38741962826700826,0.6125803717329917,70642.42802573877,46.6781987137675,27523.075837286575,0.3896111247373669,0.6103888752626331,72718.23139338692,46.741087163272105,29598.879204934718,0.4070351910074985,0.5929648089925015,0.6898660276948733,1.1261641076471978
2.3774264264264264,62584.003979250076,46.41518734898992,13238.040053305296,43176.71190309766,70503.65456494279,46.673928771125674,27326.942661845125,0.3875961158392655,0.6124038841607344,70756.64291148624,46.68170672164128,27579.93100838858,0.38978574835567004,0.61021425164433,72834.63271677142,46.74456029748475,29657.920813673758,0.40719530953088084,0.5928046904691192,0.6899001207626958,1.126544325740464
2.3799279279279277,62664.071874315356,46.41796368303772,13255.634326954772,43234.096748697826,70617.68702902994,46.67743806887824,27383.590280332115,0.38777240422891657,0.6122275957710834,70870.94156708271,46.68521163817107,27636.84481838489,0.3899601755992659,0.6100398244007341,72951.11781000491,46.74803037901181,29717.02106130709,0.407355253125834,0.592644746874166,0.6899343667837606,1.1269246462417422
2.3824294294294295,62744.15437094103,46.42073697727449,13273.236305789993,43291.5067252527,70731.80326296613,46.680944276177556,27440.29653771343,0.3879484937729654,0.6120515062270346,70985.32399252823,46.68871346918061,27693.817267275525,0.39013440679922123,0.6098655932007788,73067.68667308748,46.751497413612746,29776.179947834775,0.4075150220788642,0.5924849779211357,0.6899687653660128,1.1273050688483652
2.384930930930931,62824.25144940058,46.42350723812811,13290.845989810956,43348.94183276228,70846.00326675133,46.68444739883847,27497.061433989053,0.3881243848076561,0.6118756151923439,71099.79018782274,46.692212220476435,27750.848355060465,0.39030844228585854,0.6096915577141414,73184.33930601904,46.754961407029995,29835.397473256766,0.40767461667585153,0.5923253833241485,0.6900033161187132,1.1276855932587047
2.3874324324324325,62904.363090014194,46.426274472006455,13308.463379017665,43406.40207122658,70960.28704038559,46.687947442658704,27553.884969159015,0.38830007766847513,0.6116999223315248,71214.34015296632,46.69570789784794,27807.938081739747,0.39048228238875915,0.6095177176112409,73301.07570879965,46.75842236498899,29894.67363757307,0.4078340372020526,0.5921659627979474,0.6900380186524321,1.128066219172168
2.389933933933934,62984.48927314852,46.429038685297556,13326.088473410116,43463.88744064557,71074.65458386885,46.691444413418864,27610.767143223275,0.3884755726901532,0.6115244273098468,71328.9738879589,46.699200507067445,27865.086447313326,0.3906559274367643,0.6093440725632358,73417.89588142926,46.76188029319823,29954.008440783684,0.4079932839421025,0.5920067160578975,0.6900728725790438,1.1284469462891924
2.392435435435435,63064.6299792166,46.431799884369575,13343.721272988309,43521.39794101928,71189.10589720114,46.694938316882556,27667.70795618186,0.388650870206668,0.611349129793332,71443.6913928005,46.7026900538903,27922.293451781217,0.3908293777579779,0.6091706222420221,73534.7998239079,46.76533519734937,30013.401882888626,0.40815235718001586,0.5918476428199841,0.6901078775117219,1.1288277743112425
2.394936936936937,63144.785188677706,46.434558075570976,13361.361777752247,43578.93357234769,71303.64098038248,46.69842915879644,27724.70740803479,0.3888259705512456,0.6111740294487544,71558.49266749115,46.7061765440549,27979.559095143464,0.3910026336797688,0.6089973663202313,73651.78753623558,46.768787083117275,30072.853963887894,0.40831125719918876,0.5916887428008112,0.690143033064933,1.1292087029408044
2.397438438438438,63224.95488203704,46.43731326523057,13379.009987701927,43636.494334630814,71418.25983341281,46.70191694489031,27781.765498782,0.38900087405636263,0.6109991259436374,71673.37771203081,46.709659983282805,28036.883377399994,0.3911756955287714,0.6088243044712286,73768.85901841227,46.77223595616009,30132.36468378146,0.4084699842824002,0.5915300157175998,0.6901783388544332,1.129589731881384
2.39993993993994,63305.13903984576,46.44006545965758,13396.665902837354,43694.08022786865,71532.96245629221,46.70540168087712,27838.882228423558,0.38917558105374933,0.6108244189462506,71788.34652641951,46.713140377278755,28094.266298550858,0.3913485636308899,0.6086514363691101,73886.01427043803,46.7756818221193,30191.934042569374,0.40862853871181465,0.5913714612881854,0.6902137944972613,1.1299708608375012
2.4024414414414412,63385.33764270079,46.44281466514174,13414.32952315852,43751.69125206118,71647.7488490206,46.70888337245309,27896.05759695942,0.3893500918743904,0.6106499081256096,71903.39911065724,46.716617731730786,28151.707858596055,0.3915212383112987,0.6084787616887013,74003.25329231279,46.77912468661983,30251.562040251607,0.40878692076898243,0.5912130792310175,0.6902493996117327,1.1303520895146841
2.404942942942943,63465.55067124461,46.445560887953384,13432.000848665433,43809.32740720844,71762.61901159804,46.712362025297786,27953.291604389604,0.3895244068485277,0.6104755931514723,72018.535464744,46.72009205231027,28209.208057535558,0.39169371989444457,0.6083062801055554,74120.57608403658,46.782564555270056,30311.248676828145,0.408945130734842,0.5910548692651579,0.6902851538174372,1.1307334176194697
2.4074444444444443,63545.77810616514,46.44830413434349,13449.679879358086,43866.988693310384,71877.57294402449,46.715837645074146,28010.584250714106,0.38969852630566254,0.6103014736943374,72133.75558867975,46.72356334467199,28266.766895369365,0.3918660087040496,0.6081339912959504,74237.98264560939,46.786001433661916,30370.993952299003,0.4091031688897222,0.5908968311102778,0.6903210567352304,1.1311148448593944
2.409945945945946,63626.01992819558,46.451044410543794,13467.366615236488,43924.67511036706,71992.61064629999,46.71931023742856,28067.935535932927,0.3898724505745571,0.6101275494254429,72249.05948246457,46.72703161445419,28324.384372097506,0.3920381050631125,0.6079618949368876,74355.47297703123,46.78943532737097,30430.797866664165,0.40926103551334264,0.5907389644866574,0.6903571079872315,1.1314963709429953
2.4124474474474473,63706.276118114336,46.45378172276686,13485.061056300628,43982.386658378426,72107.7321184245,46.72277980799096,28125.34546004607,0.3900461799832374,0.6099538200167626,72364.44714609839,46.730496867278696,28382.060487719966,0.3922100092939108,0.6077899907060892,74473.0470783021,46.79286624195643,30490.660419923675,0.409418730884817,0.5905812691151829,0.6903933071968149,1.1318779955797993
2.4149489489489486,63786.54665674472,46.45651607720613,13502.76320255051,44040.12333734449,72222.93736039803,46.72624636237486,28182.814023053543,0.39021971485899454,0.6097802851410055,72479.91857958125,46.733959108750895,28439.79524223676,0.3923817217180029,0.6076182782819971,74590.70494942198,46.796294182961304,30550.58161207749,0.4095762552826528,0.5904237447173473,0.6904296539886086,1.1322597184803271
2.4174504504504504,63866.831524954956,46.45924748003604,13520.473053986141,44097.88514726529,72338.22637222061,46.72970990617742,28240.341224955322,0.3903930555283866,0.6096069444716133,72595.47378291315,46.73741834445987,28497.58863564786,0.3925532426562296,0.6074467573437704,74708.44659039091,46.79971915591235,30610.561443125625,0.4097336089847542,0.5902663910152458,0.6904661479884866,1.1326415393560834
2.4199519519519517,63947.130703657924,46.46197593741207,13538.190610607511,44155.67208814078,72453.5991538922,46.733170444979535,28297.927065751413,0.390566202317242,0.609433797682758,72711.11275609405,46.74087457997844,28555.44066795327,0.39272457242871706,0.6072754275712829,74826.27200120885,46.803141166320245,30670.599913068072,0.4098907922684238,0.5901092077315763,0.6905027888235644,1.1330234579195542
2.4224534534534534,64027.44417381108,46.46470145547084,13555.91587241463,44213.48415997099,72569.05570541283,46.736627984345866,28355.57154544184,0.39073915555066036,0.6092608444493397,72826.83549912399,46.744327820863234,28613.351339153,0.392895711354878,0.607104288645122,74944.18118187584,46.80656021967959,30730.697021904853,0.4100478054103635,0.5899521945896364,0.6905395761221947,1.133405473884205
2.4249549549549547,64107.77191641627,46.46742404033015,13573.648839407484,44271.321362755894,72684.59602678247,46.74008252982495,28413.274664026576,0.3909119155530147,0.6090880844469854,72942.64201200297,46.747778072654725,28671.32064924707,0.39306665975341426,0.6069333402465857,75062.17413239184,46.80997632146899,30790.852769635945,0.41020464868667667,0.5897953513133233,0.6905765095139612,1.133787586964474
2.4274564564564565,64188.11391251964,46.470143698089124,13591.389511586089,44329.18369649552,72800.22011800116,46.74353408694922,28471.03642150564,0.39108448264795376,0.6089155173520462,73058.53229473096,46.751225340877355,28729.34859823544,0.39323741794231776,0.6067625820576822,75180.25085275689,46.81338947715112,30851.067156261364,0.4103613223728695,0.5896386776271305,0.6906135886296744,1.1341697968757696
2.4299579579579578,64268.470143211394,46.4728604348282,13609.137888950436,44387.07116118985,72915.92797906886,46.74698266123508,28528.85681787901,0.39125685715840386,0.6087431428415961,73174.50634730798,46.754669631039526,28787.435186118128,0.3934079862388739,0.6065920137611261,75298.41134297094,46.81679969217278,30911.340181781088,0.41051782674385257,0.5894821732561474,0.6906508131013666,1.1345521033344668
2.4324594594594595,64348.840589625746,46.47557425660927,13626.893971500527,44444.9837568389,73031.71960998561,46.75042825818301,28586.73585314671,0.39142903940657114,0.6085709605934289,73290.56416973405,46.75811094863372,28845.58041289515,0.3935783649596625,0.6064216350403375,75416.65560303404,46.82020697196498,30971.671846195146,0.410674162073943,0.589325837926057,0.6906881825622865,1.1349345060579026
2.434960960960961,64429.22523294072,46.47828516947573,13644.657759236357,44502.92148344263,73147.59501075135,46.753870883277536,28644.673527308718,0.3916010297139431,0.6083989702860568,73406.7057620091,46.76154929913653,28903.784278566476,0.39374855442055995,0.60625144557944,75534.98363294614,46.82361132194296,31032.06214950351,0.41083032863686536,0.5891696713631347,0.6907256966468942,1.135317004764372
2.4374624624624626,64509.62405437806,46.480993179452554,13662.429252157935,44560.884341001096,73263.55418136615,46.75731054198741,28702.66984036506,0.39177282840129113,0.6082271715987089,73522.93112413323,46.76498468800875,28962.046783132137,0.3939185549367415,0.6060814450632586,75653.3954327073,46.827012747506316,31092.511091706205,0.4109863267057535,0.5890136732942465,0.6907633549908573,1.1356995991731251
2.439963963963964,64590.037035202986,46.48369829254637,13680.208450265254,44618.87232951425,73379.59712182995,46.76074723976558,28760.724792315705,0.39194443578867205,0.6080555642113279,73639.24025610634,46.7684171206954,29020.367926592087,0.39408836682268256,0.6059116331773174,75771.89100231745,46.83041125403899,31153.018672803206,0.41114215655315245,0.5888578434468476,0.6908011572310445,1.1360822890043625
2.442465465465465,64670.464156724214,46.48640051474553,13697.995353558315,44676.88544898212,73495.72383214279,46.764180982049304,28818.83838316067,0.3921158521954304,0.6078841478045697,73755.63315792849,46.77184660262583,29078.747708946372,0.3942579903921617,0.6057420096078383,75890.47034177664,46.83380684690938,31213.584892794526,0.4112978184510195,0.5887021815489806,0.690839103005522,1.136465073979231
2.444966966966967,64750.905400293675,46.489099852020196,13715.78996203712,44734.92369940469,73611.93431230467,46.767611774260175,28877.010612899983,0.3922870779402005,0.6077129220597994,73872.10982959969,46.77527313921374,29137.186130195005,0.39442742595826163,0.6055725740417384,76009.13345108487,46.837199531470404,31274.20975168018,0.41145331267072627,0.5885466873292737,0.6908771919535475,1.136847953819821
2.447468468468468,64831.36074730636,46.4917963103224,13733.592275701672,44792.98708078198,73728.22856231555,46.77103962180422,28935.241481533565,0.39245811334090747,0.6075418866590926,73988.67027111989,46.77869673585728,29195.683190337906,0.3945966738333707,0.6054033261666293,76127.88033024211,46.840589313059525,31334.893249460132,0.41160863948305965,0.5883913605169404,0.6909154237155675,1.1372309282491628
2.44996996996997,64911.83017920036,46.4944898955861,13751.402294551966,44851.07559311398,73844.60658217549,46.77446453007193,28993.53098906151,0.3926289587147713,0.6073710412852287,74105.31448248914,46.782117397939096,29254.238889375156,0.39476573432918693,0.6052342656708131,76246.7109792484,46.84397619699884,31395.635386134418,0.41176379915822436,0.5882362008417756,0.6909537979332089,1.137613996991221
2.4524714714714713,64992.313677456485,46.49718061372731,13769.220018588001,44909.18923640067,73961.06837188442,46.77788650443835,29051.879135483752,0.39279961437830635,0.6072003856216937,74222.04246370739,46.78553513082639,29312.853227306718,0.3949346077567176,0.6050653922432824,76365.6253981037,46.84736018859515,31456.43616170303,0.41191879196584374,0.5880812080341563,0.6909923142492782,1.1379971597708927
2.454972972972973,65072.81122359834,46.49986847064409,13787.045447809784,44967.328010642086,74077.6139314424,46.781305550263106,29110.28592080032,0.3929700806473249,0.6070299193526751,74338.8542147747,46.78894993987096,29371.52620413262,0.39510329442628245,0.6048967055737176,76484.62358680804,46.85074129313996,31517.295576165954,0.412073618174961,0.587926381825039,0.6910309723077539,1.138380416314003
2.4574744744744743,65153.32279919206,46.502553472216704,13804.878582217307,45025.4919158382,74194.24326084941,46.7847216728905,29168.75134501121,0.3931403578369386,0.6068596421630614,74455.74973569102,46.7923618304093,29430.257819852814,0.3952717946475148,0.6047282053524852,76603.70554536139,46.85411951590965,31578.213629523183,0.4122282780540419,0.5877717219459582,0.691069771753783,1.138763766347301
2.459975975975976,65233.84838584617,46.505235624307616,13822.719421810576,45083.68095198904,74310.95636010545,46.78813487764954,29227.275408116417,0.3933104462615604,0.6066895537384396,74572.72902645639,46.79577080776265,29489.048074467355,0.3954401087293645,0.6045598912706355,76722.8712737638,46.85749486216541,31639.19032177476,0.41238277187097555,0.5876172281290244,0.6911087122336764,1.1391472095984567
2.4624774774774774,65314.38796521158,46.507914932761594,13840.567966589584,45141.895119094566,74427.7532292105,46.79154516985402,29285.858110115936,0.3934803462349066,0.6065196537650934,74689.79208707076,46.79917687723702,29547.896967976194,0.3956082369800987,0.6043917630199013,76842.12077201519,46.86086733715338,31700.22565292062,0.41253709989307574,0.5874629001069243,0.6911477933949026,1.1395307457960562
2.4649789789789787,65394.94151898121,46.5105914034058,13858.424216554336,45200.134417154804,74544.63386816459,46.79495255480257,29344.499451009782,0.3936500580699987,0.6063499419300012,74806.93891753413,46.80258004412329,29606.80450037933,0.3957761797073044,0.6042238202926956,76961.45404011563,46.8642369461047,31761.319622960822,0.4126912623870835,0.5873087376129166,0.6911870148860862,1.1399143746696008
2.4674804804804804,65475.509028890156,46.513265042049824,13876.288171704839,45258.398846169766,74661.5982769677,46.79835703777873,29403.19943079794,0.3938195820791652,0.6061804179208349,74924.16951784657,46.80598031369726,29665.770671676808,0.39594393721789023,0.6040560627821098,77080.8710780651,46.86760369423552,31822.472231895335,0.41284525961916707,0.5871547403808329,0.6912263763569998,1.1402980959494995
2.4699819819819817,65556.09047671524,46.51593585448576,13894.159832041078,45316.68840613942,74778.64645561983,46.801758624050976,29461.95804948041,0.3939889185740438,0.6060110814259562,75041.48388800804,46.809377691219694,29724.795481868612,0.39611150981808835,0.6038884901819117,77200.3718858636,46.87096758674712,31883.683479724175,0.41299909185492534,0.5870009081450747,0.6912658774585617,1.1406819093670686
2.4724834834834835,65636.68584427515,46.5186038464883,13912.039197563063,45375.003097063796,74895.77840412103,46.80515731887283,29520.77530705723,0.3941580678655834,0.6058419321344166,75158.88202801853,46.81277218193641,29783.878930954736,0.3962788978134558,0.6037211021865442,77319.95646351113,46.87432862882595,31944.953366447335,0.41315275935938756,0.5868472406406124,0.6913055178428301,1.141065814654526
2.4749849849849848,65717.2951134301,46.52126902381476,13929.926268270789,45433.342918942864,75012.9941224712,46.80855312748284,29579.65120352833,0.39432703026404503,0.605672969735955,75276.36393787804,46.81616379107828,29843.02101893517,0.3964461015088771,0.603553898491123,77439.62481100767,46.87768682564364,32006.281892064806,0.413306262397016,0.586693737602984,0.6913452971629995,1.1414498115449887
2.4774864864864865,65797.91826608183,46.52393139220521,13947.821044164264,45491.70787177666,75130.29361067044,46.81194605510474,29638.58573889378,0.3944958060790053,0.6055041939209946,75393.92961758657,46.81955252386136,29902.22174580991,0.3966131212085654,0.6033868787914346,77559.37692835325,46.88104218235715,32067.669056576582,0.4134596012317069,0.5865403987682931,0.6913852150733951,1.1418338997724697
2.479987987987988,65878.55528417345,46.52659095738249,13965.723525243475,45550.09795556514,75247.67686871869,46.81533610694743,29697.578913153542,0.3946643956193572,0.6053356043806428,75511.57906714414,46.82293838548689,29961.481111578993,0.39677995721606546,0.6032200427839346,77679.21281554786,46.88439470410875,32129.114859982714,0.4136127761267931,0.5863872238732069,0.6914252712294683,1.1422180790718715
2.4824894894894896,65959.2061496892,46.52924772505228,13983.633711508435,45608.513170308346,75365.14389661598,46.81872328820505,29756.63072630763,0.3948327991933119,0.6051672008066881,75629.31228655075,46.826321381141405,30020.7991162424,0.39694660983425384,0.6030533901657461,77799.13247259149,46.887744396026086,32190.619302283143,0.4137657873450433,0.5862342126549567,0.6914654652877937,1.1426023491789872
2.484990990990991,66039.87084465439,46.5319017009032,14001.551602959136,45666.95351600625,75482.69469436226,46.82210760405705,29815.74117835601,0.3950010171084012,0.6049989828915988,75747.12927580636,46.82970151599672,30080.175759800113,0.397113079365342,0.602886920634658,77919.13589948414,46.89109126322228,32252.18238347789,0.4139186351486659,0.5860813648513341,0.6915057969060636,1.1429867098304936
2.4874924924924926,66120.54935113543,46.534552890606854,14019.477199595583,45725.41899265888,75600.32926195761,46.82548905966826,29874.91026929873,0.3951690496714795,0.6048309503285205,75865.03003491103,46.83307879521006,30139.611042252152,0.3972793661108777,0.6027206338891223,78039.22309622585,46.89443531079594,32313.804103566967,0.41407131979930917,0.5859286802006909,0.6915462657430822,1.1433711607639478
2.489993993993994,66201.24165123937,46.537201299817895,14037.41050141777,45783.9096002662,75718.04759940197,46.82886766018889,29934.137999135768,0.3953368971887251,0.6046631028112749,75983.0145638647,46.83645322392407,30199.104963598496,0.3974454703717469,0.6025545296282532,78159.39406281654,46.897776543831256,32375.484462550347,0.4142238415580632,0.5857761584419368,0.6915868714587632,1.1437557017177853
2.492495495495495,66281.947727114,46.53984693417412,14055.3515084257,45842.42533882822,75835.84970669533,46.832243410754664,29993.424367867105,0.3955045599656421,0.6044954400343578,76101.08286266738,46.83982480726688,30258.657523839152,0.3976113924481754,0.6023886075518247,78279.64879925628,46.90111496739803,32437.223460428053,0.4143762006854614,0.5856237993145387,0.6916276137141248,1.144140332431316
2.494996996996997,66362.66756094772,46.54248979929649,14073.300220619378,45900.96620834497,75953.73558383776,46.83561631648682,30052.769375492782,0.39567203830706293,0.604327961692937,76219.23493131912,46.843193550352204,30318.26872297415,0.3977771326397311,0.602222867360269,78399.98730554504,46.90445058655171,32499.02109720007,0.4145283974414814,0.5854716025585186,0.6916684921712852,1.1445250526447202
2.4974984984984983,66443.40113496929,46.545129900789235,14091.256637998795,45959.53220881642,76071.70523082919,46.83898638249218,30112.173022012772,0.3958393325171494,0.6041606674828506,76337.47076981988,46.846559458279316,30377.93856100346,0.39794269124532505,0.6020573087546749,78520.40958168285,46.90778340633351,32560.87737286643,0.4146804320855478,0.5853195679144522,0.6917095064934572,1.1449098620990446
2.5,66524.14843080622,46.54776724421896,14109.22076056396,46018.12334024258,76189.75864766967,46.84235361386322,30171.635307427096,0.39600644289939513,0.6039935571006049,76455.79037816968,46.84992253613317,30437.6670379271,0.3981080685632141,0.6018919314367859,78640.91562766967,46.91111343177042,32622.792287427095,0.414832304876532,0.585167695123468,0.6917506563516167,1.145294760547246
